path,relative_path,suffix,size_bytes
outputs/ultimate_load_refocus/.DS_Store,.DS_Store,,6148
outputs/ultimate_load_refocus/audit/repo_audit.md,audit/repo_audit.md,.md,2323
outputs/ultimate_load_refocus/comparisons/final_leaderboard.csv,comparisons/final_leaderboard.csv,.csv,12078
outputs/ultimate_load_refocus/correlations/mesh_stratified_corrosion_vs_ultimate_load.csv,correlations/mesh_stratified_corrosion_vs_ultimate_load.csv,.csv,1888
outputs/ultimate_load_refocus/correlations/mesh_stratified_corrosion_vs_ultimate_load.png,correlations/mesh_stratified_corrosion_vs_ultimate_load.png,.png,943737
outputs/ultimate_load_refocus/data/specimen_manifest.csv,data/specimen_manifest.csv,.csv,5439
outputs/ultimate_load_refocus/data/specimen_summary_table.csv,data/specimen_summary_table.csv,.csv,26323
outputs/ultimate_load_refocus/data/ultimate_load_modeling_table_all_weeks.csv,data/ultimate_load_modeling_table_all_weeks.csv,.csv,1286797
outputs/ultimate_load_refocus/data/ultimate_load_modeling_table_post_onset.csv,data/ultimate_load_modeling_table_post_onset.csv,.csv,654129
outputs/ultimate_load_refocus/error_audit/best_feature_set_specimen_errors_long.csv,error_audit/best_feature_set_specimen_errors_long.csv,.csv,64871
outputs/ultimate_load_refocus/error_audit/best_feature_set_specimen_errors_wide.csv,error_audit/best_feature_set_specimen_errors_wide.csv,.csv,7140
outputs/ultimate_load_refocus/error_audit/priority_specimens.csv,error_audit/priority_specimens.csv,.csv,7175
outputs/ultimate_load_refocus/error_audit/specimen_error_heatmap.png,error_audit/specimen_error_heatmap.png,.png,470976
outputs/ultimate_load_refocus/error_audit/specimen_error_span.png,error_audit/specimen_error_span.png,.png,268009
outputs/ultimate_load_refocus/error_audit/specimen_error_summary.csv,error_audit/specimen_error_summary.csv,.csv,12285
outputs/ultimate_load_refocus/features/feature_dictionary.csv,features/feature_dictionary.csv,.csv,4413
outputs/ultimate_load_refocus/features/feature_family_inventory.csv,features/feature_family_inventory.csv,.csv,5427
outputs/ultimate_load_refocus/features/image_feature_failures.csv,features/image_feature_failures.csv,.csv,41
outputs/ultimate_load_refocus/features/image_features_rgb_hsv.csv,features/image_features_rgb_hsv.csv,.csv,1069737
outputs/ultimate_load_refocus/mesh_stratified/mesh_4/grouped_cv/balance.png,mesh_stratified/mesh_4/grouped_cv/balance.png,.png,90005
outputs/ultimate_load_refocus/mesh_stratified/mesh_4/grouped_cv/balance_summary.csv,mesh_stratified/mesh_4/grouped_cv/balance_summary.csv,.csv,1510
outputs/ultimate_load_refocus/mesh_stratified/mesh_4/grouped_cv/row_manifest.csv,mesh_stratified/mesh_4/grouped_cv/row_manifest.csv,.csv,426559
outputs/ultimate_load_refocus/mesh_stratified/mesh_4/grouped_cv/selected_best_models/experiments/hsv_only/CatBoost/fold_metrics.csv,mesh_stratified/mesh_4/grouped_cv/selected_best_models/experiments/hsv_only/CatBoost/fold_metrics.csv,.csv,2355
outputs/ultimate_load_refocus/mesh_stratified/mesh_4/grouped_cv/selected_best_models/experiments/hsv_only/CatBoost/summary_metrics.csv,mesh_stratified/mesh_4/grouped_cv/selected_best_models/experiments/hsv_only/CatBoost/summary_metrics.csv,.csv,401
outputs/ultimate_load_refocus/mesh_stratified/mesh_4/grouped_cv/selected_best_models/experiments/hsv_only/CatBoost/terminal_oof_predictions.csv,mesh_stratified/mesh_4/grouped_cv/selected_best_models/experiments/hsv_only/CatBoost/terminal_oof_predictions.csv,.csv,3564
outputs/ultimate_load_refocus/mesh_stratified/mesh_4/grouped_cv/selected_best_models/experiments/metadata_hsv/Ridge/fold_metrics.csv,mesh_stratified/mesh_4/grouped_cv/selected_best_models/experiments/metadata_hsv/Ridge/fold_metrics.csv,.csv,2306
outputs/ultimate_load_refocus/mesh_stratified/mesh_4/grouped_cv/selected_best_models/experiments/metadata_hsv/Ridge/summary_metrics.csv,mesh_stratified/mesh_4/grouped_cv/selected_best_models/experiments/metadata_hsv/Ridge/summary_metrics.csv,.csv,408
outputs/ultimate_load_refocus/mesh_stratified/mesh_4/grouped_cv/selected_best_models/experiments/metadata_hsv/Ridge/terminal_oof_predictions.csv,mesh_stratified/mesh_4/grouped_cv/selected_best_models/experiments/metadata_hsv/Ridge/terminal_oof_predictions.csv,.csv,3576
outputs/ultimate_load_refocus/mesh_stratified/mesh_4/grouped_cv/selected_best_models/experiments/metadata_only/Ridge/fold_metrics.csv,mesh_stratified/mesh_4/grouped_cv/selected_best_models/experiments/metadata_only/Ridge/fold_metrics.csv,.csv,2344
outputs/ultimate_load_refocus/mesh_stratified/mesh_4/grouped_cv/selected_best_models/experiments/metadata_only/Ridge/summary_metrics.csv,mesh_stratified/mesh_4/grouped_cv/selected_best_models/experiments/metadata_only/Ridge/summary_metrics.csv,.csv,406
outputs/ultimate_load_refocus/mesh_stratified/mesh_4/grouped_cv/selected_best_models/experiments/metadata_only/Ridge/terminal_oof_predictions.csv,mesh_stratified/mesh_4/grouped_cv/selected_best_models/experiments/metadata_only/Ridge/terminal_oof_predictions.csv,.csv,3574
outputs/ultimate_load_refocus/mesh_stratified/mesh_4/grouped_cv/selected_best_models/experiments/metadata_rgb/Ridge/fold_metrics.csv,mesh_stratified/mesh_4/grouped_cv/selected_best_models/experiments/metadata_rgb/Ridge/fold_metrics.csv,.csv,2295
outputs/ultimate_load_refocus/mesh_stratified/mesh_4/grouped_cv/selected_best_models/experiments/metadata_rgb/Ridge/summary_metrics.csv,mesh_stratified/mesh_4/grouped_cv/selected_best_models/experiments/metadata_rgb/Ridge/summary_metrics.csv,.csv,405
outputs/ultimate_load_refocus/mesh_stratified/mesh_4/grouped_cv/selected_best_models/experiments/metadata_rgb/Ridge/terminal_oof_predictions.csv,mesh_stratified/mesh_4/grouped_cv/selected_best_models/experiments/metadata_rgb/Ridge/terminal_oof_predictions.csv,.csv,3574
outputs/ultimate_load_refocus/mesh_stratified/mesh_4/grouped_cv/selected_best_models/experiments/metadata_rgb_hsv/CatBoost/fold_metrics.csv,mesh_stratified/mesh_4/grouped_cv/selected_best_models/experiments/metadata_rgb_hsv/CatBoost/fold_metrics.csv,.csv,2323
outputs/ultimate_load_refocus/mesh_stratified/mesh_4/grouped_cv/selected_best_models/experiments/metadata_rgb_hsv/CatBoost/summary_metrics.csv,mesh_stratified/mesh_4/grouped_cv/selected_best_models/experiments/metadata_rgb_hsv/CatBoost/summary_metrics.csv,.csv,418
outputs/ultimate_load_refocus/mesh_stratified/mesh_4/grouped_cv/selected_best_models/experiments/metadata_rgb_hsv/CatBoost/terminal_oof_predictions.csv,mesh_stratified/mesh_4/grouped_cv/selected_best_models/experiments/metadata_rgb_hsv/CatBoost/terminal_oof_predictions.csv,.csv,3591
outputs/ultimate_load_refocus/mesh_stratified/mesh_4/grouped_cv/selected_best_models/experiments/rgb_hsv/CatBoost/fold_metrics.csv,mesh_stratified/mesh_4/grouped_cv/selected_best_models/experiments/rgb_hsv/CatBoost/fold_metrics.csv,.csv,2295
outputs/ultimate_load_refocus/mesh_stratified/mesh_4/grouped_cv/selected_best_models/experiments/rgb_hsv/CatBoost/summary_metrics.csv,mesh_stratified/mesh_4/grouped_cv/selected_best_models/experiments/rgb_hsv/CatBoost/summary_metrics.csv,.csv,398
outputs/ultimate_load_refocus/mesh_stratified/mesh_4/grouped_cv/selected_best_models/experiments/rgb_hsv/CatBoost/terminal_oof_predictions.csv,mesh_stratified/mesh_4/grouped_cv/selected_best_models/experiments/rgb_hsv/CatBoost/terminal_oof_predictions.csv,.csv,3561
outputs/ultimate_load_refocus/mesh_stratified/mesh_4/grouped_cv/selected_best_models/experiments/rgb_only/CatBoost/fold_metrics.csv,mesh_stratified/mesh_4/grouped_cv/selected_best_models/experiments/rgb_only/CatBoost/fold_metrics.csv,.csv,2279
outputs/ultimate_load_refocus/mesh_stratified/mesh_4/grouped_cv/selected_best_models/experiments/rgb_only/CatBoost/summary_metrics.csv,mesh_stratified/mesh_4/grouped_cv/selected_best_models/experiments/rgb_only/CatBoost/summary_metrics.csv,.csv,400
outputs/ultimate_load_refocus/mesh_stratified/mesh_4/grouped_cv/selected_best_models/experiments/rgb_only/CatBoost/terminal_oof_predictions.csv,mesh_stratified/mesh_4/grouped_cv/selected_best_models/experiments/rgb_only/CatBoost/terminal_oof_predictions.csv,.csv,3580
outputs/ultimate_load_refocus/mesh_stratified/mesh_4/grouped_cv/specimen_manifest.csv,mesh_stratified/mesh_4/grouped_cv/specimen_manifest.csv,.csv,17770
outputs/ultimate_load_refocus/mesh_stratified/mesh_7/grouped_cv/balance.png,mesh_stratified/mesh_7/grouped_cv/balance.png,.png,90132
outputs/ultimate_load_refocus/mesh_stratified/mesh_7/grouped_cv/balance_summary.csv,mesh_stratified/mesh_7/grouped_cv/balance_summary.csv,.csv,1510
outputs/ultimate_load_refocus/mesh_stratified/mesh_7/grouped_cv/row_manifest.csv,mesh_stratified/mesh_7/grouped_cv/row_manifest.csv,.csv,374231
outputs/ultimate_load_refocus/mesh_stratified/mesh_7/grouped_cv/selected_best_models/experiments/hsv_only/CatBoost/fold_metrics.csv,mesh_stratified/mesh_7/grouped_cv/selected_best_models/experiments/hsv_only/CatBoost/fold_metrics.csv,.csv,2290
outputs/ultimate_load_refocus/mesh_stratified/mesh_7/grouped_cv/selected_best_models/experiments/hsv_only/CatBoost/summary_metrics.csv,mesh_stratified/mesh_7/grouped_cv/selected_best_models/experiments/hsv_only/CatBoost/summary_metrics.csv,.csv,400
outputs/ultimate_load_refocus/mesh_stratified/mesh_7/grouped_cv/selected_best_models/experiments/hsv_only/CatBoost/terminal_oof_predictions.csv,mesh_stratified/mesh_7/grouped_cv/selected_best_models/experiments/hsv_only/CatBoost/terminal_oof_predictions.csv,.csv,3765
outputs/ultimate_load_refocus/mesh_stratified/mesh_7/grouped_cv/selected_best_models/experiments/metadata_hsv/Ridge/fold_metrics.csv,mesh_stratified/mesh_7/grouped_cv/selected_best_models/experiments/metadata_hsv/Ridge/fold_metrics.csv,.csv,2317
outputs/ultimate_load_refocus/mesh_stratified/mesh_7/grouped_cv/selected_best_models/experiments/metadata_hsv/Ridge/summary_metrics.csv,mesh_stratified/mesh_7/grouped_cv/selected_best_models/experiments/metadata_hsv/Ridge/summary_metrics.csv,.csv,406
outputs/ultimate_load_refocus/mesh_stratified/mesh_7/grouped_cv/selected_best_models/experiments/metadata_hsv/Ridge/terminal_oof_predictions.csv,mesh_stratified/mesh_7/grouped_cv/selected_best_models/experiments/metadata_hsv/Ridge/terminal_oof_predictions.csv,.csv,3738
outputs/ultimate_load_refocus/mesh_stratified/mesh_7/grouped_cv/selected_best_models/experiments/metadata_only/Ridge/fold_metrics.csv,mesh_stratified/mesh_7/grouped_cv/selected_best_models/experiments/metadata_only/Ridge/fold_metrics.csv,.csv,2299
outputs/ultimate_load_refocus/mesh_stratified/mesh_7/grouped_cv/selected_best_models/experiments/metadata_only/Ridge/summary_metrics.csv,mesh_stratified/mesh_7/grouped_cv/selected_best_models/experiments/metadata_only/Ridge/summary_metrics.csv,.csv,409
outputs/ultimate_load_refocus/mesh_stratified/mesh_7/grouped_cv/selected_best_models/experiments/metadata_only/Ridge/terminal_oof_predictions.csv,mesh_stratified/mesh_7/grouped_cv/selected_best_models/experiments/metadata_only/Ridge/terminal_oof_predictions.csv,.csv,3743
outputs/ultimate_load_refocus/mesh_stratified/mesh_7/grouped_cv/selected_best_models/experiments/metadata_rgb/Ridge/fold_metrics.csv,mesh_stratified/mesh_7/grouped_cv/selected_best_models/experiments/metadata_rgb/Ridge/fold_metrics.csv,.csv,2243
outputs/ultimate_load_refocus/mesh_stratified/mesh_7/grouped_cv/selected_best_models/experiments/metadata_rgb/Ridge/summary_metrics.csv,mesh_stratified/mesh_7/grouped_cv/selected_best_models/experiments/metadata_rgb/Ridge/summary_metrics.csv,.csv,405
outputs/ultimate_load_refocus/mesh_stratified/mesh_7/grouped_cv/selected_best_models/experiments/metadata_rgb/Ridge/terminal_oof_predictions.csv,mesh_stratified/mesh_7/grouped_cv/selected_best_models/experiments/metadata_rgb/Ridge/terminal_oof_predictions.csv,.csv,3750
outputs/ultimate_load_refocus/mesh_stratified/mesh_7/grouped_cv/selected_best_models/experiments/metadata_rgb_hsv/CatBoost/fold_metrics.csv,mesh_stratified/mesh_7/grouped_cv/selected_best_models/experiments/metadata_rgb_hsv/CatBoost/fold_metrics.csv,.csv,2310
outputs/ultimate_load_refocus/mesh_stratified/mesh_7/grouped_cv/selected_best_models/experiments/metadata_rgb_hsv/CatBoost/summary_metrics.csv,mesh_stratified/mesh_7/grouped_cv/selected_best_models/experiments/metadata_rgb_hsv/CatBoost/summary_metrics.csv,.csv,417
outputs/ultimate_load_refocus/mesh_stratified/mesh_7/grouped_cv/selected_best_models/experiments/metadata_rgb_hsv/CatBoost/terminal_oof_predictions.csv,mesh_stratified/mesh_7/grouped_cv/selected_best_models/experiments/metadata_rgb_hsv/CatBoost/terminal_oof_predictions.csv,.csv,3744
outputs/ultimate_load_refocus/mesh_stratified/mesh_7/grouped_cv/selected_best_models/experiments/rgb_hsv/CatBoost/fold_metrics.csv,mesh_stratified/mesh_7/grouped_cv/selected_best_models/experiments/rgb_hsv/CatBoost/fold_metrics.csv,.csv,2309
outputs/ultimate_load_refocus/mesh_stratified/mesh_7/grouped_cv/selected_best_models/experiments/rgb_hsv/CatBoost/summary_metrics.csv,mesh_stratified/mesh_7/grouped_cv/selected_best_models/experiments/rgb_hsv/CatBoost/summary_metrics.csv,.csv,399
outputs/ultimate_load_refocus/mesh_stratified/mesh_7/grouped_cv/selected_best_models/experiments/rgb_hsv/CatBoost/terminal_oof_predictions.csv,mesh_stratified/mesh_7/grouped_cv/selected_best_models/experiments/rgb_hsv/CatBoost/terminal_oof_predictions.csv,.csv,3765
outputs/ultimate_load_refocus/mesh_stratified/mesh_7/grouped_cv/selected_best_models/experiments/rgb_only/CatBoost/fold_metrics.csv,mesh_stratified/mesh_7/grouped_cv/selected_best_models/experiments/rgb_only/CatBoost/fold_metrics.csv,.csv,2325
outputs/ultimate_load_refocus/mesh_stratified/mesh_7/grouped_cv/selected_best_models/experiments/rgb_only/CatBoost/summary_metrics.csv,mesh_stratified/mesh_7/grouped_cv/selected_best_models/experiments/rgb_only/CatBoost/summary_metrics.csv,.csv,401
outputs/ultimate_load_refocus/mesh_stratified/mesh_7/grouped_cv/selected_best_models/experiments/rgb_only/CatBoost/terminal_oof_predictions.csv,mesh_stratified/mesh_7/grouped_cv/selected_best_models/experiments/rgb_only/CatBoost/terminal_oof_predictions.csv,.csv,3773
outputs/ultimate_load_refocus/mesh_stratified/mesh_7/grouped_cv/specimen_manifest.csv,mesh_stratified/mesh_7/grouped_cv/specimen_manifest.csv,.csv,18340
outputs/ultimate_load_refocus/mesh_stratified/mesh_feature_set_comparison.csv,mesh_stratified/mesh_feature_set_comparison.csv,.csv,3203
outputs/ultimate_load_refocus/output_manifest.csv,output_manifest.csv,.csv,297751
outputs/ultimate_load_refocus/pooled_all_weeks/.DS_Store,pooled_all_weeks/.DS_Store,,6148
outputs/ultimate_load_refocus/pooled_all_weeks/grouped_cv/.DS_Store,pooled_all_weeks/grouped_cv/.DS_Store,,6148
outputs/ultimate_load_refocus/pooled_all_weeks/grouped_cv/best_model_package/all_rows_fold_predictions.csv,pooled_all_weeks/grouped_cv/best_model_package/all_rows_fold_predictions.csv,.csv,183069
outputs/ultimate_load_refocus/pooled_all_weeks/grouped_cv/best_model_package/all_rows_oof_predictions.csv,pooled_all_weeks/grouped_cv/best_model_package/all_rows_oof_predictions.csv,.csv,109828
outputs/ultimate_load_refocus/pooled_all_weeks/grouped_cv/best_model_package/all_specimen_prediction_trajectories(metadata-only+Ridge).png,pooled_all_weeks/grouped_cv/best_model_package/all_specimen_prediction_trajectories(metadata-only+Ridge).png,.png,701437
outputs/ultimate_load_refocus/pooled_all_weeks/grouped_cv/best_model_package/selected_best_model.csv,pooled_all_weeks/grouped_cv/best_model_package/selected_best_model.csv,.csv,417
outputs/ultimate_load_refocus/pooled_all_weeks/grouped_cv/best_model_package/terminal_specimen_oof_predictions.csv,pooled_all_weeks/grouped_cv/best_model_package/terminal_specimen_oof_predictions.csv,.csv,7096
outputs/ultimate_load_refocus/pooled_all_weeks/grouped_cv/experiments/hsv_only/CatBoost/cv_stability.png,pooled_all_weeks/grouped_cv/experiments/hsv_only/CatBoost/cv_stability.png,.png,60367
outputs/ultimate_load_refocus/pooled_all_weeks/grouped_cv/experiments/hsv_only/CatBoost/error_distribution.png,pooled_all_weeks/grouped_cv/experiments/hsv_only/CatBoost/error_distribution.png,.png,119395
outputs/ultimate_load_refocus/pooled_all_weeks/grouped_cv/experiments/hsv_only/CatBoost/feature_importance.png,pooled_all_weeks/grouped_cv/experiments/hsv_only/CatBoost/feature_importance.png,.png,141192
outputs/ultimate_load_refocus/pooled_all_weeks/grouped_cv/experiments/hsv_only/CatBoost/feature_importance_full_fit.csv,pooled_all_weeks/grouped_cv/experiments/hsv_only/CatBoost/feature_importance_full_fit.csv,.csv,3081
outputs/ultimate_load_refocus/pooled_all_weeks/grouped_cv/experiments/hsv_only/CatBoost/feature_importance_summary.csv,pooled_all_weeks/grouped_cv/experiments/hsv_only/CatBoost/feature_importance_summary.csv,.csv,2761
outputs/ultimate_load_refocus/pooled_all_weeks/grouped_cv/experiments/hsv_only/CatBoost/fold_feature_importance.csv,pooled_all_weeks/grouped_cv/experiments/hsv_only/CatBoost/fold_feature_importance.csv,.csv,44726
outputs/ultimate_load_refocus/pooled_all_weeks/grouped_cv/experiments/hsv_only/CatBoost/fold_metrics.csv,pooled_all_weeks/grouped_cv/experiments/hsv_only/CatBoost/fold_metrics.csv,.csv,2368
outputs/ultimate_load_refocus/pooled_all_weeks/grouped_cv/experiments/hsv_only/CatBoost/learning_curve.png,pooled_all_weeks/grouped_cv/experiments/hsv_only/CatBoost/learning_curve.png,.png,142692
outputs/ultimate_load_refocus/pooled_all_weeks/grouped_cv/experiments/hsv_only/CatBoost/learning_curve_raw.csv,pooled_all_weeks/grouped_cv/experiments/hsv_only/CatBoost/learning_curve_raw.csv,.csv,8376
outputs/ultimate_load_refocus/pooled_all_weeks/grouped_cv/experiments/hsv_only/CatBoost/learning_curve_summary.csv,pooled_all_weeks/grouped_cv/experiments/hsv_only/CatBoost/learning_curve_summary.csv,.csv,1718
outputs/ultimate_load_refocus/pooled_all_weeks/grouped_cv/experiments/hsv_only/CatBoost/partial_dependence.csv,pooled_all_weeks/grouped_cv/experiments/hsv_only/CatBoost/partial_dependence.csv,.csv,3623
outputs/ultimate_load_refocus/pooled_all_weeks/grouped_cv/experiments/hsv_only/CatBoost/partial_dependence.png,pooled_all_weeks/grouped_cv/experiments/hsv_only/CatBoost/partial_dependence.png,.png,285939
outputs/ultimate_load_refocus/pooled_all_weeks/grouped_cv/experiments/hsv_only/CatBoost/prediction_vs_ground_truth.png,pooled_all_weeks/grouped_cv/experiments/hsv_only/CatBoost/prediction_vs_ground_truth.png,.png,113637
outputs/ultimate_load_refocus/pooled_all_weeks/grouped_cv/experiments/hsv_only/CatBoost/residual_analysis.png,pooled_all_weeks/grouped_cv/experiments/hsv_only/CatBoost/residual_analysis.png,.png,123235
outputs/ultimate_load_refocus/pooled_all_weeks/grouped_cv/experiments/hsv_only/CatBoost/summary_metrics.csv,pooled_all_weeks/grouped_cv/experiments/hsv_only/CatBoost/summary_metrics.csv,.csv,412
outputs/ultimate_load_refocus/pooled_all_weeks/grouped_cv/experiments/hsv_only/CatBoost/terminal_fold_predictions.csv,pooled_all_weeks/grouped_cv/experiments/hsv_only/CatBoost/terminal_fold_predictions.csv,.csv,15631
outputs/ultimate_load_refocus/pooled_all_weeks/grouped_cv/experiments/hsv_only/CatBoost/terminal_oof_predictions.csv,pooled_all_weeks/grouped_cv/experiments/hsv_only/CatBoost/terminal_oof_predictions.csv,.csv,7087
outputs/ultimate_load_refocus/pooled_all_weeks/grouped_cv/experiments/hsv_only/CatBoost/uncertainty.png,pooled_all_weeks/grouped_cv/experiments/hsv_only/CatBoost/uncertainty.png,.png,176142
outputs/ultimate_load_refocus/pooled_all_weeks/grouped_cv/experiments/hsv_only/GradientBoosting/cv_stability.png,pooled_all_weeks/grouped_cv/experiments/hsv_only/GradientBoosting/cv_stability.png,.png,56064
outputs/ultimate_load_refocus/pooled_all_weeks/grouped_cv/experiments/hsv_only/GradientBoosting/error_distribution.png,pooled_all_weeks/grouped_cv/experiments/hsv_only/GradientBoosting/error_distribution.png,.png,116615
outputs/ultimate_load_refocus/pooled_all_weeks/grouped_cv/experiments/hsv_only/GradientBoosting/feature_importance.png,pooled_all_weeks/grouped_cv/experiments/hsv_only/GradientBoosting/feature_importance.png,.png,143106
outputs/ultimate_load_refocus/pooled_all_weeks/grouped_cv/experiments/hsv_only/GradientBoosting/feature_importance_full_fit.csv,pooled_all_weeks/grouped_cv/experiments/hsv_only/GradientBoosting/feature_importance_full_fit.csv,.csv,3245
outputs/ultimate_load_refocus/pooled_all_weeks/grouped_cv/experiments/hsv_only/GradientBoosting/feature_importance_summary.csv,pooled_all_weeks/grouped_cv/experiments/hsv_only/GradientBoosting/feature_importance_summary.csv,.csv,2917
outputs/ultimate_load_refocus/pooled_all_weeks/grouped_cv/experiments/hsv_only/GradientBoosting/fold_feature_importance.csv,pooled_all_weeks/grouped_cv/experiments/hsv_only/GradientBoosting/fold_feature_importance.csv,.csv,46322
outputs/ultimate_load_refocus/pooled_all_weeks/grouped_cv/experiments/hsv_only/GradientBoosting/fold_metrics.csv,pooled_all_weeks/grouped_cv/experiments/hsv_only/GradientBoosting/fold_metrics.csv,.csv,2356
outputs/ultimate_load_refocus/pooled_all_weeks/grouped_cv/experiments/hsv_only/GradientBoosting/learning_curve.png,pooled_all_weeks/grouped_cv/experiments/hsv_only/GradientBoosting/learning_curve.png,.png,147655
outputs/ultimate_load_refocus/pooled_all_weeks/grouped_cv/experiments/hsv_only/GradientBoosting/learning_curve_raw.csv,pooled_all_weeks/grouped_cv/experiments/hsv_only/GradientBoosting/learning_curve_raw.csv,.csv,8364
outputs/ultimate_load_refocus/pooled_all_weeks/grouped_cv/experiments/hsv_only/GradientBoosting/learning_curve_summary.csv,pooled_all_weeks/grouped_cv/experiments/hsv_only/GradientBoosting/learning_curve_summary.csv,.csv,1731
outputs/ultimate_load_refocus/pooled_all_weeks/grouped_cv/experiments/hsv_only/GradientBoosting/partial_dependence.csv,pooled_all_weeks/grouped_cv/experiments/hsv_only/GradientBoosting/partial_dependence.csv,.csv,3628
outputs/ultimate_load_refocus/pooled_all_weeks/grouped_cv/experiments/hsv_only/GradientBoosting/partial_dependence.png,pooled_all_weeks/grouped_cv/experiments/hsv_only/GradientBoosting/partial_dependence.png,.png,281587
outputs/ultimate_load_refocus/pooled_all_weeks/grouped_cv/experiments/hsv_only/GradientBoosting/prediction_vs_ground_truth.png,pooled_all_weeks/grouped_cv/experiments/hsv_only/GradientBoosting/prediction_vs_ground_truth.png,.png,117073
outputs/ultimate_load_refocus/pooled_all_weeks/grouped_cv/experiments/hsv_only/GradientBoosting/residual_analysis.png,pooled_all_weeks/grouped_cv/experiments/hsv_only/GradientBoosting/residual_analysis.png,.png,124662
outputs/ultimate_load_refocus/pooled_all_weeks/grouped_cv/experiments/hsv_only/GradientBoosting/summary_metrics.csv,pooled_all_weeks/grouped_cv/experiments/hsv_only/GradientBoosting/summary_metrics.csv,.csv,418
outputs/ultimate_load_refocus/pooled_all_weeks/grouped_cv/experiments/hsv_only/GradientBoosting/terminal_fold_predictions.csv,pooled_all_weeks/grouped_cv/experiments/hsv_only/GradientBoosting/terminal_fold_predictions.csv,.csv,15630
outputs/ultimate_load_refocus/pooled_all_weeks/grouped_cv/experiments/hsv_only/GradientBoosting/terminal_oof_predictions.csv,pooled_all_weeks/grouped_cv/experiments/hsv_only/GradientBoosting/terminal_oof_predictions.csv,.csv,7096
outputs/ultimate_load_refocus/pooled_all_weeks/grouped_cv/experiments/hsv_only/GradientBoosting/uncertainty.png,pooled_all_weeks/grouped_cv/experiments/hsv_only/GradientBoosting/uncertainty.png,.png,181165
outputs/ultimate_load_refocus/pooled_all_weeks/grouped_cv/experiments/hsv_only/RandomForest/cv_stability.png,pooled_all_weeks/grouped_cv/experiments/hsv_only/RandomForest/cv_stability.png,.png,58871
outputs/ultimate_load_refocus/pooled_all_weeks/grouped_cv/experiments/hsv_only/RandomForest/error_distribution.png,pooled_all_weeks/grouped_cv/experiments/hsv_only/RandomForest/error_distribution.png,.png,113302
outputs/ultimate_load_refocus/pooled_all_weeks/grouped_cv/experiments/hsv_only/RandomForest/feature_importance.png,pooled_all_weeks/grouped_cv/experiments/hsv_only/RandomForest/feature_importance.png,.png,139718
outputs/ultimate_load_refocus/pooled_all_weeks/grouped_cv/experiments/hsv_only/RandomForest/feature_importance_full_fit.csv,pooled_all_weeks/grouped_cv/experiments/hsv_only/RandomForest/feature_importance_full_fit.csv,.csv,3241
outputs/ultimate_load_refocus/pooled_all_weeks/grouped_cv/experiments/hsv_only/RandomForest/feature_importance_summary.csv,pooled_all_weeks/grouped_cv/experiments/hsv_only/RandomForest/feature_importance_summary.csv,.csv,2901
outputs/ultimate_load_refocus/pooled_all_weeks/grouped_cv/experiments/hsv_only/RandomForest/fold_feature_importance.csv,pooled_all_weeks/grouped_cv/experiments/hsv_only/RandomForest/fold_feature_importance.csv,.csv,46270
outputs/ultimate_load_refocus/pooled_all_weeks/grouped_cv/experiments/hsv_only/RandomForest/fold_metrics.csv,pooled_all_weeks/grouped_cv/experiments/hsv_only/RandomForest/fold_metrics.csv,.csv,2360
outputs/ultimate_load_refocus/pooled_all_weeks/grouped_cv/experiments/hsv_only/RandomForest/learning_curve.png,pooled_all_weeks/grouped_cv/experiments/hsv_only/RandomForest/learning_curve.png,.png,140601
outputs/ultimate_load_refocus/pooled_all_weeks/grouped_cv/experiments/hsv_only/RandomForest/learning_curve_raw.csv,pooled_all_weeks/grouped_cv/experiments/hsv_only/RandomForest/learning_curve_raw.csv,.csv,8440
outputs/ultimate_load_refocus/pooled_all_weeks/grouped_cv/experiments/hsv_only/RandomForest/learning_curve_summary.csv,pooled_all_weeks/grouped_cv/experiments/hsv_only/RandomForest/learning_curve_summary.csv,.csv,1722
outputs/ultimate_load_refocus/pooled_all_weeks/grouped_cv/experiments/hsv_only/RandomForest/partial_dependence.csv,pooled_all_weeks/grouped_cv/experiments/hsv_only/RandomForest/partial_dependence.csv,.csv,3602
outputs/ultimate_load_refocus/pooled_all_weeks/grouped_cv/experiments/hsv_only/RandomForest/partial_dependence.png,pooled_all_weeks/grouped_cv/experiments/hsv_only/RandomForest/partial_dependence.png,.png,282852
outputs/ultimate_load_refocus/pooled_all_weeks/grouped_cv/experiments/hsv_only/RandomForest/prediction_vs_ground_truth.png,pooled_all_weeks/grouped_cv/experiments/hsv_only/RandomForest/prediction_vs_ground_truth.png,.png,113064
outputs/ultimate_load_refocus/pooled_all_weeks/grouped_cv/experiments/hsv_only/RandomForest/residual_analysis.png,pooled_all_weeks/grouped_cv/experiments/hsv_only/RandomForest/residual_analysis.png,.png,123832
outputs/ultimate_load_refocus/pooled_all_weeks/grouped_cv/experiments/hsv_only/RandomForest/summary_metrics.csv,pooled_all_weeks/grouped_cv/experiments/hsv_only/RandomForest/summary_metrics.csv,.csv,413
outputs/ultimate_load_refocus/pooled_all_weeks/grouped_cv/experiments/hsv_only/RandomForest/terminal_fold_predictions.csv,pooled_all_weeks/grouped_cv/experiments/hsv_only/RandomForest/terminal_fold_predictions.csv,.csv,15587
outputs/ultimate_load_refocus/pooled_all_weeks/grouped_cv/experiments/hsv_only/RandomForest/terminal_oof_predictions.csv,pooled_all_weeks/grouped_cv/experiments/hsv_only/RandomForest/terminal_oof_predictions.csv,.csv,7081
outputs/ultimate_load_refocus/pooled_all_weeks/grouped_cv/experiments/hsv_only/RandomForest/uncertainty.png,pooled_all_weeks/grouped_cv/experiments/hsv_only/RandomForest/uncertainty.png,.png,174955
outputs/ultimate_load_refocus/pooled_all_weeks/grouped_cv/experiments/hsv_only/Ridge/cv_stability.png,pooled_all_weeks/grouped_cv/experiments/hsv_only/Ridge/cv_stability.png,.png,59503
outputs/ultimate_load_refocus/pooled_all_weeks/grouped_cv/experiments/hsv_only/Ridge/error_distribution.png,pooled_all_weeks/grouped_cv/experiments/hsv_only/Ridge/error_distribution.png,.png,108762
outputs/ultimate_load_refocus/pooled_all_weeks/grouped_cv/experiments/hsv_only/Ridge/feature_importance.png,pooled_all_weeks/grouped_cv/experiments/hsv_only/Ridge/feature_importance.png,.png,138619
outputs/ultimate_load_refocus/pooled_all_weeks/grouped_cv/experiments/hsv_only/Ridge/feature_importance_full_fit.csv,pooled_all_weeks/grouped_cv/experiments/hsv_only/Ridge/feature_importance_full_fit.csv,.csv,2983
outputs/ultimate_load_refocus/pooled_all_weeks/grouped_cv/experiments/hsv_only/Ridge/feature_importance_summary.csv,pooled_all_weeks/grouped_cv/experiments/hsv_only/Ridge/feature_importance_summary.csv,.csv,2632
outputs/ultimate_load_refocus/pooled_all_weeks/grouped_cv/experiments/hsv_only/Ridge/fold_feature_importance.csv,pooled_all_weeks/grouped_cv/experiments/hsv_only/Ridge/fold_feature_importance.csv,.csv,43576
outputs/ultimate_load_refocus/pooled_all_weeks/grouped_cv/experiments/hsv_only/Ridge/fold_metrics.csv,pooled_all_weeks/grouped_cv/experiments/hsv_only/Ridge/fold_metrics.csv,.csv,2366
outputs/ultimate_load_refocus/pooled_all_weeks/grouped_cv/experiments/hsv_only/Ridge/learning_curve.png,pooled_all_weeks/grouped_cv/experiments/hsv_only/Ridge/learning_curve.png,.png,166193
outputs/ultimate_load_refocus/pooled_all_weeks/grouped_cv/experiments/hsv_only/Ridge/learning_curve_raw.csv,pooled_all_weeks/grouped_cv/experiments/hsv_only/Ridge/learning_curve_raw.csv,.csv,8480
outputs/ultimate_load_refocus/pooled_all_weeks/grouped_cv/experiments/hsv_only/Ridge/learning_curve_summary.csv,pooled_all_weeks/grouped_cv/experiments/hsv_only/Ridge/learning_curve_summary.csv,.csv,1708
outputs/ultimate_load_refocus/pooled_all_weeks/grouped_cv/experiments/hsv_only/Ridge/partial_dependence.csv,pooled_all_weeks/grouped_cv/experiments/hsv_only/Ridge/partial_dependence.csv,.csv,3323
outputs/ultimate_load_refocus/pooled_all_weeks/grouped_cv/experiments/hsv_only/Ridge/partial_dependence.png,pooled_all_weeks/grouped_cv/experiments/hsv_only/Ridge/partial_dependence.png,.png,281567
outputs/ultimate_load_refocus/pooled_all_weeks/grouped_cv/experiments/hsv_only/Ridge/prediction_vs_ground_truth.png,pooled_all_weeks/grouped_cv/experiments/hsv_only/Ridge/prediction_vs_ground_truth.png,.png,113255
outputs/ultimate_load_refocus/pooled_all_weeks/grouped_cv/experiments/hsv_only/Ridge/residual_analysis.png,pooled_all_weeks/grouped_cv/experiments/hsv_only/Ridge/residual_analysis.png,.png,123058
outputs/ultimate_load_refocus/pooled_all_weeks/grouped_cv/experiments/hsv_only/Ridge/summary_metrics.csv,pooled_all_weeks/grouped_cv/experiments/hsv_only/Ridge/summary_metrics.csv,.csv,407
outputs/ultimate_load_refocus/pooled_all_weeks/grouped_cv/experiments/hsv_only/Ridge/terminal_fold_predictions.csv,pooled_all_weeks/grouped_cv/experiments/hsv_only/Ridge/terminal_fold_predictions.csv,.csv,15603
outputs/ultimate_load_refocus/pooled_all_weeks/grouped_cv/experiments/hsv_only/Ridge/terminal_oof_predictions.csv,pooled_all_weeks/grouped_cv/experiments/hsv_only/Ridge/terminal_oof_predictions.csv,.csv,7098
outputs/ultimate_load_refocus/pooled_all_weeks/grouped_cv/experiments/hsv_only/Ridge/uncertainty.png,pooled_all_weeks/grouped_cv/experiments/hsv_only/Ridge/uncertainty.png,.png,175908
outputs/ultimate_load_refocus/pooled_all_weeks/grouped_cv/experiments/hsv_only/XGBoost/cv_stability.png,pooled_all_weeks/grouped_cv/experiments/hsv_only/XGBoost/cv_stability.png,.png,59048
outputs/ultimate_load_refocus/pooled_all_weeks/grouped_cv/experiments/hsv_only/XGBoost/error_distribution.png,pooled_all_weeks/grouped_cv/experiments/hsv_only/XGBoost/error_distribution.png,.png,116620
outputs/ultimate_load_refocus/pooled_all_weeks/grouped_cv/experiments/hsv_only/XGBoost/feature_importance.png,pooled_all_weeks/grouped_cv/experiments/hsv_only/XGBoost/feature_importance.png,.png,141492
outputs/ultimate_load_refocus/pooled_all_weeks/grouped_cv/experiments/hsv_only/XGBoost/feature_importance_full_fit.csv,pooled_all_weeks/grouped_cv/experiments/hsv_only/XGBoost/feature_importance_full_fit.csv,.csv,3235
outputs/ultimate_load_refocus/pooled_all_weeks/grouped_cv/experiments/hsv_only/XGBoost/feature_importance_summary.csv,pooled_all_weeks/grouped_cv/experiments/hsv_only/XGBoost/feature_importance_summary.csv,.csv,2893
outputs/ultimate_load_refocus/pooled_all_weeks/grouped_cv/experiments/hsv_only/XGBoost/fold_feature_importance.csv,pooled_all_weeks/grouped_cv/experiments/hsv_only/XGBoost/fold_feature_importance.csv,.csv,46134
outputs/ultimate_load_refocus/pooled_all_weeks/grouped_cv/experiments/hsv_only/XGBoost/fold_metrics.csv,pooled_all_weeks/grouped_cv/experiments/hsv_only/XGBoost/fold_metrics.csv,.csv,2373
outputs/ultimate_load_refocus/pooled_all_weeks/grouped_cv/experiments/hsv_only/XGBoost/learning_curve.png,pooled_all_weeks/grouped_cv/experiments/hsv_only/XGBoost/learning_curve.png,.png,141023
outputs/ultimate_load_refocus/pooled_all_weeks/grouped_cv/experiments/hsv_only/XGBoost/learning_curve_raw.csv,pooled_all_weeks/grouped_cv/experiments/hsv_only/XGBoost/learning_curve_raw.csv,.csv,8406
outputs/ultimate_load_refocus/pooled_all_weeks/grouped_cv/experiments/hsv_only/XGBoost/learning_curve_summary.csv,pooled_all_weeks/grouped_cv/experiments/hsv_only/XGBoost/learning_curve_summary.csv,.csv,1708
outputs/ultimate_load_refocus/pooled_all_weeks/grouped_cv/experiments/hsv_only/XGBoost/partial_dependence.csv,pooled_all_weeks/grouped_cv/experiments/hsv_only/XGBoost/partial_dependence.csv,.csv,3625
outputs/ultimate_load_refocus/pooled_all_weeks/grouped_cv/experiments/hsv_only/XGBoost/partial_dependence.png,pooled_all_weeks/grouped_cv/experiments/hsv_only/XGBoost/partial_dependence.png,.png,293575
outputs/ultimate_load_refocus/pooled_all_weeks/grouped_cv/experiments/hsv_only/XGBoost/prediction_vs_ground_truth.png,pooled_all_weeks/grouped_cv/experiments/hsv_only/XGBoost/prediction_vs_ground_truth.png,.png,112312
outputs/ultimate_load_refocus/pooled_all_weeks/grouped_cv/experiments/hsv_only/XGBoost/residual_analysis.png,pooled_all_weeks/grouped_cv/experiments/hsv_only/XGBoost/residual_analysis.png,.png,123653
outputs/ultimate_load_refocus/pooled_all_weeks/grouped_cv/experiments/hsv_only/XGBoost/summary_metrics.csv,pooled_all_weeks/grouped_cv/experiments/hsv_only/XGBoost/summary_metrics.csv,.csv,413
outputs/ultimate_load_refocus/pooled_all_weeks/grouped_cv/experiments/hsv_only/XGBoost/terminal_fold_predictions.csv,pooled_all_weeks/grouped_cv/experiments/hsv_only/XGBoost/terminal_fold_predictions.csv,.csv,15590
outputs/ultimate_load_refocus/pooled_all_weeks/grouped_cv/experiments/hsv_only/XGBoost/terminal_oof_predictions.csv,pooled_all_weeks/grouped_cv/experiments/hsv_only/XGBoost/terminal_oof_predictions.csv,.csv,7096
outputs/ultimate_load_refocus/pooled_all_weeks/grouped_cv/experiments/hsv_only/XGBoost/uncertainty.png,pooled_all_weeks/grouped_cv/experiments/hsv_only/XGBoost/uncertainty.png,.png,177394
outputs/ultimate_load_refocus/pooled_all_weeks/grouped_cv/experiments/metadata_hsv/CatBoost/cv_stability.png,pooled_all_weeks/grouped_cv/experiments/metadata_hsv/CatBoost/cv_stability.png,.png,55144
outputs/ultimate_load_refocus/pooled_all_weeks/grouped_cv/experiments/metadata_hsv/CatBoost/error_distribution.png,pooled_all_weeks/grouped_cv/experiments/metadata_hsv/CatBoost/error_distribution.png,.png,117050
outputs/ultimate_load_refocus/pooled_all_weeks/grouped_cv/experiments/metadata_hsv/CatBoost/feature_importance.png,pooled_all_weeks/grouped_cv/experiments/metadata_hsv/CatBoost/feature_importance.png,.png,140067
outputs/ultimate_load_refocus/pooled_all_weeks/grouped_cv/experiments/metadata_hsv/CatBoost/feature_importance_full_fit.csv,pooled_all_weeks/grouped_cv/experiments/metadata_hsv/CatBoost/feature_importance_full_fit.csv,.csv,4014
outputs/ultimate_load_refocus/pooled_all_weeks/grouped_cv/experiments/metadata_hsv/CatBoost/feature_importance_summary.csv,pooled_all_weeks/grouped_cv/experiments/metadata_hsv/CatBoost/feature_importance_summary.csv,.csv,3579
outputs/ultimate_load_refocus/pooled_all_weeks/grouped_cv/experiments/metadata_hsv/CatBoost/fold_feature_importance.csv,pooled_all_weeks/grouped_cv/experiments/metadata_hsv/CatBoost/fold_feature_importance.csv,.csv,58436
outputs/ultimate_load_refocus/pooled_all_weeks/grouped_cv/experiments/metadata_hsv/CatBoost/fold_metrics.csv,pooled_all_weeks/grouped_cv/experiments/metadata_hsv/CatBoost/fold_metrics.csv,.csv,2364
outputs/ultimate_load_refocus/pooled_all_weeks/grouped_cv/experiments/metadata_hsv/CatBoost/learning_curve.png,pooled_all_weeks/grouped_cv/experiments/metadata_hsv/CatBoost/learning_curve.png,.png,132287
outputs/ultimate_load_refocus/pooled_all_weeks/grouped_cv/experiments/metadata_hsv/CatBoost/learning_curve_raw.csv,pooled_all_weeks/grouped_cv/experiments/metadata_hsv/CatBoost/learning_curve_raw.csv,.csv,8395
outputs/ultimate_load_refocus/pooled_all_weeks/grouped_cv/experiments/metadata_hsv/CatBoost/learning_curve_summary.csv,pooled_all_weeks/grouped_cv/experiments/metadata_hsv/CatBoost/learning_curve_summary.csv,.csv,1709
outputs/ultimate_load_refocus/pooled_all_weeks/grouped_cv/experiments/metadata_hsv/CatBoost/partial_dependence.csv,pooled_all_weeks/grouped_cv/experiments/metadata_hsv/CatBoost/partial_dependence.csv,.csv,1138
outputs/ultimate_load_refocus/pooled_all_weeks/grouped_cv/experiments/metadata_hsv/CatBoost/partial_dependence.png,pooled_all_weeks/grouped_cv/experiments/metadata_hsv/CatBoost/partial_dependence.png,.png,236106
outputs/ultimate_load_refocus/pooled_all_weeks/grouped_cv/experiments/metadata_hsv/CatBoost/prediction_vs_ground_truth.png,pooled_all_weeks/grouped_cv/experiments/metadata_hsv/CatBoost/prediction_vs_ground_truth.png,.png,117564
outputs/ultimate_load_refocus/pooled_all_weeks/grouped_cv/experiments/metadata_hsv/CatBoost/residual_analysis.png,pooled_all_weeks/grouped_cv/experiments/metadata_hsv/CatBoost/residual_analysis.png,.png,125722
outputs/ultimate_load_refocus/pooled_all_weeks/grouped_cv/experiments/metadata_hsv/CatBoost/summary_metrics.csv,pooled_all_weeks/grouped_cv/experiments/metadata_hsv/CatBoost/summary_metrics.csv,.csv,417
outputs/ultimate_load_refocus/pooled_all_weeks/grouped_cv/experiments/metadata_hsv/CatBoost/terminal_fold_predictions.csv,pooled_all_weeks/grouped_cv/experiments/metadata_hsv/CatBoost/terminal_fold_predictions.csv,.csv,15613
outputs/ultimate_load_refocus/pooled_all_weeks/grouped_cv/experiments/metadata_hsv/CatBoost/terminal_oof_predictions.csv,pooled_all_weeks/grouped_cv/experiments/metadata_hsv/CatBoost/terminal_oof_predictions.csv,.csv,7088
outputs/ultimate_load_refocus/pooled_all_weeks/grouped_cv/experiments/metadata_hsv/CatBoost/uncertainty.png,pooled_all_weeks/grouped_cv/experiments/metadata_hsv/CatBoost/uncertainty.png,.png,179924
outputs/ultimate_load_refocus/pooled_all_weeks/grouped_cv/experiments/metadata_hsv/GradientBoosting/cv_stability.png,pooled_all_weeks/grouped_cv/experiments/metadata_hsv/GradientBoosting/cv_stability.png,.png,57055
outputs/ultimate_load_refocus/pooled_all_weeks/grouped_cv/experiments/metadata_hsv/GradientBoosting/error_distribution.png,pooled_all_weeks/grouped_cv/experiments/metadata_hsv/GradientBoosting/error_distribution.png,.png,120569
outputs/ultimate_load_refocus/pooled_all_weeks/grouped_cv/experiments/metadata_hsv/GradientBoosting/feature_importance.png,pooled_all_weeks/grouped_cv/experiments/metadata_hsv/GradientBoosting/feature_importance.png,.png,140552
outputs/ultimate_load_refocus/pooled_all_weeks/grouped_cv/experiments/metadata_hsv/GradientBoosting/feature_importance_full_fit.csv,pooled_all_weeks/grouped_cv/experiments/metadata_hsv/GradientBoosting/feature_importance_full_fit.csv,.csv,4218
outputs/ultimate_load_refocus/pooled_all_weeks/grouped_cv/experiments/metadata_hsv/GradientBoosting/feature_importance_summary.csv,pooled_all_weeks/grouped_cv/experiments/metadata_hsv/GradientBoosting/feature_importance_summary.csv,.csv,3805
outputs/ultimate_load_refocus/pooled_all_weeks/grouped_cv/experiments/metadata_hsv/GradientBoosting/fold_feature_importance.csv,pooled_all_weeks/grouped_cv/experiments/metadata_hsv/GradientBoosting/fold_feature_importance.csv,.csv,60370
outputs/ultimate_load_refocus/pooled_all_weeks/grouped_cv/experiments/metadata_hsv/GradientBoosting/fold_metrics.csv,pooled_all_weeks/grouped_cv/experiments/metadata_hsv/GradientBoosting/fold_metrics.csv,.csv,2370
outputs/ultimate_load_refocus/pooled_all_weeks/grouped_cv/experiments/metadata_hsv/GradientBoosting/learning_curve.png,pooled_all_weeks/grouped_cv/experiments/metadata_hsv/GradientBoosting/learning_curve.png,.png,142758
outputs/ultimate_load_refocus/pooled_all_weeks/grouped_cv/experiments/metadata_hsv/GradientBoosting/learning_curve_raw.csv,pooled_all_weeks/grouped_cv/experiments/metadata_hsv/GradientBoosting/learning_curve_raw.csv,.csv,8414
outputs/ultimate_load_refocus/pooled_all_weeks/grouped_cv/experiments/metadata_hsv/GradientBoosting/learning_curve_summary.csv,pooled_all_weeks/grouped_cv/experiments/metadata_hsv/GradientBoosting/learning_curve_summary.csv,.csv,1711
outputs/ultimate_load_refocus/pooled_all_weeks/grouped_cv/experiments/metadata_hsv/GradientBoosting/partial_dependence.csv,pooled_all_weeks/grouped_cv/experiments/metadata_hsv/GradientBoosting/partial_dependence.csv,.csv,1422
outputs/ultimate_load_refocus/pooled_all_weeks/grouped_cv/experiments/metadata_hsv/GradientBoosting/partial_dependence.png,pooled_all_weeks/grouped_cv/experiments/metadata_hsv/GradientBoosting/partial_dependence.png,.png,248371
outputs/ultimate_load_refocus/pooled_all_weeks/grouped_cv/experiments/metadata_hsv/GradientBoosting/prediction_vs_ground_truth.png,pooled_all_weeks/grouped_cv/experiments/metadata_hsv/GradientBoosting/prediction_vs_ground_truth.png,.png,119125
outputs/ultimate_load_refocus/pooled_all_weeks/grouped_cv/experiments/metadata_hsv/GradientBoosting/residual_analysis.png,pooled_all_weeks/grouped_cv/experiments/metadata_hsv/GradientBoosting/residual_analysis.png,.png,128494
outputs/ultimate_load_refocus/pooled_all_weeks/grouped_cv/experiments/metadata_hsv/GradientBoosting/summary_metrics.csv,pooled_all_weeks/grouped_cv/experiments/metadata_hsv/GradientBoosting/summary_metrics.csv,.csv,427
outputs/ultimate_load_refocus/pooled_all_weeks/grouped_cv/experiments/metadata_hsv/GradientBoosting/terminal_fold_predictions.csv,pooled_all_weeks/grouped_cv/experiments/metadata_hsv/GradientBoosting/terminal_fold_predictions.csv,.csv,15613
outputs/ultimate_load_refocus/pooled_all_weeks/grouped_cv/experiments/metadata_hsv/GradientBoosting/terminal_oof_predictions.csv,pooled_all_weeks/grouped_cv/experiments/metadata_hsv/GradientBoosting/terminal_oof_predictions.csv,.csv,7099
outputs/ultimate_load_refocus/pooled_all_weeks/grouped_cv/experiments/metadata_hsv/GradientBoosting/uncertainty.png,pooled_all_weeks/grouped_cv/experiments/metadata_hsv/GradientBoosting/uncertainty.png,.png,180967
outputs/ultimate_load_refocus/pooled_all_weeks/grouped_cv/experiments/metadata_hsv/RandomForest/cv_stability.png,pooled_all_weeks/grouped_cv/experiments/metadata_hsv/RandomForest/cv_stability.png,.png,55077
outputs/ultimate_load_refocus/pooled_all_weeks/grouped_cv/experiments/metadata_hsv/RandomForest/error_distribution.png,pooled_all_weeks/grouped_cv/experiments/metadata_hsv/RandomForest/error_distribution.png,.png,112063
outputs/ultimate_load_refocus/pooled_all_weeks/grouped_cv/experiments/metadata_hsv/RandomForest/feature_importance.png,pooled_all_weeks/grouped_cv/experiments/metadata_hsv/RandomForest/feature_importance.png,.png,139710
outputs/ultimate_load_refocus/pooled_all_weeks/grouped_cv/experiments/metadata_hsv/RandomForest/feature_importance_full_fit.csv,pooled_all_weeks/grouped_cv/experiments/metadata_hsv/RandomForest/feature_importance_full_fit.csv,.csv,4224
outputs/ultimate_load_refocus/pooled_all_weeks/grouped_cv/experiments/metadata_hsv/RandomForest/feature_importance_summary.csv,pooled_all_weeks/grouped_cv/experiments/metadata_hsv/RandomForest/feature_importance_summary.csv,.csv,3803
outputs/ultimate_load_refocus/pooled_all_weeks/grouped_cv/experiments/metadata_hsv/RandomForest/fold_feature_importance.csv,pooled_all_weeks/grouped_cv/experiments/metadata_hsv/RandomForest/fold_feature_importance.csv,.csv,60642
outputs/ultimate_load_refocus/pooled_all_weeks/grouped_cv/experiments/metadata_hsv/RandomForest/fold_metrics.csv,pooled_all_weeks/grouped_cv/experiments/metadata_hsv/RandomForest/fold_metrics.csv,.csv,2359
outputs/ultimate_load_refocus/pooled_all_weeks/grouped_cv/experiments/metadata_hsv/RandomForest/learning_curve.png,pooled_all_weeks/grouped_cv/experiments/metadata_hsv/RandomForest/learning_curve.png,.png,141400
outputs/ultimate_load_refocus/pooled_all_weeks/grouped_cv/experiments/metadata_hsv/RandomForest/learning_curve_raw.csv,pooled_all_weeks/grouped_cv/experiments/metadata_hsv/RandomForest/learning_curve_raw.csv,.csv,8377
outputs/ultimate_load_refocus/pooled_all_weeks/grouped_cv/experiments/metadata_hsv/RandomForest/learning_curve_summary.csv,pooled_all_weeks/grouped_cv/experiments/metadata_hsv/RandomForest/learning_curve_summary.csv,.csv,1701
outputs/ultimate_load_refocus/pooled_all_weeks/grouped_cv/experiments/metadata_hsv/RandomForest/partial_dependence.csv,pooled_all_weeks/grouped_cv/experiments/metadata_hsv/RandomForest/partial_dependence.csv,.csv,1386
outputs/ultimate_load_refocus/pooled_all_weeks/grouped_cv/experiments/metadata_hsv/RandomForest/partial_dependence.png,pooled_all_weeks/grouped_cv/experiments/metadata_hsv/RandomForest/partial_dependence.png,.png,254027
outputs/ultimate_load_refocus/pooled_all_weeks/grouped_cv/experiments/metadata_hsv/RandomForest/prediction_vs_ground_truth.png,pooled_all_weeks/grouped_cv/experiments/metadata_hsv/RandomForest/prediction_vs_ground_truth.png,.png,116597
outputs/ultimate_load_refocus/pooled_all_weeks/grouped_cv/experiments/metadata_hsv/RandomForest/residual_analysis.png,pooled_all_weeks/grouped_cv/experiments/metadata_hsv/RandomForest/residual_analysis.png,.png,126069
outputs/ultimate_load_refocus/pooled_all_weeks/grouped_cv/experiments/metadata_hsv/RandomForest/summary_metrics.csv,pooled_all_weeks/grouped_cv/experiments/metadata_hsv/RandomForest/summary_metrics.csv,.csv,421
outputs/ultimate_load_refocus/pooled_all_weeks/grouped_cv/experiments/metadata_hsv/RandomForest/terminal_fold_predictions.csv,pooled_all_weeks/grouped_cv/experiments/metadata_hsv/RandomForest/terminal_fold_predictions.csv,.csv,15600
outputs/ultimate_load_refocus/pooled_all_weeks/grouped_cv/experiments/metadata_hsv/RandomForest/terminal_oof_predictions.csv,pooled_all_weeks/grouped_cv/experiments/metadata_hsv/RandomForest/terminal_oof_predictions.csv,.csv,7093
outputs/ultimate_load_refocus/pooled_all_weeks/grouped_cv/experiments/metadata_hsv/RandomForest/uncertainty.png,pooled_all_weeks/grouped_cv/experiments/metadata_hsv/RandomForest/uncertainty.png,.png,177125
outputs/ultimate_load_refocus/pooled_all_weeks/grouped_cv/experiments/metadata_hsv/Ridge/cv_stability.png,pooled_all_weeks/grouped_cv/experiments/metadata_hsv/Ridge/cv_stability.png,.png,60212
outputs/ultimate_load_refocus/pooled_all_weeks/grouped_cv/experiments/metadata_hsv/Ridge/error_distribution.png,pooled_all_weeks/grouped_cv/experiments/metadata_hsv/Ridge/error_distribution.png,.png,108463
outputs/ultimate_load_refocus/pooled_all_weeks/grouped_cv/experiments/metadata_hsv/Ridge/feature_importance.png,pooled_all_weeks/grouped_cv/experiments/metadata_hsv/Ridge/feature_importance.png,.png,138388
outputs/ultimate_load_refocus/pooled_all_weeks/grouped_cv/experiments/metadata_hsv/Ridge/feature_importance_full_fit.csv,pooled_all_weeks/grouped_cv/experiments/metadata_hsv/Ridge/feature_importance_full_fit.csv,.csv,3847
outputs/ultimate_load_refocus/pooled_all_weeks/grouped_cv/experiments/metadata_hsv/Ridge/feature_importance_summary.csv,pooled_all_weeks/grouped_cv/experiments/metadata_hsv/Ridge/feature_importance_summary.csv,.csv,3410
outputs/ultimate_load_refocus/pooled_all_weeks/grouped_cv/experiments/metadata_hsv/Ridge/fold_feature_importance.csv,pooled_all_weeks/grouped_cv/experiments/metadata_hsv/Ridge/fold_feature_importance.csv,.csv,56710
outputs/ultimate_load_refocus/pooled_all_weeks/grouped_cv/experiments/metadata_hsv/Ridge/fold_metrics.csv,pooled_all_weeks/grouped_cv/experiments/metadata_hsv/Ridge/fold_metrics.csv,.csv,2359
outputs/ultimate_load_refocus/pooled_all_weeks/grouped_cv/experiments/metadata_hsv/Ridge/learning_curve.png,pooled_all_weeks/grouped_cv/experiments/metadata_hsv/Ridge/learning_curve.png,.png,151830
outputs/ultimate_load_refocus/pooled_all_weeks/grouped_cv/experiments/metadata_hsv/Ridge/learning_curve_raw.csv,pooled_all_weeks/grouped_cv/experiments/metadata_hsv/Ridge/learning_curve_raw.csv,.csv,8468
outputs/ultimate_load_refocus/pooled_all_weeks/grouped_cv/experiments/metadata_hsv/Ridge/learning_curve_summary.csv,pooled_all_weeks/grouped_cv/experiments/metadata_hsv/Ridge/learning_curve_summary.csv,.csv,1720
outputs/ultimate_load_refocus/pooled_all_weeks/grouped_cv/experiments/metadata_hsv/Ridge/partial_dependence.csv,pooled_all_weeks/grouped_cv/experiments/metadata_hsv/Ridge/partial_dependence.csv,.csv,1667
outputs/ultimate_load_refocus/pooled_all_weeks/grouped_cv/experiments/metadata_hsv/Ridge/partial_dependence.png,pooled_all_weeks/grouped_cv/experiments/metadata_hsv/Ridge/partial_dependence.png,.png,148131
outputs/ultimate_load_refocus/pooled_all_weeks/grouped_cv/experiments/metadata_hsv/Ridge/prediction_vs_ground_truth.png,pooled_all_weeks/grouped_cv/experiments/metadata_hsv/Ridge/prediction_vs_ground_truth.png,.png,115296
outputs/ultimate_load_refocus/pooled_all_weeks/grouped_cv/experiments/metadata_hsv/Ridge/residual_analysis.png,pooled_all_weeks/grouped_cv/experiments/metadata_hsv/Ridge/residual_analysis.png,.png,119017
outputs/ultimate_load_refocus/pooled_all_weeks/grouped_cv/experiments/metadata_hsv/Ridge/summary_metrics.csv,pooled_all_weeks/grouped_cv/experiments/metadata_hsv/Ridge/summary_metrics.csv,.csv,417
outputs/ultimate_load_refocus/pooled_all_weeks/grouped_cv/experiments/metadata_hsv/Ridge/terminal_fold_predictions.csv,pooled_all_weeks/grouped_cv/experiments/metadata_hsv/Ridge/terminal_fold_predictions.csv,.csv,15632
outputs/ultimate_load_refocus/pooled_all_weeks/grouped_cv/experiments/metadata_hsv/Ridge/terminal_oof_predictions.csv,pooled_all_weeks/grouped_cv/experiments/metadata_hsv/Ridge/terminal_oof_predictions.csv,.csv,7108
outputs/ultimate_load_refocus/pooled_all_weeks/grouped_cv/experiments/metadata_hsv/Ridge/uncertainty.png,pooled_all_weeks/grouped_cv/experiments/metadata_hsv/Ridge/uncertainty.png,.png,174699
outputs/ultimate_load_refocus/pooled_all_weeks/grouped_cv/experiments/metadata_hsv/XGBoost/cv_stability.png,pooled_all_weeks/grouped_cv/experiments/metadata_hsv/XGBoost/cv_stability.png,.png,55431
outputs/ultimate_load_refocus/pooled_all_weeks/grouped_cv/experiments/metadata_hsv/XGBoost/error_distribution.png,pooled_all_weeks/grouped_cv/experiments/metadata_hsv/XGBoost/error_distribution.png,.png,116100
outputs/ultimate_load_refocus/pooled_all_weeks/grouped_cv/experiments/metadata_hsv/XGBoost/feature_importance.png,pooled_all_weeks/grouped_cv/experiments/metadata_hsv/XGBoost/feature_importance.png,.png,140670
outputs/ultimate_load_refocus/pooled_all_weeks/grouped_cv/experiments/metadata_hsv/XGBoost/feature_importance_full_fit.csv,pooled_all_weeks/grouped_cv/experiments/metadata_hsv/XGBoost/feature_importance_full_fit.csv,.csv,4214
outputs/ultimate_load_refocus/pooled_all_weeks/grouped_cv/experiments/metadata_hsv/XGBoost/feature_importance_summary.csv,pooled_all_weeks/grouped_cv/experiments/metadata_hsv/XGBoost/feature_importance_summary.csv,.csv,3809
outputs/ultimate_load_refocus/pooled_all_weeks/grouped_cv/experiments/metadata_hsv/XGBoost/fold_feature_importance.csv,pooled_all_weeks/grouped_cv/experiments/metadata_hsv/XGBoost/fold_feature_importance.csv,.csv,60402
outputs/ultimate_load_refocus/pooled_all_weeks/grouped_cv/experiments/metadata_hsv/XGBoost/fold_metrics.csv,pooled_all_weeks/grouped_cv/experiments/metadata_hsv/XGBoost/fold_metrics.csv,.csv,2353
outputs/ultimate_load_refocus/pooled_all_weeks/grouped_cv/experiments/metadata_hsv/XGBoost/learning_curve.png,pooled_all_weeks/grouped_cv/experiments/metadata_hsv/XGBoost/learning_curve.png,.png,137255
outputs/ultimate_load_refocus/pooled_all_weeks/grouped_cv/experiments/metadata_hsv/XGBoost/learning_curve_raw.csv,pooled_all_weeks/grouped_cv/experiments/metadata_hsv/XGBoost/learning_curve_raw.csv,.csv,8421
outputs/ultimate_load_refocus/pooled_all_weeks/grouped_cv/experiments/metadata_hsv/XGBoost/learning_curve_summary.csv,pooled_all_weeks/grouped_cv/experiments/metadata_hsv/XGBoost/learning_curve_summary.csv,.csv,1721
outputs/ultimate_load_refocus/pooled_all_weeks/grouped_cv/experiments/metadata_hsv/XGBoost/partial_dependence.csv,pooled_all_weeks/grouped_cv/experiments/metadata_hsv/XGBoost/partial_dependence.csv,.csv,829
outputs/ultimate_load_refocus/pooled_all_weeks/grouped_cv/experiments/metadata_hsv/XGBoost/partial_dependence.png,pooled_all_weeks/grouped_cv/experiments/metadata_hsv/XGBoost/partial_dependence.png,.png,151726
outputs/ultimate_load_refocus/pooled_all_weeks/grouped_cv/experiments/metadata_hsv/XGBoost/prediction_vs_ground_truth.png,pooled_all_weeks/grouped_cv/experiments/metadata_hsv/XGBoost/prediction_vs_ground_truth.png,.png,121839
outputs/ultimate_load_refocus/pooled_all_weeks/grouped_cv/experiments/metadata_hsv/XGBoost/residual_analysis.png,pooled_all_weeks/grouped_cv/experiments/metadata_hsv/XGBoost/residual_analysis.png,.png,123771
outputs/ultimate_load_refocus/pooled_all_weeks/grouped_cv/experiments/metadata_hsv/XGBoost/summary_metrics.csv,pooled_all_weeks/grouped_cv/experiments/metadata_hsv/XGBoost/summary_metrics.csv,.csv,415
outputs/ultimate_load_refocus/pooled_all_weeks/grouped_cv/experiments/metadata_hsv/XGBoost/terminal_fold_predictions.csv,pooled_all_weeks/grouped_cv/experiments/metadata_hsv/XGBoost/terminal_fold_predictions.csv,.csv,15596
outputs/ultimate_load_refocus/pooled_all_weeks/grouped_cv/experiments/metadata_hsv/XGBoost/terminal_oof_predictions.csv,pooled_all_weeks/grouped_cv/experiments/metadata_hsv/XGBoost/terminal_oof_predictions.csv,.csv,7092
outputs/ultimate_load_refocus/pooled_all_weeks/grouped_cv/experiments/metadata_hsv/XGBoost/uncertainty.png,pooled_all_weeks/grouped_cv/experiments/metadata_hsv/XGBoost/uncertainty.png,.png,180456
outputs/ultimate_load_refocus/pooled_all_weeks/grouped_cv/experiments/metadata_only/CatBoost/cv_stability.png,pooled_all_weeks/grouped_cv/experiments/metadata_only/CatBoost/cv_stability.png,.png,55121
outputs/ultimate_load_refocus/pooled_all_weeks/grouped_cv/experiments/metadata_only/CatBoost/error_distribution.png,pooled_all_weeks/grouped_cv/experiments/metadata_only/CatBoost/error_distribution.png,.png,113054
outputs/ultimate_load_refocus/pooled_all_weeks/grouped_cv/experiments/metadata_only/CatBoost/feature_importance.png,pooled_all_weeks/grouped_cv/experiments/metadata_only/CatBoost/feature_importance.png,.png,85468
outputs/ultimate_load_refocus/pooled_all_weeks/grouped_cv/experiments/metadata_only/CatBoost/feature_importance_full_fit.csv,pooled_all_weeks/grouped_cv/experiments/metadata_only/CatBoost/feature_importance_full_fit.csv,.csv,929
outputs/ultimate_load_refocus/pooled_all_weeks/grouped_cv/experiments/metadata_only/CatBoost/feature_importance_summary.csv,pooled_all_weeks/grouped_cv/experiments/metadata_only/CatBoost/feature_importance_summary.csv,.csv,818
outputs/ultimate_load_refocus/pooled_all_weeks/grouped_cv/experiments/metadata_only/CatBoost/fold_feature_importance.csv,pooled_all_weeks/grouped_cv/experiments/metadata_only/CatBoost/fold_feature_importance.csv,.csv,13200
outputs/ultimate_load_refocus/pooled_all_weeks/grouped_cv/experiments/metadata_only/CatBoost/fold_metrics.csv,pooled_all_weeks/grouped_cv/experiments/metadata_only/CatBoost/fold_metrics.csv,.csv,2381
outputs/ultimate_load_refocus/pooled_all_weeks/grouped_cv/experiments/metadata_only/CatBoost/learning_curve.png,pooled_all_weeks/grouped_cv/experiments/metadata_only/CatBoost/learning_curve.png,.png,129293
outputs/ultimate_load_refocus/pooled_all_weeks/grouped_cv/experiments/metadata_only/CatBoost/learning_curve_raw.csv,pooled_all_weeks/grouped_cv/experiments/metadata_only/CatBoost/learning_curve_raw.csv,.csv,8419
outputs/ultimate_load_refocus/pooled_all_weeks/grouped_cv/experiments/metadata_only/CatBoost/learning_curve_summary.csv,pooled_all_weeks/grouped_cv/experiments/metadata_only/CatBoost/learning_curve_summary.csv,.csv,1719
outputs/ultimate_load_refocus/pooled_all_weeks/grouped_cv/experiments/metadata_only/CatBoost/partial_dependence.csv,pooled_all_weeks/grouped_cv/experiments/metadata_only/CatBoost/partial_dependence.csv,.csv,1133
outputs/ultimate_load_refocus/pooled_all_weeks/grouped_cv/experiments/metadata_only/CatBoost/partial_dependence.png,pooled_all_weeks/grouped_cv/experiments/metadata_only/CatBoost/partial_dependence.png,.png,242186
outputs/ultimate_load_refocus/pooled_all_weeks/grouped_cv/experiments/metadata_only/CatBoost/prediction_vs_ground_truth.png,pooled_all_weeks/grouped_cv/experiments/metadata_only/CatBoost/prediction_vs_ground_truth.png,.png,116525
outputs/ultimate_load_refocus/pooled_all_weeks/grouped_cv/experiments/metadata_only/CatBoost/residual_analysis.png,pooled_all_weeks/grouped_cv/experiments/metadata_only/CatBoost/residual_analysis.png,.png,124357
outputs/ultimate_load_refocus/pooled_all_weeks/grouped_cv/experiments/metadata_only/CatBoost/summary_metrics.csv,pooled_all_weeks/grouped_cv/experiments/metadata_only/CatBoost/summary_metrics.csv,.csv,421
outputs/ultimate_load_refocus/pooled_all_weeks/grouped_cv/experiments/metadata_only/CatBoost/terminal_fold_predictions.csv,pooled_all_weeks/grouped_cv/experiments/metadata_only/CatBoost/terminal_fold_predictions.csv,.csv,15601
outputs/ultimate_load_refocus/pooled_all_weeks/grouped_cv/experiments/metadata_only/CatBoost/terminal_oof_predictions.csv,pooled_all_weeks/grouped_cv/experiments/metadata_only/CatBoost/terminal_oof_predictions.csv,.csv,7083
outputs/ultimate_load_refocus/pooled_all_weeks/grouped_cv/experiments/metadata_only/CatBoost/uncertainty.png,pooled_all_weeks/grouped_cv/experiments/metadata_only/CatBoost/uncertainty.png,.png,176829
outputs/ultimate_load_refocus/pooled_all_weeks/grouped_cv/experiments/metadata_only/GradientBoosting/cv_stability.png,pooled_all_weeks/grouped_cv/experiments/metadata_only/GradientBoosting/cv_stability.png,.png,57690
outputs/ultimate_load_refocus/pooled_all_weeks/grouped_cv/experiments/metadata_only/GradientBoosting/error_distribution.png,pooled_all_weeks/grouped_cv/experiments/metadata_only/GradientBoosting/error_distribution.png,.png,118683
outputs/ultimate_load_refocus/pooled_all_weeks/grouped_cv/experiments/metadata_only/GradientBoosting/feature_importance.png,pooled_all_weeks/grouped_cv/experiments/metadata_only/GradientBoosting/feature_importance.png,.png,87953
outputs/ultimate_load_refocus/pooled_all_weeks/grouped_cv/experiments/metadata_only/GradientBoosting/feature_importance_full_fit.csv,pooled_all_weeks/grouped_cv/experiments/metadata_only/GradientBoosting/feature_importance_full_fit.csv,.csv,979
outputs/ultimate_load_refocus/pooled_all_weeks/grouped_cv/experiments/metadata_only/GradientBoosting/feature_importance_summary.csv,pooled_all_weeks/grouped_cv/experiments/metadata_only/GradientBoosting/feature_importance_summary.csv,.csv,868
outputs/ultimate_load_refocus/pooled_all_weeks/grouped_cv/experiments/metadata_only/GradientBoosting/fold_feature_importance.csv,pooled_all_weeks/grouped_cv/experiments/metadata_only/GradientBoosting/fold_feature_importance.csv,.csv,13510
outputs/ultimate_load_refocus/pooled_all_weeks/grouped_cv/experiments/metadata_only/GradientBoosting/fold_metrics.csv,pooled_all_weeks/grouped_cv/experiments/metadata_only/GradientBoosting/fold_metrics.csv,.csv,2376
outputs/ultimate_load_refocus/pooled_all_weeks/grouped_cv/experiments/metadata_only/GradientBoosting/learning_curve.png,pooled_all_weeks/grouped_cv/experiments/metadata_only/GradientBoosting/learning_curve.png,.png,132370
outputs/ultimate_load_refocus/pooled_all_weeks/grouped_cv/experiments/metadata_only/GradientBoosting/learning_curve_raw.csv,pooled_all_weeks/grouped_cv/experiments/metadata_only/GradientBoosting/learning_curve_raw.csv,.csv,8400
outputs/ultimate_load_refocus/pooled_all_weeks/grouped_cv/experiments/metadata_only/GradientBoosting/learning_curve_summary.csv,pooled_all_weeks/grouped_cv/experiments/metadata_only/GradientBoosting/learning_curve_summary.csv,.csv,1721
outputs/ultimate_load_refocus/pooled_all_weeks/grouped_cv/experiments/metadata_only/GradientBoosting/partial_dependence.csv,pooled_all_weeks/grouped_cv/experiments/metadata_only/GradientBoosting/partial_dependence.csv,.csv,839
outputs/ultimate_load_refocus/pooled_all_weeks/grouped_cv/experiments/metadata_only/GradientBoosting/partial_dependence.png,pooled_all_weeks/grouped_cv/experiments/metadata_only/GradientBoosting/partial_dependence.png,.png,215346
outputs/ultimate_load_refocus/pooled_all_weeks/grouped_cv/experiments/metadata_only/GradientBoosting/prediction_vs_ground_truth.png,pooled_all_weeks/grouped_cv/experiments/metadata_only/GradientBoosting/prediction_vs_ground_truth.png,.png,121831
outputs/ultimate_load_refocus/pooled_all_weeks/grouped_cv/experiments/metadata_only/GradientBoosting/residual_analysis.png,pooled_all_weeks/grouped_cv/experiments/metadata_only/GradientBoosting/residual_analysis.png,.png,128192
outputs/ultimate_load_refocus/pooled_all_weeks/grouped_cv/experiments/metadata_only/GradientBoosting/summary_metrics.csv,pooled_all_weeks/grouped_cv/experiments/metadata_only/GradientBoosting/summary_metrics.csv,.csv,426
outputs/ultimate_load_refocus/pooled_all_weeks/grouped_cv/experiments/metadata_only/GradientBoosting/terminal_fold_predictions.csv,pooled_all_weeks/grouped_cv/experiments/metadata_only/GradientBoosting/terminal_fold_predictions.csv,.csv,15607
outputs/ultimate_load_refocus/pooled_all_weeks/grouped_cv/experiments/metadata_only/GradientBoosting/terminal_oof_predictions.csv,pooled_all_weeks/grouped_cv/experiments/metadata_only/GradientBoosting/terminal_oof_predictions.csv,.csv,7088
outputs/ultimate_load_refocus/pooled_all_weeks/grouped_cv/experiments/metadata_only/GradientBoosting/uncertainty.png,pooled_all_weeks/grouped_cv/experiments/metadata_only/GradientBoosting/uncertainty.png,.png,177149
outputs/ultimate_load_refocus/pooled_all_weeks/grouped_cv/experiments/metadata_only/RandomForest/cv_stability.png,pooled_all_weeks/grouped_cv/experiments/metadata_only/RandomForest/cv_stability.png,.png,56150
outputs/ultimate_load_refocus/pooled_all_weeks/grouped_cv/experiments/metadata_only/RandomForest/error_distribution.png,pooled_all_weeks/grouped_cv/experiments/metadata_only/RandomForest/error_distribution.png,.png,111487
outputs/ultimate_load_refocus/pooled_all_weeks/grouped_cv/experiments/metadata_only/RandomForest/feature_importance.png,pooled_all_weeks/grouped_cv/experiments/metadata_only/RandomForest/feature_importance.png,.png,86702
outputs/ultimate_load_refocus/pooled_all_weeks/grouped_cv/experiments/metadata_only/RandomForest/feature_importance_full_fit.csv,pooled_all_weeks/grouped_cv/experiments/metadata_only/RandomForest/feature_importance_full_fit.csv,.csv,973
outputs/ultimate_load_refocus/pooled_all_weeks/grouped_cv/experiments/metadata_only/RandomForest/feature_importance_summary.csv,pooled_all_weeks/grouped_cv/experiments/metadata_only/RandomForest/feature_importance_summary.csv,.csv,864
outputs/ultimate_load_refocus/pooled_all_weeks/grouped_cv/experiments/metadata_only/RandomForest/fold_feature_importance.csv,pooled_all_weeks/grouped_cv/experiments/metadata_only/RandomForest/fold_feature_importance.csv,.csv,13602
outputs/ultimate_load_refocus/pooled_all_weeks/grouped_cv/experiments/metadata_only/RandomForest/fold_metrics.csv,pooled_all_weeks/grouped_cv/experiments/metadata_only/RandomForest/fold_metrics.csv,.csv,2371
outputs/ultimate_load_refocus/pooled_all_weeks/grouped_cv/experiments/metadata_only/RandomForest/learning_curve.png,pooled_all_weeks/grouped_cv/experiments/metadata_only/RandomForest/learning_curve.png,.png,137353
outputs/ultimate_load_refocus/pooled_all_weeks/grouped_cv/experiments/metadata_only/RandomForest/learning_curve_raw.csv,pooled_all_weeks/grouped_cv/experiments/metadata_only/RandomForest/learning_curve_raw.csv,.csv,8414
outputs/ultimate_load_refocus/pooled_all_weeks/grouped_cv/experiments/metadata_only/RandomForest/learning_curve_summary.csv,pooled_all_weeks/grouped_cv/experiments/metadata_only/RandomForest/learning_curve_summary.csv,.csv,1722
outputs/ultimate_load_refocus/pooled_all_weeks/grouped_cv/experiments/metadata_only/RandomForest/partial_dependence.csv,pooled_all_weeks/grouped_cv/experiments/metadata_only/RandomForest/partial_dependence.csv,.csv,841
outputs/ultimate_load_refocus/pooled_all_weeks/grouped_cv/experiments/metadata_only/RandomForest/partial_dependence.png,pooled_all_weeks/grouped_cv/experiments/metadata_only/RandomForest/partial_dependence.png,.png,208635
outputs/ultimate_load_refocus/pooled_all_weeks/grouped_cv/experiments/metadata_only/RandomForest/prediction_vs_ground_truth.png,pooled_all_weeks/grouped_cv/experiments/metadata_only/RandomForest/prediction_vs_ground_truth.png,.png,118624
outputs/ultimate_load_refocus/pooled_all_weeks/grouped_cv/experiments/metadata_only/RandomForest/residual_analysis.png,pooled_all_weeks/grouped_cv/experiments/metadata_only/RandomForest/residual_analysis.png,.png,121784
outputs/ultimate_load_refocus/pooled_all_weeks/grouped_cv/experiments/metadata_only/RandomForest/summary_metrics.csv,pooled_all_weeks/grouped_cv/experiments/metadata_only/RandomForest/summary_metrics.csv,.csv,424
outputs/ultimate_load_refocus/pooled_all_weeks/grouped_cv/experiments/metadata_only/RandomForest/terminal_fold_predictions.csv,pooled_all_weeks/grouped_cv/experiments/metadata_only/RandomForest/terminal_fold_predictions.csv,.csv,15587
outputs/ultimate_load_refocus/pooled_all_weeks/grouped_cv/experiments/metadata_only/RandomForest/terminal_oof_predictions.csv,pooled_all_weeks/grouped_cv/experiments/metadata_only/RandomForest/terminal_oof_predictions.csv,.csv,7014
outputs/ultimate_load_refocus/pooled_all_weeks/grouped_cv/experiments/metadata_only/RandomForest/uncertainty.png,pooled_all_weeks/grouped_cv/experiments/metadata_only/RandomForest/uncertainty.png,.png,174982
outputs/ultimate_load_refocus/pooled_all_weeks/grouped_cv/experiments/metadata_only/Ridge/cv_stability.png,pooled_all_weeks/grouped_cv/experiments/metadata_only/Ridge/cv_stability.png,.png,54873
outputs/ultimate_load_refocus/pooled_all_weeks/grouped_cv/experiments/metadata_only/Ridge/error_distribution.png,pooled_all_weeks/grouped_cv/experiments/metadata_only/Ridge/error_distribution.png,.png,107876
outputs/ultimate_load_refocus/pooled_all_weeks/grouped_cv/experiments/metadata_only/Ridge/feature_importance.png,pooled_all_weeks/grouped_cv/experiments/metadata_only/Ridge/feature_importance.png,.png,85475
outputs/ultimate_load_refocus/pooled_all_weeks/grouped_cv/experiments/metadata_only/Ridge/feature_importance_full_fit.csv,pooled_all_weeks/grouped_cv/experiments/metadata_only/Ridge/feature_importance_full_fit.csv,.csv,907
outputs/ultimate_load_refocus/pooled_all_weeks/grouped_cv/experiments/metadata_only/Ridge/feature_importance_summary.csv,pooled_all_weeks/grouped_cv/experiments/metadata_only/Ridge/feature_importance_summary.csv,.csv,799
outputs/ultimate_load_refocus/pooled_all_weeks/grouped_cv/experiments/metadata_only/Ridge/fold_feature_importance.csv,pooled_all_weeks/grouped_cv/experiments/metadata_only/Ridge/fold_feature_importance.csv,.csv,12972
outputs/ultimate_load_refocus/pooled_all_weeks/grouped_cv/experiments/metadata_only/Ridge/fold_metrics.csv,pooled_all_weeks/grouped_cv/experiments/metadata_only/Ridge/fold_metrics.csv,.csv,2360
outputs/ultimate_load_refocus/pooled_all_weeks/grouped_cv/experiments/metadata_only/Ridge/learning_curve.png,pooled_all_weeks/grouped_cv/experiments/metadata_only/Ridge/learning_curve.png,.png,147265
outputs/ultimate_load_refocus/pooled_all_weeks/grouped_cv/experiments/metadata_only/Ridge/learning_curve_raw.csv,pooled_all_weeks/grouped_cv/experiments/metadata_only/Ridge/learning_curve_raw.csv,.csv,8449
outputs/ultimate_load_refocus/pooled_all_weeks/grouped_cv/experiments/metadata_only/Ridge/learning_curve_summary.csv,pooled_all_weeks/grouped_cv/experiments/metadata_only/Ridge/learning_curve_summary.csv,.csv,1717
outputs/ultimate_load_refocus/pooled_all_weeks/grouped_cv/experiments/metadata_only/Ridge/partial_dependence.csv,pooled_all_weeks/grouped_cv/experiments/metadata_only/Ridge/partial_dependence.csv,.csv,686
outputs/ultimate_load_refocus/pooled_all_weeks/grouped_cv/experiments/metadata_only/Ridge/partial_dependence.png,pooled_all_weeks/grouped_cv/experiments/metadata_only/Ridge/partial_dependence.png,.png,129618
outputs/ultimate_load_refocus/pooled_all_weeks/grouped_cv/experiments/metadata_only/Ridge/prediction_vs_ground_truth.png,pooled_all_weeks/grouped_cv/experiments/metadata_only/Ridge/prediction_vs_ground_truth.png,.png,113037
outputs/ultimate_load_refocus/pooled_all_weeks/grouped_cv/experiments/metadata_only/Ridge/residual_analysis.png,pooled_all_weeks/grouped_cv/experiments/metadata_only/Ridge/residual_analysis.png,.png,120998
outputs/ultimate_load_refocus/pooled_all_weeks/grouped_cv/experiments/metadata_only/Ridge/summary_metrics.csv,pooled_all_weeks/grouped_cv/experiments/metadata_only/Ridge/summary_metrics.csv,.csv,417
outputs/ultimate_load_refocus/pooled_all_weeks/grouped_cv/experiments/metadata_only/Ridge/terminal_fold_predictions.csv,pooled_all_weeks/grouped_cv/experiments/metadata_only/Ridge/terminal_fold_predictions.csv,.csv,15603
outputs/ultimate_load_refocus/pooled_all_weeks/grouped_cv/experiments/metadata_only/Ridge/terminal_oof_predictions.csv,pooled_all_weeks/grouped_cv/experiments/metadata_only/Ridge/terminal_oof_predictions.csv,.csv,7096
outputs/ultimate_load_refocus/pooled_all_weeks/grouped_cv/experiments/metadata_only/Ridge/uncertainty.png,pooled_all_weeks/grouped_cv/experiments/metadata_only/Ridge/uncertainty.png,.png,174692
outputs/ultimate_load_refocus/pooled_all_weeks/grouped_cv/experiments/metadata_only/XGBoost/cv_stability.png,pooled_all_weeks/grouped_cv/experiments/metadata_only/XGBoost/cv_stability.png,.png,56330
outputs/ultimate_load_refocus/pooled_all_weeks/grouped_cv/experiments/metadata_only/XGBoost/error_distribution.png,pooled_all_weeks/grouped_cv/experiments/metadata_only/XGBoost/error_distribution.png,.png,114365
outputs/ultimate_load_refocus/pooled_all_weeks/grouped_cv/experiments/metadata_only/XGBoost/feature_importance.png,pooled_all_weeks/grouped_cv/experiments/metadata_only/XGBoost/feature_importance.png,.png,84641
outputs/ultimate_load_refocus/pooled_all_weeks/grouped_cv/experiments/metadata_only/XGBoost/feature_importance_full_fit.csv,pooled_all_weeks/grouped_cv/experiments/metadata_only/XGBoost/feature_importance_full_fit.csv,.csv,949
outputs/ultimate_load_refocus/pooled_all_weeks/grouped_cv/experiments/metadata_only/XGBoost/feature_importance_summary.csv,pooled_all_weeks/grouped_cv/experiments/metadata_only/XGBoost/feature_importance_summary.csv,.csv,866
outputs/ultimate_load_refocus/pooled_all_weeks/grouped_cv/experiments/metadata_only/XGBoost/fold_feature_importance.csv,pooled_all_weeks/grouped_cv/experiments/metadata_only/XGBoost/fold_feature_importance.csv,.csv,13386
outputs/ultimate_load_refocus/pooled_all_weeks/grouped_cv/experiments/metadata_only/XGBoost/fold_metrics.csv,pooled_all_weeks/grouped_cv/experiments/metadata_only/XGBoost/fold_metrics.csv,.csv,2400
outputs/ultimate_load_refocus/pooled_all_weeks/grouped_cv/experiments/metadata_only/XGBoost/learning_curve.png,pooled_all_weeks/grouped_cv/experiments/metadata_only/XGBoost/learning_curve.png,.png,136421
outputs/ultimate_load_refocus/pooled_all_weeks/grouped_cv/experiments/metadata_only/XGBoost/learning_curve_raw.csv,pooled_all_weeks/grouped_cv/experiments/metadata_only/XGBoost/learning_curve_raw.csv,.csv,8503
outputs/ultimate_load_refocus/pooled_all_weeks/grouped_cv/experiments/metadata_only/XGBoost/learning_curve_summary.csv,pooled_all_weeks/grouped_cv/experiments/metadata_only/XGBoost/learning_curve_summary.csv,.csv,1731
outputs/ultimate_load_refocus/pooled_all_weeks/grouped_cv/experiments/metadata_only/XGBoost/partial_dependence.csv,pooled_all_weeks/grouped_cv/experiments/metadata_only/XGBoost/partial_dependence.csv,.csv,636
outputs/ultimate_load_refocus/pooled_all_weeks/grouped_cv/experiments/metadata_only/XGBoost/partial_dependence.png,pooled_all_weeks/grouped_cv/experiments/metadata_only/XGBoost/partial_dependence.png,.png,155811
outputs/ultimate_load_refocus/pooled_all_weeks/grouped_cv/experiments/metadata_only/XGBoost/prediction_vs_ground_truth.png,pooled_all_weeks/grouped_cv/experiments/metadata_only/XGBoost/prediction_vs_ground_truth.png,.png,120819
outputs/ultimate_load_refocus/pooled_all_weeks/grouped_cv/experiments/metadata_only/XGBoost/residual_analysis.png,pooled_all_weeks/grouped_cv/experiments/metadata_only/XGBoost/residual_analysis.png,.png,125378
outputs/ultimate_load_refocus/pooled_all_weeks/grouped_cv/experiments/metadata_only/XGBoost/summary_metrics.csv,pooled_all_weeks/grouped_cv/experiments/metadata_only/XGBoost/summary_metrics.csv,.csv,419
outputs/ultimate_load_refocus/pooled_all_weeks/grouped_cv/experiments/metadata_only/XGBoost/terminal_fold_predictions.csv,pooled_all_weeks/grouped_cv/experiments/metadata_only/XGBoost/terminal_fold_predictions.csv,.csv,15614
outputs/ultimate_load_refocus/pooled_all_weeks/grouped_cv/experiments/metadata_only/XGBoost/terminal_oof_predictions.csv,pooled_all_weeks/grouped_cv/experiments/metadata_only/XGBoost/terminal_oof_predictions.csv,.csv,7067
outputs/ultimate_load_refocus/pooled_all_weeks/grouped_cv/experiments/metadata_only/XGBoost/uncertainty.png,pooled_all_weeks/grouped_cv/experiments/metadata_only/XGBoost/uncertainty.png,.png,179244
outputs/ultimate_load_refocus/pooled_all_weeks/grouped_cv/experiments/metadata_rgb/CatBoost/cv_stability.png,pooled_all_weeks/grouped_cv/experiments/metadata_rgb/CatBoost/cv_stability.png,.png,55910
outputs/ultimate_load_refocus/pooled_all_weeks/grouped_cv/experiments/metadata_rgb/CatBoost/error_distribution.png,pooled_all_weeks/grouped_cv/experiments/metadata_rgb/CatBoost/error_distribution.png,.png,114047
outputs/ultimate_load_refocus/pooled_all_weeks/grouped_cv/experiments/metadata_rgb/CatBoost/feature_importance.png,pooled_all_weeks/grouped_cv/experiments/metadata_rgb/CatBoost/feature_importance.png,.png,152446
outputs/ultimate_load_refocus/pooled_all_weeks/grouped_cv/experiments/metadata_rgb/CatBoost/feature_importance_full_fit.csv,pooled_all_weeks/grouped_cv/experiments/metadata_rgb/CatBoost/feature_importance_full_fit.csv,.csv,4463
outputs/ultimate_load_refocus/pooled_all_weeks/grouped_cv/experiments/metadata_rgb/CatBoost/feature_importance_summary.csv,pooled_all_weeks/grouped_cv/experiments/metadata_rgb/CatBoost/feature_importance_summary.csv,.csv,3969
outputs/ultimate_load_refocus/pooled_all_weeks/grouped_cv/experiments/metadata_rgb/CatBoost/fold_feature_importance.csv,pooled_all_weeks/grouped_cv/experiments/metadata_rgb/CatBoost/fold_feature_importance.csv,.csv,64964
outputs/ultimate_load_refocus/pooled_all_weeks/grouped_cv/experiments/metadata_rgb/CatBoost/fold_metrics.csv,pooled_all_weeks/grouped_cv/experiments/metadata_rgb/CatBoost/fold_metrics.csv,.csv,2378
outputs/ultimate_load_refocus/pooled_all_weeks/grouped_cv/experiments/metadata_rgb/CatBoost/learning_curve.png,pooled_all_weeks/grouped_cv/experiments/metadata_rgb/CatBoost/learning_curve.png,.png,134436
outputs/ultimate_load_refocus/pooled_all_weeks/grouped_cv/experiments/metadata_rgb/CatBoost/learning_curve_raw.csv,pooled_all_weeks/grouped_cv/experiments/metadata_rgb/CatBoost/learning_curve_raw.csv,.csv,8390
outputs/ultimate_load_refocus/pooled_all_weeks/grouped_cv/experiments/metadata_rgb/CatBoost/learning_curve_summary.csv,pooled_all_weeks/grouped_cv/experiments/metadata_rgb/CatBoost/learning_curve_summary.csv,.csv,1716
outputs/ultimate_load_refocus/pooled_all_weeks/grouped_cv/experiments/metadata_rgb/CatBoost/partial_dependence.csv,pooled_all_weeks/grouped_cv/experiments/metadata_rgb/CatBoost/partial_dependence.csv,.csv,1132
outputs/ultimate_load_refocus/pooled_all_weeks/grouped_cv/experiments/metadata_rgb/CatBoost/partial_dependence.png,pooled_all_weeks/grouped_cv/experiments/metadata_rgb/CatBoost/partial_dependence.png,.png,240416
outputs/ultimate_load_refocus/pooled_all_weeks/grouped_cv/experiments/metadata_rgb/CatBoost/prediction_vs_ground_truth.png,pooled_all_weeks/grouped_cv/experiments/metadata_rgb/CatBoost/prediction_vs_ground_truth.png,.png,117342
outputs/ultimate_load_refocus/pooled_all_weeks/grouped_cv/experiments/metadata_rgb/CatBoost/residual_analysis.png,pooled_all_weeks/grouped_cv/experiments/metadata_rgb/CatBoost/residual_analysis.png,.png,127030
outputs/ultimate_load_refocus/pooled_all_weeks/grouped_cv/experiments/metadata_rgb/CatBoost/summary_metrics.csv,pooled_all_weeks/grouped_cv/experiments/metadata_rgb/CatBoost/summary_metrics.csv,.csv,419
outputs/ultimate_load_refocus/pooled_all_weeks/grouped_cv/experiments/metadata_rgb/CatBoost/terminal_fold_predictions.csv,pooled_all_weeks/grouped_cv/experiments/metadata_rgb/CatBoost/terminal_fold_predictions.csv,.csv,15598
outputs/ultimate_load_refocus/pooled_all_weeks/grouped_cv/experiments/metadata_rgb/CatBoost/terminal_oof_predictions.csv,pooled_all_weeks/grouped_cv/experiments/metadata_rgb/CatBoost/terminal_oof_predictions.csv,.csv,7096
outputs/ultimate_load_refocus/pooled_all_weeks/grouped_cv/experiments/metadata_rgb/CatBoost/uncertainty.png,pooled_all_weeks/grouped_cv/experiments/metadata_rgb/CatBoost/uncertainty.png,.png,177786
outputs/ultimate_load_refocus/pooled_all_weeks/grouped_cv/experiments/metadata_rgb/GradientBoosting/cv_stability.png,pooled_all_weeks/grouped_cv/experiments/metadata_rgb/GradientBoosting/cv_stability.png,.png,62912
outputs/ultimate_load_refocus/pooled_all_weeks/grouped_cv/experiments/metadata_rgb/GradientBoosting/error_distribution.png,pooled_all_weeks/grouped_cv/experiments/metadata_rgb/GradientBoosting/error_distribution.png,.png,122148
outputs/ultimate_load_refocus/pooled_all_weeks/grouped_cv/experiments/metadata_rgb/GradientBoosting/feature_importance.png,pooled_all_weeks/grouped_cv/experiments/metadata_rgb/GradientBoosting/feature_importance.png,.png,148749
outputs/ultimate_load_refocus/pooled_all_weeks/grouped_cv/experiments/metadata_rgb/GradientBoosting/feature_importance_full_fit.csv,pooled_all_weeks/grouped_cv/experiments/metadata_rgb/GradientBoosting/feature_importance_full_fit.csv,.csv,4711
outputs/ultimate_load_refocus/pooled_all_weeks/grouped_cv/experiments/metadata_rgb/GradientBoosting/feature_importance_summary.csv,pooled_all_weeks/grouped_cv/experiments/metadata_rgb/GradientBoosting/feature_importance_summary.csv,.csv,4221
outputs/ultimate_load_refocus/pooled_all_weeks/grouped_cv/experiments/metadata_rgb/GradientBoosting/fold_feature_importance.csv,pooled_all_weeks/grouped_cv/experiments/metadata_rgb/GradientBoosting/fold_feature_importance.csv,.csv,67236
outputs/ultimate_load_refocus/pooled_all_weeks/grouped_cv/experiments/metadata_rgb/GradientBoosting/fold_metrics.csv,pooled_all_weeks/grouped_cv/experiments/metadata_rgb/GradientBoosting/fold_metrics.csv,.csv,2379
outputs/ultimate_load_refocus/pooled_all_weeks/grouped_cv/experiments/metadata_rgb/GradientBoosting/learning_curve.png,pooled_all_weeks/grouped_cv/experiments/metadata_rgb/GradientBoosting/learning_curve.png,.png,135206
outputs/ultimate_load_refocus/pooled_all_weeks/grouped_cv/experiments/metadata_rgb/GradientBoosting/learning_curve_raw.csv,pooled_all_weeks/grouped_cv/experiments/metadata_rgb/GradientBoosting/learning_curve_raw.csv,.csv,8407
outputs/ultimate_load_refocus/pooled_all_weeks/grouped_cv/experiments/metadata_rgb/GradientBoosting/learning_curve_summary.csv,pooled_all_weeks/grouped_cv/experiments/metadata_rgb/GradientBoosting/learning_curve_summary.csv,.csv,1706
outputs/ultimate_load_refocus/pooled_all_weeks/grouped_cv/experiments/metadata_rgb/GradientBoosting/partial_dependence.csv,pooled_all_weeks/grouped_cv/experiments/metadata_rgb/GradientBoosting/partial_dependence.csv,.csv,843
outputs/ultimate_load_refocus/pooled_all_weeks/grouped_cv/experiments/metadata_rgb/GradientBoosting/partial_dependence.png,pooled_all_weeks/grouped_cv/experiments/metadata_rgb/GradientBoosting/partial_dependence.png,.png,218677
outputs/ultimate_load_refocus/pooled_all_weeks/grouped_cv/experiments/metadata_rgb/GradientBoosting/prediction_vs_ground_truth.png,pooled_all_weeks/grouped_cv/experiments/metadata_rgb/GradientBoosting/prediction_vs_ground_truth.png,.png,120725
outputs/ultimate_load_refocus/pooled_all_weeks/grouped_cv/experiments/metadata_rgb/GradientBoosting/residual_analysis.png,pooled_all_weeks/grouped_cv/experiments/metadata_rgb/GradientBoosting/residual_analysis.png,.png,129403
outputs/ultimate_load_refocus/pooled_all_weeks/grouped_cv/experiments/metadata_rgb/GradientBoosting/summary_metrics.csv,pooled_all_weeks/grouped_cv/experiments/metadata_rgb/GradientBoosting/summary_metrics.csv,.csv,428
outputs/ultimate_load_refocus/pooled_all_weeks/grouped_cv/experiments/metadata_rgb/GradientBoosting/terminal_fold_predictions.csv,pooled_all_weeks/grouped_cv/experiments/metadata_rgb/GradientBoosting/terminal_fold_predictions.csv,.csv,15604
outputs/ultimate_load_refocus/pooled_all_weeks/grouped_cv/experiments/metadata_rgb/GradientBoosting/terminal_oof_predictions.csv,pooled_all_weeks/grouped_cv/experiments/metadata_rgb/GradientBoosting/terminal_oof_predictions.csv,.csv,7081
outputs/ultimate_load_refocus/pooled_all_weeks/grouped_cv/experiments/metadata_rgb/GradientBoosting/uncertainty.png,pooled_all_weeks/grouped_cv/experiments/metadata_rgb/GradientBoosting/uncertainty.png,.png,182647
outputs/ultimate_load_refocus/pooled_all_weeks/grouped_cv/experiments/metadata_rgb/RandomForest/cv_stability.png,pooled_all_weeks/grouped_cv/experiments/metadata_rgb/RandomForest/cv_stability.png,.png,63204
outputs/ultimate_load_refocus/pooled_all_weeks/grouped_cv/experiments/metadata_rgb/RandomForest/error_distribution.png,pooled_all_weeks/grouped_cv/experiments/metadata_rgb/RandomForest/error_distribution.png,.png,116219
outputs/ultimate_load_refocus/pooled_all_weeks/grouped_cv/experiments/metadata_rgb/RandomForest/feature_importance.png,pooled_all_weeks/grouped_cv/experiments/metadata_rgb/RandomForest/feature_importance.png,.png,152412
outputs/ultimate_load_refocus/pooled_all_weeks/grouped_cv/experiments/metadata_rgb/RandomForest/feature_importance_full_fit.csv,pooled_all_weeks/grouped_cv/experiments/metadata_rgb/RandomForest/feature_importance_full_fit.csv,.csv,4695
outputs/ultimate_load_refocus/pooled_all_weeks/grouped_cv/experiments/metadata_rgb/RandomForest/feature_importance_summary.csv,pooled_all_weeks/grouped_cv/experiments/metadata_rgb/RandomForest/feature_importance_summary.csv,.csv,4213
outputs/ultimate_load_refocus/pooled_all_weeks/grouped_cv/experiments/metadata_rgb/RandomForest/fold_feature_importance.csv,pooled_all_weeks/grouped_cv/experiments/metadata_rgb/RandomForest/fold_feature_importance.csv,.csv,67244
outputs/ultimate_load_refocus/pooled_all_weeks/grouped_cv/experiments/metadata_rgb/RandomForest/fold_metrics.csv,pooled_all_weeks/grouped_cv/experiments/metadata_rgb/RandomForest/fold_metrics.csv,.csv,2358
outputs/ultimate_load_refocus/pooled_all_weeks/grouped_cv/experiments/metadata_rgb/RandomForest/learning_curve.png,pooled_all_weeks/grouped_cv/experiments/metadata_rgb/RandomForest/learning_curve.png,.png,139084
outputs/ultimate_load_refocus/pooled_all_weeks/grouped_cv/experiments/metadata_rgb/RandomForest/learning_curve_raw.csv,pooled_all_weeks/grouped_cv/experiments/metadata_rgb/RandomForest/learning_curve_raw.csv,.csv,8372
outputs/ultimate_load_refocus/pooled_all_weeks/grouped_cv/experiments/metadata_rgb/RandomForest/learning_curve_summary.csv,pooled_all_weeks/grouped_cv/experiments/metadata_rgb/RandomForest/learning_curve_summary.csv,.csv,1731
outputs/ultimate_load_refocus/pooled_all_weeks/grouped_cv/experiments/metadata_rgb/RandomForest/partial_dependence.csv,pooled_all_weeks/grouped_cv/experiments/metadata_rgb/RandomForest/partial_dependence.csv,.csv,1437
outputs/ultimate_load_refocus/pooled_all_weeks/grouped_cv/experiments/metadata_rgb/RandomForest/partial_dependence.png,pooled_all_weeks/grouped_cv/experiments/metadata_rgb/RandomForest/partial_dependence.png,.png,245740
outputs/ultimate_load_refocus/pooled_all_weeks/grouped_cv/experiments/metadata_rgb/RandomForest/prediction_vs_ground_truth.png,pooled_all_weeks/grouped_cv/experiments/metadata_rgb/RandomForest/prediction_vs_ground_truth.png,.png,120653
outputs/ultimate_load_refocus/pooled_all_weeks/grouped_cv/experiments/metadata_rgb/RandomForest/residual_analysis.png,pooled_all_weeks/grouped_cv/experiments/metadata_rgb/RandomForest/residual_analysis.png,.png,125881
outputs/ultimate_load_refocus/pooled_all_weeks/grouped_cv/experiments/metadata_rgb/RandomForest/summary_metrics.csv,pooled_all_weeks/grouped_cv/experiments/metadata_rgb/RandomForest/summary_metrics.csv,.csv,423
outputs/ultimate_load_refocus/pooled_all_weeks/grouped_cv/experiments/metadata_rgb/RandomForest/terminal_fold_predictions.csv,pooled_all_weeks/grouped_cv/experiments/metadata_rgb/RandomForest/terminal_fold_predictions.csv,.csv,15612
outputs/ultimate_load_refocus/pooled_all_weeks/grouped_cv/experiments/metadata_rgb/RandomForest/terminal_oof_predictions.csv,pooled_all_weeks/grouped_cv/experiments/metadata_rgb/RandomForest/terminal_oof_predictions.csv,.csv,7084
outputs/ultimate_load_refocus/pooled_all_weeks/grouped_cv/experiments/metadata_rgb/RandomForest/uncertainty.png,pooled_all_weeks/grouped_cv/experiments/metadata_rgb/RandomForest/uncertainty.png,.png,179353
outputs/ultimate_load_refocus/pooled_all_weeks/grouped_cv/experiments/metadata_rgb/Ridge/cv_stability.png,pooled_all_weeks/grouped_cv/experiments/metadata_rgb/Ridge/cv_stability.png,.png,54773
outputs/ultimate_load_refocus/pooled_all_weeks/grouped_cv/experiments/metadata_rgb/Ridge/error_distribution.png,pooled_all_weeks/grouped_cv/experiments/metadata_rgb/Ridge/error_distribution.png,.png,109899
outputs/ultimate_load_refocus/pooled_all_weeks/grouped_cv/experiments/metadata_rgb/Ridge/feature_importance.png,pooled_all_weeks/grouped_cv/experiments/metadata_rgb/Ridge/feature_importance.png,.png,146417
outputs/ultimate_load_refocus/pooled_all_weeks/grouped_cv/experiments/metadata_rgb/Ridge/feature_importance_full_fit.csv,pooled_all_weeks/grouped_cv/experiments/metadata_rgb/Ridge/feature_importance_full_fit.csv,.csv,4258
outputs/ultimate_load_refocus/pooled_all_weeks/grouped_cv/experiments/metadata_rgb/Ridge/feature_importance_summary.csv,pooled_all_weeks/grouped_cv/experiments/metadata_rgb/Ridge/feature_importance_summary.csv,.csv,3770
outputs/ultimate_load_refocus/pooled_all_weeks/grouped_cv/experiments/metadata_rgb/Ridge/fold_feature_importance.csv,pooled_all_weeks/grouped_cv/experiments/metadata_rgb/Ridge/fold_feature_importance.csv,.csv,62784
outputs/ultimate_load_refocus/pooled_all_weeks/grouped_cv/experiments/metadata_rgb/Ridge/fold_metrics.csv,pooled_all_weeks/grouped_cv/experiments/metadata_rgb/Ridge/fold_metrics.csv,.csv,2356
outputs/ultimate_load_refocus/pooled_all_weeks/grouped_cv/experiments/metadata_rgb/Ridge/learning_curve.png,pooled_all_weeks/grouped_cv/experiments/metadata_rgb/Ridge/learning_curve.png,.png,155236
outputs/ultimate_load_refocus/pooled_all_weeks/grouped_cv/experiments/metadata_rgb/Ridge/learning_curve_raw.csv,pooled_all_weeks/grouped_cv/experiments/metadata_rgb/Ridge/learning_curve_raw.csv,.csv,8417
outputs/ultimate_load_refocus/pooled_all_weeks/grouped_cv/experiments/metadata_rgb/Ridge/learning_curve_summary.csv,pooled_all_weeks/grouped_cv/experiments/metadata_rgb/Ridge/learning_curve_summary.csv,.csv,1709
outputs/ultimate_load_refocus/pooled_all_weeks/grouped_cv/experiments/metadata_rgb/Ridge/partial_dependence.csv,pooled_all_weeks/grouped_cv/experiments/metadata_rgb/Ridge/partial_dependence.csv,.csv,1760
outputs/ultimate_load_refocus/pooled_all_weeks/grouped_cv/experiments/metadata_rgb/Ridge/partial_dependence.png,pooled_all_weeks/grouped_cv/experiments/metadata_rgb/Ridge/partial_dependence.png,.png,139932
outputs/ultimate_load_refocus/pooled_all_weeks/grouped_cv/experiments/metadata_rgb/Ridge/prediction_vs_ground_truth.png,pooled_all_weeks/grouped_cv/experiments/metadata_rgb/Ridge/prediction_vs_ground_truth.png,.png,118812
outputs/ultimate_load_refocus/pooled_all_weeks/grouped_cv/experiments/metadata_rgb/Ridge/residual_analysis.png,pooled_all_weeks/grouped_cv/experiments/metadata_rgb/Ridge/residual_analysis.png,.png,122557
outputs/ultimate_load_refocus/pooled_all_weeks/grouped_cv/experiments/metadata_rgb/Ridge/summary_metrics.csv,pooled_all_weeks/grouped_cv/experiments/metadata_rgb/Ridge/summary_metrics.csv,.csv,417
outputs/ultimate_load_refocus/pooled_all_weeks/grouped_cv/experiments/metadata_rgb/Ridge/terminal_fold_predictions.csv,pooled_all_weeks/grouped_cv/experiments/metadata_rgb/Ridge/terminal_fold_predictions.csv,.csv,15632
outputs/ultimate_load_refocus/pooled_all_weeks/grouped_cv/experiments/metadata_rgb/Ridge/terminal_oof_predictions.csv,pooled_all_weeks/grouped_cv/experiments/metadata_rgb/Ridge/terminal_oof_predictions.csv,.csv,7090
outputs/ultimate_load_refocus/pooled_all_weeks/grouped_cv/experiments/metadata_rgb/Ridge/uncertainty.png,pooled_all_weeks/grouped_cv/experiments/metadata_rgb/Ridge/uncertainty.png,.png,178768
outputs/ultimate_load_refocus/pooled_all_weeks/grouped_cv/experiments/metadata_rgb/XGBoost/cv_stability.png,pooled_all_weeks/grouped_cv/experiments/metadata_rgb/XGBoost/cv_stability.png,.png,56429
outputs/ultimate_load_refocus/pooled_all_weeks/grouped_cv/experiments/metadata_rgb/XGBoost/error_distribution.png,pooled_all_weeks/grouped_cv/experiments/metadata_rgb/XGBoost/error_distribution.png,.png,114860
outputs/ultimate_load_refocus/pooled_all_weeks/grouped_cv/experiments/metadata_rgb/XGBoost/feature_importance.png,pooled_all_weeks/grouped_cv/experiments/metadata_rgb/XGBoost/feature_importance.png,.png,148694
outputs/ultimate_load_refocus/pooled_all_weeks/grouped_cv/experiments/metadata_rgb/XGBoost/feature_importance_full_fit.csv,pooled_all_weeks/grouped_cv/experiments/metadata_rgb/XGBoost/feature_importance_full_fit.csv,.csv,4663
outputs/ultimate_load_refocus/pooled_all_weeks/grouped_cv/experiments/metadata_rgb/XGBoost/feature_importance_summary.csv,pooled_all_weeks/grouped_cv/experiments/metadata_rgb/XGBoost/feature_importance_summary.csv,.csv,4221
outputs/ultimate_load_refocus/pooled_all_weeks/grouped_cv/experiments/metadata_rgb/XGBoost/fold_feature_importance.csv,pooled_all_weeks/grouped_cv/experiments/metadata_rgb/XGBoost/fold_feature_importance.csv,.csv,67038
outputs/ultimate_load_refocus/pooled_all_weeks/grouped_cv/experiments/metadata_rgb/XGBoost/fold_metrics.csv,pooled_all_weeks/grouped_cv/experiments/metadata_rgb/XGBoost/fold_metrics.csv,.csv,2382
outputs/ultimate_load_refocus/pooled_all_weeks/grouped_cv/experiments/metadata_rgb/XGBoost/learning_curve.png,pooled_all_weeks/grouped_cv/experiments/metadata_rgb/XGBoost/learning_curve.png,.png,136960
outputs/ultimate_load_refocus/pooled_all_weeks/grouped_cv/experiments/metadata_rgb/XGBoost/learning_curve_raw.csv,pooled_all_weeks/grouped_cv/experiments/metadata_rgb/XGBoost/learning_curve_raw.csv,.csv,8436
outputs/ultimate_load_refocus/pooled_all_weeks/grouped_cv/experiments/metadata_rgb/XGBoost/learning_curve_summary.csv,pooled_all_weeks/grouped_cv/experiments/metadata_rgb/XGBoost/learning_curve_summary.csv,.csv,1727
outputs/ultimate_load_refocus/pooled_all_weeks/grouped_cv/experiments/metadata_rgb/XGBoost/partial_dependence.csv,pooled_all_weeks/grouped_cv/experiments/metadata_rgb/XGBoost/partial_dependence.csv,.csv,1133
outputs/ultimate_load_refocus/pooled_all_weeks/grouped_cv/experiments/metadata_rgb/XGBoost/partial_dependence.png,pooled_all_weeks/grouped_cv/experiments/metadata_rgb/XGBoost/partial_dependence.png,.png,226959
outputs/ultimate_load_refocus/pooled_all_weeks/grouped_cv/experiments/metadata_rgb/XGBoost/prediction_vs_ground_truth.png,pooled_all_weeks/grouped_cv/experiments/metadata_rgb/XGBoost/prediction_vs_ground_truth.png,.png,118637
outputs/ultimate_load_refocus/pooled_all_weeks/grouped_cv/experiments/metadata_rgb/XGBoost/residual_analysis.png,pooled_all_weeks/grouped_cv/experiments/metadata_rgb/XGBoost/residual_analysis.png,.png,125110
outputs/ultimate_load_refocus/pooled_all_weeks/grouped_cv/experiments/metadata_rgb/XGBoost/summary_metrics.csv,pooled_all_weeks/grouped_cv/experiments/metadata_rgb/XGBoost/summary_metrics.csv,.csv,419
outputs/ultimate_load_refocus/pooled_all_weeks/grouped_cv/experiments/metadata_rgb/XGBoost/terminal_fold_predictions.csv,pooled_all_weeks/grouped_cv/experiments/metadata_rgb/XGBoost/terminal_fold_predictions.csv,.csv,15588
outputs/ultimate_load_refocus/pooled_all_weeks/grouped_cv/experiments/metadata_rgb/XGBoost/terminal_oof_predictions.csv,pooled_all_weeks/grouped_cv/experiments/metadata_rgb/XGBoost/terminal_oof_predictions.csv,.csv,7089
outputs/ultimate_load_refocus/pooled_all_weeks/grouped_cv/experiments/metadata_rgb/XGBoost/uncertainty.png,pooled_all_weeks/grouped_cv/experiments/metadata_rgb/XGBoost/uncertainty.png,.png,181027
outputs/ultimate_load_refocus/pooled_all_weeks/grouped_cv/experiments/metadata_rgb_hsv/CatBoost/cv_stability.png,pooled_all_weeks/grouped_cv/experiments/metadata_rgb_hsv/CatBoost/cv_stability.png,.png,57139
outputs/ultimate_load_refocus/pooled_all_weeks/grouped_cv/experiments/metadata_rgb_hsv/CatBoost/error_distribution.png,pooled_all_weeks/grouped_cv/experiments/metadata_rgb_hsv/CatBoost/error_distribution.png,.png,118301
outputs/ultimate_load_refocus/pooled_all_weeks/grouped_cv/experiments/metadata_rgb_hsv/CatBoost/feature_importance.png,pooled_all_weeks/grouped_cv/experiments/metadata_rgb_hsv/CatBoost/feature_importance.png,.png,148639
outputs/ultimate_load_refocus/pooled_all_weeks/grouped_cv/experiments/metadata_rgb_hsv/CatBoost/feature_importance_full_fit.csv,pooled_all_weeks/grouped_cv/experiments/metadata_rgb_hsv/CatBoost/feature_importance_full_fit.csv,.csv,7600
outputs/ultimate_load_refocus/pooled_all_weeks/grouped_cv/experiments/metadata_rgb_hsv/CatBoost/feature_importance_summary.csv,pooled_all_weeks/grouped_cv/experiments/metadata_rgb_hsv/CatBoost/feature_importance_summary.csv,.csv,6780
outputs/ultimate_load_refocus/pooled_all_weeks/grouped_cv/experiments/metadata_rgb_hsv/CatBoost/fold_feature_importance.csv,pooled_all_weeks/grouped_cv/experiments/metadata_rgb_hsv/CatBoost/fold_feature_importance.csv,.csv,110466
outputs/ultimate_load_refocus/pooled_all_weeks/grouped_cv/experiments/metadata_rgb_hsv/CatBoost/fold_metrics.csv,pooled_all_weeks/grouped_cv/experiments/metadata_rgb_hsv/CatBoost/fold_metrics.csv,.csv,2384
outputs/ultimate_load_refocus/pooled_all_weeks/grouped_cv/experiments/metadata_rgb_hsv/CatBoost/learning_curve.png,pooled_all_weeks/grouped_cv/experiments/metadata_rgb_hsv/CatBoost/learning_curve.png,.png,138013
outputs/ultimate_load_refocus/pooled_all_weeks/grouped_cv/experiments/metadata_rgb_hsv/CatBoost/learning_curve_raw.csv,pooled_all_weeks/grouped_cv/experiments/metadata_rgb_hsv/CatBoost/learning_curve_raw.csv,.csv,8400
outputs/ultimate_load_refocus/pooled_all_weeks/grouped_cv/experiments/metadata_rgb_hsv/CatBoost/learning_curve_summary.csv,pooled_all_weeks/grouped_cv/experiments/metadata_rgb_hsv/CatBoost/learning_curve_summary.csv,.csv,1705
outputs/ultimate_load_refocus/pooled_all_weeks/grouped_cv/experiments/metadata_rgb_hsv/CatBoost/partial_dependence.csv,pooled_all_weeks/grouped_cv/experiments/metadata_rgb_hsv/CatBoost/partial_dependence.csv,.csv,1134
outputs/ultimate_load_refocus/pooled_all_weeks/grouped_cv/experiments/metadata_rgb_hsv/CatBoost/partial_dependence.png,pooled_all_weeks/grouped_cv/experiments/metadata_rgb_hsv/CatBoost/partial_dependence.png,.png,237149
outputs/ultimate_load_refocus/pooled_all_weeks/grouped_cv/experiments/metadata_rgb_hsv/CatBoost/prediction_vs_ground_truth.png,pooled_all_weeks/grouped_cv/experiments/metadata_rgb_hsv/CatBoost/prediction_vs_ground_truth.png,.png,116340
outputs/ultimate_load_refocus/pooled_all_weeks/grouped_cv/experiments/metadata_rgb_hsv/CatBoost/residual_analysis.png,pooled_all_weeks/grouped_cv/experiments/metadata_rgb_hsv/CatBoost/residual_analysis.png,.png,125768
outputs/ultimate_load_refocus/pooled_all_weeks/grouped_cv/experiments/metadata_rgb_hsv/CatBoost/summary_metrics.csv,pooled_all_weeks/grouped_cv/experiments/metadata_rgb_hsv/CatBoost/summary_metrics.csv,.csv,425
outputs/ultimate_load_refocus/pooled_all_weeks/grouped_cv/experiments/metadata_rgb_hsv/CatBoost/terminal_fold_predictions.csv,pooled_all_weeks/grouped_cv/experiments/metadata_rgb_hsv/CatBoost/terminal_fold_predictions.csv,.csv,15629
outputs/ultimate_load_refocus/pooled_all_weeks/grouped_cv/experiments/metadata_rgb_hsv/CatBoost/terminal_oof_predictions.csv,pooled_all_weeks/grouped_cv/experiments/metadata_rgb_hsv/CatBoost/terminal_oof_predictions.csv,.csv,7086
outputs/ultimate_load_refocus/pooled_all_weeks/grouped_cv/experiments/metadata_rgb_hsv/CatBoost/uncertainty.png,pooled_all_weeks/grouped_cv/experiments/metadata_rgb_hsv/CatBoost/uncertainty.png,.png,178161
outputs/ultimate_load_refocus/pooled_all_weeks/grouped_cv/experiments/metadata_rgb_hsv/GradientBoosting/cv_stability.png,pooled_all_weeks/grouped_cv/experiments/metadata_rgb_hsv/GradientBoosting/cv_stability.png,.png,64955
outputs/ultimate_load_refocus/pooled_all_weeks/grouped_cv/experiments/metadata_rgb_hsv/GradientBoosting/error_distribution.png,pooled_all_weeks/grouped_cv/experiments/metadata_rgb_hsv/GradientBoosting/error_distribution.png,.png,123727
outputs/ultimate_load_refocus/pooled_all_weeks/grouped_cv/experiments/metadata_rgb_hsv/GradientBoosting/feature_importance.png,pooled_all_weeks/grouped_cv/experiments/metadata_rgb_hsv/GradientBoosting/feature_importance.png,.png,149583
outputs/ultimate_load_refocus/pooled_all_weeks/grouped_cv/experiments/metadata_rgb_hsv/GradientBoosting/feature_importance_full_fit.csv,pooled_all_weeks/grouped_cv/experiments/metadata_rgb_hsv/GradientBoosting/feature_importance_full_fit.csv,.csv,7892
outputs/ultimate_load_refocus/pooled_all_weeks/grouped_cv/experiments/metadata_rgb_hsv/GradientBoosting/feature_importance_summary.csv,pooled_all_weeks/grouped_cv/experiments/metadata_rgb_hsv/GradientBoosting/feature_importance_summary.csv,.csv,7174
outputs/ultimate_load_refocus/pooled_all_weeks/grouped_cv/experiments/metadata_rgb_hsv/GradientBoosting/fold_feature_importance.csv,pooled_all_weeks/grouped_cv/experiments/metadata_rgb_hsv/GradientBoosting/fold_feature_importance.csv,.csv,113310
outputs/ultimate_load_refocus/pooled_all_weeks/grouped_cv/experiments/metadata_rgb_hsv/GradientBoosting/fold_metrics.csv,pooled_all_weeks/grouped_cv/experiments/metadata_rgb_hsv/GradientBoosting/fold_metrics.csv,.csv,2370
outputs/ultimate_load_refocus/pooled_all_weeks/grouped_cv/experiments/metadata_rgb_hsv/GradientBoosting/learning_curve.png,pooled_all_weeks/grouped_cv/experiments/metadata_rgb_hsv/GradientBoosting/learning_curve.png,.png,141617
outputs/ultimate_load_refocus/pooled_all_weeks/grouped_cv/experiments/metadata_rgb_hsv/GradientBoosting/learning_curve_raw.csv,pooled_all_weeks/grouped_cv/experiments/metadata_rgb_hsv/GradientBoosting/learning_curve_raw.csv,.csv,8408
outputs/ultimate_load_refocus/pooled_all_weeks/grouped_cv/experiments/metadata_rgb_hsv/GradientBoosting/learning_curve_summary.csv,pooled_all_weeks/grouped_cv/experiments/metadata_rgb_hsv/GradientBoosting/learning_curve_summary.csv,.csv,1721
outputs/ultimate_load_refocus/pooled_all_weeks/grouped_cv/experiments/metadata_rgb_hsv/GradientBoosting/partial_dependence.csv,pooled_all_weeks/grouped_cv/experiments/metadata_rgb_hsv/GradientBoosting/partial_dependence.csv,.csv,1967
outputs/ultimate_load_refocus/pooled_all_weeks/grouped_cv/experiments/metadata_rgb_hsv/GradientBoosting/partial_dependence.png,pooled_all_weeks/grouped_cv/experiments/metadata_rgb_hsv/GradientBoosting/partial_dependence.png,.png,285997
outputs/ultimate_load_refocus/pooled_all_weeks/grouped_cv/experiments/metadata_rgb_hsv/GradientBoosting/prediction_vs_ground_truth.png,pooled_all_weeks/grouped_cv/experiments/metadata_rgb_hsv/GradientBoosting/prediction_vs_ground_truth.png,.png,120526
outputs/ultimate_load_refocus/pooled_all_weeks/grouped_cv/experiments/metadata_rgb_hsv/GradientBoosting/residual_analysis.png,pooled_all_weeks/grouped_cv/experiments/metadata_rgb_hsv/GradientBoosting/residual_analysis.png,.png,131454
outputs/ultimate_load_refocus/pooled_all_weeks/grouped_cv/experiments/metadata_rgb_hsv/GradientBoosting/summary_metrics.csv,pooled_all_weeks/grouped_cv/experiments/metadata_rgb_hsv/GradientBoosting/summary_metrics.csv,.csv,433
outputs/ultimate_load_refocus/pooled_all_weeks/grouped_cv/experiments/metadata_rgb_hsv/GradientBoosting/terminal_fold_predictions.csv,pooled_all_weeks/grouped_cv/experiments/metadata_rgb_hsv/GradientBoosting/terminal_fold_predictions.csv,.csv,15632
outputs/ultimate_load_refocus/pooled_all_weeks/grouped_cv/experiments/metadata_rgb_hsv/GradientBoosting/terminal_oof_predictions.csv,pooled_all_weeks/grouped_cv/experiments/metadata_rgb_hsv/GradientBoosting/terminal_oof_predictions.csv,.csv,7092
outputs/ultimate_load_refocus/pooled_all_weeks/grouped_cv/experiments/metadata_rgb_hsv/GradientBoosting/uncertainty.png,pooled_all_weeks/grouped_cv/experiments/metadata_rgb_hsv/GradientBoosting/uncertainty.png,.png,185024
outputs/ultimate_load_refocus/pooled_all_weeks/grouped_cv/experiments/metadata_rgb_hsv/RandomForest/cv_stability.png,pooled_all_weeks/grouped_cv/experiments/metadata_rgb_hsv/RandomForest/cv_stability.png,.png,58780
outputs/ultimate_load_refocus/pooled_all_weeks/grouped_cv/experiments/metadata_rgb_hsv/RandomForest/error_distribution.png,pooled_all_weeks/grouped_cv/experiments/metadata_rgb_hsv/RandomForest/error_distribution.png,.png,119312
outputs/ultimate_load_refocus/pooled_all_weeks/grouped_cv/experiments/metadata_rgb_hsv/RandomForest/feature_importance.png,pooled_all_weeks/grouped_cv/experiments/metadata_rgb_hsv/RandomForest/feature_importance.png,.png,150190
outputs/ultimate_load_refocus/pooled_all_weeks/grouped_cv/experiments/metadata_rgb_hsv/RandomForest/feature_importance_full_fit.csv,pooled_all_weeks/grouped_cv/experiments/metadata_rgb_hsv/RandomForest/feature_importance_full_fit.csv,.csv,7984
outputs/ultimate_load_refocus/pooled_all_weeks/grouped_cv/experiments/metadata_rgb_hsv/RandomForest/feature_importance_summary.csv,pooled_all_weeks/grouped_cv/experiments/metadata_rgb_hsv/RandomForest/feature_importance_summary.csv,.csv,7154
outputs/ultimate_load_refocus/pooled_all_weeks/grouped_cv/experiments/metadata_rgb_hsv/RandomForest/fold_feature_importance.csv,pooled_all_weeks/grouped_cv/experiments/metadata_rgb_hsv/RandomForest/fold_feature_importance.csv,.csv,114514
outputs/ultimate_load_refocus/pooled_all_weeks/grouped_cv/experiments/metadata_rgb_hsv/RandomForest/fold_metrics.csv,pooled_all_weeks/grouped_cv/experiments/metadata_rgb_hsv/RandomForest/fold_metrics.csv,.csv,2380
outputs/ultimate_load_refocus/pooled_all_weeks/grouped_cv/experiments/metadata_rgb_hsv/RandomForest/learning_curve.png,pooled_all_weeks/grouped_cv/experiments/metadata_rgb_hsv/RandomForest/learning_curve.png,.png,140039
outputs/ultimate_load_refocus/pooled_all_weeks/grouped_cv/experiments/metadata_rgb_hsv/RandomForest/learning_curve_raw.csv,pooled_all_weeks/grouped_cv/experiments/metadata_rgb_hsv/RandomForest/learning_curve_raw.csv,.csv,8381
outputs/ultimate_load_refocus/pooled_all_weeks/grouped_cv/experiments/metadata_rgb_hsv/RandomForest/learning_curve_summary.csv,pooled_all_weeks/grouped_cv/experiments/metadata_rgb_hsv/RandomForest/learning_curve_summary.csv,.csv,1727
outputs/ultimate_load_refocus/pooled_all_weeks/grouped_cv/experiments/metadata_rgb_hsv/RandomForest/partial_dependence.csv,pooled_all_weeks/grouped_cv/experiments/metadata_rgb_hsv/RandomForest/partial_dependence.csv,.csv,1971
outputs/ultimate_load_refocus/pooled_all_weeks/grouped_cv/experiments/metadata_rgb_hsv/RandomForest/partial_dependence.png,pooled_all_weeks/grouped_cv/experiments/metadata_rgb_hsv/RandomForest/partial_dependence.png,.png,288933
outputs/ultimate_load_refocus/pooled_all_weeks/grouped_cv/experiments/metadata_rgb_hsv/RandomForest/prediction_vs_ground_truth.png,pooled_all_weeks/grouped_cv/experiments/metadata_rgb_hsv/RandomForest/prediction_vs_ground_truth.png,.png,120774
outputs/ultimate_load_refocus/pooled_all_weeks/grouped_cv/experiments/metadata_rgb_hsv/RandomForest/residual_analysis.png,pooled_all_weeks/grouped_cv/experiments/metadata_rgb_hsv/RandomForest/residual_analysis.png,.png,128725
outputs/ultimate_load_refocus/pooled_all_weeks/grouped_cv/experiments/metadata_rgb_hsv/RandomForest/summary_metrics.csv,pooled_all_weeks/grouped_cv/experiments/metadata_rgb_hsv/RandomForest/summary_metrics.csv,.csv,427
outputs/ultimate_load_refocus/pooled_all_weeks/grouped_cv/experiments/metadata_rgb_hsv/RandomForest/terminal_fold_predictions.csv,pooled_all_weeks/grouped_cv/experiments/metadata_rgb_hsv/RandomForest/terminal_fold_predictions.csv,.csv,15618
outputs/ultimate_load_refocus/pooled_all_weeks/grouped_cv/experiments/metadata_rgb_hsv/RandomForest/terminal_oof_predictions.csv,pooled_all_weeks/grouped_cv/experiments/metadata_rgb_hsv/RandomForest/terminal_oof_predictions.csv,.csv,7097
outputs/ultimate_load_refocus/pooled_all_weeks/grouped_cv/experiments/metadata_rgb_hsv/RandomForest/uncertainty.png,pooled_all_weeks/grouped_cv/experiments/metadata_rgb_hsv/RandomForest/uncertainty.png,.png,182391
outputs/ultimate_load_refocus/pooled_all_weeks/grouped_cv/experiments/metadata_rgb_hsv/Ridge/cv_stability.png,pooled_all_weeks/grouped_cv/experiments/metadata_rgb_hsv/Ridge/cv_stability.png,.png,62750
outputs/ultimate_load_refocus/pooled_all_weeks/grouped_cv/experiments/metadata_rgb_hsv/Ridge/error_distribution.png,pooled_all_weeks/grouped_cv/experiments/metadata_rgb_hsv/Ridge/error_distribution.png,.png,122655
outputs/ultimate_load_refocus/pooled_all_weeks/grouped_cv/experiments/metadata_rgb_hsv/Ridge/feature_importance.png,pooled_all_weeks/grouped_cv/experiments/metadata_rgb_hsv/Ridge/feature_importance.png,.png,144170
outputs/ultimate_load_refocus/pooled_all_weeks/grouped_cv/experiments/metadata_rgb_hsv/Ridge/feature_importance_full_fit.csv,pooled_all_weeks/grouped_cv/experiments/metadata_rgb_hsv/Ridge/feature_importance_full_fit.csv,.csv,7188
outputs/ultimate_load_refocus/pooled_all_weeks/grouped_cv/experiments/metadata_rgb_hsv/Ridge/feature_importance_summary.csv,pooled_all_weeks/grouped_cv/experiments/metadata_rgb_hsv/Ridge/feature_importance_summary.csv,.csv,6365
outputs/ultimate_load_refocus/pooled_all_weeks/grouped_cv/experiments/metadata_rgb_hsv/Ridge/fold_feature_importance.csv,pooled_all_weeks/grouped_cv/experiments/metadata_rgb_hsv/Ridge/fold_feature_importance.csv,.csv,106518
outputs/ultimate_load_refocus/pooled_all_weeks/grouped_cv/experiments/metadata_rgb_hsv/Ridge/fold_metrics.csv,pooled_all_weeks/grouped_cv/experiments/metadata_rgb_hsv/Ridge/fold_metrics.csv,.csv,2340
outputs/ultimate_load_refocus/pooled_all_weeks/grouped_cv/experiments/metadata_rgb_hsv/Ridge/learning_curve.png,pooled_all_weeks/grouped_cv/experiments/metadata_rgb_hsv/Ridge/learning_curve.png,.png,166342
outputs/ultimate_load_refocus/pooled_all_weeks/grouped_cv/experiments/metadata_rgb_hsv/Ridge/learning_curve_raw.csv,pooled_all_weeks/grouped_cv/experiments/metadata_rgb_hsv/Ridge/learning_curve_raw.csv,.csv,8404
outputs/ultimate_load_refocus/pooled_all_weeks/grouped_cv/experiments/metadata_rgb_hsv/Ridge/learning_curve_summary.csv,pooled_all_weeks/grouped_cv/experiments/metadata_rgb_hsv/Ridge/learning_curve_summary.csv,.csv,1724
outputs/ultimate_load_refocus/pooled_all_weeks/grouped_cv/experiments/metadata_rgb_hsv/Ridge/partial_dependence.csv,pooled_all_weeks/grouped_cv/experiments/metadata_rgb_hsv/Ridge/partial_dependence.csv,.csv,1816
outputs/ultimate_load_refocus/pooled_all_weeks/grouped_cv/experiments/metadata_rgb_hsv/Ridge/partial_dependence.png,pooled_all_weeks/grouped_cv/experiments/metadata_rgb_hsv/Ridge/partial_dependence.png,.png,165182
outputs/ultimate_load_refocus/pooled_all_weeks/grouped_cv/experiments/metadata_rgb_hsv/Ridge/prediction_vs_ground_truth.png,pooled_all_weeks/grouped_cv/experiments/metadata_rgb_hsv/Ridge/prediction_vs_ground_truth.png,.png,118838
outputs/ultimate_load_refocus/pooled_all_weeks/grouped_cv/experiments/metadata_rgb_hsv/Ridge/residual_analysis.png,pooled_all_weeks/grouped_cv/experiments/metadata_rgb_hsv/Ridge/residual_analysis.png,.png,122201
outputs/ultimate_load_refocus/pooled_all_weeks/grouped_cv/experiments/metadata_rgb_hsv/Ridge/summary_metrics.csv,pooled_all_weeks/grouped_cv/experiments/metadata_rgb_hsv/Ridge/summary_metrics.csv,.csv,425
outputs/ultimate_load_refocus/pooled_all_weeks/grouped_cv/experiments/metadata_rgb_hsv/Ridge/terminal_fold_predictions.csv,pooled_all_weeks/grouped_cv/experiments/metadata_rgb_hsv/Ridge/terminal_fold_predictions.csv,.csv,15608
outputs/ultimate_load_refocus/pooled_all_weeks/grouped_cv/experiments/metadata_rgb_hsv/Ridge/terminal_oof_predictions.csv,pooled_all_weeks/grouped_cv/experiments/metadata_rgb_hsv/Ridge/terminal_oof_predictions.csv,.csv,7083
outputs/ultimate_load_refocus/pooled_all_weeks/grouped_cv/experiments/metadata_rgb_hsv/Ridge/uncertainty.png,pooled_all_weeks/grouped_cv/experiments/metadata_rgb_hsv/Ridge/uncertainty.png,.png,178495
outputs/ultimate_load_refocus/pooled_all_weeks/grouped_cv/experiments/metadata_rgb_hsv/XGBoost/cv_stability.png,pooled_all_weeks/grouped_cv/experiments/metadata_rgb_hsv/XGBoost/cv_stability.png,.png,57900
outputs/ultimate_load_refocus/pooled_all_weeks/grouped_cv/experiments/metadata_rgb_hsv/XGBoost/error_distribution.png,pooled_all_weeks/grouped_cv/experiments/metadata_rgb_hsv/XGBoost/error_distribution.png,.png,114659
outputs/ultimate_load_refocus/pooled_all_weeks/grouped_cv/experiments/metadata_rgb_hsv/XGBoost/feature_importance.png,pooled_all_weeks/grouped_cv/experiments/metadata_rgb_hsv/XGBoost/feature_importance.png,.png,146260
outputs/ultimate_load_refocus/pooled_all_weeks/grouped_cv/experiments/metadata_rgb_hsv/XGBoost/feature_importance_full_fit.csv,pooled_all_weeks/grouped_cv/experiments/metadata_rgb_hsv/XGBoost/feature_importance_full_fit.csv,.csv,7998
outputs/ultimate_load_refocus/pooled_all_weeks/grouped_cv/experiments/metadata_rgb_hsv/XGBoost/feature_importance_summary.csv,pooled_all_weeks/grouped_cv/experiments/metadata_rgb_hsv/XGBoost/feature_importance_summary.csv,.csv,7198
outputs/ultimate_load_refocus/pooled_all_weeks/grouped_cv/experiments/metadata_rgb_hsv/XGBoost/fold_feature_importance.csv,pooled_all_weeks/grouped_cv/experiments/metadata_rgb_hsv/XGBoost/fold_feature_importance.csv,.csv,114362
outputs/ultimate_load_refocus/pooled_all_weeks/grouped_cv/experiments/metadata_rgb_hsv/XGBoost/fold_metrics.csv,pooled_all_weeks/grouped_cv/experiments/metadata_rgb_hsv/XGBoost/fold_metrics.csv,.csv,2368
outputs/ultimate_load_refocus/pooled_all_weeks/grouped_cv/experiments/metadata_rgb_hsv/XGBoost/learning_curve.png,pooled_all_weeks/grouped_cv/experiments/metadata_rgb_hsv/XGBoost/learning_curve.png,.png,136798
outputs/ultimate_load_refocus/pooled_all_weeks/grouped_cv/experiments/metadata_rgb_hsv/XGBoost/learning_curve_raw.csv,pooled_all_weeks/grouped_cv/experiments/metadata_rgb_hsv/XGBoost/learning_curve_raw.csv,.csv,8440
outputs/ultimate_load_refocus/pooled_all_weeks/grouped_cv/experiments/metadata_rgb_hsv/XGBoost/learning_curve_summary.csv,pooled_all_weeks/grouped_cv/experiments/metadata_rgb_hsv/XGBoost/learning_curve_summary.csv,.csv,1722
outputs/ultimate_load_refocus/pooled_all_weeks/grouped_cv/experiments/metadata_rgb_hsv/XGBoost/partial_dependence.csv,pooled_all_weeks/grouped_cv/experiments/metadata_rgb_hsv/XGBoost/partial_dependence.csv,.csv,958
outputs/ultimate_load_refocus/pooled_all_weeks/grouped_cv/experiments/metadata_rgb_hsv/XGBoost/partial_dependence.png,pooled_all_weeks/grouped_cv/experiments/metadata_rgb_hsv/XGBoost/partial_dependence.png,.png,213922
outputs/ultimate_load_refocus/pooled_all_weeks/grouped_cv/experiments/metadata_rgb_hsv/XGBoost/prediction_vs_ground_truth.png,pooled_all_weeks/grouped_cv/experiments/metadata_rgb_hsv/XGBoost/prediction_vs_ground_truth.png,.png,121267
outputs/ultimate_load_refocus/pooled_all_weeks/grouped_cv/experiments/metadata_rgb_hsv/XGBoost/residual_analysis.png,pooled_all_weeks/grouped_cv/experiments/metadata_rgb_hsv/XGBoost/residual_analysis.png,.png,125056
outputs/ultimate_load_refocus/pooled_all_weeks/grouped_cv/experiments/metadata_rgb_hsv/XGBoost/summary_metrics.csv,pooled_all_weeks/grouped_cv/experiments/metadata_rgb_hsv/XGBoost/summary_metrics.csv,.csv,426
outputs/ultimate_load_refocus/pooled_all_weeks/grouped_cv/experiments/metadata_rgb_hsv/XGBoost/terminal_fold_predictions.csv,pooled_all_weeks/grouped_cv/experiments/metadata_rgb_hsv/XGBoost/terminal_fold_predictions.csv,.csv,15601
outputs/ultimate_load_refocus/pooled_all_weeks/grouped_cv/experiments/metadata_rgb_hsv/XGBoost/terminal_oof_predictions.csv,pooled_all_weeks/grouped_cv/experiments/metadata_rgb_hsv/XGBoost/terminal_oof_predictions.csv,.csv,7055
outputs/ultimate_load_refocus/pooled_all_weeks/grouped_cv/experiments/metadata_rgb_hsv/XGBoost/uncertainty.png,pooled_all_weeks/grouped_cv/experiments/metadata_rgb_hsv/XGBoost/uncertainty.png,.png,182379
outputs/ultimate_load_refocus/pooled_all_weeks/grouped_cv/experiments/rgb_hsv/CatBoost/cv_stability.png,pooled_all_weeks/grouped_cv/experiments/rgb_hsv/CatBoost/cv_stability.png,.png,62944
outputs/ultimate_load_refocus/pooled_all_weeks/grouped_cv/experiments/rgb_hsv/CatBoost/error_distribution.png,pooled_all_weeks/grouped_cv/experiments/rgb_hsv/CatBoost/error_distribution.png,.png,117309
outputs/ultimate_load_refocus/pooled_all_weeks/grouped_cv/experiments/rgb_hsv/CatBoost/feature_importance.png,pooled_all_weeks/grouped_cv/experiments/rgb_hsv/CatBoost/feature_importance.png,.png,151567
outputs/ultimate_load_refocus/pooled_all_weeks/grouped_cv/experiments/rgb_hsv/CatBoost/feature_importance_full_fit.csv,pooled_all_weeks/grouped_cv/experiments/rgb_hsv/CatBoost/feature_importance_full_fit.csv,.csv,6605
outputs/ultimate_load_refocus/pooled_all_weeks/grouped_cv/experiments/rgb_hsv/CatBoost/feature_importance_summary.csv,pooled_all_weeks/grouped_cv/experiments/rgb_hsv/CatBoost/feature_importance_summary.csv,.csv,5900
outputs/ultimate_load_refocus/pooled_all_weeks/grouped_cv/experiments/rgb_hsv/CatBoost/fold_feature_importance.csv,pooled_all_weeks/grouped_cv/experiments/rgb_hsv/CatBoost/fold_feature_importance.csv,.csv,96334
outputs/ultimate_load_refocus/pooled_all_weeks/grouped_cv/experiments/rgb_hsv/CatBoost/fold_metrics.csv,pooled_all_weeks/grouped_cv/experiments/rgb_hsv/CatBoost/fold_metrics.csv,.csv,2341
outputs/ultimate_load_refocus/pooled_all_weeks/grouped_cv/experiments/rgb_hsv/CatBoost/learning_curve.png,pooled_all_weeks/grouped_cv/experiments/rgb_hsv/CatBoost/learning_curve.png,.png,138693
outputs/ultimate_load_refocus/pooled_all_weeks/grouped_cv/experiments/rgb_hsv/CatBoost/learning_curve_raw.csv,pooled_all_weeks/grouped_cv/experiments/rgb_hsv/CatBoost/learning_curve_raw.csv,.csv,8344
outputs/ultimate_load_refocus/pooled_all_weeks/grouped_cv/experiments/rgb_hsv/CatBoost/learning_curve_summary.csv,pooled_all_weeks/grouped_cv/experiments/rgb_hsv/CatBoost/learning_curve_summary.csv,.csv,1728
outputs/ultimate_load_refocus/pooled_all_weeks/grouped_cv/experiments/rgb_hsv/CatBoost/partial_dependence.csv,pooled_all_weeks/grouped_cv/experiments/rgb_hsv/CatBoost/partial_dependence.csv,.csv,3802
outputs/ultimate_load_refocus/pooled_all_weeks/grouped_cv/experiments/rgb_hsv/CatBoost/partial_dependence.png,pooled_all_weeks/grouped_cv/experiments/rgb_hsv/CatBoost/partial_dependence.png,.png,294926
outputs/ultimate_load_refocus/pooled_all_weeks/grouped_cv/experiments/rgb_hsv/CatBoost/prediction_vs_ground_truth.png,pooled_all_weeks/grouped_cv/experiments/rgb_hsv/CatBoost/prediction_vs_ground_truth.png,.png,114751
outputs/ultimate_load_refocus/pooled_all_weeks/grouped_cv/experiments/rgb_hsv/CatBoost/residual_analysis.png,pooled_all_weeks/grouped_cv/experiments/rgb_hsv/CatBoost/residual_analysis.png,.png,124771
outputs/ultimate_load_refocus/pooled_all_weeks/grouped_cv/experiments/rgb_hsv/CatBoost/summary_metrics.csv,pooled_all_weeks/grouped_cv/experiments/rgb_hsv/CatBoost/summary_metrics.csv,.csv,408
outputs/ultimate_load_refocus/pooled_all_weeks/grouped_cv/experiments/rgb_hsv/CatBoost/terminal_fold_predictions.csv,pooled_all_weeks/grouped_cv/experiments/rgb_hsv/CatBoost/terminal_fold_predictions.csv,.csv,15612
outputs/ultimate_load_refocus/pooled_all_weeks/grouped_cv/experiments/rgb_hsv/CatBoost/terminal_oof_predictions.csv,pooled_all_weeks/grouped_cv/experiments/rgb_hsv/CatBoost/terminal_oof_predictions.csv,.csv,7096
outputs/ultimate_load_refocus/pooled_all_weeks/grouped_cv/experiments/rgb_hsv/CatBoost/uncertainty.png,pooled_all_weeks/grouped_cv/experiments/rgb_hsv/CatBoost/uncertainty.png,.png,178624
outputs/ultimate_load_refocus/pooled_all_weeks/grouped_cv/experiments/rgb_hsv/GradientBoosting/cv_stability.png,pooled_all_weeks/grouped_cv/experiments/rgb_hsv/GradientBoosting/cv_stability.png,.png,61281
outputs/ultimate_load_refocus/pooled_all_weeks/grouped_cv/experiments/rgb_hsv/GradientBoosting/error_distribution.png,pooled_all_weeks/grouped_cv/experiments/rgb_hsv/GradientBoosting/error_distribution.png,.png,121800
outputs/ultimate_load_refocus/pooled_all_weeks/grouped_cv/experiments/rgb_hsv/GradientBoosting/feature_importance.png,pooled_all_weeks/grouped_cv/experiments/rgb_hsv/GradientBoosting/feature_importance.png,.png,156354
outputs/ultimate_load_refocus/pooled_all_weeks/grouped_cv/experiments/rgb_hsv/GradientBoosting/feature_importance_full_fit.csv,pooled_all_weeks/grouped_cv/experiments/rgb_hsv/GradientBoosting/feature_importance_full_fit.csv,.csv,6895
outputs/ultimate_load_refocus/pooled_all_weeks/grouped_cv/experiments/rgb_hsv/GradientBoosting/feature_importance_summary.csv,pooled_all_weeks/grouped_cv/experiments/rgb_hsv/GradientBoosting/feature_importance_summary.csv,.csv,6250
outputs/ultimate_load_refocus/pooled_all_weeks/grouped_cv/experiments/rgb_hsv/GradientBoosting/fold_feature_importance.csv,pooled_all_weeks/grouped_cv/experiments/rgb_hsv/GradientBoosting/fold_feature_importance.csv,.csv,99446
outputs/ultimate_load_refocus/pooled_all_weeks/grouped_cv/experiments/rgb_hsv/GradientBoosting/fold_metrics.csv,pooled_all_weeks/grouped_cv/experiments/rgb_hsv/GradientBoosting/fold_metrics.csv,.csv,2365
outputs/ultimate_load_refocus/pooled_all_weeks/grouped_cv/experiments/rgb_hsv/GradientBoosting/learning_curve.png,pooled_all_weeks/grouped_cv/experiments/rgb_hsv/GradientBoosting/learning_curve.png,.png,148982
outputs/ultimate_load_refocus/pooled_all_weeks/grouped_cv/experiments/rgb_hsv/GradientBoosting/learning_curve_raw.csv,pooled_all_weeks/grouped_cv/experiments/rgb_hsv/GradientBoosting/learning_curve_raw.csv,.csv,8353
outputs/ultimate_load_refocus/pooled_all_weeks/grouped_cv/experiments/rgb_hsv/GradientBoosting/learning_curve_summary.csv,pooled_all_weeks/grouped_cv/experiments/rgb_hsv/GradientBoosting/learning_curve_summary.csv,.csv,1689
outputs/ultimate_load_refocus/pooled_all_weeks/grouped_cv/experiments/rgb_hsv/GradientBoosting/partial_dependence.csv,pooled_all_weeks/grouped_cv/experiments/rgb_hsv/GradientBoosting/partial_dependence.csv,.csv,3672
outputs/ultimate_load_refocus/pooled_all_weeks/grouped_cv/experiments/rgb_hsv/GradientBoosting/partial_dependence.png,pooled_all_weeks/grouped_cv/experiments/rgb_hsv/GradientBoosting/partial_dependence.png,.png,304039
outputs/ultimate_load_refocus/pooled_all_weeks/grouped_cv/experiments/rgb_hsv/GradientBoosting/prediction_vs_ground_truth.png,pooled_all_weeks/grouped_cv/experiments/rgb_hsv/GradientBoosting/prediction_vs_ground_truth.png,.png,118359
outputs/ultimate_load_refocus/pooled_all_weeks/grouped_cv/experiments/rgb_hsv/GradientBoosting/residual_analysis.png,pooled_all_weeks/grouped_cv/experiments/rgb_hsv/GradientBoosting/residual_analysis.png,.png,129201
outputs/ultimate_load_refocus/pooled_all_weeks/grouped_cv/experiments/rgb_hsv/GradientBoosting/summary_metrics.csv,pooled_all_weeks/grouped_cv/experiments/rgb_hsv/GradientBoosting/summary_metrics.csv,.csv,414
outputs/ultimate_load_refocus/pooled_all_weeks/grouped_cv/experiments/rgb_hsv/GradientBoosting/terminal_fold_predictions.csv,pooled_all_weeks/grouped_cv/experiments/rgb_hsv/GradientBoosting/terminal_fold_predictions.csv,.csv,15592
outputs/ultimate_load_refocus/pooled_all_weeks/grouped_cv/experiments/rgb_hsv/GradientBoosting/terminal_oof_predictions.csv,pooled_all_weeks/grouped_cv/experiments/rgb_hsv/GradientBoosting/terminal_oof_predictions.csv,.csv,7078
outputs/ultimate_load_refocus/pooled_all_weeks/grouped_cv/experiments/rgb_hsv/GradientBoosting/uncertainty.png,pooled_all_weeks/grouped_cv/experiments/rgb_hsv/GradientBoosting/uncertainty.png,.png,182022
outputs/ultimate_load_refocus/pooled_all_weeks/grouped_cv/experiments/rgb_hsv/RandomForest/cv_stability.png,pooled_all_weeks/grouped_cv/experiments/rgb_hsv/RandomForest/cv_stability.png,.png,62969
outputs/ultimate_load_refocus/pooled_all_weeks/grouped_cv/experiments/rgb_hsv/RandomForest/error_distribution.png,pooled_all_weeks/grouped_cv/experiments/rgb_hsv/RandomForest/error_distribution.png,.png,110024
outputs/ultimate_load_refocus/pooled_all_weeks/grouped_cv/experiments/rgb_hsv/RandomForest/feature_importance.png,pooled_all_weeks/grouped_cv/experiments/rgb_hsv/RandomForest/feature_importance.png,.png,150447
outputs/ultimate_load_refocus/pooled_all_weeks/grouped_cv/experiments/rgb_hsv/RandomForest/feature_importance_full_fit.csv,pooled_all_weeks/grouped_cv/experiments/rgb_hsv/RandomForest/feature_importance_full_fit.csv,.csv,6933
outputs/ultimate_load_refocus/pooled_all_weeks/grouped_cv/experiments/rgb_hsv/RandomForest/feature_importance_summary.csv,pooled_all_weeks/grouped_cv/experiments/rgb_hsv/RandomForest/feature_importance_summary.csv,.csv,6214
outputs/ultimate_load_refocus/pooled_all_weeks/grouped_cv/experiments/rgb_hsv/RandomForest/fold_feature_importance.csv,pooled_all_weeks/grouped_cv/experiments/rgb_hsv/RandomForest/fold_feature_importance.csv,.csv,99628
outputs/ultimate_load_refocus/pooled_all_weeks/grouped_cv/experiments/rgb_hsv/RandomForest/fold_metrics.csv,pooled_all_weeks/grouped_cv/experiments/rgb_hsv/RandomForest/fold_metrics.csv,.csv,2349
outputs/ultimate_load_refocus/pooled_all_weeks/grouped_cv/experiments/rgb_hsv/RandomForest/learning_curve.png,pooled_all_weeks/grouped_cv/experiments/rgb_hsv/RandomForest/learning_curve.png,.png,149117
outputs/ultimate_load_refocus/pooled_all_weeks/grouped_cv/experiments/rgb_hsv/RandomForest/learning_curve_raw.csv,pooled_all_weeks/grouped_cv/experiments/rgb_hsv/RandomForest/learning_curve_raw.csv,.csv,8401
outputs/ultimate_load_refocus/pooled_all_weeks/grouped_cv/experiments/rgb_hsv/RandomForest/learning_curve_summary.csv,pooled_all_weeks/grouped_cv/experiments/rgb_hsv/RandomForest/learning_curve_summary.csv,.csv,1721
outputs/ultimate_load_refocus/pooled_all_weeks/grouped_cv/experiments/rgb_hsv/RandomForest/partial_dependence.csv,pooled_all_weeks/grouped_cv/experiments/rgb_hsv/RandomForest/partial_dependence.csv,.csv,3665
outputs/ultimate_load_refocus/pooled_all_weeks/grouped_cv/experiments/rgb_hsv/RandomForest/partial_dependence.png,pooled_all_weeks/grouped_cv/experiments/rgb_hsv/RandomForest/partial_dependence.png,.png,290253
outputs/ultimate_load_refocus/pooled_all_weeks/grouped_cv/experiments/rgb_hsv/RandomForest/prediction_vs_ground_truth.png,pooled_all_weeks/grouped_cv/experiments/rgb_hsv/RandomForest/prediction_vs_ground_truth.png,.png,114642
outputs/ultimate_load_refocus/pooled_all_weeks/grouped_cv/experiments/rgb_hsv/RandomForest/residual_analysis.png,pooled_all_weeks/grouped_cv/experiments/rgb_hsv/RandomForest/residual_analysis.png,.png,128040
outputs/ultimate_load_refocus/pooled_all_weeks/grouped_cv/experiments/rgb_hsv/RandomForest/summary_metrics.csv,pooled_all_weeks/grouped_cv/experiments/rgb_hsv/RandomForest/summary_metrics.csv,.csv,415
outputs/ultimate_load_refocus/pooled_all_weeks/grouped_cv/experiments/rgb_hsv/RandomForest/terminal_fold_predictions.csv,pooled_all_weeks/grouped_cv/experiments/rgb_hsv/RandomForest/terminal_fold_predictions.csv,.csv,15571
outputs/ultimate_load_refocus/pooled_all_weeks/grouped_cv/experiments/rgb_hsv/RandomForest/terminal_oof_predictions.csv,pooled_all_weeks/grouped_cv/experiments/rgb_hsv/RandomForest/terminal_oof_predictions.csv,.csv,7079
outputs/ultimate_load_refocus/pooled_all_weeks/grouped_cv/experiments/rgb_hsv/RandomForest/uncertainty.png,pooled_all_weeks/grouped_cv/experiments/rgb_hsv/RandomForest/uncertainty.png,.png,175852
outputs/ultimate_load_refocus/pooled_all_weeks/grouped_cv/experiments/rgb_hsv/Ridge/cv_stability.png,pooled_all_weeks/grouped_cv/experiments/rgb_hsv/Ridge/cv_stability.png,.png,58166
outputs/ultimate_load_refocus/pooled_all_weeks/grouped_cv/experiments/rgb_hsv/Ridge/error_distribution.png,pooled_all_weeks/grouped_cv/experiments/rgb_hsv/Ridge/error_distribution.png,.png,110223
outputs/ultimate_load_refocus/pooled_all_weeks/grouped_cv/experiments/rgb_hsv/Ridge/feature_importance.png,pooled_all_weeks/grouped_cv/experiments/rgb_hsv/Ridge/feature_importance.png,.png,142460
outputs/ultimate_load_refocus/pooled_all_weeks/grouped_cv/experiments/rgb_hsv/Ridge/feature_importance_full_fit.csv,pooled_all_weeks/grouped_cv/experiments/rgb_hsv/Ridge/feature_importance_full_fit.csv,.csv,6297
outputs/ultimate_load_refocus/pooled_all_weeks/grouped_cv/experiments/rgb_hsv/Ridge/feature_importance_summary.csv,pooled_all_weeks/grouped_cv/experiments/rgb_hsv/Ridge/feature_importance_summary.csv,.csv,5592
outputs/ultimate_load_refocus/pooled_all_weeks/grouped_cv/experiments/rgb_hsv/Ridge/fold_feature_importance.csv,pooled_all_weeks/grouped_cv/experiments/rgb_hsv/Ridge/fold_feature_importance.csv,.csv,93237
outputs/ultimate_load_refocus/pooled_all_weeks/grouped_cv/experiments/rgb_hsv/Ridge/fold_metrics.csv,pooled_all_weeks/grouped_cv/experiments/rgb_hsv/Ridge/fold_metrics.csv,.csv,2317
outputs/ultimate_load_refocus/pooled_all_weeks/grouped_cv/experiments/rgb_hsv/Ridge/learning_curve.png,pooled_all_weeks/grouped_cv/experiments/rgb_hsv/Ridge/learning_curve.png,.png,144566
outputs/ultimate_load_refocus/pooled_all_weeks/grouped_cv/experiments/rgb_hsv/Ridge/learning_curve_raw.csv,pooled_all_weeks/grouped_cv/experiments/rgb_hsv/Ridge/learning_curve_raw.csv,.csv,8355
outputs/ultimate_load_refocus/pooled_all_weeks/grouped_cv/experiments/rgb_hsv/Ridge/learning_curve_summary.csv,pooled_all_weeks/grouped_cv/experiments/rgb_hsv/Ridge/learning_curve_summary.csv,.csv,1706
outputs/ultimate_load_refocus/pooled_all_weeks/grouped_cv/experiments/rgb_hsv/Ridge/partial_dependence.csv,pooled_all_weeks/grouped_cv/experiments/rgb_hsv/Ridge/partial_dependence.csv,.csv,3307
outputs/ultimate_load_refocus/pooled_all_weeks/grouped_cv/experiments/rgb_hsv/Ridge/partial_dependence.png,pooled_all_weeks/grouped_cv/experiments/rgb_hsv/Ridge/partial_dependence.png,.png,287267
outputs/ultimate_load_refocus/pooled_all_weeks/grouped_cv/experiments/rgb_hsv/Ridge/prediction_vs_ground_truth.png,pooled_all_weeks/grouped_cv/experiments/rgb_hsv/Ridge/prediction_vs_ground_truth.png,.png,116978
outputs/ultimate_load_refocus/pooled_all_weeks/grouped_cv/experiments/rgb_hsv/Ridge/residual_analysis.png,pooled_all_weeks/grouped_cv/experiments/rgb_hsv/Ridge/residual_analysis.png,.png,123261
outputs/ultimate_load_refocus/pooled_all_weeks/grouped_cv/experiments/rgb_hsv/Ridge/summary_metrics.csv,pooled_all_weeks/grouped_cv/experiments/rgb_hsv/Ridge/summary_metrics.csv,.csv,403
outputs/ultimate_load_refocus/pooled_all_weeks/grouped_cv/experiments/rgb_hsv/Ridge/terminal_fold_predictions.csv,pooled_all_weeks/grouped_cv/experiments/rgb_hsv/Ridge/terminal_fold_predictions.csv,.csv,15599
outputs/ultimate_load_refocus/pooled_all_weeks/grouped_cv/experiments/rgb_hsv/Ridge/terminal_oof_predictions.csv,pooled_all_weeks/grouped_cv/experiments/rgb_hsv/Ridge/terminal_oof_predictions.csv,.csv,7101
outputs/ultimate_load_refocus/pooled_all_weeks/grouped_cv/experiments/rgb_hsv/Ridge/uncertainty.png,pooled_all_weeks/grouped_cv/experiments/rgb_hsv/Ridge/uncertainty.png,.png,175528
outputs/ultimate_load_refocus/pooled_all_weeks/grouped_cv/experiments/rgb_hsv/XGBoost/cv_stability.png,pooled_all_weeks/grouped_cv/experiments/rgb_hsv/XGBoost/cv_stability.png,.png,59373
outputs/ultimate_load_refocus/pooled_all_weeks/grouped_cv/experiments/rgb_hsv/XGBoost/error_distribution.png,pooled_all_weeks/grouped_cv/experiments/rgb_hsv/XGBoost/error_distribution.png,.png,114198
outputs/ultimate_load_refocus/pooled_all_weeks/grouped_cv/experiments/rgb_hsv/XGBoost/feature_importance.png,pooled_all_weeks/grouped_cv/experiments/rgb_hsv/XGBoost/feature_importance.png,.png,149608
outputs/ultimate_load_refocus/pooled_all_weeks/grouped_cv/experiments/rgb_hsv/XGBoost/feature_importance_full_fit.csv,pooled_all_weeks/grouped_cv/experiments/rgb_hsv/XGBoost/feature_importance_full_fit.csv,.csv,6909
outputs/ultimate_load_refocus/pooled_all_weeks/grouped_cv/experiments/rgb_hsv/XGBoost/feature_importance_summary.csv,pooled_all_weeks/grouped_cv/experiments/rgb_hsv/XGBoost/feature_importance_summary.csv,.csv,6198
outputs/ultimate_load_refocus/pooled_all_weeks/grouped_cv/experiments/rgb_hsv/XGBoost/fold_feature_importance.csv,pooled_all_weeks/grouped_cv/experiments/rgb_hsv/XGBoost/fold_feature_importance.csv,.csv,99422
outputs/ultimate_load_refocus/pooled_all_weeks/grouped_cv/experiments/rgb_hsv/XGBoost/fold_metrics.csv,pooled_all_weeks/grouped_cv/experiments/rgb_hsv/XGBoost/fold_metrics.csv,.csv,2360
outputs/ultimate_load_refocus/pooled_all_weeks/grouped_cv/experiments/rgb_hsv/XGBoost/learning_curve.png,pooled_all_weeks/grouped_cv/experiments/rgb_hsv/XGBoost/learning_curve.png,.png,140383
outputs/ultimate_load_refocus/pooled_all_weeks/grouped_cv/experiments/rgb_hsv/XGBoost/learning_curve_raw.csv,pooled_all_weeks/grouped_cv/experiments/rgb_hsv/XGBoost/learning_curve_raw.csv,.csv,8354
outputs/ultimate_load_refocus/pooled_all_weeks/grouped_cv/experiments/rgb_hsv/XGBoost/learning_curve_summary.csv,pooled_all_weeks/grouped_cv/experiments/rgb_hsv/XGBoost/learning_curve_summary.csv,.csv,1714
outputs/ultimate_load_refocus/pooled_all_weeks/grouped_cv/experiments/rgb_hsv/XGBoost/partial_dependence.csv,pooled_all_weeks/grouped_cv/experiments/rgb_hsv/XGBoost/partial_dependence.csv,.csv,3687
outputs/ultimate_load_refocus/pooled_all_weeks/grouped_cv/experiments/rgb_hsv/XGBoost/partial_dependence.png,pooled_all_weeks/grouped_cv/experiments/rgb_hsv/XGBoost/partial_dependence.png,.png,305466
outputs/ultimate_load_refocus/pooled_all_weeks/grouped_cv/experiments/rgb_hsv/XGBoost/prediction_vs_ground_truth.png,pooled_all_weeks/grouped_cv/experiments/rgb_hsv/XGBoost/prediction_vs_ground_truth.png,.png,117253
outputs/ultimate_load_refocus/pooled_all_weeks/grouped_cv/experiments/rgb_hsv/XGBoost/residual_analysis.png,pooled_all_weeks/grouped_cv/experiments/rgb_hsv/XGBoost/residual_analysis.png,.png,125722
outputs/ultimate_load_refocus/pooled_all_weeks/grouped_cv/experiments/rgb_hsv/XGBoost/summary_metrics.csv,pooled_all_weeks/grouped_cv/experiments/rgb_hsv/XGBoost/summary_metrics.csv,.csv,408
outputs/ultimate_load_refocus/pooled_all_weeks/grouped_cv/experiments/rgb_hsv/XGBoost/terminal_fold_predictions.csv,pooled_all_weeks/grouped_cv/experiments/rgb_hsv/XGBoost/terminal_fold_predictions.csv,.csv,15598
outputs/ultimate_load_refocus/pooled_all_weeks/grouped_cv/experiments/rgb_hsv/XGBoost/terminal_oof_predictions.csv,pooled_all_weeks/grouped_cv/experiments/rgb_hsv/XGBoost/terminal_oof_predictions.csv,.csv,7063
outputs/ultimate_load_refocus/pooled_all_weeks/grouped_cv/experiments/rgb_hsv/XGBoost/uncertainty.png,pooled_all_weeks/grouped_cv/experiments/rgb_hsv/XGBoost/uncertainty.png,.png,180187
outputs/ultimate_load_refocus/pooled_all_weeks/grouped_cv/experiments/rgb_only/CatBoost/cv_stability.png,pooled_all_weeks/grouped_cv/experiments/rgb_only/CatBoost/cv_stability.png,.png,60915
outputs/ultimate_load_refocus/pooled_all_weeks/grouped_cv/experiments/rgb_only/CatBoost/error_distribution.png,pooled_all_weeks/grouped_cv/experiments/rgb_only/CatBoost/error_distribution.png,.png,117982
outputs/ultimate_load_refocus/pooled_all_weeks/grouped_cv/experiments/rgb_only/CatBoost/feature_importance.png,pooled_all_weeks/grouped_cv/experiments/rgb_only/CatBoost/feature_importance.png,.png,157228
outputs/ultimate_load_refocus/pooled_all_weeks/grouped_cv/experiments/rgb_only/CatBoost/feature_importance_full_fit.csv,pooled_all_weeks/grouped_cv/experiments/rgb_only/CatBoost/feature_importance_full_fit.csv,.csv,3544
outputs/ultimate_load_refocus/pooled_all_weeks/grouped_cv/experiments/rgb_only/CatBoost/feature_importance_summary.csv,pooled_all_weeks/grouped_cv/experiments/rgb_only/CatBoost/feature_importance_summary.csv,.csv,3165
outputs/ultimate_load_refocus/pooled_all_weeks/grouped_cv/experiments/rgb_only/CatBoost/fold_feature_importance.csv,pooled_all_weeks/grouped_cv/experiments/rgb_only/CatBoost/fold_feature_importance.csv,.csv,51280
outputs/ultimate_load_refocus/pooled_all_weeks/grouped_cv/experiments/rgb_only/CatBoost/fold_metrics.csv,pooled_all_weeks/grouped_cv/experiments/rgb_only/CatBoost/fold_metrics.csv,.csv,2324
outputs/ultimate_load_refocus/pooled_all_weeks/grouped_cv/experiments/rgb_only/CatBoost/learning_curve.png,pooled_all_weeks/grouped_cv/experiments/rgb_only/CatBoost/learning_curve.png,.png,142844
outputs/ultimate_load_refocus/pooled_all_weeks/grouped_cv/experiments/rgb_only/CatBoost/learning_curve_raw.csv,pooled_all_weeks/grouped_cv/experiments/rgb_only/CatBoost/learning_curve_raw.csv,.csv,8343
outputs/ultimate_load_refocus/pooled_all_weeks/grouped_cv/experiments/rgb_only/CatBoost/learning_curve_summary.csv,pooled_all_weeks/grouped_cv/experiments/rgb_only/CatBoost/learning_curve_summary.csv,.csv,1731
outputs/ultimate_load_refocus/pooled_all_weeks/grouped_cv/experiments/rgb_only/CatBoost/partial_dependence.csv,pooled_all_weeks/grouped_cv/experiments/rgb_only/CatBoost/partial_dependence.csv,.csv,3711
outputs/ultimate_load_refocus/pooled_all_weeks/grouped_cv/experiments/rgb_only/CatBoost/partial_dependence.png,pooled_all_weeks/grouped_cv/experiments/rgb_only/CatBoost/partial_dependence.png,.png,304217
outputs/ultimate_load_refocus/pooled_all_weeks/grouped_cv/experiments/rgb_only/CatBoost/prediction_vs_ground_truth.png,pooled_all_weeks/grouped_cv/experiments/rgb_only/CatBoost/prediction_vs_ground_truth.png,.png,111938
outputs/ultimate_load_refocus/pooled_all_weeks/grouped_cv/experiments/rgb_only/CatBoost/residual_analysis.png,pooled_all_weeks/grouped_cv/experiments/rgb_only/CatBoost/residual_analysis.png,.png,126788
outputs/ultimate_load_refocus/pooled_all_weeks/grouped_cv/experiments/rgb_only/CatBoost/summary_metrics.csv,pooled_all_weeks/grouped_cv/experiments/rgb_only/CatBoost/summary_metrics.csv,.csv,408
outputs/ultimate_load_refocus/pooled_all_weeks/grouped_cv/experiments/rgb_only/CatBoost/terminal_fold_predictions.csv,pooled_all_weeks/grouped_cv/experiments/rgb_only/CatBoost/terminal_fold_predictions.csv,.csv,15582
outputs/ultimate_load_refocus/pooled_all_weeks/grouped_cv/experiments/rgb_only/CatBoost/terminal_oof_predictions.csv,pooled_all_weeks/grouped_cv/experiments/rgb_only/CatBoost/terminal_oof_predictions.csv,.csv,7051
outputs/ultimate_load_refocus/pooled_all_weeks/grouped_cv/experiments/rgb_only/CatBoost/uncertainty.png,pooled_all_weeks/grouped_cv/experiments/rgb_only/CatBoost/uncertainty.png,.png,174780
outputs/ultimate_load_refocus/pooled_all_weeks/grouped_cv/experiments/rgb_only/GradientBoosting/cv_stability.png,pooled_all_weeks/grouped_cv/experiments/rgb_only/GradientBoosting/cv_stability.png,.png,62190
outputs/ultimate_load_refocus/pooled_all_weeks/grouped_cv/experiments/rgb_only/GradientBoosting/error_distribution.png,pooled_all_weeks/grouped_cv/experiments/rgb_only/GradientBoosting/error_distribution.png,.png,115433
outputs/ultimate_load_refocus/pooled_all_weeks/grouped_cv/experiments/rgb_only/GradientBoosting/feature_importance.png,pooled_all_weeks/grouped_cv/experiments/rgb_only/GradientBoosting/feature_importance.png,.png,161239
outputs/ultimate_load_refocus/pooled_all_weeks/grouped_cv/experiments/rgb_only/GradientBoosting/feature_importance_full_fit.csv,pooled_all_weeks/grouped_cv/experiments/rgb_only/GradientBoosting/feature_importance_full_fit.csv,.csv,3710
outputs/ultimate_load_refocus/pooled_all_weeks/grouped_cv/experiments/rgb_only/GradientBoosting/feature_importance_summary.csv,pooled_all_weeks/grouped_cv/experiments/rgb_only/GradientBoosting/feature_importance_summary.csv,.csv,3327
outputs/ultimate_load_refocus/pooled_all_weeks/grouped_cv/experiments/rgb_only/GradientBoosting/fold_feature_importance.csv,pooled_all_weeks/grouped_cv/experiments/rgb_only/GradientBoosting/fold_feature_importance.csv,.csv,52926
outputs/ultimate_load_refocus/pooled_all_weeks/grouped_cv/experiments/rgb_only/GradientBoosting/fold_metrics.csv,pooled_all_weeks/grouped_cv/experiments/rgb_only/GradientBoosting/fold_metrics.csv,.csv,2363
outputs/ultimate_load_refocus/pooled_all_weeks/grouped_cv/experiments/rgb_only/GradientBoosting/learning_curve.png,pooled_all_weeks/grouped_cv/experiments/rgb_only/GradientBoosting/learning_curve.png,.png,142937
outputs/ultimate_load_refocus/pooled_all_weeks/grouped_cv/experiments/rgb_only/GradientBoosting/learning_curve_raw.csv,pooled_all_weeks/grouped_cv/experiments/rgb_only/GradientBoosting/learning_curve_raw.csv,.csv,8374
outputs/ultimate_load_refocus/pooled_all_weeks/grouped_cv/experiments/rgb_only/GradientBoosting/learning_curve_summary.csv,pooled_all_weeks/grouped_cv/experiments/rgb_only/GradientBoosting/learning_curve_summary.csv,.csv,1701
outputs/ultimate_load_refocus/pooled_all_weeks/grouped_cv/experiments/rgb_only/GradientBoosting/partial_dependence.csv,pooled_all_weeks/grouped_cv/experiments/rgb_only/GradientBoosting/partial_dependence.csv,.csv,3608
outputs/ultimate_load_refocus/pooled_all_weeks/grouped_cv/experiments/rgb_only/GradientBoosting/partial_dependence.png,pooled_all_weeks/grouped_cv/experiments/rgb_only/GradientBoosting/partial_dependence.png,.png,297550
outputs/ultimate_load_refocus/pooled_all_weeks/grouped_cv/experiments/rgb_only/GradientBoosting/prediction_vs_ground_truth.png,pooled_all_weeks/grouped_cv/experiments/rgb_only/GradientBoosting/prediction_vs_ground_truth.png,.png,117974
outputs/ultimate_load_refocus/pooled_all_weeks/grouped_cv/experiments/rgb_only/GradientBoosting/residual_analysis.png,pooled_all_weeks/grouped_cv/experiments/rgb_only/GradientBoosting/residual_analysis.png,.png,130527
outputs/ultimate_load_refocus/pooled_all_weeks/grouped_cv/experiments/rgb_only/GradientBoosting/summary_metrics.csv,pooled_all_weeks/grouped_cv/experiments/rgb_only/GradientBoosting/summary_metrics.csv,.csv,419
outputs/ultimate_load_refocus/pooled_all_weeks/grouped_cv/experiments/rgb_only/GradientBoosting/terminal_fold_predictions.csv,pooled_all_weeks/grouped_cv/experiments/rgb_only/GradientBoosting/terminal_fold_predictions.csv,.csv,15559
outputs/ultimate_load_refocus/pooled_all_weeks/grouped_cv/experiments/rgb_only/GradientBoosting/terminal_oof_predictions.csv,pooled_all_weeks/grouped_cv/experiments/rgb_only/GradientBoosting/terminal_oof_predictions.csv,.csv,7071
outputs/ultimate_load_refocus/pooled_all_weeks/grouped_cv/experiments/rgb_only/GradientBoosting/uncertainty.png,pooled_all_weeks/grouped_cv/experiments/rgb_only/GradientBoosting/uncertainty.png,.png,175389
outputs/ultimate_load_refocus/pooled_all_weeks/grouped_cv/experiments/rgb_only/RandomForest/cv_stability.png,pooled_all_weeks/grouped_cv/experiments/rgb_only/RandomForest/cv_stability.png,.png,59173
outputs/ultimate_load_refocus/pooled_all_weeks/grouped_cv/experiments/rgb_only/RandomForest/error_distribution.png,pooled_all_weeks/grouped_cv/experiments/rgb_only/RandomForest/error_distribution.png,.png,113723
outputs/ultimate_load_refocus/pooled_all_weeks/grouped_cv/experiments/rgb_only/RandomForest/feature_importance.png,pooled_all_weeks/grouped_cv/experiments/rgb_only/RandomForest/feature_importance.png,.png,158121
outputs/ultimate_load_refocus/pooled_all_weeks/grouped_cv/experiments/rgb_only/RandomForest/feature_importance_full_fit.csv,pooled_all_weeks/grouped_cv/experiments/rgb_only/RandomForest/feature_importance_full_fit.csv,.csv,3706
outputs/ultimate_load_refocus/pooled_all_weeks/grouped_cv/experiments/rgb_only/RandomForest/feature_importance_summary.csv,pooled_all_weeks/grouped_cv/experiments/rgb_only/RandomForest/feature_importance_summary.csv,.csv,3325
outputs/ultimate_load_refocus/pooled_all_weeks/grouped_cv/experiments/rgb_only/RandomForest/fold_feature_importance.csv,pooled_all_weeks/grouped_cv/experiments/rgb_only/RandomForest/fold_feature_importance.csv,.csv,52906
outputs/ultimate_load_refocus/pooled_all_weeks/grouped_cv/experiments/rgb_only/RandomForest/fold_metrics.csv,pooled_all_weeks/grouped_cv/experiments/rgb_only/RandomForest/fold_metrics.csv,.csv,2347
outputs/ultimate_load_refocus/pooled_all_weeks/grouped_cv/experiments/rgb_only/RandomForest/learning_curve.png,pooled_all_weeks/grouped_cv/experiments/rgb_only/RandomForest/learning_curve.png,.png,144356
outputs/ultimate_load_refocus/pooled_all_weeks/grouped_cv/experiments/rgb_only/RandomForest/learning_curve_raw.csv,pooled_all_weeks/grouped_cv/experiments/rgb_only/RandomForest/learning_curve_raw.csv,.csv,8434
outputs/ultimate_load_refocus/pooled_all_weeks/grouped_cv/experiments/rgb_only/RandomForest/learning_curve_summary.csv,pooled_all_weeks/grouped_cv/experiments/rgb_only/RandomForest/learning_curve_summary.csv,.csv,1714
outputs/ultimate_load_refocus/pooled_all_weeks/grouped_cv/experiments/rgb_only/RandomForest/partial_dependence.csv,pooled_all_weeks/grouped_cv/experiments/rgb_only/RandomForest/partial_dependence.csv,.csv,3809
outputs/ultimate_load_refocus/pooled_all_weeks/grouped_cv/experiments/rgb_only/RandomForest/partial_dependence.png,pooled_all_weeks/grouped_cv/experiments/rgb_only/RandomForest/partial_dependence.png,.png,298719
outputs/ultimate_load_refocus/pooled_all_weeks/grouped_cv/experiments/rgb_only/RandomForest/prediction_vs_ground_truth.png,pooled_all_weeks/grouped_cv/experiments/rgb_only/RandomForest/prediction_vs_ground_truth.png,.png,114680
outputs/ultimate_load_refocus/pooled_all_weeks/grouped_cv/experiments/rgb_only/RandomForest/residual_analysis.png,pooled_all_weeks/grouped_cv/experiments/rgb_only/RandomForest/residual_analysis.png,.png,127046
outputs/ultimate_load_refocus/pooled_all_weeks/grouped_cv/experiments/rgb_only/RandomForest/summary_metrics.csv,pooled_all_weeks/grouped_cv/experiments/rgb_only/RandomForest/summary_metrics.csv,.csv,416
outputs/ultimate_load_refocus/pooled_all_weeks/grouped_cv/experiments/rgb_only/RandomForest/terminal_fold_predictions.csv,pooled_all_weeks/grouped_cv/experiments/rgb_only/RandomForest/terminal_fold_predictions.csv,.csv,15585
outputs/ultimate_load_refocus/pooled_all_weeks/grouped_cv/experiments/rgb_only/RandomForest/terminal_oof_predictions.csv,pooled_all_weeks/grouped_cv/experiments/rgb_only/RandomForest/terminal_oof_predictions.csv,.csv,7067
outputs/ultimate_load_refocus/pooled_all_weeks/grouped_cv/experiments/rgb_only/RandomForest/uncertainty.png,pooled_all_weeks/grouped_cv/experiments/rgb_only/RandomForest/uncertainty.png,.png,181584
outputs/ultimate_load_refocus/pooled_all_weeks/grouped_cv/experiments/rgb_only/Ridge/cv_stability.png,pooled_all_weeks/grouped_cv/experiments/rgb_only/Ridge/cv_stability.png,.png,53410
outputs/ultimate_load_refocus/pooled_all_weeks/grouped_cv/experiments/rgb_only/Ridge/error_distribution.png,pooled_all_weeks/grouped_cv/experiments/rgb_only/Ridge/error_distribution.png,.png,113726
outputs/ultimate_load_refocus/pooled_all_weeks/grouped_cv/experiments/rgb_only/Ridge/feature_importance.png,pooled_all_weeks/grouped_cv/experiments/rgb_only/Ridge/feature_importance.png,.png,149331
outputs/ultimate_load_refocus/pooled_all_weeks/grouped_cv/experiments/rgb_only/Ridge/feature_importance_full_fit.csv,pooled_all_weeks/grouped_cv/experiments/rgb_only/Ridge/feature_importance_full_fit.csv,.csv,3364
outputs/ultimate_load_refocus/pooled_all_weeks/grouped_cv/experiments/rgb_only/Ridge/feature_importance_summary.csv,pooled_all_weeks/grouped_cv/experiments/rgb_only/Ridge/feature_importance_summary.csv,.csv,3002
outputs/ultimate_load_refocus/pooled_all_weeks/grouped_cv/experiments/rgb_only/Ridge/fold_feature_importance.csv,pooled_all_weeks/grouped_cv/experiments/rgb_only/Ridge/fold_feature_importance.csv,.csv,49620
outputs/ultimate_load_refocus/pooled_all_weeks/grouped_cv/experiments/rgb_only/Ridge/fold_metrics.csv,pooled_all_weeks/grouped_cv/experiments/rgb_only/Ridge/fold_metrics.csv,.csv,2372
outputs/ultimate_load_refocus/pooled_all_weeks/grouped_cv/experiments/rgb_only/Ridge/learning_curve.png,pooled_all_weeks/grouped_cv/experiments/rgb_only/Ridge/learning_curve.png,.png,155058
outputs/ultimate_load_refocus/pooled_all_weeks/grouped_cv/experiments/rgb_only/Ridge/learning_curve_raw.csv,pooled_all_weeks/grouped_cv/experiments/rgb_only/Ridge/learning_curve_raw.csv,.csv,8438
outputs/ultimate_load_refocus/pooled_all_weeks/grouped_cv/experiments/rgb_only/Ridge/learning_curve_summary.csv,pooled_all_weeks/grouped_cv/experiments/rgb_only/Ridge/learning_curve_summary.csv,.csv,1713
outputs/ultimate_load_refocus/pooled_all_weeks/grouped_cv/experiments/rgb_only/Ridge/partial_dependence.csv,pooled_all_weeks/grouped_cv/experiments/rgb_only/Ridge/partial_dependence.csv,.csv,3302
outputs/ultimate_load_refocus/pooled_all_weeks/grouped_cv/experiments/rgb_only/Ridge/partial_dependence.png,pooled_all_weeks/grouped_cv/experiments/rgb_only/Ridge/partial_dependence.png,.png,283562
outputs/ultimate_load_refocus/pooled_all_weeks/grouped_cv/experiments/rgb_only/Ridge/prediction_vs_ground_truth.png,pooled_all_weeks/grouped_cv/experiments/rgb_only/Ridge/prediction_vs_ground_truth.png,.png,115866
outputs/ultimate_load_refocus/pooled_all_weeks/grouped_cv/experiments/rgb_only/Ridge/residual_analysis.png,pooled_all_weeks/grouped_cv/experiments/rgb_only/Ridge/residual_analysis.png,.png,125915
outputs/ultimate_load_refocus/pooled_all_weeks/grouped_cv/experiments/rgb_only/Ridge/summary_metrics.csv,pooled_all_weeks/grouped_cv/experiments/rgb_only/Ridge/summary_metrics.csv,.csv,409
outputs/ultimate_load_refocus/pooled_all_weeks/grouped_cv/experiments/rgb_only/Ridge/terminal_fold_predictions.csv,pooled_all_weeks/grouped_cv/experiments/rgb_only/Ridge/terminal_fold_predictions.csv,.csv,15583
outputs/ultimate_load_refocus/pooled_all_weeks/grouped_cv/experiments/rgb_only/Ridge/terminal_oof_predictions.csv,pooled_all_weeks/grouped_cv/experiments/rgb_only/Ridge/terminal_oof_predictions.csv,.csv,7061
outputs/ultimate_load_refocus/pooled_all_weeks/grouped_cv/experiments/rgb_only/Ridge/uncertainty.png,pooled_all_weeks/grouped_cv/experiments/rgb_only/Ridge/uncertainty.png,.png,177320
outputs/ultimate_load_refocus/pooled_all_weeks/grouped_cv/experiments/rgb_only/XGBoost/cv_stability.png,pooled_all_weeks/grouped_cv/experiments/rgb_only/XGBoost/cv_stability.png,.png,57865
outputs/ultimate_load_refocus/pooled_all_weeks/grouped_cv/experiments/rgb_only/XGBoost/error_distribution.png,pooled_all_weeks/grouped_cv/experiments/rgb_only/XGBoost/error_distribution.png,.png,113638
outputs/ultimate_load_refocus/pooled_all_weeks/grouped_cv/experiments/rgb_only/XGBoost/feature_importance.png,pooled_all_weeks/grouped_cv/experiments/rgb_only/XGBoost/feature_importance.png,.png,154926
outputs/ultimate_load_refocus/pooled_all_weeks/grouped_cv/experiments/rgb_only/XGBoost/feature_importance_full_fit.csv,pooled_all_weeks/grouped_cv/experiments/rgb_only/XGBoost/feature_importance_full_fit.csv,.csv,3702
outputs/ultimate_load_refocus/pooled_all_weeks/grouped_cv/experiments/rgb_only/XGBoost/feature_importance_summary.csv,pooled_all_weeks/grouped_cv/experiments/rgb_only/XGBoost/feature_importance_summary.csv,.csv,3315
outputs/ultimate_load_refocus/pooled_all_weeks/grouped_cv/experiments/rgb_only/XGBoost/fold_feature_importance.csv,pooled_all_weeks/grouped_cv/experiments/rgb_only/XGBoost/fold_feature_importance.csv,.csv,52840
outputs/ultimate_load_refocus/pooled_all_weeks/grouped_cv/experiments/rgb_only/XGBoost/fold_metrics.csv,pooled_all_weeks/grouped_cv/experiments/rgb_only/XGBoost/fold_metrics.csv,.csv,2353
outputs/ultimate_load_refocus/pooled_all_weeks/grouped_cv/experiments/rgb_only/XGBoost/learning_curve.png,pooled_all_weeks/grouped_cv/experiments/rgb_only/XGBoost/learning_curve.png,.png,134587
outputs/ultimate_load_refocus/pooled_all_weeks/grouped_cv/experiments/rgb_only/XGBoost/learning_curve_raw.csv,pooled_all_weeks/grouped_cv/experiments/rgb_only/XGBoost/learning_curve_raw.csv,.csv,8366
outputs/ultimate_load_refocus/pooled_all_weeks/grouped_cv/experiments/rgb_only/XGBoost/learning_curve_summary.csv,pooled_all_weeks/grouped_cv/experiments/rgb_only/XGBoost/learning_curve_summary.csv,.csv,1706
outputs/ultimate_load_refocus/pooled_all_weeks/grouped_cv/experiments/rgb_only/XGBoost/partial_dependence.csv,pooled_all_weeks/grouped_cv/experiments/rgb_only/XGBoost/partial_dependence.csv,.csv,3829
outputs/ultimate_load_refocus/pooled_all_weeks/grouped_cv/experiments/rgb_only/XGBoost/partial_dependence.png,pooled_all_weeks/grouped_cv/experiments/rgb_only/XGBoost/partial_dependence.png,.png,319450
outputs/ultimate_load_refocus/pooled_all_weeks/grouped_cv/experiments/rgb_only/XGBoost/prediction_vs_ground_truth.png,pooled_all_weeks/grouped_cv/experiments/rgb_only/XGBoost/prediction_vs_ground_truth.png,.png,114814
outputs/ultimate_load_refocus/pooled_all_weeks/grouped_cv/experiments/rgb_only/XGBoost/residual_analysis.png,pooled_all_weeks/grouped_cv/experiments/rgb_only/XGBoost/residual_analysis.png,.png,125766
outputs/ultimate_load_refocus/pooled_all_weeks/grouped_cv/experiments/rgb_only/XGBoost/summary_metrics.csv,pooled_all_weeks/grouped_cv/experiments/rgb_only/XGBoost/summary_metrics.csv,.csv,410
outputs/ultimate_load_refocus/pooled_all_weeks/grouped_cv/experiments/rgb_only/XGBoost/terminal_fold_predictions.csv,pooled_all_weeks/grouped_cv/experiments/rgb_only/XGBoost/terminal_fold_predictions.csv,.csv,15561
outputs/ultimate_load_refocus/pooled_all_weeks/grouped_cv/experiments/rgb_only/XGBoost/terminal_oof_predictions.csv,pooled_all_weeks/grouped_cv/experiments/rgb_only/XGBoost/terminal_oof_predictions.csv,.csv,7062
outputs/ultimate_load_refocus/pooled_all_weeks/grouped_cv/experiments/rgb_only/XGBoost/uncertainty.png,pooled_all_weeks/grouped_cv/experiments/rgb_only/XGBoost/uncertainty.png,.png,172393
outputs/ultimate_load_refocus/pooled_all_weeks/grouped_cv/feature_importance_inventory.csv,pooled_all_weeks/grouped_cv/feature_importance_inventory.csv,.csv,225597
outputs/ultimate_load_refocus/pooled_all_weeks/grouped_cv/feature_set_comparison.csv,pooled_all_weeks/grouped_cv/feature_set_comparison.csv,.csv,1764
outputs/ultimate_load_refocus/pooled_all_weeks/grouped_cv/feature_set_comparison_bars.png,pooled_all_weeks/grouped_cv/feature_set_comparison_bars.png,.png,141022
outputs/ultimate_load_refocus/pooled_all_weeks/grouped_cv/feature_set_delta_vs_metadata_only.csv,pooled_all_weeks/grouped_cv/feature_set_delta_vs_metadata_only.csv,.csv,1492
outputs/ultimate_load_refocus/pooled_all_weeks/grouped_cv/model_comparison.csv,pooled_all_weeks/grouped_cv/model_comparison.csv,.csv,8159
outputs/ultimate_load_refocus/pooled_all_weeks/grouped_cv/model_metric_heatmap.png,pooled_all_weeks/grouped_cv/model_metric_heatmap.png,.png,352369
outputs/ultimate_load_refocus/pooled_all_weeks/leave_one_campaign_out/experiments/hsv_only/CatBoost/feature_importance_full_fit.csv,pooled_all_weeks/leave_one_campaign_out/experiments/hsv_only/CatBoost/feature_importance_full_fit.csv,.csv,3081
outputs/ultimate_load_refocus/pooled_all_weeks/leave_one_campaign_out/experiments/hsv_only/CatBoost/feature_importance_summary.csv,pooled_all_weeks/leave_one_campaign_out/experiments/hsv_only/CatBoost/feature_importance_summary.csv,.csv,2741
outputs/ultimate_load_refocus/pooled_all_weeks/leave_one_campaign_out/experiments/hsv_only/CatBoost/fold_feature_importance.csv,pooled_all_weeks/leave_one_campaign_out/experiments/hsv_only/CatBoost/fold_feature_importance.csv,.csv,10528
outputs/ultimate_load_refocus/pooled_all_weeks/leave_one_campaign_out/experiments/hsv_only/CatBoost/fold_metrics.csv,pooled_all_weeks/leave_one_campaign_out/experiments/hsv_only/CatBoost/fold_metrics.csv,.csv,691
outputs/ultimate_load_refocus/pooled_all_weeks/leave_one_campaign_out/experiments/hsv_only/CatBoost/partial_dependence.csv,pooled_all_weeks/leave_one_campaign_out/experiments/hsv_only/CatBoost/partial_dependence.csv,.csv,3623
outputs/ultimate_load_refocus/pooled_all_weeks/leave_one_campaign_out/experiments/hsv_only/CatBoost/summary_metrics.csv,pooled_all_weeks/leave_one_campaign_out/experiments/hsv_only/CatBoost/summary_metrics.csv,.csv,420
outputs/ultimate_load_refocus/pooled_all_weeks/leave_one_campaign_out/experiments/hsv_only/CatBoost/terminal_fold_predictions.csv,pooled_all_weeks/leave_one_campaign_out/experiments/hsv_only/CatBoost/terminal_fold_predictions.csv,.csv,8860
outputs/ultimate_load_refocus/pooled_all_weeks/leave_one_campaign_out/experiments/hsv_only/CatBoost/terminal_oof_predictions.csv,pooled_all_weeks/leave_one_campaign_out/experiments/hsv_only/CatBoost/terminal_oof_predictions.csv,.csv,6230
outputs/ultimate_load_refocus/pooled_all_weeks/leave_one_campaign_out/experiments/hsv_only/GradientBoosting/feature_importance_full_fit.csv,pooled_all_weeks/leave_one_campaign_out/experiments/hsv_only/GradientBoosting/feature_importance_full_fit.csv,.csv,3245
outputs/ultimate_load_refocus/pooled_all_weeks/leave_one_campaign_out/experiments/hsv_only/GradientBoosting/feature_importance_summary.csv,pooled_all_weeks/leave_one_campaign_out/experiments/hsv_only/GradientBoosting/feature_importance_summary.csv,.csv,2893
outputs/ultimate_load_refocus/pooled_all_weeks/leave_one_campaign_out/experiments/hsv_only/GradientBoosting/fold_feature_importance.csv,pooled_all_weeks/leave_one_campaign_out/experiments/hsv_only/GradientBoosting/fold_feature_importance.csv,.csv,10844
outputs/ultimate_load_refocus/pooled_all_weeks/leave_one_campaign_out/experiments/hsv_only/GradientBoosting/fold_metrics.csv,pooled_all_weeks/leave_one_campaign_out/experiments/hsv_only/GradientBoosting/fold_metrics.csv,.csv,694
outputs/ultimate_load_refocus/pooled_all_weeks/leave_one_campaign_out/experiments/hsv_only/GradientBoosting/partial_dependence.csv,pooled_all_weeks/leave_one_campaign_out/experiments/hsv_only/GradientBoosting/partial_dependence.csv,.csv,3628
outputs/ultimate_load_refocus/pooled_all_weeks/leave_one_campaign_out/experiments/hsv_only/GradientBoosting/summary_metrics.csv,pooled_all_weeks/leave_one_campaign_out/experiments/hsv_only/GradientBoosting/summary_metrics.csv,.csv,427
outputs/ultimate_load_refocus/pooled_all_weeks/leave_one_campaign_out/experiments/hsv_only/GradientBoosting/terminal_fold_predictions.csv,pooled_all_weeks/leave_one_campaign_out/experiments/hsv_only/GradientBoosting/terminal_fold_predictions.csv,.csv,8858
outputs/ultimate_load_refocus/pooled_all_weeks/leave_one_campaign_out/experiments/hsv_only/GradientBoosting/terminal_oof_predictions.csv,pooled_all_weeks/leave_one_campaign_out/experiments/hsv_only/GradientBoosting/terminal_oof_predictions.csv,.csv,6228
outputs/ultimate_load_refocus/pooled_all_weeks/leave_one_campaign_out/experiments/hsv_only/RandomForest/feature_importance_full_fit.csv,pooled_all_weeks/leave_one_campaign_out/experiments/hsv_only/RandomForest/feature_importance_full_fit.csv,.csv,3241
outputs/ultimate_load_refocus/pooled_all_weeks/leave_one_campaign_out/experiments/hsv_only/RandomForest/feature_importance_summary.csv,pooled_all_weeks/leave_one_campaign_out/experiments/hsv_only/RandomForest/feature_importance_summary.csv,.csv,2901
outputs/ultimate_load_refocus/pooled_all_weeks/leave_one_campaign_out/experiments/hsv_only/RandomForest/fold_feature_importance.csv,pooled_all_weeks/leave_one_campaign_out/experiments/hsv_only/RandomForest/fold_feature_importance.csv,.csv,10862
outputs/ultimate_load_refocus/pooled_all_weeks/leave_one_campaign_out/experiments/hsv_only/RandomForest/fold_metrics.csv,pooled_all_weeks/leave_one_campaign_out/experiments/hsv_only/RandomForest/fold_metrics.csv,.csv,693
outputs/ultimate_load_refocus/pooled_all_weeks/leave_one_campaign_out/experiments/hsv_only/RandomForest/partial_dependence.csv,pooled_all_weeks/leave_one_campaign_out/experiments/hsv_only/RandomForest/partial_dependence.csv,.csv,3595
outputs/ultimate_load_refocus/pooled_all_weeks/leave_one_campaign_out/experiments/hsv_only/RandomForest/summary_metrics.csv,pooled_all_weeks/leave_one_campaign_out/experiments/hsv_only/RandomForest/summary_metrics.csv,.csv,424
outputs/ultimate_load_refocus/pooled_all_weeks/leave_one_campaign_out/experiments/hsv_only/RandomForest/terminal_fold_predictions.csv,pooled_all_weeks/leave_one_campaign_out/experiments/hsv_only/RandomForest/terminal_fold_predictions.csv,.csv,8841
outputs/ultimate_load_refocus/pooled_all_weeks/leave_one_campaign_out/experiments/hsv_only/RandomForest/terminal_oof_predictions.csv,pooled_all_weeks/leave_one_campaign_out/experiments/hsv_only/RandomForest/terminal_oof_predictions.csv,.csv,6211
outputs/ultimate_load_refocus/pooled_all_weeks/leave_one_campaign_out/experiments/hsv_only/Ridge/feature_importance_full_fit.csv,pooled_all_weeks/leave_one_campaign_out/experiments/hsv_only/Ridge/feature_importance_full_fit.csv,.csv,2983
outputs/ultimate_load_refocus/pooled_all_weeks/leave_one_campaign_out/experiments/hsv_only/Ridge/feature_importance_summary.csv,pooled_all_weeks/leave_one_campaign_out/experiments/hsv_only/Ridge/feature_importance_summary.csv,.csv,2673
outputs/ultimate_load_refocus/pooled_all_weeks/leave_one_campaign_out/experiments/hsv_only/Ridge/fold_feature_importance.csv,pooled_all_weeks/leave_one_campaign_out/experiments/hsv_only/Ridge/fold_feature_importance.csv,.csv,10357
outputs/ultimate_load_refocus/pooled_all_weeks/leave_one_campaign_out/experiments/hsv_only/Ridge/fold_metrics.csv,pooled_all_weeks/leave_one_campaign_out/experiments/hsv_only/Ridge/fold_metrics.csv,.csv,697
outputs/ultimate_load_refocus/pooled_all_weeks/leave_one_campaign_out/experiments/hsv_only/Ridge/partial_dependence.csv,pooled_all_weeks/leave_one_campaign_out/experiments/hsv_only/Ridge/partial_dependence.csv,.csv,3323
outputs/ultimate_load_refocus/pooled_all_weeks/leave_one_campaign_out/experiments/hsv_only/Ridge/summary_metrics.csv,pooled_all_weeks/leave_one_campaign_out/experiments/hsv_only/Ridge/summary_metrics.csv,.csv,415
outputs/ultimate_load_refocus/pooled_all_weeks/leave_one_campaign_out/experiments/hsv_only/Ridge/terminal_fold_predictions.csv,pooled_all_weeks/leave_one_campaign_out/experiments/hsv_only/Ridge/terminal_fold_predictions.csv,.csv,8863
outputs/ultimate_load_refocus/pooled_all_weeks/leave_one_campaign_out/experiments/hsv_only/Ridge/terminal_oof_predictions.csv,pooled_all_weeks/leave_one_campaign_out/experiments/hsv_only/Ridge/terminal_oof_predictions.csv,.csv,6233
outputs/ultimate_load_refocus/pooled_all_weeks/leave_one_campaign_out/experiments/hsv_only/XGBoost/feature_importance_full_fit.csv,pooled_all_weeks/leave_one_campaign_out/experiments/hsv_only/XGBoost/feature_importance_full_fit.csv,.csv,3235
outputs/ultimate_load_refocus/pooled_all_weeks/leave_one_campaign_out/experiments/hsv_only/XGBoost/feature_importance_summary.csv,pooled_all_weeks/leave_one_campaign_out/experiments/hsv_only/XGBoost/feature_importance_summary.csv,.csv,2893
outputs/ultimate_load_refocus/pooled_all_weeks/leave_one_campaign_out/experiments/hsv_only/XGBoost/fold_feature_importance.csv,pooled_all_weeks/leave_one_campaign_out/experiments/hsv_only/XGBoost/fold_feature_importance.csv,.csv,10818
outputs/ultimate_load_refocus/pooled_all_weeks/leave_one_campaign_out/experiments/hsv_only/XGBoost/fold_metrics.csv,pooled_all_weeks/leave_one_campaign_out/experiments/hsv_only/XGBoost/fold_metrics.csv,.csv,696
outputs/ultimate_load_refocus/pooled_all_weeks/leave_one_campaign_out/experiments/hsv_only/XGBoost/partial_dependence.csv,pooled_all_weeks/leave_one_campaign_out/experiments/hsv_only/XGBoost/partial_dependence.csv,.csv,3625
outputs/ultimate_load_refocus/pooled_all_weeks/leave_one_campaign_out/experiments/hsv_only/XGBoost/summary_metrics.csv,pooled_all_weeks/leave_one_campaign_out/experiments/hsv_only/XGBoost/summary_metrics.csv,.csv,418
outputs/ultimate_load_refocus/pooled_all_weeks/leave_one_campaign_out/experiments/hsv_only/XGBoost/terminal_fold_predictions.csv,pooled_all_weeks/leave_one_campaign_out/experiments/hsv_only/XGBoost/terminal_fold_predictions.csv,.csv,8849
outputs/ultimate_load_refocus/pooled_all_weeks/leave_one_campaign_out/experiments/hsv_only/XGBoost/terminal_oof_predictions.csv,pooled_all_weeks/leave_one_campaign_out/experiments/hsv_only/XGBoost/terminal_oof_predictions.csv,.csv,6219
outputs/ultimate_load_refocus/pooled_all_weeks/leave_one_campaign_out/experiments/metadata_hsv/CatBoost/feature_importance_full_fit.csv,pooled_all_weeks/leave_one_campaign_out/experiments/metadata_hsv/CatBoost/feature_importance_full_fit.csv,.csv,4014
outputs/ultimate_load_refocus/pooled_all_weeks/leave_one_campaign_out/experiments/metadata_hsv/CatBoost/feature_importance_summary.csv,pooled_all_weeks/leave_one_campaign_out/experiments/metadata_hsv/CatBoost/feature_importance_summary.csv,.csv,3467
outputs/ultimate_load_refocus/pooled_all_weeks/leave_one_campaign_out/experiments/metadata_hsv/CatBoost/fold_feature_importance.csv,pooled_all_weeks/leave_one_campaign_out/experiments/metadata_hsv/CatBoost/fold_feature_importance.csv,.csv,13524
outputs/ultimate_load_refocus/pooled_all_weeks/leave_one_campaign_out/experiments/metadata_hsv/CatBoost/fold_metrics.csv,pooled_all_weeks/leave_one_campaign_out/experiments/metadata_hsv/CatBoost/fold_metrics.csv,.csv,696
outputs/ultimate_load_refocus/pooled_all_weeks/leave_one_campaign_out/experiments/metadata_hsv/CatBoost/partial_dependence.csv,pooled_all_weeks/leave_one_campaign_out/experiments/metadata_hsv/CatBoost/partial_dependence.csv,.csv,1138
outputs/ultimate_load_refocus/pooled_all_weeks/leave_one_campaign_out/experiments/metadata_hsv/CatBoost/summary_metrics.csv,pooled_all_weeks/leave_one_campaign_out/experiments/metadata_hsv/CatBoost/summary_metrics.csv,.csv,429
outputs/ultimate_load_refocus/pooled_all_weeks/leave_one_campaign_out/experiments/metadata_hsv/CatBoost/terminal_fold_predictions.csv,pooled_all_weeks/leave_one_campaign_out/experiments/metadata_hsv/CatBoost/terminal_fold_predictions.csv,.csv,8874
outputs/ultimate_load_refocus/pooled_all_weeks/leave_one_campaign_out/experiments/metadata_hsv/CatBoost/terminal_oof_predictions.csv,pooled_all_weeks/leave_one_campaign_out/experiments/metadata_hsv/CatBoost/terminal_oof_predictions.csv,.csv,6244
outputs/ultimate_load_refocus/pooled_all_weeks/leave_one_campaign_out/experiments/metadata_hsv/GradientBoosting/feature_importance_full_fit.csv,pooled_all_weeks/leave_one_campaign_out/experiments/metadata_hsv/GradientBoosting/feature_importance_full_fit.csv,.csv,4218
outputs/ultimate_load_refocus/pooled_all_weeks/leave_one_campaign_out/experiments/metadata_hsv/GradientBoosting/feature_importance_summary.csv,pooled_all_weeks/leave_one_campaign_out/experiments/metadata_hsv/GradientBoosting/feature_importance_summary.csv,.csv,3645
outputs/ultimate_load_refocus/pooled_all_weeks/leave_one_campaign_out/experiments/metadata_hsv/GradientBoosting/fold_feature_importance.csv,pooled_all_weeks/leave_one_campaign_out/experiments/metadata_hsv/GradientBoosting/fold_feature_importance.csv,.csv,13856
outputs/ultimate_load_refocus/pooled_all_weeks/leave_one_campaign_out/experiments/metadata_hsv/GradientBoosting/fold_metrics.csv,pooled_all_weeks/leave_one_campaign_out/experiments/metadata_hsv/GradientBoosting/fold_metrics.csv,.csv,698
outputs/ultimate_load_refocus/pooled_all_weeks/leave_one_campaign_out/experiments/metadata_hsv/GradientBoosting/partial_dependence.csv,pooled_all_weeks/leave_one_campaign_out/experiments/metadata_hsv/GradientBoosting/partial_dependence.csv,.csv,1422
outputs/ultimate_load_refocus/pooled_all_weeks/leave_one_campaign_out/experiments/metadata_hsv/GradientBoosting/summary_metrics.csv,pooled_all_weeks/leave_one_campaign_out/experiments/metadata_hsv/GradientBoosting/summary_metrics.csv,.csv,436
outputs/ultimate_load_refocus/pooled_all_weeks/leave_one_campaign_out/experiments/metadata_hsv/GradientBoosting/terminal_fold_predictions.csv,pooled_all_weeks/leave_one_campaign_out/experiments/metadata_hsv/GradientBoosting/terminal_fold_predictions.csv,.csv,8881
outputs/ultimate_load_refocus/pooled_all_weeks/leave_one_campaign_out/experiments/metadata_hsv/GradientBoosting/terminal_oof_predictions.csv,pooled_all_weeks/leave_one_campaign_out/experiments/metadata_hsv/GradientBoosting/terminal_oof_predictions.csv,.csv,6251
outputs/ultimate_load_refocus/pooled_all_weeks/leave_one_campaign_out/experiments/metadata_hsv/RandomForest/feature_importance_full_fit.csv,pooled_all_weeks/leave_one_campaign_out/experiments/metadata_hsv/RandomForest/feature_importance_full_fit.csv,.csv,4224
outputs/ultimate_load_refocus/pooled_all_weeks/leave_one_campaign_out/experiments/metadata_hsv/RandomForest/feature_importance_summary.csv,pooled_all_weeks/leave_one_campaign_out/experiments/metadata_hsv/RandomForest/feature_importance_summary.csv,.csv,3637
outputs/ultimate_load_refocus/pooled_all_weeks/leave_one_campaign_out/experiments/metadata_hsv/RandomForest/fold_feature_importance.csv,pooled_all_weeks/leave_one_campaign_out/experiments/metadata_hsv/RandomForest/fold_feature_importance.csv,.csv,13906
outputs/ultimate_load_refocus/pooled_all_weeks/leave_one_campaign_out/experiments/metadata_hsv/RandomForest/fold_metrics.csv,pooled_all_weeks/leave_one_campaign_out/experiments/metadata_hsv/RandomForest/fold_metrics.csv,.csv,698
outputs/ultimate_load_refocus/pooled_all_weeks/leave_one_campaign_out/experiments/metadata_hsv/RandomForest/partial_dependence.csv,pooled_all_weeks/leave_one_campaign_out/experiments/metadata_hsv/RandomForest/partial_dependence.csv,.csv,1387
outputs/ultimate_load_refocus/pooled_all_weeks/leave_one_campaign_out/experiments/metadata_hsv/RandomForest/summary_metrics.csv,pooled_all_weeks/leave_one_campaign_out/experiments/metadata_hsv/RandomForest/summary_metrics.csv,.csv,431
outputs/ultimate_load_refocus/pooled_all_weeks/leave_one_campaign_out/experiments/metadata_hsv/RandomForest/terminal_fold_predictions.csv,pooled_all_weeks/leave_one_campaign_out/experiments/metadata_hsv/RandomForest/terminal_fold_predictions.csv,.csv,8881
outputs/ultimate_load_refocus/pooled_all_weeks/leave_one_campaign_out/experiments/metadata_hsv/RandomForest/terminal_oof_predictions.csv,pooled_all_weeks/leave_one_campaign_out/experiments/metadata_hsv/RandomForest/terminal_oof_predictions.csv,.csv,6251
outputs/ultimate_load_refocus/pooled_all_weeks/leave_one_campaign_out/experiments/metadata_hsv/Ridge/feature_importance_full_fit.csv,pooled_all_weeks/leave_one_campaign_out/experiments/metadata_hsv/Ridge/feature_importance_full_fit.csv,.csv,3847
outputs/ultimate_load_refocus/pooled_all_weeks/leave_one_campaign_out/experiments/metadata_hsv/Ridge/feature_importance_summary.csv,pooled_all_weeks/leave_one_campaign_out/experiments/metadata_hsv/Ridge/feature_importance_summary.csv,.csv,3320
outputs/ultimate_load_refocus/pooled_all_weeks/leave_one_campaign_out/experiments/metadata_hsv/Ridge/fold_feature_importance.csv,pooled_all_weeks/leave_one_campaign_out/experiments/metadata_hsv/Ridge/fold_feature_importance.csv,.csv,13220
outputs/ultimate_load_refocus/pooled_all_weeks/leave_one_campaign_out/experiments/metadata_hsv/Ridge/fold_metrics.csv,pooled_all_weeks/leave_one_campaign_out/experiments/metadata_hsv/Ridge/fold_metrics.csv,.csv,695
outputs/ultimate_load_refocus/pooled_all_weeks/leave_one_campaign_out/experiments/metadata_hsv/Ridge/partial_dependence.csv,pooled_all_weeks/leave_one_campaign_out/experiments/metadata_hsv/Ridge/partial_dependence.csv,.csv,1667
outputs/ultimate_load_refocus/pooled_all_weeks/leave_one_campaign_out/experiments/metadata_hsv/Ridge/summary_metrics.csv,pooled_all_weeks/leave_one_campaign_out/experiments/metadata_hsv/Ridge/summary_metrics.csv,.csv,424
outputs/ultimate_load_refocus/pooled_all_weeks/leave_one_campaign_out/experiments/metadata_hsv/Ridge/terminal_fold_predictions.csv,pooled_all_weeks/leave_one_campaign_out/experiments/metadata_hsv/Ridge/terminal_fold_predictions.csv,.csv,8860
outputs/ultimate_load_refocus/pooled_all_weeks/leave_one_campaign_out/experiments/metadata_hsv/Ridge/terminal_oof_predictions.csv,pooled_all_weeks/leave_one_campaign_out/experiments/metadata_hsv/Ridge/terminal_oof_predictions.csv,.csv,6230
outputs/ultimate_load_refocus/pooled_all_weeks/leave_one_campaign_out/experiments/metadata_hsv/XGBoost/feature_importance_full_fit.csv,pooled_all_weeks/leave_one_campaign_out/experiments/metadata_hsv/XGBoost/feature_importance_full_fit.csv,.csv,4214
outputs/ultimate_load_refocus/pooled_all_weeks/leave_one_campaign_out/experiments/metadata_hsv/XGBoost/feature_importance_summary.csv,pooled_all_weeks/leave_one_campaign_out/experiments/metadata_hsv/XGBoost/feature_importance_summary.csv,.csv,3619
outputs/ultimate_load_refocus/pooled_all_weeks/leave_one_campaign_out/experiments/metadata_hsv/XGBoost/fold_feature_importance.csv,pooled_all_weeks/leave_one_campaign_out/experiments/metadata_hsv/XGBoost/fold_feature_importance.csv,.csv,13816
outputs/ultimate_load_refocus/pooled_all_weeks/leave_one_campaign_out/experiments/metadata_hsv/XGBoost/fold_metrics.csv,pooled_all_weeks/leave_one_campaign_out/experiments/metadata_hsv/XGBoost/fold_metrics.csv,.csv,698
outputs/ultimate_load_refocus/pooled_all_weeks/leave_one_campaign_out/experiments/metadata_hsv/XGBoost/partial_dependence.csv,pooled_all_weeks/leave_one_campaign_out/experiments/metadata_hsv/XGBoost/partial_dependence.csv,.csv,829
outputs/ultimate_load_refocus/pooled_all_weeks/leave_one_campaign_out/experiments/metadata_hsv/XGBoost/summary_metrics.csv,pooled_all_weeks/leave_one_campaign_out/experiments/metadata_hsv/XGBoost/summary_metrics.csv,.csv,426
outputs/ultimate_load_refocus/pooled_all_weeks/leave_one_campaign_out/experiments/metadata_hsv/XGBoost/terminal_fold_predictions.csv,pooled_all_weeks/leave_one_campaign_out/experiments/metadata_hsv/XGBoost/terminal_fold_predictions.csv,.csv,8884
outputs/ultimate_load_refocus/pooled_all_weeks/leave_one_campaign_out/experiments/metadata_hsv/XGBoost/terminal_oof_predictions.csv,pooled_all_weeks/leave_one_campaign_out/experiments/metadata_hsv/XGBoost/terminal_oof_predictions.csv,.csv,6254
outputs/ultimate_load_refocus/pooled_all_weeks/leave_one_campaign_out/experiments/metadata_only/CatBoost/feature_importance_full_fit.csv,pooled_all_weeks/leave_one_campaign_out/experiments/metadata_only/CatBoost/feature_importance_full_fit.csv,.csv,929
outputs/ultimate_load_refocus/pooled_all_weeks/leave_one_campaign_out/experiments/metadata_only/CatBoost/feature_importance_summary.csv,pooled_all_weeks/leave_one_campaign_out/experiments/metadata_only/CatBoost/feature_importance_summary.csv,.csv,728
outputs/ultimate_load_refocus/pooled_all_weeks/leave_one_campaign_out/experiments/metadata_only/CatBoost/fold_feature_importance.csv,pooled_all_weeks/leave_one_campaign_out/experiments/metadata_only/CatBoost/fold_feature_importance.csv,.csv,3008
outputs/ultimate_load_refocus/pooled_all_weeks/leave_one_campaign_out/experiments/metadata_only/CatBoost/fold_metrics.csv,pooled_all_weeks/leave_one_campaign_out/experiments/metadata_only/CatBoost/fold_metrics.csv,.csv,701
outputs/ultimate_load_refocus/pooled_all_weeks/leave_one_campaign_out/experiments/metadata_only/CatBoost/partial_dependence.csv,pooled_all_weeks/leave_one_campaign_out/experiments/metadata_only/CatBoost/partial_dependence.csv,.csv,1133
outputs/ultimate_load_refocus/pooled_all_weeks/leave_one_campaign_out/experiments/metadata_only/CatBoost/summary_metrics.csv,pooled_all_weeks/leave_one_campaign_out/experiments/metadata_only/CatBoost/summary_metrics.csv,.csv,431
outputs/ultimate_load_refocus/pooled_all_weeks/leave_one_campaign_out/experiments/metadata_only/CatBoost/terminal_fold_predictions.csv,pooled_all_weeks/leave_one_campaign_out/experiments/metadata_only/CatBoost/terminal_fold_predictions.csv,.csv,8886
outputs/ultimate_load_refocus/pooled_all_weeks/leave_one_campaign_out/experiments/metadata_only/CatBoost/terminal_oof_predictions.csv,pooled_all_weeks/leave_one_campaign_out/experiments/metadata_only/CatBoost/terminal_oof_predictions.csv,.csv,6256
outputs/ultimate_load_refocus/pooled_all_weeks/leave_one_campaign_out/experiments/metadata_only/GradientBoosting/feature_importance_full_fit.csv,pooled_all_weeks/leave_one_campaign_out/experiments/metadata_only/GradientBoosting/feature_importance_full_fit.csv,.csv,979
outputs/ultimate_load_refocus/pooled_all_weeks/leave_one_campaign_out/experiments/metadata_only/GradientBoosting/feature_importance_summary.csv,pooled_all_weeks/leave_one_campaign_out/experiments/metadata_only/GradientBoosting/feature_importance_summary.csv,.csv,764
outputs/ultimate_load_refocus/pooled_all_weeks/leave_one_campaign_out/experiments/metadata_only/GradientBoosting/fold_feature_importance.csv,pooled_all_weeks/leave_one_campaign_out/experiments/metadata_only/GradientBoosting/fold_feature_importance.csv,.csv,3062
outputs/ultimate_load_refocus/pooled_all_weeks/leave_one_campaign_out/experiments/metadata_only/GradientBoosting/fold_metrics.csv,pooled_all_weeks/leave_one_campaign_out/experiments/metadata_only/GradientBoosting/fold_metrics.csv,.csv,698
outputs/ultimate_load_refocus/pooled_all_weeks/leave_one_campaign_out/experiments/metadata_only/GradientBoosting/partial_dependence.csv,pooled_all_weeks/leave_one_campaign_out/experiments/metadata_only/GradientBoosting/partial_dependence.csv,.csv,839
outputs/ultimate_load_refocus/pooled_all_weeks/leave_one_campaign_out/experiments/metadata_only/GradientBoosting/summary_metrics.csv,pooled_all_weeks/leave_one_campaign_out/experiments/metadata_only/GradientBoosting/summary_metrics.csv,.csv,439
outputs/ultimate_load_refocus/pooled_all_weeks/leave_one_campaign_out/experiments/metadata_only/GradientBoosting/terminal_fold_predictions.csv,pooled_all_weeks/leave_one_campaign_out/experiments/metadata_only/GradientBoosting/terminal_fold_predictions.csv,.csv,8889
outputs/ultimate_load_refocus/pooled_all_weeks/leave_one_campaign_out/experiments/metadata_only/GradientBoosting/terminal_oof_predictions.csv,pooled_all_weeks/leave_one_campaign_out/experiments/metadata_only/GradientBoosting/terminal_oof_predictions.csv,.csv,6259
outputs/ultimate_load_refocus/pooled_all_weeks/leave_one_campaign_out/experiments/metadata_only/RandomForest/feature_importance_full_fit.csv,pooled_all_weeks/leave_one_campaign_out/experiments/metadata_only/RandomForest/feature_importance_full_fit.csv,.csv,973
outputs/ultimate_load_refocus/pooled_all_weeks/leave_one_campaign_out/experiments/metadata_only/RandomForest/feature_importance_summary.csv,pooled_all_weeks/leave_one_campaign_out/experiments/metadata_only/RandomForest/feature_importance_summary.csv,.csv,760
outputs/ultimate_load_refocus/pooled_all_weeks/leave_one_campaign_out/experiments/metadata_only/RandomForest/fold_feature_importance.csv,pooled_all_weeks/leave_one_campaign_out/experiments/metadata_only/RandomForest/fold_feature_importance.csv,.csv,3064
outputs/ultimate_load_refocus/pooled_all_weeks/leave_one_campaign_out/experiments/metadata_only/RandomForest/fold_metrics.csv,pooled_all_weeks/leave_one_campaign_out/experiments/metadata_only/RandomForest/fold_metrics.csv,.csv,702
outputs/ultimate_load_refocus/pooled_all_weeks/leave_one_campaign_out/experiments/metadata_only/RandomForest/partial_dependence.csv,pooled_all_weeks/leave_one_campaign_out/experiments/metadata_only/RandomForest/partial_dependence.csv,.csv,841
outputs/ultimate_load_refocus/pooled_all_weeks/leave_one_campaign_out/experiments/metadata_only/RandomForest/summary_metrics.csv,pooled_all_weeks/leave_one_campaign_out/experiments/metadata_only/RandomForest/summary_metrics.csv,.csv,437
outputs/ultimate_load_refocus/pooled_all_weeks/leave_one_campaign_out/experiments/metadata_only/RandomForest/terminal_fold_predictions.csv,pooled_all_weeks/leave_one_campaign_out/experiments/metadata_only/RandomForest/terminal_fold_predictions.csv,.csv,8899
outputs/ultimate_load_refocus/pooled_all_weeks/leave_one_campaign_out/experiments/metadata_only/RandomForest/terminal_oof_predictions.csv,pooled_all_weeks/leave_one_campaign_out/experiments/metadata_only/RandomForest/terminal_oof_predictions.csv,.csv,6269
outputs/ultimate_load_refocus/pooled_all_weeks/leave_one_campaign_out/experiments/metadata_only/Ridge/feature_importance_full_fit.csv,pooled_all_weeks/leave_one_campaign_out/experiments/metadata_only/Ridge/feature_importance_full_fit.csv,.csv,907
outputs/ultimate_load_refocus/pooled_all_weeks/leave_one_campaign_out/experiments/metadata_only/Ridge/feature_importance_summary.csv,pooled_all_weeks/leave_one_campaign_out/experiments/metadata_only/Ridge/feature_importance_summary.csv,.csv,701
outputs/ultimate_load_refocus/pooled_all_weeks/leave_one_campaign_out/experiments/metadata_only/Ridge/fold_feature_importance.csv,pooled_all_weeks/leave_one_campaign_out/experiments/metadata_only/Ridge/fold_feature_importance.csv,.csv,2945
outputs/ultimate_load_refocus/pooled_all_weeks/leave_one_campaign_out/experiments/metadata_only/Ridge/fold_metrics.csv,pooled_all_weeks/leave_one_campaign_out/experiments/metadata_only/Ridge/fold_metrics.csv,.csv,691
outputs/ultimate_load_refocus/pooled_all_weeks/leave_one_campaign_out/experiments/metadata_only/Ridge/partial_dependence.csv,pooled_all_weeks/leave_one_campaign_out/experiments/metadata_only/Ridge/partial_dependence.csv,.csv,686
outputs/ultimate_load_refocus/pooled_all_weeks/leave_one_campaign_out/experiments/metadata_only/Ridge/summary_metrics.csv,pooled_all_weeks/leave_one_campaign_out/experiments/metadata_only/Ridge/summary_metrics.csv,.csv,427
outputs/ultimate_load_refocus/pooled_all_weeks/leave_one_campaign_out/experiments/metadata_only/Ridge/terminal_fold_predictions.csv,pooled_all_weeks/leave_one_campaign_out/experiments/metadata_only/Ridge/terminal_fold_predictions.csv,.csv,8862
outputs/ultimate_load_refocus/pooled_all_weeks/leave_one_campaign_out/experiments/metadata_only/Ridge/terminal_oof_predictions.csv,pooled_all_weeks/leave_one_campaign_out/experiments/metadata_only/Ridge/terminal_oof_predictions.csv,.csv,6232
outputs/ultimate_load_refocus/pooled_all_weeks/leave_one_campaign_out/experiments/metadata_only/XGBoost/feature_importance_full_fit.csv,pooled_all_weeks/leave_one_campaign_out/experiments/metadata_only/XGBoost/feature_importance_full_fit.csv,.csv,949
outputs/ultimate_load_refocus/pooled_all_weeks/leave_one_campaign_out/experiments/metadata_only/XGBoost/feature_importance_summary.csv,pooled_all_weeks/leave_one_campaign_out/experiments/metadata_only/XGBoost/feature_importance_summary.csv,.csv,758
outputs/ultimate_load_refocus/pooled_all_weeks/leave_one_campaign_out/experiments/metadata_only/XGBoost/fold_feature_importance.csv,pooled_all_weeks/leave_one_campaign_out/experiments/metadata_only/XGBoost/fold_feature_importance.csv,.csv,3034
outputs/ultimate_load_refocus/pooled_all_weeks/leave_one_campaign_out/experiments/metadata_only/XGBoost/fold_metrics.csv,pooled_all_weeks/leave_one_campaign_out/experiments/metadata_only/XGBoost/fold_metrics.csv,.csv,703
outputs/ultimate_load_refocus/pooled_all_weeks/leave_one_campaign_out/experiments/metadata_only/XGBoost/partial_dependence.csv,pooled_all_weeks/leave_one_campaign_out/experiments/metadata_only/XGBoost/partial_dependence.csv,.csv,636
outputs/ultimate_load_refocus/pooled_all_weeks/leave_one_campaign_out/experiments/metadata_only/XGBoost/summary_metrics.csv,pooled_all_weeks/leave_one_campaign_out/experiments/metadata_only/XGBoost/summary_metrics.csv,.csv,429
outputs/ultimate_load_refocus/pooled_all_weeks/leave_one_campaign_out/experiments/metadata_only/XGBoost/terminal_fold_predictions.csv,pooled_all_weeks/leave_one_campaign_out/experiments/metadata_only/XGBoost/terminal_fold_predictions.csv,.csv,8874
outputs/ultimate_load_refocus/pooled_all_weeks/leave_one_campaign_out/experiments/metadata_only/XGBoost/terminal_oof_predictions.csv,pooled_all_weeks/leave_one_campaign_out/experiments/metadata_only/XGBoost/terminal_oof_predictions.csv,.csv,6244
outputs/ultimate_load_refocus/pooled_all_weeks/leave_one_campaign_out/experiments/metadata_rgb/CatBoost/feature_importance_full_fit.csv,pooled_all_weeks/leave_one_campaign_out/experiments/metadata_rgb/CatBoost/feature_importance_full_fit.csv,.csv,4463
outputs/ultimate_load_refocus/pooled_all_weeks/leave_one_campaign_out/experiments/metadata_rgb/CatBoost/feature_importance_summary.csv,pooled_all_weeks/leave_one_campaign_out/experiments/metadata_rgb/CatBoost/feature_importance_summary.csv,.csv,3873
outputs/ultimate_load_refocus/pooled_all_weeks/leave_one_campaign_out/experiments/metadata_rgb/CatBoost/fold_feature_importance.csv,pooled_all_weeks/leave_one_campaign_out/experiments/metadata_rgb/CatBoost/fold_feature_importance.csv,.csv,15038
outputs/ultimate_load_refocus/pooled_all_weeks/leave_one_campaign_out/experiments/metadata_rgb/CatBoost/fold_metrics.csv,pooled_all_weeks/leave_one_campaign_out/experiments/metadata_rgb/CatBoost/fold_metrics.csv,.csv,696
outputs/ultimate_load_refocus/pooled_all_weeks/leave_one_campaign_out/experiments/metadata_rgb/CatBoost/partial_dependence.csv,pooled_all_weeks/leave_one_campaign_out/experiments/metadata_rgb/CatBoost/partial_dependence.csv,.csv,1132
outputs/ultimate_load_refocus/pooled_all_weeks/leave_one_campaign_out/experiments/metadata_rgb/CatBoost/summary_metrics.csv,pooled_all_weeks/leave_one_campaign_out/experiments/metadata_rgb/CatBoost/summary_metrics.csv,.csv,428
outputs/ultimate_load_refocus/pooled_all_weeks/leave_one_campaign_out/experiments/metadata_rgb/CatBoost/terminal_fold_predictions.csv,pooled_all_weeks/leave_one_campaign_out/experiments/metadata_rgb/CatBoost/terminal_fold_predictions.csv,.csv,8863
outputs/ultimate_load_refocus/pooled_all_weeks/leave_one_campaign_out/experiments/metadata_rgb/CatBoost/terminal_oof_predictions.csv,pooled_all_weeks/leave_one_campaign_out/experiments/metadata_rgb/CatBoost/terminal_oof_predictions.csv,.csv,6233
outputs/ultimate_load_refocus/pooled_all_weeks/leave_one_campaign_out/experiments/metadata_rgb/GradientBoosting/feature_importance_full_fit.csv,pooled_all_weeks/leave_one_campaign_out/experiments/metadata_rgb/GradientBoosting/feature_importance_full_fit.csv,.csv,4711
outputs/ultimate_load_refocus/pooled_all_weeks/leave_one_campaign_out/experiments/metadata_rgb/GradientBoosting/feature_importance_summary.csv,pooled_all_weeks/leave_one_campaign_out/experiments/metadata_rgb/GradientBoosting/feature_importance_summary.csv,.csv,4105
outputs/ultimate_load_refocus/pooled_all_weeks/leave_one_campaign_out/experiments/metadata_rgb/GradientBoosting/fold_feature_importance.csv,pooled_all_weeks/leave_one_campaign_out/experiments/metadata_rgb/GradientBoosting/fold_feature_importance.csv,.csv,15440
outputs/ultimate_load_refocus/pooled_all_weeks/leave_one_campaign_out/experiments/metadata_rgb/GradientBoosting/fold_metrics.csv,pooled_all_weeks/leave_one_campaign_out/experiments/metadata_rgb/GradientBoosting/fold_metrics.csv,.csv,694
outputs/ultimate_load_refocus/pooled_all_weeks/leave_one_campaign_out/experiments/metadata_rgb/GradientBoosting/partial_dependence.csv,pooled_all_weeks/leave_one_campaign_out/experiments/metadata_rgb/GradientBoosting/partial_dependence.csv,.csv,843
outputs/ultimate_load_refocus/pooled_all_weeks/leave_one_campaign_out/experiments/metadata_rgb/GradientBoosting/summary_metrics.csv,pooled_all_weeks/leave_one_campaign_out/experiments/metadata_rgb/GradientBoosting/summary_metrics.csv,.csv,437
outputs/ultimate_load_refocus/pooled_all_weeks/leave_one_campaign_out/experiments/metadata_rgb/GradientBoosting/terminal_fold_predictions.csv,pooled_all_weeks/leave_one_campaign_out/experiments/metadata_rgb/GradientBoosting/terminal_fold_predictions.csv,.csv,8857
outputs/ultimate_load_refocus/pooled_all_weeks/leave_one_campaign_out/experiments/metadata_rgb/GradientBoosting/terminal_oof_predictions.csv,pooled_all_weeks/leave_one_campaign_out/experiments/metadata_rgb/GradientBoosting/terminal_oof_predictions.csv,.csv,6227
outputs/ultimate_load_refocus/pooled_all_weeks/leave_one_campaign_out/experiments/metadata_rgb/RandomForest/feature_importance_full_fit.csv,pooled_all_weeks/leave_one_campaign_out/experiments/metadata_rgb/RandomForest/feature_importance_full_fit.csv,.csv,4695
outputs/ultimate_load_refocus/pooled_all_weeks/leave_one_campaign_out/experiments/metadata_rgb/RandomForest/feature_importance_summary.csv,pooled_all_weeks/leave_one_campaign_out/experiments/metadata_rgb/RandomForest/feature_importance_summary.csv,.csv,4073
outputs/ultimate_load_refocus/pooled_all_weeks/leave_one_campaign_out/experiments/metadata_rgb/RandomForest/fold_feature_importance.csv,pooled_all_weeks/leave_one_campaign_out/experiments/metadata_rgb/RandomForest/fold_feature_importance.csv,.csv,15402
outputs/ultimate_load_refocus/pooled_all_weeks/leave_one_campaign_out/experiments/metadata_rgb/RandomForest/fold_metrics.csv,pooled_all_weeks/leave_one_campaign_out/experiments/metadata_rgb/RandomForest/fold_metrics.csv,.csv,695
outputs/ultimate_load_refocus/pooled_all_weeks/leave_one_campaign_out/experiments/metadata_rgb/RandomForest/partial_dependence.csv,pooled_all_weeks/leave_one_campaign_out/experiments/metadata_rgb/RandomForest/partial_dependence.csv,.csv,1435
outputs/ultimate_load_refocus/pooled_all_weeks/leave_one_campaign_out/experiments/metadata_rgb/RandomForest/summary_metrics.csv,pooled_all_weeks/leave_one_campaign_out/experiments/metadata_rgb/RandomForest/summary_metrics.csv,.csv,432
outputs/ultimate_load_refocus/pooled_all_weeks/leave_one_campaign_out/experiments/metadata_rgb/RandomForest/terminal_fold_predictions.csv,pooled_all_weeks/leave_one_campaign_out/experiments/metadata_rgb/RandomForest/terminal_fold_predictions.csv,.csv,8877
outputs/ultimate_load_refocus/pooled_all_weeks/leave_one_campaign_out/experiments/metadata_rgb/RandomForest/terminal_oof_predictions.csv,pooled_all_weeks/leave_one_campaign_out/experiments/metadata_rgb/RandomForest/terminal_oof_predictions.csv,.csv,6247
outputs/ultimate_load_refocus/pooled_all_weeks/leave_one_campaign_out/experiments/metadata_rgb/Ridge/feature_importance_full_fit.csv,pooled_all_weeks/leave_one_campaign_out/experiments/metadata_rgb/Ridge/feature_importance_full_fit.csv,.csv,4258
outputs/ultimate_load_refocus/pooled_all_weeks/leave_one_campaign_out/experiments/metadata_rgb/Ridge/feature_importance_summary.csv,pooled_all_weeks/leave_one_campaign_out/experiments/metadata_rgb/Ridge/feature_importance_summary.csv,.csv,3675
outputs/ultimate_load_refocus/pooled_all_weeks/leave_one_campaign_out/experiments/metadata_rgb/Ridge/fold_feature_importance.csv,pooled_all_weeks/leave_one_campaign_out/experiments/metadata_rgb/Ridge/fold_feature_importance.csv,.csv,14640
outputs/ultimate_load_refocus/pooled_all_weeks/leave_one_campaign_out/experiments/metadata_rgb/Ridge/fold_metrics.csv,pooled_all_weeks/leave_one_campaign_out/experiments/metadata_rgb/Ridge/fold_metrics.csv,.csv,696
outputs/ultimate_load_refocus/pooled_all_weeks/leave_one_campaign_out/experiments/metadata_rgb/Ridge/partial_dependence.csv,pooled_all_weeks/leave_one_campaign_out/experiments/metadata_rgb/Ridge/partial_dependence.csv,.csv,1760
outputs/ultimate_load_refocus/pooled_all_weeks/leave_one_campaign_out/experiments/metadata_rgb/Ridge/summary_metrics.csv,pooled_all_weeks/leave_one_campaign_out/experiments/metadata_rgb/Ridge/summary_metrics.csv,.csv,426
outputs/ultimate_load_refocus/pooled_all_weeks/leave_one_campaign_out/experiments/metadata_rgb/Ridge/terminal_fold_predictions.csv,pooled_all_weeks/leave_one_campaign_out/experiments/metadata_rgb/Ridge/terminal_fold_predictions.csv,.csv,8846
outputs/ultimate_load_refocus/pooled_all_weeks/leave_one_campaign_out/experiments/metadata_rgb/Ridge/terminal_oof_predictions.csv,pooled_all_weeks/leave_one_campaign_out/experiments/metadata_rgb/Ridge/terminal_oof_predictions.csv,.csv,6216
outputs/ultimate_load_refocus/pooled_all_weeks/leave_one_campaign_out/experiments/metadata_rgb/XGBoost/feature_importance_full_fit.csv,pooled_all_weeks/leave_one_campaign_out/experiments/metadata_rgb/XGBoost/feature_importance_full_fit.csv,.csv,4663
outputs/ultimate_load_refocus/pooled_all_weeks/leave_one_campaign_out/experiments/metadata_rgb/XGBoost/feature_importance_summary.csv,pooled_all_weeks/leave_one_campaign_out/experiments/metadata_rgb/XGBoost/feature_importance_summary.csv,.csv,4085
outputs/ultimate_load_refocus/pooled_all_weeks/leave_one_campaign_out/experiments/metadata_rgb/XGBoost/fold_feature_importance.csv,pooled_all_weeks/leave_one_campaign_out/experiments/metadata_rgb/XGBoost/fold_feature_importance.csv,.csv,15438
outputs/ultimate_load_refocus/pooled_all_weeks/leave_one_campaign_out/experiments/metadata_rgb/XGBoost/fold_metrics.csv,pooled_all_weeks/leave_one_campaign_out/experiments/metadata_rgb/XGBoost/fold_metrics.csv,.csv,702
outputs/ultimate_load_refocus/pooled_all_weeks/leave_one_campaign_out/experiments/metadata_rgb/XGBoost/partial_dependence.csv,pooled_all_weeks/leave_one_campaign_out/experiments/metadata_rgb/XGBoost/partial_dependence.csv,.csv,1133
outputs/ultimate_load_refocus/pooled_all_weeks/leave_one_campaign_out/experiments/metadata_rgb/XGBoost/summary_metrics.csv,pooled_all_weeks/leave_one_campaign_out/experiments/metadata_rgb/XGBoost/summary_metrics.csv,.csv,425
outputs/ultimate_load_refocus/pooled_all_weeks/leave_one_campaign_out/experiments/metadata_rgb/XGBoost/terminal_fold_predictions.csv,pooled_all_weeks/leave_one_campaign_out/experiments/metadata_rgb/XGBoost/terminal_fold_predictions.csv,.csv,8877
outputs/ultimate_load_refocus/pooled_all_weeks/leave_one_campaign_out/experiments/metadata_rgb/XGBoost/terminal_oof_predictions.csv,pooled_all_weeks/leave_one_campaign_out/experiments/metadata_rgb/XGBoost/terminal_oof_predictions.csv,.csv,6247
outputs/ultimate_load_refocus/pooled_all_weeks/leave_one_campaign_out/experiments/metadata_rgb_hsv/CatBoost/feature_importance_full_fit.csv,pooled_all_weeks/leave_one_campaign_out/experiments/metadata_rgb_hsv/CatBoost/feature_importance_full_fit.csv,.csv,7600
outputs/ultimate_load_refocus/pooled_all_weeks/leave_one_campaign_out/experiments/metadata_rgb_hsv/CatBoost/feature_importance_summary.csv,pooled_all_weeks/leave_one_campaign_out/experiments/metadata_rgb_hsv/CatBoost/feature_importance_summary.csv,.csv,6652
outputs/ultimate_load_refocus/pooled_all_weeks/leave_one_campaign_out/experiments/metadata_rgb_hsv/CatBoost/fold_feature_importance.csv,pooled_all_weeks/leave_one_campaign_out/experiments/metadata_rgb_hsv/CatBoost/fold_feature_importance.csv,.csv,25622
outputs/ultimate_load_refocus/pooled_all_weeks/leave_one_campaign_out/experiments/metadata_rgb_hsv/CatBoost/fold_metrics.csv,pooled_all_weeks/leave_one_campaign_out/experiments/metadata_rgb_hsv/CatBoost/fold_metrics.csv,.csv,697
outputs/ultimate_load_refocus/pooled_all_weeks/leave_one_campaign_out/experiments/metadata_rgb_hsv/CatBoost/partial_dependence.csv,pooled_all_weeks/leave_one_campaign_out/experiments/metadata_rgb_hsv/CatBoost/partial_dependence.csv,.csv,1134
outputs/ultimate_load_refocus/pooled_all_weeks/leave_one_campaign_out/experiments/metadata_rgb_hsv/CatBoost/summary_metrics.csv,pooled_all_weeks/leave_one_campaign_out/experiments/metadata_rgb_hsv/CatBoost/summary_metrics.csv,.csv,437
outputs/ultimate_load_refocus/pooled_all_weeks/leave_one_campaign_out/experiments/metadata_rgb_hsv/CatBoost/terminal_fold_predictions.csv,pooled_all_weeks/leave_one_campaign_out/experiments/metadata_rgb_hsv/CatBoost/terminal_fold_predictions.csv,.csv,8867
outputs/ultimate_load_refocus/pooled_all_weeks/leave_one_campaign_out/experiments/metadata_rgb_hsv/CatBoost/terminal_oof_predictions.csv,pooled_all_weeks/leave_one_campaign_out/experiments/metadata_rgb_hsv/CatBoost/terminal_oof_predictions.csv,.csv,6237
outputs/ultimate_load_refocus/pooled_all_weeks/leave_one_campaign_out/experiments/metadata_rgb_hsv/GradientBoosting/feature_importance_full_fit.csv,pooled_all_weeks/leave_one_campaign_out/experiments/metadata_rgb_hsv/GradientBoosting/feature_importance_full_fit.csv,.csv,7892
outputs/ultimate_load_refocus/pooled_all_weeks/leave_one_campaign_out/experiments/metadata_rgb_hsv/GradientBoosting/feature_importance_summary.csv,pooled_all_weeks/leave_one_campaign_out/experiments/metadata_rgb_hsv/GradientBoosting/feature_importance_summary.csv,.csv,7052
outputs/ultimate_load_refocus/pooled_all_weeks/leave_one_campaign_out/experiments/metadata_rgb_hsv/GradientBoosting/fold_feature_importance.csv,pooled_all_weeks/leave_one_campaign_out/experiments/metadata_rgb_hsv/GradientBoosting/fold_feature_importance.csv,.csv,26236
outputs/ultimate_load_refocus/pooled_all_weeks/leave_one_campaign_out/experiments/metadata_rgb_hsv/GradientBoosting/fold_metrics.csv,pooled_all_weeks/leave_one_campaign_out/experiments/metadata_rgb_hsv/GradientBoosting/fold_metrics.csv,.csv,700
outputs/ultimate_load_refocus/pooled_all_weeks/leave_one_campaign_out/experiments/metadata_rgb_hsv/GradientBoosting/partial_dependence.csv,pooled_all_weeks/leave_one_campaign_out/experiments/metadata_rgb_hsv/GradientBoosting/partial_dependence.csv,.csv,1967
outputs/ultimate_load_refocus/pooled_all_weeks/leave_one_campaign_out/experiments/metadata_rgb_hsv/GradientBoosting/summary_metrics.csv,pooled_all_weeks/leave_one_campaign_out/experiments/metadata_rgb_hsv/GradientBoosting/summary_metrics.csv,.csv,442
outputs/ultimate_load_refocus/pooled_all_weeks/leave_one_campaign_out/experiments/metadata_rgb_hsv/GradientBoosting/terminal_fold_predictions.csv,pooled_all_weeks/leave_one_campaign_out/experiments/metadata_rgb_hsv/GradientBoosting/terminal_fold_predictions.csv,.csv,8873
outputs/ultimate_load_refocus/pooled_all_weeks/leave_one_campaign_out/experiments/metadata_rgb_hsv/GradientBoosting/terminal_oof_predictions.csv,pooled_all_weeks/leave_one_campaign_out/experiments/metadata_rgb_hsv/GradientBoosting/terminal_oof_predictions.csv,.csv,6243
outputs/ultimate_load_refocus/pooled_all_weeks/leave_one_campaign_out/experiments/metadata_rgb_hsv/RandomForest/feature_importance_full_fit.csv,pooled_all_weeks/leave_one_campaign_out/experiments/metadata_rgb_hsv/RandomForest/feature_importance_full_fit.csv,.csv,7984
outputs/ultimate_load_refocus/pooled_all_weeks/leave_one_campaign_out/experiments/metadata_rgb_hsv/RandomForest/feature_importance_summary.csv,pooled_all_weeks/leave_one_campaign_out/experiments/metadata_rgb_hsv/RandomForest/feature_importance_summary.csv,.csv,7008
outputs/ultimate_load_refocus/pooled_all_weeks/leave_one_campaign_out/experiments/metadata_rgb_hsv/RandomForest/fold_feature_importance.csv,pooled_all_weeks/leave_one_campaign_out/experiments/metadata_rgb_hsv/RandomForest/fold_feature_importance.csv,.csv,26308
outputs/ultimate_load_refocus/pooled_all_weeks/leave_one_campaign_out/experiments/metadata_rgb_hsv/RandomForest/fold_metrics.csv,pooled_all_weeks/leave_one_campaign_out/experiments/metadata_rgb_hsv/RandomForest/fold_metrics.csv,.csv,696
outputs/ultimate_load_refocus/pooled_all_weeks/leave_one_campaign_out/experiments/metadata_rgb_hsv/RandomForest/partial_dependence.csv,pooled_all_weeks/leave_one_campaign_out/experiments/metadata_rgb_hsv/RandomForest/partial_dependence.csv,.csv,1976
outputs/ultimate_load_refocus/pooled_all_weeks/leave_one_campaign_out/experiments/metadata_rgb_hsv/RandomForest/summary_metrics.csv,pooled_all_weeks/leave_one_campaign_out/experiments/metadata_rgb_hsv/RandomForest/summary_metrics.csv,.csv,440
outputs/ultimate_load_refocus/pooled_all_weeks/leave_one_campaign_out/experiments/metadata_rgb_hsv/RandomForest/terminal_fold_predictions.csv,pooled_all_weeks/leave_one_campaign_out/experiments/metadata_rgb_hsv/RandomForest/terminal_fold_predictions.csv,.csv,8870
outputs/ultimate_load_refocus/pooled_all_weeks/leave_one_campaign_out/experiments/metadata_rgb_hsv/RandomForest/terminal_oof_predictions.csv,pooled_all_weeks/leave_one_campaign_out/experiments/metadata_rgb_hsv/RandomForest/terminal_oof_predictions.csv,.csv,6240
outputs/ultimate_load_refocus/pooled_all_weeks/leave_one_campaign_out/experiments/metadata_rgb_hsv/Ridge/feature_importance_full_fit.csv,pooled_all_weeks/leave_one_campaign_out/experiments/metadata_rgb_hsv/Ridge/feature_importance_full_fit.csv,.csv,7188
outputs/ultimate_load_refocus/pooled_all_weeks/leave_one_campaign_out/experiments/metadata_rgb_hsv/Ridge/feature_importance_summary.csv,pooled_all_weeks/leave_one_campaign_out/experiments/metadata_rgb_hsv/Ridge/feature_importance_summary.csv,.csv,6275
outputs/ultimate_load_refocus/pooled_all_weeks/leave_one_campaign_out/experiments/metadata_rgb_hsv/Ridge/fold_feature_importance.csv,pooled_all_weeks/leave_one_campaign_out/experiments/metadata_rgb_hsv/Ridge/fold_feature_importance.csv,.csv,24897
outputs/ultimate_load_refocus/pooled_all_weeks/leave_one_campaign_out/experiments/metadata_rgb_hsv/Ridge/fold_metrics.csv,pooled_all_weeks/leave_one_campaign_out/experiments/metadata_rgb_hsv/Ridge/fold_metrics.csv,.csv,698
outputs/ultimate_load_refocus/pooled_all_weeks/leave_one_campaign_out/experiments/metadata_rgb_hsv/Ridge/partial_dependence.csv,pooled_all_weeks/leave_one_campaign_out/experiments/metadata_rgb_hsv/Ridge/partial_dependence.csv,.csv,1816
outputs/ultimate_load_refocus/pooled_all_weeks/leave_one_campaign_out/experiments/metadata_rgb_hsv/Ridge/summary_metrics.csv,pooled_all_weeks/leave_one_campaign_out/experiments/metadata_rgb_hsv/Ridge/summary_metrics.csv,.csv,431
outputs/ultimate_load_refocus/pooled_all_weeks/leave_one_campaign_out/experiments/metadata_rgb_hsv/Ridge/terminal_fold_predictions.csv,pooled_all_weeks/leave_one_campaign_out/experiments/metadata_rgb_hsv/Ridge/terminal_fold_predictions.csv,.csv,8856
outputs/ultimate_load_refocus/pooled_all_weeks/leave_one_campaign_out/experiments/metadata_rgb_hsv/Ridge/terminal_oof_predictions.csv,pooled_all_weeks/leave_one_campaign_out/experiments/metadata_rgb_hsv/Ridge/terminal_oof_predictions.csv,.csv,6226
outputs/ultimate_load_refocus/pooled_all_weeks/leave_one_campaign_out/experiments/metadata_rgb_hsv/XGBoost/feature_importance_full_fit.csv,pooled_all_weeks/leave_one_campaign_out/experiments/metadata_rgb_hsv/XGBoost/feature_importance_full_fit.csv,.csv,7998
outputs/ultimate_load_refocus/pooled_all_weeks/leave_one_campaign_out/experiments/metadata_rgb_hsv/XGBoost/feature_importance_summary.csv,pooled_all_weeks/leave_one_campaign_out/experiments/metadata_rgb_hsv/XGBoost/feature_importance_summary.csv,.csv,6970
outputs/ultimate_load_refocus/pooled_all_weeks/leave_one_campaign_out/experiments/metadata_rgb_hsv/XGBoost/fold_feature_importance.csv,pooled_all_weeks/leave_one_campaign_out/experiments/metadata_rgb_hsv/XGBoost/fold_feature_importance.csv,.csv,26190
outputs/ultimate_load_refocus/pooled_all_weeks/leave_one_campaign_out/experiments/metadata_rgb_hsv/XGBoost/fold_metrics.csv,pooled_all_weeks/leave_one_campaign_out/experiments/metadata_rgb_hsv/XGBoost/fold_metrics.csv,.csv,699
outputs/ultimate_load_refocus/pooled_all_weeks/leave_one_campaign_out/experiments/metadata_rgb_hsv/XGBoost/partial_dependence.csv,pooled_all_weeks/leave_one_campaign_out/experiments/metadata_rgb_hsv/XGBoost/partial_dependence.csv,.csv,958
outputs/ultimate_load_refocus/pooled_all_weeks/leave_one_campaign_out/experiments/metadata_rgb_hsv/XGBoost/summary_metrics.csv,pooled_all_weeks/leave_one_campaign_out/experiments/metadata_rgb_hsv/XGBoost/summary_metrics.csv,.csv,435
outputs/ultimate_load_refocus/pooled_all_weeks/leave_one_campaign_out/experiments/metadata_rgb_hsv/XGBoost/terminal_fold_predictions.csv,pooled_all_weeks/leave_one_campaign_out/experiments/metadata_rgb_hsv/XGBoost/terminal_fold_predictions.csv,.csv,8876
outputs/ultimate_load_refocus/pooled_all_weeks/leave_one_campaign_out/experiments/metadata_rgb_hsv/XGBoost/terminal_oof_predictions.csv,pooled_all_weeks/leave_one_campaign_out/experiments/metadata_rgb_hsv/XGBoost/terminal_oof_predictions.csv,.csv,6246
outputs/ultimate_load_refocus/pooled_all_weeks/leave_one_campaign_out/experiments/rgb_hsv/CatBoost/feature_importance_full_fit.csv,pooled_all_weeks/leave_one_campaign_out/experiments/rgb_hsv/CatBoost/feature_importance_full_fit.csv,.csv,6605
outputs/ultimate_load_refocus/pooled_all_weeks/leave_one_campaign_out/experiments/rgb_hsv/CatBoost/feature_importance_summary.csv,pooled_all_weeks/leave_one_campaign_out/experiments/rgb_hsv/CatBoost/feature_importance_summary.csv,.csv,5884
outputs/ultimate_load_refocus/pooled_all_weeks/leave_one_campaign_out/experiments/rgb_hsv/CatBoost/fold_feature_importance.csv,pooled_all_weeks/leave_one_campaign_out/experiments/rgb_hsv/CatBoost/fold_feature_importance.csv,.csv,22546
outputs/ultimate_load_refocus/pooled_all_weeks/leave_one_campaign_out/experiments/rgb_hsv/CatBoost/fold_metrics.csv,pooled_all_weeks/leave_one_campaign_out/experiments/rgb_hsv/CatBoost/fold_metrics.csv,.csv,695
outputs/ultimate_load_refocus/pooled_all_weeks/leave_one_campaign_out/experiments/rgb_hsv/CatBoost/partial_dependence.csv,pooled_all_weeks/leave_one_campaign_out/experiments/rgb_hsv/CatBoost/partial_dependence.csv,.csv,3802
outputs/ultimate_load_refocus/pooled_all_weeks/leave_one_campaign_out/experiments/rgb_hsv/CatBoost/summary_metrics.csv,pooled_all_weeks/leave_one_campaign_out/experiments/rgb_hsv/CatBoost/summary_metrics.csv,.csv,417
outputs/ultimate_load_refocus/pooled_all_weeks/leave_one_campaign_out/experiments/rgb_hsv/CatBoost/terminal_fold_predictions.csv,pooled_all_weeks/leave_one_campaign_out/experiments/rgb_hsv/CatBoost/terminal_fold_predictions.csv,.csv,8850
outputs/ultimate_load_refocus/pooled_all_weeks/leave_one_campaign_out/experiments/rgb_hsv/CatBoost/terminal_oof_predictions.csv,pooled_all_weeks/leave_one_campaign_out/experiments/rgb_hsv/CatBoost/terminal_oof_predictions.csv,.csv,6220
outputs/ultimate_load_refocus/pooled_all_weeks/leave_one_campaign_out/experiments/rgb_hsv/GradientBoosting/feature_importance_full_fit.csv,pooled_all_weeks/leave_one_campaign_out/experiments/rgb_hsv/GradientBoosting/feature_importance_full_fit.csv,.csv,6895
outputs/ultimate_load_refocus/pooled_all_weeks/leave_one_campaign_out/experiments/rgb_hsv/GradientBoosting/feature_importance_summary.csv,pooled_all_weeks/leave_one_campaign_out/experiments/rgb_hsv/GradientBoosting/feature_importance_summary.csv,.csv,6244
outputs/ultimate_load_refocus/pooled_all_weeks/leave_one_campaign_out/experiments/rgb_hsv/GradientBoosting/fold_feature_importance.csv,pooled_all_weeks/leave_one_campaign_out/experiments/rgb_hsv/GradientBoosting/fold_feature_importance.csv,.csv,23138
outputs/ultimate_load_refocus/pooled_all_weeks/leave_one_campaign_out/experiments/rgb_hsv/GradientBoosting/fold_metrics.csv,pooled_all_weeks/leave_one_campaign_out/experiments/rgb_hsv/GradientBoosting/fold_metrics.csv,.csv,695
outputs/ultimate_load_refocus/pooled_all_weeks/leave_one_campaign_out/experiments/rgb_hsv/GradientBoosting/partial_dependence.csv,pooled_all_weeks/leave_one_campaign_out/experiments/rgb_hsv/GradientBoosting/partial_dependence.csv,.csv,3672
outputs/ultimate_load_refocus/pooled_all_weeks/leave_one_campaign_out/experiments/rgb_hsv/GradientBoosting/summary_metrics.csv,pooled_all_weeks/leave_one_campaign_out/experiments/rgb_hsv/GradientBoosting/summary_metrics.csv,.csv,426
outputs/ultimate_load_refocus/pooled_all_weeks/leave_one_campaign_out/experiments/rgb_hsv/GradientBoosting/terminal_fold_predictions.csv,pooled_all_weeks/leave_one_campaign_out/experiments/rgb_hsv/GradientBoosting/terminal_fold_predictions.csv,.csv,8853
outputs/ultimate_load_refocus/pooled_all_weeks/leave_one_campaign_out/experiments/rgb_hsv/GradientBoosting/terminal_oof_predictions.csv,pooled_all_weeks/leave_one_campaign_out/experiments/rgb_hsv/GradientBoosting/terminal_oof_predictions.csv,.csv,6223
outputs/ultimate_load_refocus/pooled_all_weeks/leave_one_campaign_out/experiments/rgb_hsv/RandomForest/feature_importance_full_fit.csv,pooled_all_weeks/leave_one_campaign_out/experiments/rgb_hsv/RandomForest/feature_importance_full_fit.csv,.csv,6933
outputs/ultimate_load_refocus/pooled_all_weeks/leave_one_campaign_out/experiments/rgb_hsv/RandomForest/feature_importance_summary.csv,pooled_all_weeks/leave_one_campaign_out/experiments/rgb_hsv/RandomForest/feature_importance_summary.csv,.csv,6226
outputs/ultimate_load_refocus/pooled_all_weeks/leave_one_campaign_out/experiments/rgb_hsv/RandomForest/fold_feature_importance.csv,pooled_all_weeks/leave_one_campaign_out/experiments/rgb_hsv/RandomForest/fold_feature_importance.csv,.csv,23222
outputs/ultimate_load_refocus/pooled_all_weeks/leave_one_campaign_out/experiments/rgb_hsv/RandomForest/fold_metrics.csv,pooled_all_weeks/leave_one_campaign_out/experiments/rgb_hsv/RandomForest/fold_metrics.csv,.csv,695
outputs/ultimate_load_refocus/pooled_all_weeks/leave_one_campaign_out/experiments/rgb_hsv/RandomForest/partial_dependence.csv,pooled_all_weeks/leave_one_campaign_out/experiments/rgb_hsv/RandomForest/partial_dependence.csv,.csv,3664
outputs/ultimate_load_refocus/pooled_all_weeks/leave_one_campaign_out/experiments/rgb_hsv/RandomForest/summary_metrics.csv,pooled_all_weeks/leave_one_campaign_out/experiments/rgb_hsv/RandomForest/summary_metrics.csv,.csv,423
outputs/ultimate_load_refocus/pooled_all_weeks/leave_one_campaign_out/experiments/rgb_hsv/RandomForest/terminal_fold_predictions.csv,pooled_all_weeks/leave_one_campaign_out/experiments/rgb_hsv/RandomForest/terminal_fold_predictions.csv,.csv,8858
outputs/ultimate_load_refocus/pooled_all_weeks/leave_one_campaign_out/experiments/rgb_hsv/RandomForest/terminal_oof_predictions.csv,pooled_all_weeks/leave_one_campaign_out/experiments/rgb_hsv/RandomForest/terminal_oof_predictions.csv,.csv,6228
outputs/ultimate_load_refocus/pooled_all_weeks/leave_one_campaign_out/experiments/rgb_hsv/Ridge/feature_importance_full_fit.csv,pooled_all_weeks/leave_one_campaign_out/experiments/rgb_hsv/Ridge/feature_importance_full_fit.csv,.csv,6297
outputs/ultimate_load_refocus/pooled_all_weeks/leave_one_campaign_out/experiments/rgb_hsv/Ridge/feature_importance_summary.csv,pooled_all_weeks/leave_one_campaign_out/experiments/rgb_hsv/Ridge/feature_importance_summary.csv,.csv,5632
outputs/ultimate_load_refocus/pooled_all_weeks/leave_one_campaign_out/experiments/rgb_hsv/Ridge/fold_feature_importance.csv,pooled_all_weeks/leave_one_campaign_out/experiments/rgb_hsv/Ridge/fold_feature_importance.csv,.csv,22043
outputs/ultimate_load_refocus/pooled_all_weeks/leave_one_campaign_out/experiments/rgb_hsv/Ridge/fold_metrics.csv,pooled_all_weeks/leave_one_campaign_out/experiments/rgb_hsv/Ridge/fold_metrics.csv,.csv,694
outputs/ultimate_load_refocus/pooled_all_weeks/leave_one_campaign_out/experiments/rgb_hsv/Ridge/partial_dependence.csv,pooled_all_weeks/leave_one_campaign_out/experiments/rgb_hsv/Ridge/partial_dependence.csv,.csv,3307
outputs/ultimate_load_refocus/pooled_all_weeks/leave_one_campaign_out/experiments/rgb_hsv/Ridge/summary_metrics.csv,pooled_all_weeks/leave_one_campaign_out/experiments/rgb_hsv/Ridge/summary_metrics.csv,.csv,416
outputs/ultimate_load_refocus/pooled_all_weeks/leave_one_campaign_out/experiments/rgb_hsv/Ridge/terminal_fold_predictions.csv,pooled_all_weeks/leave_one_campaign_out/experiments/rgb_hsv/Ridge/terminal_fold_predictions.csv,.csv,8860
outputs/ultimate_load_refocus/pooled_all_weeks/leave_one_campaign_out/experiments/rgb_hsv/Ridge/terminal_oof_predictions.csv,pooled_all_weeks/leave_one_campaign_out/experiments/rgb_hsv/Ridge/terminal_oof_predictions.csv,.csv,6230
outputs/ultimate_load_refocus/pooled_all_weeks/leave_one_campaign_out/experiments/rgb_hsv/XGBoost/feature_importance_full_fit.csv,pooled_all_weeks/leave_one_campaign_out/experiments/rgb_hsv/XGBoost/feature_importance_full_fit.csv,.csv,6909
outputs/ultimate_load_refocus/pooled_all_weeks/leave_one_campaign_out/experiments/rgb_hsv/XGBoost/feature_importance_summary.csv,pooled_all_weeks/leave_one_campaign_out/experiments/rgb_hsv/XGBoost/feature_importance_summary.csv,.csv,6194
outputs/ultimate_load_refocus/pooled_all_weeks/leave_one_campaign_out/experiments/rgb_hsv/XGBoost/fold_feature_importance.csv,pooled_all_weeks/leave_one_campaign_out/experiments/rgb_hsv/XGBoost/fold_feature_importance.csv,.csv,23116
outputs/ultimate_load_refocus/pooled_all_weeks/leave_one_campaign_out/experiments/rgb_hsv/XGBoost/fold_metrics.csv,pooled_all_weeks/leave_one_campaign_out/experiments/rgb_hsv/XGBoost/fold_metrics.csv,.csv,697
outputs/ultimate_load_refocus/pooled_all_weeks/leave_one_campaign_out/experiments/rgb_hsv/XGBoost/partial_dependence.csv,pooled_all_weeks/leave_one_campaign_out/experiments/rgb_hsv/XGBoost/partial_dependence.csv,.csv,3687
outputs/ultimate_load_refocus/pooled_all_weeks/leave_one_campaign_out/experiments/rgb_hsv/XGBoost/summary_metrics.csv,pooled_all_weeks/leave_one_campaign_out/experiments/rgb_hsv/XGBoost/summary_metrics.csv,.csv,418
outputs/ultimate_load_refocus/pooled_all_weeks/leave_one_campaign_out/experiments/rgb_hsv/XGBoost/terminal_fold_predictions.csv,pooled_all_weeks/leave_one_campaign_out/experiments/rgb_hsv/XGBoost/terminal_fold_predictions.csv,.csv,8870
outputs/ultimate_load_refocus/pooled_all_weeks/leave_one_campaign_out/experiments/rgb_hsv/XGBoost/terminal_oof_predictions.csv,pooled_all_weeks/leave_one_campaign_out/experiments/rgb_hsv/XGBoost/terminal_oof_predictions.csv,.csv,6240
outputs/ultimate_load_refocus/pooled_all_weeks/leave_one_campaign_out/experiments/rgb_only/CatBoost/feature_importance_full_fit.csv,pooled_all_weeks/leave_one_campaign_out/experiments/rgb_only/CatBoost/feature_importance_full_fit.csv,.csv,3544
outputs/ultimate_load_refocus/pooled_all_weeks/leave_one_campaign_out/experiments/rgb_only/CatBoost/feature_importance_summary.csv,pooled_all_weeks/leave_one_campaign_out/experiments/rgb_only/CatBoost/feature_importance_summary.csv,.csv,3145
outputs/ultimate_load_refocus/pooled_all_weeks/leave_one_campaign_out/experiments/rgb_only/CatBoost/fold_feature_importance.csv,pooled_all_weeks/leave_one_campaign_out/experiments/rgb_only/CatBoost/fold_feature_importance.csv,.csv,12032
outputs/ultimate_load_refocus/pooled_all_weeks/leave_one_campaign_out/experiments/rgb_only/CatBoost/fold_metrics.csv,pooled_all_weeks/leave_one_campaign_out/experiments/rgb_only/CatBoost/fold_metrics.csv,.csv,695
outputs/ultimate_load_refocus/pooled_all_weeks/leave_one_campaign_out/experiments/rgb_only/CatBoost/partial_dependence.csv,pooled_all_weeks/leave_one_campaign_out/experiments/rgb_only/CatBoost/partial_dependence.csv,.csv,3711
outputs/ultimate_load_refocus/pooled_all_weeks/leave_one_campaign_out/experiments/rgb_only/CatBoost/summary_metrics.csv,pooled_all_weeks/leave_one_campaign_out/experiments/rgb_only/CatBoost/summary_metrics.csv,.csv,421
outputs/ultimate_load_refocus/pooled_all_weeks/leave_one_campaign_out/experiments/rgb_only/CatBoost/terminal_fold_predictions.csv,pooled_all_weeks/leave_one_campaign_out/experiments/rgb_only/CatBoost/terminal_fold_predictions.csv,.csv,8845
outputs/ultimate_load_refocus/pooled_all_weeks/leave_one_campaign_out/experiments/rgb_only/CatBoost/terminal_oof_predictions.csv,pooled_all_weeks/leave_one_campaign_out/experiments/rgb_only/CatBoost/terminal_oof_predictions.csv,.csv,6215
outputs/ultimate_load_refocus/pooled_all_weeks/leave_one_campaign_out/experiments/rgb_only/GradientBoosting/feature_importance_full_fit.csv,pooled_all_weeks/leave_one_campaign_out/experiments/rgb_only/GradientBoosting/feature_importance_full_fit.csv,.csv,3710
outputs/ultimate_load_refocus/pooled_all_weeks/leave_one_campaign_out/experiments/rgb_only/GradientBoosting/feature_importance_summary.csv,pooled_all_weeks/leave_one_campaign_out/experiments/rgb_only/GradientBoosting/feature_importance_summary.csv,.csv,3333
outputs/ultimate_load_refocus/pooled_all_weeks/leave_one_campaign_out/experiments/rgb_only/GradientBoosting/fold_feature_importance.csv,pooled_all_weeks/leave_one_campaign_out/experiments/rgb_only/GradientBoosting/fold_feature_importance.csv,.csv,12354
outputs/ultimate_load_refocus/pooled_all_weeks/leave_one_campaign_out/experiments/rgb_only/GradientBoosting/fold_metrics.csv,pooled_all_weeks/leave_one_campaign_out/experiments/rgb_only/GradientBoosting/fold_metrics.csv,.csv,692
outputs/ultimate_load_refocus/pooled_all_weeks/leave_one_campaign_out/experiments/rgb_only/GradientBoosting/partial_dependence.csv,pooled_all_weeks/leave_one_campaign_out/experiments/rgb_only/GradientBoosting/partial_dependence.csv,.csv,3608
outputs/ultimate_load_refocus/pooled_all_weeks/leave_one_campaign_out/experiments/rgb_only/GradientBoosting/summary_metrics.csv,pooled_all_weeks/leave_one_campaign_out/experiments/rgb_only/GradientBoosting/summary_metrics.csv,.csv,428
outputs/ultimate_load_refocus/pooled_all_weeks/leave_one_campaign_out/experiments/rgb_only/GradientBoosting/terminal_fold_predictions.csv,pooled_all_weeks/leave_one_campaign_out/experiments/rgb_only/GradientBoosting/terminal_fold_predictions.csv,.csv,8855
outputs/ultimate_load_refocus/pooled_all_weeks/leave_one_campaign_out/experiments/rgb_only/GradientBoosting/terminal_oof_predictions.csv,pooled_all_weeks/leave_one_campaign_out/experiments/rgb_only/GradientBoosting/terminal_oof_predictions.csv,.csv,6225
outputs/ultimate_load_refocus/pooled_all_weeks/leave_one_campaign_out/experiments/rgb_only/RandomForest/feature_importance_full_fit.csv,pooled_all_weeks/leave_one_campaign_out/experiments/rgb_only/RandomForest/feature_importance_full_fit.csv,.csv,3706
outputs/ultimate_load_refocus/pooled_all_weeks/leave_one_campaign_out/experiments/rgb_only/RandomForest/feature_importance_summary.csv,pooled_all_weeks/leave_one_campaign_out/experiments/rgb_only/RandomForest/feature_importance_summary.csv,.csv,3325
outputs/ultimate_load_refocus/pooled_all_weeks/leave_one_campaign_out/experiments/rgb_only/RandomForest/fold_feature_importance.csv,pooled_all_weeks/leave_one_campaign_out/experiments/rgb_only/RandomForest/fold_feature_importance.csv,.csv,12386
outputs/ultimate_load_refocus/pooled_all_weeks/leave_one_campaign_out/experiments/rgb_only/RandomForest/fold_metrics.csv,pooled_all_weeks/leave_one_campaign_out/experiments/rgb_only/RandomForest/fold_metrics.csv,.csv,690
outputs/ultimate_load_refocus/pooled_all_weeks/leave_one_campaign_out/experiments/rgb_only/RandomForest/partial_dependence.csv,pooled_all_weeks/leave_one_campaign_out/experiments/rgb_only/RandomForest/partial_dependence.csv,.csv,3806
outputs/ultimate_load_refocus/pooled_all_weeks/leave_one_campaign_out/experiments/rgb_only/RandomForest/summary_metrics.csv,pooled_all_weeks/leave_one_campaign_out/experiments/rgb_only/RandomForest/summary_metrics.csv,.csv,427
outputs/ultimate_load_refocus/pooled_all_weeks/leave_one_campaign_out/experiments/rgb_only/RandomForest/terminal_fold_predictions.csv,pooled_all_weeks/leave_one_campaign_out/experiments/rgb_only/RandomForest/terminal_fold_predictions.csv,.csv,8845
outputs/ultimate_load_refocus/pooled_all_weeks/leave_one_campaign_out/experiments/rgb_only/RandomForest/terminal_oof_predictions.csv,pooled_all_weeks/leave_one_campaign_out/experiments/rgb_only/RandomForest/terminal_oof_predictions.csv,.csv,6215
outputs/ultimate_load_refocus/pooled_all_weeks/leave_one_campaign_out/experiments/rgb_only/Ridge/feature_importance_full_fit.csv,pooled_all_weeks/leave_one_campaign_out/experiments/rgb_only/Ridge/feature_importance_full_fit.csv,.csv,3364
outputs/ultimate_load_refocus/pooled_all_weeks/leave_one_campaign_out/experiments/rgb_only/Ridge/feature_importance_summary.csv,pooled_all_weeks/leave_one_campaign_out/experiments/rgb_only/Ridge/feature_importance_summary.csv,.csv,3015
outputs/ultimate_load_refocus/pooled_all_weeks/leave_one_campaign_out/experiments/rgb_only/Ridge/fold_feature_importance.csv,pooled_all_weeks/leave_one_campaign_out/experiments/rgb_only/Ridge/fold_feature_importance.csv,.csv,11774
outputs/ultimate_load_refocus/pooled_all_weeks/leave_one_campaign_out/experiments/rgb_only/Ridge/fold_metrics.csv,pooled_all_weeks/leave_one_campaign_out/experiments/rgb_only/Ridge/fold_metrics.csv,.csv,694
outputs/ultimate_load_refocus/pooled_all_weeks/leave_one_campaign_out/experiments/rgb_only/Ridge/partial_dependence.csv,pooled_all_weeks/leave_one_campaign_out/experiments/rgb_only/Ridge/partial_dependence.csv,.csv,3302
outputs/ultimate_load_refocus/pooled_all_weeks/leave_one_campaign_out/experiments/rgb_only/Ridge/summary_metrics.csv,pooled_all_weeks/leave_one_campaign_out/experiments/rgb_only/Ridge/summary_metrics.csv,.csv,416
outputs/ultimate_load_refocus/pooled_all_weeks/leave_one_campaign_out/experiments/rgb_only/Ridge/terminal_fold_predictions.csv,pooled_all_weeks/leave_one_campaign_out/experiments/rgb_only/Ridge/terminal_fold_predictions.csv,.csv,8830
outputs/ultimate_load_refocus/pooled_all_weeks/leave_one_campaign_out/experiments/rgb_only/Ridge/terminal_oof_predictions.csv,pooled_all_weeks/leave_one_campaign_out/experiments/rgb_only/Ridge/terminal_oof_predictions.csv,.csv,6200
outputs/ultimate_load_refocus/pooled_all_weeks/leave_one_campaign_out/experiments/rgb_only/XGBoost/feature_importance_full_fit.csv,pooled_all_weeks/leave_one_campaign_out/experiments/rgb_only/XGBoost/feature_importance_full_fit.csv,.csv,3702
outputs/ultimate_load_refocus/pooled_all_weeks/leave_one_campaign_out/experiments/rgb_only/XGBoost/feature_importance_summary.csv,pooled_all_weeks/leave_one_campaign_out/experiments/rgb_only/XGBoost/feature_importance_summary.csv,.csv,3319
outputs/ultimate_load_refocus/pooled_all_weeks/leave_one_campaign_out/experiments/rgb_only/XGBoost/fold_feature_importance.csv,pooled_all_weeks/leave_one_campaign_out/experiments/rgb_only/XGBoost/fold_feature_importance.csv,.csv,12356
outputs/ultimate_load_refocus/pooled_all_weeks/leave_one_campaign_out/experiments/rgb_only/XGBoost/fold_metrics.csv,pooled_all_weeks/leave_one_campaign_out/experiments/rgb_only/XGBoost/fold_metrics.csv,.csv,696
outputs/ultimate_load_refocus/pooled_all_weeks/leave_one_campaign_out/experiments/rgb_only/XGBoost/partial_dependence.csv,pooled_all_weeks/leave_one_campaign_out/experiments/rgb_only/XGBoost/partial_dependence.csv,.csv,3829
outputs/ultimate_load_refocus/pooled_all_weeks/leave_one_campaign_out/experiments/rgb_only/XGBoost/summary_metrics.csv,pooled_all_weeks/leave_one_campaign_out/experiments/rgb_only/XGBoost/summary_metrics.csv,.csv,418
outputs/ultimate_load_refocus/pooled_all_weeks/leave_one_campaign_out/experiments/rgb_only/XGBoost/terminal_fold_predictions.csv,pooled_all_weeks/leave_one_campaign_out/experiments/rgb_only/XGBoost/terminal_fold_predictions.csv,.csv,8873
outputs/ultimate_load_refocus/pooled_all_weeks/leave_one_campaign_out/experiments/rgb_only/XGBoost/terminal_oof_predictions.csv,pooled_all_weeks/leave_one_campaign_out/experiments/rgb_only/XGBoost/terminal_oof_predictions.csv,.csv,6243
outputs/ultimate_load_refocus/pooled_all_weeks/leave_one_campaign_out/feature_importance_inventory.csv,pooled_all_weeks/leave_one_campaign_out/feature_importance_inventory.csv,.csv,244224
outputs/ultimate_load_refocus/pooled_all_weeks/leave_one_campaign_out/feature_set_comparison.csv,pooled_all_weeks/leave_one_campaign_out/feature_set_comparison.csv,.csv,1853
outputs/ultimate_load_refocus/pooled_all_weeks/leave_one_campaign_out/feature_set_comparison_bars.png,pooled_all_weeks/leave_one_campaign_out/feature_set_comparison_bars.png,.png,160848
outputs/ultimate_load_refocus/pooled_all_weeks/leave_one_campaign_out/feature_set_delta_vs_metadata_only.csv,pooled_all_weeks/leave_one_campaign_out/feature_set_delta_vs_metadata_only.csv,.csv,1466
outputs/ultimate_load_refocus/pooled_all_weeks/leave_one_campaign_out/model_comparison.csv,pooled_all_weeks/leave_one_campaign_out/model_comparison.csv,.csv,8496
outputs/ultimate_load_refocus/pooled_all_weeks/leave_one_campaign_out/model_metric_heatmap.png,pooled_all_weeks/leave_one_campaign_out/model_metric_heatmap.png,.png,381019
outputs/ultimate_load_refocus/pooled_post_onset/grouped_cv/balance.png,pooled_post_onset/grouped_cv/balance.png,.png,95855
outputs/ultimate_load_refocus/pooled_post_onset/grouped_cv/balance_summary.csv,pooled_post_onset/grouped_cv/balance_summary.csv,.csv,2110
outputs/ultimate_load_refocus/pooled_post_onset/grouped_cv/row_manifest.csv,pooled_post_onset/grouped_cv/row_manifest.csv,.csv,397207
outputs/ultimate_load_refocus/pooled_post_onset/grouped_cv/selected_best_model_per_feature_set.csv,pooled_post_onset/grouped_cv/selected_best_model_per_feature_set.csv,.csv,1773
outputs/ultimate_load_refocus/pooled_post_onset/grouped_cv/selected_best_models/experiments/hsv_only/CatBoost/fold_metrics.csv,pooled_post_onset/grouped_cv/selected_best_models/experiments/hsv_only/CatBoost/fold_metrics.csv,.csv,2327
outputs/ultimate_load_refocus/pooled_post_onset/grouped_cv/selected_best_models/experiments/hsv_only/CatBoost/summary_metrics.csv,pooled_post_onset/grouped_cv/selected_best_models/experiments/hsv_only/CatBoost/summary_metrics.csv,.csv,410
outputs/ultimate_load_refocus/pooled_post_onset/grouped_cv/selected_best_models/experiments/hsv_only/CatBoost/terminal_oof_predictions.csv,pooled_post_onset/grouped_cv/selected_best_models/experiments/hsv_only/CatBoost/terminal_oof_predictions.csv,.csv,6385
outputs/ultimate_load_refocus/pooled_post_onset/grouped_cv/selected_best_models/experiments/metadata_hsv/Ridge/fold_metrics.csv,pooled_post_onset/grouped_cv/selected_best_models/experiments/metadata_hsv/Ridge/fold_metrics.csv,.csv,2309
outputs/ultimate_load_refocus/pooled_post_onset/grouped_cv/selected_best_models/experiments/metadata_hsv/Ridge/summary_metrics.csv,pooled_post_onset/grouped_cv/selected_best_models/experiments/metadata_hsv/Ridge/summary_metrics.csv,.csv,419
outputs/ultimate_load_refocus/pooled_post_onset/grouped_cv/selected_best_models/experiments/metadata_hsv/Ridge/terminal_oof_predictions.csv,pooled_post_onset/grouped_cv/selected_best_models/experiments/metadata_hsv/Ridge/terminal_oof_predictions.csv,.csv,6392
outputs/ultimate_load_refocus/pooled_post_onset/grouped_cv/selected_best_models/experiments/metadata_only/Ridge/fold_metrics.csv,pooled_post_onset/grouped_cv/selected_best_models/experiments/metadata_only/Ridge/fold_metrics.csv,.csv,2341
outputs/ultimate_load_refocus/pooled_post_onset/grouped_cv/selected_best_models/experiments/metadata_only/Ridge/summary_metrics.csv,pooled_post_onset/grouped_cv/selected_best_models/experiments/metadata_only/Ridge/summary_metrics.csv,.csv,417
outputs/ultimate_load_refocus/pooled_post_onset/grouped_cv/selected_best_models/experiments/metadata_only/Ridge/terminal_oof_predictions.csv,pooled_post_onset/grouped_cv/selected_best_models/experiments/metadata_only/Ridge/terminal_oof_predictions.csv,.csv,6416
outputs/ultimate_load_refocus/pooled_post_onset/grouped_cv/selected_best_models/experiments/metadata_rgb/Ridge/fold_metrics.csv,pooled_post_onset/grouped_cv/selected_best_models/experiments/metadata_rgb/Ridge/fold_metrics.csv,.csv,2331
outputs/ultimate_load_refocus/pooled_post_onset/grouped_cv/selected_best_models/experiments/metadata_rgb/Ridge/summary_metrics.csv,pooled_post_onset/grouped_cv/selected_best_models/experiments/metadata_rgb/Ridge/summary_metrics.csv,.csv,417
outputs/ultimate_load_refocus/pooled_post_onset/grouped_cv/selected_best_models/experiments/metadata_rgb/Ridge/terminal_oof_predictions.csv,pooled_post_onset/grouped_cv/selected_best_models/experiments/metadata_rgb/Ridge/terminal_oof_predictions.csv,.csv,6391
outputs/ultimate_load_refocus/pooled_post_onset/grouped_cv/selected_best_models/experiments/metadata_rgb_hsv/CatBoost/fold_metrics.csv,pooled_post_onset/grouped_cv/selected_best_models/experiments/metadata_rgb_hsv/CatBoost/fold_metrics.csv,.csv,2329
outputs/ultimate_load_refocus/pooled_post_onset/grouped_cv/selected_best_models/experiments/metadata_rgb_hsv/CatBoost/summary_metrics.csv,pooled_post_onset/grouped_cv/selected_best_models/experiments/metadata_rgb_hsv/CatBoost/summary_metrics.csv,.csv,429
outputs/ultimate_load_refocus/pooled_post_onset/grouped_cv/selected_best_models/experiments/metadata_rgb_hsv/CatBoost/terminal_oof_predictions.csv,pooled_post_onset/grouped_cv/selected_best_models/experiments/metadata_rgb_hsv/CatBoost/terminal_oof_predictions.csv,.csv,6403
outputs/ultimate_load_refocus/pooled_post_onset/grouped_cv/selected_best_models/experiments/rgb_hsv/CatBoost/fold_metrics.csv,pooled_post_onset/grouped_cv/selected_best_models/experiments/rgb_hsv/CatBoost/fold_metrics.csv,.csv,2340
outputs/ultimate_load_refocus/pooled_post_onset/grouped_cv/selected_best_models/experiments/rgb_hsv/CatBoost/summary_metrics.csv,pooled_post_onset/grouped_cv/selected_best_models/experiments/rgb_hsv/CatBoost/summary_metrics.csv,.csv,411
outputs/ultimate_load_refocus/pooled_post_onset/grouped_cv/selected_best_models/experiments/rgb_hsv/CatBoost/terminal_oof_predictions.csv,pooled_post_onset/grouped_cv/selected_best_models/experiments/rgb_hsv/CatBoost/terminal_oof_predictions.csv,.csv,6404
outputs/ultimate_load_refocus/pooled_post_onset/grouped_cv/selected_best_models/experiments/rgb_only/CatBoost/fold_metrics.csv,pooled_post_onset/grouped_cv/selected_best_models/experiments/rgb_only/CatBoost/fold_metrics.csv,.csv,2347
outputs/ultimate_load_refocus/pooled_post_onset/grouped_cv/selected_best_models/experiments/rgb_only/CatBoost/summary_metrics.csv,pooled_post_onset/grouped_cv/selected_best_models/experiments/rgb_only/CatBoost/summary_metrics.csv,.csv,410
outputs/ultimate_load_refocus/pooled_post_onset/grouped_cv/selected_best_models/experiments/rgb_only/CatBoost/terminal_oof_predictions.csv,pooled_post_onset/grouped_cv/selected_best_models/experiments/rgb_only/CatBoost/terminal_oof_predictions.csv,.csv,6403
outputs/ultimate_load_refocus/pooled_post_onset/grouped_cv/specimen_manifest.csv,pooled_post_onset/grouped_cv/specimen_manifest.csv,.csv,32382
outputs/ultimate_load_refocus/pooled_post_onset/leave_one_campaign_out/balance.png,pooled_post_onset/leave_one_campaign_out/balance.png,.png,84882
outputs/ultimate_load_refocus/pooled_post_onset/leave_one_campaign_out/balance_summary.csv,pooled_post_onset/leave_one_campaign_out/balance_summary.csv,.csv,514
outputs/ultimate_load_refocus/pooled_post_onset/leave_one_campaign_out/row_manifest.csv,pooled_post_onset/leave_one_campaign_out/row_manifest.csv,.csv,95799
outputs/ultimate_load_refocus/pooled_post_onset/leave_one_campaign_out/selected_best_model_per_feature_set.csv,pooled_post_onset/leave_one_campaign_out/selected_best_model_per_feature_set.csv,.csv,1838
outputs/ultimate_load_refocus/pooled_post_onset/leave_one_campaign_out/selected_best_models/experiments/hsv_only/CatBoost/fold_metrics.csv,pooled_post_onset/leave_one_campaign_out/selected_best_models/experiments/hsv_only/CatBoost/fold_metrics.csv,.csv,697
outputs/ultimate_load_refocus/pooled_post_onset/leave_one_campaign_out/selected_best_models/experiments/hsv_only/CatBoost/summary_metrics.csv,pooled_post_onset/leave_one_campaign_out/selected_best_models/experiments/hsv_only/CatBoost/summary_metrics.csv,.csv,418
outputs/ultimate_load_refocus/pooled_post_onset/leave_one_campaign_out/selected_best_models/experiments/hsv_only/CatBoost/terminal_oof_predictions.csv,pooled_post_onset/leave_one_campaign_out/selected_best_models/experiments/hsv_only/CatBoost/terminal_oof_predictions.csv,.csv,5627
outputs/ultimate_load_refocus/pooled_post_onset/leave_one_campaign_out/selected_best_models/experiments/metadata_hsv/Ridge/fold_metrics.csv,pooled_post_onset/leave_one_campaign_out/selected_best_models/experiments/metadata_hsv/Ridge/fold_metrics.csv,.csv,695
outputs/ultimate_load_refocus/pooled_post_onset/leave_one_campaign_out/selected_best_models/experiments/metadata_hsv/Ridge/summary_metrics.csv,pooled_post_onset/leave_one_campaign_out/selected_best_models/experiments/metadata_hsv/Ridge/summary_metrics.csv,.csv,425
outputs/ultimate_load_refocus/pooled_post_onset/leave_one_campaign_out/selected_best_models/experiments/metadata_hsv/Ridge/terminal_oof_predictions.csv,pooled_post_onset/leave_one_campaign_out/selected_best_models/experiments/metadata_hsv/Ridge/terminal_oof_predictions.csv,.csv,5624
outputs/ultimate_load_refocus/pooled_post_onset/leave_one_campaign_out/selected_best_models/experiments/metadata_only/Ridge/fold_metrics.csv,pooled_post_onset/leave_one_campaign_out/selected_best_models/experiments/metadata_only/Ridge/fold_metrics.csv,.csv,693
outputs/ultimate_load_refocus/pooled_post_onset/leave_one_campaign_out/selected_best_models/experiments/metadata_only/Ridge/summary_metrics.csv,pooled_post_onset/leave_one_campaign_out/selected_best_models/experiments/metadata_only/Ridge/summary_metrics.csv,.csv,429
outputs/ultimate_load_refocus/pooled_post_onset/leave_one_campaign_out/selected_best_models/experiments/metadata_only/Ridge/terminal_oof_predictions.csv,pooled_post_onset/leave_one_campaign_out/selected_best_models/experiments/metadata_only/Ridge/terminal_oof_predictions.csv,.csv,5638
outputs/ultimate_load_refocus/pooled_post_onset/leave_one_campaign_out/selected_best_models/experiments/metadata_rgb/Ridge/fold_metrics.csv,pooled_post_onset/leave_one_campaign_out/selected_best_models/experiments/metadata_rgb/Ridge/fold_metrics.csv,.csv,694
outputs/ultimate_load_refocus/pooled_post_onset/leave_one_campaign_out/selected_best_models/experiments/metadata_rgb/Ridge/summary_metrics.csv,pooled_post_onset/leave_one_campaign_out/selected_best_models/experiments/metadata_rgb/Ridge/summary_metrics.csv,.csv,425
outputs/ultimate_load_refocus/pooled_post_onset/leave_one_campaign_out/selected_best_models/experiments/metadata_rgb/Ridge/terminal_oof_predictions.csv,pooled_post_onset/leave_one_campaign_out/selected_best_models/experiments/metadata_rgb/Ridge/terminal_oof_predictions.csv,.csv,5619
outputs/ultimate_load_refocus/pooled_post_onset/leave_one_campaign_out/selected_best_models/experiments/metadata_rgb_hsv/CatBoost/fold_metrics.csv,pooled_post_onset/leave_one_campaign_out/selected_best_models/experiments/metadata_rgb_hsv/CatBoost/fold_metrics.csv,.csv,695
outputs/ultimate_load_refocus/pooled_post_onset/leave_one_campaign_out/selected_best_models/experiments/metadata_rgb_hsv/CatBoost/summary_metrics.csv,pooled_post_onset/leave_one_campaign_out/selected_best_models/experiments/metadata_rgb_hsv/CatBoost/summary_metrics.csv,.csv,438
outputs/ultimate_load_refocus/pooled_post_onset/leave_one_campaign_out/selected_best_models/experiments/metadata_rgb_hsv/CatBoost/terminal_oof_predictions.csv,pooled_post_onset/leave_one_campaign_out/selected_best_models/experiments/metadata_rgb_hsv/CatBoost/terminal_oof_predictions.csv,.csv,5617
outputs/ultimate_load_refocus/pooled_post_onset/leave_one_campaign_out/selected_best_models/experiments/rgb_hsv/CatBoost/fold_metrics.csv,pooled_post_onset/leave_one_campaign_out/selected_best_models/experiments/rgb_hsv/CatBoost/fold_metrics.csv,.csv,698
outputs/ultimate_load_refocus/pooled_post_onset/leave_one_campaign_out/selected_best_models/experiments/rgb_hsv/CatBoost/summary_metrics.csv,pooled_post_onset/leave_one_campaign_out/selected_best_models/experiments/rgb_hsv/CatBoost/summary_metrics.csv,.csv,419
outputs/ultimate_load_refocus/pooled_post_onset/leave_one_campaign_out/selected_best_models/experiments/rgb_hsv/CatBoost/terminal_oof_predictions.csv,pooled_post_onset/leave_one_campaign_out/selected_best_models/experiments/rgb_hsv/CatBoost/terminal_oof_predictions.csv,.csv,5621
outputs/ultimate_load_refocus/pooled_post_onset/leave_one_campaign_out/selected_best_models/experiments/rgb_only/CatBoost/fold_metrics.csv,pooled_post_onset/leave_one_campaign_out/selected_best_models/experiments/rgb_only/CatBoost/fold_metrics.csv,.csv,691
outputs/ultimate_load_refocus/pooled_post_onset/leave_one_campaign_out/selected_best_models/experiments/rgb_only/CatBoost/summary_metrics.csv,pooled_post_onset/leave_one_campaign_out/selected_best_models/experiments/rgb_only/CatBoost/summary_metrics.csv,.csv,424
outputs/ultimate_load_refocus/pooled_post_onset/leave_one_campaign_out/selected_best_models/experiments/rgb_only/CatBoost/terminal_oof_predictions.csv,pooled_post_onset/leave_one_campaign_out/selected_best_models/experiments/rgb_only/CatBoost/terminal_oof_predictions.csv,.csv,5637
outputs/ultimate_load_refocus/pooled_post_onset/leave_one_campaign_out/specimen_manifest.csv,pooled_post_onset/leave_one_campaign_out/specimen_manifest.csv,.csv,8351
outputs/ultimate_load_refocus/residual_refinement/balance.png,residual_refinement/balance.png,.png,97457
outputs/ultimate_load_refocus/residual_refinement/balance_summary.csv,residual_refinement/balance_summary.csv,.csv,2108
outputs/ultimate_load_refocus/residual_refinement/baseline/cv_stability.png,residual_refinement/baseline/cv_stability.png,.png,55024
outputs/ultimate_load_refocus/residual_refinement/baseline/error_distribution.png,residual_refinement/baseline/error_distribution.png,.png,113785
outputs/ultimate_load_refocus/residual_refinement/baseline/fold_metrics.csv,residual_refinement/baseline/fold_metrics.csv,.csv,2334
outputs/ultimate_load_refocus/residual_refinement/baseline/prediction_vs_ground_truth.png,residual_refinement/baseline/prediction_vs_ground_truth.png,.png,113697
outputs/ultimate_load_refocus/residual_refinement/baseline/residual_analysis.png,residual_refinement/baseline/residual_analysis.png,.png,122156
outputs/ultimate_load_refocus/residual_refinement/baseline/summary_metrics.csv,residual_refinement/baseline/summary_metrics.csv,.csv,562
outputs/ultimate_load_refocus/residual_refinement/baseline/terminal_oof_predictions.csv,residual_refinement/baseline/terminal_oof_predictions.csv,.csv,6486
outputs/ultimate_load_refocus/residual_refinement/baseline/uncertainty.png,residual_refinement/baseline/uncertainty.png,.png,176451
outputs/ultimate_load_refocus/residual_refinement/best_model.csv,residual_refinement/best_model.csv,.csv,897
outputs/ultimate_load_refocus/residual_refinement/hard_specimen_error_comparison.csv,residual_refinement/hard_specimen_error_comparison.csv,.csv,5846
outputs/ultimate_load_refocus/residual_refinement/hard_specimen_error_delta_vs_baseline.png,residual_refinement/hard_specimen_error_delta_vs_baseline.png,.png,232217
outputs/ultimate_load_refocus/residual_refinement/model_comparison.csv,residual_refinement/model_comparison.csv,.csv,2009
outputs/ultimate_load_refocus/residual_refinement/per_model_specimen_error_vs_baseline.csv,residual_refinement/per_model_specimen_error_vs_baseline.csv,.csv,27523
outputs/ultimate_load_refocus/residual_refinement/residual_models/mesh_residual_summary/CatBoost/cv_stability.png,residual_refinement/residual_models/mesh_residual_summary/CatBoost/cv_stability.png,.png,58365
outputs/ultimate_load_refocus/residual_refinement/residual_models/mesh_residual_summary/CatBoost/error_distribution.png,residual_refinement/residual_models/mesh_residual_summary/CatBoost/error_distribution.png,.png,108395
outputs/ultimate_load_refocus/residual_refinement/residual_models/mesh_residual_summary/CatBoost/feature_importance.png,residual_refinement/residual_models/mesh_residual_summary/CatBoost/feature_importance.png,.png,180097
outputs/ultimate_load_refocus/residual_refinement/residual_models/mesh_residual_summary/CatBoost/feature_importance_summary.csv,residual_refinement/residual_models/mesh_residual_summary/CatBoost/feature_importance_summary.csv,.csv,2585
outputs/ultimate_load_refocus/residual_refinement/residual_models/mesh_residual_summary/CatBoost/fold_feature_importance.csv,residual_refinement/residual_models/mesh_residual_summary/CatBoost/fold_feature_importance.csv,.csv,73821
outputs/ultimate_load_refocus/residual_refinement/residual_models/mesh_residual_summary/CatBoost/fold_metrics.csv,residual_refinement/residual_models/mesh_residual_summary/CatBoost/fold_metrics.csv,.csv,2857
outputs/ultimate_load_refocus/residual_refinement/residual_models/mesh_residual_summary/CatBoost/prediction_vs_ground_truth.png,residual_refinement/residual_models/mesh_residual_summary/CatBoost/prediction_vs_ground_truth.png,.png,113081
outputs/ultimate_load_refocus/residual_refinement/residual_models/mesh_residual_summary/CatBoost/residual_analysis.png,residual_refinement/residual_models/mesh_residual_summary/CatBoost/residual_analysis.png,.png,119820
outputs/ultimate_load_refocus/residual_refinement/residual_models/mesh_residual_summary/CatBoost/specimen_error_delta_vs_baseline.png,residual_refinement/residual_models/mesh_residual_summary/CatBoost/specimen_error_delta_vs_baseline.png,.png,250657
outputs/ultimate_load_refocus/residual_refinement/residual_models/mesh_residual_summary/CatBoost/specimen_error_vs_baseline.csv,residual_refinement/residual_models/mesh_residual_summary/CatBoost/specimen_error_vs_baseline.csv,.csv,14117
outputs/ultimate_load_refocus/residual_refinement/residual_models/mesh_residual_summary/CatBoost/summary_metrics.csv,residual_refinement/residual_models/mesh_residual_summary/CatBoost/summary_metrics.csv,.csv,855
outputs/ultimate_load_refocus/residual_refinement/residual_models/mesh_residual_summary/CatBoost/terminal_fold_predictions.csv,residual_refinement/residual_models/mesh_residual_summary/CatBoost/terminal_fold_predictions.csv,.csv,14290
outputs/ultimate_load_refocus/residual_refinement/residual_models/mesh_residual_summary/CatBoost/terminal_oof_predictions.csv,residual_refinement/residual_models/mesh_residual_summary/CatBoost/terminal_oof_predictions.csv,.csv,11375
outputs/ultimate_load_refocus/residual_refinement/residual_models/mesh_residual_summary/CatBoost/uncertainty.png,residual_refinement/residual_models/mesh_residual_summary/CatBoost/uncertainty.png,.png,177245
outputs/ultimate_load_refocus/residual_refinement/residual_models/mesh_residual_summary/Ridge/cv_stability.png,residual_refinement/residual_models/mesh_residual_summary/Ridge/cv_stability.png,.png,54391
outputs/ultimate_load_refocus/residual_refinement/residual_models/mesh_residual_summary/Ridge/error_distribution.png,residual_refinement/residual_models/mesh_residual_summary/Ridge/error_distribution.png,.png,114071
outputs/ultimate_load_refocus/residual_refinement/residual_models/mesh_residual_summary/Ridge/feature_importance.png,residual_refinement/residual_models/mesh_residual_summary/Ridge/feature_importance.png,.png,180031
outputs/ultimate_load_refocus/residual_refinement/residual_models/mesh_residual_summary/Ridge/feature_importance_summary.csv,residual_refinement/residual_models/mesh_residual_summary/Ridge/feature_importance_summary.csv,.csv,2514
outputs/ultimate_load_refocus/residual_refinement/residual_models/mesh_residual_summary/Ridge/fold_feature_importance.csv,residual_refinement/residual_models/mesh_residual_summary/Ridge/fold_feature_importance.csv,.csv,72266
outputs/ultimate_load_refocus/residual_refinement/residual_models/mesh_residual_summary/Ridge/fold_metrics.csv,residual_refinement/residual_models/mesh_residual_summary/Ridge/fold_metrics.csv,.csv,2856
outputs/ultimate_load_refocus/residual_refinement/residual_models/mesh_residual_summary/Ridge/prediction_vs_ground_truth.png,residual_refinement/residual_models/mesh_residual_summary/Ridge/prediction_vs_ground_truth.png,.png,118366
outputs/ultimate_load_refocus/residual_refinement/residual_models/mesh_residual_summary/Ridge/residual_analysis.png,residual_refinement/residual_models/mesh_residual_summary/Ridge/residual_analysis.png,.png,126861
outputs/ultimate_load_refocus/residual_refinement/residual_models/mesh_residual_summary/Ridge/specimen_error_delta_vs_baseline.png,residual_refinement/residual_models/mesh_residual_summary/Ridge/specimen_error_delta_vs_baseline.png,.png,249414
outputs/ultimate_load_refocus/residual_refinement/residual_models/mesh_residual_summary/Ridge/specimen_error_vs_baseline.csv,residual_refinement/residual_models/mesh_residual_summary/Ridge/specimen_error_vs_baseline.csv,.csv,13877
outputs/ultimate_load_refocus/residual_refinement/residual_models/mesh_residual_summary/Ridge/summary_metrics.csv,residual_refinement/residual_models/mesh_residual_summary/Ridge/summary_metrics.csv,.csv,848
outputs/ultimate_load_refocus/residual_refinement/residual_models/mesh_residual_summary/Ridge/terminal_fold_predictions.csv,residual_refinement/residual_models/mesh_residual_summary/Ridge/terminal_fold_predictions.csv,.csv,14278
outputs/ultimate_load_refocus/residual_refinement/residual_models/mesh_residual_summary/Ridge/terminal_oof_predictions.csv,residual_refinement/residual_models/mesh_residual_summary/Ridge/terminal_oof_predictions.csv,.csv,11327
outputs/ultimate_load_refocus/residual_refinement/residual_models/mesh_residual_summary/Ridge/uncertainty.png,residual_refinement/residual_models/mesh_residual_summary/Ridge/uncertainty.png,.png,176840
outputs/ultimate_load_refocus/residual_refinement/row_manifest.csv,residual_refinement/row_manifest.csv,.csv,42575
outputs/ultimate_load_refocus/residual_refinement/specimen_error_comparison_vs_baseline.csv,residual_refinement/specimen_error_comparison_vs_baseline.csv,.csv,13430
outputs/ultimate_load_refocus/residual_refinement/specimen_manifest.csv,residual_refinement/specimen_manifest.csv,.csv,35992
outputs/ultimate_load_refocus/residual_refinement/specimen_summary_table.csv,residual_refinement/specimen_summary_table.csv,.csv,25789
outputs/ultimate_load_refocus/splits/grouped_cv_balance.png,splits/grouped_cv_balance.png,.png,92314
outputs/ultimate_load_refocus/splits/grouped_cv_balance_summary.csv,splits/grouped_cv_balance_summary.csv,.csv,2132
outputs/ultimate_load_refocus/splits/grouped_cv_row_manifest.csv,splits/grouped_cv_row_manifest.csv,.csv,800629
outputs/ultimate_load_refocus/splits/grouped_cv_specimen_manifest.csv,splits/grouped_cv_specimen_manifest.csv,.csv,35992
outputs/ultimate_load_refocus/splits/leave_one_campaign_out_balance.png,splits/leave_one_campaign_out_balance.png,.png,82549
outputs/ultimate_load_refocus/splits/leave_one_campaign_out_balance_summary.csv,splits/leave_one_campaign_out_balance_summary.csv,.csv,514
outputs/ultimate_load_refocus/splits/leave_one_campaign_out_row_manifest.csv,splits/leave_one_campaign_out_row_manifest.csv,.csv,193002
outputs/ultimate_load_refocus/splits/leave_one_campaign_out_specimen_manifest.csv,splits/leave_one_campaign_out_specimen_manifest.csv,.csv,9280
outputs/ultimate_load_refocus/summary/specimen_gap_refinement_summary.md,summary/specimen_gap_refinement_summary.md,.md,1462
outputs/ultimate_load_refocus/summary/ultimate_load_refocus_summary.md,summary/ultimate_load_refocus_summary.md,.md,4406
