feature,importance,importance_abs,importance_kind,direction,split_name,repeat_id,fold_id,split_id
campaign_id,0.2850056052608064,0.2850056052608064,feature_importance,positive,grouped_cv,0,0,grouped_cv_repeat0_fold0
nacl_pct,0.21819945451053668,0.21819945451053668,feature_importance,positive,grouped_cv,0,0,grouped_cv_repeat0_fold0
n_steel_mesh,0.1670217735234755,0.1670217735234755,feature_importance,positive,grouped_cv,0,0,grouped_cv_repeat0_fold0
cover_mm,0.15642407111241244,0.15642407111241244,feature_importance,positive,grouped_cv,0,0,grouped_cv_repeat0_fold0
img_hsv_v_hist_bin_7,0.028465323478576485,0.028465323478576485,feature_importance,positive,grouped_cv,0,0,grouped_cv_repeat0_fold0
img_glcm_homogeneity,0.023455453768180055,0.023455453768180055,feature_importance,positive,grouped_cv,0,0,grouped_cv_repeat0_fold0
treatment_protocol,0.021764751459689435,0.021764751459689435,feature_importance,positive,grouped_cv,0,0,grouped_cv_repeat0_fold0
series_id,0.020092047904071215,0.020092047904071215,feature_importance,positive,grouped_cv,0,0,grouped_cv_repeat0_fold0
treatment_label_coarse,0.01420101811241885,0.01420101811241885,feature_importance,positive,grouped_cv,0,0,grouped_cv_repeat0_fold0
split_group_treatment,0.011404261032338743,0.011404261032338743,feature_importance,positive,grouped_cv,0,0,grouped_cv_repeat0_fold0
img_rust_center_of_mass_cm,0.010716859919014037,0.010716859919014037,feature_importance,positive,grouped_cv,0,0,grouped_cv_repeat0_fold0
treatment_coarse,0.007400740099279368,0.007400740099279368,feature_importance,positive,grouped_cv,0,0,grouped_cv_repeat0_fold0
img_hsv_s_std,0.007035909765698004,0.007035909765698004,feature_importance,positive,grouped_cv,0,0,grouped_cv_repeat0_fold0
img_strip_peak_location_cm,0.003502043618589455,0.003502043618589455,feature_importance,positive,grouped_cv,0,0,grouped_cv_repeat0_fold0
img_edge_to_center_rust_ratio,0.0033419616376659527,0.0033419616376659527,feature_importance,positive,grouped_cv,0,0,grouped_cv_repeat0_fold0
img_gray_hist_bin_6,0.002409961357056775,0.002409961357056775,feature_importance,positive,grouped_cv,0,0,grouped_cv_repeat0_fold0
img_gray_hist_bin_2,0.0020418638483246784,0.0020418638483246784,feature_importance,positive,grouped_cv,0,0,grouped_cv_repeat0_fold0
img_gray_mask_ratio_pct,0.001969907686291546,0.001969907686291546,feature_importance,positive,grouped_cv,0,0,grouped_cv_repeat0_fold0
img_hsv_v_hist_bin_3,0.0016025589963321377,0.0016025589963321377,feature_importance,positive,grouped_cv,0,0,grouped_cv_repeat0_fold0
img_hsv_v_hist_bin_4,0.0012228879606276872,0.0012228879606276872,feature_importance,positive,grouped_cv,0,0,grouped_cv_repeat0_fold0
img_contrast,0.0011926131251349312,0.0011926131251349312,feature_importance,positive,grouped_cv,0,0,grouped_cv_repeat0_fold0
img_hsv_v_hist_bin_6,0.0011390242178057352,0.0011390242178057352,feature_importance,positive,grouped_cv,0,0,grouped_cv_repeat0_fold0
img_gray_hist_bin_4,0.0011082945507376067,0.0011082945507376067,feature_importance,positive,grouped_cv,0,0,grouped_cv_repeat0_fold0
img_g_std,0.001055557919712323,0.001055557919712323,feature_importance,positive,grouped_cv,0,0,grouped_cv_repeat0_fold0
img_brightness_std,0.0008284480439417166,0.0008284480439417166,feature_importance,positive,grouped_cv,0,0,grouped_cv_repeat0_fold0
img_hsv_v_p10,0.0008215502097735871,0.0008215502097735871,feature_importance,positive,grouped_cv,0,0,grouped_cv_repeat0_fold0
img_hsv_h_hist_bin_2,0.0007010950867839114,0.0007010950867839114,feature_importance,positive,grouped_cv,0,0,grouped_cv_repeat0_fold0
img_rust_blob_eccentricity_mean,0.0006590009926401837,0.0006590009926401837,feature_importance,positive,grouped_cv,0,0,grouped_cv_repeat0_fold0
img_hsv_v_hist_bin_5,0.0004997621769201933,0.0004997621769201933,feature_importance,positive,grouped_cv,0,0,grouped_cv_repeat0_fold0
img_strip_rust_max_pct,0.0004069022186797672,0.0004069022186797672,feature_importance,positive,grouped_cv,0,0,grouped_cv_repeat0_fold0
img_hsv_h_p10,0.0003500390855366985,0.0003500390855366985,feature_importance,positive,grouped_cv,0,0,grouped_cv_repeat0_fold0
img_b_std,0.0003262392960337264,0.0003262392960337264,feature_importance,positive,grouped_cv,0,0,grouped_cv_repeat0_fold0
img_hsv_s_hist_bin_5,0.0002941355529953813,0.0002941355529953813,feature_importance,positive,grouped_cv,0,0,grouped_cv_repeat0_fold0
img_lbp_std,0.0002656008569377603,0.0002656008569377603,feature_importance,positive,grouped_cv,0,0,grouped_cv_repeat0_fold0
img_glcm_energy,0.00024630767714471717,0.00024630767714471717,feature_importance,positive,grouped_cv,0,0,grouped_cv_repeat0_fold0
img_lbp_mean,0.00023626749649283298,0.00023626749649283298,feature_importance,positive,grouped_cv,0,0,grouped_cv_repeat0_fold0
img_strip_rust_p90_pct,0.00021078464902663492,0.00021078464902663492,feature_importance,positive,grouped_cv,0,0,grouped_cv_repeat0_fold0
img_gray_hist_bin_0,0.00019697150767167574,0.00019697150767167574,feature_importance,positive,grouped_cv,0,0,grouped_cv_repeat0_fold0
img_hsv_s_hist_bin_7,0.00018896852751607035,0.00018896852751607035,feature_importance,positive,grouped_cv,0,0,grouped_cv_repeat0_fold0
img_hsv_s_hist_bin_4,0.00015624477981292297,0.00015624477981292297,feature_importance,positive,grouped_cv,0,0,grouped_cv_repeat0_fold0
img_hsv_s_hist_bin_3,0.0001471205892456593,0.0001471205892456593,feature_importance,positive,grouped_cv,0,0,grouped_cv_repeat0_fold0
img_hsv_h_mean,0.00014048744732899607,0.00014048744732899607,feature_importance,positive,grouped_cv,0,0,grouped_cv_repeat0_fold0
img_hsv_s_p10,0.00013477823230515472,0.00013477823230515472,feature_importance,positive,grouped_cv,0,0,grouped_cv_repeat0_fold0
img_hsv_h_hist_bin_7,0.00012724518286690492,0.00012724518286690492,feature_importance,positive,grouped_cv,0,0,grouped_cv_repeat0_fold0
img_gray_hist_bin_5,0.00012275291716094854,0.00012275291716094854,feature_importance,positive,grouped_cv,0,0,grouped_cv_repeat0_fold0
img_rust_blob_mean_ratio_pct,9.546487666593821e-05,9.546487666593821e-05,feature_importance,positive,grouped_cv,0,0,grouped_cv_repeat0_fold0
img_glcm_contrast,9.266345261775102e-05,9.266345261775102e-05,feature_importance,positive,grouped_cv,0,0,grouped_cv_repeat0_fold0
img_strip_rust_std_pct,8.811046466228923e-05,8.811046466228923e-05,feature_importance,positive,grouped_cv,0,0,grouped_cv_repeat0_fold0
img_rust_blob_count,7.769702922418983e-05,7.769702922418983e-05,feature_importance,positive,grouped_cv,0,0,grouped_cv_repeat0_fold0
img_hsv_s_hist_bin_2,6.603939769956524e-05,6.603939769956524e-05,feature_importance,positive,grouped_cv,0,0,grouped_cv_repeat0_fold0
img_hsv_v_hist_bin_1,6.318943451364991e-05,6.318943451364991e-05,feature_importance,positive,grouped_cv,0,0,grouped_cv_repeat0_fold0
img_hsv_s_hist_bin_0,5.9746507451835604e-05,5.9746507451835604e-05,feature_importance,positive,grouped_cv,0,0,grouped_cv_repeat0_fold0
img_hsv_v_mean,5.902049256255132e-05,5.902049256255132e-05,feature_importance,positive,grouped_cv,0,0,grouped_cv_repeat0_fold0
img_rust_area_ratio_pct,5.2672017639775586e-05,5.2672017639775586e-05,feature_importance,positive,grouped_cv,0,0,grouped_cv_repeat0_fold0
img_hsv_v_hist_bin_0,5.153108820245021e-05,5.153108820245021e-05,feature_importance,positive,grouped_cv,0,0,grouped_cv_repeat0_fold0
img_hsv_s_hist_bin_6,4.914867329846133e-05,4.914867329846133e-05,feature_importance,positive,grouped_cv,0,0,grouped_cv_repeat0_fold0
img_gray_hist_bin_7,4.8846769474416394e-05,4.8846769474416394e-05,feature_importance,positive,grouped_cv,0,0,grouped_cv_repeat0_fold0
img_hsv_v_hist_bin_2,4.761259345228571e-05,4.761259345228571e-05,feature_importance,positive,grouped_cv,0,0,grouped_cv_repeat0_fold0
img_hsv_h_hist_bin_6,3.444897658562706e-05,3.444897658562706e-05,feature_importance,positive,grouped_cv,0,0,grouped_cv_repeat0_fold0
img_brightness_p10,3.0148393326374963e-05,3.0148393326374963e-05,feature_importance,positive,grouped_cv,0,0,grouped_cv_repeat0_fold0
img_r_mean,3.010235222728099e-05,3.010235222728099e-05,feature_importance,positive,grouped_cv,0,0,grouped_cv_repeat0_fold0
img_rust_blob_eccentricity_max,2.5974636105388638e-05,2.5974636105388638e-05,feature_importance,positive,grouped_cv,0,0,grouped_cv_repeat0_fold0
img_gray_hist_bin_3,2.5158399179173486e-05,2.5158399179173486e-05,feature_importance,positive,grouped_cv,0,0,grouped_cv_repeat0_fold0
img_hsv_s_hist_bin_1,2.3843601105110174e-05,2.3843601105110174e-05,feature_importance,positive,grouped_cv,0,0,grouped_cv_repeat0_fold0
week,2.085994454845925e-05,2.085994454845925e-05,feature_importance,positive,grouped_cv,0,0,grouped_cv_repeat0_fold0
img_hsv_s_p90,2.0589899196217677e-05,2.0589899196217677e-05,feature_importance,positive,grouped_cv,0,0,grouped_cv_repeat0_fold0
img_hsv_h_std,2.0005271321795413e-05,2.0005271321795413e-05,feature_importance,positive,grouped_cv,0,0,grouped_cv_repeat0_fold0
img_hsv_v_std,1.9591246444959915e-05,1.9591246444959915e-05,feature_importance,positive,grouped_cv,0,0,grouped_cv_repeat0_fold0
img_b_mean,1.4508138014732723e-05,1.4508138014732723e-05,feature_importance,positive,grouped_cv,0,0,grouped_cv_repeat0_fold0
ageing_days,1.0653257091259302e-05,1.0653257091259302e-05,feature_importance,positive,grouped_cv,0,0,grouped_cv_repeat0_fold0
img_g_mean,1.0033523402053503e-05,1.0033523402053503e-05,feature_importance,positive,grouped_cv,0,0,grouped_cv_repeat0_fold0
img_hsv_s_mean,8.800828365238944e-06,8.800828365238944e-06,feature_importance,positive,grouped_cv,0,0,grouped_cv_repeat0_fold0
img_hsv_h_hist_bin_1,8.679574305102624e-06,8.679574305102624e-06,feature_importance,positive,grouped_cv,0,0,grouped_cv_repeat0_fold0
img_hsv_h_p90,5.7083153092578415e-06,5.7083153092578415e-06,feature_importance,positive,grouped_cv,0,0,grouped_cv_repeat0_fold0
img_strip_high_count,2.621530831170837e-06,2.621530831170837e-06,feature_importance,positive,grouped_cv,0,0,grouped_cv_repeat0_fold0
img_rust_blob_largest_ratio_pct,1.6785154851911928e-06,1.6785154851911928e-06,feature_importance,positive,grouped_cv,0,0,grouped_cv_repeat0_fold0
img_r_std,1.257281244739157e-07,1.257281244739157e-07,feature_importance,positive,grouped_cv,0,0,grouped_cv_repeat0_fold0
img_brightness_mean,7.755227497117676e-08,7.755227497117676e-08,feature_importance,positive,grouped_cv,0,0,grouped_cv_repeat0_fold0
img_hsv_h_hist_bin_0,1.2769937646654156e-10,1.2769937646654156e-10,feature_importance,positive,grouped_cv,0,0,grouped_cv_repeat0_fold0
img_strip_rust_mean_pct,0.0,0.0,feature_importance,positive,grouped_cv,0,0,grouped_cv_repeat0_fold0
img_hsv_h_hist_bin_3,0.0,0.0,feature_importance,positive,grouped_cv,0,0,grouped_cv_repeat0_fold0
img_hsv_h_hist_bin_5,0.0,0.0,feature_importance,positive,grouped_cv,0,0,grouped_cv_repeat0_fold0
img_gray_hist_bin_1,0.0,0.0,feature_importance,positive,grouped_cv,0,0,grouped_cv_repeat0_fold0
img_strip_count,0.0,0.0,feature_importance,positive,grouped_cv,0,0,grouped_cv_repeat0_fold0
img_brightness_p90,0.0,0.0,feature_importance,positive,grouped_cv,0,0,grouped_cv_repeat0_fold0
img_black_mask_ratio_pct,0.0,0.0,feature_importance,positive,grouped_cv,0,0,grouped_cv_repeat0_fold0
img_hsv_v_p90,0.0,0.0,feature_importance,positive,grouped_cv,0,0,grouped_cv_repeat0_fold0
img_hsv_h_hist_bin_4,0.0,0.0,feature_importance,positive,grouped_cv,0,0,grouped_cv_repeat0_fold0
campaign_id,0.39128846373514203,0.39128846373514203,feature_importance,positive,grouped_cv,0,1,grouped_cv_repeat0_fold1
nacl_pct,0.19272932513030921,0.19272932513030921,feature_importance,positive,grouped_cv,0,1,grouped_cv_repeat0_fold1
cover_mm,0.1379325133508922,0.1379325133508922,feature_importance,positive,grouped_cv,0,1,grouped_cv_repeat0_fold1
n_steel_mesh,0.08036502128993919,0.08036502128993919,feature_importance,positive,grouped_cv,0,1,grouped_cv_repeat0_fold1
series_id,0.032076629753364234,0.032076629753364234,feature_importance,positive,grouped_cv,0,1,grouped_cv_repeat0_fold1
img_hsv_v_hist_bin_7,0.028394838502302445,0.028394838502302445,feature_importance,positive,grouped_cv,0,1,grouped_cv_repeat0_fold1
img_hsv_s_std,0.019930309932599102,0.019930309932599102,feature_importance,positive,grouped_cv,0,1,grouped_cv_repeat0_fold1
split_group_treatment,0.019172831302550365,0.019172831302550365,feature_importance,positive,grouped_cv,0,1,grouped_cv_repeat0_fold1
treatment_protocol,0.015418000123944606,0.015418000123944606,feature_importance,positive,grouped_cv,0,1,grouped_cv_repeat0_fold1
img_rust_center_of_mass_cm,0.010628197565749115,0.010628197565749115,feature_importance,positive,grouped_cv,0,1,grouped_cv_repeat0_fold1
img_glcm_energy,0.009996036604447284,0.009996036604447284,feature_importance,positive,grouped_cv,0,1,grouped_cv_repeat0_fold1
img_lbp_mean,0.009088326250311132,0.009088326250311132,feature_importance,positive,grouped_cv,0,1,grouped_cv_repeat0_fold1
treatment_label_coarse,0.008111971490884065,0.008111971490884065,feature_importance,positive,grouped_cv,0,1,grouped_cv_repeat0_fold1
treatment_coarse,0.004886602520965555,0.004886602520965555,feature_importance,positive,grouped_cv,0,1,grouped_cv_repeat0_fold1
img_hsv_v_hist_bin_1,0.004713629139377562,0.004713629139377562,feature_importance,positive,grouped_cv,0,1,grouped_cv_repeat0_fold1
img_glcm_homogeneity,0.004643311160191712,0.004643311160191712,feature_importance,positive,grouped_cv,0,1,grouped_cv_repeat0_fold1
img_edge_to_center_rust_ratio,0.0038429102386862966,0.0038429102386862966,feature_importance,positive,grouped_cv,0,1,grouped_cv_repeat0_fold1
img_strip_peak_location_cm,0.0033996836476336734,0.0033996836476336734,feature_importance,positive,grouped_cv,0,1,grouped_cv_repeat0_fold1
img_gray_hist_bin_2,0.00306417630298422,0.00306417630298422,feature_importance,positive,grouped_cv,0,1,grouped_cv_repeat0_fold1
img_gray_mask_ratio_pct,0.001824733551432008,0.001824733551432008,feature_importance,positive,grouped_cv,0,1,grouped_cv_repeat0_fold1
img_glcm_contrast,0.0017752735161030639,0.0017752735161030639,feature_importance,positive,grouped_cv,0,1,grouped_cv_repeat0_fold1
img_hsv_v_hist_bin_2,0.0016918528160331412,0.0016918528160331412,feature_importance,positive,grouped_cv,0,1,grouped_cv_repeat0_fold1
img_brightness_std,0.0015719117058497101,0.0015719117058497101,feature_importance,positive,grouped_cv,0,1,grouped_cv_repeat0_fold1
img_hsv_v_hist_bin_3,0.0014498050363155647,0.0014498050363155647,feature_importance,positive,grouped_cv,0,1,grouped_cv_repeat0_fold1
img_hsv_v_hist_bin_4,0.0008557183505613641,0.0008557183505613641,feature_importance,positive,grouped_cv,0,1,grouped_cv_repeat0_fold1
img_gray_hist_bin_4,0.000844775574352675,0.000844775574352675,feature_importance,positive,grouped_cv,0,1,grouped_cv_repeat0_fold1
img_strip_rust_max_pct,0.0008434467715682754,0.0008434467715682754,feature_importance,positive,grouped_cv,0,1,grouped_cv_repeat0_fold1
img_b_std,0.0008308937083580163,0.0008308937083580163,feature_importance,positive,grouped_cv,0,1,grouped_cv_repeat0_fold1
img_brightness_p10,0.0008016048846480975,0.0008016048846480975,feature_importance,positive,grouped_cv,0,1,grouped_cv_repeat0_fold1
img_hsv_s_hist_bin_1,0.0007418386149579539,0.0007418386149579539,feature_importance,positive,grouped_cv,0,1,grouped_cv_repeat0_fold1
img_hsv_h_hist_bin_2,0.0006672146657338063,0.0006672146657338063,feature_importance,positive,grouped_cv,0,1,grouped_cv_repeat0_fold1
img_g_std,0.0006668579740399434,0.0006668579740399434,feature_importance,positive,grouped_cv,0,1,grouped_cv_repeat0_fold1
img_hsv_s_hist_bin_7,0.0006142909827494979,0.0006142909827494979,feature_importance,positive,grouped_cv,0,1,grouped_cv_repeat0_fold1
img_brightness_p90,0.0006076554556272776,0.0006076554556272776,feature_importance,positive,grouped_cv,0,1,grouped_cv_repeat0_fold1
img_hsv_s_hist_bin_5,0.00039332772270001936,0.00039332772270001936,feature_importance,positive,grouped_cv,0,1,grouped_cv_repeat0_fold1
img_hsv_h_p10,0.00038048065066782733,0.00038048065066782733,feature_importance,positive,grouped_cv,0,1,grouped_cv_repeat0_fold1
img_rust_blob_mean_ratio_pct,0.00031871139951992024,0.00031871139951992024,feature_importance,positive,grouped_cv,0,1,grouped_cv_repeat0_fold1
img_hsv_h_std,0.0002538886352712072,0.0002538886352712072,feature_importance,positive,grouped_cv,0,1,grouped_cv_repeat0_fold1
img_hsv_s_hist_bin_6,0.00025141137719430525,0.00025141137719430525,feature_importance,positive,grouped_cv,0,1,grouped_cv_repeat0_fold1
img_gray_hist_bin_6,0.0002509464259442724,0.0002509464259442724,feature_importance,positive,grouped_cv,0,1,grouped_cv_repeat0_fold1
img_gray_hist_bin_3,0.00023699164138187722,0.00023699164138187722,feature_importance,positive,grouped_cv,0,1,grouped_cv_repeat0_fold1
img_hsv_v_hist_bin_0,0.00021213941826898108,0.00021213941826898108,feature_importance,positive,grouped_cv,0,1,grouped_cv_repeat0_fold1
img_hsv_s_p10,0.00020488834803774594,0.00020488834803774594,feature_importance,positive,grouped_cv,0,1,grouped_cv_repeat0_fold1
img_lbp_std,0.00017079249487374088,0.00017079249487374088,feature_importance,positive,grouped_cv,0,1,grouped_cv_repeat0_fold1
img_hsv_s_hist_bin_4,0.00016096429725041624,0.00016096429725041624,feature_importance,positive,grouped_cv,0,1,grouped_cv_repeat0_fold1
img_hsv_s_p90,0.00013493281260217147,0.00013493281260217147,feature_importance,positive,grouped_cv,0,1,grouped_cv_repeat0_fold1
img_gray_hist_bin_7,0.00012750646940704093,0.00012750646940704093,feature_importance,positive,grouped_cv,0,1,grouped_cv_repeat0_fold1
img_contrast,0.00012257880870043244,0.00012257880870043244,feature_importance,positive,grouped_cv,0,1,grouped_cv_repeat0_fold1
img_hsv_s_mean,0.00011923136321689773,0.00011923136321689773,feature_importance,positive,grouped_cv,0,1,grouped_cv_repeat0_fold1
img_hsv_v_hist_bin_5,0.00011004431449829758,0.00011004431449829758,feature_importance,positive,grouped_cv,0,1,grouped_cv_repeat0_fold1
img_black_mask_ratio_pct,0.00010279375847857335,0.00010279375847857335,feature_importance,positive,grouped_cv,0,1,grouped_cv_repeat0_fold1
img_strip_rust_std_pct,8.837766799291829e-05,8.837766799291829e-05,feature_importance,positive,grouped_cv,0,1,grouped_cv_repeat0_fold1
img_hsv_s_hist_bin_3,8.098817023386294e-05,8.098817023386294e-05,feature_importance,positive,grouped_cv,0,1,grouped_cv_repeat0_fold1
img_hsv_s_hist_bin_2,7.936106565837858e-05,7.936106565837858e-05,feature_importance,positive,grouped_cv,0,1,grouped_cv_repeat0_fold1
img_hsv_s_hist_bin_0,7.769423405064602e-05,7.769423405064602e-05,feature_importance,positive,grouped_cv,0,1,grouped_cv_repeat0_fold1
img_rust_blob_eccentricity_mean,7.645421961396454e-05,7.645421961396454e-05,feature_importance,positive,grouped_cv,0,1,grouped_cv_repeat0_fold1
img_hsv_h_hist_bin_0,6.175274099174258e-05,6.175274099174258e-05,feature_importance,positive,grouped_cv,0,1,grouped_cv_repeat0_fold1
img_hsv_h_p90,5.42229747546803e-05,5.42229747546803e-05,feature_importance,positive,grouped_cv,0,1,grouped_cv_repeat0_fold1
img_b_mean,4.763741752535971e-05,4.763741752535971e-05,feature_importance,positive,grouped_cv,0,1,grouped_cv_repeat0_fold1
img_rust_area_ratio_pct,4.554776840293248e-05,4.554776840293248e-05,feature_importance,positive,grouped_cv,0,1,grouped_cv_repeat0_fold1
week,4.503560219377638e-05,4.503560219377638e-05,feature_importance,positive,grouped_cv,0,1,grouped_cv_repeat0_fold1
img_hsv_h_mean,4.289797486658097e-05,4.289797486658097e-05,feature_importance,positive,grouped_cv,0,1,grouped_cv_repeat0_fold1
img_gray_hist_bin_1,4.106077524838804e-05,4.106077524838804e-05,feature_importance,positive,grouped_cv,0,1,grouped_cv_repeat0_fold1
img_gray_hist_bin_5,3.4806975773570395e-05,3.4806975773570395e-05,feature_importance,positive,grouped_cv,0,1,grouped_cv_repeat0_fold1
img_hsv_h_hist_bin_7,3.122150085708657e-05,3.122150085708657e-05,feature_importance,positive,grouped_cv,0,1,grouped_cv_repeat0_fold1
img_brightness_mean,2.4310270256414852e-05,2.4310270256414852e-05,feature_importance,positive,grouped_cv,0,1,grouped_cv_repeat0_fold1
img_strip_rust_p90_pct,2.3943141565261247e-05,2.3943141565261247e-05,feature_importance,positive,grouped_cv,0,1,grouped_cv_repeat0_fold1
ageing_days,2.2179861013744767e-05,2.2179861013744767e-05,feature_importance,positive,grouped_cv,0,1,grouped_cv_repeat0_fold1
img_hsv_h_hist_bin_1,2.1133753498379623e-05,2.1133753498379623e-05,feature_importance,positive,grouped_cv,0,1,grouped_cv_repeat0_fold1
img_g_mean,1.2012776233627883e-05,1.2012776233627883e-05,feature_importance,positive,grouped_cv,0,1,grouped_cv_repeat0_fold1
img_strip_rust_mean_pct,1.1454433062547513e-05,1.1454433062547513e-05,feature_importance,positive,grouped_cv,0,1,grouped_cv_repeat0_fold1
img_rust_blob_count,1.0437870310376774e-05,1.0437870310376774e-05,feature_importance,positive,grouped_cv,0,1,grouped_cv_repeat0_fold1
img_hsv_h_hist_bin_3,9.46299540373638e-06,9.46299540373638e-06,feature_importance,positive,grouped_cv,0,1,grouped_cv_repeat0_fold1
img_hsv_v_hist_bin_6,7.477342151685103e-06,7.477342151685103e-06,feature_importance,positive,grouped_cv,0,1,grouped_cv_repeat0_fold1
img_r_mean,6.241558384080273e-06,6.241558384080273e-06,feature_importance,positive,grouped_cv,0,1,grouped_cv_repeat0_fold1
img_hsv_v_p10,6.064647560501842e-06,6.064647560501842e-06,feature_importance,positive,grouped_cv,0,1,grouped_cv_repeat0_fold1
img_gray_hist_bin_0,5.4224268497441865e-06,5.4224268497441865e-06,feature_importance,positive,grouped_cv,0,1,grouped_cv_repeat0_fold1
img_hsv_h_hist_bin_5,2.803461213402241e-06,2.803461213402241e-06,feature_importance,positive,grouped_cv,0,1,grouped_cv_repeat0_fold1
img_hsv_v_std,2.7470906736734232e-06,2.7470906736734232e-06,feature_importance,positive,grouped_cv,0,1,grouped_cv_repeat0_fold1
img_hsv_h_hist_bin_6,2.2451315639137492e-06,2.2451315639137492e-06,feature_importance,positive,grouped_cv,0,1,grouped_cv_repeat0_fold1
img_hsv_v_mean,1.522059732564784e-06,1.522059732564784e-06,feature_importance,positive,grouped_cv,0,1,grouped_cv_repeat0_fold1
img_r_std,7.241324082449893e-07,7.241324082449893e-07,feature_importance,positive,grouped_cv,0,1,grouped_cv_repeat0_fold1
img_rust_blob_largest_ratio_pct,3.6227873235305926e-07,3.6227873235305926e-07,feature_importance,positive,grouped_cv,0,1,grouped_cv_repeat0_fold1
img_hsv_v_p90,1.1409260377041256e-07,1.1409260377041256e-07,feature_importance,positive,grouped_cv,0,1,grouped_cv_repeat0_fold1
img_hsv_h_hist_bin_4,0.0,0.0,feature_importance,positive,grouped_cv,0,1,grouped_cv_repeat0_fold1
img_strip_count,0.0,0.0,feature_importance,positive,grouped_cv,0,1,grouped_cv_repeat0_fold1
img_rust_blob_eccentricity_max,0.0,0.0,feature_importance,positive,grouped_cv,0,1,grouped_cv_repeat0_fold1
img_strip_high_count,0.0,0.0,feature_importance,positive,grouped_cv,0,1,grouped_cv_repeat0_fold1
campaign_id,0.42014846718295673,0.42014846718295673,feature_importance,positive,grouped_cv,0,2,grouped_cv_repeat0_fold2
n_steel_mesh,0.20019352660941156,0.20019352660941156,feature_importance,positive,grouped_cv,0,2,grouped_cv_repeat0_fold2
cover_mm,0.1673594341259284,0.1673594341259284,feature_importance,positive,grouped_cv,0,2,grouped_cv_repeat0_fold2
nacl_pct,0.079825673457537,0.079825673457537,feature_importance,positive,grouped_cv,0,2,grouped_cv_repeat0_fold2
img_glcm_homogeneity,0.03584990914041584,0.03584990914041584,feature_importance,positive,grouped_cv,0,2,grouped_cv_repeat0_fold2
series_id,0.01354387872066358,0.01354387872066358,feature_importance,positive,grouped_cv,0,2,grouped_cv_repeat0_fold2
img_hsv_s_std,0.011283724004364974,0.011283724004364974,feature_importance,positive,grouped_cv,0,2,grouped_cv_repeat0_fold2
split_group_treatment,0.008945832330677762,0.008945832330677762,feature_importance,positive,grouped_cv,0,2,grouped_cv_repeat0_fold2
img_lbp_mean,0.007825581857911847,0.007825581857911847,feature_importance,positive,grouped_cv,0,2,grouped_cv_repeat0_fold2
treatment_protocol,0.006335110313220394,0.006335110313220394,feature_importance,positive,grouped_cv,0,2,grouped_cv_repeat0_fold2
img_strip_peak_location_cm,0.005976120718115849,0.005976120718115849,feature_importance,positive,grouped_cv,0,2,grouped_cv_repeat0_fold2
img_hsv_v_hist_bin_5,0.0048403972877514604,0.0048403972877514604,feature_importance,positive,grouped_cv,0,2,grouped_cv_repeat0_fold2
treatment_label_coarse,0.004690346142972722,0.004690346142972722,feature_importance,positive,grouped_cv,0,2,grouped_cv_repeat0_fold2
img_edge_to_center_rust_ratio,0.004555939860673761,0.004555939860673761,feature_importance,positive,grouped_cv,0,2,grouped_cv_repeat0_fold2
treatment_coarse,0.003966338797305718,0.003966338797305718,feature_importance,positive,grouped_cv,0,2,grouped_cv_repeat0_fold2
img_hsv_v_hist_bin_7,0.003212697893885252,0.003212697893885252,feature_importance,positive,grouped_cv,0,2,grouped_cv_repeat0_fold2
img_rust_center_of_mass_cm,0.0028625011259923194,0.0028625011259923194,feature_importance,positive,grouped_cv,0,2,grouped_cv_repeat0_fold2
img_glcm_contrast,0.0026640058256610904,0.0026640058256610904,feature_importance,positive,grouped_cv,0,2,grouped_cv_repeat0_fold2
img_hsv_v_hist_bin_2,0.002635453585802331,0.002635453585802331,feature_importance,positive,grouped_cv,0,2,grouped_cv_repeat0_fold2
img_glcm_energy,0.002034627971865921,0.002034627971865921,feature_importance,positive,grouped_cv,0,2,grouped_cv_repeat0_fold2
img_gray_hist_bin_2,0.0014052344430216174,0.0014052344430216174,feature_importance,positive,grouped_cv,0,2,grouped_cv_repeat0_fold2
img_hsv_s_hist_bin_2,0.0012307084620867181,0.0012307084620867181,feature_importance,positive,grouped_cv,0,2,grouped_cv_repeat0_fold2
img_rust_blob_largest_ratio_pct,0.0011783240246089695,0.0011783240246089695,feature_importance,positive,grouped_cv,0,2,grouped_cv_repeat0_fold2
img_hsv_h_p10,0.0011599001710029682,0.0011599001710029682,feature_importance,positive,grouped_cv,0,2,grouped_cv_repeat0_fold2
img_hsv_v_hist_bin_6,0.0007701352088707372,0.0007701352088707372,feature_importance,positive,grouped_cv,0,2,grouped_cv_repeat0_fold2
img_hsv_s_hist_bin_1,0.0006329159222409995,0.0006329159222409995,feature_importance,positive,grouped_cv,0,2,grouped_cv_repeat0_fold2
img_gray_hist_bin_4,0.0005844812634885465,0.0005844812634885465,feature_importance,positive,grouped_cv,0,2,grouped_cv_repeat0_fold2
img_hsv_s_hist_bin_5,0.0005823236075641188,0.0005823236075641188,feature_importance,positive,grouped_cv,0,2,grouped_cv_repeat0_fold2
img_rust_blob_count,0.0003497097154782394,0.0003497097154782394,feature_importance,positive,grouped_cv,0,2,grouped_cv_repeat0_fold2
img_brightness_std,0.0002620042883009236,0.0002620042883009236,feature_importance,positive,grouped_cv,0,2,grouped_cv_repeat0_fold2
img_b_std,0.00024052223942583114,0.00024052223942583114,feature_importance,positive,grouped_cv,0,2,grouped_cv_repeat0_fold2
img_gray_hist_bin_5,0.00023218303895280478,0.00023218303895280478,feature_importance,positive,grouped_cv,0,2,grouped_cv_repeat0_fold2
img_lbp_std,0.0002321080016088724,0.0002321080016088724,feature_importance,positive,grouped_cv,0,2,grouped_cv_repeat0_fold2
img_gray_mask_ratio_pct,0.00022422461554272023,0.00022422461554272023,feature_importance,positive,grouped_cv,0,2,grouped_cv_repeat0_fold2
img_rust_blob_mean_ratio_pct,0.00017195235362547,0.00017195235362547,feature_importance,positive,grouped_cv,0,2,grouped_cv_repeat0_fold2
img_rust_blob_eccentricity_mean,0.0001632842020732734,0.0001632842020732734,feature_importance,positive,grouped_cv,0,2,grouped_cv_repeat0_fold2
img_hsv_s_p10,0.00014205903074077808,0.00014205903074077808,feature_importance,positive,grouped_cv,0,2,grouped_cv_repeat0_fold2
img_hsv_v_hist_bin_1,0.00014164916577415418,0.00014164916577415418,feature_importance,positive,grouped_cv,0,2,grouped_cv_repeat0_fold2
img_hsv_s_hist_bin_4,0.00014059971068434776,0.00014059971068434776,feature_importance,positive,grouped_cv,0,2,grouped_cv_repeat0_fold2
img_hsv_v_hist_bin_3,0.0001292229497146784,0.0001292229497146784,feature_importance,positive,grouped_cv,0,2,grouped_cv_repeat0_fold2
img_hsv_v_hist_bin_0,0.00011603673115943864,0.00011603673115943864,feature_importance,positive,grouped_cv,0,2,grouped_cv_repeat0_fold2
img_r_mean,0.0001053288627221515,0.0001053288627221515,feature_importance,positive,grouped_cv,0,2,grouped_cv_repeat0_fold2
img_hsv_h_std,9.000948719450208e-05,9.000948719450208e-05,feature_importance,positive,grouped_cv,0,2,grouped_cv_repeat0_fold2
img_gray_hist_bin_7,7.752968439228573e-05,7.752968439228573e-05,feature_importance,positive,grouped_cv,0,2,grouped_cv_repeat0_fold2
img_hsv_h_p90,7.236945548048793e-05,7.236945548048793e-05,feature_importance,positive,grouped_cv,0,2,grouped_cv_repeat0_fold2
img_hsv_v_mean,6.489328681700693e-05,6.489328681700693e-05,feature_importance,positive,grouped_cv,0,2,grouped_cv_repeat0_fold2
img_strip_rust_std_pct,6.327327791714327e-05,6.327327791714327e-05,feature_importance,positive,grouped_cv,0,2,grouped_cv_repeat0_fold2
img_hsv_h_hist_bin_0,5.2427527143129736e-05,5.2427527143129736e-05,feature_importance,positive,grouped_cv,0,2,grouped_cv_repeat0_fold2
img_gray_hist_bin_3,4.970212123727106e-05,4.970212123727106e-05,feature_importance,positive,grouped_cv,0,2,grouped_cv_repeat0_fold2
img_contrast,4.913954801021749e-05,4.913954801021749e-05,feature_importance,positive,grouped_cv,0,2,grouped_cv_repeat0_fold2
img_strip_rust_max_pct,4.2655937861417024e-05,4.2655937861417024e-05,feature_importance,positive,grouped_cv,0,2,grouped_cv_repeat0_fold2
ageing_days,4.230360321146472e-05,4.230360321146472e-05,feature_importance,positive,grouped_cv,0,2,grouped_cv_repeat0_fold2
img_brightness_mean,4.0774099747187235e-05,4.0774099747187235e-05,feature_importance,positive,grouped_cv,0,2,grouped_cv_repeat0_fold2
img_g_std,3.952029470533279e-05,3.952029470533279e-05,feature_importance,positive,grouped_cv,0,2,grouped_cv_repeat0_fold2
img_hsv_s_p90,3.714241723756158e-05,3.714241723756158e-05,feature_importance,positive,grouped_cv,0,2,grouped_cv_repeat0_fold2
img_black_mask_ratio_pct,2.5451114726408743e-05,2.5451114726408743e-05,feature_importance,positive,grouped_cv,0,2,grouped_cv_repeat0_fold2
img_hsv_s_hist_bin_7,2.100002595553245e-05,2.100002595553245e-05,feature_importance,positive,grouped_cv,0,2,grouped_cv_repeat0_fold2
img_hsv_v_p10,2.0216846508327614e-05,2.0216846508327614e-05,feature_importance,positive,grouped_cv,0,2,grouped_cv_repeat0_fold2
week,1.976814467308336e-05,1.976814467308336e-05,feature_importance,positive,grouped_cv,0,2,grouped_cv_repeat0_fold2
img_hsv_s_hist_bin_3,1.9753679014636803e-05,1.9753679014636803e-05,feature_importance,positive,grouped_cv,0,2,grouped_cv_repeat0_fold2
img_gray_hist_bin_1,1.8835603677806e-05,1.8835603677806e-05,feature_importance,positive,grouped_cv,0,2,grouped_cv_repeat0_fold2
img_hsv_h_hist_bin_5,1.795017042879768e-05,1.795017042879768e-05,feature_importance,positive,grouped_cv,0,2,grouped_cv_repeat0_fold2
img_strip_rust_mean_pct,1.7370621873674786e-05,1.7370621873674786e-05,feature_importance,positive,grouped_cv,0,2,grouped_cv_repeat0_fold2
img_strip_rust_p90_pct,1.711313704681439e-05,1.711313704681439e-05,feature_importance,positive,grouped_cv,0,2,grouped_cv_repeat0_fold2
img_hsv_h_hist_bin_2,1.68360261455724e-05,1.68360261455724e-05,feature_importance,positive,grouped_cv,0,2,grouped_cv_repeat0_fold2
img_hsv_s_hist_bin_6,1.6094557722693876e-05,1.6094557722693876e-05,feature_importance,positive,grouped_cv,0,2,grouped_cv_repeat0_fold2
img_hsv_h_mean,1.5712975732793e-05,1.5712975732793e-05,feature_importance,positive,grouped_cv,0,2,grouped_cv_repeat0_fold2
img_hsv_h_hist_bin_7,1.3714539955615228e-05,1.3714539955615228e-05,feature_importance,positive,grouped_cv,0,2,grouped_cv_repeat0_fold2
img_r_std,1.088810801959156e-05,1.088810801959156e-05,feature_importance,positive,grouped_cv,0,2,grouped_cv_repeat0_fold2
img_hsv_h_hist_bin_1,1.0855279856975086e-05,1.0855279856975086e-05,feature_importance,positive,grouped_cv,0,2,grouped_cv_repeat0_fold2
img_hsv_h_hist_bin_4,1.0765116816329587e-05,1.0765116816329587e-05,feature_importance,positive,grouped_cv,0,2,grouped_cv_repeat0_fold2
img_brightness_p10,1.0229544007558129e-05,1.0229544007558129e-05,feature_importance,positive,grouped_cv,0,2,grouped_cv_repeat0_fold2
img_hsv_s_hist_bin_0,9.653500742793127e-06,9.653500742793127e-06,feature_importance,positive,grouped_cv,0,2,grouped_cv_repeat0_fold2
img_hsv_v_hist_bin_4,9.593821774535367e-06,9.593821774535367e-06,feature_importance,positive,grouped_cv,0,2,grouped_cv_repeat0_fold2
img_gray_hist_bin_6,7.378958979388312e-06,7.378958979388312e-06,feature_importance,positive,grouped_cv,0,2,grouped_cv_repeat0_fold2
img_hsv_h_hist_bin_3,6.987128069300068e-06,6.987128069300068e-06,feature_importance,positive,grouped_cv,0,2,grouped_cv_repeat0_fold2
img_strip_high_count,5.588214116753874e-06,5.588214116753874e-06,feature_importance,positive,grouped_cv,0,2,grouped_cv_repeat0_fold2
img_hsv_s_mean,4.187213434952833e-06,4.187213434952833e-06,feature_importance,positive,grouped_cv,0,2,grouped_cv_repeat0_fold2
img_hsv_v_std,3.1834150807803655e-06,3.1834150807803655e-06,feature_importance,positive,grouped_cv,0,2,grouped_cv_repeat0_fold2
img_brightness_p90,2.3848503369674837e-06,2.3848503369674837e-06,feature_importance,positive,grouped_cv,0,2,grouped_cv_repeat0_fold2
img_hsv_v_p90,1.1718742906529778e-06,1.1718742906529778e-06,feature_importance,positive,grouped_cv,0,2,grouped_cv_repeat0_fold2
img_g_mean,8.567445703922797e-07,8.567445703922797e-07,feature_importance,positive,grouped_cv,0,2,grouped_cv_repeat0_fold2
img_rust_area_ratio_pct,2.430836834029046e-07,2.430836834029046e-07,feature_importance,positive,grouped_cv,0,2,grouped_cv_repeat0_fold2
img_hsv_h_hist_bin_6,0.0,0.0,feature_importance,positive,grouped_cv,0,2,grouped_cv_repeat0_fold2
img_rust_blob_eccentricity_max,0.0,0.0,feature_importance,positive,grouped_cv,0,2,grouped_cv_repeat0_fold2
img_gray_hist_bin_0,0.0,0.0,feature_importance,positive,grouped_cv,0,2,grouped_cv_repeat0_fold2
img_b_mean,0.0,0.0,feature_importance,positive,grouped_cv,0,2,grouped_cv_repeat0_fold2
img_strip_count,0.0,0.0,feature_importance,positive,grouped_cv,0,2,grouped_cv_repeat0_fold2
campaign_id,0.35940656854346814,0.35940656854346814,feature_importance,positive,grouped_cv,0,3,grouped_cv_repeat0_fold3
nacl_pct,0.16183082921107375,0.16183082921107375,feature_importance,positive,grouped_cv,0,3,grouped_cv_repeat0_fold3
cover_mm,0.14432745548401751,0.14432745548401751,feature_importance,positive,grouped_cv,0,3,grouped_cv_repeat0_fold3
n_steel_mesh,0.12381562935164588,0.12381562935164588,feature_importance,positive,grouped_cv,0,3,grouped_cv_repeat0_fold3
img_hsv_s_std,0.02823663942470472,0.02823663942470472,feature_importance,positive,grouped_cv,0,3,grouped_cv_repeat0_fold3
series_id,0.023100407992414033,0.023100407992414033,feature_importance,positive,grouped_cv,0,3,grouped_cv_repeat0_fold3
split_group_treatment,0.019577756413200552,0.019577756413200552,feature_importance,positive,grouped_cv,0,3,grouped_cv_repeat0_fold3
img_edge_to_center_rust_ratio,0.014604595517883096,0.014604595517883096,feature_importance,positive,grouped_cv,0,3,grouped_cv_repeat0_fold3
treatment_protocol,0.01375295065655105,0.01375295065655105,feature_importance,positive,grouped_cv,0,3,grouped_cv_repeat0_fold3
img_hsv_v_hist_bin_7,0.011179992291755867,0.011179992291755867,feature_importance,positive,grouped_cv,0,3,grouped_cv_repeat0_fold3
img_glcm_homogeneity,0.009480874179693292,0.009480874179693292,feature_importance,positive,grouped_cv,0,3,grouped_cv_repeat0_fold3
img_r_mean,0.009313716231367961,0.009313716231367961,feature_importance,positive,grouped_cv,0,3,grouped_cv_repeat0_fold3
treatment_label_coarse,0.009286052971009739,0.009286052971009739,feature_importance,positive,grouped_cv,0,3,grouped_cv_repeat0_fold3
img_gray_hist_bin_7,0.008006146910492458,0.008006146910492458,feature_importance,positive,grouped_cv,0,3,grouped_cv_repeat0_fold3
img_hsv_v_mean,0.007190112759543221,0.007190112759543221,feature_importance,positive,grouped_cv,0,3,grouped_cv_repeat0_fold3
img_lbp_mean,0.006646308862480917,0.006646308862480917,feature_importance,positive,grouped_cv,0,3,grouped_cv_repeat0_fold3
img_hsv_h_p10,0.00621092540913825,0.00621092540913825,feature_importance,positive,grouped_cv,0,3,grouped_cv_repeat0_fold3
img_rust_center_of_mass_cm,0.0059098732615132585,0.0059098732615132585,feature_importance,positive,grouped_cv,0,3,grouped_cv_repeat0_fold3
img_gray_hist_bin_2,0.005609826473503632,0.005609826473503632,feature_importance,positive,grouped_cv,0,3,grouped_cv_repeat0_fold3
img_hsv_v_hist_bin_2,0.005030945123821152,0.005030945123821152,feature_importance,positive,grouped_cv,0,3,grouped_cv_repeat0_fold3
img_hsv_v_hist_bin_5,0.0038560260981764867,0.0038560260981764867,feature_importance,positive,grouped_cv,0,3,grouped_cv_repeat0_fold3
img_strip_peak_location_cm,0.002287574353955008,0.002287574353955008,feature_importance,positive,grouped_cv,0,3,grouped_cv_repeat0_fold3
img_glcm_contrast,0.0022209388758764903,0.0022209388758764903,feature_importance,positive,grouped_cv,0,3,grouped_cv_repeat0_fold3
img_hsv_v_hist_bin_4,0.0017277940096076293,0.0017277940096076293,feature_importance,positive,grouped_cv,0,3,grouped_cv_repeat0_fold3
img_hsv_v_hist_bin_1,0.0017147268500069532,0.0017147268500069532,feature_importance,positive,grouped_cv,0,3,grouped_cv_repeat0_fold3
treatment_coarse,0.0014103873011563856,0.0014103873011563856,feature_importance,positive,grouped_cv,0,3,grouped_cv_repeat0_fold3
img_lbp_std,0.0011461775115248962,0.0011461775115248962,feature_importance,positive,grouped_cv,0,3,grouped_cv_repeat0_fold3
img_gray_hist_bin_4,0.0011389643258098894,0.0011389643258098894,feature_importance,positive,grouped_cv,0,3,grouped_cv_repeat0_fold3
img_gray_mask_ratio_pct,0.0009551242947777842,0.0009551242947777842,feature_importance,positive,grouped_cv,0,3,grouped_cv_repeat0_fold3
img_hsv_v_hist_bin_3,0.0009095672098940385,0.0009095672098940385,feature_importance,positive,grouped_cv,0,3,grouped_cv_repeat0_fold3
img_hsv_h_hist_bin_7,0.0008787012640203879,0.0008787012640203879,feature_importance,positive,grouped_cv,0,3,grouped_cv_repeat0_fold3
img_gray_hist_bin_0,0.000746554358499755,0.000746554358499755,feature_importance,positive,grouped_cv,0,3,grouped_cv_repeat0_fold3
img_g_std,0.0005594605693844727,0.0005594605693844727,feature_importance,positive,grouped_cv,0,3,grouped_cv_repeat0_fold3
img_glcm_energy,0.0005543421620535826,0.0005543421620535826,feature_importance,positive,grouped_cv,0,3,grouped_cv_repeat0_fold3
img_hsv_h_hist_bin_2,0.0005426770051098976,0.0005426770051098976,feature_importance,positive,grouped_cv,0,3,grouped_cv_repeat0_fold3
img_hsv_h_p90,0.0004783822542062063,0.0004783822542062063,feature_importance,positive,grouped_cv,0,3,grouped_cv_repeat0_fold3
img_hsv_v_hist_bin_0,0.00047785865358393605,0.00047785865358393605,feature_importance,positive,grouped_cv,0,3,grouped_cv_repeat0_fold3
img_hsv_s_hist_bin_1,0.0003878200425422321,0.0003878200425422321,feature_importance,positive,grouped_cv,0,3,grouped_cv_repeat0_fold3
img_rust_blob_mean_ratio_pct,0.00031158228900033075,0.00031158228900033075,feature_importance,positive,grouped_cv,0,3,grouped_cv_repeat0_fold3
img_hsv_s_hist_bin_4,0.000290805572378197,0.000290805572378197,feature_importance,positive,grouped_cv,0,3,grouped_cv_repeat0_fold3
img_hsv_h_std,0.0002886039162331649,0.0002886039162331649,feature_importance,positive,grouped_cv,0,3,grouped_cv_repeat0_fold3
img_hsv_v_p10,0.00028767715860586896,0.00028767715860586896,feature_importance,positive,grouped_cv,0,3,grouped_cv_repeat0_fold3
img_strip_rust_max_pct,0.00025560967508943424,0.00025560967508943424,feature_importance,positive,grouped_cv,0,3,grouped_cv_repeat0_fold3
img_gray_hist_bin_6,0.00024137175401798468,0.00024137175401798468,feature_importance,positive,grouped_cv,0,3,grouped_cv_repeat0_fold3
img_gray_hist_bin_3,0.0002338120939714151,0.0002338120939714151,feature_importance,positive,grouped_cv,0,3,grouped_cv_repeat0_fold3
img_hsv_s_hist_bin_3,0.00023250343552438325,0.00023250343552438325,feature_importance,positive,grouped_cv,0,3,grouped_cv_repeat0_fold3
img_rust_blob_eccentricity_mean,0.000217129688154752,0.000217129688154752,feature_importance,positive,grouped_cv,0,3,grouped_cv_repeat0_fold3
img_hsv_h_hist_bin_1,0.00021662973157528253,0.00021662973157528253,feature_importance,positive,grouped_cv,0,3,grouped_cv_repeat0_fold3
img_brightness_p10,0.0002103259885253376,0.0002103259885253376,feature_importance,positive,grouped_cv,0,3,grouped_cv_repeat0_fold3
img_rust_blob_largest_ratio_pct,0.0002063051491963402,0.0002063051491963402,feature_importance,positive,grouped_cv,0,3,grouped_cv_repeat0_fold3
img_hsv_h_hist_bin_0,0.00019248383139252632,0.00019248383139252632,feature_importance,positive,grouped_cv,0,3,grouped_cv_repeat0_fold3
img_hsv_s_hist_bin_6,0.00017544025172757258,0.00017544025172757258,feature_importance,positive,grouped_cv,0,3,grouped_cv_repeat0_fold3
img_hsv_s_hist_bin_7,0.0001704577391232642,0.0001704577391232642,feature_importance,positive,grouped_cv,0,3,grouped_cv_repeat0_fold3
img_black_mask_ratio_pct,0.00016886966501341224,0.00016886966501341224,feature_importance,positive,grouped_cv,0,3,grouped_cv_repeat0_fold3
img_hsv_s_hist_bin_5,0.00015781108246976262,0.00015781108246976262,feature_importance,positive,grouped_cv,0,3,grouped_cv_repeat0_fold3
img_hsv_s_p10,0.00015439470691158745,0.00015439470691158745,feature_importance,positive,grouped_cv,0,3,grouped_cv_repeat0_fold3
img_hsv_v_hist_bin_6,0.000147444309471161,0.000147444309471161,feature_importance,positive,grouped_cv,0,3,grouped_cv_repeat0_fold3
img_hsv_s_hist_bin_2,0.0001462257620279364,0.0001462257620279364,feature_importance,positive,grouped_cv,0,3,grouped_cv_repeat0_fold3
img_brightness_p90,0.00013194471745701597,0.00013194471745701597,feature_importance,positive,grouped_cv,0,3,grouped_cv_repeat0_fold3
img_hsv_h_mean,0.00012823140640184544,0.00012823140640184544,feature_importance,positive,grouped_cv,0,3,grouped_cv_repeat0_fold3
img_hsv_s_hist_bin_0,0.00012165813645716563,0.00012165813645716563,feature_importance,positive,grouped_cv,0,3,grouped_cv_repeat0_fold3
img_b_std,0.00011485006165346362,0.00011485006165346362,feature_importance,positive,grouped_cv,0,3,grouped_cv_repeat0_fold3
ageing_days,7.768788774224578e-05,7.768788774224578e-05,feature_importance,positive,grouped_cv,0,3,grouped_cv_repeat0_fold3
img_strip_rust_std_pct,5.6579077643008655e-05,5.6579077643008655e-05,feature_importance,positive,grouped_cv,0,3,grouped_cv_repeat0_fold3
img_strip_rust_p90_pct,5.5956498584178424e-05,5.5956498584178424e-05,feature_importance,positive,grouped_cv,0,3,grouped_cv_repeat0_fold3
img_rust_area_ratio_pct,5.393785988497823e-05,5.393785988497823e-05,feature_importance,positive,grouped_cv,0,3,grouped_cv_repeat0_fold3
img_gray_hist_bin_5,5.093781874812267e-05,5.093781874812267e-05,feature_importance,positive,grouped_cv,0,3,grouped_cv_repeat0_fold3
img_contrast,4.8681282754080516e-05,4.8681282754080516e-05,feature_importance,positive,grouped_cv,0,3,grouped_cv_repeat0_fold3
img_hsv_h_hist_bin_4,4.740247888782596e-05,4.740247888782596e-05,feature_importance,positive,grouped_cv,0,3,grouped_cv_repeat0_fold3
img_hsv_s_p90,4.166883241039964e-05,4.166883241039964e-05,feature_importance,positive,grouped_cv,0,3,grouped_cv_repeat0_fold3
img_hsv_v_std,3.8694727588394494e-05,3.8694727588394494e-05,feature_importance,positive,grouped_cv,0,3,grouped_cv_repeat0_fold3
img_hsv_s_mean,2.8723217765670255e-05,2.8723217765670255e-05,feature_importance,positive,grouped_cv,0,3,grouped_cv_repeat0_fold3
img_b_mean,2.8079842279932415e-05,2.8079842279932415e-05,feature_importance,positive,grouped_cv,0,3,grouped_cv_repeat0_fold3
img_rust_blob_eccentricity_max,2.5931511102356445e-05,2.5931511102356445e-05,feature_importance,positive,grouped_cv,0,3,grouped_cv_repeat0_fold3
week,2.5315414321514977e-05,2.5315414321514977e-05,feature_importance,positive,grouped_cv,0,3,grouped_cv_repeat0_fold3
img_strip_rust_mean_pct,2.382795126406196e-05,2.382795126406196e-05,feature_importance,positive,grouped_cv,0,3,grouped_cv_repeat0_fold3
img_g_mean,2.3140155112963508e-05,2.3140155112963508e-05,feature_importance,positive,grouped_cv,0,3,grouped_cv_repeat0_fold3
img_rust_blob_count,1.9838651461351917e-05,1.9838651461351917e-05,feature_importance,positive,grouped_cv,0,3,grouped_cv_repeat0_fold3
img_brightness_std,1.1300066582639445e-05,1.1300066582639445e-05,feature_importance,positive,grouped_cv,0,3,grouped_cv_repeat0_fold3
img_hsv_v_p90,1.0136799568498477e-05,1.0136799568498477e-05,feature_importance,positive,grouped_cv,0,3,grouped_cv_repeat0_fold3
img_hsv_h_hist_bin_6,9.198596148517743e-06,9.198596148517743e-06,feature_importance,positive,grouped_cv,0,3,grouped_cv_repeat0_fold3
img_gray_hist_bin_1,6.8102911728505985e-06,6.8102911728505985e-06,feature_importance,positive,grouped_cv,0,3,grouped_cv_repeat0_fold3
img_r_std,1.8727736260432272e-06,1.8727736260432272e-06,feature_importance,positive,grouped_cv,0,3,grouped_cv_repeat0_fold3
img_hsv_h_hist_bin_3,1.00639739040397e-06,1.00639739040397e-06,feature_importance,positive,grouped_cv,0,3,grouped_cv_repeat0_fold3
img_brightness_mean,4.195361161608173e-07,4.195361161608173e-07,feature_importance,positive,grouped_cv,0,3,grouped_cv_repeat0_fold3
img_strip_high_count,0.0,0.0,feature_importance,positive,grouped_cv,0,3,grouped_cv_repeat0_fold3
img_hsv_h_hist_bin_5,0.0,0.0,feature_importance,positive,grouped_cv,0,3,grouped_cv_repeat0_fold3
img_strip_count,0.0,0.0,feature_importance,positive,grouped_cv,0,3,grouped_cv_repeat0_fold3
campaign_id,0.3309832875876192,0.3309832875876192,feature_importance,positive,grouped_cv,0,4,grouped_cv_repeat0_fold4
n_steel_mesh,0.19122721539546594,0.19122721539546594,feature_importance,positive,grouped_cv,0,4,grouped_cv_repeat0_fold4
cover_mm,0.169202463784668,0.169202463784668,feature_importance,positive,grouped_cv,0,4,grouped_cv_repeat0_fold4
nacl_pct,0.1265990716248033,0.1265990716248033,feature_importance,positive,grouped_cv,0,4,grouped_cv_repeat0_fold4
img_hsv_v_hist_bin_7,0.036493211866754034,0.036493211866754034,feature_importance,positive,grouped_cv,0,4,grouped_cv_repeat0_fold4
img_glcm_homogeneity,0.03303636403194013,0.03303636403194013,feature_importance,positive,grouped_cv,0,4,grouped_cv_repeat0_fold4
img_hsv_s_std,0.02265516750797367,0.02265516750797367,feature_importance,positive,grouped_cv,0,4,grouped_cv_repeat0_fold4
series_id,0.016739853770538972,0.016739853770538972,feature_importance,positive,grouped_cv,0,4,grouped_cv_repeat0_fold4
img_lbp_mean,0.012410884927162896,0.012410884927162896,feature_importance,positive,grouped_cv,0,4,grouped_cv_repeat0_fold4
split_group_treatment,0.010692950021249398,0.010692950021249398,feature_importance,positive,grouped_cv,0,4,grouped_cv_repeat0_fold4
treatment_label_coarse,0.009297170017601539,0.009297170017601539,feature_importance,positive,grouped_cv,0,4,grouped_cv_repeat0_fold4
treatment_protocol,0.008757034572642207,0.008757034572642207,feature_importance,positive,grouped_cv,0,4,grouped_cv_repeat0_fold4
treatment_coarse,0.007112274553738863,0.007112274553738863,feature_importance,positive,grouped_cv,0,4,grouped_cv_repeat0_fold4
img_hsv_v_hist_bin_5,0.003233340040727698,0.003233340040727698,feature_importance,positive,grouped_cv,0,4,grouped_cv_repeat0_fold4
img_hsv_v_hist_bin_3,0.002610632017387116,0.002610632017387116,feature_importance,positive,grouped_cv,0,4,grouped_cv_repeat0_fold4
img_hsv_v_hist_bin_2,0.0015466567215745857,0.0015466567215745857,feature_importance,positive,grouped_cv,0,4,grouped_cv_repeat0_fold4
img_hsv_v_hist_bin_6,0.0014537014911645005,0.0014537014911645005,feature_importance,positive,grouped_cv,0,4,grouped_cv_repeat0_fold4
img_rust_center_of_mass_cm,0.0012344301612856544,0.0012344301612856544,feature_importance,positive,grouped_cv,0,4,grouped_cv_repeat0_fold4
img_hsv_v_hist_bin_4,0.000999121347088727,0.000999121347088727,feature_importance,positive,grouped_cv,0,4,grouped_cv_repeat0_fold4
img_glcm_energy,0.0009470351925969558,0.0009470351925969558,feature_importance,positive,grouped_cv,0,4,grouped_cv_repeat0_fold4
img_strip_peak_location_cm,0.0009455397616594959,0.0009455397616594959,feature_importance,positive,grouped_cv,0,4,grouped_cv_repeat0_fold4
img_hsv_h_hist_bin_2,0.0007327064403483462,0.0007327064403483462,feature_importance,positive,grouped_cv,0,4,grouped_cv_repeat0_fold4
img_gray_hist_bin_4,0.0006339339168848663,0.0006339339168848663,feature_importance,positive,grouped_cv,0,4,grouped_cv_repeat0_fold4
img_rust_blob_largest_ratio_pct,0.000586975950306095,0.000586975950306095,feature_importance,positive,grouped_cv,0,4,grouped_cv_repeat0_fold4
img_strip_high_count,0.0005341118940363617,0.0005341118940363617,feature_importance,positive,grouped_cv,0,4,grouped_cv_repeat0_fold4
img_hsv_v_hist_bin_1,0.0005039873637412379,0.0005039873637412379,feature_importance,positive,grouped_cv,0,4,grouped_cv_repeat0_fold4
img_glcm_contrast,0.0004965453412953966,0.0004965453412953966,feature_importance,positive,grouped_cv,0,4,grouped_cv_repeat0_fold4
img_edge_to_center_rust_ratio,0.00047919646370621046,0.00047919646370621046,feature_importance,positive,grouped_cv,0,4,grouped_cv_repeat0_fold4
img_hsv_s_hist_bin_4,0.0004460782356228944,0.0004460782356228944,feature_importance,positive,grouped_cv,0,4,grouped_cv_repeat0_fold4
img_hsv_v_hist_bin_0,0.00044367140637053756,0.00044367140637053756,feature_importance,positive,grouped_cv,0,4,grouped_cv_repeat0_fold4
img_hsv_s_hist_bin_2,0.0004320577300905696,0.0004320577300905696,feature_importance,positive,grouped_cv,0,4,grouped_cv_repeat0_fold4
img_hsv_v_p10,0.00041938327480309684,0.00041938327480309684,feature_importance,positive,grouped_cv,0,4,grouped_cv_repeat0_fold4
img_strip_rust_std_pct,0.0003847398937388726,0.0003847398937388726,feature_importance,positive,grouped_cv,0,4,grouped_cv_repeat0_fold4
img_hsv_h_p90,0.0003366556270508905,0.0003366556270508905,feature_importance,positive,grouped_cv,0,4,grouped_cv_repeat0_fold4
img_hsv_s_hist_bin_7,0.0003105956288158047,0.0003105956288158047,feature_importance,positive,grouped_cv,0,4,grouped_cv_repeat0_fold4
img_gray_hist_bin_2,0.0003098739660535617,0.0003098739660535617,feature_importance,positive,grouped_cv,0,4,grouped_cv_repeat0_fold4
img_hsv_s_hist_bin_5,0.0002862267687754444,0.0002862267687754444,feature_importance,positive,grouped_cv,0,4,grouped_cv_repeat0_fold4
img_g_std,0.00028017629557892314,0.00028017629557892314,feature_importance,positive,grouped_cv,0,4,grouped_cv_repeat0_fold4
img_gray_hist_bin_5,0.00027370276798983727,0.00027370276798983727,feature_importance,positive,grouped_cv,0,4,grouped_cv_repeat0_fold4
img_hsv_h_mean,0.00027308479774247065,0.00027308479774247065,feature_importance,positive,grouped_cv,0,4,grouped_cv_repeat0_fold4
img_hsv_s_hist_bin_0,0.0002585837810149894,0.0002585837810149894,feature_importance,positive,grouped_cv,0,4,grouped_cv_repeat0_fold4
img_rust_blob_mean_ratio_pct,0.0002465257873950301,0.0002465257873950301,feature_importance,positive,grouped_cv,0,4,grouped_cv_repeat0_fold4
img_gray_hist_bin_3,0.0002373062392005391,0.0002373062392005391,feature_importance,positive,grouped_cv,0,4,grouped_cv_repeat0_fold4
img_rust_blob_eccentricity_mean,0.00022717011108100543,0.00022717011108100543,feature_importance,positive,grouped_cv,0,4,grouped_cv_repeat0_fold4
img_rust_area_ratio_pct,0.0002203790470371914,0.0002203790470371914,feature_importance,positive,grouped_cv,0,4,grouped_cv_repeat0_fold4
img_r_mean,0.00018551856421229415,0.00018551856421229415,feature_importance,positive,grouped_cv,0,4,grouped_cv_repeat0_fold4
img_hsv_s_hist_bin_1,0.00018342138992593547,0.00018342138992593547,feature_importance,positive,grouped_cv,0,4,grouped_cv_repeat0_fold4
img_hsv_h_std,0.00017513791741740188,0.00017513791741740188,feature_importance,positive,grouped_cv,0,4,grouped_cv_repeat0_fold4
img_strip_rust_p90_pct,0.00014871214401202093,0.00014871214401202093,feature_importance,positive,grouped_cv,0,4,grouped_cv_repeat0_fold4
img_strip_rust_max_pct,0.0001360722839781192,0.0001360722839781192,feature_importance,positive,grouped_cv,0,4,grouped_cv_repeat0_fold4
img_brightness_std,0.0001255086244235869,0.0001255086244235869,feature_importance,positive,grouped_cv,0,4,grouped_cv_repeat0_fold4
img_gray_mask_ratio_pct,0.00011314518230569756,0.00011314518230569756,feature_importance,positive,grouped_cv,0,4,grouped_cv_repeat0_fold4
img_hsv_h_hist_bin_7,0.00011299093915236818,0.00011299093915236818,feature_importance,positive,grouped_cv,0,4,grouped_cv_repeat0_fold4
img_contrast,0.0001107910527242382,0.0001107910527242382,feature_importance,positive,grouped_cv,0,4,grouped_cv_repeat0_fold4
img_hsv_h_hist_bin_1,9.807251723487774e-05,9.807251723487774e-05,feature_importance,positive,grouped_cv,0,4,grouped_cv_repeat0_fold4
img_hsv_h_p10,8.744104477557049e-05,8.744104477557049e-05,feature_importance,positive,grouped_cv,0,4,grouped_cv_repeat0_fold4
img_b_std,8.74264143676344e-05,8.74264143676344e-05,feature_importance,positive,grouped_cv,0,4,grouped_cv_repeat0_fold4
img_b_mean,6.369695891874775e-05,6.369695891874775e-05,feature_importance,positive,grouped_cv,0,4,grouped_cv_repeat0_fold4
img_hsv_s_p90,6.318028248480148e-05,6.318028248480148e-05,feature_importance,positive,grouped_cv,0,4,grouped_cv_repeat0_fold4
img_hsv_v_std,6.25837839537677e-05,6.25837839537677e-05,feature_importance,positive,grouped_cv,0,4,grouped_cv_repeat0_fold4
img_gray_hist_bin_6,6.171635477010051e-05,6.171635477010051e-05,feature_importance,positive,grouped_cv,0,4,grouped_cv_repeat0_fold4
img_hsv_h_hist_bin_0,5.801358475376486e-05,5.801358475376486e-05,feature_importance,positive,grouped_cv,0,4,grouped_cv_repeat0_fold4
img_hsv_s_hist_bin_6,5.570300181474371e-05,5.570300181474371e-05,feature_importance,positive,grouped_cv,0,4,grouped_cv_repeat0_fold4
week,5.510020842611226e-05,5.510020842611226e-05,feature_importance,positive,grouped_cv,0,4,grouped_cv_repeat0_fold4
img_g_mean,5.372927883010188e-05,5.372927883010188e-05,feature_importance,positive,grouped_cv,0,4,grouped_cv_repeat0_fold4
img_lbp_std,5.311855024427622e-05,5.311855024427622e-05,feature_importance,positive,grouped_cv,0,4,grouped_cv_repeat0_fold4
img_black_mask_ratio_pct,4.227308489410143e-05,4.227308489410143e-05,feature_importance,positive,grouped_cv,0,4,grouped_cv_repeat0_fold4
img_hsv_s_hist_bin_3,4.1616893693119064e-05,4.1616893693119064e-05,feature_importance,positive,grouped_cv,0,4,grouped_cv_repeat0_fold4
img_brightness_mean,4.027444382223474e-05,4.027444382223474e-05,feature_importance,positive,grouped_cv,0,4,grouped_cv_repeat0_fold4
img_hsv_s_p10,3.705204071919982e-05,3.705204071919982e-05,feature_importance,positive,grouped_cv,0,4,grouped_cv_repeat0_fold4
img_strip_rust_mean_pct,3.7002280402047436e-05,3.7002280402047436e-05,feature_importance,positive,grouped_cv,0,4,grouped_cv_repeat0_fold4
img_hsv_v_mean,3.36436564056087e-05,3.36436564056087e-05,feature_importance,positive,grouped_cv,0,4,grouped_cv_repeat0_fold4
img_hsv_h_hist_bin_6,3.20776269911626e-05,3.20776269911626e-05,feature_importance,positive,grouped_cv,0,4,grouped_cv_repeat0_fold4
img_r_std,1.9605284647906072e-05,1.9605284647906072e-05,feature_importance,positive,grouped_cv,0,4,grouped_cv_repeat0_fold4
ageing_days,1.94987385121275e-05,1.94987385121275e-05,feature_importance,positive,grouped_cv,0,4,grouped_cv_repeat0_fold4
img_gray_hist_bin_1,1.876955213687156e-05,1.876955213687156e-05,feature_importance,positive,grouped_cv,0,4,grouped_cv_repeat0_fold4
img_hsv_s_mean,1.510904222494504e-05,1.510904222494504e-05,feature_importance,positive,grouped_cv,0,4,grouped_cv_repeat0_fold4
img_gray_hist_bin_7,1.1088937059145749e-05,1.1088937059145749e-05,feature_importance,positive,grouped_cv,0,4,grouped_cv_repeat0_fold4
img_brightness_p10,9.853018218800363e-06,9.853018218800363e-06,feature_importance,positive,grouped_cv,0,4,grouped_cv_repeat0_fold4
img_hsv_v_p90,9.477350421002143e-06,9.477350421002143e-06,feature_importance,positive,grouped_cv,0,4,grouped_cv_repeat0_fold4
img_gray_hist_bin_0,5.183552587526589e-06,5.183552587526589e-06,feature_importance,positive,grouped_cv,0,4,grouped_cv_repeat0_fold4
img_rust_blob_count,4.236721808472581e-06,4.236721808472581e-06,feature_importance,positive,grouped_cv,0,4,grouped_cv_repeat0_fold4
img_hsv_h_hist_bin_3,1.082572406274932e-06,1.082572406274932e-06,feature_importance,positive,grouped_cv,0,4,grouped_cv_repeat0_fold4
img_hsv_h_hist_bin_5,0.0,0.0,feature_importance,positive,grouped_cv,0,4,grouped_cv_repeat0_fold4
img_strip_count,0.0,0.0,feature_importance,positive,grouped_cv,0,4,grouped_cv_repeat0_fold4
img_rust_blob_eccentricity_max,0.0,0.0,feature_importance,positive,grouped_cv,0,4,grouped_cv_repeat0_fold4
img_brightness_p90,0.0,0.0,feature_importance,positive,grouped_cv,0,4,grouped_cv_repeat0_fold4
img_hsv_h_hist_bin_4,0.0,0.0,feature_importance,positive,grouped_cv,0,4,grouped_cv_repeat0_fold4
campaign_id,0.36137331015080676,0.36137331015080676,feature_importance,positive,grouped_cv,1,0,grouped_cv_repeat1_fold0
nacl_pct,0.1862683208475638,0.1862683208475638,feature_importance,positive,grouped_cv,1,0,grouped_cv_repeat1_fold0
cover_mm,0.17463249205200415,0.17463249205200415,feature_importance,positive,grouped_cv,1,0,grouped_cv_repeat1_fold0
n_steel_mesh,0.10090422622840228,0.10090422622840228,feature_importance,positive,grouped_cv,1,0,grouped_cv_repeat1_fold0
img_hsv_s_std,0.03813088569363219,0.03813088569363219,feature_importance,positive,grouped_cv,1,0,grouped_cv_repeat1_fold0
img_hsv_v_hist_bin_5,0.014424542931992253,0.014424542931992253,feature_importance,positive,grouped_cv,1,0,grouped_cv_repeat1_fold0
img_lbp_mean,0.012992873849627551,0.012992873849627551,feature_importance,positive,grouped_cv,1,0,grouped_cv_repeat1_fold0
treatment_protocol,0.011662015597667804,0.011662015597667804,feature_importance,positive,grouped_cv,1,0,grouped_cv_repeat1_fold0
treatment_label_coarse,0.010411386931243053,0.010411386931243053,feature_importance,positive,grouped_cv,1,0,grouped_cv_repeat1_fold0
series_id,0.00977162144908411,0.00977162144908411,feature_importance,positive,grouped_cv,1,0,grouped_cv_repeat1_fold0
img_strip_peak_location_cm,0.008813579313230006,0.008813579313230006,feature_importance,positive,grouped_cv,1,0,grouped_cv_repeat1_fold0
img_edge_to_center_rust_ratio,0.007753417607991784,0.007753417607991784,feature_importance,positive,grouped_cv,1,0,grouped_cv_repeat1_fold0
split_group_treatment,0.006941184742051583,0.006941184742051583,feature_importance,positive,grouped_cv,1,0,grouped_cv_repeat1_fold0
img_hsv_v_hist_bin_7,0.0054740482584220256,0.0054740482584220256,feature_importance,positive,grouped_cv,1,0,grouped_cv_repeat1_fold0
img_r_mean,0.005441716563801827,0.005441716563801827,feature_importance,positive,grouped_cv,1,0,grouped_cv_repeat1_fold0
img_glcm_homogeneity,0.005285341615769121,0.005285341615769121,feature_importance,positive,grouped_cv,1,0,grouped_cv_repeat1_fold0
treatment_coarse,0.005139605114691682,0.005139605114691682,feature_importance,positive,grouped_cv,1,0,grouped_cv_repeat1_fold0
img_rust_center_of_mass_cm,0.0042902179908713865,0.0042902179908713865,feature_importance,positive,grouped_cv,1,0,grouped_cv_repeat1_fold0
img_glcm_energy,0.0028723076867614938,0.0028723076867614938,feature_importance,positive,grouped_cv,1,0,grouped_cv_repeat1_fold0
img_hsv_v_hist_bin_3,0.002387263630799438,0.002387263630799438,feature_importance,positive,grouped_cv,1,0,grouped_cv_repeat1_fold0
img_hsv_v_hist_bin_2,0.0016953143944153713,0.0016953143944153713,feature_importance,positive,grouped_cv,1,0,grouped_cv_repeat1_fold0
img_lbp_std,0.001343786880979412,0.001343786880979412,feature_importance,positive,grouped_cv,1,0,grouped_cv_repeat1_fold0
img_gray_hist_bin_2,0.0012265322704230963,0.0012265322704230963,feature_importance,positive,grouped_cv,1,0,grouped_cv_repeat1_fold0
img_hsv_s_hist_bin_5,0.0011943717558882975,0.0011943717558882975,feature_importance,positive,grouped_cv,1,0,grouped_cv_repeat1_fold0
img_gray_mask_ratio_pct,0.0011813141927414234,0.0011813141927414234,feature_importance,positive,grouped_cv,1,0,grouped_cv_repeat1_fold0
img_rust_blob_eccentricity_mean,0.0011240529470925359,0.0011240529470925359,feature_importance,positive,grouped_cv,1,0,grouped_cv_repeat1_fold0
img_hsv_s_hist_bin_2,0.0010755628406185738,0.0010755628406185738,feature_importance,positive,grouped_cv,1,0,grouped_cv_repeat1_fold0
img_hsv_h_hist_bin_7,0.0010631908168661764,0.0010631908168661764,feature_importance,positive,grouped_cv,1,0,grouped_cv_repeat1_fold0
img_rust_blob_mean_ratio_pct,0.0009524906691478134,0.0009524906691478134,feature_importance,positive,grouped_cv,1,0,grouped_cv_repeat1_fold0
img_brightness_p90,0.0009426378665297033,0.0009426378665297033,feature_importance,positive,grouped_cv,1,0,grouped_cv_repeat1_fold0
img_gray_hist_bin_1,0.0009083591998139062,0.0009083591998139062,feature_importance,positive,grouped_cv,1,0,grouped_cv_repeat1_fold0
img_hsv_v_hist_bin_1,0.0007762180370026,0.0007762180370026,feature_importance,positive,grouped_cv,1,0,grouped_cv_repeat1_fold0
img_hsv_v_hist_bin_4,0.0007259542042503423,0.0007259542042503423,feature_importance,positive,grouped_cv,1,0,grouped_cv_repeat1_fold0
img_hsv_s_hist_bin_1,0.0007169453403074567,0.0007169453403074567,feature_importance,positive,grouped_cv,1,0,grouped_cv_repeat1_fold0
img_g_mean,0.0007124219153336819,0.0007124219153336819,feature_importance,positive,grouped_cv,1,0,grouped_cv_repeat1_fold0
img_g_std,0.0006991119761100403,0.0006991119761100403,feature_importance,positive,grouped_cv,1,0,grouped_cv_repeat1_fold0
img_hsv_v_hist_bin_6,0.0006515113749019078,0.0006515113749019078,feature_importance,positive,grouped_cv,1,0,grouped_cv_repeat1_fold0
img_gray_hist_bin_0,0.000578111104063501,0.000578111104063501,feature_importance,positive,grouped_cv,1,0,grouped_cv_repeat1_fold0
img_gray_hist_bin_4,0.0005158608162368185,0.0005158608162368185,feature_importance,positive,grouped_cv,1,0,grouped_cv_repeat1_fold0
img_hsv_h_p10,0.0005020208147341764,0.0005020208147341764,feature_importance,positive,grouped_cv,1,0,grouped_cv_repeat1_fold0
img_hsv_h_mean,0.0005000552336265978,0.0005000552336265978,feature_importance,positive,grouped_cv,1,0,grouped_cv_repeat1_fold0
img_hsv_s_hist_bin_7,0.00045689426793382905,0.00045689426793382905,feature_importance,positive,grouped_cv,1,0,grouped_cv_repeat1_fold0
img_hsv_h_std,0.00040493858204134864,0.00040493858204134864,feature_importance,positive,grouped_cv,1,0,grouped_cv_repeat1_fold0
img_strip_rust_std_pct,0.00037346103826496656,0.00037346103826496656,feature_importance,positive,grouped_cv,1,0,grouped_cv_repeat1_fold0
img_glcm_contrast,0.00034852044284982425,0.00034852044284982425,feature_importance,positive,grouped_cv,1,0,grouped_cv_repeat1_fold0
img_gray_hist_bin_5,0.000287006751334838,0.000287006751334838,feature_importance,positive,grouped_cv,1,0,grouped_cv_repeat1_fold0
img_b_std,0.0002765464314387749,0.0002765464314387749,feature_importance,positive,grouped_cv,1,0,grouped_cv_repeat1_fold0
img_contrast,0.0002676699948528351,0.0002676699948528351,feature_importance,positive,grouped_cv,1,0,grouped_cv_repeat1_fold0
img_gray_hist_bin_6,0.00026625714432706386,0.00026625714432706386,feature_importance,positive,grouped_cv,1,0,grouped_cv_repeat1_fold0
img_brightness_std,0.0002331308379200856,0.0002331308379200856,feature_importance,positive,grouped_cv,1,0,grouped_cv_repeat1_fold0
img_hsv_v_hist_bin_0,0.00021424226264325002,0.00021424226264325002,feature_importance,positive,grouped_cv,1,0,grouped_cv_repeat1_fold0
img_hsv_h_hist_bin_6,0.0002133064502678093,0.0002133064502678093,feature_importance,positive,grouped_cv,1,0,grouped_cv_repeat1_fold0
img_r_std,0.00019001581442073845,0.00019001581442073845,feature_importance,positive,grouped_cv,1,0,grouped_cv_repeat1_fold0
img_hsv_v_std,0.00016637955967796622,0.00016637955967796622,feature_importance,positive,grouped_cv,1,0,grouped_cv_repeat1_fold0
img_hsv_h_hist_bin_1,0.00016426193862064135,0.00016426193862064135,feature_importance,positive,grouped_cv,1,0,grouped_cv_repeat1_fold0
img_hsv_s_p90,0.00016402180355780616,0.00016402180355780616,feature_importance,positive,grouped_cv,1,0,grouped_cv_repeat1_fold0
img_hsv_s_hist_bin_3,0.0001607983205664859,0.0001607983205664859,feature_importance,positive,grouped_cv,1,0,grouped_cv_repeat1_fold0
img_hsv_h_p90,0.0001503578623039602,0.0001503578623039602,feature_importance,positive,grouped_cv,1,0,grouped_cv_repeat1_fold0
img_hsv_s_p10,0.00014981687877538288,0.00014981687877538288,feature_importance,positive,grouped_cv,1,0,grouped_cv_repeat1_fold0
img_black_mask_ratio_pct,0.000146305841544498,0.000146305841544498,feature_importance,positive,grouped_cv,1,0,grouped_cv_repeat1_fold0
img_gray_hist_bin_3,0.00014367813850291088,0.00014367813850291088,feature_importance,positive,grouped_cv,1,0,grouped_cv_repeat1_fold0
img_gray_hist_bin_7,0.00013448502555613777,0.00013448502555613777,feature_importance,positive,grouped_cv,1,0,grouped_cv_repeat1_fold0
img_strip_rust_max_pct,0.00012907108128431023,0.00012907108128431023,feature_importance,positive,grouped_cv,1,0,grouped_cv_repeat1_fold0
ageing_days,0.00010892559442574451,0.00010892559442574451,feature_importance,positive,grouped_cv,1,0,grouped_cv_repeat1_fold0
img_hsv_h_hist_bin_0,9.04193108302685e-05,9.04193108302685e-05,feature_importance,positive,grouped_cv,1,0,grouped_cv_repeat1_fold0
img_hsv_s_hist_bin_4,8.6882173676964e-05,8.6882173676964e-05,feature_importance,positive,grouped_cv,1,0,grouped_cv_repeat1_fold0
img_b_mean,7.524127270864867e-05,7.524127270864867e-05,feature_importance,positive,grouped_cv,1,0,grouped_cv_repeat1_fold0
img_strip_rust_p90_pct,6.814430022384869e-05,6.814430022384869e-05,feature_importance,positive,grouped_cv,1,0,grouped_cv_repeat1_fold0
img_hsv_v_mean,6.60546707015429e-05,6.60546707015429e-05,feature_importance,positive,grouped_cv,1,0,grouped_cv_repeat1_fold0
img_hsv_h_hist_bin_2,6.556023680451311e-05,6.556023680451311e-05,feature_importance,positive,grouped_cv,1,0,grouped_cv_repeat1_fold0
img_rust_blob_largest_ratio_pct,6.366444012186043e-05,6.366444012186043e-05,feature_importance,positive,grouped_cv,1,0,grouped_cv_repeat1_fold0
img_hsv_s_hist_bin_6,5.835284406905223e-05,5.835284406905223e-05,feature_importance,positive,grouped_cv,1,0,grouped_cv_repeat1_fold0
img_strip_rust_mean_pct,5.774242291161882e-05,5.774242291161882e-05,feature_importance,positive,grouped_cv,1,0,grouped_cv_repeat1_fold0
img_hsv_s_hist_bin_0,3.946363488438699e-05,3.946363488438699e-05,feature_importance,positive,grouped_cv,1,0,grouped_cv_repeat1_fold0
img_brightness_mean,2.6893893249135044e-05,2.6893893249135044e-05,feature_importance,positive,grouped_cv,1,0,grouped_cv_repeat1_fold0
img_hsv_s_mean,2.6662240979155887e-05,2.6662240979155887e-05,feature_importance,positive,grouped_cv,1,0,grouped_cv_repeat1_fold0
img_rust_blob_eccentricity_max,1.7112848189490535e-05,1.7112848189490535e-05,feature_importance,positive,grouped_cv,1,0,grouped_cv_repeat1_fold0
img_brightness_p10,1.6914865292664676e-05,1.6914865292664676e-05,feature_importance,positive,grouped_cv,1,0,grouped_cv_repeat1_fold0
img_strip_high_count,1.1625379639603738e-05,1.1625379639603738e-05,feature_importance,positive,grouped_cv,1,0,grouped_cv_repeat1_fold0
img_hsv_v_p90,7.992254417249025e-06,7.992254417249025e-06,feature_importance,positive,grouped_cv,1,0,grouped_cv_repeat1_fold0
week,6.380620986607359e-06,6.380620986607359e-06,feature_importance,positive,grouped_cv,1,0,grouped_cv_repeat1_fold0
img_hsv_h_hist_bin_4,5.784184425477735e-06,5.784184425477735e-06,feature_importance,positive,grouped_cv,1,0,grouped_cv_repeat1_fold0
img_rust_blob_count,1.474445833180926e-06,1.474445833180926e-06,feature_importance,positive,grouped_cv,1,0,grouped_cv_repeat1_fold0
img_hsv_v_p10,1.35898944569986e-06,1.35898944569986e-06,feature_importance,positive,grouped_cv,1,0,grouped_cv_repeat1_fold0
img_strip_count,0.0,0.0,feature_importance,positive,grouped_cv,1,0,grouped_cv_repeat1_fold0
img_rust_area_ratio_pct,0.0,0.0,feature_importance,positive,grouped_cv,1,0,grouped_cv_repeat1_fold0
img_hsv_h_hist_bin_5,0.0,0.0,feature_importance,positive,grouped_cv,1,0,grouped_cv_repeat1_fold0
img_hsv_h_hist_bin_3,0.0,0.0,feature_importance,positive,grouped_cv,1,0,grouped_cv_repeat1_fold0
campaign_id,0.40987964005285105,0.40987964005285105,feature_importance,positive,grouped_cv,1,1,grouped_cv_repeat1_fold1
nacl_pct,0.19417531781200323,0.19417531781200323,feature_importance,positive,grouped_cv,1,1,grouped_cv_repeat1_fold1
cover_mm,0.12509016245165994,0.12509016245165994,feature_importance,positive,grouped_cv,1,1,grouped_cv_repeat1_fold1
n_steel_mesh,0.09311175077762036,0.09311175077762036,feature_importance,positive,grouped_cv,1,1,grouped_cv_repeat1_fold1
img_glcm_homogeneity,0.035072797203599085,0.035072797203599085,feature_importance,positive,grouped_cv,1,1,grouped_cv_repeat1_fold1
img_lbp_mean,0.028176153480533154,0.028176153480533154,feature_importance,positive,grouped_cv,1,1,grouped_cv_repeat1_fold1
treatment_label_coarse,0.018714729956479055,0.018714729956479055,feature_importance,positive,grouped_cv,1,1,grouped_cv_repeat1_fold1
img_hsv_v_hist_bin_7,0.015994835930957203,0.015994835930957203,feature_importance,positive,grouped_cv,1,1,grouped_cv_repeat1_fold1
series_id,0.014378454678672901,0.014378454678672901,feature_importance,positive,grouped_cv,1,1,grouped_cv_repeat1_fold1
treatment_protocol,0.011940350979762556,0.011940350979762556,feature_importance,positive,grouped_cv,1,1,grouped_cv_repeat1_fold1
split_group_treatment,0.009240099081220865,0.009240099081220865,feature_importance,positive,grouped_cv,1,1,grouped_cv_repeat1_fold1
img_rust_center_of_mass_cm,0.006454237948209953,0.006454237948209953,feature_importance,positive,grouped_cv,1,1,grouped_cv_repeat1_fold1
img_glcm_contrast,0.005361750672220312,0.005361750672220312,feature_importance,positive,grouped_cv,1,1,grouped_cv_repeat1_fold1
img_hsv_s_std,0.003948577582174129,0.003948577582174129,feature_importance,positive,grouped_cv,1,1,grouped_cv_repeat1_fold1
treatment_coarse,0.0038425003895795895,0.0038425003895795895,feature_importance,positive,grouped_cv,1,1,grouped_cv_repeat1_fold1
img_strip_peak_location_cm,0.003150012164614682,0.003150012164614682,feature_importance,positive,grouped_cv,1,1,grouped_cv_repeat1_fold1
img_hsv_v_hist_bin_2,0.0022834762140555094,0.0022834762140555094,feature_importance,positive,grouped_cv,1,1,grouped_cv_repeat1_fold1
img_hsv_v_p10,0.002016552554735043,0.002016552554735043,feature_importance,positive,grouped_cv,1,1,grouped_cv_repeat1_fold1
img_hsv_s_hist_bin_1,0.0018681246727423081,0.0018681246727423081,feature_importance,positive,grouped_cv,1,1,grouped_cv_repeat1_fold1
img_edge_to_center_rust_ratio,0.001781910226494111,0.001781910226494111,feature_importance,positive,grouped_cv,1,1,grouped_cv_repeat1_fold1
img_gray_hist_bin_6,0.0012237572458867738,0.0012237572458867738,feature_importance,positive,grouped_cv,1,1,grouped_cv_repeat1_fold1
img_hsv_v_hist_bin_5,0.0011322752889354262,0.0011322752889354262,feature_importance,positive,grouped_cv,1,1,grouped_cv_repeat1_fold1
img_gray_hist_bin_4,0.0008279550870066314,0.0008279550870066314,feature_importance,positive,grouped_cv,1,1,grouped_cv_repeat1_fold1
img_hsv_v_hist_bin_3,0.0008264811482466778,0.0008264811482466778,feature_importance,positive,grouped_cv,1,1,grouped_cv_repeat1_fold1
img_hsv_h_hist_bin_2,0.0007737798876845365,0.0007737798876845365,feature_importance,positive,grouped_cv,1,1,grouped_cv_repeat1_fold1
img_hsv_h_hist_bin_0,0.0006509813649682662,0.0006509813649682662,feature_importance,positive,grouped_cv,1,1,grouped_cv_repeat1_fold1
img_gray_hist_bin_2,0.0005935154748076408,0.0005935154748076408,feature_importance,positive,grouped_cv,1,1,grouped_cv_repeat1_fold1
img_hsv_v_hist_bin_6,0.0005094354785745556,0.0005094354785745556,feature_importance,positive,grouped_cv,1,1,grouped_cv_repeat1_fold1
img_strip_rust_mean_pct,0.0005027963358066671,0.0005027963358066671,feature_importance,positive,grouped_cv,1,1,grouped_cv_repeat1_fold1
img_rust_blob_eccentricity_mean,0.0004254249832639016,0.0004254249832639016,feature_importance,positive,grouped_cv,1,1,grouped_cv_repeat1_fold1
img_rust_area_ratio_pct,0.0004209455276621291,0.0004209455276621291,feature_importance,positive,grouped_cv,1,1,grouped_cv_repeat1_fold1
img_hsv_v_hist_bin_4,0.000383151417442713,0.000383151417442713,feature_importance,positive,grouped_cv,1,1,grouped_cv_repeat1_fold1
img_g_std,0.0003799576287606343,0.0003799576287606343,feature_importance,positive,grouped_cv,1,1,grouped_cv_repeat1_fold1
img_rust_blob_mean_ratio_pct,0.0003481366996854731,0.0003481366996854731,feature_importance,positive,grouped_cv,1,1,grouped_cv_repeat1_fold1
img_strip_rust_max_pct,0.00033455066214342936,0.00033455066214342936,feature_importance,positive,grouped_cv,1,1,grouped_cv_repeat1_fold1
img_hsv_v_hist_bin_0,0.00030977445411288463,0.00030977445411288463,feature_importance,positive,grouped_cv,1,1,grouped_cv_repeat1_fold1
img_hsv_s_hist_bin_5,0.0003035290465677715,0.0003035290465677715,feature_importance,positive,grouped_cv,1,1,grouped_cv_repeat1_fold1
img_hsv_h_p90,0.00029770575867627024,0.00029770575867627024,feature_importance,positive,grouped_cv,1,1,grouped_cv_repeat1_fold1
img_hsv_h_hist_bin_1,0.000296297026754649,0.000296297026754649,feature_importance,positive,grouped_cv,1,1,grouped_cv_repeat1_fold1
img_gray_hist_bin_7,0.0002737389336142906,0.0002737389336142906,feature_importance,positive,grouped_cv,1,1,grouped_cv_repeat1_fold1
img_gray_hist_bin_0,0.0002704847245334391,0.0002704847245334391,feature_importance,positive,grouped_cv,1,1,grouped_cv_repeat1_fold1
img_hsv_h_hist_bin_7,0.0002669782807312358,0.0002669782807312358,feature_importance,positive,grouped_cv,1,1,grouped_cv_repeat1_fold1
img_b_std,0.00024929899094161523,0.00024929899094161523,feature_importance,positive,grouped_cv,1,1,grouped_cv_repeat1_fold1
img_hsv_s_hist_bin_7,0.000159098529361314,0.000159098529361314,feature_importance,positive,grouped_cv,1,1,grouped_cv_repeat1_fold1
img_hsv_h_p10,0.00014302500738291125,0.00014302500738291125,feature_importance,positive,grouped_cv,1,1,grouped_cv_repeat1_fold1
img_glcm_energy,0.00014283156957231206,0.00014283156957231206,feature_importance,positive,grouped_cv,1,1,grouped_cv_repeat1_fold1
img_gray_mask_ratio_pct,0.00011575748754093472,0.00011575748754093472,feature_importance,positive,grouped_cv,1,1,grouped_cv_repeat1_fold1
img_hsv_h_std,0.00011526733615966462,0.00011526733615966462,feature_importance,positive,grouped_cv,1,1,grouped_cv_repeat1_fold1
img_gray_hist_bin_3,0.00010596087445780884,0.00010596087445780884,feature_importance,positive,grouped_cv,1,1,grouped_cv_repeat1_fold1
img_hsv_v_hist_bin_1,9.334663859747481e-05,9.334663859747481e-05,feature_importance,positive,grouped_cv,1,1,grouped_cv_repeat1_fold1
img_lbp_std,9.317891050445584e-05,9.317891050445584e-05,feature_importance,positive,grouped_cv,1,1,grouped_cv_repeat1_fold1
img_strip_rust_p90_pct,8.066953155102367e-05,8.066953155102367e-05,feature_importance,positive,grouped_cv,1,1,grouped_cv_repeat1_fold1
img_hsv_s_hist_bin_2,8.002121025711856e-05,8.002121025711856e-05,feature_importance,positive,grouped_cv,1,1,grouped_cv_repeat1_fold1
img_contrast,6.847467990209782e-05,6.847467990209782e-05,feature_importance,positive,grouped_cv,1,1,grouped_cv_repeat1_fold1
ageing_days,6.674296699589297e-05,6.674296699589297e-05,feature_importance,positive,grouped_cv,1,1,grouped_cv_repeat1_fold1
img_brightness_p90,5.987516353530087e-05,5.987516353530087e-05,feature_importance,positive,grouped_cv,1,1,grouped_cv_repeat1_fold1
img_hsv_s_hist_bin_3,5.9697417671165795e-05,5.9697417671165795e-05,feature_importance,positive,grouped_cv,1,1,grouped_cv_repeat1_fold1
img_rust_blob_eccentricity_max,5.457341612110965e-05,5.457341612110965e-05,feature_importance,positive,grouped_cv,1,1,grouped_cv_repeat1_fold1
img_r_std,4.6121149477535284e-05,4.6121149477535284e-05,feature_importance,positive,grouped_cv,1,1,grouped_cv_repeat1_fold1
img_hsv_v_std,4.4256380426256e-05,4.4256380426256e-05,feature_importance,positive,grouped_cv,1,1,grouped_cv_repeat1_fold1
img_hsv_s_mean,3.6995256512559085e-05,3.6995256512559085e-05,feature_importance,positive,grouped_cv,1,1,grouped_cv_repeat1_fold1
img_brightness_mean,3.524532834708441e-05,3.524532834708441e-05,feature_importance,positive,grouped_cv,1,1,grouped_cv_repeat1_fold1
img_brightness_std,3.39207318962244e-05,3.39207318962244e-05,feature_importance,positive,grouped_cv,1,1,grouped_cv_repeat1_fold1
img_hsv_s_hist_bin_0,3.356546052569701e-05,3.356546052569701e-05,feature_importance,positive,grouped_cv,1,1,grouped_cv_repeat1_fold1
img_hsv_h_mean,2.5918197613955525e-05,2.5918197613955525e-05,feature_importance,positive,grouped_cv,1,1,grouped_cv_repeat1_fold1
week,2.4638965762559636e-05,2.4638965762559636e-05,feature_importance,positive,grouped_cv,1,1,grouped_cv_repeat1_fold1
img_hsv_s_hist_bin_4,2.1977660879719063e-05,2.1977660879719063e-05,feature_importance,positive,grouped_cv,1,1,grouped_cv_repeat1_fold1
img_g_mean,2.1505185702850658e-05,2.1505185702850658e-05,feature_importance,positive,grouped_cv,1,1,grouped_cv_repeat1_fold1
img_rust_blob_count,1.8950627024567823e-05,1.8950627024567823e-05,feature_importance,positive,grouped_cv,1,1,grouped_cv_repeat1_fold1
img_rust_blob_largest_ratio_pct,1.8470062761705546e-05,1.8470062761705546e-05,feature_importance,positive,grouped_cv,1,1,grouped_cv_repeat1_fold1
img_strip_high_count,1.6888698037572756e-05,1.6888698037572756e-05,feature_importance,positive,grouped_cv,1,1,grouped_cv_repeat1_fold1
img_brightness_p10,1.4513982278103854e-05,1.4513982278103854e-05,feature_importance,positive,grouped_cv,1,1,grouped_cv_repeat1_fold1
img_hsv_s_p10,1.433176708254448e-05,1.433176708254448e-05,feature_importance,positive,grouped_cv,1,1,grouped_cv_repeat1_fold1
img_gray_hist_bin_5,1.3618483109280905e-05,1.3618483109280905e-05,feature_importance,positive,grouped_cv,1,1,grouped_cv_repeat1_fold1
img_hsv_s_hist_bin_6,1.2310212009994493e-05,1.2310212009994493e-05,feature_importance,positive,grouped_cv,1,1,grouped_cv_repeat1_fold1
img_b_mean,1.227617985302207e-05,1.227617985302207e-05,feature_importance,positive,grouped_cv,1,1,grouped_cv_repeat1_fold1
img_hsv_s_p90,1.1915813743181308e-05,1.1915813743181308e-05,feature_importance,positive,grouped_cv,1,1,grouped_cv_repeat1_fold1
img_gray_hist_bin_1,8.802951349718204e-06,8.802951349718204e-06,feature_importance,positive,grouped_cv,1,1,grouped_cv_repeat1_fold1
img_strip_rust_std_pct,7.0032401808979834e-06,7.0032401808979834e-06,feature_importance,positive,grouped_cv,1,1,grouped_cv_repeat1_fold1
img_r_mean,3.471557230126117e-06,3.471557230126117e-06,feature_importance,positive,grouped_cv,1,1,grouped_cv_repeat1_fold1
img_hsv_h_hist_bin_5,1.7917637628129884e-06,1.7917637628129884e-06,feature_importance,positive,grouped_cv,1,1,grouped_cv_repeat1_fold1
img_hsv_v_p90,6.033278285289929e-07,6.033278285289929e-07,feature_importance,positive,grouped_cv,1,1,grouped_cv_repeat1_fold1
img_hsv_h_hist_bin_3,0.0,0.0,feature_importance,positive,grouped_cv,1,1,grouped_cv_repeat1_fold1
img_hsv_h_hist_bin_4,0.0,0.0,feature_importance,positive,grouped_cv,1,1,grouped_cv_repeat1_fold1
img_hsv_h_hist_bin_6,0.0,0.0,feature_importance,positive,grouped_cv,1,1,grouped_cv_repeat1_fold1
img_strip_count,0.0,0.0,feature_importance,positive,grouped_cv,1,1,grouped_cv_repeat1_fold1
img_hsv_v_mean,0.0,0.0,feature_importance,positive,grouped_cv,1,1,grouped_cv_repeat1_fold1
img_black_mask_ratio_pct,0.0,0.0,feature_importance,positive,grouped_cv,1,1,grouped_cv_repeat1_fold1
nacl_pct,0.2816189878401362,0.2816189878401362,feature_importance,positive,grouped_cv,1,2,grouped_cv_repeat1_fold2
cover_mm,0.196460347731097,0.196460347731097,feature_importance,positive,grouped_cv,1,2,grouped_cv_repeat1_fold2
campaign_id,0.16894603539793313,0.16894603539793313,feature_importance,positive,grouped_cv,1,2,grouped_cv_repeat1_fold2
n_steel_mesh,0.15834861708048667,0.15834861708048667,feature_importance,positive,grouped_cv,1,2,grouped_cv_repeat1_fold2
split_group_treatment,0.04564352412838787,0.04564352412838787,feature_importance,positive,grouped_cv,1,2,grouped_cv_repeat1_fold2
img_hsv_s_std,0.02370480592476249,0.02370480592476249,feature_importance,positive,grouped_cv,1,2,grouped_cv_repeat1_fold2
img_glcm_homogeneity,0.019971975749968233,0.019971975749968233,feature_importance,positive,grouped_cv,1,2,grouped_cv_repeat1_fold2
series_id,0.018533862015278766,0.018533862015278766,feature_importance,positive,grouped_cv,1,2,grouped_cv_repeat1_fold2
img_r_mean,0.009407469656670902,0.009407469656670902,feature_importance,positive,grouped_cv,1,2,grouped_cv_repeat1_fold2
img_edge_to_center_rust_ratio,0.008930300919519397,0.008930300919519397,feature_importance,positive,grouped_cv,1,2,grouped_cv_repeat1_fold2
img_hsv_h_p10,0.00797311261709449,0.00797311261709449,feature_importance,positive,grouped_cv,1,2,grouped_cv_repeat1_fold2
treatment_protocol,0.007585037359147572,0.007585037359147572,feature_importance,positive,grouped_cv,1,2,grouped_cv_repeat1_fold2
treatment_label_coarse,0.0070748570984171906,0.0070748570984171906,feature_importance,positive,grouped_cv,1,2,grouped_cv_repeat1_fold2
img_hsv_v_hist_bin_7,0.007066737282085633,0.007066737282085633,feature_importance,positive,grouped_cv,1,2,grouped_cv_repeat1_fold2
img_gray_hist_bin_7,0.005485736181493589,0.005485736181493589,feature_importance,positive,grouped_cv,1,2,grouped_cv_repeat1_fold2
img_b_std,0.004945969308518364,0.004945969308518364,feature_importance,positive,grouped_cv,1,2,grouped_cv_repeat1_fold2
img_rust_center_of_mass_cm,0.0038847474421306273,0.0038847474421306273,feature_importance,positive,grouped_cv,1,2,grouped_cv_repeat1_fold2
img_strip_peak_location_cm,0.003380238606115073,0.003380238606115073,feature_importance,positive,grouped_cv,1,2,grouped_cv_repeat1_fold2
img_glcm_energy,0.00309584131934544,0.00309584131934544,feature_importance,positive,grouped_cv,1,2,grouped_cv_repeat1_fold2
img_gray_hist_bin_4,0.0016941621203409494,0.0016941621203409494,feature_importance,positive,grouped_cv,1,2,grouped_cv_repeat1_fold2
img_hsv_v_hist_bin_3,0.00156506108962332,0.00156506108962332,feature_importance,positive,grouped_cv,1,2,grouped_cv_repeat1_fold2
img_hsv_v_p10,0.0014013243100089005,0.0014013243100089005,feature_importance,positive,grouped_cv,1,2,grouped_cv_repeat1_fold2
img_hsv_v_hist_bin_4,0.0013631970235156786,0.0013631970235156786,feature_importance,positive,grouped_cv,1,2,grouped_cv_repeat1_fold2
img_hsv_s_hist_bin_5,0.0008371954408178709,0.0008371954408178709,feature_importance,positive,grouped_cv,1,2,grouped_cv_repeat1_fold2
img_lbp_mean,0.0008340621050598199,0.0008340621050598199,feature_importance,positive,grouped_cv,1,2,grouped_cv_repeat1_fold2
img_hsv_h_hist_bin_2,0.0007544558748121748,0.0007544558748121748,feature_importance,positive,grouped_cv,1,2,grouped_cv_repeat1_fold2
img_hsv_h_std,0.000708914851354983,0.000708914851354983,feature_importance,positive,grouped_cv,1,2,grouped_cv_repeat1_fold2
img_hsv_v_hist_bin_2,0.0006812896871936842,0.0006812896871936842,feature_importance,positive,grouped_cv,1,2,grouped_cv_repeat1_fold2
img_hsv_v_mean,0.0006114751496575719,0.0006114751496575719,feature_importance,positive,grouped_cv,1,2,grouped_cv_repeat1_fold2
img_hsv_v_hist_bin_5,0.0006082927345153481,0.0006082927345153481,feature_importance,positive,grouped_cv,1,2,grouped_cv_repeat1_fold2
img_glcm_contrast,0.0005643696803477751,0.0005643696803477751,feature_importance,positive,grouped_cv,1,2,grouped_cv_repeat1_fold2
img_gray_hist_bin_2,0.00044219297640529375,0.00044219297640529375,feature_importance,positive,grouped_cv,1,2,grouped_cv_repeat1_fold2
img_hsv_v_hist_bin_0,0.0004121486172985475,0.0004121486172985475,feature_importance,positive,grouped_cv,1,2,grouped_cv_repeat1_fold2
img_g_std,0.00039677569798920076,0.00039677569798920076,feature_importance,positive,grouped_cv,1,2,grouped_cv_repeat1_fold2
img_gray_hist_bin_5,0.0003908881094516724,0.0003908881094516724,feature_importance,positive,grouped_cv,1,2,grouped_cv_repeat1_fold2
img_strip_high_count,0.0003311671322380862,0.0003311671322380862,feature_importance,positive,grouped_cv,1,2,grouped_cv_repeat1_fold2
img_hsv_v_hist_bin_1,0.0002987566052477582,0.0002987566052477582,feature_importance,positive,grouped_cv,1,2,grouped_cv_repeat1_fold2
img_hsv_s_hist_bin_2,0.0002955432546129081,0.0002955432546129081,feature_importance,positive,grouped_cv,1,2,grouped_cv_repeat1_fold2
img_gray_hist_bin_3,0.00027160252006975074,0.00027160252006975074,feature_importance,positive,grouped_cv,1,2,grouped_cv_repeat1_fold2
img_hsv_h_mean,0.00026696118326315944,0.00026696118326315944,feature_importance,positive,grouped_cv,1,2,grouped_cv_repeat1_fold2
img_hsv_h_hist_bin_0,0.00026016825664362076,0.00026016825664362076,feature_importance,positive,grouped_cv,1,2,grouped_cv_repeat1_fold2
img_hsv_v_hist_bin_6,0.0002491252911832749,0.0002491252911832749,feature_importance,positive,grouped_cv,1,2,grouped_cv_repeat1_fold2
img_gray_mask_ratio_pct,0.00021504850070789002,0.00021504850070789002,feature_importance,positive,grouped_cv,1,2,grouped_cv_repeat1_fold2
img_hsv_s_hist_bin_6,0.00020417138835074184,0.00020417138835074184,feature_importance,positive,grouped_cv,1,2,grouped_cv_repeat1_fold2
img_hsv_h_hist_bin_1,0.00018104005490352255,0.00018104005490352255,feature_importance,positive,grouped_cv,1,2,grouped_cv_repeat1_fold2
img_hsv_s_hist_bin_4,0.00017101629213262936,0.00017101629213262936,feature_importance,positive,grouped_cv,1,2,grouped_cv_repeat1_fold2
img_contrast,0.00016262594715233143,0.00016262594715233143,feature_importance,positive,grouped_cv,1,2,grouped_cv_repeat1_fold2
treatment_coarse,0.0001600400777424857,0.0001600400777424857,feature_importance,positive,grouped_cv,1,2,grouped_cv_repeat1_fold2
img_rust_blob_mean_ratio_pct,0.0001585353237944571,0.0001585353237944571,feature_importance,positive,grouped_cv,1,2,grouped_cv_repeat1_fold2
img_hsv_s_p90,0.000156793222488282,0.000156793222488282,feature_importance,positive,grouped_cv,1,2,grouped_cv_repeat1_fold2
img_hsv_s_hist_bin_1,0.00013744487057763157,0.00013744487057763157,feature_importance,positive,grouped_cv,1,2,grouped_cv_repeat1_fold2
img_gray_hist_bin_6,0.00013523847278297042,0.00013523847278297042,feature_importance,positive,grouped_cv,1,2,grouped_cv_repeat1_fold2
img_hsv_s_hist_bin_7,0.00012319455704598386,0.00012319455704598386,feature_importance,positive,grouped_cv,1,2,grouped_cv_repeat1_fold2
img_hsv_v_std,0.00010447844367117948,0.00010447844367117948,feature_importance,positive,grouped_cv,1,2,grouped_cv_repeat1_fold2
img_hsv_h_hist_bin_7,9.178120679083422e-05,9.178120679083422e-05,feature_importance,positive,grouped_cv,1,2,grouped_cv_repeat1_fold2
img_hsv_h_hist_bin_6,8.836979031041824e-05,8.836979031041824e-05,feature_importance,positive,grouped_cv,1,2,grouped_cv_repeat1_fold2
img_hsv_h_p90,8.528038794065995e-05,8.528038794065995e-05,feature_importance,positive,grouped_cv,1,2,grouped_cv_repeat1_fold2
img_gray_hist_bin_1,7.610329727682973e-05,7.610329727682973e-05,feature_importance,positive,grouped_cv,1,2,grouped_cv_repeat1_fold2
img_brightness_mean,5.545172566472668e-05,5.545172566472668e-05,feature_importance,positive,grouped_cv,1,2,grouped_cv_repeat1_fold2
img_lbp_std,4.670822468674244e-05,4.670822468674244e-05,feature_importance,positive,grouped_cv,1,2,grouped_cv_repeat1_fold2
img_r_std,4.203197378297914e-05,4.203197378297914e-05,feature_importance,positive,grouped_cv,1,2,grouped_cv_repeat1_fold2
ageing_days,3.4325851759738594e-05,3.4325851759738594e-05,feature_importance,positive,grouped_cv,1,2,grouped_cv_repeat1_fold2
img_brightness_std,3.3292625731903784e-05,3.3292625731903784e-05,feature_importance,positive,grouped_cv,1,2,grouped_cv_repeat1_fold2
img_strip_rust_p90_pct,3.290833857791082e-05,3.290833857791082e-05,feature_importance,positive,grouped_cv,1,2,grouped_cv_repeat1_fold2
img_rust_blob_eccentricity_mean,3.1273670583379045e-05,3.1273670583379045e-05,feature_importance,positive,grouped_cv,1,2,grouped_cv_repeat1_fold2
week,3.0458852149036253e-05,3.0458852149036253e-05,feature_importance,positive,grouped_cv,1,2,grouped_cv_repeat1_fold2
img_hsv_s_mean,2.4746135128606502e-05,2.4746135128606502e-05,feature_importance,positive,grouped_cv,1,2,grouped_cv_repeat1_fold2
img_gray_hist_bin_0,2.3582518824222488e-05,2.3582518824222488e-05,feature_importance,positive,grouped_cv,1,2,grouped_cv_repeat1_fold2
img_hsv_s_p10,1.5023370348081385e-05,1.5023370348081385e-05,feature_importance,positive,grouped_cv,1,2,grouped_cv_repeat1_fold2
img_strip_rust_max_pct,1.462097323500179e-05,1.462097323500179e-05,feature_importance,positive,grouped_cv,1,2,grouped_cv_repeat1_fold2
img_black_mask_ratio_pct,1.1651771631754506e-05,1.1651771631754506e-05,feature_importance,positive,grouped_cv,1,2,grouped_cv_repeat1_fold2
img_rust_blob_largest_ratio_pct,1.0444384063859189e-05,1.0444384063859189e-05,feature_importance,positive,grouped_cv,1,2,grouped_cv_repeat1_fold2
img_b_mean,8.878577428218312e-06,8.878577428218312e-06,feature_importance,positive,grouped_cv,1,2,grouped_cv_repeat1_fold2
img_hsv_h_hist_bin_3,8.531243695911353e-06,8.531243695911353e-06,feature_importance,positive,grouped_cv,1,2,grouped_cv_repeat1_fold2
img_strip_rust_mean_pct,6.219771540319644e-06,6.219771540319644e-06,feature_importance,positive,grouped_cv,1,2,grouped_cv_repeat1_fold2
img_brightness_p10,5.802906739778045e-06,5.802906739778045e-06,feature_importance,positive,grouped_cv,1,2,grouped_cv_repeat1_fold2
img_hsv_s_hist_bin_0,5.415996620027777e-06,5.415996620027777e-06,feature_importance,positive,grouped_cv,1,2,grouped_cv_repeat1_fold2
img_hsv_h_hist_bin_5,4.42999295597897e-06,4.42999295597897e-06,feature_importance,positive,grouped_cv,1,2,grouped_cv_repeat1_fold2
img_strip_rust_std_pct,2.77795949010887e-06,2.77795949010887e-06,feature_importance,positive,grouped_cv,1,2,grouped_cv_repeat1_fold2
img_hsv_s_hist_bin_3,1.0756756022210594e-06,1.0756756022210594e-06,feature_importance,positive,grouped_cv,1,2,grouped_cv_repeat1_fold2
img_hsv_v_p90,6.926808874520707e-07,6.926808874520707e-07,feature_importance,positive,grouped_cv,1,2,grouped_cv_repeat1_fold2
img_brightness_p90,6.213092204857764e-07,6.213092204857764e-07,feature_importance,positive,grouped_cv,1,2,grouped_cv_repeat1_fold2
img_g_mean,5.382299337741351e-07,5.382299337741351e-07,feature_importance,positive,grouped_cv,1,2,grouped_cv_repeat1_fold2
img_hsv_h_hist_bin_4,3.5809124250954644e-11,3.5809124250954644e-11,feature_importance,positive,grouped_cv,1,2,grouped_cv_repeat1_fold2
img_strip_count,0.0,0.0,feature_importance,positive,grouped_cv,1,2,grouped_cv_repeat1_fold2
img_rust_blob_eccentricity_max,0.0,0.0,feature_importance,positive,grouped_cv,1,2,grouped_cv_repeat1_fold2
img_rust_blob_count,0.0,0.0,feature_importance,positive,grouped_cv,1,2,grouped_cv_repeat1_fold2
img_rust_area_ratio_pct,0.0,0.0,feature_importance,positive,grouped_cv,1,2,grouped_cv_repeat1_fold2
campaign_id,0.44905323224168764,0.44905323224168764,feature_importance,positive,grouped_cv,1,3,grouped_cv_repeat1_fold3
cover_mm,0.1411770540922261,0.1411770540922261,feature_importance,positive,grouped_cv,1,3,grouped_cv_repeat1_fold3
n_steel_mesh,0.1249458558431088,0.1249458558431088,feature_importance,positive,grouped_cv,1,3,grouped_cv_repeat1_fold3
nacl_pct,0.11532078233805479,0.11532078233805479,feature_importance,positive,grouped_cv,1,3,grouped_cv_repeat1_fold3
split_group_treatment,0.02854624768511301,0.02854624768511301,feature_importance,positive,grouped_cv,1,3,grouped_cv_repeat1_fold3
img_hsv_v_hist_bin_7,0.027166990755845458,0.027166990755845458,feature_importance,positive,grouped_cv,1,3,grouped_cv_repeat1_fold3
series_id,0.016835059058402366,0.016835059058402366,feature_importance,positive,grouped_cv,1,3,grouped_cv_repeat1_fold3
img_hsv_s_std,0.01547872973446943,0.01547872973446943,feature_importance,positive,grouped_cv,1,3,grouped_cv_repeat1_fold3
treatment_label_coarse,0.01433681382311028,0.01433681382311028,feature_importance,positive,grouped_cv,1,3,grouped_cv_repeat1_fold3
img_glcm_homogeneity,0.010587487126471805,0.010587487126471805,feature_importance,positive,grouped_cv,1,3,grouped_cv_repeat1_fold3
img_glcm_energy,0.008727088907523953,0.008727088907523953,feature_importance,positive,grouped_cv,1,3,grouped_cv_repeat1_fold3
img_lbp_mean,0.006035935190275683,0.006035935190275683,feature_importance,positive,grouped_cv,1,3,grouped_cv_repeat1_fold3
treatment_protocol,0.005696762911069115,0.005696762911069115,feature_importance,positive,grouped_cv,1,3,grouped_cv_repeat1_fold3
img_strip_peak_location_cm,0.004261222769296353,0.004261222769296353,feature_importance,positive,grouped_cv,1,3,grouped_cv_repeat1_fold3
img_rust_blob_largest_ratio_pct,0.0034863661917519705,0.0034863661917519705,feature_importance,positive,grouped_cv,1,3,grouped_cv_repeat1_fold3
img_edge_to_center_rust_ratio,0.003264680672828791,0.003264680672828791,feature_importance,positive,grouped_cv,1,3,grouped_cv_repeat1_fold3
img_rust_center_of_mass_cm,0.002837240403467162,0.002837240403467162,feature_importance,positive,grouped_cv,1,3,grouped_cv_repeat1_fold3
img_gray_hist_bin_0,0.0024573997470942847,0.0024573997470942847,feature_importance,positive,grouped_cv,1,3,grouped_cv_repeat1_fold3
img_glcm_contrast,0.002140564949800024,0.002140564949800024,feature_importance,positive,grouped_cv,1,3,grouped_cv_repeat1_fold3
treatment_coarse,0.0019788238975877344,0.0019788238975877344,feature_importance,positive,grouped_cv,1,3,grouped_cv_repeat1_fold3
img_gray_hist_bin_1,0.0016671363323597249,0.0016671363323597249,feature_importance,positive,grouped_cv,1,3,grouped_cv_repeat1_fold3
img_hsv_v_hist_bin_2,0.0009369097755672405,0.0009369097755672405,feature_importance,positive,grouped_cv,1,3,grouped_cv_repeat1_fold3
img_hsv_h_p10,0.0008695527396889558,0.0008695527396889558,feature_importance,positive,grouped_cv,1,3,grouped_cv_repeat1_fold3
img_hsv_v_hist_bin_5,0.0008571638514122565,0.0008571638514122565,feature_importance,positive,grouped_cv,1,3,grouped_cv_repeat1_fold3
img_gray_hist_bin_4,0.0007671013736966514,0.0007671013736966514,feature_importance,positive,grouped_cv,1,3,grouped_cv_repeat1_fold3
img_hsv_h_hist_bin_2,0.000748127563636257,0.000748127563636257,feature_importance,positive,grouped_cv,1,3,grouped_cv_repeat1_fold3
img_black_mask_ratio_pct,0.0006741113230010108,0.0006741113230010108,feature_importance,positive,grouped_cv,1,3,grouped_cv_repeat1_fold3
img_gray_mask_ratio_pct,0.0006255275211700464,0.0006255275211700464,feature_importance,positive,grouped_cv,1,3,grouped_cv_repeat1_fold3
img_hsv_s_hist_bin_1,0.0006140776897761991,0.0006140776897761991,feature_importance,positive,grouped_cv,1,3,grouped_cv_repeat1_fold3
img_rust_blob_eccentricity_mean,0.0006106553103993025,0.0006106553103993025,feature_importance,positive,grouped_cv,1,3,grouped_cv_repeat1_fold3
img_hsv_v_hist_bin_4,0.0005802055255714304,0.0005802055255714304,feature_importance,positive,grouped_cv,1,3,grouped_cv_repeat1_fold3
img_hsv_v_hist_bin_0,0.0005488628927987693,0.0005488628927987693,feature_importance,positive,grouped_cv,1,3,grouped_cv_repeat1_fold3
img_b_std,0.0005346319349240964,0.0005346319349240964,feature_importance,positive,grouped_cv,1,3,grouped_cv_repeat1_fold3
img_hsv_s_p90,0.0004505435615093741,0.0004505435615093741,feature_importance,positive,grouped_cv,1,3,grouped_cv_repeat1_fold3
img_hsv_s_hist_bin_6,0.00036171411739103674,0.00036171411739103674,feature_importance,positive,grouped_cv,1,3,grouped_cv_repeat1_fold3
img_gray_hist_bin_2,0.0003528398213061903,0.0003528398213061903,feature_importance,positive,grouped_cv,1,3,grouped_cv_repeat1_fold3
img_hsv_s_hist_bin_4,0.0003079768698267402,0.0003079768698267402,feature_importance,positive,grouped_cv,1,3,grouped_cv_repeat1_fold3
img_g_std,0.00030543104640669175,0.00030543104640669175,feature_importance,positive,grouped_cv,1,3,grouped_cv_repeat1_fold3
img_rust_blob_mean_ratio_pct,0.00029718232978878195,0.00029718232978878195,feature_importance,positive,grouped_cv,1,3,grouped_cv_repeat1_fold3
img_strip_rust_p90_pct,0.0002807778457904755,0.0002807778457904755,feature_importance,positive,grouped_cv,1,3,grouped_cv_repeat1_fold3
img_strip_rust_max_pct,0.00024195973560491518,0.00024195973560491518,feature_importance,positive,grouped_cv,1,3,grouped_cv_repeat1_fold3
img_contrast,0.00023978402944384506,0.00023978402944384506,feature_importance,positive,grouped_cv,1,3,grouped_cv_repeat1_fold3
img_hsv_h_std,0.00022714281913879906,0.00022714281913879906,feature_importance,positive,grouped_cv,1,3,grouped_cv_repeat1_fold3
img_hsv_v_hist_bin_3,0.0002171452287281253,0.0002171452287281253,feature_importance,positive,grouped_cv,1,3,grouped_cv_repeat1_fold3
img_brightness_std,0.00021419223984005627,0.00021419223984005627,feature_importance,positive,grouped_cv,1,3,grouped_cv_repeat1_fold3
img_hsv_s_hist_bin_5,0.00016914752022004865,0.00016914752022004865,feature_importance,positive,grouped_cv,1,3,grouped_cv_repeat1_fold3
img_brightness_p10,0.0001460834145235325,0.0001460834145235325,feature_importance,positive,grouped_cv,1,3,grouped_cv_repeat1_fold3
img_gray_hist_bin_3,0.000145191769206778,0.000145191769206778,feature_importance,positive,grouped_cv,1,3,grouped_cv_repeat1_fold3
img_gray_hist_bin_5,0.00014209492170073307,0.00014209492170073307,feature_importance,positive,grouped_cv,1,3,grouped_cv_repeat1_fold3
img_hsv_h_hist_bin_3,0.00012297286120343178,0.00012297286120343178,feature_importance,positive,grouped_cv,1,3,grouped_cv_repeat1_fold3
img_gray_hist_bin_6,0.00011780011223043483,0.00011780011223043483,feature_importance,positive,grouped_cv,1,3,grouped_cv_repeat1_fold3
img_hsv_h_mean,0.00010755017508397027,0.00010755017508397027,feature_importance,positive,grouped_cv,1,3,grouped_cv_repeat1_fold3
img_hsv_v_hist_bin_6,9.385083006200182e-05,9.385083006200182e-05,feature_importance,positive,grouped_cv,1,3,grouped_cv_repeat1_fold3
img_strip_rust_std_pct,8.75559258808102e-05,8.75559258808102e-05,feature_importance,positive,grouped_cv,1,3,grouped_cv_repeat1_fold3
img_hsv_v_p90,8.744049654466403e-05,8.744049654466403e-05,feature_importance,positive,grouped_cv,1,3,grouped_cv_repeat1_fold3
img_gray_hist_bin_7,8.012285991974151e-05,8.012285991974151e-05,feature_importance,positive,grouped_cv,1,3,grouped_cv_repeat1_fold3
img_hsv_s_hist_bin_3,7.246416258373076e-05,7.246416258373076e-05,feature_importance,positive,grouped_cv,1,3,grouped_cv_repeat1_fold3
img_hsv_v_hist_bin_1,6.619057132543159e-05,6.619057132543159e-05,feature_importance,positive,grouped_cv,1,3,grouped_cv_repeat1_fold3
img_strip_rust_mean_pct,5.7953862854227113e-05,5.7953862854227113e-05,feature_importance,positive,grouped_cv,1,3,grouped_cv_repeat1_fold3
img_lbp_std,5.2992780190690803e-05,5.2992780190690803e-05,feature_importance,positive,grouped_cv,1,3,grouped_cv_repeat1_fold3
img_hsv_v_mean,4.90851845446984e-05,4.90851845446984e-05,feature_importance,positive,grouped_cv,1,3,grouped_cv_repeat1_fold3
week,4.8991092208390573e-05,4.8991092208390573e-05,feature_importance,positive,grouped_cv,1,3,grouped_cv_repeat1_fold3
img_hsv_s_hist_bin_7,4.79372009471925e-05,4.79372009471925e-05,feature_importance,positive,grouped_cv,1,3,grouped_cv_repeat1_fold3
img_rust_blob_count,4.7208771859752646e-05,4.7208771859752646e-05,feature_importance,positive,grouped_cv,1,3,grouped_cv_repeat1_fold3
img_hsv_v_p10,4.297430350981262e-05,4.297430350981262e-05,feature_importance,positive,grouped_cv,1,3,grouped_cv_repeat1_fold3
img_hsv_s_hist_bin_2,4.2032139301367154e-05,4.2032139301367154e-05,feature_importance,positive,grouped_cv,1,3,grouped_cv_repeat1_fold3
img_brightness_mean,4.1415880239461184e-05,4.1415880239461184e-05,feature_importance,positive,grouped_cv,1,3,grouped_cv_repeat1_fold3
img_brightness_p90,3.912697155391746e-05,3.912697155391746e-05,feature_importance,positive,grouped_cv,1,3,grouped_cv_repeat1_fold3
img_hsv_s_hist_bin_0,3.632174629871414e-05,3.632174629871414e-05,feature_importance,positive,grouped_cv,1,3,grouped_cv_repeat1_fold3
img_hsv_h_hist_bin_0,3.535554475945854e-05,3.535554475945854e-05,feature_importance,positive,grouped_cv,1,3,grouped_cv_repeat1_fold3
img_b_mean,3.4311056060015005e-05,3.4311056060015005e-05,feature_importance,positive,grouped_cv,1,3,grouped_cv_repeat1_fold3
img_rust_area_ratio_pct,2.3392090323151643e-05,2.3392090323151643e-05,feature_importance,positive,grouped_cv,1,3,grouped_cv_repeat1_fold3
img_hsv_h_hist_bin_1,1.6301791168639634e-05,1.6301791168639634e-05,feature_importance,positive,grouped_cv,1,3,grouped_cv_repeat1_fold3
img_hsv_h_hist_bin_5,1.3218516247190304e-05,1.3218516247190304e-05,feature_importance,positive,grouped_cv,1,3,grouped_cv_repeat1_fold3
img_hsv_s_p10,1.1307607432494112e-05,1.1307607432494112e-05,feature_importance,positive,grouped_cv,1,3,grouped_cv_repeat1_fold3
img_hsv_h_p90,1.1121839882059863e-05,1.1121839882059863e-05,feature_importance,positive,grouped_cv,1,3,grouped_cv_repeat1_fold3
img_hsv_v_std,1.1044342672333639e-05,1.1044342672333639e-05,feature_importance,positive,grouped_cv,1,3,grouped_cv_repeat1_fold3
img_r_mean,1.0825121077224371e-05,1.0825121077224371e-05,feature_importance,positive,grouped_cv,1,3,grouped_cv_repeat1_fold3
img_g_mean,9.349648492321174e-06,9.349648492321174e-06,feature_importance,positive,grouped_cv,1,3,grouped_cv_repeat1_fold3
img_hsv_h_hist_bin_7,8.967285474547695e-06,8.967285474547695e-06,feature_importance,positive,grouped_cv,1,3,grouped_cv_repeat1_fold3
ageing_days,2.4740187631058515e-06,2.4740187631058515e-06,feature_importance,positive,grouped_cv,1,3,grouped_cv_repeat1_fold3
img_rust_blob_eccentricity_max,1.8472964213614708e-06,1.8472964213614708e-06,feature_importance,positive,grouped_cv,1,3,grouped_cv_repeat1_fold3
img_r_std,6.555083802712127e-07,6.555083802712127e-07,feature_importance,positive,grouped_cv,1,3,grouped_cv_repeat1_fold3
img_hsv_s_mean,2.3076458926067974e-07,2.3076458926067974e-07,feature_importance,positive,grouped_cv,1,3,grouped_cv_repeat1_fold3
img_hsv_h_hist_bin_6,1.9630124498746467e-10,1.9630124498746467e-10,feature_importance,positive,grouped_cv,1,3,grouped_cv_repeat1_fold3
img_strip_high_count,0.0,0.0,feature_importance,positive,grouped_cv,1,3,grouped_cv_repeat1_fold3
img_hsv_h_hist_bin_4,0.0,0.0,feature_importance,positive,grouped_cv,1,3,grouped_cv_repeat1_fold3
img_strip_count,0.0,0.0,feature_importance,positive,grouped_cv,1,3,grouped_cv_repeat1_fold3
nacl_pct,0.2769988384819859,0.2769988384819859,feature_importance,positive,grouped_cv,1,4,grouped_cv_repeat1_fold4
campaign_id,0.24856459866937097,0.24856459866937097,feature_importance,positive,grouped_cv,1,4,grouped_cv_repeat1_fold4
cover_mm,0.1764644402851675,0.1764644402851675,feature_importance,positive,grouped_cv,1,4,grouped_cv_repeat1_fold4
n_steel_mesh,0.13195391051462516,0.13195391051462516,feature_importance,positive,grouped_cv,1,4,grouped_cv_repeat1_fold4
img_glcm_homogeneity,0.03940601679421801,0.03940601679421801,feature_importance,positive,grouped_cv,1,4,grouped_cv_repeat1_fold4
img_hsv_v_hist_bin_7,0.025802495654472606,0.025802495654472606,feature_importance,positive,grouped_cv,1,4,grouped_cv_repeat1_fold4
img_hsv_s_std,0.017270288542169866,0.017270288542169866,feature_importance,positive,grouped_cv,1,4,grouped_cv_repeat1_fold4
treatment_protocol,0.013187595687555492,0.013187595687555492,feature_importance,positive,grouped_cv,1,4,grouped_cv_repeat1_fold4
split_group_treatment,0.010642180086250423,0.010642180086250423,feature_importance,positive,grouped_cv,1,4,grouped_cv_repeat1_fold4
img_lbp_mean,0.008914438159775433,0.008914438159775433,feature_importance,positive,grouped_cv,1,4,grouped_cv_repeat1_fold4
treatment_label_coarse,0.006588212177027733,0.006588212177027733,feature_importance,positive,grouped_cv,1,4,grouped_cv_repeat1_fold4
img_hsv_v_hist_bin_2,0.005956340763671922,0.005956340763671922,feature_importance,positive,grouped_cv,1,4,grouped_cv_repeat1_fold4
img_rust_center_of_mass_cm,0.005480861693082721,0.005480861693082721,feature_importance,positive,grouped_cv,1,4,grouped_cv_repeat1_fold4
series_id,0.004530908099896504,0.004530908099896504,feature_importance,positive,grouped_cv,1,4,grouped_cv_repeat1_fold4
treatment_coarse,0.003387501721403466,0.003387501721403466,feature_importance,positive,grouped_cv,1,4,grouped_cv_repeat1_fold4
img_gray_mask_ratio_pct,0.002672396323575403,0.002672396323575403,feature_importance,positive,grouped_cv,1,4,grouped_cv_repeat1_fold4
img_strip_peak_location_cm,0.002477287049126532,0.002477287049126532,feature_importance,positive,grouped_cv,1,4,grouped_cv_repeat1_fold4
img_hsv_v_hist_bin_6,0.00206204610303058,0.00206204610303058,feature_importance,positive,grouped_cv,1,4,grouped_cv_repeat1_fold4
img_gray_hist_bin_2,0.0020500989222929276,0.0020500989222929276,feature_importance,positive,grouped_cv,1,4,grouped_cv_repeat1_fold4
img_edge_to_center_rust_ratio,0.0018388875069343556,0.0018388875069343556,feature_importance,positive,grouped_cv,1,4,grouped_cv_repeat1_fold4
img_rust_blob_largest_ratio_pct,0.001546018270504915,0.001546018270504915,feature_importance,positive,grouped_cv,1,4,grouped_cv_repeat1_fold4
img_glcm_contrast,0.001395036041827354,0.001395036041827354,feature_importance,positive,grouped_cv,1,4,grouped_cv_repeat1_fold4
img_glcm_energy,0.0013255058727293409,0.0013255058727293409,feature_importance,positive,grouped_cv,1,4,grouped_cv_repeat1_fold4
img_hsv_s_hist_bin_5,0.001019895404568222,0.001019895404568222,feature_importance,positive,grouped_cv,1,4,grouped_cv_repeat1_fold4
img_gray_hist_bin_5,0.0008048027649785456,0.0008048027649785456,feature_importance,positive,grouped_cv,1,4,grouped_cv_repeat1_fold4
img_hsv_v_hist_bin_3,0.0006866015237457515,0.0006866015237457515,feature_importance,positive,grouped_cv,1,4,grouped_cv_repeat1_fold4
img_hsv_s_hist_bin_1,0.0006143996713531463,0.0006143996713531463,feature_importance,positive,grouped_cv,1,4,grouped_cv_repeat1_fold4
img_gray_hist_bin_4,0.0004720912030295961,0.0004720912030295961,feature_importance,positive,grouped_cv,1,4,grouped_cv_repeat1_fold4
img_b_std,0.0004547386648858735,0.0004547386648858735,feature_importance,positive,grouped_cv,1,4,grouped_cv_repeat1_fold4
img_rust_blob_eccentricity_mean,0.00040277033016571475,0.00040277033016571475,feature_importance,positive,grouped_cv,1,4,grouped_cv_repeat1_fold4
img_strip_rust_p90_pct,0.00039597290458045375,0.00039597290458045375,feature_importance,positive,grouped_cv,1,4,grouped_cv_repeat1_fold4
img_hsv_v_hist_bin_5,0.0003939225120754517,0.0003939225120754517,feature_importance,positive,grouped_cv,1,4,grouped_cv_repeat1_fold4
img_hsv_s_hist_bin_7,0.000373943023929211,0.000373943023929211,feature_importance,positive,grouped_cv,1,4,grouped_cv_repeat1_fold4
img_hsv_s_hist_bin_4,0.0002931124758876429,0.0002931124758876429,feature_importance,positive,grouped_cv,1,4,grouped_cv_repeat1_fold4
img_hsv_v_hist_bin_0,0.0002666611874436794,0.0002666611874436794,feature_importance,positive,grouped_cv,1,4,grouped_cv_repeat1_fold4
img_hsv_v_hist_bin_4,0.00026626238790702336,0.00026626238790702336,feature_importance,positive,grouped_cv,1,4,grouped_cv_repeat1_fold4
img_lbp_std,0.0002231552821625331,0.0002231552821625331,feature_importance,positive,grouped_cv,1,4,grouped_cv_repeat1_fold4
img_hsv_s_hist_bin_2,0.00020940942189407572,0.00020940942189407572,feature_importance,positive,grouped_cv,1,4,grouped_cv_repeat1_fold4
img_hsv_v_mean,0.0001819081722732693,0.0001819081722732693,feature_importance,positive,grouped_cv,1,4,grouped_cv_repeat1_fold4
img_r_mean,0.00017234147233217682,0.00017234147233217682,feature_importance,positive,grouped_cv,1,4,grouped_cv_repeat1_fold4
img_strip_rust_max_pct,0.0001706584128193353,0.0001706584128193353,feature_importance,positive,grouped_cv,1,4,grouped_cv_repeat1_fold4
img_hsv_h_hist_bin_1,0.00014928923871913424,0.00014928923871913424,feature_importance,positive,grouped_cv,1,4,grouped_cv_repeat1_fold4
img_gray_hist_bin_1,0.00013752199045416705,0.00013752199045416705,feature_importance,positive,grouped_cv,1,4,grouped_cv_repeat1_fold4
img_hsv_s_hist_bin_0,0.00012235164329195517,0.00012235164329195517,feature_importance,positive,grouped_cv,1,4,grouped_cv_repeat1_fold4
ageing_days,0.00011465551410256872,0.00011465551410256872,feature_importance,positive,grouped_cv,1,4,grouped_cv_repeat1_fold4
img_hsv_h_hist_bin_0,0.00010800214843808741,0.00010800214843808741,feature_importance,positive,grouped_cv,1,4,grouped_cv_repeat1_fold4
img_hsv_h_p10,0.00010493305099933969,0.00010493305099933969,feature_importance,positive,grouped_cv,1,4,grouped_cv_repeat1_fold4
img_rust_blob_mean_ratio_pct,9.84921247222098e-05,9.84921247222098e-05,feature_importance,positive,grouped_cv,1,4,grouped_cv_repeat1_fold4
img_gray_hist_bin_3,9.557264879053028e-05,9.557264879053028e-05,feature_importance,positive,grouped_cv,1,4,grouped_cv_repeat1_fold4
img_brightness_mean,9.152682240494898e-05,9.152682240494898e-05,feature_importance,positive,grouped_cv,1,4,grouped_cv_repeat1_fold4
img_hsv_h_hist_bin_6,8.679675641220316e-05,8.679675641220316e-05,feature_importance,positive,grouped_cv,1,4,grouped_cv_repeat1_fold4
img_hsv_h_std,8.605710887289432e-05,8.605710887289432e-05,feature_importance,positive,grouped_cv,1,4,grouped_cv_repeat1_fold4
img_g_mean,7.910784211574865e-05,7.910784211574865e-05,feature_importance,positive,grouped_cv,1,4,grouped_cv_repeat1_fold4
img_black_mask_ratio_pct,7.246839758726855e-05,7.246839758726855e-05,feature_importance,positive,grouped_cv,1,4,grouped_cv_repeat1_fold4
img_hsv_h_hist_bin_7,6.33986143857871e-05,6.33986143857871e-05,feature_importance,positive,grouped_cv,1,4,grouped_cv_repeat1_fold4
img_hsv_s_p10,6.222750340386801e-05,6.222750340386801e-05,feature_importance,positive,grouped_cv,1,4,grouped_cv_repeat1_fold4
img_brightness_std,5.067912968249833e-05,5.067912968249833e-05,feature_importance,positive,grouped_cv,1,4,grouped_cv_repeat1_fold4
img_hsv_h_mean,5.02811451436116e-05,5.02811451436116e-05,feature_importance,positive,grouped_cv,1,4,grouped_cv_repeat1_fold4
img_gray_hist_bin_7,4.851541037552317e-05,4.851541037552317e-05,feature_importance,positive,grouped_cv,1,4,grouped_cv_repeat1_fold4
img_strip_rust_std_pct,4.5615724811931424e-05,4.5615724811931424e-05,feature_importance,positive,grouped_cv,1,4,grouped_cv_repeat1_fold4
img_hsv_s_p90,3.8488567828370723e-05,3.8488567828370723e-05,feature_importance,positive,grouped_cv,1,4,grouped_cv_repeat1_fold4
img_rust_blob_count,3.78057413708682e-05,3.78057413708682e-05,feature_importance,positive,grouped_cv,1,4,grouped_cv_repeat1_fold4
img_hsv_v_hist_bin_1,3.310404435248784e-05,3.310404435248784e-05,feature_importance,positive,grouped_cv,1,4,grouped_cv_repeat1_fold4
img_contrast,3.2325432543805596e-05,3.2325432543805596e-05,feature_importance,positive,grouped_cv,1,4,grouped_cv_repeat1_fold4
img_r_std,3.2230604739952404e-05,3.2230604739952404e-05,feature_importance,positive,grouped_cv,1,4,grouped_cv_repeat1_fold4
img_g_std,3.12463671999169e-05,3.12463671999169e-05,feature_importance,positive,grouped_cv,1,4,grouped_cv_repeat1_fold4
week,2.6040091797211537e-05,2.6040091797211537e-05,feature_importance,positive,grouped_cv,1,4,grouped_cv_repeat1_fold4
img_hsv_v_std,2.3246931682495426e-05,2.3246931682495426e-05,feature_importance,positive,grouped_cv,1,4,grouped_cv_repeat1_fold4
img_brightness_p10,1.9417609283705212e-05,1.9417609283705212e-05,feature_importance,positive,grouped_cv,1,4,grouped_cv_repeat1_fold4
img_gray_hist_bin_6,1.878350645259656e-05,1.878350645259656e-05,feature_importance,positive,grouped_cv,1,4,grouped_cv_repeat1_fold4
img_strip_rust_mean_pct,1.6491692106100348e-05,1.6491692106100348e-05,feature_importance,positive,grouped_cv,1,4,grouped_cv_repeat1_fold4
img_b_mean,1.5122756171092285e-05,1.5122756171092285e-05,feature_importance,positive,grouped_cv,1,4,grouped_cv_repeat1_fold4
img_hsv_s_hist_bin_3,1.5088158531491783e-05,1.5088158531491783e-05,feature_importance,positive,grouped_cv,1,4,grouped_cv_repeat1_fold4
img_hsv_s_hist_bin_6,1.4822236431113336e-05,1.4822236431113336e-05,feature_importance,positive,grouped_cv,1,4,grouped_cv_repeat1_fold4
img_hsv_h_p90,1.4722933041031824e-05,1.4722933041031824e-05,feature_importance,positive,grouped_cv,1,4,grouped_cv_repeat1_fold4
img_hsv_h_hist_bin_2,1.1993771374617854e-05,1.1993771374617854e-05,feature_importance,positive,grouped_cv,1,4,grouped_cv_repeat1_fold4
img_hsv_s_mean,1.0597306966475204e-05,1.0597306966475204e-05,feature_importance,positive,grouped_cv,1,4,grouped_cv_repeat1_fold4
img_hsv_v_p10,7.236419333801703e-06,7.236419333801703e-06,feature_importance,positive,grouped_cv,1,4,grouped_cv_repeat1_fold4
img_gray_hist_bin_0,5.578912119704369e-06,5.578912119704369e-06,feature_importance,positive,grouped_cv,1,4,grouped_cv_repeat1_fold4
img_hsv_h_hist_bin_4,2.9886323902263666e-06,2.9886323902263666e-06,feature_importance,positive,grouped_cv,1,4,grouped_cv_repeat1_fold4
img_brightness_p90,2.5372730787025713e-06,2.5372730787025713e-06,feature_importance,positive,grouped_cv,1,4,grouped_cv_repeat1_fold4
img_strip_high_count,2.307601570467647e-06,2.307601570467647e-06,feature_importance,positive,grouped_cv,1,4,grouped_cv_repeat1_fold4
img_hsv_v_p90,1.7803581927420929e-06,1.7803581927420929e-06,feature_importance,positive,grouped_cv,1,4,grouped_cv_repeat1_fold4
img_strip_count,0.0,0.0,feature_importance,positive,grouped_cv,1,4,grouped_cv_repeat1_fold4
img_rust_blob_eccentricity_max,0.0,0.0,feature_importance,positive,grouped_cv,1,4,grouped_cv_repeat1_fold4
img_hsv_h_hist_bin_5,0.0,0.0,feature_importance,positive,grouped_cv,1,4,grouped_cv_repeat1_fold4
img_hsv_h_hist_bin_3,0.0,0.0,feature_importance,positive,grouped_cv,1,4,grouped_cv_repeat1_fold4
img_rust_area_ratio_pct,0.0,0.0,feature_importance,positive,grouped_cv,1,4,grouped_cv_repeat1_fold4
