specimen_id,day,predicted_wire_area_loss_frac,best_family
D01,0.0,0.2478929749743117,monotone_isotonic
D01,1.0,0.2478929749743117,monotone_isotonic
D01,2.0,0.2478929749743117,monotone_isotonic
D01,3.0,0.2478929749743117,monotone_isotonic
D01,4.0,0.2478929749743117,monotone_isotonic
D01,5.0,0.2478929749743117,monotone_isotonic
D01,6.0,0.2478929749743117,monotone_isotonic
D01,7.0,0.2478929749743117,monotone_isotonic
D01,8.0,0.2478929749743117,monotone_isotonic
D01,9.0,0.2478929749743117,monotone_isotonic
D01,10.0,0.2478929749743117,monotone_isotonic
D01,11.0,0.2478929749743117,monotone_isotonic
D01,12.0,0.2478929749743117,monotone_isotonic
D01,13.0,0.2478929749743117,monotone_isotonic
D01,14.0,0.2478929749743117,monotone_isotonic
D01,15.0,0.2478929749743117,monotone_isotonic
D01,16.0,0.2478929749743117,monotone_isotonic
D01,17.0,0.2478929749743117,monotone_isotonic
D01,18.0,0.2478929749743117,monotone_isotonic
D01,19.0,0.2478929749743117,monotone_isotonic
D01,20.0,0.2478929749743117,monotone_isotonic
D01,21.0,0.2478929749743117,monotone_isotonic
D01,22.0,0.2478929749743117,monotone_isotonic
D01,23.0,0.2478929749743117,monotone_isotonic
D01,24.0,0.2478929749743117,monotone_isotonic
D01,25.0,0.2478929749743117,monotone_isotonic
D01,26.0,0.2478929749743117,monotone_isotonic
D01,27.0,0.2478929749743117,monotone_isotonic
D01,28.0,0.2478929749743117,monotone_isotonic
D01,29.0,0.2478929749743117,monotone_isotonic
D01,30.0,0.2478929749743117,monotone_isotonic
D01,31.0,0.2478929749743117,monotone_isotonic
D01,32.0,0.2478929749743117,monotone_isotonic
D01,33.0,0.2478929749743117,monotone_isotonic
D01,34.0,0.2478929749743117,monotone_isotonic
D01,35.0,0.2478929749743117,monotone_isotonic
D01,36.0,0.2478929749743117,monotone_isotonic
D01,37.0,0.2478929749743117,monotone_isotonic
D01,38.0,0.2478929749743117,monotone_isotonic
D01,39.0,0.2478929749743117,monotone_isotonic
D01,40.0,0.2478929749743117,monotone_isotonic
D01,41.0,0.2478929749743117,monotone_isotonic
D01,42.0,0.2478929749743117,monotone_isotonic
D01,43.0,0.2478929749743117,monotone_isotonic
D01,44.0,0.2478929749743117,monotone_isotonic
D01,45.0,0.2478929749743117,monotone_isotonic
D01,46.0,0.2478929749743117,monotone_isotonic
D01,47.0,0.2478929749743117,monotone_isotonic
D01,48.0,0.2478929749743117,monotone_isotonic
D01,49.0,0.2478929749743117,monotone_isotonic
D01,50.0,0.2478929749743117,monotone_isotonic
D01,51.0,0.2478929749743117,monotone_isotonic
D01,52.0,0.2478929749743117,monotone_isotonic
D01,53.0,0.2478929749743117,monotone_isotonic
D01,54.0,0.2478929749743117,monotone_isotonic
D01,55.0,0.2478929749743117,monotone_isotonic
D01,56.0,0.2478929749743117,monotone_isotonic
D01,57.0,0.2478929749743117,monotone_isotonic
D01,58.0,0.2478929749743117,monotone_isotonic
D01,59.0,0.2478929749743117,monotone_isotonic
D01,60.0,0.2478929749743117,monotone_isotonic
D01,61.0,0.2478929749743117,monotone_isotonic
D01,62.0,0.2478929749743117,monotone_isotonic
D01,63.0,0.2478929749743117,monotone_isotonic
D01,64.0,0.2478929749743117,monotone_isotonic
D01,65.0,0.2478929749743117,monotone_isotonic
D01,66.0,0.2478929749743117,monotone_isotonic
D01,67.0,0.2478929749743117,monotone_isotonic
D01,68.0,0.2478929749743117,monotone_isotonic
D01,69.0,0.2478929749743117,monotone_isotonic
D01,70.0,0.2478929749743117,monotone_isotonic
D01,71.0,0.2478929749743117,monotone_isotonic
D01,72.0,0.2478929749743117,monotone_isotonic
D01,73.0,0.2478929749743117,monotone_isotonic
D01,74.0,0.2478929749743117,monotone_isotonic
D01,75.0,0.2478929749743117,monotone_isotonic
D01,76.0,0.2478929749743117,monotone_isotonic
D01,77.0,0.2478929749743117,monotone_isotonic
D01,78.0,0.2478929749743117,monotone_isotonic
D01,79.0,0.2478929749743117,monotone_isotonic
D01,80.0,0.2478929749743117,monotone_isotonic
D01,81.0,0.2478929749743117,monotone_isotonic
D01,82.0,0.2478929749743117,monotone_isotonic
D01,83.0,0.2478929749743117,monotone_isotonic
D01,84.0,0.2478929749743117,monotone_isotonic
D01,85.0,0.2478929749743117,monotone_isotonic
D01,86.0,0.2478929749743117,monotone_isotonic
D01,87.0,0.2478929749743117,monotone_isotonic
D01,88.0,0.2478929749743117,monotone_isotonic
D01,89.0,0.2478929749743117,monotone_isotonic
D01,90.0,0.2478929749743117,monotone_isotonic
D01,91.0,0.2478929749743117,monotone_isotonic
D01,92.0,0.2478929749743117,monotone_isotonic
D01,93.0,0.2478929749743117,monotone_isotonic
D01,94.0,0.2478929749743117,monotone_isotonic
D01,95.0,0.2478929749743117,monotone_isotonic
D01,96.0,0.2478929749743117,monotone_isotonic
D01,97.0,0.2478929749743117,monotone_isotonic
D01,98.0,0.2478929749743117,monotone_isotonic
D01,99.0,0.2478929749743117,monotone_isotonic
D01,100.0,0.2478929749743117,monotone_isotonic
D01,101.0,0.2478929749743117,monotone_isotonic
D01,102.0,0.2478929749743117,monotone_isotonic
D01,103.0,0.2478929749743117,monotone_isotonic
D01,104.0,0.2478929749743117,monotone_isotonic
D01,105.0,0.2478929749743117,monotone_isotonic
D01,106.0,0.2478929749743117,monotone_isotonic
D01,107.0,0.2478929749743117,monotone_isotonic
D01,108.0,0.2478929749743117,monotone_isotonic
D01,109.0,0.2478929749743117,monotone_isotonic
D01,110.0,0.2478929749743117,monotone_isotonic
D01,111.0,0.2478929749743117,monotone_isotonic
D01,112.0,0.2478929749743117,monotone_isotonic
D01,113.0,0.2478929749743117,monotone_isotonic
D01,114.0,0.2478929749743117,monotone_isotonic
D01,115.0,0.2478929749743117,monotone_isotonic
D01,116.0,0.2478929749743117,monotone_isotonic
D01,117.0,0.2478929749743117,monotone_isotonic
D01,118.0,0.2478929749743117,monotone_isotonic
D01,119.0,0.2478929749743117,monotone_isotonic
D01,120.0,0.2478929749743117,monotone_isotonic
D01,121.0,0.2478929749743117,monotone_isotonic
D01,122.0,0.2478929749743117,monotone_isotonic
D01,123.0,0.2478929749743117,monotone_isotonic
D01,124.0,0.2478929749743117,monotone_isotonic
D01,125.0,0.2478929749743117,monotone_isotonic
D01,126.0,0.2478929749743117,monotone_isotonic
D01,127.0,0.2478929749743117,monotone_isotonic
D01,128.0,0.2478929749743117,monotone_isotonic
D01,129.0,0.2478929749743117,monotone_isotonic
D01,130.0,0.2478929749743117,monotone_isotonic
D01,131.0,0.2478929749743117,monotone_isotonic
D01,132.0,0.2478929749743117,monotone_isotonic
D01,133.0,0.2478929749743117,monotone_isotonic
D01,134.0,0.2478929749743117,monotone_isotonic
D01,135.0,0.2478929749743117,monotone_isotonic
D01,136.0,0.2478929749743117,monotone_isotonic
D01,137.0,0.2478929749743117,monotone_isotonic
D01,138.0,0.2478929749743117,monotone_isotonic
D01,139.0,0.2478929749743117,monotone_isotonic
D01,140.0,0.2478929749743117,monotone_isotonic
D01,141.0,0.2478929749743117,monotone_isotonic
D01,142.0,0.2478929749743117,monotone_isotonic
D01,143.0,0.2478929749743117,monotone_isotonic
D01,144.0,0.2478929749743117,monotone_isotonic
D01,145.0,0.2478929749743117,monotone_isotonic
D01,146.0,0.2478929749743117,monotone_isotonic
D01,147.0,0.2478929749743117,monotone_isotonic
D01,148.0,0.2478929749743117,monotone_isotonic
D01,149.0,0.2478929749743117,monotone_isotonic
D01,150.0,0.2478929749743117,monotone_isotonic
D01,151.0,0.2478929749743117,monotone_isotonic
D01,152.0,0.2478929749743117,monotone_isotonic
D01,153.0,0.2478929749743117,monotone_isotonic
D01,154.0,0.2478929749743117,monotone_isotonic
D01,155.0,0.2478929749743117,monotone_isotonic
D01,156.0,0.2478929749743117,monotone_isotonic
D01,157.0,0.2478929749743117,monotone_isotonic
D01,158.0,0.2478929749743117,monotone_isotonic
D01,159.0,0.2478929749743117,monotone_isotonic
D01,160.0,0.2478929749743117,monotone_isotonic
D01,161.0,0.2478929749743117,monotone_isotonic
D01,162.0,0.2478929749743117,monotone_isotonic
D01,163.0,0.2478929749743117,monotone_isotonic
D01,164.0,0.2478929749743117,monotone_isotonic
D01,165.0,0.2478929749743117,monotone_isotonic
D01,166.0,0.2478929749743117,monotone_isotonic
D01,167.0,0.2478929749743117,monotone_isotonic
D01,168.0,0.2478929749743117,monotone_isotonic
D01,169.0,0.2478929749743117,monotone_isotonic
D01,170.0,0.2478929749743117,monotone_isotonic
D01,171.0,0.2478929749743117,monotone_isotonic
D01,172.0,0.2478929749743117,monotone_isotonic
D01,173.0,0.2478929749743117,monotone_isotonic
D01,174.0,0.2478929749743117,monotone_isotonic
D01,175.0,0.2478929749743117,monotone_isotonic
D01,176.0,0.2478929749743117,monotone_isotonic
D01,177.0,0.2478929749743117,monotone_isotonic
D01,178.0,0.2478929749743117,monotone_isotonic
D01,179.0,0.2478929749743117,monotone_isotonic
D01,180.0,0.2478929749743117,monotone_isotonic
D01,181.0,0.2478929749743117,monotone_isotonic
D01,182.0,0.2478929749743117,monotone_isotonic
D01,183.0,0.2478929749743117,monotone_isotonic
D01,184.0,0.2478929749743117,monotone_isotonic
D01,185.0,0.2478929749743117,monotone_isotonic
D01,186.0,0.2478929749743117,monotone_isotonic
D01,187.0,0.2478929749743117,monotone_isotonic
D01,188.0,0.2478929749743117,monotone_isotonic
D01,189.0,0.2478929749743117,monotone_isotonic
D01,190.0,0.2478929749743117,monotone_isotonic
D01,191.0,0.2478929749743117,monotone_isotonic
D01,192.0,0.2478929749743117,monotone_isotonic
D01,193.0,0.2478929749743117,monotone_isotonic
D01,194.0,0.2478929749743117,monotone_isotonic
D01,195.0,0.2478929749743117,monotone_isotonic
D01,196.0,0.2478929749743117,monotone_isotonic
D01,197.0,0.2478929749743117,monotone_isotonic
D01,198.0,0.2478929749743117,monotone_isotonic
D01,199.0,0.2478929749743117,monotone_isotonic
D01,200.0,0.2478929749743117,monotone_isotonic
D01,201.0,0.2478929749743117,monotone_isotonic
D01,202.0,0.2478929749743117,monotone_isotonic
D01,203.0,0.2478929749743117,monotone_isotonic
D01,204.0,0.2478929749743117,monotone_isotonic
D01,205.0,0.2478929749743117,monotone_isotonic
D01,206.0,0.2478929749743117,monotone_isotonic
D01,207.0,0.2478929749743117,monotone_isotonic
D01,208.0,0.2478929749743117,monotone_isotonic
D01,209.0,0.2478929749743117,monotone_isotonic
D01,210.0,0.2478929749743117,monotone_isotonic
D01,211.0,0.2482678893369216,monotone_isotonic
D01,212.0,0.2486428036995314,monotone_isotonic
D01,213.0,0.2490177180621413,monotone_isotonic
D01,214.0,0.2493926324247512,monotone_isotonic
D01,215.0,0.2497675467873611,monotone_isotonic
D01,216.0,0.250142461149971,monotone_isotonic
D01,217.0,0.2505173755125809,monotone_isotonic
D01,218.0,0.2508922898751908,monotone_isotonic
D01,219.0,0.2512672042378006,monotone_isotonic
D01,220.0,0.2516421186004105,monotone_isotonic
D01,221.0,0.2520170329630204,monotone_isotonic
D01,222.0,0.2523919473256303,monotone_isotonic
D01,223.0,0.2527668616882402,monotone_isotonic
D01,224.0,0.2531417760508501,monotone_isotonic
D01,225.0,0.25351669041346,monotone_isotonic
D01,226.0,0.2538916047760698,monotone_isotonic
D01,227.0,0.2542665191386797,monotone_isotonic
D01,228.0,0.2546414335012896,monotone_isotonic
D01,229.0,0.2550163478638995,monotone_isotonic
D01,230.0,0.2553912622265094,monotone_isotonic
D01,231.0,0.2557661765891192,monotone_isotonic
D01,232.0,0.2557661765891192,monotone_isotonic
D01,233.0,0.2557661765891192,monotone_isotonic
D01,234.0,0.2557661765891192,monotone_isotonic
D01,235.0,0.2557661765891192,monotone_isotonic
D01,236.0,0.2557661765891192,monotone_isotonic
D01,237.0,0.2557661765891192,monotone_isotonic
D01,238.0,0.2557661765891192,monotone_isotonic
D01,239.0,0.2557661765891192,monotone_isotonic
D01,240.0,0.2557661765891192,monotone_isotonic
D01,241.0,0.2557661765891192,monotone_isotonic
D01,242.0,0.2557661765891192,monotone_isotonic
D01,243.0,0.2557661765891192,monotone_isotonic
D01,244.0,0.2557661765891192,monotone_isotonic
D01,245.0,0.2557661765891192,monotone_isotonic
D01,246.0,0.2557661765891192,monotone_isotonic
D01,247.0,0.2557661765891192,monotone_isotonic
D01,248.0,0.2557661765891192,monotone_isotonic
D01,249.0,0.2557661765891192,monotone_isotonic
D01,250.0,0.2557661765891192,monotone_isotonic
D01,251.0,0.2557661765891192,monotone_isotonic
D01,252.0,0.2557661765891192,monotone_isotonic
D01,253.0,0.2557661765891192,monotone_isotonic
D01,254.0,0.2557661765891192,monotone_isotonic
D01,255.0,0.2557661765891192,monotone_isotonic
D01,256.0,0.2557661765891192,monotone_isotonic
D01,257.0,0.2557661765891192,monotone_isotonic
D01,258.0,0.2557661765891192,monotone_isotonic
D01,259.0,0.2557661765891192,monotone_isotonic
D01,260.0,0.2557661765891192,monotone_isotonic
D01,261.0,0.2557661765891192,monotone_isotonic
D01,262.0,0.2557661765891192,monotone_isotonic
D01,263.0,0.2557661765891192,monotone_isotonic
D01,264.0,0.2557661765891192,monotone_isotonic
D01,265.0,0.2557661765891192,monotone_isotonic
D01,266.0,0.2557661765891192,monotone_isotonic
D01,267.0,0.2557661765891192,monotone_isotonic
D01,268.0,0.2557661765891192,monotone_isotonic
D01,269.0,0.2557661765891192,monotone_isotonic
D01,270.0,0.2557661765891192,monotone_isotonic
D01,271.0,0.2557661765891192,monotone_isotonic
D01,272.0,0.2557661765891192,monotone_isotonic
D01,273.0,0.2557661765891192,monotone_isotonic
D01,274.0,0.2557661765891192,monotone_isotonic
D01,275.0,0.2557661765891192,monotone_isotonic
D01,276.0,0.2557661765891192,monotone_isotonic
D01,277.0,0.2557661765891192,monotone_isotonic
D01,278.0,0.2557661765891192,monotone_isotonic
D01,279.0,0.2557661765891192,monotone_isotonic
D01,280.0,0.2557661765891192,monotone_isotonic
D01,281.0,0.2557661765891192,monotone_isotonic
D01,282.0,0.2557661765891192,monotone_isotonic
D01,283.0,0.2557661765891192,monotone_isotonic
D01,284.0,0.2557661765891192,monotone_isotonic
D01,285.0,0.2557661765891192,monotone_isotonic
D01,286.0,0.2557661765891192,monotone_isotonic
D01,287.0,0.2557661765891192,monotone_isotonic
D01,288.0,0.2557661765891192,monotone_isotonic
D01,289.0,0.2557661765891192,monotone_isotonic
D01,290.0,0.2557661765891192,monotone_isotonic
D01,291.0,0.2557661765891192,monotone_isotonic
D01,292.0,0.2557661765891192,monotone_isotonic
D01,293.0,0.2557661765891192,monotone_isotonic
D01,294.0,0.2557661765891192,monotone_isotonic
D01,295.0,0.2557661765891192,monotone_isotonic
D01,296.0,0.2557661765891192,monotone_isotonic
D01,297.0,0.2557661765891192,monotone_isotonic
D01,298.0,0.2557661765891192,monotone_isotonic
D01,299.0,0.2557661765891192,monotone_isotonic
D01,300.0,0.2557661765891192,monotone_isotonic
D01,301.0,0.2557661765891192,monotone_isotonic
D01,302.0,0.2557661765891192,monotone_isotonic
D01,303.0,0.2557661765891192,monotone_isotonic
D01,304.0,0.2557661765891192,monotone_isotonic
D01,305.0,0.2557661765891192,monotone_isotonic
D01,306.0,0.2557661765891192,monotone_isotonic
D01,307.0,0.2557661765891192,monotone_isotonic
D01,308.0,0.2557661765891192,monotone_isotonic
D01,309.0,0.2557661765891192,monotone_isotonic
D01,310.0,0.2557661765891192,monotone_isotonic
D01,311.0,0.2557661765891192,monotone_isotonic
D01,312.0,0.2557661765891192,monotone_isotonic
D01,313.0,0.2557661765891192,monotone_isotonic
D01,314.0,0.2557661765891192,monotone_isotonic
D01,315.0,0.2557661765891192,monotone_isotonic
D01,316.0,0.2557661765891192,monotone_isotonic
D01,317.0,0.2557661765891192,monotone_isotonic
D01,318.0,0.2557661765891192,monotone_isotonic
D01,319.0,0.2557661765891192,monotone_isotonic
D01,320.0,0.2557661765891192,monotone_isotonic
D01,321.0,0.2557661765891192,monotone_isotonic
D01,322.0,0.2557661765891192,monotone_isotonic
D01,323.0,0.2557661765891192,monotone_isotonic
D01,324.0,0.2557661765891192,monotone_isotonic
D01,325.0,0.2557661765891192,monotone_isotonic
D01,326.0,0.2557661765891192,monotone_isotonic
D01,327.0,0.2557661765891192,monotone_isotonic
D01,328.0,0.2557661765891192,monotone_isotonic
D01,329.0,0.2557661765891192,monotone_isotonic
D01,330.0,0.2557661765891192,monotone_isotonic
D01,331.0,0.2557661765891192,monotone_isotonic
D01,332.0,0.2557661765891192,monotone_isotonic
D01,333.0,0.2557661765891192,monotone_isotonic
D01,334.0,0.2557661765891192,monotone_isotonic
D01,335.0,0.2557661765891192,monotone_isotonic
D01,336.0,0.2557661765891192,monotone_isotonic
D01,337.0,0.2557661765891192,monotone_isotonic
D01,338.0,0.2557661765891192,monotone_isotonic
D01,339.0,0.2557661765891192,monotone_isotonic
D01,340.0,0.2557661765891192,monotone_isotonic
D01,341.0,0.2557661765891192,monotone_isotonic
D01,342.0,0.2557661765891192,monotone_isotonic
D01,343.0,0.2557661765891192,monotone_isotonic
D01,344.0,0.2557661765891192,monotone_isotonic
D01,345.0,0.2557661765891192,monotone_isotonic
D01,346.0,0.2557661765891192,monotone_isotonic
D01,347.0,0.2557661765891192,monotone_isotonic
D01,348.0,0.2557661765891192,monotone_isotonic
D01,349.0,0.2557661765891192,monotone_isotonic
D01,350.0,0.2557661765891192,monotone_isotonic
D01,351.0,0.2557661765891192,monotone_isotonic
D01,352.0,0.2557661765891192,monotone_isotonic
D01,353.0,0.2557661765891192,monotone_isotonic
D01,354.0,0.2557661765891192,monotone_isotonic
D01,355.0,0.2557661765891192,monotone_isotonic
D01,356.0,0.2557661765891192,monotone_isotonic
D01,357.0,0.2557661765891192,monotone_isotonic
D01,358.0,0.2557661765891192,monotone_isotonic
D01,359.0,0.2557661765891192,monotone_isotonic
D01,360.0,0.2557661765891192,monotone_isotonic
D01,361.0,0.2557661765891192,monotone_isotonic
D01,362.0,0.2557661765891192,monotone_isotonic
D01,363.0,0.2557661765891192,monotone_isotonic
D01,364.0,0.2557661765891192,monotone_isotonic
D01,365.0,0.2557661765891192,monotone_isotonic
D02,0.0,0.2634115719405007,monotone_isotonic
D02,1.0,0.2634115719405007,monotone_isotonic
D02,2.0,0.2634115719405007,monotone_isotonic
D02,3.0,0.2634115719405007,monotone_isotonic
D02,4.0,0.2634115719405007,monotone_isotonic
D02,5.0,0.2634115719405007,monotone_isotonic
D02,6.0,0.2634115719405007,monotone_isotonic
D02,7.0,0.2634115719405007,monotone_isotonic
D02,8.0,0.2634115719405007,monotone_isotonic
D02,9.0,0.2634115719405007,monotone_isotonic
D02,10.0,0.2634115719405007,monotone_isotonic
D02,11.0,0.2634115719405007,monotone_isotonic
D02,12.0,0.2634115719405007,monotone_isotonic
D02,13.0,0.2634115719405007,monotone_isotonic
D02,14.0,0.2634115719405007,monotone_isotonic
D02,15.0,0.2634115719405007,monotone_isotonic
D02,16.0,0.2634115719405007,monotone_isotonic
D02,17.0,0.2634115719405007,monotone_isotonic
D02,18.0,0.2634115719405007,monotone_isotonic
D02,19.0,0.2634115719405007,monotone_isotonic
D02,20.0,0.2634115719405007,monotone_isotonic
D02,21.0,0.2634115719405007,monotone_isotonic
D02,22.0,0.2634115719405007,monotone_isotonic
D02,23.0,0.2634115719405007,monotone_isotonic
D02,24.0,0.2634115719405007,monotone_isotonic
D02,25.0,0.2634115719405007,monotone_isotonic
D02,26.0,0.2634115719405007,monotone_isotonic
D02,27.0,0.2634115719405007,monotone_isotonic
D02,28.0,0.2634115719405007,monotone_isotonic
D02,29.0,0.2634115719405007,monotone_isotonic
D02,30.0,0.2634115719405007,monotone_isotonic
D02,31.0,0.2634115719405007,monotone_isotonic
D02,32.0,0.2634115719405007,monotone_isotonic
D02,33.0,0.2634115719405007,monotone_isotonic
D02,34.0,0.2634115719405007,monotone_isotonic
D02,35.0,0.2634115719405007,monotone_isotonic
D02,36.0,0.2634115719405007,monotone_isotonic
D02,37.0,0.2634115719405007,monotone_isotonic
D02,38.0,0.2634115719405007,monotone_isotonic
D02,39.0,0.2634115719405007,monotone_isotonic
D02,40.0,0.2634115719405007,monotone_isotonic
D02,41.0,0.2634115719405007,monotone_isotonic
D02,42.0,0.2634115719405007,monotone_isotonic
D02,43.0,0.2634115719405007,monotone_isotonic
D02,44.0,0.2634115719405007,monotone_isotonic
D02,45.0,0.2634115719405007,monotone_isotonic
D02,46.0,0.2634115719405007,monotone_isotonic
D02,47.0,0.2634115719405007,monotone_isotonic
D02,48.0,0.2634115719405007,monotone_isotonic
D02,49.0,0.2634115719405007,monotone_isotonic
D02,50.0,0.2634115719405007,monotone_isotonic
D02,51.0,0.2634115719405007,monotone_isotonic
D02,52.0,0.2634115719405007,monotone_isotonic
D02,53.0,0.2634115719405007,monotone_isotonic
D02,54.0,0.2634115719405007,monotone_isotonic
D02,55.0,0.2634115719405007,monotone_isotonic
D02,56.0,0.2634115719405007,monotone_isotonic
D02,57.0,0.2634115719405007,monotone_isotonic
D02,58.0,0.2634115719405007,monotone_isotonic
D02,59.0,0.2634115719405007,monotone_isotonic
D02,60.0,0.2634115719405007,monotone_isotonic
D02,61.0,0.2634115719405007,monotone_isotonic
D02,62.0,0.2634115719405007,monotone_isotonic
D02,63.0,0.2634115719405007,monotone_isotonic
D02,64.0,0.2634115719405007,monotone_isotonic
D02,65.0,0.2634115719405007,monotone_isotonic
D02,66.0,0.2634115719405007,monotone_isotonic
D02,67.0,0.2634115719405007,monotone_isotonic
D02,68.0,0.2634115719405007,monotone_isotonic
D02,69.0,0.2634115719405007,monotone_isotonic
D02,70.0,0.2634115719405007,monotone_isotonic
D02,71.0,0.2634115719405007,monotone_isotonic
D02,72.0,0.2634115719405007,monotone_isotonic
D02,73.0,0.2634115719405007,monotone_isotonic
D02,74.0,0.2634115719405007,monotone_isotonic
D02,75.0,0.2634115719405007,monotone_isotonic
D02,76.0,0.2634115719405007,monotone_isotonic
D02,77.0,0.2634115719405007,monotone_isotonic
D02,78.0,0.2634115719405007,monotone_isotonic
D02,79.0,0.2634115719405007,monotone_isotonic
D02,80.0,0.2634115719405007,monotone_isotonic
D02,81.0,0.2634115719405007,monotone_isotonic
D02,82.0,0.2634115719405007,monotone_isotonic
D02,83.0,0.2634115719405007,monotone_isotonic
D02,84.0,0.2634115719405007,monotone_isotonic
D02,85.0,0.2634115719405007,monotone_isotonic
D02,86.0,0.2634115719405007,monotone_isotonic
D02,87.0,0.2634115719405007,monotone_isotonic
D02,88.0,0.2634115719405007,monotone_isotonic
D02,89.0,0.2634115719405007,monotone_isotonic
D02,90.0,0.2634115719405007,monotone_isotonic
D02,91.0,0.2634115719405007,monotone_isotonic
D02,92.0,0.2634115719405007,monotone_isotonic
D02,93.0,0.2634115719405007,monotone_isotonic
D02,94.0,0.2634115719405007,monotone_isotonic
D02,95.0,0.2634115719405007,monotone_isotonic
D02,96.0,0.2634115719405007,monotone_isotonic
D02,97.0,0.2634115719405007,monotone_isotonic
D02,98.0,0.2634115719405007,monotone_isotonic
D02,99.0,0.2634115719405007,monotone_isotonic
D02,100.0,0.2634115719405007,monotone_isotonic
D02,101.0,0.2634115719405007,monotone_isotonic
D02,102.0,0.2634115719405007,monotone_isotonic
D02,103.0,0.2634115719405007,monotone_isotonic
D02,104.0,0.2634115719405007,monotone_isotonic
D02,105.0,0.2634115719405007,monotone_isotonic
D02,106.0,0.2634115719405007,monotone_isotonic
D02,107.0,0.2634115719405007,monotone_isotonic
D02,108.0,0.2634115719405007,monotone_isotonic
D02,109.0,0.2634115719405007,monotone_isotonic
D02,110.0,0.2634115719405007,monotone_isotonic
D02,111.0,0.2634115719405007,monotone_isotonic
D02,112.0,0.2634115719405007,monotone_isotonic
D02,113.0,0.2634115719405007,monotone_isotonic
D02,114.0,0.2634115719405007,monotone_isotonic
D02,115.0,0.2634115719405007,monotone_isotonic
D02,116.0,0.2634115719405007,monotone_isotonic
D02,117.0,0.2634115719405007,monotone_isotonic
D02,118.0,0.2634115719405007,monotone_isotonic
D02,119.0,0.2634115719405007,monotone_isotonic
D02,120.0,0.2634115719405007,monotone_isotonic
D02,121.0,0.2634115719405007,monotone_isotonic
D02,122.0,0.2634115719405007,monotone_isotonic
D02,123.0,0.2634115719405007,monotone_isotonic
D02,124.0,0.2634115719405007,monotone_isotonic
D02,125.0,0.2634115719405007,monotone_isotonic
D02,126.0,0.2634115719405007,monotone_isotonic
D02,127.0,0.2634115719405007,monotone_isotonic
D02,128.0,0.2634115719405007,monotone_isotonic
D02,129.0,0.2634115719405007,monotone_isotonic
D02,130.0,0.2634115719405007,monotone_isotonic
D02,131.0,0.2634115719405007,monotone_isotonic
D02,132.0,0.2634115719405007,monotone_isotonic
D02,133.0,0.2634115719405007,monotone_isotonic
D02,134.0,0.2634115719405007,monotone_isotonic
D02,135.0,0.2634115719405007,monotone_isotonic
D02,136.0,0.2634115719405007,monotone_isotonic
D02,137.0,0.2634115719405007,monotone_isotonic
D02,138.0,0.2634115719405007,monotone_isotonic
D02,139.0,0.2634115719405007,monotone_isotonic
D02,140.0,0.2634115719405007,monotone_isotonic
D02,141.0,0.2634115719405007,monotone_isotonic
D02,142.0,0.2634115719405007,monotone_isotonic
D02,143.0,0.2634115719405007,monotone_isotonic
D02,144.0,0.2634115719405007,monotone_isotonic
D02,145.0,0.2634115719405007,monotone_isotonic
D02,146.0,0.2634115719405007,monotone_isotonic
D02,147.0,0.2634115719405007,monotone_isotonic
D02,148.0,0.2634115719405007,monotone_isotonic
D02,149.0,0.2634115719405007,monotone_isotonic
D02,150.0,0.2634115719405007,monotone_isotonic
D02,151.0,0.2634115719405007,monotone_isotonic
D02,152.0,0.2634115719405007,monotone_isotonic
D02,153.0,0.2634115719405007,monotone_isotonic
D02,154.0,0.2634115719405007,monotone_isotonic
D02,155.0,0.2634115719405007,monotone_isotonic
D02,156.0,0.2634115719405007,monotone_isotonic
D02,157.0,0.2634115719405007,monotone_isotonic
D02,158.0,0.2634115719405007,monotone_isotonic
D02,159.0,0.2634115719405007,monotone_isotonic
D02,160.0,0.2634115719405007,monotone_isotonic
D02,161.0,0.2634115719405007,monotone_isotonic
D02,162.0,0.2634115719405007,monotone_isotonic
D02,163.0,0.2634115719405007,monotone_isotonic
D02,164.0,0.2634115719405007,monotone_isotonic
D02,165.0,0.2634115719405007,monotone_isotonic
D02,166.0,0.2634115719405007,monotone_isotonic
D02,167.0,0.2634115719405007,monotone_isotonic
D02,168.0,0.2634115719405007,monotone_isotonic
D02,169.0,0.2634115719405007,monotone_isotonic
D02,170.0,0.2634115719405007,monotone_isotonic
D02,171.0,0.2634115719405007,monotone_isotonic
D02,172.0,0.2634115719405007,monotone_isotonic
D02,173.0,0.2634115719405007,monotone_isotonic
D02,174.0,0.2634115719405007,monotone_isotonic
D02,175.0,0.2634115719405007,monotone_isotonic
D02,176.0,0.2634115719405007,monotone_isotonic
D02,177.0,0.2634115719405007,monotone_isotonic
D02,178.0,0.2634115719405007,monotone_isotonic
D02,179.0,0.2634115719405007,monotone_isotonic
D02,180.0,0.2634115719405007,monotone_isotonic
D02,181.0,0.2634115719405007,monotone_isotonic
D02,182.0,0.2634115719405007,monotone_isotonic
D02,183.0,0.2634115719405007,monotone_isotonic
D02,184.0,0.2634115719405007,monotone_isotonic
D02,185.0,0.2634115719405007,monotone_isotonic
D02,186.0,0.2634115719405007,monotone_isotonic
D02,187.0,0.2634115719405007,monotone_isotonic
D02,188.0,0.2634115719405007,monotone_isotonic
D02,189.0,0.2634115719405007,monotone_isotonic
D02,190.0,0.2634115719405007,monotone_isotonic
D02,191.0,0.2634115719405007,monotone_isotonic
D02,192.0,0.2634115719405007,monotone_isotonic
D02,193.0,0.2634115719405007,monotone_isotonic
D02,194.0,0.2634115719405007,monotone_isotonic
D02,195.0,0.2634115719405007,monotone_isotonic
D02,196.0,0.2634115719405007,monotone_isotonic
D02,197.0,0.2634115719405007,monotone_isotonic
D02,198.0,0.2634115719405007,monotone_isotonic
D02,199.0,0.2634115719405007,monotone_isotonic
D02,200.0,0.2634115719405007,monotone_isotonic
D02,201.0,0.2634115719405007,monotone_isotonic
D02,202.0,0.2634115719405007,monotone_isotonic
D02,203.0,0.2634115719405007,monotone_isotonic
D02,204.0,0.2634115719405007,monotone_isotonic
D02,205.0,0.2634115719405007,monotone_isotonic
D02,206.0,0.2634115719405007,monotone_isotonic
D02,207.0,0.2634115719405007,monotone_isotonic
D02,208.0,0.2634115719405007,monotone_isotonic
D02,209.0,0.2634115719405007,monotone_isotonic
D02,210.0,0.2634115719405007,monotone_isotonic
D02,211.0,0.2640009024525385,monotone_isotonic
D02,212.0,0.2645902329645763,monotone_isotonic
D02,213.0,0.2651795634766141,monotone_isotonic
D02,214.0,0.2657688939886519,monotone_isotonic
D02,215.0,0.2663582245006897,monotone_isotonic
D02,216.0,0.2669475550127275,monotone_isotonic
D02,217.0,0.2675368855247652,monotone_isotonic
D02,218.0,0.268126216036803,monotone_isotonic
D02,219.0,0.2687155465488408,monotone_isotonic
D02,220.0,0.2693048770608786,monotone_isotonic
D02,221.0,0.2698942075729164,monotone_isotonic
D02,222.0,0.2704835380849542,monotone_isotonic
D02,223.0,0.271072868596992,monotone_isotonic
D02,224.0,0.2716621991090298,monotone_isotonic
D02,225.0,0.2722515296210675,monotone_isotonic
D02,226.0,0.2728408601331053,monotone_isotonic
D02,227.0,0.2734301906451431,monotone_isotonic
D02,228.0,0.2740195211571809,monotone_isotonic
D02,229.0,0.2746088516692186,monotone_isotonic
D02,230.0,0.2751981821812564,monotone_isotonic
D02,231.0,0.2757875126932942,monotone_isotonic
D02,232.0,0.2757875126932942,monotone_isotonic
D02,233.0,0.2757875126932942,monotone_isotonic
D02,234.0,0.2757875126932942,monotone_isotonic
D02,235.0,0.2757875126932942,monotone_isotonic
D02,236.0,0.2757875126932942,monotone_isotonic
D02,237.0,0.2757875126932942,monotone_isotonic
D02,238.0,0.2757875126932942,monotone_isotonic
D02,239.0,0.2757875126932942,monotone_isotonic
D02,240.0,0.2757875126932942,monotone_isotonic
D02,241.0,0.2757875126932942,monotone_isotonic
D02,242.0,0.2757875126932942,monotone_isotonic
D02,243.0,0.2757875126932942,monotone_isotonic
D02,244.0,0.2757875126932942,monotone_isotonic
D02,245.0,0.2757875126932942,monotone_isotonic
D02,246.0,0.2757875126932942,monotone_isotonic
D02,247.0,0.2757875126932942,monotone_isotonic
D02,248.0,0.2757875126932942,monotone_isotonic
D02,249.0,0.2757875126932942,monotone_isotonic
D02,250.0,0.2757875126932942,monotone_isotonic
D02,251.0,0.2757875126932942,monotone_isotonic
D02,252.0,0.2757875126932942,monotone_isotonic
D02,253.0,0.2757875126932942,monotone_isotonic
D02,254.0,0.2757875126932942,monotone_isotonic
D02,255.0,0.2757875126932942,monotone_isotonic
D02,256.0,0.2757875126932942,monotone_isotonic
D02,257.0,0.2757875126932942,monotone_isotonic
D02,258.0,0.2757875126932942,monotone_isotonic
D02,259.0,0.2757875126932942,monotone_isotonic
D02,260.0,0.2757875126932942,monotone_isotonic
D02,261.0,0.2757875126932942,monotone_isotonic
D02,262.0,0.2757875126932942,monotone_isotonic
D02,263.0,0.2757875126932942,monotone_isotonic
D02,264.0,0.2757875126932942,monotone_isotonic
D02,265.0,0.2757875126932942,monotone_isotonic
D02,266.0,0.2757875126932942,monotone_isotonic
D02,267.0,0.2757875126932942,monotone_isotonic
D02,268.0,0.2757875126932942,monotone_isotonic
D02,269.0,0.2757875126932942,monotone_isotonic
D02,270.0,0.2757875126932942,monotone_isotonic
D02,271.0,0.2757875126932942,monotone_isotonic
D02,272.0,0.2757875126932942,monotone_isotonic
D02,273.0,0.2757875126932942,monotone_isotonic
D02,274.0,0.2757875126932942,monotone_isotonic
D02,275.0,0.2757875126932942,monotone_isotonic
D02,276.0,0.2757875126932942,monotone_isotonic
D02,277.0,0.2757875126932942,monotone_isotonic
D02,278.0,0.2757875126932942,monotone_isotonic
D02,279.0,0.2757875126932942,monotone_isotonic
D02,280.0,0.2757875126932942,monotone_isotonic
D02,281.0,0.2757875126932942,monotone_isotonic
D02,282.0,0.2757875126932942,monotone_isotonic
D02,283.0,0.2757875126932942,monotone_isotonic
D02,284.0,0.2757875126932942,monotone_isotonic
D02,285.0,0.2757875126932942,monotone_isotonic
D02,286.0,0.2757875126932942,monotone_isotonic
D02,287.0,0.2757875126932942,monotone_isotonic
D02,288.0,0.2757875126932942,monotone_isotonic
D02,289.0,0.2757875126932942,monotone_isotonic
D02,290.0,0.2757875126932942,monotone_isotonic
D02,291.0,0.2757875126932942,monotone_isotonic
D02,292.0,0.2757875126932942,monotone_isotonic
D02,293.0,0.2757875126932942,monotone_isotonic
D02,294.0,0.2757875126932942,monotone_isotonic
D02,295.0,0.2757875126932942,monotone_isotonic
D02,296.0,0.2757875126932942,monotone_isotonic
D02,297.0,0.2757875126932942,monotone_isotonic
D02,298.0,0.2757875126932942,monotone_isotonic
D02,299.0,0.2757875126932942,monotone_isotonic
D02,300.0,0.2757875126932942,monotone_isotonic
D02,301.0,0.2757875126932942,monotone_isotonic
D02,302.0,0.2757875126932942,monotone_isotonic
D02,303.0,0.2757875126932942,monotone_isotonic
D02,304.0,0.2757875126932942,monotone_isotonic
D02,305.0,0.2757875126932942,monotone_isotonic
D02,306.0,0.2757875126932942,monotone_isotonic
D02,307.0,0.2757875126932942,monotone_isotonic
D02,308.0,0.2757875126932942,monotone_isotonic
D02,309.0,0.2757875126932942,monotone_isotonic
D02,310.0,0.2757875126932942,monotone_isotonic
D02,311.0,0.2757875126932942,monotone_isotonic
D02,312.0,0.2757875126932942,monotone_isotonic
D02,313.0,0.2757875126932942,monotone_isotonic
D02,314.0,0.2757875126932942,monotone_isotonic
D02,315.0,0.2757875126932942,monotone_isotonic
D02,316.0,0.2757875126932942,monotone_isotonic
D02,317.0,0.2757875126932942,monotone_isotonic
D02,318.0,0.2757875126932942,monotone_isotonic
D02,319.0,0.2757875126932942,monotone_isotonic
D02,320.0,0.2757875126932942,monotone_isotonic
D02,321.0,0.2757875126932942,monotone_isotonic
D02,322.0,0.2757875126932942,monotone_isotonic
D02,323.0,0.2757875126932942,monotone_isotonic
D02,324.0,0.2757875126932942,monotone_isotonic
D02,325.0,0.2757875126932942,monotone_isotonic
D02,326.0,0.2757875126932942,monotone_isotonic
D02,327.0,0.2757875126932942,monotone_isotonic
D02,328.0,0.2757875126932942,monotone_isotonic
D02,329.0,0.2757875126932942,monotone_isotonic
D02,330.0,0.2757875126932942,monotone_isotonic
D02,331.0,0.2757875126932942,monotone_isotonic
D02,332.0,0.2757875126932942,monotone_isotonic
D02,333.0,0.2757875126932942,monotone_isotonic
D02,334.0,0.2757875126932942,monotone_isotonic
D02,335.0,0.2757875126932942,monotone_isotonic
D02,336.0,0.2757875126932942,monotone_isotonic
D02,337.0,0.2757875126932942,monotone_isotonic
D02,338.0,0.2757875126932942,monotone_isotonic
D02,339.0,0.2757875126932942,monotone_isotonic
D02,340.0,0.2757875126932942,monotone_isotonic
D02,341.0,0.2757875126932942,monotone_isotonic
D02,342.0,0.2757875126932942,monotone_isotonic
D02,343.0,0.2757875126932942,monotone_isotonic
D02,344.0,0.2757875126932942,monotone_isotonic
D02,345.0,0.2757875126932942,monotone_isotonic
D02,346.0,0.2757875126932942,monotone_isotonic
D02,347.0,0.2757875126932942,monotone_isotonic
D02,348.0,0.2757875126932942,monotone_isotonic
D02,349.0,0.2757875126932942,monotone_isotonic
D02,350.0,0.2757875126932942,monotone_isotonic
D02,351.0,0.2757875126932942,monotone_isotonic
D02,352.0,0.2757875126932942,monotone_isotonic
D02,353.0,0.2757875126932942,monotone_isotonic
D02,354.0,0.2757875126932942,monotone_isotonic
D02,355.0,0.2757875126932942,monotone_isotonic
D02,356.0,0.2757875126932942,monotone_isotonic
D02,357.0,0.2757875126932942,monotone_isotonic
D02,358.0,0.2757875126932942,monotone_isotonic
D02,359.0,0.2757875126932942,monotone_isotonic
D02,360.0,0.2757875126932942,monotone_isotonic
D02,361.0,0.2757875126932942,monotone_isotonic
D02,362.0,0.2757875126932942,monotone_isotonic
D02,363.0,0.2757875126932942,monotone_isotonic
D02,364.0,0.2757875126932942,monotone_isotonic
D02,365.0,0.2757875126932942,monotone_isotonic
D03,0.0,0.2124306402430568,monotone_isotonic
D03,1.0,0.2124306402430568,monotone_isotonic
D03,2.0,0.2124306402430568,monotone_isotonic
D03,3.0,0.2124306402430568,monotone_isotonic
D03,4.0,0.2124306402430568,monotone_isotonic
D03,5.0,0.2124306402430568,monotone_isotonic
D03,6.0,0.2124306402430568,monotone_isotonic
D03,7.0,0.2124306402430568,monotone_isotonic
D03,8.0,0.2124306402430568,monotone_isotonic
D03,9.0,0.2124306402430568,monotone_isotonic
D03,10.0,0.2124306402430568,monotone_isotonic
D03,11.0,0.2124306402430568,monotone_isotonic
D03,12.0,0.2124306402430568,monotone_isotonic
D03,13.0,0.2124306402430568,monotone_isotonic
D03,14.0,0.2124306402430568,monotone_isotonic
D03,15.0,0.2124306402430568,monotone_isotonic
D03,16.0,0.2124306402430568,monotone_isotonic
D03,17.0,0.2124306402430568,monotone_isotonic
D03,18.0,0.2124306402430568,monotone_isotonic
D03,19.0,0.2124306402430568,monotone_isotonic
D03,20.0,0.2124306402430568,monotone_isotonic
D03,21.0,0.2124306402430568,monotone_isotonic
D03,22.0,0.2124306402430568,monotone_isotonic
D03,23.0,0.2124306402430568,monotone_isotonic
D03,24.0,0.2124306402430568,monotone_isotonic
D03,25.0,0.2124306402430568,monotone_isotonic
D03,26.0,0.2124306402430568,monotone_isotonic
D03,27.0,0.2124306402430568,monotone_isotonic
D03,28.0,0.2124306402430568,monotone_isotonic
D03,29.0,0.2124306402430568,monotone_isotonic
D03,30.0,0.2124306402430568,monotone_isotonic
D03,31.0,0.2124306402430568,monotone_isotonic
D03,32.0,0.2124306402430568,monotone_isotonic
D03,33.0,0.2124306402430568,monotone_isotonic
D03,34.0,0.2124306402430568,monotone_isotonic
D03,35.0,0.2124306402430568,monotone_isotonic
D03,36.0,0.2124306402430568,monotone_isotonic
D03,37.0,0.2124306402430568,monotone_isotonic
D03,38.0,0.2124306402430568,monotone_isotonic
D03,39.0,0.2124306402430568,monotone_isotonic
D03,40.0,0.2124306402430568,monotone_isotonic
D03,41.0,0.2124306402430568,monotone_isotonic
D03,42.0,0.2124306402430568,monotone_isotonic
D03,43.0,0.2124306402430568,monotone_isotonic
D03,44.0,0.2124306402430568,monotone_isotonic
D03,45.0,0.2124306402430568,monotone_isotonic
D03,46.0,0.2124306402430568,monotone_isotonic
D03,47.0,0.2124306402430568,monotone_isotonic
D03,48.0,0.2124306402430568,monotone_isotonic
D03,49.0,0.2124306402430568,monotone_isotonic
D03,50.0,0.2124306402430568,monotone_isotonic
D03,51.0,0.2124306402430568,monotone_isotonic
D03,52.0,0.2124306402430568,monotone_isotonic
D03,53.0,0.2124306402430568,monotone_isotonic
D03,54.0,0.2124306402430568,monotone_isotonic
D03,55.0,0.2124306402430568,monotone_isotonic
D03,56.0,0.2124306402430568,monotone_isotonic
D03,57.0,0.2124306402430568,monotone_isotonic
D03,58.0,0.2124306402430568,monotone_isotonic
D03,59.0,0.2124306402430568,monotone_isotonic
D03,60.0,0.2124306402430568,monotone_isotonic
D03,61.0,0.2124306402430568,monotone_isotonic
D03,62.0,0.2124306402430568,monotone_isotonic
D03,63.0,0.2124306402430568,monotone_isotonic
D03,64.0,0.2124306402430568,monotone_isotonic
D03,65.0,0.2124306402430568,monotone_isotonic
D03,66.0,0.2124306402430568,monotone_isotonic
D03,67.0,0.2124306402430568,monotone_isotonic
D03,68.0,0.2124306402430568,monotone_isotonic
D03,69.0,0.2124306402430568,monotone_isotonic
D03,70.0,0.2124306402430568,monotone_isotonic
D03,71.0,0.2124306402430568,monotone_isotonic
D03,72.0,0.2124306402430568,monotone_isotonic
D03,73.0,0.2124306402430568,monotone_isotonic
D03,74.0,0.2124306402430568,monotone_isotonic
D03,75.0,0.2124306402430568,monotone_isotonic
D03,76.0,0.2124306402430568,monotone_isotonic
D03,77.0,0.2124306402430568,monotone_isotonic
D03,78.0,0.2124306402430568,monotone_isotonic
D03,79.0,0.2124306402430568,monotone_isotonic
D03,80.0,0.2124306402430568,monotone_isotonic
D03,81.0,0.2124306402430568,monotone_isotonic
D03,82.0,0.2124306402430568,monotone_isotonic
D03,83.0,0.2124306402430568,monotone_isotonic
D03,84.0,0.2124306402430568,monotone_isotonic
D03,85.0,0.2124306402430568,monotone_isotonic
D03,86.0,0.2124306402430568,monotone_isotonic
D03,87.0,0.2124306402430568,monotone_isotonic
D03,88.0,0.2124306402430568,monotone_isotonic
D03,89.0,0.2124306402430568,monotone_isotonic
D03,90.0,0.2124306402430568,monotone_isotonic
D03,91.0,0.2124306402430568,monotone_isotonic
D03,92.0,0.2124306402430568,monotone_isotonic
D03,93.0,0.2124306402430568,monotone_isotonic
D03,94.0,0.2124306402430568,monotone_isotonic
D03,95.0,0.2124306402430568,monotone_isotonic
D03,96.0,0.2124306402430568,monotone_isotonic
D03,97.0,0.2124306402430568,monotone_isotonic
D03,98.0,0.2124306402430568,monotone_isotonic
D03,99.0,0.2124306402430568,monotone_isotonic
D03,100.0,0.2124306402430568,monotone_isotonic
D03,101.0,0.2124306402430568,monotone_isotonic
D03,102.0,0.2124306402430568,monotone_isotonic
D03,103.0,0.2124306402430568,monotone_isotonic
D03,104.0,0.2124306402430568,monotone_isotonic
D03,105.0,0.2124306402430568,monotone_isotonic
D03,106.0,0.2124306402430568,monotone_isotonic
D03,107.0,0.2124306402430568,monotone_isotonic
D03,108.0,0.2124306402430568,monotone_isotonic
D03,109.0,0.2124306402430568,monotone_isotonic
D03,110.0,0.2124306402430568,monotone_isotonic
D03,111.0,0.2124306402430568,monotone_isotonic
D03,112.0,0.2124306402430568,monotone_isotonic
D03,113.0,0.2124306402430568,monotone_isotonic
D03,114.0,0.2124306402430568,monotone_isotonic
D03,115.0,0.2124306402430568,monotone_isotonic
D03,116.0,0.2124306402430568,monotone_isotonic
D03,117.0,0.2124306402430568,monotone_isotonic
D03,118.0,0.2124306402430568,monotone_isotonic
D03,119.0,0.2124306402430568,monotone_isotonic
D03,120.0,0.2124306402430568,monotone_isotonic
D03,121.0,0.2124306402430568,monotone_isotonic
D03,122.0,0.2124306402430568,monotone_isotonic
D03,123.0,0.2124306402430568,monotone_isotonic
D03,124.0,0.2124306402430568,monotone_isotonic
D03,125.0,0.2124306402430568,monotone_isotonic
D03,126.0,0.2124306402430568,monotone_isotonic
D03,127.0,0.2124306402430568,monotone_isotonic
D03,128.0,0.2124306402430568,monotone_isotonic
D03,129.0,0.2124306402430568,monotone_isotonic
D03,130.0,0.2124306402430568,monotone_isotonic
D03,131.0,0.2124306402430568,monotone_isotonic
D03,132.0,0.2124306402430568,monotone_isotonic
D03,133.0,0.2124306402430568,monotone_isotonic
D03,134.0,0.2124306402430568,monotone_isotonic
D03,135.0,0.2124306402430568,monotone_isotonic
D03,136.0,0.2124306402430568,monotone_isotonic
D03,137.0,0.2124306402430568,monotone_isotonic
D03,138.0,0.2124306402430568,monotone_isotonic
D03,139.0,0.2124306402430568,monotone_isotonic
D03,140.0,0.2124306402430568,monotone_isotonic
D03,141.0,0.2124306402430568,monotone_isotonic
D03,142.0,0.2124306402430568,monotone_isotonic
D03,143.0,0.2124306402430568,monotone_isotonic
D03,144.0,0.2124306402430568,monotone_isotonic
D03,145.0,0.2124306402430568,monotone_isotonic
D03,146.0,0.2124306402430568,monotone_isotonic
D03,147.0,0.2124306402430568,monotone_isotonic
D03,148.0,0.2124306402430568,monotone_isotonic
D03,149.0,0.2124306402430568,monotone_isotonic
D03,150.0,0.2124306402430568,monotone_isotonic
D03,151.0,0.2124306402430568,monotone_isotonic
D03,152.0,0.2124306402430568,monotone_isotonic
D03,153.0,0.2124306402430568,monotone_isotonic
D03,154.0,0.2124306402430568,monotone_isotonic
D03,155.0,0.2124306402430568,monotone_isotonic
D03,156.0,0.2124306402430568,monotone_isotonic
D03,157.0,0.2124306402430568,monotone_isotonic
D03,158.0,0.2124306402430568,monotone_isotonic
D03,159.0,0.2124306402430568,monotone_isotonic
D03,160.0,0.2124306402430568,monotone_isotonic
D03,161.0,0.2124306402430568,monotone_isotonic
D03,162.0,0.2124306402430568,monotone_isotonic
D03,163.0,0.2124306402430568,monotone_isotonic
D03,164.0,0.2124306402430568,monotone_isotonic
D03,165.0,0.2124306402430568,monotone_isotonic
D03,166.0,0.2124306402430568,monotone_isotonic
D03,167.0,0.2124306402430568,monotone_isotonic
D03,168.0,0.2124306402430568,monotone_isotonic
D03,169.0,0.2124306402430568,monotone_isotonic
D03,170.0,0.2124306402430568,monotone_isotonic
D03,171.0,0.2124306402430568,monotone_isotonic
D03,172.0,0.2124306402430568,monotone_isotonic
D03,173.0,0.2124306402430568,monotone_isotonic
D03,174.0,0.2124306402430568,monotone_isotonic
D03,175.0,0.2124306402430568,monotone_isotonic
D03,176.0,0.2124306402430568,monotone_isotonic
D03,177.0,0.2124306402430568,monotone_isotonic
D03,178.0,0.2124306402430568,monotone_isotonic
D03,179.0,0.2124306402430568,monotone_isotonic
D03,180.0,0.2124306402430568,monotone_isotonic
D03,181.0,0.2124306402430568,monotone_isotonic
D03,182.0,0.2124306402430568,monotone_isotonic
D03,183.0,0.2124306402430568,monotone_isotonic
D03,184.0,0.2124306402430568,monotone_isotonic
D03,185.0,0.2124306402430568,monotone_isotonic
D03,186.0,0.2124306402430568,monotone_isotonic
D03,187.0,0.2124306402430568,monotone_isotonic
D03,188.0,0.2124306402430568,monotone_isotonic
D03,189.0,0.2124306402430568,monotone_isotonic
D03,190.0,0.2124306402430568,monotone_isotonic
D03,191.0,0.2124306402430568,monotone_isotonic
D03,192.0,0.2124306402430568,monotone_isotonic
D03,193.0,0.2124306402430568,monotone_isotonic
D03,194.0,0.2124306402430568,monotone_isotonic
D03,195.0,0.2124306402430568,monotone_isotonic
D03,196.0,0.2124306402430568,monotone_isotonic
D03,197.0,0.2124306402430568,monotone_isotonic
D03,198.0,0.2124306402430568,monotone_isotonic
D03,199.0,0.2124306402430568,monotone_isotonic
D03,200.0,0.2124306402430568,monotone_isotonic
D03,201.0,0.2124306402430568,monotone_isotonic
D03,202.0,0.2124306402430568,monotone_isotonic
D03,203.0,0.2124306402430568,monotone_isotonic
D03,204.0,0.2124306402430568,monotone_isotonic
D03,205.0,0.2124306402430568,monotone_isotonic
D03,206.0,0.2124306402430568,monotone_isotonic
D03,207.0,0.2124306402430568,monotone_isotonic
D03,208.0,0.2124306402430568,monotone_isotonic
D03,209.0,0.2124306402430568,monotone_isotonic
D03,210.0,0.2124306402430568,monotone_isotonic
D03,211.0,0.2129822105378937,monotone_isotonic
D03,212.0,0.2135337808327305,monotone_isotonic
D03,213.0,0.2140853511275674,monotone_isotonic
D03,214.0,0.2146369214224043,monotone_isotonic
D03,215.0,0.2151884917172411,monotone_isotonic
D03,216.0,0.215740062012078,monotone_isotonic
D03,217.0,0.2162916323069149,monotone_isotonic
D03,218.0,0.2168432026017517,monotone_isotonic
D03,219.0,0.2173947728965886,monotone_isotonic
D03,220.0,0.2179463431914254,monotone_isotonic
D03,221.0,0.2184979134862623,monotone_isotonic
D03,222.0,0.2190494837810991,monotone_isotonic
D03,223.0,0.219601054075936,monotone_isotonic
D03,224.0,0.2201526243707728,monotone_isotonic
D03,225.0,0.2207041946656097,monotone_isotonic
D03,226.0,0.2212557649604466,monotone_isotonic
D03,227.0,0.2218073352552834,monotone_isotonic
D03,228.0,0.2223589055501203,monotone_isotonic
D03,229.0,0.2229104758449571,monotone_isotonic
D03,230.0,0.223462046139794,monotone_isotonic
D03,231.0,0.2240136164346308,monotone_isotonic
D03,232.0,0.2240136164346308,monotone_isotonic
D03,233.0,0.2240136164346308,monotone_isotonic
D03,234.0,0.2240136164346308,monotone_isotonic
D03,235.0,0.2240136164346308,monotone_isotonic
D03,236.0,0.2240136164346308,monotone_isotonic
D03,237.0,0.2240136164346308,monotone_isotonic
D03,238.0,0.2240136164346308,monotone_isotonic
D03,239.0,0.2240136164346308,monotone_isotonic
D03,240.0,0.2240136164346308,monotone_isotonic
D03,241.0,0.2240136164346308,monotone_isotonic
D03,242.0,0.2240136164346308,monotone_isotonic
D03,243.0,0.2240136164346308,monotone_isotonic
D03,244.0,0.2240136164346308,monotone_isotonic
D03,245.0,0.2240136164346308,monotone_isotonic
D03,246.0,0.2240136164346308,monotone_isotonic
D03,247.0,0.2240136164346308,monotone_isotonic
D03,248.0,0.2240136164346308,monotone_isotonic
D03,249.0,0.2240136164346308,monotone_isotonic
D03,250.0,0.2240136164346308,monotone_isotonic
D03,251.0,0.2240136164346308,monotone_isotonic
D03,252.0,0.2240136164346308,monotone_isotonic
D03,253.0,0.2240136164346308,monotone_isotonic
D03,254.0,0.2240136164346308,monotone_isotonic
D03,255.0,0.2240136164346308,monotone_isotonic
D03,256.0,0.2240136164346308,monotone_isotonic
D03,257.0,0.2240136164346308,monotone_isotonic
D03,258.0,0.2240136164346308,monotone_isotonic
D03,259.0,0.2240136164346308,monotone_isotonic
D03,260.0,0.2240136164346308,monotone_isotonic
D03,261.0,0.2240136164346308,monotone_isotonic
D03,262.0,0.2240136164346308,monotone_isotonic
D03,263.0,0.2240136164346308,monotone_isotonic
D03,264.0,0.2240136164346308,monotone_isotonic
D03,265.0,0.2240136164346308,monotone_isotonic
D03,266.0,0.2240136164346308,monotone_isotonic
D03,267.0,0.2240136164346308,monotone_isotonic
D03,268.0,0.2240136164346308,monotone_isotonic
D03,269.0,0.2240136164346308,monotone_isotonic
D03,270.0,0.2240136164346308,monotone_isotonic
D03,271.0,0.2240136164346308,monotone_isotonic
D03,272.0,0.2240136164346308,monotone_isotonic
D03,273.0,0.2240136164346308,monotone_isotonic
D03,274.0,0.2240136164346308,monotone_isotonic
D03,275.0,0.2240136164346308,monotone_isotonic
D03,276.0,0.2240136164346308,monotone_isotonic
D03,277.0,0.2240136164346308,monotone_isotonic
D03,278.0,0.2240136164346308,monotone_isotonic
D03,279.0,0.2240136164346308,monotone_isotonic
D03,280.0,0.2240136164346308,monotone_isotonic
D03,281.0,0.2240136164346308,monotone_isotonic
D03,282.0,0.2240136164346308,monotone_isotonic
D03,283.0,0.2240136164346308,monotone_isotonic
D03,284.0,0.2240136164346308,monotone_isotonic
D03,285.0,0.2240136164346308,monotone_isotonic
D03,286.0,0.2240136164346308,monotone_isotonic
D03,287.0,0.2240136164346308,monotone_isotonic
D03,288.0,0.2240136164346308,monotone_isotonic
D03,289.0,0.2240136164346308,monotone_isotonic
D03,290.0,0.2240136164346308,monotone_isotonic
D03,291.0,0.2240136164346308,monotone_isotonic
D03,292.0,0.2240136164346308,monotone_isotonic
D03,293.0,0.2240136164346308,monotone_isotonic
D03,294.0,0.2240136164346308,monotone_isotonic
D03,295.0,0.2240136164346308,monotone_isotonic
D03,296.0,0.2240136164346308,monotone_isotonic
D03,297.0,0.2240136164346308,monotone_isotonic
D03,298.0,0.2240136164346308,monotone_isotonic
D03,299.0,0.2240136164346308,monotone_isotonic
D03,300.0,0.2240136164346308,monotone_isotonic
D03,301.0,0.2240136164346308,monotone_isotonic
D03,302.0,0.2240136164346308,monotone_isotonic
D03,303.0,0.2240136164346308,monotone_isotonic
D03,304.0,0.2240136164346308,monotone_isotonic
D03,305.0,0.2240136164346308,monotone_isotonic
D03,306.0,0.2240136164346308,monotone_isotonic
D03,307.0,0.2240136164346308,monotone_isotonic
D03,308.0,0.2240136164346308,monotone_isotonic
D03,309.0,0.2240136164346308,monotone_isotonic
D03,310.0,0.2240136164346308,monotone_isotonic
D03,311.0,0.2240136164346308,monotone_isotonic
D03,312.0,0.2240136164346308,monotone_isotonic
D03,313.0,0.2240136164346308,monotone_isotonic
D03,314.0,0.2240136164346308,monotone_isotonic
D03,315.0,0.2240136164346308,monotone_isotonic
D03,316.0,0.2240136164346308,monotone_isotonic
D03,317.0,0.2240136164346308,monotone_isotonic
D03,318.0,0.2240136164346308,monotone_isotonic
D03,319.0,0.2240136164346308,monotone_isotonic
D03,320.0,0.2240136164346308,monotone_isotonic
D03,321.0,0.2240136164346308,monotone_isotonic
D03,322.0,0.2240136164346308,monotone_isotonic
D03,323.0,0.2240136164346308,monotone_isotonic
D03,324.0,0.2240136164346308,monotone_isotonic
D03,325.0,0.2240136164346308,monotone_isotonic
D03,326.0,0.2240136164346308,monotone_isotonic
D03,327.0,0.2240136164346308,monotone_isotonic
D03,328.0,0.2240136164346308,monotone_isotonic
D03,329.0,0.2240136164346308,monotone_isotonic
D03,330.0,0.2240136164346308,monotone_isotonic
D03,331.0,0.2240136164346308,monotone_isotonic
D03,332.0,0.2240136164346308,monotone_isotonic
D03,333.0,0.2240136164346308,monotone_isotonic
D03,334.0,0.2240136164346308,monotone_isotonic
D03,335.0,0.2240136164346308,monotone_isotonic
D03,336.0,0.2240136164346308,monotone_isotonic
D03,337.0,0.2240136164346308,monotone_isotonic
D03,338.0,0.2240136164346308,monotone_isotonic
D03,339.0,0.2240136164346308,monotone_isotonic
D03,340.0,0.2240136164346308,monotone_isotonic
D03,341.0,0.2240136164346308,monotone_isotonic
D03,342.0,0.2240136164346308,monotone_isotonic
D03,343.0,0.2240136164346308,monotone_isotonic
D03,344.0,0.2240136164346308,monotone_isotonic
D03,345.0,0.2240136164346308,monotone_isotonic
D03,346.0,0.2240136164346308,monotone_isotonic
D03,347.0,0.2240136164346308,monotone_isotonic
D03,348.0,0.2240136164346308,monotone_isotonic
D03,349.0,0.2240136164346308,monotone_isotonic
D03,350.0,0.2240136164346308,monotone_isotonic
D03,351.0,0.2240136164346308,monotone_isotonic
D03,352.0,0.2240136164346308,monotone_isotonic
D03,353.0,0.2240136164346308,monotone_isotonic
D03,354.0,0.2240136164346308,monotone_isotonic
D03,355.0,0.2240136164346308,monotone_isotonic
D03,356.0,0.2240136164346308,monotone_isotonic
D03,357.0,0.2240136164346308,monotone_isotonic
D03,358.0,0.2240136164346308,monotone_isotonic
D03,359.0,0.2240136164346308,monotone_isotonic
D03,360.0,0.2240136164346308,monotone_isotonic
D03,361.0,0.2240136164346308,monotone_isotonic
D03,362.0,0.2240136164346308,monotone_isotonic
D03,363.0,0.2240136164346308,monotone_isotonic
D03,364.0,0.2240136164346308,monotone_isotonic
D03,365.0,0.2240136164346308,monotone_isotonic
D04,0.0,0.1863786512499232,monotone_isotonic
D04,1.0,0.1863786512499232,monotone_isotonic
D04,2.0,0.1863786512499232,monotone_isotonic
D04,3.0,0.1863786512499232,monotone_isotonic
D04,4.0,0.1863786512499232,monotone_isotonic
D04,5.0,0.1863786512499232,monotone_isotonic
D04,6.0,0.1863786512499232,monotone_isotonic
D04,7.0,0.1863786512499232,monotone_isotonic
D04,8.0,0.1863786512499232,monotone_isotonic
D04,9.0,0.1863786512499232,monotone_isotonic
D04,10.0,0.1863786512499232,monotone_isotonic
D04,11.0,0.1863786512499232,monotone_isotonic
D04,12.0,0.1863786512499232,monotone_isotonic
D04,13.0,0.1863786512499232,monotone_isotonic
D04,14.0,0.1863786512499232,monotone_isotonic
D04,15.0,0.1863786512499232,monotone_isotonic
D04,16.0,0.1863786512499232,monotone_isotonic
D04,17.0,0.1863786512499232,monotone_isotonic
D04,18.0,0.1863786512499232,monotone_isotonic
D04,19.0,0.1863786512499232,monotone_isotonic
D04,20.0,0.1863786512499232,monotone_isotonic
D04,21.0,0.1863786512499232,monotone_isotonic
D04,22.0,0.1863786512499232,monotone_isotonic
D04,23.0,0.1863786512499232,monotone_isotonic
D04,24.0,0.1863786512499232,monotone_isotonic
D04,25.0,0.1863786512499232,monotone_isotonic
D04,26.0,0.1863786512499232,monotone_isotonic
D04,27.0,0.1863786512499232,monotone_isotonic
D04,28.0,0.1863786512499232,monotone_isotonic
D04,29.0,0.1863786512499232,monotone_isotonic
D04,30.0,0.1863786512499232,monotone_isotonic
D04,31.0,0.1863786512499232,monotone_isotonic
D04,32.0,0.1863786512499232,monotone_isotonic
D04,33.0,0.1863786512499232,monotone_isotonic
D04,34.0,0.1863786512499232,monotone_isotonic
D04,35.0,0.1863786512499232,monotone_isotonic
D04,36.0,0.1863786512499232,monotone_isotonic
D04,37.0,0.1863786512499232,monotone_isotonic
D04,38.0,0.1863786512499232,monotone_isotonic
D04,39.0,0.1863786512499232,monotone_isotonic
D04,40.0,0.1863786512499232,monotone_isotonic
D04,41.0,0.1863786512499232,monotone_isotonic
D04,42.0,0.1863786512499232,monotone_isotonic
D04,43.0,0.1863786512499232,monotone_isotonic
D04,44.0,0.1863786512499232,monotone_isotonic
D04,45.0,0.1863786512499232,monotone_isotonic
D04,46.0,0.1863786512499232,monotone_isotonic
D04,47.0,0.1863786512499232,monotone_isotonic
D04,48.0,0.1863786512499232,monotone_isotonic
D04,49.0,0.1863786512499232,monotone_isotonic
D04,50.0,0.1863786512499232,monotone_isotonic
D04,51.0,0.1863786512499232,monotone_isotonic
D04,52.0,0.1863786512499232,monotone_isotonic
D04,53.0,0.1863786512499232,monotone_isotonic
D04,54.0,0.1863786512499232,monotone_isotonic
D04,55.0,0.1863786512499232,monotone_isotonic
D04,56.0,0.1863786512499232,monotone_isotonic
D04,57.0,0.1863786512499232,monotone_isotonic
D04,58.0,0.1863786512499232,monotone_isotonic
D04,59.0,0.1863786512499232,monotone_isotonic
D04,60.0,0.1863786512499232,monotone_isotonic
D04,61.0,0.1863786512499232,monotone_isotonic
D04,62.0,0.1863786512499232,monotone_isotonic
D04,63.0,0.1863786512499232,monotone_isotonic
D04,64.0,0.1863786512499232,monotone_isotonic
D04,65.0,0.1863786512499232,monotone_isotonic
D04,66.0,0.1863786512499232,monotone_isotonic
D04,67.0,0.1863786512499232,monotone_isotonic
D04,68.0,0.1863786512499232,monotone_isotonic
D04,69.0,0.1863786512499232,monotone_isotonic
D04,70.0,0.1863786512499232,monotone_isotonic
D04,71.0,0.1863786512499232,monotone_isotonic
D04,72.0,0.1863786512499232,monotone_isotonic
D04,73.0,0.1863786512499232,monotone_isotonic
D04,74.0,0.1863786512499232,monotone_isotonic
D04,75.0,0.1863786512499232,monotone_isotonic
D04,76.0,0.1863786512499232,monotone_isotonic
D04,77.0,0.1863786512499232,monotone_isotonic
D04,78.0,0.1863786512499232,monotone_isotonic
D04,79.0,0.1863786512499232,monotone_isotonic
D04,80.0,0.1863786512499232,monotone_isotonic
D04,81.0,0.1863786512499232,monotone_isotonic
D04,82.0,0.1863786512499232,monotone_isotonic
D04,83.0,0.1863786512499232,monotone_isotonic
D04,84.0,0.1863786512499232,monotone_isotonic
D04,85.0,0.1863786512499232,monotone_isotonic
D04,86.0,0.1863786512499232,monotone_isotonic
D04,87.0,0.1863786512499232,monotone_isotonic
D04,88.0,0.1863786512499232,monotone_isotonic
D04,89.0,0.1863786512499232,monotone_isotonic
D04,90.0,0.1863786512499232,monotone_isotonic
D04,91.0,0.1863786512499232,monotone_isotonic
D04,92.0,0.1863786512499232,monotone_isotonic
D04,93.0,0.1863786512499232,monotone_isotonic
D04,94.0,0.1863786512499232,monotone_isotonic
D04,95.0,0.1863786512499232,monotone_isotonic
D04,96.0,0.1863786512499232,monotone_isotonic
D04,97.0,0.1863786512499232,monotone_isotonic
D04,98.0,0.1863786512499232,monotone_isotonic
D04,99.0,0.1863786512499232,monotone_isotonic
D04,100.0,0.1863786512499232,monotone_isotonic
D04,101.0,0.1863786512499232,monotone_isotonic
D04,102.0,0.1863786512499232,monotone_isotonic
D04,103.0,0.1863786512499232,monotone_isotonic
D04,104.0,0.1863786512499232,monotone_isotonic
D04,105.0,0.1863786512499232,monotone_isotonic
D04,106.0,0.1863786512499232,monotone_isotonic
D04,107.0,0.1863786512499232,monotone_isotonic
D04,108.0,0.1863786512499232,monotone_isotonic
D04,109.0,0.1863786512499232,monotone_isotonic
D04,110.0,0.1863786512499232,monotone_isotonic
D04,111.0,0.1863786512499232,monotone_isotonic
D04,112.0,0.1863786512499232,monotone_isotonic
D04,113.0,0.1863786512499232,monotone_isotonic
D04,114.0,0.1863786512499232,monotone_isotonic
D04,115.0,0.1863786512499232,monotone_isotonic
D04,116.0,0.1863786512499232,monotone_isotonic
D04,117.0,0.1863786512499232,monotone_isotonic
D04,118.0,0.1863786512499232,monotone_isotonic
D04,119.0,0.1863786512499232,monotone_isotonic
D04,120.0,0.1863786512499232,monotone_isotonic
D04,121.0,0.1863786512499232,monotone_isotonic
D04,122.0,0.1863786512499232,monotone_isotonic
D04,123.0,0.1863786512499232,monotone_isotonic
D04,124.0,0.1863786512499232,monotone_isotonic
D04,125.0,0.1863786512499232,monotone_isotonic
D04,126.0,0.1863786512499232,monotone_isotonic
D04,127.0,0.1863786512499232,monotone_isotonic
D04,128.0,0.1863786512499232,monotone_isotonic
D04,129.0,0.1863786512499232,monotone_isotonic
D04,130.0,0.1863786512499232,monotone_isotonic
D04,131.0,0.1863786512499232,monotone_isotonic
D04,132.0,0.1863786512499232,monotone_isotonic
D04,133.0,0.1863786512499232,monotone_isotonic
D04,134.0,0.1863786512499232,monotone_isotonic
D04,135.0,0.1863786512499232,monotone_isotonic
D04,136.0,0.1863786512499232,monotone_isotonic
D04,137.0,0.1863786512499232,monotone_isotonic
D04,138.0,0.1863786512499232,monotone_isotonic
D04,139.0,0.1863786512499232,monotone_isotonic
D04,140.0,0.1863786512499232,monotone_isotonic
D04,141.0,0.1863786512499232,monotone_isotonic
D04,142.0,0.1863786512499232,monotone_isotonic
D04,143.0,0.1863786512499232,monotone_isotonic
D04,144.0,0.1863786512499232,monotone_isotonic
D04,145.0,0.1863786512499232,monotone_isotonic
D04,146.0,0.1863786512499232,monotone_isotonic
D04,147.0,0.1863786512499232,monotone_isotonic
D04,148.0,0.1863786512499232,monotone_isotonic
D04,149.0,0.1863786512499232,monotone_isotonic
D04,150.0,0.1863786512499232,monotone_isotonic
D04,151.0,0.1863786512499232,monotone_isotonic
D04,152.0,0.1863786512499232,monotone_isotonic
D04,153.0,0.1863786512499232,monotone_isotonic
D04,154.0,0.1863786512499232,monotone_isotonic
D04,155.0,0.1863786512499232,monotone_isotonic
D04,156.0,0.1863786512499232,monotone_isotonic
D04,157.0,0.1863786512499232,monotone_isotonic
D04,158.0,0.1863786512499232,monotone_isotonic
D04,159.0,0.1863786512499232,monotone_isotonic
D04,160.0,0.1863786512499232,monotone_isotonic
D04,161.0,0.1863786512499232,monotone_isotonic
D04,162.0,0.1863786512499232,monotone_isotonic
D04,163.0,0.1863786512499232,monotone_isotonic
D04,164.0,0.1863786512499232,monotone_isotonic
D04,165.0,0.1863786512499232,monotone_isotonic
D04,166.0,0.1863786512499232,monotone_isotonic
D04,167.0,0.1863786512499232,monotone_isotonic
D04,168.0,0.1863786512499232,monotone_isotonic
D04,169.0,0.1863786512499232,monotone_isotonic
D04,170.0,0.1863786512499232,monotone_isotonic
D04,171.0,0.1863786512499232,monotone_isotonic
D04,172.0,0.1863786512499232,monotone_isotonic
D04,173.0,0.1863786512499232,monotone_isotonic
D04,174.0,0.1863786512499232,monotone_isotonic
D04,175.0,0.1863786512499232,monotone_isotonic
D04,176.0,0.1863786512499232,monotone_isotonic
D04,177.0,0.1863786512499232,monotone_isotonic
D04,178.0,0.1863786512499232,monotone_isotonic
D04,179.0,0.1863786512499232,monotone_isotonic
D04,180.0,0.1863786512499232,monotone_isotonic
D04,181.0,0.1863786512499232,monotone_isotonic
D04,182.0,0.1863786512499232,monotone_isotonic
D04,183.0,0.1863786512499232,monotone_isotonic
D04,184.0,0.1863786512499232,monotone_isotonic
D04,185.0,0.1863786512499232,monotone_isotonic
D04,186.0,0.1863786512499232,monotone_isotonic
D04,187.0,0.1863786512499232,monotone_isotonic
D04,188.0,0.1863786512499232,monotone_isotonic
D04,189.0,0.1863786512499232,monotone_isotonic
D04,190.0,0.1863786512499232,monotone_isotonic
D04,191.0,0.1863786512499232,monotone_isotonic
D04,192.0,0.1863786512499232,monotone_isotonic
D04,193.0,0.1863786512499232,monotone_isotonic
D04,194.0,0.1863786512499232,monotone_isotonic
D04,195.0,0.1863786512499232,monotone_isotonic
D04,196.0,0.1863786512499232,monotone_isotonic
D04,197.0,0.1863786512499232,monotone_isotonic
D04,198.0,0.1863786512499232,monotone_isotonic
D04,199.0,0.1863786512499232,monotone_isotonic
D04,200.0,0.1863786512499232,monotone_isotonic
D04,201.0,0.1863786512499232,monotone_isotonic
D04,202.0,0.1863786512499232,monotone_isotonic
D04,203.0,0.1863786512499232,monotone_isotonic
D04,204.0,0.1863786512499232,monotone_isotonic
D04,205.0,0.1863786512499232,monotone_isotonic
D04,206.0,0.1863786512499232,monotone_isotonic
D04,207.0,0.1863786512499232,monotone_isotonic
D04,208.0,0.1863786512499232,monotone_isotonic
D04,209.0,0.1863786512499232,monotone_isotonic
D04,210.0,0.1863786512499232,monotone_isotonic
D04,211.0,0.1873781125933624,monotone_isotonic
D04,212.0,0.1883775739368016,monotone_isotonic
D04,213.0,0.1893770352802408,monotone_isotonic
D04,214.0,0.1903764966236799,monotone_isotonic
D04,215.0,0.1913759579671191,monotone_isotonic
D04,216.0,0.1923754193105583,monotone_isotonic
D04,217.0,0.1933748806539975,monotone_isotonic
D04,218.0,0.1943743419974367,monotone_isotonic
D04,219.0,0.1953738033408759,monotone_isotonic
D04,220.0,0.1963732646843151,monotone_isotonic
D04,221.0,0.1973727260277543,monotone_isotonic
D04,222.0,0.1983721873711934,monotone_isotonic
D04,223.0,0.1993716487146326,monotone_isotonic
D04,224.0,0.2003711100580718,monotone_isotonic
D04,225.0,0.201370571401511,monotone_isotonic
D04,226.0,0.2023700327449502,monotone_isotonic
D04,227.0,0.2033694940883894,monotone_isotonic
D04,228.0,0.2043689554318286,monotone_isotonic
D04,229.0,0.2053684167752678,monotone_isotonic
D04,230.0,0.2063678781187069,monotone_isotonic
D04,231.0,0.2073673394621461,monotone_isotonic
D04,232.0,0.2073673394621461,monotone_isotonic
D04,233.0,0.2073673394621461,monotone_isotonic
D04,234.0,0.2073673394621461,monotone_isotonic
D04,235.0,0.2073673394621461,monotone_isotonic
D04,236.0,0.2073673394621461,monotone_isotonic
D04,237.0,0.2073673394621461,monotone_isotonic
D04,238.0,0.2073673394621461,monotone_isotonic
D04,239.0,0.2073673394621461,monotone_isotonic
D04,240.0,0.2073673394621461,monotone_isotonic
D04,241.0,0.2073673394621461,monotone_isotonic
D04,242.0,0.2073673394621461,monotone_isotonic
D04,243.0,0.2073673394621461,monotone_isotonic
D04,244.0,0.2073673394621461,monotone_isotonic
D04,245.0,0.2073673394621461,monotone_isotonic
D04,246.0,0.2073673394621461,monotone_isotonic
D04,247.0,0.2073673394621461,monotone_isotonic
D04,248.0,0.2073673394621461,monotone_isotonic
D04,249.0,0.2073673394621461,monotone_isotonic
D04,250.0,0.2073673394621461,monotone_isotonic
D04,251.0,0.2073673394621461,monotone_isotonic
D04,252.0,0.2073673394621461,monotone_isotonic
D04,253.0,0.2073673394621461,monotone_isotonic
D04,254.0,0.2073673394621461,monotone_isotonic
D04,255.0,0.2073673394621461,monotone_isotonic
D04,256.0,0.2073673394621461,monotone_isotonic
D04,257.0,0.2073673394621461,monotone_isotonic
D04,258.0,0.2073673394621461,monotone_isotonic
D04,259.0,0.2073673394621461,monotone_isotonic
D04,260.0,0.2073673394621461,monotone_isotonic
D04,261.0,0.2073673394621461,monotone_isotonic
D04,262.0,0.2073673394621461,monotone_isotonic
D04,263.0,0.2073673394621461,monotone_isotonic
D04,264.0,0.2073673394621461,monotone_isotonic
D04,265.0,0.2073673394621461,monotone_isotonic
D04,266.0,0.2073673394621461,monotone_isotonic
D04,267.0,0.2073673394621461,monotone_isotonic
D04,268.0,0.2073673394621461,monotone_isotonic
D04,269.0,0.2073673394621461,monotone_isotonic
D04,270.0,0.2073673394621461,monotone_isotonic
D04,271.0,0.2073673394621461,monotone_isotonic
D04,272.0,0.2073673394621461,monotone_isotonic
D04,273.0,0.2073673394621461,monotone_isotonic
D04,274.0,0.2073673394621461,monotone_isotonic
D04,275.0,0.2073673394621461,monotone_isotonic
D04,276.0,0.2073673394621461,monotone_isotonic
D04,277.0,0.2073673394621461,monotone_isotonic
D04,278.0,0.2073673394621461,monotone_isotonic
D04,279.0,0.2073673394621461,monotone_isotonic
D04,280.0,0.2073673394621461,monotone_isotonic
D04,281.0,0.2073673394621461,monotone_isotonic
D04,282.0,0.2073673394621461,monotone_isotonic
D04,283.0,0.2073673394621461,monotone_isotonic
D04,284.0,0.2073673394621461,monotone_isotonic
D04,285.0,0.2073673394621461,monotone_isotonic
D04,286.0,0.2073673394621461,monotone_isotonic
D04,287.0,0.2073673394621461,monotone_isotonic
D04,288.0,0.2073673394621461,monotone_isotonic
D04,289.0,0.2073673394621461,monotone_isotonic
D04,290.0,0.2073673394621461,monotone_isotonic
D04,291.0,0.2073673394621461,monotone_isotonic
D04,292.0,0.2073673394621461,monotone_isotonic
D04,293.0,0.2073673394621461,monotone_isotonic
D04,294.0,0.2073673394621461,monotone_isotonic
D04,295.0,0.2073673394621461,monotone_isotonic
D04,296.0,0.2073673394621461,monotone_isotonic
D04,297.0,0.2073673394621461,monotone_isotonic
D04,298.0,0.2073673394621461,monotone_isotonic
D04,299.0,0.2073673394621461,monotone_isotonic
D04,300.0,0.2073673394621461,monotone_isotonic
D04,301.0,0.2073673394621461,monotone_isotonic
D04,302.0,0.2073673394621461,monotone_isotonic
D04,303.0,0.2073673394621461,monotone_isotonic
D04,304.0,0.2073673394621461,monotone_isotonic
D04,305.0,0.2073673394621461,monotone_isotonic
D04,306.0,0.2073673394621461,monotone_isotonic
D04,307.0,0.2073673394621461,monotone_isotonic
D04,308.0,0.2073673394621461,monotone_isotonic
D04,309.0,0.2073673394621461,monotone_isotonic
D04,310.0,0.2073673394621461,monotone_isotonic
D04,311.0,0.2073673394621461,monotone_isotonic
D04,312.0,0.2073673394621461,monotone_isotonic
D04,313.0,0.2073673394621461,monotone_isotonic
D04,314.0,0.2073673394621461,monotone_isotonic
D04,315.0,0.2073673394621461,monotone_isotonic
D04,316.0,0.2073673394621461,monotone_isotonic
D04,317.0,0.2073673394621461,monotone_isotonic
D04,318.0,0.2073673394621461,monotone_isotonic
D04,319.0,0.2073673394621461,monotone_isotonic
D04,320.0,0.2073673394621461,monotone_isotonic
D04,321.0,0.2073673394621461,monotone_isotonic
D04,322.0,0.2073673394621461,monotone_isotonic
D04,323.0,0.2073673394621461,monotone_isotonic
D04,324.0,0.2073673394621461,monotone_isotonic
D04,325.0,0.2073673394621461,monotone_isotonic
D04,326.0,0.2073673394621461,monotone_isotonic
D04,327.0,0.2073673394621461,monotone_isotonic
D04,328.0,0.2073673394621461,monotone_isotonic
D04,329.0,0.2073673394621461,monotone_isotonic
D04,330.0,0.2073673394621461,monotone_isotonic
D04,331.0,0.2073673394621461,monotone_isotonic
D04,332.0,0.2073673394621461,monotone_isotonic
D04,333.0,0.2073673394621461,monotone_isotonic
D04,334.0,0.2073673394621461,monotone_isotonic
D04,335.0,0.2073673394621461,monotone_isotonic
D04,336.0,0.2073673394621461,monotone_isotonic
D04,337.0,0.2073673394621461,monotone_isotonic
D04,338.0,0.2073673394621461,monotone_isotonic
D04,339.0,0.2073673394621461,monotone_isotonic
D04,340.0,0.2073673394621461,monotone_isotonic
D04,341.0,0.2073673394621461,monotone_isotonic
D04,342.0,0.2073673394621461,monotone_isotonic
D04,343.0,0.2073673394621461,monotone_isotonic
D04,344.0,0.2073673394621461,monotone_isotonic
D04,345.0,0.2073673394621461,monotone_isotonic
D04,346.0,0.2073673394621461,monotone_isotonic
D04,347.0,0.2073673394621461,monotone_isotonic
D04,348.0,0.2073673394621461,monotone_isotonic
D04,349.0,0.2073673394621461,monotone_isotonic
D04,350.0,0.2073673394621461,monotone_isotonic
D04,351.0,0.2073673394621461,monotone_isotonic
D04,352.0,0.2073673394621461,monotone_isotonic
D04,353.0,0.2073673394621461,monotone_isotonic
D04,354.0,0.2073673394621461,monotone_isotonic
D04,355.0,0.2073673394621461,monotone_isotonic
D04,356.0,0.2073673394621461,monotone_isotonic
D04,357.0,0.2073673394621461,monotone_isotonic
D04,358.0,0.2073673394621461,monotone_isotonic
D04,359.0,0.2073673394621461,monotone_isotonic
D04,360.0,0.2073673394621461,monotone_isotonic
D04,361.0,0.2073673394621461,monotone_isotonic
D04,362.0,0.2073673394621461,monotone_isotonic
D04,363.0,0.2073673394621461,monotone_isotonic
D04,364.0,0.2073673394621461,monotone_isotonic
D04,365.0,0.2073673394621461,monotone_isotonic
D05,0.0,0.2303124499005,monotone_isotonic
D05,1.0,0.2303124499005,monotone_isotonic
D05,2.0,0.2303124499005,monotone_isotonic
D05,3.0,0.2303124499005,monotone_isotonic
D05,4.0,0.2303124499005,monotone_isotonic
D05,5.0,0.2303124499005,monotone_isotonic
D05,6.0,0.2303124499005,monotone_isotonic
D05,7.0,0.2303124499005,monotone_isotonic
D05,8.0,0.2303124499005,monotone_isotonic
D05,9.0,0.2303124499005,monotone_isotonic
D05,10.0,0.2303124499005,monotone_isotonic
D05,11.0,0.2303124499005,monotone_isotonic
D05,12.0,0.2303124499005,monotone_isotonic
D05,13.0,0.2303124499005,monotone_isotonic
D05,14.0,0.2303124499005,monotone_isotonic
D05,15.0,0.2303124499005,monotone_isotonic
D05,16.0,0.2303124499005,monotone_isotonic
D05,17.0,0.2303124499005,monotone_isotonic
D05,18.0,0.2303124499005,monotone_isotonic
D05,19.0,0.2303124499005,monotone_isotonic
D05,20.0,0.2303124499005,monotone_isotonic
D05,21.0,0.2303124499005,monotone_isotonic
D05,22.0,0.2303124499005,monotone_isotonic
D05,23.0,0.2303124499005,monotone_isotonic
D05,24.0,0.2303124499005,monotone_isotonic
D05,25.0,0.2303124499005,monotone_isotonic
D05,26.0,0.2303124499005,monotone_isotonic
D05,27.0,0.2303124499005,monotone_isotonic
D05,28.0,0.2303124499005,monotone_isotonic
D05,29.0,0.2303124499005,monotone_isotonic
D05,30.0,0.2303124499005,monotone_isotonic
D05,31.0,0.2303124499005,monotone_isotonic
D05,32.0,0.2303124499005,monotone_isotonic
D05,33.0,0.2303124499005,monotone_isotonic
D05,34.0,0.2303124499005,monotone_isotonic
D05,35.0,0.2303124499005,monotone_isotonic
D05,36.0,0.2303124499005,monotone_isotonic
D05,37.0,0.2303124499005,monotone_isotonic
D05,38.0,0.2303124499005,monotone_isotonic
D05,39.0,0.2303124499005,monotone_isotonic
D05,40.0,0.2303124499005,monotone_isotonic
D05,41.0,0.2303124499005,monotone_isotonic
D05,42.0,0.2303124499005,monotone_isotonic
D05,43.0,0.2303124499005,monotone_isotonic
D05,44.0,0.2303124499005,monotone_isotonic
D05,45.0,0.2303124499005,monotone_isotonic
D05,46.0,0.2303124499005,monotone_isotonic
D05,47.0,0.2303124499005,monotone_isotonic
D05,48.0,0.2303124499005,monotone_isotonic
D05,49.0,0.2303124499005,monotone_isotonic
D05,50.0,0.2303124499005,monotone_isotonic
D05,51.0,0.2303124499005,monotone_isotonic
D05,52.0,0.2303124499005,monotone_isotonic
D05,53.0,0.2303124499005,monotone_isotonic
D05,54.0,0.2303124499005,monotone_isotonic
D05,55.0,0.2303124499005,monotone_isotonic
D05,56.0,0.2303124499005,monotone_isotonic
D05,57.0,0.2303124499005,monotone_isotonic
D05,58.0,0.2303124499005,monotone_isotonic
D05,59.0,0.2303124499005,monotone_isotonic
D05,60.0,0.2303124499005,monotone_isotonic
D05,61.0,0.2303124499005,monotone_isotonic
D05,62.0,0.2303124499005,monotone_isotonic
D05,63.0,0.2303124499005,monotone_isotonic
D05,64.0,0.2303124499005,monotone_isotonic
D05,65.0,0.2303124499005,monotone_isotonic
D05,66.0,0.2303124499005,monotone_isotonic
D05,67.0,0.2303124499005,monotone_isotonic
D05,68.0,0.2303124499005,monotone_isotonic
D05,69.0,0.2303124499005,monotone_isotonic
D05,70.0,0.2303124499005,monotone_isotonic
D05,71.0,0.2303124499005,monotone_isotonic
D05,72.0,0.2303124499005,monotone_isotonic
D05,73.0,0.2303124499005,monotone_isotonic
D05,74.0,0.2303124499005,monotone_isotonic
D05,75.0,0.2303124499005,monotone_isotonic
D05,76.0,0.2303124499005,monotone_isotonic
D05,77.0,0.2303124499005,monotone_isotonic
D05,78.0,0.2303124499005,monotone_isotonic
D05,79.0,0.2303124499005,monotone_isotonic
D05,80.0,0.2303124499005,monotone_isotonic
D05,81.0,0.2303124499005,monotone_isotonic
D05,82.0,0.2303124499005,monotone_isotonic
D05,83.0,0.2303124499005,monotone_isotonic
D05,84.0,0.2303124499005,monotone_isotonic
D05,85.0,0.2303124499005,monotone_isotonic
D05,86.0,0.2303124499005,monotone_isotonic
D05,87.0,0.2303124499005,monotone_isotonic
D05,88.0,0.2303124499005,monotone_isotonic
D05,89.0,0.2303124499005,monotone_isotonic
D05,90.0,0.2303124499005,monotone_isotonic
D05,91.0,0.2303124499005,monotone_isotonic
D05,92.0,0.2303124499005,monotone_isotonic
D05,93.0,0.2303124499005,monotone_isotonic
D05,94.0,0.2303124499005,monotone_isotonic
D05,95.0,0.2303124499005,monotone_isotonic
D05,96.0,0.2303124499005,monotone_isotonic
D05,97.0,0.2303124499005,monotone_isotonic
D05,98.0,0.2303124499005,monotone_isotonic
D05,99.0,0.2303124499005,monotone_isotonic
D05,100.0,0.2303124499005,monotone_isotonic
D05,101.0,0.2303124499005,monotone_isotonic
D05,102.0,0.2303124499005,monotone_isotonic
D05,103.0,0.2303124499005,monotone_isotonic
D05,104.0,0.2303124499005,monotone_isotonic
D05,105.0,0.2303124499005,monotone_isotonic
D05,106.0,0.2303124499005,monotone_isotonic
D05,107.0,0.2303124499005,monotone_isotonic
D05,108.0,0.2303124499005,monotone_isotonic
D05,109.0,0.2303124499005,monotone_isotonic
D05,110.0,0.2303124499005,monotone_isotonic
D05,111.0,0.2303124499005,monotone_isotonic
D05,112.0,0.2303124499005,monotone_isotonic
D05,113.0,0.2303124499005,monotone_isotonic
D05,114.0,0.2303124499005,monotone_isotonic
D05,115.0,0.2303124499005,monotone_isotonic
D05,116.0,0.2303124499005,monotone_isotonic
D05,117.0,0.2303124499005,monotone_isotonic
D05,118.0,0.2303124499005,monotone_isotonic
D05,119.0,0.2303124499005,monotone_isotonic
D05,120.0,0.2303124499005,monotone_isotonic
D05,121.0,0.2303124499005,monotone_isotonic
D05,122.0,0.2303124499005,monotone_isotonic
D05,123.0,0.2303124499005,monotone_isotonic
D05,124.0,0.2303124499005,monotone_isotonic
D05,125.0,0.2303124499005,monotone_isotonic
D05,126.0,0.2303124499005,monotone_isotonic
D05,127.0,0.2303124499005,monotone_isotonic
D05,128.0,0.2303124499005,monotone_isotonic
D05,129.0,0.2303124499005,monotone_isotonic
D05,130.0,0.2303124499005,monotone_isotonic
D05,131.0,0.2303124499005,monotone_isotonic
D05,132.0,0.2303124499005,monotone_isotonic
D05,133.0,0.2303124499005,monotone_isotonic
D05,134.0,0.2303124499005,monotone_isotonic
D05,135.0,0.2303124499005,monotone_isotonic
D05,136.0,0.2303124499005,monotone_isotonic
D05,137.0,0.2303124499005,monotone_isotonic
D05,138.0,0.2303124499005,monotone_isotonic
D05,139.0,0.2303124499005,monotone_isotonic
D05,140.0,0.2303124499005,monotone_isotonic
D05,141.0,0.2303124499005,monotone_isotonic
D05,142.0,0.2303124499005,monotone_isotonic
D05,143.0,0.2303124499005,monotone_isotonic
D05,144.0,0.2303124499005,monotone_isotonic
D05,145.0,0.2303124499005,monotone_isotonic
D05,146.0,0.2303124499005,monotone_isotonic
D05,147.0,0.2303124499005,monotone_isotonic
D05,148.0,0.2303124499005,monotone_isotonic
D05,149.0,0.2303124499005,monotone_isotonic
D05,150.0,0.2303124499005,monotone_isotonic
D05,151.0,0.2303124499005,monotone_isotonic
D05,152.0,0.2303124499005,monotone_isotonic
D05,153.0,0.2303124499005,monotone_isotonic
D05,154.0,0.2303124499005,monotone_isotonic
D05,155.0,0.2303124499005,monotone_isotonic
D05,156.0,0.2303124499005,monotone_isotonic
D05,157.0,0.2303124499005,monotone_isotonic
D05,158.0,0.2303124499005,monotone_isotonic
D05,159.0,0.2303124499005,monotone_isotonic
D05,160.0,0.2303124499005,monotone_isotonic
D05,161.0,0.2303124499005,monotone_isotonic
D05,162.0,0.2303124499005,monotone_isotonic
D05,163.0,0.2303124499005,monotone_isotonic
D05,164.0,0.2303124499005,monotone_isotonic
D05,165.0,0.2303124499005001,monotone_isotonic
D05,166.0,0.2303124499005001,monotone_isotonic
D05,167.0,0.2303124499005001,monotone_isotonic
D05,168.0,0.2303124499005001,monotone_isotonic
D05,169.0,0.2303124499005001,monotone_isotonic
D05,170.0,0.2303124499005001,monotone_isotonic
D05,171.0,0.2303124499005001,monotone_isotonic
D05,172.0,0.2303124499005001,monotone_isotonic
D05,173.0,0.2303124499005001,monotone_isotonic
D05,174.0,0.2303124499005001,monotone_isotonic
D05,175.0,0.2303124499005001,monotone_isotonic
D05,176.0,0.2303124499005001,monotone_isotonic
D05,177.0,0.2303124499005001,monotone_isotonic
D05,178.0,0.2303124499005001,monotone_isotonic
D05,179.0,0.2303124499005001,monotone_isotonic
D05,180.0,0.2303124499005001,monotone_isotonic
D05,181.0,0.2303124499005001,monotone_isotonic
D05,182.0,0.2303124499005001,monotone_isotonic
D05,183.0,0.2303124499005001,monotone_isotonic
D05,184.0,0.2303124499005001,monotone_isotonic
D05,185.0,0.2303124499005001,monotone_isotonic
D05,186.0,0.2303124499005001,monotone_isotonic
D05,187.0,0.2303124499005001,monotone_isotonic
D05,188.0,0.2303124499005001,monotone_isotonic
D05,189.0,0.2303124499005001,monotone_isotonic
D05,190.0,0.2303124499005001,monotone_isotonic
D05,191.0,0.2303124499005001,monotone_isotonic
D05,192.0,0.2303124499005001,monotone_isotonic
D05,193.0,0.2303124499005001,monotone_isotonic
D05,194.0,0.2303124499005001,monotone_isotonic
D05,195.0,0.2303124499005001,monotone_isotonic
D05,196.0,0.2303124499005001,monotone_isotonic
D05,197.0,0.2303124499005001,monotone_isotonic
D05,198.0,0.2303124499005001,monotone_isotonic
D05,199.0,0.2303124499005001,monotone_isotonic
D05,200.0,0.2303124499005001,monotone_isotonic
D05,201.0,0.2303124499005001,monotone_isotonic
D05,202.0,0.2303124499005001,monotone_isotonic
D05,203.0,0.2303124499005001,monotone_isotonic
D05,204.0,0.2303124499005001,monotone_isotonic
D05,205.0,0.2303124499005001,monotone_isotonic
D05,206.0,0.2303124499005001,monotone_isotonic
D05,207.0,0.2303124499005001,monotone_isotonic
D05,208.0,0.2303124499005001,monotone_isotonic
D05,209.0,0.2303124499005001,monotone_isotonic
D05,210.0,0.2303124499005001,monotone_isotonic
D05,211.0,0.2308582707592344,monotone_isotonic
D05,212.0,0.2314040916179687,monotone_isotonic
D05,213.0,0.231949912476703,monotone_isotonic
D05,214.0,0.2324957333354373,monotone_isotonic
D05,215.0,0.2330415541941716,monotone_isotonic
D05,216.0,0.2335873750529059,monotone_isotonic
D05,217.0,0.2341331959116402,monotone_isotonic
D05,218.0,0.2346790167703745,monotone_isotonic
D05,219.0,0.2352248376291088,monotone_isotonic
D05,220.0,0.2357706584878431,monotone_isotonic
D05,221.0,0.2363164793465775,monotone_isotonic
D05,222.0,0.2368623002053118,monotone_isotonic
D05,223.0,0.2374081210640461,monotone_isotonic
D05,224.0,0.2379539419227804,monotone_isotonic
D05,225.0,0.2384997627815147,monotone_isotonic
D05,226.0,0.239045583640249,monotone_isotonic
D05,227.0,0.2395914044989833,monotone_isotonic
D05,228.0,0.2401372253577176,monotone_isotonic
D05,229.0,0.2406830462164519,monotone_isotonic
D05,230.0,0.2412288670751863,monotone_isotonic
D05,231.0,0.2417746879339206,monotone_isotonic
D05,232.0,0.2417746879339206,monotone_isotonic
D05,233.0,0.2417746879339206,monotone_isotonic
D05,234.0,0.2417746879339206,monotone_isotonic
D05,235.0,0.2417746879339206,monotone_isotonic
D05,236.0,0.2417746879339206,monotone_isotonic
D05,237.0,0.2417746879339206,monotone_isotonic
D05,238.0,0.2417746879339206,monotone_isotonic
D05,239.0,0.2417746879339206,monotone_isotonic
D05,240.0,0.2417746879339206,monotone_isotonic
D05,241.0,0.2417746879339206,monotone_isotonic
D05,242.0,0.2417746879339206,monotone_isotonic
D05,243.0,0.2417746879339206,monotone_isotonic
D05,244.0,0.2417746879339206,monotone_isotonic
D05,245.0,0.2417746879339206,monotone_isotonic
D05,246.0,0.2417746879339206,monotone_isotonic
D05,247.0,0.2417746879339206,monotone_isotonic
D05,248.0,0.2417746879339206,monotone_isotonic
D05,249.0,0.2417746879339206,monotone_isotonic
D05,250.0,0.2417746879339206,monotone_isotonic
D05,251.0,0.2417746879339206,monotone_isotonic
D05,252.0,0.2417746879339206,monotone_isotonic
D05,253.0,0.2417746879339206,monotone_isotonic
D05,254.0,0.2417746879339206,monotone_isotonic
D05,255.0,0.2417746879339206,monotone_isotonic
D05,256.0,0.2417746879339206,monotone_isotonic
D05,257.0,0.2417746879339206,monotone_isotonic
D05,258.0,0.2417746879339206,monotone_isotonic
D05,259.0,0.2417746879339206,monotone_isotonic
D05,260.0,0.2417746879339206,monotone_isotonic
D05,261.0,0.2417746879339206,monotone_isotonic
D05,262.0,0.2417746879339206,monotone_isotonic
D05,263.0,0.2417746879339206,monotone_isotonic
D05,264.0,0.2417746879339206,monotone_isotonic
D05,265.0,0.2417746879339206,monotone_isotonic
D05,266.0,0.2417746879339206,monotone_isotonic
D05,267.0,0.2417746879339206,monotone_isotonic
D05,268.0,0.2417746879339206,monotone_isotonic
D05,269.0,0.2417746879339206,monotone_isotonic
D05,270.0,0.2417746879339206,monotone_isotonic
D05,271.0,0.2417746879339206,monotone_isotonic
D05,272.0,0.2417746879339206,monotone_isotonic
D05,273.0,0.2417746879339206,monotone_isotonic
D05,274.0,0.2417746879339206,monotone_isotonic
D05,275.0,0.2417746879339206,monotone_isotonic
D05,276.0,0.2417746879339206,monotone_isotonic
D05,277.0,0.2417746879339206,monotone_isotonic
D05,278.0,0.2417746879339206,monotone_isotonic
D05,279.0,0.2417746879339206,monotone_isotonic
D05,280.0,0.2417746879339206,monotone_isotonic
D05,281.0,0.2417746879339206,monotone_isotonic
D05,282.0,0.2417746879339206,monotone_isotonic
D05,283.0,0.2417746879339206,monotone_isotonic
D05,284.0,0.2417746879339206,monotone_isotonic
D05,285.0,0.2417746879339206,monotone_isotonic
D05,286.0,0.2417746879339206,monotone_isotonic
D05,287.0,0.2417746879339206,monotone_isotonic
D05,288.0,0.2417746879339206,monotone_isotonic
D05,289.0,0.2417746879339206,monotone_isotonic
D05,290.0,0.2417746879339206,monotone_isotonic
D05,291.0,0.2417746879339206,monotone_isotonic
D05,292.0,0.2417746879339206,monotone_isotonic
D05,293.0,0.2417746879339206,monotone_isotonic
D05,294.0,0.2417746879339206,monotone_isotonic
D05,295.0,0.2417746879339206,monotone_isotonic
D05,296.0,0.2417746879339206,monotone_isotonic
D05,297.0,0.2417746879339206,monotone_isotonic
D05,298.0,0.2417746879339206,monotone_isotonic
D05,299.0,0.2417746879339206,monotone_isotonic
D05,300.0,0.2417746879339206,monotone_isotonic
D05,301.0,0.2417746879339206,monotone_isotonic
D05,302.0,0.2417746879339206,monotone_isotonic
D05,303.0,0.2417746879339206,monotone_isotonic
D05,304.0,0.2417746879339206,monotone_isotonic
D05,305.0,0.2417746879339206,monotone_isotonic
D05,306.0,0.2417746879339206,monotone_isotonic
D05,307.0,0.2417746879339206,monotone_isotonic
D05,308.0,0.2417746879339206,monotone_isotonic
D05,309.0,0.2417746879339206,monotone_isotonic
D05,310.0,0.2417746879339206,monotone_isotonic
D05,311.0,0.2417746879339206,monotone_isotonic
D05,312.0,0.2417746879339206,monotone_isotonic
D05,313.0,0.2417746879339206,monotone_isotonic
D05,314.0,0.2417746879339206,monotone_isotonic
D05,315.0,0.2417746879339206,monotone_isotonic
D05,316.0,0.2417746879339206,monotone_isotonic
D05,317.0,0.2417746879339206,monotone_isotonic
D05,318.0,0.2417746879339206,monotone_isotonic
D05,319.0,0.2417746879339206,monotone_isotonic
D05,320.0,0.2417746879339206,monotone_isotonic
D05,321.0,0.2417746879339206,monotone_isotonic
D05,322.0,0.2417746879339206,monotone_isotonic
D05,323.0,0.2417746879339206,monotone_isotonic
D05,324.0,0.2417746879339206,monotone_isotonic
D05,325.0,0.2417746879339206,monotone_isotonic
D05,326.0,0.2417746879339206,monotone_isotonic
D05,327.0,0.2417746879339206,monotone_isotonic
D05,328.0,0.2417746879339206,monotone_isotonic
D05,329.0,0.2417746879339206,monotone_isotonic
D05,330.0,0.2417746879339206,monotone_isotonic
D05,331.0,0.2417746879339206,monotone_isotonic
D05,332.0,0.2417746879339206,monotone_isotonic
D05,333.0,0.2417746879339206,monotone_isotonic
D05,334.0,0.2417746879339206,monotone_isotonic
D05,335.0,0.2417746879339206,monotone_isotonic
D05,336.0,0.2417746879339206,monotone_isotonic
D05,337.0,0.2417746879339206,monotone_isotonic
D05,338.0,0.2417746879339206,monotone_isotonic
D05,339.0,0.2417746879339206,monotone_isotonic
D05,340.0,0.2417746879339206,monotone_isotonic
D05,341.0,0.2417746879339206,monotone_isotonic
D05,342.0,0.2417746879339206,monotone_isotonic
D05,343.0,0.2417746879339206,monotone_isotonic
D05,344.0,0.2417746879339206,monotone_isotonic
D05,345.0,0.2417746879339206,monotone_isotonic
D05,346.0,0.2417746879339206,monotone_isotonic
D05,347.0,0.2417746879339206,monotone_isotonic
D05,348.0,0.2417746879339206,monotone_isotonic
D05,349.0,0.2417746879339206,monotone_isotonic
D05,350.0,0.2417746879339206,monotone_isotonic
D05,351.0,0.2417746879339206,monotone_isotonic
D05,352.0,0.2417746879339206,monotone_isotonic
D05,353.0,0.2417746879339206,monotone_isotonic
D05,354.0,0.2417746879339206,monotone_isotonic
D05,355.0,0.2417746879339206,monotone_isotonic
D05,356.0,0.2417746879339206,monotone_isotonic
D05,357.0,0.2417746879339206,monotone_isotonic
D05,358.0,0.2417746879339206,monotone_isotonic
D05,359.0,0.2417746879339206,monotone_isotonic
D05,360.0,0.2417746879339206,monotone_isotonic
D05,361.0,0.2417746879339206,monotone_isotonic
D05,362.0,0.2417746879339206,monotone_isotonic
D05,363.0,0.2417746879339206,monotone_isotonic
D05,364.0,0.2417746879339206,monotone_isotonic
D05,365.0,0.2417746879339206,monotone_isotonic
D06,0.0,0.2105627764026494,monotone_isotonic
D06,1.0,0.2105627764026494,monotone_isotonic
D06,2.0,0.2105627764026494,monotone_isotonic
D06,3.0,0.2105627764026494,monotone_isotonic
D06,4.0,0.2105627764026494,monotone_isotonic
D06,5.0,0.2105627764026494,monotone_isotonic
D06,6.0,0.2105627764026494,monotone_isotonic
D06,7.0,0.2105627764026494,monotone_isotonic
D06,8.0,0.2105627764026494,monotone_isotonic
D06,9.0,0.2105627764026494,monotone_isotonic
D06,10.0,0.2105627764026494,monotone_isotonic
D06,11.0,0.2105627764026494,monotone_isotonic
D06,12.0,0.2105627764026494,monotone_isotonic
D06,13.0,0.2105627764026494,monotone_isotonic
D06,14.0,0.2105627764026494,monotone_isotonic
D06,15.0,0.2105627764026494,monotone_isotonic
D06,16.0,0.2105627764026494,monotone_isotonic
D06,17.0,0.2105627764026494,monotone_isotonic
D06,18.0,0.2105627764026494,monotone_isotonic
D06,19.0,0.2105627764026494,monotone_isotonic
D06,20.0,0.2105627764026494,monotone_isotonic
D06,21.0,0.2105627764026494,monotone_isotonic
D06,22.0,0.2105627764026494,monotone_isotonic
D06,23.0,0.2105627764026494,monotone_isotonic
D06,24.0,0.2105627764026494,monotone_isotonic
D06,25.0,0.2105627764026494,monotone_isotonic
D06,26.0,0.2105627764026494,monotone_isotonic
D06,27.0,0.2105627764026494,monotone_isotonic
D06,28.0,0.2105627764026494,monotone_isotonic
D06,29.0,0.2105627764026494,monotone_isotonic
D06,30.0,0.2105627764026494,monotone_isotonic
D06,31.0,0.2105627764026494,monotone_isotonic
D06,32.0,0.2105627764026494,monotone_isotonic
D06,33.0,0.2105627764026494,monotone_isotonic
D06,34.0,0.2105627764026494,monotone_isotonic
D06,35.0,0.2105627764026494,monotone_isotonic
D06,36.0,0.2105627764026494,monotone_isotonic
D06,37.0,0.2105627764026494,monotone_isotonic
D06,38.0,0.2105627764026494,monotone_isotonic
D06,39.0,0.2105627764026494,monotone_isotonic
D06,40.0,0.2105627764026494,monotone_isotonic
D06,41.0,0.2105627764026494,monotone_isotonic
D06,42.0,0.2105627764026494,monotone_isotonic
D06,43.0,0.2105627764026494,monotone_isotonic
D06,44.0,0.2105627764026494,monotone_isotonic
D06,45.0,0.2105627764026494,monotone_isotonic
D06,46.0,0.2105627764026494,monotone_isotonic
D06,47.0,0.2105627764026494,monotone_isotonic
D06,48.0,0.2105627764026494,monotone_isotonic
D06,49.0,0.2105627764026494,monotone_isotonic
D06,50.0,0.2105627764026494,monotone_isotonic
D06,51.0,0.2105627764026494,monotone_isotonic
D06,52.0,0.2105627764026494,monotone_isotonic
D06,53.0,0.2105627764026494,monotone_isotonic
D06,54.0,0.2105627764026494,monotone_isotonic
D06,55.0,0.2105627764026494,monotone_isotonic
D06,56.0,0.2105627764026494,monotone_isotonic
D06,57.0,0.2105627764026494,monotone_isotonic
D06,58.0,0.2105627764026494,monotone_isotonic
D06,59.0,0.2105627764026494,monotone_isotonic
D06,60.0,0.2105627764026494,monotone_isotonic
D06,61.0,0.2105627764026494,monotone_isotonic
D06,62.0,0.2105627764026494,monotone_isotonic
D06,63.0,0.2105627764026494,monotone_isotonic
D06,64.0,0.2105627764026494,monotone_isotonic
D06,65.0,0.2105627764026494,monotone_isotonic
D06,66.0,0.2105627764026494,monotone_isotonic
D06,67.0,0.2105627764026494,monotone_isotonic
D06,68.0,0.2105627764026494,monotone_isotonic
D06,69.0,0.2105627764026494,monotone_isotonic
D06,70.0,0.2105627764026494,monotone_isotonic
D06,71.0,0.2105627764026494,monotone_isotonic
D06,72.0,0.2105627764026494,monotone_isotonic
D06,73.0,0.2105627764026494,monotone_isotonic
D06,74.0,0.2105627764026494,monotone_isotonic
D06,75.0,0.2105627764026494,monotone_isotonic
D06,76.0,0.2105627764026494,monotone_isotonic
D06,77.0,0.2105627764026494,monotone_isotonic
D06,78.0,0.2105627764026494,monotone_isotonic
D06,79.0,0.2105627764026494,monotone_isotonic
D06,80.0,0.2105627764026494,monotone_isotonic
D06,81.0,0.2105627764026494,monotone_isotonic
D06,82.0,0.2105627764026494,monotone_isotonic
D06,83.0,0.2105627764026494,monotone_isotonic
D06,84.0,0.2105627764026494,monotone_isotonic
D06,85.0,0.2105627764026494,monotone_isotonic
D06,86.0,0.2105627764026494,monotone_isotonic
D06,87.0,0.2105627764026494,monotone_isotonic
D06,88.0,0.2105627764026494,monotone_isotonic
D06,89.0,0.2105627764026494,monotone_isotonic
D06,90.0,0.2105627764026494,monotone_isotonic
D06,91.0,0.2105627764026494,monotone_isotonic
D06,92.0,0.2105627764026494,monotone_isotonic
D06,93.0,0.2105627764026494,monotone_isotonic
D06,94.0,0.2105627764026494,monotone_isotonic
D06,95.0,0.2105627764026494,monotone_isotonic
D06,96.0,0.2105627764026494,monotone_isotonic
D06,97.0,0.2105627764026494,monotone_isotonic
D06,98.0,0.2105627764026494,monotone_isotonic
D06,99.0,0.2105627764026494,monotone_isotonic
D06,100.0,0.2105627764026494,monotone_isotonic
D06,101.0,0.2105627764026494,monotone_isotonic
D06,102.0,0.2105627764026494,monotone_isotonic
D06,103.0,0.2105627764026494,monotone_isotonic
D06,104.0,0.2105627764026494,monotone_isotonic
D06,105.0,0.2105627764026494,monotone_isotonic
D06,106.0,0.2105627764026494,monotone_isotonic
D06,107.0,0.2105627764026494,monotone_isotonic
D06,108.0,0.2105627764026494,monotone_isotonic
D06,109.0,0.2105627764026494,monotone_isotonic
D06,110.0,0.2105627764026494,monotone_isotonic
D06,111.0,0.2105627764026494,monotone_isotonic
D06,112.0,0.2105627764026494,monotone_isotonic
D06,113.0,0.2105627764026494,monotone_isotonic
D06,114.0,0.2105627764026494,monotone_isotonic
D06,115.0,0.2105627764026494,monotone_isotonic
D06,116.0,0.2105627764026494,monotone_isotonic
D06,117.0,0.2105627764026494,monotone_isotonic
D06,118.0,0.2105627764026494,monotone_isotonic
D06,119.0,0.2105627764026494,monotone_isotonic
D06,120.0,0.2105627764026494,monotone_isotonic
D06,121.0,0.2105627764026494,monotone_isotonic
D06,122.0,0.2105627764026494,monotone_isotonic
D06,123.0,0.2105627764026494,monotone_isotonic
D06,124.0,0.2105627764026494,monotone_isotonic
D06,125.0,0.2105627764026494,monotone_isotonic
D06,126.0,0.2105627764026494,monotone_isotonic
D06,127.0,0.2105627764026494,monotone_isotonic
D06,128.0,0.2105627764026494,monotone_isotonic
D06,129.0,0.2105627764026494,monotone_isotonic
D06,130.0,0.2105627764026494,monotone_isotonic
D06,131.0,0.2105627764026494,monotone_isotonic
D06,132.0,0.2105627764026494,monotone_isotonic
D06,133.0,0.2105627764026494,monotone_isotonic
D06,134.0,0.2105627764026494,monotone_isotonic
D06,135.0,0.2105627764026494,monotone_isotonic
D06,136.0,0.2105627764026494,monotone_isotonic
D06,137.0,0.2105627764026494,monotone_isotonic
D06,138.0,0.2105627764026494,monotone_isotonic
D06,139.0,0.2105627764026494,monotone_isotonic
D06,140.0,0.2105627764026494,monotone_isotonic
D06,141.0,0.2105627764026494,monotone_isotonic
D06,142.0,0.2105627764026494,monotone_isotonic
D06,143.0,0.2105627764026494,monotone_isotonic
D06,144.0,0.2105627764026494,monotone_isotonic
D06,145.0,0.2105627764026494,monotone_isotonic
D06,146.0,0.2105627764026494,monotone_isotonic
D06,147.0,0.2105627764026494,monotone_isotonic
D06,148.0,0.2105627764026494,monotone_isotonic
D06,149.0,0.2105627764026494,monotone_isotonic
D06,150.0,0.2105627764026494,monotone_isotonic
D06,151.0,0.2105627764026494,monotone_isotonic
D06,152.0,0.2105627764026494,monotone_isotonic
D06,153.0,0.2105627764026494,monotone_isotonic
D06,154.0,0.2105627764026494,monotone_isotonic
D06,155.0,0.2105627764026494,monotone_isotonic
D06,156.0,0.2105627764026494,monotone_isotonic
D06,157.0,0.2105627764026494,monotone_isotonic
D06,158.0,0.2105627764026494,monotone_isotonic
D06,159.0,0.2105627764026494,monotone_isotonic
D06,160.0,0.2105627764026494,monotone_isotonic
D06,161.0,0.2105627764026494,monotone_isotonic
D06,162.0,0.2105627764026494,monotone_isotonic
D06,163.0,0.2105627764026494,monotone_isotonic
D06,164.0,0.2105627764026494,monotone_isotonic
D06,165.0,0.2105627764026494,monotone_isotonic
D06,166.0,0.2105627764026494,monotone_isotonic
D06,167.0,0.2105627764026494,monotone_isotonic
D06,168.0,0.2105627764026494,monotone_isotonic
D06,169.0,0.2105627764026494,monotone_isotonic
D06,170.0,0.2105627764026494,monotone_isotonic
D06,171.0,0.2105627764026494,monotone_isotonic
D06,172.0,0.2105627764026494,monotone_isotonic
D06,173.0,0.2105627764026494,monotone_isotonic
D06,174.0,0.2105627764026494,monotone_isotonic
D06,175.0,0.2105627764026494,monotone_isotonic
D06,176.0,0.2105627764026494,monotone_isotonic
D06,177.0,0.2105627764026494,monotone_isotonic
D06,178.0,0.2105627764026494,monotone_isotonic
D06,179.0,0.2105627764026494,monotone_isotonic
D06,180.0,0.2105627764026494,monotone_isotonic
D06,181.0,0.2105627764026494,monotone_isotonic
D06,182.0,0.2105627764026494,monotone_isotonic
D06,183.0,0.2105627764026494,monotone_isotonic
D06,184.0,0.2105627764026494,monotone_isotonic
D06,185.0,0.2105627764026494,monotone_isotonic
D06,186.0,0.2105627764026494,monotone_isotonic
D06,187.0,0.2105627764026494,monotone_isotonic
D06,188.0,0.2105627764026494,monotone_isotonic
D06,189.0,0.2105627764026494,monotone_isotonic
D06,190.0,0.2105627764026495,monotone_isotonic
D06,191.0,0.2105627764026495,monotone_isotonic
D06,192.0,0.2105627764026495,monotone_isotonic
D06,193.0,0.2105627764026495,monotone_isotonic
D06,194.0,0.2105627764026495,monotone_isotonic
D06,195.0,0.2105627764026495,monotone_isotonic
D06,196.0,0.2105627764026495,monotone_isotonic
D06,197.0,0.2105627764026495,monotone_isotonic
D06,198.0,0.2105627764026495,monotone_isotonic
D06,199.0,0.2105627764026495,monotone_isotonic
D06,200.0,0.2105627764026495,monotone_isotonic
D06,201.0,0.2105627764026495,monotone_isotonic
D06,202.0,0.2105627764026495,monotone_isotonic
D06,203.0,0.2105627764026495,monotone_isotonic
D06,204.0,0.2105627764026495,monotone_isotonic
D06,205.0,0.2105627764026495,monotone_isotonic
D06,206.0,0.2105627764026495,monotone_isotonic
D06,207.0,0.2105627764026495,monotone_isotonic
D06,208.0,0.2105627764026495,monotone_isotonic
D06,209.0,0.2105627764026495,monotone_isotonic
D06,210.0,0.2105627764026495,monotone_isotonic
D06,211.0,0.2111143466974863,monotone_isotonic
D06,212.0,0.2116659169923232,monotone_isotonic
D06,213.0,0.21221748728716,monotone_isotonic
D06,214.0,0.2127690575819969,monotone_isotonic
D06,215.0,0.2133206278768337,monotone_isotonic
D06,216.0,0.2138721981716706,monotone_isotonic
D06,217.0,0.2144237684665074,monotone_isotonic
D06,218.0,0.2149753387613443,monotone_isotonic
D06,219.0,0.2155269090561812,monotone_isotonic
D06,220.0,0.216078479351018,monotone_isotonic
D06,221.0,0.2166300496458549,monotone_isotonic
D06,222.0,0.2171816199406917,monotone_isotonic
D06,223.0,0.2177331902355286,monotone_isotonic
D06,224.0,0.2182847605303655,monotone_isotonic
D06,225.0,0.2188363308252023,monotone_isotonic
D06,226.0,0.2193879011200392,monotone_isotonic
D06,227.0,0.219939471414876,monotone_isotonic
D06,228.0,0.2204910417097129,monotone_isotonic
D06,229.0,0.2210426120045497,monotone_isotonic
D06,230.0,0.2215941822993866,monotone_isotonic
D06,231.0,0.2221457525942234,monotone_isotonic
D06,232.0,0.2221457525942234,monotone_isotonic
D06,233.0,0.2221457525942234,monotone_isotonic
D06,234.0,0.2221457525942234,monotone_isotonic
D06,235.0,0.2221457525942234,monotone_isotonic
D06,236.0,0.2221457525942234,monotone_isotonic
D06,237.0,0.2221457525942234,monotone_isotonic
D06,238.0,0.2221457525942234,monotone_isotonic
D06,239.0,0.2221457525942234,monotone_isotonic
D06,240.0,0.2221457525942234,monotone_isotonic
D06,241.0,0.2221457525942234,monotone_isotonic
D06,242.0,0.2221457525942234,monotone_isotonic
D06,243.0,0.2221457525942234,monotone_isotonic
D06,244.0,0.2221457525942234,monotone_isotonic
D06,245.0,0.2221457525942234,monotone_isotonic
D06,246.0,0.2221457525942234,monotone_isotonic
D06,247.0,0.2221457525942234,monotone_isotonic
D06,248.0,0.2221457525942234,monotone_isotonic
D06,249.0,0.2221457525942234,monotone_isotonic
D06,250.0,0.2221457525942234,monotone_isotonic
D06,251.0,0.2221457525942234,monotone_isotonic
D06,252.0,0.2221457525942234,monotone_isotonic
D06,253.0,0.2221457525942234,monotone_isotonic
D06,254.0,0.2221457525942234,monotone_isotonic
D06,255.0,0.2221457525942234,monotone_isotonic
D06,256.0,0.2221457525942234,monotone_isotonic
D06,257.0,0.2221457525942234,monotone_isotonic
D06,258.0,0.2221457525942234,monotone_isotonic
D06,259.0,0.2221457525942234,monotone_isotonic
D06,260.0,0.2221457525942234,monotone_isotonic
D06,261.0,0.2221457525942234,monotone_isotonic
D06,262.0,0.2221457525942234,monotone_isotonic
D06,263.0,0.2221457525942234,monotone_isotonic
D06,264.0,0.2221457525942234,monotone_isotonic
D06,265.0,0.2221457525942234,monotone_isotonic
D06,266.0,0.2221457525942234,monotone_isotonic
D06,267.0,0.2221457525942234,monotone_isotonic
D06,268.0,0.2221457525942234,monotone_isotonic
D06,269.0,0.2221457525942234,monotone_isotonic
D06,270.0,0.2221457525942234,monotone_isotonic
D06,271.0,0.2221457525942234,monotone_isotonic
D06,272.0,0.2221457525942234,monotone_isotonic
D06,273.0,0.2221457525942234,monotone_isotonic
D06,274.0,0.2221457525942234,monotone_isotonic
D06,275.0,0.2221457525942234,monotone_isotonic
D06,276.0,0.2221457525942234,monotone_isotonic
D06,277.0,0.2221457525942234,monotone_isotonic
D06,278.0,0.2221457525942234,monotone_isotonic
D06,279.0,0.2221457525942234,monotone_isotonic
D06,280.0,0.2221457525942234,monotone_isotonic
D06,281.0,0.2221457525942234,monotone_isotonic
D06,282.0,0.2221457525942234,monotone_isotonic
D06,283.0,0.2221457525942234,monotone_isotonic
D06,284.0,0.2221457525942234,monotone_isotonic
D06,285.0,0.2221457525942234,monotone_isotonic
D06,286.0,0.2221457525942234,monotone_isotonic
D06,287.0,0.2221457525942234,monotone_isotonic
D06,288.0,0.2221457525942234,monotone_isotonic
D06,289.0,0.2221457525942234,monotone_isotonic
D06,290.0,0.2221457525942234,monotone_isotonic
D06,291.0,0.2221457525942234,monotone_isotonic
D06,292.0,0.2221457525942234,monotone_isotonic
D06,293.0,0.2221457525942234,monotone_isotonic
D06,294.0,0.2221457525942234,monotone_isotonic
D06,295.0,0.2221457525942234,monotone_isotonic
D06,296.0,0.2221457525942234,monotone_isotonic
D06,297.0,0.2221457525942234,monotone_isotonic
D06,298.0,0.2221457525942234,monotone_isotonic
D06,299.0,0.2221457525942234,monotone_isotonic
D06,300.0,0.2221457525942234,monotone_isotonic
D06,301.0,0.2221457525942234,monotone_isotonic
D06,302.0,0.2221457525942234,monotone_isotonic
D06,303.0,0.2221457525942234,monotone_isotonic
D06,304.0,0.2221457525942234,monotone_isotonic
D06,305.0,0.2221457525942234,monotone_isotonic
D06,306.0,0.2221457525942234,monotone_isotonic
D06,307.0,0.2221457525942234,monotone_isotonic
D06,308.0,0.2221457525942234,monotone_isotonic
D06,309.0,0.2221457525942234,monotone_isotonic
D06,310.0,0.2221457525942234,monotone_isotonic
D06,311.0,0.2221457525942234,monotone_isotonic
D06,312.0,0.2221457525942234,monotone_isotonic
D06,313.0,0.2221457525942234,monotone_isotonic
D06,314.0,0.2221457525942234,monotone_isotonic
D06,315.0,0.2221457525942234,monotone_isotonic
D06,316.0,0.2221457525942234,monotone_isotonic
D06,317.0,0.2221457525942234,monotone_isotonic
D06,318.0,0.2221457525942234,monotone_isotonic
D06,319.0,0.2221457525942234,monotone_isotonic
D06,320.0,0.2221457525942234,monotone_isotonic
D06,321.0,0.2221457525942234,monotone_isotonic
D06,322.0,0.2221457525942234,monotone_isotonic
D06,323.0,0.2221457525942234,monotone_isotonic
D06,324.0,0.2221457525942234,monotone_isotonic
D06,325.0,0.2221457525942234,monotone_isotonic
D06,326.0,0.2221457525942234,monotone_isotonic
D06,327.0,0.2221457525942234,monotone_isotonic
D06,328.0,0.2221457525942234,monotone_isotonic
D06,329.0,0.2221457525942234,monotone_isotonic
D06,330.0,0.2221457525942234,monotone_isotonic
D06,331.0,0.2221457525942234,monotone_isotonic
D06,332.0,0.2221457525942234,monotone_isotonic
D06,333.0,0.2221457525942234,monotone_isotonic
D06,334.0,0.2221457525942234,monotone_isotonic
D06,335.0,0.2221457525942234,monotone_isotonic
D06,336.0,0.2221457525942234,monotone_isotonic
D06,337.0,0.2221457525942234,monotone_isotonic
D06,338.0,0.2221457525942234,monotone_isotonic
D06,339.0,0.2221457525942234,monotone_isotonic
D06,340.0,0.2221457525942234,monotone_isotonic
D06,341.0,0.2221457525942234,monotone_isotonic
D06,342.0,0.2221457525942234,monotone_isotonic
D06,343.0,0.2221457525942234,monotone_isotonic
D06,344.0,0.2221457525942234,monotone_isotonic
D06,345.0,0.2221457525942234,monotone_isotonic
D06,346.0,0.2221457525942234,monotone_isotonic
D06,347.0,0.2221457525942234,monotone_isotonic
D06,348.0,0.2221457525942234,monotone_isotonic
D06,349.0,0.2221457525942234,monotone_isotonic
D06,350.0,0.2221457525942234,monotone_isotonic
D06,351.0,0.2221457525942234,monotone_isotonic
D06,352.0,0.2221457525942234,monotone_isotonic
D06,353.0,0.2221457525942234,monotone_isotonic
D06,354.0,0.2221457525942234,monotone_isotonic
D06,355.0,0.2221457525942234,monotone_isotonic
D06,356.0,0.2221457525942234,monotone_isotonic
D06,357.0,0.2221457525942234,monotone_isotonic
D06,358.0,0.2221457525942234,monotone_isotonic
D06,359.0,0.2221457525942234,monotone_isotonic
D06,360.0,0.2221457525942234,monotone_isotonic
D06,361.0,0.2221457525942234,monotone_isotonic
D06,362.0,0.2221457525942234,monotone_isotonic
D06,363.0,0.2221457525942234,monotone_isotonic
D06,364.0,0.2221457525942234,monotone_isotonic
D06,365.0,0.2221457525942234,monotone_isotonic
E01,0.0,0.4063222795488329,monotone_isotonic
E01,1.0,0.4063222795488329,monotone_isotonic
E01,2.0,0.4063222795488329,monotone_isotonic
E01,3.0,0.4063222795488329,monotone_isotonic
E01,4.0,0.4063222795488329,monotone_isotonic
E01,5.0,0.4063222795488329,monotone_isotonic
E01,6.0,0.4063222795488329,monotone_isotonic
E01,7.0,0.4063222795488329,monotone_isotonic
E01,8.0,0.4063222795488329,monotone_isotonic
E01,9.0,0.4063222795488329,monotone_isotonic
E01,10.0,0.4063222795488329,monotone_isotonic
E01,11.0,0.4063222795488329,monotone_isotonic
E01,12.0,0.4063222795488329,monotone_isotonic
E01,13.0,0.4063222795488329,monotone_isotonic
E01,14.0,0.4063222795488329,monotone_isotonic
E01,15.0,0.4063222795488329,monotone_isotonic
E01,16.0,0.4063222795488329,monotone_isotonic
E01,17.0,0.4063222795488329,monotone_isotonic
E01,18.0,0.4063222795488329,monotone_isotonic
E01,19.0,0.4063222795488329,monotone_isotonic
E01,20.0,0.4063222795488329,monotone_isotonic
E01,21.0,0.4063222795488329,monotone_isotonic
E01,22.0,0.4063222795488329,monotone_isotonic
E01,23.0,0.4063222795488329,monotone_isotonic
E01,24.0,0.4063222795488329,monotone_isotonic
E01,25.0,0.4063222795488329,monotone_isotonic
E01,26.0,0.4063222795488329,monotone_isotonic
E01,27.0,0.4063222795488329,monotone_isotonic
E01,28.0,0.4063222795488329,monotone_isotonic
E01,29.0,0.4063222795488329,monotone_isotonic
E01,30.0,0.4063222795488329,monotone_isotonic
E01,31.0,0.4063222795488329,monotone_isotonic
E01,32.0,0.4063222795488329,monotone_isotonic
E01,33.0,0.4063222795488329,monotone_isotonic
E01,34.0,0.4063222795488329,monotone_isotonic
E01,35.0,0.4063222795488329,monotone_isotonic
E01,36.0,0.4063222795488329,monotone_isotonic
E01,37.0,0.4063222795488329,monotone_isotonic
E01,38.0,0.4063222795488329,monotone_isotonic
E01,39.0,0.4063222795488329,monotone_isotonic
E01,40.0,0.4063222795488329,monotone_isotonic
E01,41.0,0.4063222795488329,monotone_isotonic
E01,42.0,0.4063222795488329,monotone_isotonic
E01,43.0,0.4063222795488329,monotone_isotonic
E01,44.0,0.4063222795488329,monotone_isotonic
E01,45.0,0.4063222795488329,monotone_isotonic
E01,46.0,0.4063222795488329,monotone_isotonic
E01,47.0,0.4063222795488329,monotone_isotonic
E01,48.0,0.4063222795488329,monotone_isotonic
E01,49.0,0.4063222795488329,monotone_isotonic
E01,50.0,0.4063222795488329,monotone_isotonic
E01,51.0,0.4063222795488329,monotone_isotonic
E01,52.0,0.4063222795488329,monotone_isotonic
E01,53.0,0.4063222795488329,monotone_isotonic
E01,54.0,0.4063222795488329,monotone_isotonic
E01,55.0,0.4063222795488329,monotone_isotonic
E01,56.0,0.4063222795488329,monotone_isotonic
E01,57.0,0.4063222795488329,monotone_isotonic
E01,58.0,0.4063222795488329,monotone_isotonic
E01,59.0,0.4063222795488329,monotone_isotonic
E01,60.0,0.4063222795488329,monotone_isotonic
E01,61.0,0.4063222795488329,monotone_isotonic
E01,62.0,0.4063222795488329,monotone_isotonic
E01,63.0,0.4063222795488329,monotone_isotonic
E01,64.0,0.4063222795488329,monotone_isotonic
E01,65.0,0.4063222795488329,monotone_isotonic
E01,66.0,0.4063222795488329,monotone_isotonic
E01,67.0,0.4063222795488329,monotone_isotonic
E01,68.0,0.4063222795488329,monotone_isotonic
E01,69.0,0.4063222795488329,monotone_isotonic
E01,70.0,0.4063222795488329,monotone_isotonic
E01,71.0,0.4063222795488329,monotone_isotonic
E01,72.0,0.4063222795488329,monotone_isotonic
E01,73.0,0.4063222795488329,monotone_isotonic
E01,74.0,0.4063222795488329,monotone_isotonic
E01,75.0,0.4063222795488329,monotone_isotonic
E01,76.0,0.4063222795488329,monotone_isotonic
E01,77.0,0.4063222795488329,monotone_isotonic
E01,78.0,0.4063222795488329,monotone_isotonic
E01,79.0,0.4063222795488329,monotone_isotonic
E01,80.0,0.4063222795488329,monotone_isotonic
E01,81.0,0.4063222795488329,monotone_isotonic
E01,82.0,0.4063222795488329,monotone_isotonic
E01,83.0,0.4063222795488329,monotone_isotonic
E01,84.0,0.4063222795488329,monotone_isotonic
E01,85.0,0.4063222795488329,monotone_isotonic
E01,86.0,0.4063222795488329,monotone_isotonic
E01,87.0,0.4063222795488329,monotone_isotonic
E01,88.0,0.4063222795488329,monotone_isotonic
E01,89.0,0.4063222795488329,monotone_isotonic
E01,90.0,0.4063222795488329,monotone_isotonic
E01,91.0,0.4063222795488329,monotone_isotonic
E01,92.0,0.4063222795488329,monotone_isotonic
E01,93.0,0.4063222795488329,monotone_isotonic
E01,94.0,0.4063222795488329,monotone_isotonic
E01,95.0,0.4063222795488329,monotone_isotonic
E01,96.0,0.4063222795488329,monotone_isotonic
E01,97.0,0.4063222795488329,monotone_isotonic
E01,98.0,0.4063222795488329,monotone_isotonic
E01,99.0,0.4063222795488329,monotone_isotonic
E01,100.0,0.4063222795488329,monotone_isotonic
E01,101.0,0.4063222795488329,monotone_isotonic
E01,102.0,0.4063222795488329,monotone_isotonic
E01,103.0,0.4063222795488329,monotone_isotonic
E01,104.0,0.4063222795488329,monotone_isotonic
E01,105.0,0.4063222795488329,monotone_isotonic
E01,106.0,0.4063222795488329,monotone_isotonic
E01,107.0,0.4063222795488329,monotone_isotonic
E01,108.0,0.4063222795488329,monotone_isotonic
E01,109.0,0.4063222795488329,monotone_isotonic
E01,110.0,0.4063222795488329,monotone_isotonic
E01,111.0,0.4063222795488329,monotone_isotonic
E01,112.0,0.4063222795488329,monotone_isotonic
E01,113.0,0.4063222795488329,monotone_isotonic
E01,114.0,0.4063222795488329,monotone_isotonic
E01,115.0,0.4063222795488329,monotone_isotonic
E01,116.0,0.4063222795488329,monotone_isotonic
E01,117.0,0.4063222795488329,monotone_isotonic
E01,118.0,0.4063222795488329,monotone_isotonic
E01,119.0,0.4063222795488329,monotone_isotonic
E01,120.0,0.4063222795488329,monotone_isotonic
E01,121.0,0.4063222795488329,monotone_isotonic
E01,122.0,0.4063222795488329,monotone_isotonic
E01,123.0,0.4063222795488329,monotone_isotonic
E01,124.0,0.4063222795488329,monotone_isotonic
E01,125.0,0.4063222795488329,monotone_isotonic
E01,126.0,0.4063222795488329,monotone_isotonic
E01,127.0,0.4063222795488329,monotone_isotonic
E01,128.0,0.4063222795488329,monotone_isotonic
E01,129.0,0.4063222795488329,monotone_isotonic
E01,130.0,0.4063222795488329,monotone_isotonic
E01,131.0,0.4063222795488329,monotone_isotonic
E01,132.0,0.4063222795488329,monotone_isotonic
E01,133.0,0.4063222795488329,monotone_isotonic
E01,134.0,0.4063222795488329,monotone_isotonic
E01,135.0,0.4063222795488329,monotone_isotonic
E01,136.0,0.4063222795488329,monotone_isotonic
E01,137.0,0.4063222795488329,monotone_isotonic
E01,138.0,0.4063222795488329,monotone_isotonic
E01,139.0,0.4063222795488329,monotone_isotonic
E01,140.0,0.4063222795488329,monotone_isotonic
E01,141.0,0.4063222795488329,monotone_isotonic
E01,142.0,0.4063222795488329,monotone_isotonic
E01,143.0,0.4063222795488329,monotone_isotonic
E01,144.0,0.4063222795488329,monotone_isotonic
E01,145.0,0.4063222795488329,monotone_isotonic
E01,146.0,0.4063222795488329,monotone_isotonic
E01,147.0,0.4063222795488329,monotone_isotonic
E01,148.0,0.4063222795488329,monotone_isotonic
E01,149.0,0.4063222795488329,monotone_isotonic
E01,150.0,0.4063222795488329,monotone_isotonic
E01,151.0,0.4063222795488329,monotone_isotonic
E01,152.0,0.4063222795488329,monotone_isotonic
E01,153.0,0.4063222795488329,monotone_isotonic
E01,154.0,0.4063222795488329,monotone_isotonic
E01,155.0,0.4063222795488329,monotone_isotonic
E01,156.0,0.4063222795488329,monotone_isotonic
E01,157.0,0.4063222795488329,monotone_isotonic
E01,158.0,0.4063222795488329,monotone_isotonic
E01,159.0,0.4063222795488329,monotone_isotonic
E01,160.0,0.4063222795488329,monotone_isotonic
E01,161.0,0.4063222795488329,monotone_isotonic
E01,162.0,0.4063222795488329,monotone_isotonic
E01,163.0,0.4063222795488329,monotone_isotonic
E01,164.0,0.4063222795488329,monotone_isotonic
E01,165.0,0.4063222795488329,monotone_isotonic
E01,166.0,0.4063222795488329,monotone_isotonic
E01,167.0,0.4063222795488329,monotone_isotonic
E01,168.0,0.4063222795488329,monotone_isotonic
E01,169.0,0.4063222795488329,monotone_isotonic
E01,170.0,0.4063222795488329,monotone_isotonic
E01,171.0,0.4063222795488329,monotone_isotonic
E01,172.0,0.4063222795488329,monotone_isotonic
E01,173.0,0.4063222795488329,monotone_isotonic
E01,174.0,0.4063222795488329,monotone_isotonic
E01,175.0,0.4063222795488329,monotone_isotonic
E01,176.0,0.4063222795488329,monotone_isotonic
E01,177.0,0.4063222795488329,monotone_isotonic
E01,178.0,0.4063222795488329,monotone_isotonic
E01,179.0,0.406322279548833,monotone_isotonic
E01,180.0,0.406322279548833,monotone_isotonic
E01,181.0,0.406322279548833,monotone_isotonic
E01,182.0,0.406322279548833,monotone_isotonic
E01,183.0,0.406322279548833,monotone_isotonic
E01,184.0,0.406322279548833,monotone_isotonic
E01,185.0,0.406322279548833,monotone_isotonic
E01,186.0,0.406322279548833,monotone_isotonic
E01,187.0,0.406322279548833,monotone_isotonic
E01,188.0,0.406322279548833,monotone_isotonic
E01,189.0,0.406322279548833,monotone_isotonic
E01,190.0,0.406322279548833,monotone_isotonic
E01,191.0,0.406322279548833,monotone_isotonic
E01,192.0,0.406322279548833,monotone_isotonic
E01,193.0,0.406322279548833,monotone_isotonic
E01,194.0,0.406322279548833,monotone_isotonic
E01,195.0,0.406322279548833,monotone_isotonic
E01,196.0,0.406322279548833,monotone_isotonic
E01,197.0,0.406322279548833,monotone_isotonic
E01,198.0,0.406322279548833,monotone_isotonic
E01,199.0,0.406322279548833,monotone_isotonic
E01,200.0,0.406322279548833,monotone_isotonic
E01,201.0,0.406322279548833,monotone_isotonic
E01,202.0,0.406322279548833,monotone_isotonic
E01,203.0,0.406322279548833,monotone_isotonic
E01,204.0,0.406322279548833,monotone_isotonic
E01,205.0,0.406322279548833,monotone_isotonic
E01,206.0,0.406322279548833,monotone_isotonic
E01,207.0,0.406322279548833,monotone_isotonic
E01,208.0,0.406322279548833,monotone_isotonic
E01,209.0,0.406322279548833,monotone_isotonic
E01,210.0,0.406322279548833,monotone_isotonic
E01,211.0,0.4075949829335587,monotone_isotonic
E01,212.0,0.4088676863182844,monotone_isotonic
E01,213.0,0.4101403897030101,monotone_isotonic
E01,214.0,0.4114130930877359,monotone_isotonic
E01,215.0,0.4126857964724616,monotone_isotonic
E01,216.0,0.4139584998571873,monotone_isotonic
E01,217.0,0.415231203241913,monotone_isotonic
E01,218.0,0.4165039066266388,monotone_isotonic
E01,219.0,0.4177766100113645,monotone_isotonic
E01,220.0,0.4190493133960902,monotone_isotonic
E01,221.0,0.4203220167808159,monotone_isotonic
E01,222.0,0.4215947201655416,monotone_isotonic
E01,223.0,0.4228674235502674,monotone_isotonic
E01,224.0,0.4241401269349931,monotone_isotonic
E01,225.0,0.4254128303197188,monotone_isotonic
E01,226.0,0.4266855337044445,monotone_isotonic
E01,227.0,0.4279582370891703,monotone_isotonic
E01,228.0,0.429230940473896,monotone_isotonic
E01,229.0,0.4305036438586217,monotone_isotonic
E01,230.0,0.4317763472433474,monotone_isotonic
E01,231.0,0.4330490506280732,monotone_isotonic
E01,232.0,0.4330490506280732,monotone_isotonic
E01,233.0,0.4330490506280732,monotone_isotonic
E01,234.0,0.4330490506280732,monotone_isotonic
E01,235.0,0.4330490506280732,monotone_isotonic
E01,236.0,0.4330490506280732,monotone_isotonic
E01,237.0,0.4330490506280732,monotone_isotonic
E01,238.0,0.4330490506280732,monotone_isotonic
E01,239.0,0.4330490506280732,monotone_isotonic
E01,240.0,0.4330490506280732,monotone_isotonic
E01,241.0,0.4330490506280732,monotone_isotonic
E01,242.0,0.4330490506280732,monotone_isotonic
E01,243.0,0.4330490506280732,monotone_isotonic
E01,244.0,0.4330490506280732,monotone_isotonic
E01,245.0,0.4330490506280732,monotone_isotonic
E01,246.0,0.4330490506280732,monotone_isotonic
E01,247.0,0.4330490506280732,monotone_isotonic
E01,248.0,0.4330490506280732,monotone_isotonic
E01,249.0,0.4330490506280732,monotone_isotonic
E01,250.0,0.4330490506280732,monotone_isotonic
E01,251.0,0.4330490506280732,monotone_isotonic
E01,252.0,0.4330490506280732,monotone_isotonic
E01,253.0,0.4330490506280732,monotone_isotonic
E01,254.0,0.4330490506280732,monotone_isotonic
E01,255.0,0.4330490506280732,monotone_isotonic
E01,256.0,0.4330490506280732,monotone_isotonic
E01,257.0,0.4330490506280732,monotone_isotonic
E01,258.0,0.4330490506280732,monotone_isotonic
E01,259.0,0.4330490506280732,monotone_isotonic
E01,260.0,0.4330490506280732,monotone_isotonic
E01,261.0,0.4330490506280732,monotone_isotonic
E01,262.0,0.4330490506280732,monotone_isotonic
E01,263.0,0.4330490506280732,monotone_isotonic
E01,264.0,0.4330490506280732,monotone_isotonic
E01,265.0,0.4330490506280732,monotone_isotonic
E01,266.0,0.4330490506280732,monotone_isotonic
E01,267.0,0.4330490506280732,monotone_isotonic
E01,268.0,0.4330490506280732,monotone_isotonic
E01,269.0,0.4330490506280732,monotone_isotonic
E01,270.0,0.4330490506280732,monotone_isotonic
E01,271.0,0.4330490506280732,monotone_isotonic
E01,272.0,0.4330490506280732,monotone_isotonic
E01,273.0,0.4330490506280732,monotone_isotonic
E01,274.0,0.4330490506280732,monotone_isotonic
E01,275.0,0.4330490506280732,monotone_isotonic
E01,276.0,0.4330490506280732,monotone_isotonic
E01,277.0,0.4330490506280732,monotone_isotonic
E01,278.0,0.4330490506280732,monotone_isotonic
E01,279.0,0.4330490506280732,monotone_isotonic
E01,280.0,0.4330490506280732,monotone_isotonic
E01,281.0,0.4330490506280732,monotone_isotonic
E01,282.0,0.4330490506280732,monotone_isotonic
E01,283.0,0.4330490506280732,monotone_isotonic
E01,284.0,0.4330490506280732,monotone_isotonic
E01,285.0,0.4330490506280732,monotone_isotonic
E01,286.0,0.4330490506280732,monotone_isotonic
E01,287.0,0.4330490506280732,monotone_isotonic
E01,288.0,0.4330490506280732,monotone_isotonic
E01,289.0,0.4330490506280732,monotone_isotonic
E01,290.0,0.4330490506280732,monotone_isotonic
E01,291.0,0.4330490506280732,monotone_isotonic
E01,292.0,0.4330490506280732,monotone_isotonic
E01,293.0,0.4330490506280732,monotone_isotonic
E01,294.0,0.4330490506280732,monotone_isotonic
E01,295.0,0.4330490506280732,monotone_isotonic
E01,296.0,0.4330490506280732,monotone_isotonic
E01,297.0,0.4330490506280732,monotone_isotonic
E01,298.0,0.4330490506280732,monotone_isotonic
E01,299.0,0.4330490506280732,monotone_isotonic
E01,300.0,0.4330490506280732,monotone_isotonic
E01,301.0,0.4330490506280732,monotone_isotonic
E01,302.0,0.4330490506280732,monotone_isotonic
E01,303.0,0.4330490506280732,monotone_isotonic
E01,304.0,0.4330490506280732,monotone_isotonic
E01,305.0,0.4330490506280732,monotone_isotonic
E01,306.0,0.4330490506280732,monotone_isotonic
E01,307.0,0.4330490506280732,monotone_isotonic
E01,308.0,0.4330490506280732,monotone_isotonic
E01,309.0,0.4330490506280732,monotone_isotonic
E01,310.0,0.4330490506280732,monotone_isotonic
E01,311.0,0.4330490506280732,monotone_isotonic
E01,312.0,0.4330490506280732,monotone_isotonic
E01,313.0,0.4330490506280732,monotone_isotonic
E01,314.0,0.4330490506280732,monotone_isotonic
E01,315.0,0.4330490506280732,monotone_isotonic
E01,316.0,0.4330490506280732,monotone_isotonic
E01,317.0,0.4330490506280732,monotone_isotonic
E01,318.0,0.4330490506280732,monotone_isotonic
E01,319.0,0.4330490506280732,monotone_isotonic
E01,320.0,0.4330490506280732,monotone_isotonic
E01,321.0,0.4330490506280732,monotone_isotonic
E01,322.0,0.4330490506280732,monotone_isotonic
E01,323.0,0.4330490506280732,monotone_isotonic
E01,324.0,0.4330490506280732,monotone_isotonic
E01,325.0,0.4330490506280732,monotone_isotonic
E01,326.0,0.4330490506280732,monotone_isotonic
E01,327.0,0.4330490506280732,monotone_isotonic
E01,328.0,0.4330490506280732,monotone_isotonic
E01,329.0,0.4330490506280732,monotone_isotonic
E01,330.0,0.4330490506280732,monotone_isotonic
E01,331.0,0.4330490506280732,monotone_isotonic
E01,332.0,0.4330490506280732,monotone_isotonic
E01,333.0,0.4330490506280732,monotone_isotonic
E01,334.0,0.4330490506280732,monotone_isotonic
E01,335.0,0.4330490506280732,monotone_isotonic
E01,336.0,0.4330490506280732,monotone_isotonic
E01,337.0,0.4330490506280732,monotone_isotonic
E01,338.0,0.4330490506280732,monotone_isotonic
E01,339.0,0.4330490506280732,monotone_isotonic
E01,340.0,0.4330490506280732,monotone_isotonic
E01,341.0,0.4330490506280732,monotone_isotonic
E01,342.0,0.4330490506280732,monotone_isotonic
E01,343.0,0.4330490506280732,monotone_isotonic
E01,344.0,0.4330490506280732,monotone_isotonic
E01,345.0,0.4330490506280732,monotone_isotonic
E01,346.0,0.4330490506280732,monotone_isotonic
E01,347.0,0.4330490506280732,monotone_isotonic
E01,348.0,0.4330490506280732,monotone_isotonic
E01,349.0,0.4330490506280732,monotone_isotonic
E01,350.0,0.4330490506280732,monotone_isotonic
E01,351.0,0.4330490506280732,monotone_isotonic
E01,352.0,0.4330490506280732,monotone_isotonic
E01,353.0,0.4330490506280732,monotone_isotonic
E01,354.0,0.4330490506280732,monotone_isotonic
E01,355.0,0.4330490506280732,monotone_isotonic
E01,356.0,0.4330490506280732,monotone_isotonic
E01,357.0,0.4330490506280732,monotone_isotonic
E01,358.0,0.4330490506280732,monotone_isotonic
E01,359.0,0.4330490506280732,monotone_isotonic
E01,360.0,0.4330490506280732,monotone_isotonic
E01,361.0,0.4330490506280732,monotone_isotonic
E01,362.0,0.4330490506280732,monotone_isotonic
E01,363.0,0.4330490506280732,monotone_isotonic
E01,364.0,0.4330490506280732,monotone_isotonic
E01,365.0,0.4330490506280732,monotone_isotonic
E02,0.0,0.2557548770681016,monotone_isotonic
E02,1.0,0.2557548770681016,monotone_isotonic
E02,2.0,0.2557548770681016,monotone_isotonic
E02,3.0,0.2557548770681016,monotone_isotonic
E02,4.0,0.2557548770681016,monotone_isotonic
E02,5.0,0.2557548770681016,monotone_isotonic
E02,6.0,0.2557548770681016,monotone_isotonic
E02,7.0,0.2557548770681016,monotone_isotonic
E02,8.0,0.2557548770681016,monotone_isotonic
E02,9.0,0.2557548770681016,monotone_isotonic
E02,10.0,0.2557548770681016,monotone_isotonic
E02,11.0,0.2557548770681016,monotone_isotonic
E02,12.0,0.2557548770681016,monotone_isotonic
E02,13.0,0.2557548770681016,monotone_isotonic
E02,14.0,0.2557548770681016,monotone_isotonic
E02,15.0,0.2557548770681016,monotone_isotonic
E02,16.0,0.2557548770681016,monotone_isotonic
E02,17.0,0.2557548770681016,monotone_isotonic
E02,18.0,0.2557548770681016,monotone_isotonic
E02,19.0,0.2557548770681016,monotone_isotonic
E02,20.0,0.2557548770681016,monotone_isotonic
E02,21.0,0.2557548770681016,monotone_isotonic
E02,22.0,0.2557548770681016,monotone_isotonic
E02,23.0,0.2557548770681016,monotone_isotonic
E02,24.0,0.2557548770681016,monotone_isotonic
E02,25.0,0.2557548770681016,monotone_isotonic
E02,26.0,0.2557548770681016,monotone_isotonic
E02,27.0,0.2557548770681016,monotone_isotonic
E02,28.0,0.2557548770681016,monotone_isotonic
E02,29.0,0.2557548770681016,monotone_isotonic
E02,30.0,0.2557548770681016,monotone_isotonic
E02,31.0,0.2557548770681016,monotone_isotonic
E02,32.0,0.2557548770681016,monotone_isotonic
E02,33.0,0.2557548770681016,monotone_isotonic
E02,34.0,0.2557548770681016,monotone_isotonic
E02,35.0,0.2557548770681016,monotone_isotonic
E02,36.0,0.2557548770681016,monotone_isotonic
E02,37.0,0.2557548770681016,monotone_isotonic
E02,38.0,0.2557548770681016,monotone_isotonic
E02,39.0,0.2557548770681016,monotone_isotonic
E02,40.0,0.2557548770681016,monotone_isotonic
E02,41.0,0.2557548770681016,monotone_isotonic
E02,42.0,0.2557548770681016,monotone_isotonic
E02,43.0,0.2557548770681016,monotone_isotonic
E02,44.0,0.2557548770681016,monotone_isotonic
E02,45.0,0.2557548770681016,monotone_isotonic
E02,46.0,0.2557548770681016,monotone_isotonic
E02,47.0,0.2557548770681016,monotone_isotonic
E02,48.0,0.2557548770681016,monotone_isotonic
E02,49.0,0.2557548770681016,monotone_isotonic
E02,50.0,0.2557548770681016,monotone_isotonic
E02,51.0,0.2557548770681016,monotone_isotonic
E02,52.0,0.2557548770681016,monotone_isotonic
E02,53.0,0.2557548770681016,monotone_isotonic
E02,54.0,0.2557548770681016,monotone_isotonic
E02,55.0,0.2557548770681016,monotone_isotonic
E02,56.0,0.2557548770681016,monotone_isotonic
E02,57.0,0.2557548770681016,monotone_isotonic
E02,58.0,0.2557548770681016,monotone_isotonic
E02,59.0,0.2557548770681016,monotone_isotonic
E02,60.0,0.2557548770681016,monotone_isotonic
E02,61.0,0.2557548770681016,monotone_isotonic
E02,62.0,0.2557548770681016,monotone_isotonic
E02,63.0,0.2557548770681016,monotone_isotonic
E02,64.0,0.2557548770681016,monotone_isotonic
E02,65.0,0.2557548770681016,monotone_isotonic
E02,66.0,0.2557548770681016,monotone_isotonic
E02,67.0,0.2557548770681016,monotone_isotonic
E02,68.0,0.2557548770681016,monotone_isotonic
E02,69.0,0.2557548770681016,monotone_isotonic
E02,70.0,0.2557548770681016,monotone_isotonic
E02,71.0,0.2557548770681016,monotone_isotonic
E02,72.0,0.2557548770681016,monotone_isotonic
E02,73.0,0.2557548770681016,monotone_isotonic
E02,74.0,0.2557548770681016,monotone_isotonic
E02,75.0,0.2557548770681016,monotone_isotonic
E02,76.0,0.2557548770681016,monotone_isotonic
E02,77.0,0.2557548770681016,monotone_isotonic
E02,78.0,0.2557548770681016,monotone_isotonic
E02,79.0,0.2557548770681016,monotone_isotonic
E02,80.0,0.2557548770681016,monotone_isotonic
E02,81.0,0.2557548770681016,monotone_isotonic
E02,82.0,0.2557548770681016,monotone_isotonic
E02,83.0,0.2557548770681016,monotone_isotonic
E02,84.0,0.2557548770681016,monotone_isotonic
E02,85.0,0.2557548770681016,monotone_isotonic
E02,86.0,0.2557548770681016,monotone_isotonic
E02,87.0,0.2557548770681016,monotone_isotonic
E02,88.0,0.2557548770681016,monotone_isotonic
E02,89.0,0.2557548770681016,monotone_isotonic
E02,90.0,0.2557548770681016,monotone_isotonic
E02,91.0,0.2557548770681016,monotone_isotonic
E02,92.0,0.2557548770681016,monotone_isotonic
E02,93.0,0.2557548770681016,monotone_isotonic
E02,94.0,0.2557548770681016,monotone_isotonic
E02,95.0,0.2557548770681016,monotone_isotonic
E02,96.0,0.2557548770681016,monotone_isotonic
E02,97.0,0.2557548770681016,monotone_isotonic
E02,98.0,0.2557548770681016,monotone_isotonic
E02,99.0,0.2557548770681016,monotone_isotonic
E02,100.0,0.2557548770681016,monotone_isotonic
E02,101.0,0.2557548770681016,monotone_isotonic
E02,102.0,0.2557548770681016,monotone_isotonic
E02,103.0,0.2557548770681016,monotone_isotonic
E02,104.0,0.2557548770681016,monotone_isotonic
E02,105.0,0.2557548770681016,monotone_isotonic
E02,106.0,0.2557548770681016,monotone_isotonic
E02,107.0,0.2557548770681016,monotone_isotonic
E02,108.0,0.2557548770681016,monotone_isotonic
E02,109.0,0.2557548770681016,monotone_isotonic
E02,110.0,0.2557548770681016,monotone_isotonic
E02,111.0,0.2557548770681016,monotone_isotonic
E02,112.0,0.2557548770681016,monotone_isotonic
E02,113.0,0.2557548770681016,monotone_isotonic
E02,114.0,0.2557548770681016,monotone_isotonic
E02,115.0,0.2557548770681016,monotone_isotonic
E02,116.0,0.2557548770681016,monotone_isotonic
E02,117.0,0.2557548770681016,monotone_isotonic
E02,118.0,0.2557548770681016,monotone_isotonic
E02,119.0,0.2557548770681016,monotone_isotonic
E02,120.0,0.2557548770681016,monotone_isotonic
E02,121.0,0.2557548770681016,monotone_isotonic
E02,122.0,0.2557548770681016,monotone_isotonic
E02,123.0,0.2557548770681016,monotone_isotonic
E02,124.0,0.2557548770681016,monotone_isotonic
E02,125.0,0.2557548770681016,monotone_isotonic
E02,126.0,0.2557548770681016,monotone_isotonic
E02,127.0,0.2557548770681016,monotone_isotonic
E02,128.0,0.2557548770681016,monotone_isotonic
E02,129.0,0.2557548770681016,monotone_isotonic
E02,130.0,0.2557548770681016,monotone_isotonic
E02,131.0,0.2557548770681016,monotone_isotonic
E02,132.0,0.2557548770681016,monotone_isotonic
E02,133.0,0.2557548770681016,monotone_isotonic
E02,134.0,0.2557548770681016,monotone_isotonic
E02,135.0,0.2557548770681016,monotone_isotonic
E02,136.0,0.2557548770681016,monotone_isotonic
E02,137.0,0.2557548770681016,monotone_isotonic
E02,138.0,0.2557548770681016,monotone_isotonic
E02,139.0,0.2557548770681016,monotone_isotonic
E02,140.0,0.2557548770681016,monotone_isotonic
E02,141.0,0.2557548770681016,monotone_isotonic
E02,142.0,0.2557548770681016,monotone_isotonic
E02,143.0,0.2557548770681016,monotone_isotonic
E02,144.0,0.2557548770681016,monotone_isotonic
E02,145.0,0.2557548770681016,monotone_isotonic
E02,146.0,0.2557548770681016,monotone_isotonic
E02,147.0,0.2557548770681016,monotone_isotonic
E02,148.0,0.2557548770681016,monotone_isotonic
E02,149.0,0.2557548770681016,monotone_isotonic
E02,150.0,0.2557548770681016,monotone_isotonic
E02,151.0,0.2557548770681016,monotone_isotonic
E02,152.0,0.2557548770681016,monotone_isotonic
E02,153.0,0.2557548770681016,monotone_isotonic
E02,154.0,0.2557548770681016,monotone_isotonic
E02,155.0,0.2557548770681016,monotone_isotonic
E02,156.0,0.2557548770681016,monotone_isotonic
E02,157.0,0.2557548770681016,monotone_isotonic
E02,158.0,0.2557548770681016,monotone_isotonic
E02,159.0,0.2557548770681016,monotone_isotonic
E02,160.0,0.2557548770681016,monotone_isotonic
E02,161.0,0.2557548770681016,monotone_isotonic
E02,162.0,0.2557548770681016,monotone_isotonic
E02,163.0,0.2557548770681016,monotone_isotonic
E02,164.0,0.2557548770681016,monotone_isotonic
E02,165.0,0.2557548770681016,monotone_isotonic
E02,166.0,0.2557548770681016,monotone_isotonic
E02,167.0,0.2557548770681016,monotone_isotonic
E02,168.0,0.2557548770681016,monotone_isotonic
E02,169.0,0.2557548770681016,monotone_isotonic
E02,170.0,0.2557548770681016,monotone_isotonic
E02,171.0,0.2557548770681016,monotone_isotonic
E02,172.0,0.2557548770681016,monotone_isotonic
E02,173.0,0.2557548770681016,monotone_isotonic
E02,174.0,0.2557548770681016,monotone_isotonic
E02,175.0,0.2557548770681016,monotone_isotonic
E02,176.0,0.2557548770681016,monotone_isotonic
E02,177.0,0.2557548770681016,monotone_isotonic
E02,178.0,0.2557548770681016,monotone_isotonic
E02,179.0,0.2557548770681016,monotone_isotonic
E02,180.0,0.2557548770681016,monotone_isotonic
E02,181.0,0.2557548770681016,monotone_isotonic
E02,182.0,0.2557548770681016,monotone_isotonic
E02,183.0,0.2557548770681016,monotone_isotonic
E02,184.0,0.2557548770681016,monotone_isotonic
E02,185.0,0.2557548770681016,monotone_isotonic
E02,186.0,0.2557548770681016,monotone_isotonic
E02,187.0,0.2557548770681016,monotone_isotonic
E02,188.0,0.2557548770681016,monotone_isotonic
E02,189.0,0.2557548770681016,monotone_isotonic
E02,190.0,0.2557548770681016,monotone_isotonic
E02,191.0,0.2557548770681016,monotone_isotonic
E02,192.0,0.2557548770681016,monotone_isotonic
E02,193.0,0.2557548770681016,monotone_isotonic
E02,194.0,0.2557548770681016,monotone_isotonic
E02,195.0,0.2557548770681016,monotone_isotonic
E02,196.0,0.2557548770681016,monotone_isotonic
E02,197.0,0.2557548770681016,monotone_isotonic
E02,198.0,0.2557548770681016,monotone_isotonic
E02,199.0,0.2557548770681016,monotone_isotonic
E02,200.0,0.2557548770681016,monotone_isotonic
E02,201.0,0.2557548770681016,monotone_isotonic
E02,202.0,0.2557548770681016,monotone_isotonic
E02,203.0,0.2557548770681016,monotone_isotonic
E02,204.0,0.2557548770681016,monotone_isotonic
E02,205.0,0.2557548770681016,monotone_isotonic
E02,206.0,0.2557548770681016,monotone_isotonic
E02,207.0,0.2557548770681016,monotone_isotonic
E02,208.0,0.2557548770681016,monotone_isotonic
E02,209.0,0.2557548770681016,monotone_isotonic
E02,210.0,0.2557548770681016,monotone_isotonic
E02,211.0,0.2567659362422874,monotone_isotonic
E02,212.0,0.2577769954164731,monotone_isotonic
E02,213.0,0.2587880545906588,monotone_isotonic
E02,214.0,0.2597991137648445,monotone_isotonic
E02,215.0,0.2608101729390303,monotone_isotonic
E02,216.0,0.261821232113216,monotone_isotonic
E02,217.0,0.2628322912874017,monotone_isotonic
E02,218.0,0.2638433504615874,monotone_isotonic
E02,219.0,0.2648544096357732,monotone_isotonic
E02,220.0,0.2658654688099589,monotone_isotonic
E02,221.0,0.2668765279841447,monotone_isotonic
E02,222.0,0.2678875871583304,monotone_isotonic
E02,223.0,0.2688986463325161,monotone_isotonic
E02,224.0,0.2699097055067018,monotone_isotonic
E02,225.0,0.2709207646808876,monotone_isotonic
E02,226.0,0.2719318238550733,monotone_isotonic
E02,227.0,0.272942883029259,monotone_isotonic
E02,228.0,0.2739539422034447,monotone_isotonic
E02,229.0,0.2749650013776305,monotone_isotonic
E02,230.0,0.2759760605518162,monotone_isotonic
E02,231.0,0.276987119726002,monotone_isotonic
E02,232.0,0.276987119726002,monotone_isotonic
E02,233.0,0.276987119726002,monotone_isotonic
E02,234.0,0.276987119726002,monotone_isotonic
E02,235.0,0.276987119726002,monotone_isotonic
E02,236.0,0.276987119726002,monotone_isotonic
E02,237.0,0.276987119726002,monotone_isotonic
E02,238.0,0.276987119726002,monotone_isotonic
E02,239.0,0.276987119726002,monotone_isotonic
E02,240.0,0.276987119726002,monotone_isotonic
E02,241.0,0.276987119726002,monotone_isotonic
E02,242.0,0.276987119726002,monotone_isotonic
E02,243.0,0.276987119726002,monotone_isotonic
E02,244.0,0.276987119726002,monotone_isotonic
E02,245.0,0.276987119726002,monotone_isotonic
E02,246.0,0.276987119726002,monotone_isotonic
E02,247.0,0.276987119726002,monotone_isotonic
E02,248.0,0.276987119726002,monotone_isotonic
E02,249.0,0.276987119726002,monotone_isotonic
E02,250.0,0.276987119726002,monotone_isotonic
E02,251.0,0.276987119726002,monotone_isotonic
E02,252.0,0.276987119726002,monotone_isotonic
E02,253.0,0.276987119726002,monotone_isotonic
E02,254.0,0.276987119726002,monotone_isotonic
E02,255.0,0.276987119726002,monotone_isotonic
E02,256.0,0.276987119726002,monotone_isotonic
E02,257.0,0.276987119726002,monotone_isotonic
E02,258.0,0.276987119726002,monotone_isotonic
E02,259.0,0.276987119726002,monotone_isotonic
E02,260.0,0.276987119726002,monotone_isotonic
E02,261.0,0.276987119726002,monotone_isotonic
E02,262.0,0.276987119726002,monotone_isotonic
E02,263.0,0.276987119726002,monotone_isotonic
E02,264.0,0.276987119726002,monotone_isotonic
E02,265.0,0.276987119726002,monotone_isotonic
E02,266.0,0.276987119726002,monotone_isotonic
E02,267.0,0.276987119726002,monotone_isotonic
E02,268.0,0.276987119726002,monotone_isotonic
E02,269.0,0.276987119726002,monotone_isotonic
E02,270.0,0.276987119726002,monotone_isotonic
E02,271.0,0.276987119726002,monotone_isotonic
E02,272.0,0.276987119726002,monotone_isotonic
E02,273.0,0.276987119726002,monotone_isotonic
E02,274.0,0.276987119726002,monotone_isotonic
E02,275.0,0.276987119726002,monotone_isotonic
E02,276.0,0.276987119726002,monotone_isotonic
E02,277.0,0.276987119726002,monotone_isotonic
E02,278.0,0.276987119726002,monotone_isotonic
E02,279.0,0.276987119726002,monotone_isotonic
E02,280.0,0.276987119726002,monotone_isotonic
E02,281.0,0.276987119726002,monotone_isotonic
E02,282.0,0.276987119726002,monotone_isotonic
E02,283.0,0.276987119726002,monotone_isotonic
E02,284.0,0.276987119726002,monotone_isotonic
E02,285.0,0.276987119726002,monotone_isotonic
E02,286.0,0.276987119726002,monotone_isotonic
E02,287.0,0.276987119726002,monotone_isotonic
E02,288.0,0.276987119726002,monotone_isotonic
E02,289.0,0.276987119726002,monotone_isotonic
E02,290.0,0.276987119726002,monotone_isotonic
E02,291.0,0.276987119726002,monotone_isotonic
E02,292.0,0.276987119726002,monotone_isotonic
E02,293.0,0.276987119726002,monotone_isotonic
E02,294.0,0.276987119726002,monotone_isotonic
E02,295.0,0.276987119726002,monotone_isotonic
E02,296.0,0.276987119726002,monotone_isotonic
E02,297.0,0.276987119726002,monotone_isotonic
E02,298.0,0.276987119726002,monotone_isotonic
E02,299.0,0.276987119726002,monotone_isotonic
E02,300.0,0.276987119726002,monotone_isotonic
E02,301.0,0.276987119726002,monotone_isotonic
E02,302.0,0.276987119726002,monotone_isotonic
E02,303.0,0.276987119726002,monotone_isotonic
E02,304.0,0.276987119726002,monotone_isotonic
E02,305.0,0.276987119726002,monotone_isotonic
E02,306.0,0.276987119726002,monotone_isotonic
E02,307.0,0.276987119726002,monotone_isotonic
E02,308.0,0.276987119726002,monotone_isotonic
E02,309.0,0.276987119726002,monotone_isotonic
E02,310.0,0.276987119726002,monotone_isotonic
E02,311.0,0.276987119726002,monotone_isotonic
E02,312.0,0.276987119726002,monotone_isotonic
E02,313.0,0.276987119726002,monotone_isotonic
E02,314.0,0.276987119726002,monotone_isotonic
E02,315.0,0.276987119726002,monotone_isotonic
E02,316.0,0.276987119726002,monotone_isotonic
E02,317.0,0.276987119726002,monotone_isotonic
E02,318.0,0.276987119726002,monotone_isotonic
E02,319.0,0.276987119726002,monotone_isotonic
E02,320.0,0.276987119726002,monotone_isotonic
E02,321.0,0.276987119726002,monotone_isotonic
E02,322.0,0.276987119726002,monotone_isotonic
E02,323.0,0.276987119726002,monotone_isotonic
E02,324.0,0.276987119726002,monotone_isotonic
E02,325.0,0.276987119726002,monotone_isotonic
E02,326.0,0.276987119726002,monotone_isotonic
E02,327.0,0.276987119726002,monotone_isotonic
E02,328.0,0.276987119726002,monotone_isotonic
E02,329.0,0.276987119726002,monotone_isotonic
E02,330.0,0.276987119726002,monotone_isotonic
E02,331.0,0.276987119726002,monotone_isotonic
E02,332.0,0.276987119726002,monotone_isotonic
E02,333.0,0.276987119726002,monotone_isotonic
E02,334.0,0.276987119726002,monotone_isotonic
E02,335.0,0.276987119726002,monotone_isotonic
E02,336.0,0.276987119726002,monotone_isotonic
E02,337.0,0.276987119726002,monotone_isotonic
E02,338.0,0.276987119726002,monotone_isotonic
E02,339.0,0.276987119726002,monotone_isotonic
E02,340.0,0.276987119726002,monotone_isotonic
E02,341.0,0.276987119726002,monotone_isotonic
E02,342.0,0.276987119726002,monotone_isotonic
E02,343.0,0.276987119726002,monotone_isotonic
E02,344.0,0.276987119726002,monotone_isotonic
E02,345.0,0.276987119726002,monotone_isotonic
E02,346.0,0.276987119726002,monotone_isotonic
E02,347.0,0.276987119726002,monotone_isotonic
E02,348.0,0.276987119726002,monotone_isotonic
E02,349.0,0.276987119726002,monotone_isotonic
E02,350.0,0.276987119726002,monotone_isotonic
E02,351.0,0.276987119726002,monotone_isotonic
E02,352.0,0.276987119726002,monotone_isotonic
E02,353.0,0.276987119726002,monotone_isotonic
E02,354.0,0.276987119726002,monotone_isotonic
E02,355.0,0.276987119726002,monotone_isotonic
E02,356.0,0.276987119726002,monotone_isotonic
E02,357.0,0.276987119726002,monotone_isotonic
E02,358.0,0.276987119726002,monotone_isotonic
E02,359.0,0.276987119726002,monotone_isotonic
E02,360.0,0.276987119726002,monotone_isotonic
E02,361.0,0.276987119726002,monotone_isotonic
E02,362.0,0.276987119726002,monotone_isotonic
E02,363.0,0.276987119726002,monotone_isotonic
E02,364.0,0.276987119726002,monotone_isotonic
E02,365.0,0.276987119726002,monotone_isotonic
E03,0.0,0.2942443029493413,monotone_isotonic
E03,1.0,0.2942443029493413,monotone_isotonic
E03,2.0,0.2942443029493413,monotone_isotonic
E03,3.0,0.2942443029493413,monotone_isotonic
E03,4.0,0.2942443029493413,monotone_isotonic
E03,5.0,0.2942443029493413,monotone_isotonic
E03,6.0,0.2942443029493413,monotone_isotonic
E03,7.0,0.2942443029493413,monotone_isotonic
E03,8.0,0.2942443029493413,monotone_isotonic
E03,9.0,0.2942443029493413,monotone_isotonic
E03,10.0,0.2942443029493413,monotone_isotonic
E03,11.0,0.2942443029493413,monotone_isotonic
E03,12.0,0.2942443029493413,monotone_isotonic
E03,13.0,0.2942443029493413,monotone_isotonic
E03,14.0,0.2942443029493413,monotone_isotonic
E03,15.0,0.2942443029493413,monotone_isotonic
E03,16.0,0.2942443029493413,monotone_isotonic
E03,17.0,0.2942443029493413,monotone_isotonic
E03,18.0,0.2942443029493413,monotone_isotonic
E03,19.0,0.2942443029493413,monotone_isotonic
E03,20.0,0.2942443029493413,monotone_isotonic
E03,21.0,0.2942443029493413,monotone_isotonic
E03,22.0,0.2942443029493413,monotone_isotonic
E03,23.0,0.2942443029493413,monotone_isotonic
E03,24.0,0.2942443029493413,monotone_isotonic
E03,25.0,0.2942443029493413,monotone_isotonic
E03,26.0,0.2942443029493413,monotone_isotonic
E03,27.0,0.2942443029493413,monotone_isotonic
E03,28.0,0.2942443029493413,monotone_isotonic
E03,29.0,0.2942443029493413,monotone_isotonic
E03,30.0,0.2942443029493413,monotone_isotonic
E03,31.0,0.2942443029493413,monotone_isotonic
E03,32.0,0.2942443029493413,monotone_isotonic
E03,33.0,0.2942443029493413,monotone_isotonic
E03,34.0,0.2942443029493413,monotone_isotonic
E03,35.0,0.2942443029493413,monotone_isotonic
E03,36.0,0.2942443029493413,monotone_isotonic
E03,37.0,0.2942443029493413,monotone_isotonic
E03,38.0,0.2942443029493413,monotone_isotonic
E03,39.0,0.2942443029493413,monotone_isotonic
E03,40.0,0.2942443029493413,monotone_isotonic
E03,41.0,0.2942443029493413,monotone_isotonic
E03,42.0,0.2942443029493413,monotone_isotonic
E03,43.0,0.2942443029493413,monotone_isotonic
E03,44.0,0.2942443029493413,monotone_isotonic
E03,45.0,0.2942443029493413,monotone_isotonic
E03,46.0,0.2942443029493413,monotone_isotonic
E03,47.0,0.2942443029493413,monotone_isotonic
E03,48.0,0.2942443029493413,monotone_isotonic
E03,49.0,0.2942443029493413,monotone_isotonic
E03,50.0,0.2942443029493413,monotone_isotonic
E03,51.0,0.2942443029493413,monotone_isotonic
E03,52.0,0.2942443029493413,monotone_isotonic
E03,53.0,0.2942443029493413,monotone_isotonic
E03,54.0,0.2942443029493413,monotone_isotonic
E03,55.0,0.2942443029493413,monotone_isotonic
E03,56.0,0.2942443029493413,monotone_isotonic
E03,57.0,0.2942443029493413,monotone_isotonic
E03,58.0,0.2942443029493413,monotone_isotonic
E03,59.0,0.2942443029493413,monotone_isotonic
E03,60.0,0.2942443029493413,monotone_isotonic
E03,61.0,0.2942443029493413,monotone_isotonic
E03,62.0,0.2942443029493413,monotone_isotonic
E03,63.0,0.2942443029493413,monotone_isotonic
E03,64.0,0.2942443029493413,monotone_isotonic
E03,65.0,0.2942443029493413,monotone_isotonic
E03,66.0,0.2942443029493413,monotone_isotonic
E03,67.0,0.2942443029493413,monotone_isotonic
E03,68.0,0.2942443029493413,monotone_isotonic
E03,69.0,0.2942443029493413,monotone_isotonic
E03,70.0,0.2942443029493413,monotone_isotonic
E03,71.0,0.2942443029493413,monotone_isotonic
E03,72.0,0.2942443029493413,monotone_isotonic
E03,73.0,0.2942443029493413,monotone_isotonic
E03,74.0,0.2942443029493413,monotone_isotonic
E03,75.0,0.2942443029493413,monotone_isotonic
E03,76.0,0.2942443029493413,monotone_isotonic
E03,77.0,0.2942443029493413,monotone_isotonic
E03,78.0,0.2942443029493413,monotone_isotonic
E03,79.0,0.2942443029493413,monotone_isotonic
E03,80.0,0.2942443029493413,monotone_isotonic
E03,81.0,0.2942443029493413,monotone_isotonic
E03,82.0,0.2942443029493413,monotone_isotonic
E03,83.0,0.2942443029493413,monotone_isotonic
E03,84.0,0.2942443029493413,monotone_isotonic
E03,85.0,0.2942443029493413,monotone_isotonic
E03,86.0,0.2942443029493413,monotone_isotonic
E03,87.0,0.2942443029493413,monotone_isotonic
E03,88.0,0.2942443029493413,monotone_isotonic
E03,89.0,0.2942443029493413,monotone_isotonic
E03,90.0,0.2942443029493413,monotone_isotonic
E03,91.0,0.2942443029493413,monotone_isotonic
E03,92.0,0.2942443029493413,monotone_isotonic
E03,93.0,0.2942443029493413,monotone_isotonic
E03,94.0,0.2942443029493413,monotone_isotonic
E03,95.0,0.2942443029493413,monotone_isotonic
E03,96.0,0.2942443029493413,monotone_isotonic
E03,97.0,0.2942443029493413,monotone_isotonic
E03,98.0,0.2942443029493413,monotone_isotonic
E03,99.0,0.2942443029493413,monotone_isotonic
E03,100.0,0.2942443029493413,monotone_isotonic
E03,101.0,0.2942443029493413,monotone_isotonic
E03,102.0,0.2942443029493413,monotone_isotonic
E03,103.0,0.2942443029493413,monotone_isotonic
E03,104.0,0.2942443029493413,monotone_isotonic
E03,105.0,0.2942443029493413,monotone_isotonic
E03,106.0,0.2942443029493413,monotone_isotonic
E03,107.0,0.2942443029493413,monotone_isotonic
E03,108.0,0.2942443029493413,monotone_isotonic
E03,109.0,0.2942443029493413,monotone_isotonic
E03,110.0,0.2942443029493413,monotone_isotonic
E03,111.0,0.2942443029493413,monotone_isotonic
E03,112.0,0.2942443029493413,monotone_isotonic
E03,113.0,0.2942443029493413,monotone_isotonic
E03,114.0,0.2942443029493413,monotone_isotonic
E03,115.0,0.2942443029493413,monotone_isotonic
E03,116.0,0.2942443029493413,monotone_isotonic
E03,117.0,0.2942443029493413,monotone_isotonic
E03,118.0,0.2942443029493413,monotone_isotonic
E03,119.0,0.2942443029493413,monotone_isotonic
E03,120.0,0.2942443029493413,monotone_isotonic
E03,121.0,0.2942443029493413,monotone_isotonic
E03,122.0,0.2942443029493413,monotone_isotonic
E03,123.0,0.2942443029493413,monotone_isotonic
E03,124.0,0.2942443029493413,monotone_isotonic
E03,125.0,0.2942443029493413,monotone_isotonic
E03,126.0,0.2942443029493413,monotone_isotonic
E03,127.0,0.2942443029493413,monotone_isotonic
E03,128.0,0.2942443029493413,monotone_isotonic
E03,129.0,0.2942443029493413,monotone_isotonic
E03,130.0,0.2942443029493413,monotone_isotonic
E03,131.0,0.2942443029493413,monotone_isotonic
E03,132.0,0.2942443029493413,monotone_isotonic
E03,133.0,0.2942443029493413,monotone_isotonic
E03,134.0,0.2942443029493413,monotone_isotonic
E03,135.0,0.2942443029493413,monotone_isotonic
E03,136.0,0.2942443029493413,monotone_isotonic
E03,137.0,0.2942443029493413,monotone_isotonic
E03,138.0,0.2942443029493413,monotone_isotonic
E03,139.0,0.2942443029493413,monotone_isotonic
E03,140.0,0.2942443029493413,monotone_isotonic
E03,141.0,0.2942443029493413,monotone_isotonic
E03,142.0,0.2942443029493413,monotone_isotonic
E03,143.0,0.2942443029493413,monotone_isotonic
E03,144.0,0.2942443029493413,monotone_isotonic
E03,145.0,0.2942443029493413,monotone_isotonic
E03,146.0,0.2942443029493413,monotone_isotonic
E03,147.0,0.2942443029493413,monotone_isotonic
E03,148.0,0.2942443029493413,monotone_isotonic
E03,149.0,0.2942443029493413,monotone_isotonic
E03,150.0,0.2942443029493413,monotone_isotonic
E03,151.0,0.2942443029493413,monotone_isotonic
E03,152.0,0.2942443029493413,monotone_isotonic
E03,153.0,0.2942443029493413,monotone_isotonic
E03,154.0,0.2942443029493413,monotone_isotonic
E03,155.0,0.2942443029493413,monotone_isotonic
E03,156.0,0.2942443029493413,monotone_isotonic
E03,157.0,0.2942443029493413,monotone_isotonic
E03,158.0,0.2942443029493413,monotone_isotonic
E03,159.0,0.2942443029493413,monotone_isotonic
E03,160.0,0.2942443029493413,monotone_isotonic
E03,161.0,0.2942443029493413,monotone_isotonic
E03,162.0,0.2942443029493413,monotone_isotonic
E03,163.0,0.2942443029493413,monotone_isotonic
E03,164.0,0.2942443029493413,monotone_isotonic
E03,165.0,0.2942443029493413,monotone_isotonic
E03,166.0,0.2942443029493413,monotone_isotonic
E03,167.0,0.2942443029493413,monotone_isotonic
E03,168.0,0.2942443029493413,monotone_isotonic
E03,169.0,0.2942443029493413,monotone_isotonic
E03,170.0,0.2942443029493413,monotone_isotonic
E03,171.0,0.2942443029493413,monotone_isotonic
E03,172.0,0.2942443029493413,monotone_isotonic
E03,173.0,0.2942443029493413,monotone_isotonic
E03,174.0,0.2942443029493413,monotone_isotonic
E03,175.0,0.2942443029493413,monotone_isotonic
E03,176.0,0.2942443029493413,monotone_isotonic
E03,177.0,0.2942443029493413,monotone_isotonic
E03,178.0,0.2942443029493413,monotone_isotonic
E03,179.0,0.2942443029493413,monotone_isotonic
E03,180.0,0.2942443029493413,monotone_isotonic
E03,181.0,0.2942443029493413,monotone_isotonic
E03,182.0,0.2942443029493413,monotone_isotonic
E03,183.0,0.2942443029493413,monotone_isotonic
E03,184.0,0.2942443029493413,monotone_isotonic
E03,185.0,0.2942443029493413,monotone_isotonic
E03,186.0,0.2942443029493413,monotone_isotonic
E03,187.0,0.2942443029493413,monotone_isotonic
E03,188.0,0.2942443029493413,monotone_isotonic
E03,189.0,0.2942443029493413,monotone_isotonic
E03,190.0,0.2942443029493413,monotone_isotonic
E03,191.0,0.2942443029493413,monotone_isotonic
E03,192.0,0.2942443029493413,monotone_isotonic
E03,193.0,0.2942443029493413,monotone_isotonic
E03,194.0,0.2942443029493413,monotone_isotonic
E03,195.0,0.2942443029493413,monotone_isotonic
E03,196.0,0.2942443029493413,monotone_isotonic
E03,197.0,0.2942443029493413,monotone_isotonic
E03,198.0,0.2942443029493413,monotone_isotonic
E03,199.0,0.2942443029493413,monotone_isotonic
E03,200.0,0.2942443029493413,monotone_isotonic
E03,201.0,0.2942443029493413,monotone_isotonic
E03,202.0,0.2942443029493413,monotone_isotonic
E03,203.0,0.2942443029493413,monotone_isotonic
E03,204.0,0.2942443029493413,monotone_isotonic
E03,205.0,0.2942443029493413,monotone_isotonic
E03,206.0,0.2942443029493413,monotone_isotonic
E03,207.0,0.2942443029493413,monotone_isotonic
E03,208.0,0.2942443029493413,monotone_isotonic
E03,209.0,0.2942443029493413,monotone_isotonic
E03,210.0,0.2942443029493413,monotone_isotonic
E03,211.0,0.2954060986477289,monotone_isotonic
E03,212.0,0.2965678943461165,monotone_isotonic
E03,213.0,0.2977296900445041,monotone_isotonic
E03,214.0,0.2988914857428917,monotone_isotonic
E03,215.0,0.3000532814412793,monotone_isotonic
E03,216.0,0.3012150771396669,monotone_isotonic
E03,217.0,0.3023768728380545,monotone_isotonic
E03,218.0,0.3035386685364421,monotone_isotonic
E03,219.0,0.3047004642348297,monotone_isotonic
E03,220.0,0.3058622599332173,monotone_isotonic
E03,221.0,0.3070240556316049,monotone_isotonic
E03,222.0,0.3081858513299925,monotone_isotonic
E03,223.0,0.3093476470283801,monotone_isotonic
E03,224.0,0.3105094427267677,monotone_isotonic
E03,225.0,0.3116712384251553,monotone_isotonic
E03,226.0,0.3128330341235429,monotone_isotonic
E03,227.0,0.3139948298219305,monotone_isotonic
E03,228.0,0.3151566255203181,monotone_isotonic
E03,229.0,0.3163184212187057,monotone_isotonic
E03,230.0,0.3174802169170933,monotone_isotonic
E03,231.0,0.3186420126154809,monotone_isotonic
E03,232.0,0.3186420126154809,monotone_isotonic
E03,233.0,0.3186420126154809,monotone_isotonic
E03,234.0,0.3186420126154809,monotone_isotonic
E03,235.0,0.3186420126154809,monotone_isotonic
E03,236.0,0.3186420126154809,monotone_isotonic
E03,237.0,0.3186420126154809,monotone_isotonic
E03,238.0,0.3186420126154809,monotone_isotonic
E03,239.0,0.3186420126154809,monotone_isotonic
E03,240.0,0.3186420126154809,monotone_isotonic
E03,241.0,0.3186420126154809,monotone_isotonic
E03,242.0,0.3186420126154809,monotone_isotonic
E03,243.0,0.3186420126154809,monotone_isotonic
E03,244.0,0.3186420126154809,monotone_isotonic
E03,245.0,0.3186420126154809,monotone_isotonic
E03,246.0,0.3186420126154809,monotone_isotonic
E03,247.0,0.3186420126154809,monotone_isotonic
E03,248.0,0.3186420126154809,monotone_isotonic
E03,249.0,0.3186420126154809,monotone_isotonic
E03,250.0,0.3186420126154809,monotone_isotonic
E03,251.0,0.3186420126154809,monotone_isotonic
E03,252.0,0.3186420126154809,monotone_isotonic
E03,253.0,0.3186420126154809,monotone_isotonic
E03,254.0,0.3186420126154809,monotone_isotonic
E03,255.0,0.3186420126154809,monotone_isotonic
E03,256.0,0.3186420126154809,monotone_isotonic
E03,257.0,0.3186420126154809,monotone_isotonic
E03,258.0,0.3186420126154809,monotone_isotonic
E03,259.0,0.3186420126154809,monotone_isotonic
E03,260.0,0.3186420126154809,monotone_isotonic
E03,261.0,0.3186420126154809,monotone_isotonic
E03,262.0,0.3186420126154809,monotone_isotonic
E03,263.0,0.3186420126154809,monotone_isotonic
E03,264.0,0.3186420126154809,monotone_isotonic
E03,265.0,0.3186420126154809,monotone_isotonic
E03,266.0,0.3186420126154809,monotone_isotonic
E03,267.0,0.3186420126154809,monotone_isotonic
E03,268.0,0.3186420126154809,monotone_isotonic
E03,269.0,0.3186420126154809,monotone_isotonic
E03,270.0,0.3186420126154809,monotone_isotonic
E03,271.0,0.3186420126154809,monotone_isotonic
E03,272.0,0.3186420126154809,monotone_isotonic
E03,273.0,0.3186420126154809,monotone_isotonic
E03,274.0,0.3186420126154809,monotone_isotonic
E03,275.0,0.3186420126154809,monotone_isotonic
E03,276.0,0.3186420126154809,monotone_isotonic
E03,277.0,0.3186420126154809,monotone_isotonic
E03,278.0,0.3186420126154809,monotone_isotonic
E03,279.0,0.3186420126154809,monotone_isotonic
E03,280.0,0.3186420126154809,monotone_isotonic
E03,281.0,0.3186420126154809,monotone_isotonic
E03,282.0,0.3186420126154809,monotone_isotonic
E03,283.0,0.3186420126154809,monotone_isotonic
E03,284.0,0.3186420126154809,monotone_isotonic
E03,285.0,0.3186420126154809,monotone_isotonic
E03,286.0,0.3186420126154809,monotone_isotonic
E03,287.0,0.3186420126154809,monotone_isotonic
E03,288.0,0.3186420126154809,monotone_isotonic
E03,289.0,0.3186420126154809,monotone_isotonic
E03,290.0,0.3186420126154809,monotone_isotonic
E03,291.0,0.3186420126154809,monotone_isotonic
E03,292.0,0.3186420126154809,monotone_isotonic
E03,293.0,0.3186420126154809,monotone_isotonic
E03,294.0,0.3186420126154809,monotone_isotonic
E03,295.0,0.3186420126154809,monotone_isotonic
E03,296.0,0.3186420126154809,monotone_isotonic
E03,297.0,0.3186420126154809,monotone_isotonic
E03,298.0,0.3186420126154809,monotone_isotonic
E03,299.0,0.3186420126154809,monotone_isotonic
E03,300.0,0.3186420126154809,monotone_isotonic
E03,301.0,0.3186420126154809,monotone_isotonic
E03,302.0,0.3186420126154809,monotone_isotonic
E03,303.0,0.3186420126154809,monotone_isotonic
E03,304.0,0.3186420126154809,monotone_isotonic
E03,305.0,0.3186420126154809,monotone_isotonic
E03,306.0,0.3186420126154809,monotone_isotonic
E03,307.0,0.3186420126154809,monotone_isotonic
E03,308.0,0.3186420126154809,monotone_isotonic
E03,309.0,0.3186420126154809,monotone_isotonic
E03,310.0,0.3186420126154809,monotone_isotonic
E03,311.0,0.3186420126154809,monotone_isotonic
E03,312.0,0.3186420126154809,monotone_isotonic
E03,313.0,0.3186420126154809,monotone_isotonic
E03,314.0,0.3186420126154809,monotone_isotonic
E03,315.0,0.3186420126154809,monotone_isotonic
E03,316.0,0.3186420126154809,monotone_isotonic
E03,317.0,0.3186420126154809,monotone_isotonic
E03,318.0,0.3186420126154809,monotone_isotonic
E03,319.0,0.3186420126154809,monotone_isotonic
E03,320.0,0.3186420126154809,monotone_isotonic
E03,321.0,0.3186420126154809,monotone_isotonic
E03,322.0,0.3186420126154809,monotone_isotonic
E03,323.0,0.3186420126154809,monotone_isotonic
E03,324.0,0.3186420126154809,monotone_isotonic
E03,325.0,0.3186420126154809,monotone_isotonic
E03,326.0,0.3186420126154809,monotone_isotonic
E03,327.0,0.3186420126154809,monotone_isotonic
E03,328.0,0.3186420126154809,monotone_isotonic
E03,329.0,0.3186420126154809,monotone_isotonic
E03,330.0,0.3186420126154809,monotone_isotonic
E03,331.0,0.3186420126154809,monotone_isotonic
E03,332.0,0.3186420126154809,monotone_isotonic
E03,333.0,0.3186420126154809,monotone_isotonic
E03,334.0,0.3186420126154809,monotone_isotonic
E03,335.0,0.3186420126154809,monotone_isotonic
E03,336.0,0.3186420126154809,monotone_isotonic
E03,337.0,0.3186420126154809,monotone_isotonic
E03,338.0,0.3186420126154809,monotone_isotonic
E03,339.0,0.3186420126154809,monotone_isotonic
E03,340.0,0.3186420126154809,monotone_isotonic
E03,341.0,0.3186420126154809,monotone_isotonic
E03,342.0,0.3186420126154809,monotone_isotonic
E03,343.0,0.3186420126154809,monotone_isotonic
E03,344.0,0.3186420126154809,monotone_isotonic
E03,345.0,0.3186420126154809,monotone_isotonic
E03,346.0,0.3186420126154809,monotone_isotonic
E03,347.0,0.3186420126154809,monotone_isotonic
E03,348.0,0.3186420126154809,monotone_isotonic
E03,349.0,0.3186420126154809,monotone_isotonic
E03,350.0,0.3186420126154809,monotone_isotonic
E03,351.0,0.3186420126154809,monotone_isotonic
E03,352.0,0.3186420126154809,monotone_isotonic
E03,353.0,0.3186420126154809,monotone_isotonic
E03,354.0,0.3186420126154809,monotone_isotonic
E03,355.0,0.3186420126154809,monotone_isotonic
E03,356.0,0.3186420126154809,monotone_isotonic
E03,357.0,0.3186420126154809,monotone_isotonic
E03,358.0,0.3186420126154809,monotone_isotonic
E03,359.0,0.3186420126154809,monotone_isotonic
E03,360.0,0.3186420126154809,monotone_isotonic
E03,361.0,0.3186420126154809,monotone_isotonic
E03,362.0,0.3186420126154809,monotone_isotonic
E03,363.0,0.3186420126154809,monotone_isotonic
E03,364.0,0.3186420126154809,monotone_isotonic
E03,365.0,0.3186420126154809,monotone_isotonic
E04,0.0,0.4093145716423695,monotone_isotonic
E04,1.0,0.4093145716423695,monotone_isotonic
E04,2.0,0.4093145716423695,monotone_isotonic
E04,3.0,0.4093145716423695,monotone_isotonic
E04,4.0,0.4093145716423695,monotone_isotonic
E04,5.0,0.4093145716423695,monotone_isotonic
E04,6.0,0.4093145716423695,monotone_isotonic
E04,7.0,0.4093145716423695,monotone_isotonic
E04,8.0,0.4093145716423695,monotone_isotonic
E04,9.0,0.4093145716423695,monotone_isotonic
E04,10.0,0.4093145716423695,monotone_isotonic
E04,11.0,0.4093145716423695,monotone_isotonic
E04,12.0,0.4093145716423695,monotone_isotonic
E04,13.0,0.4093145716423695,monotone_isotonic
E04,14.0,0.4093145716423695,monotone_isotonic
E04,15.0,0.4093145716423695,monotone_isotonic
E04,16.0,0.4093145716423695,monotone_isotonic
E04,17.0,0.4093145716423695,monotone_isotonic
E04,18.0,0.4093145716423695,monotone_isotonic
E04,19.0,0.4093145716423695,monotone_isotonic
E04,20.0,0.4093145716423695,monotone_isotonic
E04,21.0,0.4093145716423695,monotone_isotonic
E04,22.0,0.4093145716423695,monotone_isotonic
E04,23.0,0.4093145716423695,monotone_isotonic
E04,24.0,0.4093145716423695,monotone_isotonic
E04,25.0,0.4093145716423695,monotone_isotonic
E04,26.0,0.4093145716423695,monotone_isotonic
E04,27.0,0.4093145716423695,monotone_isotonic
E04,28.0,0.4093145716423695,monotone_isotonic
E04,29.0,0.4093145716423695,monotone_isotonic
E04,30.0,0.4093145716423695,monotone_isotonic
E04,31.0,0.4093145716423695,monotone_isotonic
E04,32.0,0.4093145716423695,monotone_isotonic
E04,33.0,0.4093145716423695,monotone_isotonic
E04,34.0,0.4093145716423695,monotone_isotonic
E04,35.0,0.4093145716423695,monotone_isotonic
E04,36.0,0.4093145716423695,monotone_isotonic
E04,37.0,0.4093145716423695,monotone_isotonic
E04,38.0,0.4093145716423695,monotone_isotonic
E04,39.0,0.4093145716423695,monotone_isotonic
E04,40.0,0.4093145716423695,monotone_isotonic
E04,41.0,0.4093145716423695,monotone_isotonic
E04,42.0,0.4093145716423695,monotone_isotonic
E04,43.0,0.4093145716423695,monotone_isotonic
E04,44.0,0.4093145716423695,monotone_isotonic
E04,45.0,0.4093145716423695,monotone_isotonic
E04,46.0,0.4093145716423695,monotone_isotonic
E04,47.0,0.4093145716423695,monotone_isotonic
E04,48.0,0.4093145716423695,monotone_isotonic
E04,49.0,0.4093145716423695,monotone_isotonic
E04,50.0,0.4093145716423695,monotone_isotonic
E04,51.0,0.4093145716423695,monotone_isotonic
E04,52.0,0.4093145716423695,monotone_isotonic
E04,53.0,0.4093145716423695,monotone_isotonic
E04,54.0,0.4093145716423695,monotone_isotonic
E04,55.0,0.4093145716423695,monotone_isotonic
E04,56.0,0.4093145716423695,monotone_isotonic
E04,57.0,0.4093145716423695,monotone_isotonic
E04,58.0,0.4093145716423695,monotone_isotonic
E04,59.0,0.4093145716423695,monotone_isotonic
E04,60.0,0.4093145716423695,monotone_isotonic
E04,61.0,0.4093145716423695,monotone_isotonic
E04,62.0,0.4093145716423695,monotone_isotonic
E04,63.0,0.4093145716423695,monotone_isotonic
E04,64.0,0.4093145716423695,monotone_isotonic
E04,65.0,0.4093145716423695,monotone_isotonic
E04,66.0,0.4093145716423695,monotone_isotonic
E04,67.0,0.4093145716423695,monotone_isotonic
E04,68.0,0.4093145716423695,monotone_isotonic
E04,69.0,0.4093145716423695,monotone_isotonic
E04,70.0,0.4093145716423695,monotone_isotonic
E04,71.0,0.4093145716423695,monotone_isotonic
E04,72.0,0.4093145716423695,monotone_isotonic
E04,73.0,0.4093145716423695,monotone_isotonic
E04,74.0,0.4093145716423695,monotone_isotonic
E04,75.0,0.4093145716423695,monotone_isotonic
E04,76.0,0.4093145716423695,monotone_isotonic
E04,77.0,0.4093145716423695,monotone_isotonic
E04,78.0,0.4093145716423695,monotone_isotonic
E04,79.0,0.4093145716423695,monotone_isotonic
E04,80.0,0.4093145716423695,monotone_isotonic
E04,81.0,0.4093145716423695,monotone_isotonic
E04,82.0,0.4093145716423695,monotone_isotonic
E04,83.0,0.4093145716423695,monotone_isotonic
E04,84.0,0.4093145716423695,monotone_isotonic
E04,85.0,0.4093145716423695,monotone_isotonic
E04,86.0,0.4093145716423695,monotone_isotonic
E04,87.0,0.4093145716423695,monotone_isotonic
E04,88.0,0.4093145716423695,monotone_isotonic
E04,89.0,0.4093145716423695,monotone_isotonic
E04,90.0,0.4093145716423695,monotone_isotonic
E04,91.0,0.4093145716423695,monotone_isotonic
E04,92.0,0.4093145716423695,monotone_isotonic
E04,93.0,0.4093145716423695,monotone_isotonic
E04,94.0,0.4093145716423695,monotone_isotonic
E04,95.0,0.4093145716423695,monotone_isotonic
E04,96.0,0.4093145716423695,monotone_isotonic
E04,97.0,0.4093145716423695,monotone_isotonic
E04,98.0,0.4093145716423695,monotone_isotonic
E04,99.0,0.4093145716423695,monotone_isotonic
E04,100.0,0.4093145716423695,monotone_isotonic
E04,101.0,0.4093145716423695,monotone_isotonic
E04,102.0,0.4093145716423695,monotone_isotonic
E04,103.0,0.4093145716423695,monotone_isotonic
E04,104.0,0.4093145716423695,monotone_isotonic
E04,105.0,0.4093145716423695,monotone_isotonic
E04,106.0,0.4093145716423695,monotone_isotonic
E04,107.0,0.4093145716423695,monotone_isotonic
E04,108.0,0.4093145716423695,monotone_isotonic
E04,109.0,0.4093145716423695,monotone_isotonic
E04,110.0,0.4093145716423695,monotone_isotonic
E04,111.0,0.4093145716423695,monotone_isotonic
E04,112.0,0.4093145716423695,monotone_isotonic
E04,113.0,0.4093145716423695,monotone_isotonic
E04,114.0,0.4093145716423695,monotone_isotonic
E04,115.0,0.4093145716423695,monotone_isotonic
E04,116.0,0.4093145716423695,monotone_isotonic
E04,117.0,0.4093145716423695,monotone_isotonic
E04,118.0,0.4093145716423695,monotone_isotonic
E04,119.0,0.4093145716423695,monotone_isotonic
E04,120.0,0.4093145716423695,monotone_isotonic
E04,121.0,0.4093145716423695,monotone_isotonic
E04,122.0,0.4093145716423695,monotone_isotonic
E04,123.0,0.4093145716423695,monotone_isotonic
E04,124.0,0.4093145716423695,monotone_isotonic
E04,125.0,0.4093145716423695,monotone_isotonic
E04,126.0,0.4093145716423695,monotone_isotonic
E04,127.0,0.4093145716423695,monotone_isotonic
E04,128.0,0.4093145716423695,monotone_isotonic
E04,129.0,0.4093145716423695,monotone_isotonic
E04,130.0,0.4093145716423695,monotone_isotonic
E04,131.0,0.4093145716423695,monotone_isotonic
E04,132.0,0.4093145716423695,monotone_isotonic
E04,133.0,0.4093145716423695,monotone_isotonic
E04,134.0,0.4093145716423695,monotone_isotonic
E04,135.0,0.4093145716423695,monotone_isotonic
E04,136.0,0.4093145716423695,monotone_isotonic
E04,137.0,0.4093145716423695,monotone_isotonic
E04,138.0,0.4093145716423695,monotone_isotonic
E04,139.0,0.4093145716423695,monotone_isotonic
E04,140.0,0.4093145716423695,monotone_isotonic
E04,141.0,0.4093145716423695,monotone_isotonic
E04,142.0,0.4093145716423695,monotone_isotonic
E04,143.0,0.4093145716423695,monotone_isotonic
E04,144.0,0.4093145716423695,monotone_isotonic
E04,145.0,0.4093145716423695,monotone_isotonic
E04,146.0,0.4093145716423695,monotone_isotonic
E04,147.0,0.4093145716423695,monotone_isotonic
E04,148.0,0.4093145716423695,monotone_isotonic
E04,149.0,0.4093145716423695,monotone_isotonic
E04,150.0,0.4093145716423695,monotone_isotonic
E04,151.0,0.4093145716423695,monotone_isotonic
E04,152.0,0.4093145716423695,monotone_isotonic
E04,153.0,0.4093145716423695,monotone_isotonic
E04,154.0,0.4093145716423695,monotone_isotonic
E04,155.0,0.4093145716423695,monotone_isotonic
E04,156.0,0.4093145716423695,monotone_isotonic
E04,157.0,0.4093145716423695,monotone_isotonic
E04,158.0,0.4093145716423695,monotone_isotonic
E04,159.0,0.4093145716423695,monotone_isotonic
E04,160.0,0.4093145716423695,monotone_isotonic
E04,161.0,0.4093145716423695,monotone_isotonic
E04,162.0,0.4093145716423695,monotone_isotonic
E04,163.0,0.4093145716423695,monotone_isotonic
E04,164.0,0.4093145716423695,monotone_isotonic
E04,165.0,0.4093145716423695,monotone_isotonic
E04,166.0,0.4093145716423695,monotone_isotonic
E04,167.0,0.4093145716423695,monotone_isotonic
E04,168.0,0.4093145716423695,monotone_isotonic
E04,169.0,0.4093145716423695,monotone_isotonic
E04,170.0,0.4093145716423695,monotone_isotonic
E04,171.0,0.4093145716423695,monotone_isotonic
E04,172.0,0.4093145716423695,monotone_isotonic
E04,173.0,0.4093145716423695,monotone_isotonic
E04,174.0,0.4093145716423695,monotone_isotonic
E04,175.0,0.4093145716423695,monotone_isotonic
E04,176.0,0.4093145716423696,monotone_isotonic
E04,177.0,0.4093145716423696,monotone_isotonic
E04,178.0,0.4093145716423696,monotone_isotonic
E04,179.0,0.4093145716423696,monotone_isotonic
E04,180.0,0.4093145716423696,monotone_isotonic
E04,181.0,0.4093145716423696,monotone_isotonic
E04,182.0,0.4093145716423696,monotone_isotonic
E04,183.0,0.4093145716423696,monotone_isotonic
E04,184.0,0.4093145716423696,monotone_isotonic
E04,185.0,0.4093145716423696,monotone_isotonic
E04,186.0,0.4093145716423696,monotone_isotonic
E04,187.0,0.4093145716423696,monotone_isotonic
E04,188.0,0.4093145716423696,monotone_isotonic
E04,189.0,0.4093145716423696,monotone_isotonic
E04,190.0,0.4093145716423696,monotone_isotonic
E04,191.0,0.4093145716423696,monotone_isotonic
E04,192.0,0.4093145716423696,monotone_isotonic
E04,193.0,0.4093145716423696,monotone_isotonic
E04,194.0,0.4093145716423696,monotone_isotonic
E04,195.0,0.4093145716423696,monotone_isotonic
E04,196.0,0.4093145716423696,monotone_isotonic
E04,197.0,0.4093145716423696,monotone_isotonic
E04,198.0,0.4093145716423696,monotone_isotonic
E04,199.0,0.4093145716423696,monotone_isotonic
E04,200.0,0.4093145716423696,monotone_isotonic
E04,201.0,0.4093145716423696,monotone_isotonic
E04,202.0,0.4093145716423696,monotone_isotonic
E04,203.0,0.4093145716423696,monotone_isotonic
E04,204.0,0.4093145716423696,monotone_isotonic
E04,205.0,0.4093145716423696,monotone_isotonic
E04,206.0,0.4093145716423696,monotone_isotonic
E04,207.0,0.4093145716423696,monotone_isotonic
E04,208.0,0.4093145716423696,monotone_isotonic
E04,209.0,0.4093145716423696,monotone_isotonic
E04,210.0,0.4093145716423696,monotone_isotonic
E04,211.0,0.4105872750270953,monotone_isotonic
E04,212.0,0.411859978411821,monotone_isotonic
E04,213.0,0.4131326817965468,monotone_isotonic
E04,214.0,0.4144053851812725,monotone_isotonic
E04,215.0,0.4156780885659982,monotone_isotonic
E04,216.0,0.4169507919507239,monotone_isotonic
E04,217.0,0.4182234953354496,monotone_isotonic
E04,218.0,0.4194961987201754,monotone_isotonic
E04,219.0,0.4207689021049011,monotone_isotonic
E04,220.0,0.4220416054896268,monotone_isotonic
E04,221.0,0.4233143088743525,monotone_isotonic
E04,222.0,0.4245870122590783,monotone_isotonic
E04,223.0,0.425859715643804,monotone_isotonic
E04,224.0,0.4271324190285297,monotone_isotonic
E04,225.0,0.4284051224132554,monotone_isotonic
E04,226.0,0.4296778257979811,monotone_isotonic
E04,227.0,0.4309505291827069,monotone_isotonic
E04,228.0,0.4322232325674326,monotone_isotonic
E04,229.0,0.4334959359521583,monotone_isotonic
E04,230.0,0.434768639336884,monotone_isotonic
E04,231.0,0.4360413427216097,monotone_isotonic
E04,232.0,0.4360413427216097,monotone_isotonic
E04,233.0,0.4360413427216097,monotone_isotonic
E04,234.0,0.4360413427216097,monotone_isotonic
E04,235.0,0.4360413427216097,monotone_isotonic
E04,236.0,0.4360413427216097,monotone_isotonic
E04,237.0,0.4360413427216097,monotone_isotonic
E04,238.0,0.4360413427216097,monotone_isotonic
E04,239.0,0.4360413427216097,monotone_isotonic
E04,240.0,0.4360413427216097,monotone_isotonic
E04,241.0,0.4360413427216097,monotone_isotonic
E04,242.0,0.4360413427216097,monotone_isotonic
E04,243.0,0.4360413427216097,monotone_isotonic
E04,244.0,0.4360413427216097,monotone_isotonic
E04,245.0,0.4360413427216097,monotone_isotonic
E04,246.0,0.4360413427216097,monotone_isotonic
E04,247.0,0.4360413427216097,monotone_isotonic
E04,248.0,0.4360413427216097,monotone_isotonic
E04,249.0,0.4360413427216097,monotone_isotonic
E04,250.0,0.4360413427216097,monotone_isotonic
E04,251.0,0.4360413427216097,monotone_isotonic
E04,252.0,0.4360413427216097,monotone_isotonic
E04,253.0,0.4360413427216097,monotone_isotonic
E04,254.0,0.4360413427216097,monotone_isotonic
E04,255.0,0.4360413427216097,monotone_isotonic
E04,256.0,0.4360413427216097,monotone_isotonic
E04,257.0,0.4360413427216097,monotone_isotonic
E04,258.0,0.4360413427216097,monotone_isotonic
E04,259.0,0.4360413427216097,monotone_isotonic
E04,260.0,0.4360413427216097,monotone_isotonic
E04,261.0,0.4360413427216097,monotone_isotonic
E04,262.0,0.4360413427216097,monotone_isotonic
E04,263.0,0.4360413427216097,monotone_isotonic
E04,264.0,0.4360413427216097,monotone_isotonic
E04,265.0,0.4360413427216097,monotone_isotonic
E04,266.0,0.4360413427216097,monotone_isotonic
E04,267.0,0.4360413427216097,monotone_isotonic
E04,268.0,0.4360413427216097,monotone_isotonic
E04,269.0,0.4360413427216097,monotone_isotonic
E04,270.0,0.4360413427216097,monotone_isotonic
E04,271.0,0.4360413427216097,monotone_isotonic
E04,272.0,0.4360413427216097,monotone_isotonic
E04,273.0,0.4360413427216097,monotone_isotonic
E04,274.0,0.4360413427216097,monotone_isotonic
E04,275.0,0.4360413427216097,monotone_isotonic
E04,276.0,0.4360413427216097,monotone_isotonic
E04,277.0,0.4360413427216097,monotone_isotonic
E04,278.0,0.4360413427216097,monotone_isotonic
E04,279.0,0.4360413427216097,monotone_isotonic
E04,280.0,0.4360413427216097,monotone_isotonic
E04,281.0,0.4360413427216097,monotone_isotonic
E04,282.0,0.4360413427216097,monotone_isotonic
E04,283.0,0.4360413427216097,monotone_isotonic
E04,284.0,0.4360413427216097,monotone_isotonic
E04,285.0,0.4360413427216097,monotone_isotonic
E04,286.0,0.4360413427216097,monotone_isotonic
E04,287.0,0.4360413427216097,monotone_isotonic
E04,288.0,0.4360413427216097,monotone_isotonic
E04,289.0,0.4360413427216097,monotone_isotonic
E04,290.0,0.4360413427216097,monotone_isotonic
E04,291.0,0.4360413427216097,monotone_isotonic
E04,292.0,0.4360413427216097,monotone_isotonic
E04,293.0,0.4360413427216097,monotone_isotonic
E04,294.0,0.4360413427216097,monotone_isotonic
E04,295.0,0.4360413427216097,monotone_isotonic
E04,296.0,0.4360413427216097,monotone_isotonic
E04,297.0,0.4360413427216097,monotone_isotonic
E04,298.0,0.4360413427216097,monotone_isotonic
E04,299.0,0.4360413427216097,monotone_isotonic
E04,300.0,0.4360413427216097,monotone_isotonic
E04,301.0,0.4360413427216097,monotone_isotonic
E04,302.0,0.4360413427216097,monotone_isotonic
E04,303.0,0.4360413427216097,monotone_isotonic
E04,304.0,0.4360413427216097,monotone_isotonic
E04,305.0,0.4360413427216097,monotone_isotonic
E04,306.0,0.4360413427216097,monotone_isotonic
E04,307.0,0.4360413427216097,monotone_isotonic
E04,308.0,0.4360413427216097,monotone_isotonic
E04,309.0,0.4360413427216097,monotone_isotonic
E04,310.0,0.4360413427216097,monotone_isotonic
E04,311.0,0.4360413427216097,monotone_isotonic
E04,312.0,0.4360413427216097,monotone_isotonic
E04,313.0,0.4360413427216097,monotone_isotonic
E04,314.0,0.4360413427216097,monotone_isotonic
E04,315.0,0.4360413427216097,monotone_isotonic
E04,316.0,0.4360413427216097,monotone_isotonic
E04,317.0,0.4360413427216097,monotone_isotonic
E04,318.0,0.4360413427216097,monotone_isotonic
E04,319.0,0.4360413427216097,monotone_isotonic
E04,320.0,0.4360413427216097,monotone_isotonic
E04,321.0,0.4360413427216097,monotone_isotonic
E04,322.0,0.4360413427216097,monotone_isotonic
E04,323.0,0.4360413427216097,monotone_isotonic
E04,324.0,0.4360413427216097,monotone_isotonic
E04,325.0,0.4360413427216097,monotone_isotonic
E04,326.0,0.4360413427216097,monotone_isotonic
E04,327.0,0.4360413427216097,monotone_isotonic
E04,328.0,0.4360413427216097,monotone_isotonic
E04,329.0,0.4360413427216097,monotone_isotonic
E04,330.0,0.4360413427216097,monotone_isotonic
E04,331.0,0.4360413427216097,monotone_isotonic
E04,332.0,0.4360413427216097,monotone_isotonic
E04,333.0,0.4360413427216097,monotone_isotonic
E04,334.0,0.4360413427216097,monotone_isotonic
E04,335.0,0.4360413427216097,monotone_isotonic
E04,336.0,0.4360413427216097,monotone_isotonic
E04,337.0,0.4360413427216097,monotone_isotonic
E04,338.0,0.4360413427216097,monotone_isotonic
E04,339.0,0.4360413427216097,monotone_isotonic
E04,340.0,0.4360413427216097,monotone_isotonic
E04,341.0,0.4360413427216097,monotone_isotonic
E04,342.0,0.4360413427216097,monotone_isotonic
E04,343.0,0.4360413427216097,monotone_isotonic
E04,344.0,0.4360413427216097,monotone_isotonic
E04,345.0,0.4360413427216097,monotone_isotonic
E04,346.0,0.4360413427216097,monotone_isotonic
E04,347.0,0.4360413427216097,monotone_isotonic
E04,348.0,0.4360413427216097,monotone_isotonic
E04,349.0,0.4360413427216097,monotone_isotonic
E04,350.0,0.4360413427216097,monotone_isotonic
E04,351.0,0.4360413427216097,monotone_isotonic
E04,352.0,0.4360413427216097,monotone_isotonic
E04,353.0,0.4360413427216097,monotone_isotonic
E04,354.0,0.4360413427216097,monotone_isotonic
E04,355.0,0.4360413427216097,monotone_isotonic
E04,356.0,0.4360413427216097,monotone_isotonic
E04,357.0,0.4360413427216097,monotone_isotonic
E04,358.0,0.4360413427216097,monotone_isotonic
E04,359.0,0.4360413427216097,monotone_isotonic
E04,360.0,0.4360413427216097,monotone_isotonic
E04,361.0,0.4360413427216097,monotone_isotonic
E04,362.0,0.4360413427216097,monotone_isotonic
E04,363.0,0.4360413427216097,monotone_isotonic
E04,364.0,0.4360413427216097,monotone_isotonic
E04,365.0,0.4360413427216097,monotone_isotonic
E05,0.0,0.2633075933423265,monotone_isotonic
E05,1.0,0.2633075933423265,monotone_isotonic
E05,2.0,0.2633075933423265,monotone_isotonic
E05,3.0,0.2633075933423265,monotone_isotonic
E05,4.0,0.2633075933423265,monotone_isotonic
E05,5.0,0.2633075933423265,monotone_isotonic
E05,6.0,0.2633075933423265,monotone_isotonic
E05,7.0,0.2633075933423265,monotone_isotonic
E05,8.0,0.2633075933423265,monotone_isotonic
E05,9.0,0.2633075933423265,monotone_isotonic
E05,10.0,0.2633075933423265,monotone_isotonic
E05,11.0,0.2633075933423265,monotone_isotonic
E05,12.0,0.2633075933423265,monotone_isotonic
E05,13.0,0.2633075933423265,monotone_isotonic
E05,14.0,0.2633075933423265,monotone_isotonic
E05,15.0,0.2633075933423265,monotone_isotonic
E05,16.0,0.2633075933423265,monotone_isotonic
E05,17.0,0.2633075933423265,monotone_isotonic
E05,18.0,0.2633075933423265,monotone_isotonic
E05,19.0,0.2633075933423265,monotone_isotonic
E05,20.0,0.2633075933423265,monotone_isotonic
E05,21.0,0.2633075933423265,monotone_isotonic
E05,22.0,0.2633075933423265,monotone_isotonic
E05,23.0,0.2633075933423265,monotone_isotonic
E05,24.0,0.2633075933423265,monotone_isotonic
E05,25.0,0.2633075933423265,monotone_isotonic
E05,26.0,0.2633075933423265,monotone_isotonic
E05,27.0,0.2633075933423265,monotone_isotonic
E05,28.0,0.2633075933423265,monotone_isotonic
E05,29.0,0.2633075933423265,monotone_isotonic
E05,30.0,0.2633075933423265,monotone_isotonic
E05,31.0,0.2633075933423265,monotone_isotonic
E05,32.0,0.2633075933423265,monotone_isotonic
E05,33.0,0.2633075933423265,monotone_isotonic
E05,34.0,0.2633075933423265,monotone_isotonic
E05,35.0,0.2633075933423265,monotone_isotonic
E05,36.0,0.2633075933423265,monotone_isotonic
E05,37.0,0.2633075933423265,monotone_isotonic
E05,38.0,0.2633075933423265,monotone_isotonic
E05,39.0,0.2633075933423265,monotone_isotonic
E05,40.0,0.2633075933423265,monotone_isotonic
E05,41.0,0.2633075933423265,monotone_isotonic
E05,42.0,0.2633075933423265,monotone_isotonic
E05,43.0,0.2633075933423265,monotone_isotonic
E05,44.0,0.2633075933423265,monotone_isotonic
E05,45.0,0.2633075933423265,monotone_isotonic
E05,46.0,0.2633075933423265,monotone_isotonic
E05,47.0,0.2633075933423265,monotone_isotonic
E05,48.0,0.2633075933423265,monotone_isotonic
E05,49.0,0.2633075933423265,monotone_isotonic
E05,50.0,0.2633075933423265,monotone_isotonic
E05,51.0,0.2633075933423265,monotone_isotonic
E05,52.0,0.2633075933423265,monotone_isotonic
E05,53.0,0.2633075933423265,monotone_isotonic
E05,54.0,0.2633075933423265,monotone_isotonic
E05,55.0,0.2633075933423265,monotone_isotonic
E05,56.0,0.2633075933423265,monotone_isotonic
E05,57.0,0.2633075933423265,monotone_isotonic
E05,58.0,0.2633075933423265,monotone_isotonic
E05,59.0,0.2633075933423265,monotone_isotonic
E05,60.0,0.2633075933423265,monotone_isotonic
E05,61.0,0.2633075933423265,monotone_isotonic
E05,62.0,0.2633075933423265,monotone_isotonic
E05,63.0,0.2633075933423265,monotone_isotonic
E05,64.0,0.2633075933423265,monotone_isotonic
E05,65.0,0.2633075933423265,monotone_isotonic
E05,66.0,0.2633075933423265,monotone_isotonic
E05,67.0,0.2633075933423265,monotone_isotonic
E05,68.0,0.2633075933423265,monotone_isotonic
E05,69.0,0.2633075933423265,monotone_isotonic
E05,70.0,0.2633075933423265,monotone_isotonic
E05,71.0,0.2633075933423265,monotone_isotonic
E05,72.0,0.2633075933423265,monotone_isotonic
E05,73.0,0.2633075933423265,monotone_isotonic
E05,74.0,0.2633075933423265,monotone_isotonic
E05,75.0,0.2633075933423265,monotone_isotonic
E05,76.0,0.2633075933423265,monotone_isotonic
E05,77.0,0.2633075933423265,monotone_isotonic
E05,78.0,0.2633075933423265,monotone_isotonic
E05,79.0,0.2633075933423265,monotone_isotonic
E05,80.0,0.2633075933423265,monotone_isotonic
E05,81.0,0.2633075933423265,monotone_isotonic
E05,82.0,0.2633075933423265,monotone_isotonic
E05,83.0,0.2633075933423265,monotone_isotonic
E05,84.0,0.2633075933423265,monotone_isotonic
E05,85.0,0.2633075933423265,monotone_isotonic
E05,86.0,0.2633075933423265,monotone_isotonic
E05,87.0,0.2633075933423265,monotone_isotonic
E05,88.0,0.2633075933423265,monotone_isotonic
E05,89.0,0.2633075933423265,monotone_isotonic
E05,90.0,0.2633075933423265,monotone_isotonic
E05,91.0,0.2633075933423265,monotone_isotonic
E05,92.0,0.2633075933423265,monotone_isotonic
E05,93.0,0.2633075933423265,monotone_isotonic
E05,94.0,0.2633075933423265,monotone_isotonic
E05,95.0,0.2633075933423265,monotone_isotonic
E05,96.0,0.2633075933423265,monotone_isotonic
E05,97.0,0.2633075933423265,monotone_isotonic
E05,98.0,0.2633075933423265,monotone_isotonic
E05,99.0,0.2633075933423265,monotone_isotonic
E05,100.0,0.2633075933423265,monotone_isotonic
E05,101.0,0.2633075933423265,monotone_isotonic
E05,102.0,0.2633075933423265,monotone_isotonic
E05,103.0,0.2633075933423265,monotone_isotonic
E05,104.0,0.2633075933423265,monotone_isotonic
E05,105.0,0.2633075933423265,monotone_isotonic
E05,106.0,0.2633075933423265,monotone_isotonic
E05,107.0,0.2633075933423265,monotone_isotonic
E05,108.0,0.2633075933423265,monotone_isotonic
E05,109.0,0.2633075933423265,monotone_isotonic
E05,110.0,0.2633075933423265,monotone_isotonic
E05,111.0,0.2633075933423265,monotone_isotonic
E05,112.0,0.2633075933423265,monotone_isotonic
E05,113.0,0.2633075933423265,monotone_isotonic
E05,114.0,0.2633075933423265,monotone_isotonic
E05,115.0,0.2633075933423265,monotone_isotonic
E05,116.0,0.2633075933423265,monotone_isotonic
E05,117.0,0.2633075933423265,monotone_isotonic
E05,118.0,0.2633075933423265,monotone_isotonic
E05,119.0,0.2633075933423265,monotone_isotonic
E05,120.0,0.2633075933423265,monotone_isotonic
E05,121.0,0.2633075933423265,monotone_isotonic
E05,122.0,0.2633075933423265,monotone_isotonic
E05,123.0,0.2633075933423265,monotone_isotonic
E05,124.0,0.2633075933423265,monotone_isotonic
E05,125.0,0.2633075933423265,monotone_isotonic
E05,126.0,0.2633075933423265,monotone_isotonic
E05,127.0,0.2633075933423265,monotone_isotonic
E05,128.0,0.2633075933423265,monotone_isotonic
E05,129.0,0.2633075933423265,monotone_isotonic
E05,130.0,0.2633075933423265,monotone_isotonic
E05,131.0,0.2633075933423265,monotone_isotonic
E05,132.0,0.2633075933423265,monotone_isotonic
E05,133.0,0.2633075933423265,monotone_isotonic
E05,134.0,0.2633075933423265,monotone_isotonic
E05,135.0,0.2633075933423265,monotone_isotonic
E05,136.0,0.2633075933423265,monotone_isotonic
E05,137.0,0.2633075933423265,monotone_isotonic
E05,138.0,0.2633075933423265,monotone_isotonic
E05,139.0,0.2633075933423265,monotone_isotonic
E05,140.0,0.2633075933423265,monotone_isotonic
E05,141.0,0.2633075933423265,monotone_isotonic
E05,142.0,0.2633075933423265,monotone_isotonic
E05,143.0,0.2633075933423265,monotone_isotonic
E05,144.0,0.2633075933423265,monotone_isotonic
E05,145.0,0.2633075933423265,monotone_isotonic
E05,146.0,0.2633075933423265,monotone_isotonic
E05,147.0,0.2633075933423265,monotone_isotonic
E05,148.0,0.2633075933423265,monotone_isotonic
E05,149.0,0.2633075933423265,monotone_isotonic
E05,150.0,0.2633075933423265,monotone_isotonic
E05,151.0,0.2633075933423265,monotone_isotonic
E05,152.0,0.2633075933423265,monotone_isotonic
E05,153.0,0.2633075933423265,monotone_isotonic
E05,154.0,0.2633075933423265,monotone_isotonic
E05,155.0,0.2633075933423265,monotone_isotonic
E05,156.0,0.2633075933423265,monotone_isotonic
E05,157.0,0.2633075933423265,monotone_isotonic
E05,158.0,0.2633075933423265,monotone_isotonic
E05,159.0,0.2633075933423265,monotone_isotonic
E05,160.0,0.2633075933423265,monotone_isotonic
E05,161.0,0.2633075933423265,monotone_isotonic
E05,162.0,0.2633075933423265,monotone_isotonic
E05,163.0,0.2633075933423265,monotone_isotonic
E05,164.0,0.2633075933423265,monotone_isotonic
E05,165.0,0.2633075933423265,monotone_isotonic
E05,166.0,0.2633075933423265,monotone_isotonic
E05,167.0,0.2633075933423265,monotone_isotonic
E05,168.0,0.2633075933423265,monotone_isotonic
E05,169.0,0.2633075933423265,monotone_isotonic
E05,170.0,0.2633075933423265,monotone_isotonic
E05,171.0,0.2633075933423265,monotone_isotonic
E05,172.0,0.2633075933423265,monotone_isotonic
E05,173.0,0.2633075933423265,monotone_isotonic
E05,174.0,0.2633075933423265,monotone_isotonic
E05,175.0,0.2633075933423265,monotone_isotonic
E05,176.0,0.2633075933423265,monotone_isotonic
E05,177.0,0.2633075933423265,monotone_isotonic
E05,178.0,0.2633075933423265,monotone_isotonic
E05,179.0,0.2633075933423265,monotone_isotonic
E05,180.0,0.2633075933423265,monotone_isotonic
E05,181.0,0.2633075933423265,monotone_isotonic
E05,182.0,0.2633075933423265,monotone_isotonic
E05,183.0,0.2633075933423265,monotone_isotonic
E05,184.0,0.2633075933423265,monotone_isotonic
E05,185.0,0.2633075933423265,monotone_isotonic
E05,186.0,0.2633075933423265,monotone_isotonic
E05,187.0,0.2633075933423265,monotone_isotonic
E05,188.0,0.2633075933423265,monotone_isotonic
E05,189.0,0.2633075933423265,monotone_isotonic
E05,190.0,0.2633075933423265,monotone_isotonic
E05,191.0,0.2633075933423265,monotone_isotonic
E05,192.0,0.2633075933423265,monotone_isotonic
E05,193.0,0.2633075933423265,monotone_isotonic
E05,194.0,0.2633075933423265,monotone_isotonic
E05,195.0,0.2633075933423265,monotone_isotonic
E05,196.0,0.2633075933423265,monotone_isotonic
E05,197.0,0.2633075933423265,monotone_isotonic
E05,198.0,0.2633075933423265,monotone_isotonic
E05,199.0,0.2633075933423265,monotone_isotonic
E05,200.0,0.2633075933423265,monotone_isotonic
E05,201.0,0.2633075933423265,monotone_isotonic
E05,202.0,0.2633075933423265,monotone_isotonic
E05,203.0,0.2633075933423265,monotone_isotonic
E05,204.0,0.2633075933423265,monotone_isotonic
E05,205.0,0.2633075933423265,monotone_isotonic
E05,206.0,0.2633075933423265,monotone_isotonic
E05,207.0,0.2633075933423265,monotone_isotonic
E05,208.0,0.2633075933423265,monotone_isotonic
E05,209.0,0.2633075933423265,monotone_isotonic
E05,210.0,0.2633075933423265,monotone_isotonic
E05,211.0,0.2643172460600806,monotone_isotonic
E05,212.0,0.2653268987778347,monotone_isotonic
E05,213.0,0.2663365514955888,monotone_isotonic
E05,214.0,0.2673462042133429,monotone_isotonic
E05,215.0,0.268355856931097,monotone_isotonic
E05,216.0,0.269365509648851,monotone_isotonic
E05,217.0,0.2703751623666051,monotone_isotonic
E05,218.0,0.2713848150843592,monotone_isotonic
E05,219.0,0.2723944678021133,monotone_isotonic
E05,220.0,0.2734041205198673,monotone_isotonic
E05,221.0,0.2744137732376214,monotone_isotonic
E05,222.0,0.2754234259553755,monotone_isotonic
E05,223.0,0.2764330786731296,monotone_isotonic
E05,224.0,0.2774427313908836,monotone_isotonic
E05,225.0,0.2784523841086377,monotone_isotonic
E05,226.0,0.2794620368263918,monotone_isotonic
E05,227.0,0.2804716895441459,monotone_isotonic
E05,228.0,0.2814813422618999,monotone_isotonic
E05,229.0,0.2824909949796541,monotone_isotonic
E05,230.0,0.2835006476974081,monotone_isotonic
E05,231.0,0.2845103004151622,monotone_isotonic
E05,232.0,0.2845103004151622,monotone_isotonic
E05,233.0,0.2845103004151622,monotone_isotonic
E05,234.0,0.2845103004151622,monotone_isotonic
E05,235.0,0.2845103004151622,monotone_isotonic
E05,236.0,0.2845103004151622,monotone_isotonic
E05,237.0,0.2845103004151622,monotone_isotonic
E05,238.0,0.2845103004151622,monotone_isotonic
E05,239.0,0.2845103004151622,monotone_isotonic
E05,240.0,0.2845103004151622,monotone_isotonic
E05,241.0,0.2845103004151622,monotone_isotonic
E05,242.0,0.2845103004151622,monotone_isotonic
E05,243.0,0.2845103004151622,monotone_isotonic
E05,244.0,0.2845103004151622,monotone_isotonic
E05,245.0,0.2845103004151622,monotone_isotonic
E05,246.0,0.2845103004151622,monotone_isotonic
E05,247.0,0.2845103004151622,monotone_isotonic
E05,248.0,0.2845103004151622,monotone_isotonic
E05,249.0,0.2845103004151622,monotone_isotonic
E05,250.0,0.2845103004151622,monotone_isotonic
E05,251.0,0.2845103004151622,monotone_isotonic
E05,252.0,0.2845103004151622,monotone_isotonic
E05,253.0,0.2845103004151622,monotone_isotonic
E05,254.0,0.2845103004151622,monotone_isotonic
E05,255.0,0.2845103004151622,monotone_isotonic
E05,256.0,0.2845103004151622,monotone_isotonic
E05,257.0,0.2845103004151622,monotone_isotonic
E05,258.0,0.2845103004151622,monotone_isotonic
E05,259.0,0.2845103004151622,monotone_isotonic
E05,260.0,0.2845103004151622,monotone_isotonic
E05,261.0,0.2845103004151622,monotone_isotonic
E05,262.0,0.2845103004151622,monotone_isotonic
E05,263.0,0.2845103004151622,monotone_isotonic
E05,264.0,0.2845103004151622,monotone_isotonic
E05,265.0,0.2845103004151622,monotone_isotonic
E05,266.0,0.2845103004151622,monotone_isotonic
E05,267.0,0.2845103004151622,monotone_isotonic
E05,268.0,0.2845103004151622,monotone_isotonic
E05,269.0,0.2845103004151622,monotone_isotonic
E05,270.0,0.2845103004151622,monotone_isotonic
E05,271.0,0.2845103004151622,monotone_isotonic
E05,272.0,0.2845103004151622,monotone_isotonic
E05,273.0,0.2845103004151622,monotone_isotonic
E05,274.0,0.2845103004151622,monotone_isotonic
E05,275.0,0.2845103004151622,monotone_isotonic
E05,276.0,0.2845103004151622,monotone_isotonic
E05,277.0,0.2845103004151622,monotone_isotonic
E05,278.0,0.2845103004151622,monotone_isotonic
E05,279.0,0.2845103004151622,monotone_isotonic
E05,280.0,0.2845103004151622,monotone_isotonic
E05,281.0,0.2845103004151622,monotone_isotonic
E05,282.0,0.2845103004151622,monotone_isotonic
E05,283.0,0.2845103004151622,monotone_isotonic
E05,284.0,0.2845103004151622,monotone_isotonic
E05,285.0,0.2845103004151622,monotone_isotonic
E05,286.0,0.2845103004151622,monotone_isotonic
E05,287.0,0.2845103004151622,monotone_isotonic
E05,288.0,0.2845103004151622,monotone_isotonic
E05,289.0,0.2845103004151622,monotone_isotonic
E05,290.0,0.2845103004151622,monotone_isotonic
E05,291.0,0.2845103004151622,monotone_isotonic
E05,292.0,0.2845103004151622,monotone_isotonic
E05,293.0,0.2845103004151622,monotone_isotonic
E05,294.0,0.2845103004151622,monotone_isotonic
E05,295.0,0.2845103004151622,monotone_isotonic
E05,296.0,0.2845103004151622,monotone_isotonic
E05,297.0,0.2845103004151622,monotone_isotonic
E05,298.0,0.2845103004151622,monotone_isotonic
E05,299.0,0.2845103004151622,monotone_isotonic
E05,300.0,0.2845103004151622,monotone_isotonic
E05,301.0,0.2845103004151622,monotone_isotonic
E05,302.0,0.2845103004151622,monotone_isotonic
E05,303.0,0.2845103004151622,monotone_isotonic
E05,304.0,0.2845103004151622,monotone_isotonic
E05,305.0,0.2845103004151622,monotone_isotonic
E05,306.0,0.2845103004151622,monotone_isotonic
E05,307.0,0.2845103004151622,monotone_isotonic
E05,308.0,0.2845103004151622,monotone_isotonic
E05,309.0,0.2845103004151622,monotone_isotonic
E05,310.0,0.2845103004151622,monotone_isotonic
E05,311.0,0.2845103004151622,monotone_isotonic
E05,312.0,0.2845103004151622,monotone_isotonic
E05,313.0,0.2845103004151622,monotone_isotonic
E05,314.0,0.2845103004151622,monotone_isotonic
E05,315.0,0.2845103004151622,monotone_isotonic
E05,316.0,0.2845103004151622,monotone_isotonic
E05,317.0,0.2845103004151622,monotone_isotonic
E05,318.0,0.2845103004151622,monotone_isotonic
E05,319.0,0.2845103004151622,monotone_isotonic
E05,320.0,0.2845103004151622,monotone_isotonic
E05,321.0,0.2845103004151622,monotone_isotonic
E05,322.0,0.2845103004151622,monotone_isotonic
E05,323.0,0.2845103004151622,monotone_isotonic
E05,324.0,0.2845103004151622,monotone_isotonic
E05,325.0,0.2845103004151622,monotone_isotonic
E05,326.0,0.2845103004151622,monotone_isotonic
E05,327.0,0.2845103004151622,monotone_isotonic
E05,328.0,0.2845103004151622,monotone_isotonic
E05,329.0,0.2845103004151622,monotone_isotonic
E05,330.0,0.2845103004151622,monotone_isotonic
E05,331.0,0.2845103004151622,monotone_isotonic
E05,332.0,0.2845103004151622,monotone_isotonic
E05,333.0,0.2845103004151622,monotone_isotonic
E05,334.0,0.2845103004151622,monotone_isotonic
E05,335.0,0.2845103004151622,monotone_isotonic
E05,336.0,0.2845103004151622,monotone_isotonic
E05,337.0,0.2845103004151622,monotone_isotonic
E05,338.0,0.2845103004151622,monotone_isotonic
E05,339.0,0.2845103004151622,monotone_isotonic
E05,340.0,0.2845103004151622,monotone_isotonic
E05,341.0,0.2845103004151622,monotone_isotonic
E05,342.0,0.2845103004151622,monotone_isotonic
E05,343.0,0.2845103004151622,monotone_isotonic
E05,344.0,0.2845103004151622,monotone_isotonic
E05,345.0,0.2845103004151622,monotone_isotonic
E05,346.0,0.2845103004151622,monotone_isotonic
E05,347.0,0.2845103004151622,monotone_isotonic
E05,348.0,0.2845103004151622,monotone_isotonic
E05,349.0,0.2845103004151622,monotone_isotonic
E05,350.0,0.2845103004151622,monotone_isotonic
E05,351.0,0.2845103004151622,monotone_isotonic
E05,352.0,0.2845103004151622,monotone_isotonic
E05,353.0,0.2845103004151622,monotone_isotonic
E05,354.0,0.2845103004151622,monotone_isotonic
E05,355.0,0.2845103004151622,monotone_isotonic
E05,356.0,0.2845103004151622,monotone_isotonic
E05,357.0,0.2845103004151622,monotone_isotonic
E05,358.0,0.2845103004151622,monotone_isotonic
E05,359.0,0.2845103004151622,monotone_isotonic
E05,360.0,0.2845103004151622,monotone_isotonic
E05,361.0,0.2845103004151622,monotone_isotonic
E05,362.0,0.2845103004151622,monotone_isotonic
E05,363.0,0.2845103004151622,monotone_isotonic
E05,364.0,0.2845103004151622,monotone_isotonic
E05,365.0,0.2845103004151622,monotone_isotonic
E06,0.0,0.0541298227919573,monotone_isotonic
E06,1.0,0.0541298227919573,monotone_isotonic
E06,2.0,0.0541298227919573,monotone_isotonic
E06,3.0,0.0541298227919573,monotone_isotonic
E06,4.0,0.0541298227919573,monotone_isotonic
E06,5.0,0.0541298227919573,monotone_isotonic
E06,6.0,0.0541298227919573,monotone_isotonic
E06,7.0,0.0541298227919573,monotone_isotonic
E06,8.0,0.0541298227919573,monotone_isotonic
E06,9.0,0.0541298227919573,monotone_isotonic
E06,10.0,0.0541298227919573,monotone_isotonic
E06,11.0,0.0541298227919573,monotone_isotonic
E06,12.0,0.0541298227919573,monotone_isotonic
E06,13.0,0.0541298227919573,monotone_isotonic
E06,14.0,0.0541298227919573,monotone_isotonic
E06,15.0,0.0541298227919573,monotone_isotonic
E06,16.0,0.0541298227919573,monotone_isotonic
E06,17.0,0.0541298227919573,monotone_isotonic
E06,18.0,0.0541298227919573,monotone_isotonic
E06,19.0,0.0541298227919573,monotone_isotonic
E06,20.0,0.0541298227919573,monotone_isotonic
E06,21.0,0.0541298227919573,monotone_isotonic
E06,22.0,0.0541298227919573,monotone_isotonic
E06,23.0,0.0541298227919573,monotone_isotonic
E06,24.0,0.0541298227919573,monotone_isotonic
E06,25.0,0.0541298227919573,monotone_isotonic
E06,26.0,0.0541298227919573,monotone_isotonic
E06,27.0,0.0541298227919573,monotone_isotonic
E06,28.0,0.0541298227919573,monotone_isotonic
E06,29.0,0.0541298227919573,monotone_isotonic
E06,30.0,0.0541298227919573,monotone_isotonic
E06,31.0,0.0541298227919573,monotone_isotonic
E06,32.0,0.0541298227919573,monotone_isotonic
E06,33.0,0.0541298227919573,monotone_isotonic
E06,34.0,0.0541298227919573,monotone_isotonic
E06,35.0,0.0541298227919573,monotone_isotonic
E06,36.0,0.0541298227919573,monotone_isotonic
E06,37.0,0.0541298227919573,monotone_isotonic
E06,38.0,0.0541298227919573,monotone_isotonic
E06,39.0,0.0541298227919573,monotone_isotonic
E06,40.0,0.0541298227919573,monotone_isotonic
E06,41.0,0.0541298227919573,monotone_isotonic
E06,42.0,0.0541298227919573,monotone_isotonic
E06,43.0,0.0541298227919573,monotone_isotonic
E06,44.0,0.0541298227919573,monotone_isotonic
E06,45.0,0.0541298227919573,monotone_isotonic
E06,46.0,0.0541298227919573,monotone_isotonic
E06,47.0,0.0541298227919573,monotone_isotonic
E06,48.0,0.0541298227919573,monotone_isotonic
E06,49.0,0.0541298227919573,monotone_isotonic
E06,50.0,0.0541298227919573,monotone_isotonic
E06,51.0,0.0541298227919573,monotone_isotonic
E06,52.0,0.0541298227919573,monotone_isotonic
E06,53.0,0.0541298227919573,monotone_isotonic
E06,54.0,0.0541298227919573,monotone_isotonic
E06,55.0,0.0541298227919573,monotone_isotonic
E06,56.0,0.0541298227919573,monotone_isotonic
E06,57.0,0.0541298227919573,monotone_isotonic
E06,58.0,0.0541298227919573,monotone_isotonic
E06,59.0,0.0541298227919573,monotone_isotonic
E06,60.0,0.0541298227919573,monotone_isotonic
E06,61.0,0.0541298227919573,monotone_isotonic
E06,62.0,0.0541298227919573,monotone_isotonic
E06,63.0,0.0541298227919573,monotone_isotonic
E06,64.0,0.0541298227919573,monotone_isotonic
E06,65.0,0.0541298227919573,monotone_isotonic
E06,66.0,0.0541298227919573,monotone_isotonic
E06,67.0,0.0541298227919573,monotone_isotonic
E06,68.0,0.0541298227919573,monotone_isotonic
E06,69.0,0.0541298227919573,monotone_isotonic
E06,70.0,0.0541298227919573,monotone_isotonic
E06,71.0,0.0541298227919573,monotone_isotonic
E06,72.0,0.0541298227919573,monotone_isotonic
E06,73.0,0.0541298227919573,monotone_isotonic
E06,74.0,0.0541298227919573,monotone_isotonic
E06,75.0,0.0541298227919573,monotone_isotonic
E06,76.0,0.0541298227919573,monotone_isotonic
E06,77.0,0.0541298227919573,monotone_isotonic
E06,78.0,0.0541298227919573,monotone_isotonic
E06,79.0,0.0541298227919573,monotone_isotonic
E06,80.0,0.0541298227919573,monotone_isotonic
E06,81.0,0.0541298227919573,monotone_isotonic
E06,82.0,0.0541298227919573,monotone_isotonic
E06,83.0,0.0541298227919573,monotone_isotonic
E06,84.0,0.0541298227919573,monotone_isotonic
E06,85.0,0.0541298227919573,monotone_isotonic
E06,86.0,0.0541298227919573,monotone_isotonic
E06,87.0,0.0541298227919573,monotone_isotonic
E06,88.0,0.0541298227919573,monotone_isotonic
E06,89.0,0.0541298227919573,monotone_isotonic
E06,90.0,0.0541298227919573,monotone_isotonic
E06,91.0,0.0541298227919573,monotone_isotonic
E06,92.0,0.0541298227919573,monotone_isotonic
E06,93.0,0.0541298227919573,monotone_isotonic
E06,94.0,0.0541298227919573,monotone_isotonic
E06,95.0,0.0541298227919573,monotone_isotonic
E06,96.0,0.0541298227919573,monotone_isotonic
E06,97.0,0.0541298227919573,monotone_isotonic
E06,98.0,0.0541298227919573,monotone_isotonic
E06,99.0,0.0541298227919573,monotone_isotonic
E06,100.0,0.0541298227919573,monotone_isotonic
E06,101.0,0.0541298227919573,monotone_isotonic
E06,102.0,0.0541298227919573,monotone_isotonic
E06,103.0,0.0541298227919573,monotone_isotonic
E06,104.0,0.0541298227919573,monotone_isotonic
E06,105.0,0.0541298227919573,monotone_isotonic
E06,106.0,0.0541298227919573,monotone_isotonic
E06,107.0,0.0541298227919573,monotone_isotonic
E06,108.0,0.0541298227919573,monotone_isotonic
E06,109.0,0.0541298227919573,monotone_isotonic
E06,110.0,0.0541298227919573,monotone_isotonic
E06,111.0,0.0541298227919573,monotone_isotonic
E06,112.0,0.0541298227919573,monotone_isotonic
E06,113.0,0.0541298227919573,monotone_isotonic
E06,114.0,0.0541298227919573,monotone_isotonic
E06,115.0,0.0541298227919573,monotone_isotonic
E06,116.0,0.0541298227919573,monotone_isotonic
E06,117.0,0.0541298227919573,monotone_isotonic
E06,118.0,0.0541298227919573,monotone_isotonic
E06,119.0,0.0541298227919573,monotone_isotonic
E06,120.0,0.0541298227919573,monotone_isotonic
E06,121.0,0.0541298227919573,monotone_isotonic
E06,122.0,0.0541298227919573,monotone_isotonic
E06,123.0,0.0541298227919573,monotone_isotonic
E06,124.0,0.0541298227919573,monotone_isotonic
E06,125.0,0.0541298227919573,monotone_isotonic
E06,126.0,0.0541298227919573,monotone_isotonic
E06,127.0,0.0541298227919573,monotone_isotonic
E06,128.0,0.0541298227919573,monotone_isotonic
E06,129.0,0.0541298227919573,monotone_isotonic
E06,130.0,0.0541298227919573,monotone_isotonic
E06,131.0,0.0541298227919573,monotone_isotonic
E06,132.0,0.0541298227919573,monotone_isotonic
E06,133.0,0.0541298227919573,monotone_isotonic
E06,134.0,0.0541298227919573,monotone_isotonic
E06,135.0,0.0541298227919573,monotone_isotonic
E06,136.0,0.0541298227919573,monotone_isotonic
E06,137.0,0.0541298227919573,monotone_isotonic
E06,138.0,0.0541298227919573,monotone_isotonic
E06,139.0,0.0541298227919573,monotone_isotonic
E06,140.0,0.0541298227919573,monotone_isotonic
E06,141.0,0.0541298227919573,monotone_isotonic
E06,142.0,0.0541298227919573,monotone_isotonic
E06,143.0,0.0541298227919573,monotone_isotonic
E06,144.0,0.0541298227919573,monotone_isotonic
E06,145.0,0.0541298227919573,monotone_isotonic
E06,146.0,0.0541298227919573,monotone_isotonic
E06,147.0,0.0541298227919573,monotone_isotonic
E06,148.0,0.0541298227919573,monotone_isotonic
E06,149.0,0.0541298227919573,monotone_isotonic
E06,150.0,0.0541298227919573,monotone_isotonic
E06,151.0,0.0541298227919573,monotone_isotonic
E06,152.0,0.0541298227919573,monotone_isotonic
E06,153.0,0.0541298227919573,monotone_isotonic
E06,154.0,0.0541298227919573,monotone_isotonic
E06,155.0,0.0541298227919573,monotone_isotonic
E06,156.0,0.0541298227919573,monotone_isotonic
E06,157.0,0.0541298227919573,monotone_isotonic
E06,158.0,0.0541298227919573,monotone_isotonic
E06,159.0,0.0541298227919573,monotone_isotonic
E06,160.0,0.0541298227919573,monotone_isotonic
E06,161.0,0.0541298227919573,monotone_isotonic
E06,162.0,0.0541298227919573,monotone_isotonic
E06,163.0,0.0541298227919573,monotone_isotonic
E06,164.0,0.0541298227919573,monotone_isotonic
E06,165.0,0.0541298227919573,monotone_isotonic
E06,166.0,0.0541298227919573,monotone_isotonic
E06,167.0,0.0541298227919573,monotone_isotonic
E06,168.0,0.0541298227919573,monotone_isotonic
E06,169.0,0.0541298227919573,monotone_isotonic
E06,170.0,0.0541298227919573,monotone_isotonic
E06,171.0,0.0541298227919573,monotone_isotonic
E06,172.0,0.0541298227919573,monotone_isotonic
E06,173.0,0.0541298227919573,monotone_isotonic
E06,174.0,0.0541298227919573,monotone_isotonic
E06,175.0,0.0541298227919573,monotone_isotonic
E06,176.0,0.0541298227919573,monotone_isotonic
E06,177.0,0.0541298227919573,monotone_isotonic
E06,178.0,0.0541298227919573,monotone_isotonic
E06,179.0,0.0541298227919573,monotone_isotonic
E06,180.0,0.0541298227919573,monotone_isotonic
E06,181.0,0.0541298227919573,monotone_isotonic
E06,182.0,0.0541298227919573,monotone_isotonic
E06,183.0,0.0541298227919573,monotone_isotonic
E06,184.0,0.0541298227919573,monotone_isotonic
E06,185.0,0.0541298227919573,monotone_isotonic
E06,186.0,0.0541298227919573,monotone_isotonic
E06,187.0,0.0541298227919573,monotone_isotonic
E06,188.0,0.0541298227919573,monotone_isotonic
E06,189.0,0.0541298227919573,monotone_isotonic
E06,190.0,0.0541298227919573,monotone_isotonic
E06,191.0,0.0541298227919573,monotone_isotonic
E06,192.0,0.0541298227919573,monotone_isotonic
E06,193.0,0.0541298227919573,monotone_isotonic
E06,194.0,0.0541298227919573,monotone_isotonic
E06,195.0,0.0541298227919573,monotone_isotonic
E06,196.0,0.0541298227919573,monotone_isotonic
E06,197.0,0.0541298227919573,monotone_isotonic
E06,198.0,0.0541298227919573,monotone_isotonic
E06,199.0,0.0541298227919573,monotone_isotonic
E06,200.0,0.0541298227919573,monotone_isotonic
E06,201.0,0.0541298227919573,monotone_isotonic
E06,202.0,0.0541298227919573,monotone_isotonic
E06,203.0,0.0541298227919573,monotone_isotonic
E06,204.0,0.0541298227919573,monotone_isotonic
E06,205.0,0.0541298227919573,monotone_isotonic
E06,206.0,0.0541298227919573,monotone_isotonic
E06,207.0,0.0541298227919573,monotone_isotonic
E06,208.0,0.0541298227919573,monotone_isotonic
E06,209.0,0.0541298227919573,monotone_isotonic
E06,210.0,0.0541298227919573,monotone_isotonic
E06,211.0,0.0542804224919934,monotone_isotonic
E06,212.0,0.0544310221920296,monotone_isotonic
E06,213.0,0.0545816218920657,monotone_isotonic
E06,214.0,0.0547322215921018,monotone_isotonic
E06,215.0,0.0548828212921379,monotone_isotonic
E06,216.0,0.055033420992174,monotone_isotonic
E06,217.0,0.0551840206922101,monotone_isotonic
E06,218.0,0.0553346203922462,monotone_isotonic
E06,219.0,0.0554852200922823,monotone_isotonic
E06,220.0,0.0556358197923184,monotone_isotonic
E06,221.0,0.0557864194923546,monotone_isotonic
E06,222.0,0.0559370191923907,monotone_isotonic
E06,223.0,0.0560876188924268,monotone_isotonic
E06,224.0,0.0562382185924629,monotone_isotonic
E06,225.0,0.056388818292499,monotone_isotonic
E06,226.0,0.0565394179925351,monotone_isotonic
E06,227.0,0.0566900176925712,monotone_isotonic
E06,228.0,0.0568406173926073,monotone_isotonic
E06,229.0,0.0569912170926434,monotone_isotonic
E06,230.0,0.0571418167926796,monotone_isotonic
E06,231.0,0.0572924164927157,monotone_isotonic
E06,232.0,0.0572924164927157,monotone_isotonic
E06,233.0,0.0572924164927157,monotone_isotonic
E06,234.0,0.0572924164927157,monotone_isotonic
E06,235.0,0.0572924164927157,monotone_isotonic
E06,236.0,0.0572924164927157,monotone_isotonic
E06,237.0,0.0572924164927157,monotone_isotonic
E06,238.0,0.0572924164927157,monotone_isotonic
E06,239.0,0.0572924164927157,monotone_isotonic
E06,240.0,0.0572924164927157,monotone_isotonic
E06,241.0,0.0572924164927157,monotone_isotonic
E06,242.0,0.0572924164927157,monotone_isotonic
E06,243.0,0.0572924164927157,monotone_isotonic
E06,244.0,0.0572924164927157,monotone_isotonic
E06,245.0,0.0572924164927157,monotone_isotonic
E06,246.0,0.0572924164927157,monotone_isotonic
E06,247.0,0.0572924164927157,monotone_isotonic
E06,248.0,0.0572924164927157,monotone_isotonic
E06,249.0,0.0572924164927157,monotone_isotonic
E06,250.0,0.0572924164927157,monotone_isotonic
E06,251.0,0.0572924164927157,monotone_isotonic
E06,252.0,0.0572924164927157,monotone_isotonic
E06,253.0,0.0572924164927157,monotone_isotonic
E06,254.0,0.0572924164927157,monotone_isotonic
E06,255.0,0.0572924164927157,monotone_isotonic
E06,256.0,0.0572924164927157,monotone_isotonic
E06,257.0,0.0572924164927157,monotone_isotonic
E06,258.0,0.0572924164927157,monotone_isotonic
E06,259.0,0.0572924164927157,monotone_isotonic
E06,260.0,0.0572924164927157,monotone_isotonic
E06,261.0,0.0572924164927157,monotone_isotonic
E06,262.0,0.0572924164927157,monotone_isotonic
E06,263.0,0.0572924164927157,monotone_isotonic
E06,264.0,0.0572924164927157,monotone_isotonic
E06,265.0,0.0572924164927157,monotone_isotonic
E06,266.0,0.0572924164927157,monotone_isotonic
E06,267.0,0.0572924164927157,monotone_isotonic
E06,268.0,0.0572924164927157,monotone_isotonic
E06,269.0,0.0572924164927157,monotone_isotonic
E06,270.0,0.0572924164927157,monotone_isotonic
E06,271.0,0.0572924164927157,monotone_isotonic
E06,272.0,0.0572924164927157,monotone_isotonic
E06,273.0,0.0572924164927157,monotone_isotonic
E06,274.0,0.0572924164927157,monotone_isotonic
E06,275.0,0.0572924164927157,monotone_isotonic
E06,276.0,0.0572924164927157,monotone_isotonic
E06,277.0,0.0572924164927157,monotone_isotonic
E06,278.0,0.0572924164927157,monotone_isotonic
E06,279.0,0.0572924164927157,monotone_isotonic
E06,280.0,0.0572924164927157,monotone_isotonic
E06,281.0,0.0572924164927157,monotone_isotonic
E06,282.0,0.0572924164927157,monotone_isotonic
E06,283.0,0.0572924164927157,monotone_isotonic
E06,284.0,0.0572924164927157,monotone_isotonic
E06,285.0,0.0572924164927157,monotone_isotonic
E06,286.0,0.0572924164927157,monotone_isotonic
E06,287.0,0.0572924164927157,monotone_isotonic
E06,288.0,0.0572924164927157,monotone_isotonic
E06,289.0,0.0572924164927157,monotone_isotonic
E06,290.0,0.0572924164927157,monotone_isotonic
E06,291.0,0.0572924164927157,monotone_isotonic
E06,292.0,0.0572924164927157,monotone_isotonic
E06,293.0,0.0572924164927157,monotone_isotonic
E06,294.0,0.0572924164927157,monotone_isotonic
E06,295.0,0.0572924164927157,monotone_isotonic
E06,296.0,0.0572924164927157,monotone_isotonic
E06,297.0,0.0572924164927157,monotone_isotonic
E06,298.0,0.0572924164927157,monotone_isotonic
E06,299.0,0.0572924164927157,monotone_isotonic
E06,300.0,0.0572924164927157,monotone_isotonic
E06,301.0,0.0572924164927157,monotone_isotonic
E06,302.0,0.0572924164927157,monotone_isotonic
E06,303.0,0.0572924164927157,monotone_isotonic
E06,304.0,0.0572924164927157,monotone_isotonic
E06,305.0,0.0572924164927157,monotone_isotonic
E06,306.0,0.0572924164927157,monotone_isotonic
E06,307.0,0.0572924164927157,monotone_isotonic
E06,308.0,0.0572924164927157,monotone_isotonic
E06,309.0,0.0572924164927157,monotone_isotonic
E06,310.0,0.0572924164927157,monotone_isotonic
E06,311.0,0.0572924164927157,monotone_isotonic
E06,312.0,0.0572924164927157,monotone_isotonic
E06,313.0,0.0572924164927157,monotone_isotonic
E06,314.0,0.0572924164927157,monotone_isotonic
E06,315.0,0.0572924164927157,monotone_isotonic
E06,316.0,0.0572924164927157,monotone_isotonic
E06,317.0,0.0572924164927157,monotone_isotonic
E06,318.0,0.0572924164927157,monotone_isotonic
E06,319.0,0.0572924164927157,monotone_isotonic
E06,320.0,0.0572924164927157,monotone_isotonic
E06,321.0,0.0572924164927157,monotone_isotonic
E06,322.0,0.0572924164927157,monotone_isotonic
E06,323.0,0.0572924164927157,monotone_isotonic
E06,324.0,0.0572924164927157,monotone_isotonic
E06,325.0,0.0572924164927157,monotone_isotonic
E06,326.0,0.0572924164927157,monotone_isotonic
E06,327.0,0.0572924164927157,monotone_isotonic
E06,328.0,0.0572924164927157,monotone_isotonic
E06,329.0,0.0572924164927157,monotone_isotonic
E06,330.0,0.0572924164927157,monotone_isotonic
E06,331.0,0.0572924164927157,monotone_isotonic
E06,332.0,0.0572924164927157,monotone_isotonic
E06,333.0,0.0572924164927157,monotone_isotonic
E06,334.0,0.0572924164927157,monotone_isotonic
E06,335.0,0.0572924164927157,monotone_isotonic
E06,336.0,0.0572924164927157,monotone_isotonic
E06,337.0,0.0572924164927157,monotone_isotonic
E06,338.0,0.0572924164927157,monotone_isotonic
E06,339.0,0.0572924164927157,monotone_isotonic
E06,340.0,0.0572924164927157,monotone_isotonic
E06,341.0,0.0572924164927157,monotone_isotonic
E06,342.0,0.0572924164927157,monotone_isotonic
E06,343.0,0.0572924164927157,monotone_isotonic
E06,344.0,0.0572924164927157,monotone_isotonic
E06,345.0,0.0572924164927157,monotone_isotonic
E06,346.0,0.0572924164927157,monotone_isotonic
E06,347.0,0.0572924164927157,monotone_isotonic
E06,348.0,0.0572924164927157,monotone_isotonic
E06,349.0,0.0572924164927157,monotone_isotonic
E06,350.0,0.0572924164927157,monotone_isotonic
E06,351.0,0.0572924164927157,monotone_isotonic
E06,352.0,0.0572924164927157,monotone_isotonic
E06,353.0,0.0572924164927157,monotone_isotonic
E06,354.0,0.0572924164927157,monotone_isotonic
E06,355.0,0.0572924164927157,monotone_isotonic
E06,356.0,0.0572924164927157,monotone_isotonic
E06,357.0,0.0572924164927157,monotone_isotonic
E06,358.0,0.0572924164927157,monotone_isotonic
E06,359.0,0.0572924164927157,monotone_isotonic
E06,360.0,0.0572924164927157,monotone_isotonic
E06,361.0,0.0572924164927157,monotone_isotonic
E06,362.0,0.0572924164927157,monotone_isotonic
E06,363.0,0.0572924164927157,monotone_isotonic
E06,364.0,0.0572924164927157,monotone_isotonic
E06,365.0,0.0572924164927157,monotone_isotonic
F01,0.0,0.216748760614112,monotone_isotonic
F01,1.0,0.216748760614112,monotone_isotonic
F01,2.0,0.216748760614112,monotone_isotonic
F01,3.0,0.216748760614112,monotone_isotonic
F01,4.0,0.216748760614112,monotone_isotonic
F01,5.0,0.216748760614112,monotone_isotonic
F01,6.0,0.216748760614112,monotone_isotonic
F01,7.0,0.216748760614112,monotone_isotonic
F01,8.0,0.216748760614112,monotone_isotonic
F01,9.0,0.216748760614112,monotone_isotonic
F01,10.0,0.216748760614112,monotone_isotonic
F01,11.0,0.216748760614112,monotone_isotonic
F01,12.0,0.216748760614112,monotone_isotonic
F01,13.0,0.216748760614112,monotone_isotonic
F01,14.0,0.216748760614112,monotone_isotonic
F01,15.0,0.216748760614112,monotone_isotonic
F01,16.0,0.216748760614112,monotone_isotonic
F01,17.0,0.216748760614112,monotone_isotonic
F01,18.0,0.216748760614112,monotone_isotonic
F01,19.0,0.216748760614112,monotone_isotonic
F01,20.0,0.216748760614112,monotone_isotonic
F01,21.0,0.216748760614112,monotone_isotonic
F01,22.0,0.216748760614112,monotone_isotonic
F01,23.0,0.216748760614112,monotone_isotonic
F01,24.0,0.216748760614112,monotone_isotonic
F01,25.0,0.216748760614112,monotone_isotonic
F01,26.0,0.216748760614112,monotone_isotonic
F01,27.0,0.216748760614112,monotone_isotonic
F01,28.0,0.216748760614112,monotone_isotonic
F01,29.0,0.216748760614112,monotone_isotonic
F01,30.0,0.216748760614112,monotone_isotonic
F01,31.0,0.216748760614112,monotone_isotonic
F01,32.0,0.216748760614112,monotone_isotonic
F01,33.0,0.216748760614112,monotone_isotonic
F01,34.0,0.216748760614112,monotone_isotonic
F01,35.0,0.216748760614112,monotone_isotonic
F01,36.0,0.216748760614112,monotone_isotonic
F01,37.0,0.216748760614112,monotone_isotonic
F01,38.0,0.216748760614112,monotone_isotonic
F01,39.0,0.216748760614112,monotone_isotonic
F01,40.0,0.216748760614112,monotone_isotonic
F01,41.0,0.216748760614112,monotone_isotonic
F01,42.0,0.216748760614112,monotone_isotonic
F01,43.0,0.216748760614112,monotone_isotonic
F01,44.0,0.216748760614112,monotone_isotonic
F01,45.0,0.216748760614112,monotone_isotonic
F01,46.0,0.216748760614112,monotone_isotonic
F01,47.0,0.216748760614112,monotone_isotonic
F01,48.0,0.216748760614112,monotone_isotonic
F01,49.0,0.216748760614112,monotone_isotonic
F01,50.0,0.216748760614112,monotone_isotonic
F01,51.0,0.216748760614112,monotone_isotonic
F01,52.0,0.216748760614112,monotone_isotonic
F01,53.0,0.216748760614112,monotone_isotonic
F01,54.0,0.216748760614112,monotone_isotonic
F01,55.0,0.216748760614112,monotone_isotonic
F01,56.0,0.216748760614112,monotone_isotonic
F01,57.0,0.216748760614112,monotone_isotonic
F01,58.0,0.216748760614112,monotone_isotonic
F01,59.0,0.216748760614112,monotone_isotonic
F01,60.0,0.216748760614112,monotone_isotonic
F01,61.0,0.216748760614112,monotone_isotonic
F01,62.0,0.216748760614112,monotone_isotonic
F01,63.0,0.216748760614112,monotone_isotonic
F01,64.0,0.216748760614112,monotone_isotonic
F01,65.0,0.216748760614112,monotone_isotonic
F01,66.0,0.216748760614112,monotone_isotonic
F01,67.0,0.216748760614112,monotone_isotonic
F01,68.0,0.216748760614112,monotone_isotonic
F01,69.0,0.216748760614112,monotone_isotonic
F01,70.0,0.216748760614112,monotone_isotonic
F01,71.0,0.216748760614112,monotone_isotonic
F01,72.0,0.216748760614112,monotone_isotonic
F01,73.0,0.216748760614112,monotone_isotonic
F01,74.0,0.216748760614112,monotone_isotonic
F01,75.0,0.216748760614112,monotone_isotonic
F01,76.0,0.216748760614112,monotone_isotonic
F01,77.0,0.216748760614112,monotone_isotonic
F01,78.0,0.216748760614112,monotone_isotonic
F01,79.0,0.216748760614112,monotone_isotonic
F01,80.0,0.216748760614112,monotone_isotonic
F01,81.0,0.216748760614112,monotone_isotonic
F01,82.0,0.216748760614112,monotone_isotonic
F01,83.0,0.216748760614112,monotone_isotonic
F01,84.0,0.216748760614112,monotone_isotonic
F01,85.0,0.216748760614112,monotone_isotonic
F01,86.0,0.216748760614112,monotone_isotonic
F01,87.0,0.216748760614112,monotone_isotonic
F01,88.0,0.216748760614112,monotone_isotonic
F01,89.0,0.216748760614112,monotone_isotonic
F01,90.0,0.216748760614112,monotone_isotonic
F01,91.0,0.216748760614112,monotone_isotonic
F01,92.0,0.216748760614112,monotone_isotonic
F01,93.0,0.216748760614112,monotone_isotonic
F01,94.0,0.216748760614112,monotone_isotonic
F01,95.0,0.216748760614112,monotone_isotonic
F01,96.0,0.216748760614112,monotone_isotonic
F01,97.0,0.216748760614112,monotone_isotonic
F01,98.0,0.216748760614112,monotone_isotonic
F01,99.0,0.216748760614112,monotone_isotonic
F01,100.0,0.216748760614112,monotone_isotonic
F01,101.0,0.216748760614112,monotone_isotonic
F01,102.0,0.216748760614112,monotone_isotonic
F01,103.0,0.216748760614112,monotone_isotonic
F01,104.0,0.216748760614112,monotone_isotonic
F01,105.0,0.216748760614112,monotone_isotonic
F01,106.0,0.216748760614112,monotone_isotonic
F01,107.0,0.216748760614112,monotone_isotonic
F01,108.0,0.216748760614112,monotone_isotonic
F01,109.0,0.216748760614112,monotone_isotonic
F01,110.0,0.216748760614112,monotone_isotonic
F01,111.0,0.216748760614112,monotone_isotonic
F01,112.0,0.216748760614112,monotone_isotonic
F01,113.0,0.216748760614112,monotone_isotonic
F01,114.0,0.216748760614112,monotone_isotonic
F01,115.0,0.216748760614112,monotone_isotonic
F01,116.0,0.216748760614112,monotone_isotonic
F01,117.0,0.216748760614112,monotone_isotonic
F01,118.0,0.216748760614112,monotone_isotonic
F01,119.0,0.216748760614112,monotone_isotonic
F01,120.0,0.216748760614112,monotone_isotonic
F01,121.0,0.216748760614112,monotone_isotonic
F01,122.0,0.216748760614112,monotone_isotonic
F01,123.0,0.216748760614112,monotone_isotonic
F01,124.0,0.216748760614112,monotone_isotonic
F01,125.0,0.216748760614112,monotone_isotonic
F01,126.0,0.216748760614112,monotone_isotonic
F01,127.0,0.216748760614112,monotone_isotonic
F01,128.0,0.216748760614112,monotone_isotonic
F01,129.0,0.216748760614112,monotone_isotonic
F01,130.0,0.216748760614112,monotone_isotonic
F01,131.0,0.216748760614112,monotone_isotonic
F01,132.0,0.216748760614112,monotone_isotonic
F01,133.0,0.216748760614112,monotone_isotonic
F01,134.0,0.216748760614112,monotone_isotonic
F01,135.0,0.216748760614112,monotone_isotonic
F01,136.0,0.216748760614112,monotone_isotonic
F01,137.0,0.216748760614112,monotone_isotonic
F01,138.0,0.216748760614112,monotone_isotonic
F01,139.0,0.216748760614112,monotone_isotonic
F01,140.0,0.216748760614112,monotone_isotonic
F01,141.0,0.216748760614112,monotone_isotonic
F01,142.0,0.216748760614112,monotone_isotonic
F01,143.0,0.216748760614112,monotone_isotonic
F01,144.0,0.216748760614112,monotone_isotonic
F01,145.0,0.216748760614112,monotone_isotonic
F01,146.0,0.216748760614112,monotone_isotonic
F01,147.0,0.216748760614112,monotone_isotonic
F01,148.0,0.216748760614112,monotone_isotonic
F01,149.0,0.216748760614112,monotone_isotonic
F01,150.0,0.216748760614112,monotone_isotonic
F01,151.0,0.216748760614112,monotone_isotonic
F01,152.0,0.216748760614112,monotone_isotonic
F01,153.0,0.216748760614112,monotone_isotonic
F01,154.0,0.216748760614112,monotone_isotonic
F01,155.0,0.216748760614112,monotone_isotonic
F01,156.0,0.216748760614112,monotone_isotonic
F01,157.0,0.216748760614112,monotone_isotonic
F01,158.0,0.216748760614112,monotone_isotonic
F01,159.0,0.216748760614112,monotone_isotonic
F01,160.0,0.216748760614112,monotone_isotonic
F01,161.0,0.216748760614112,monotone_isotonic
F01,162.0,0.216748760614112,monotone_isotonic
F01,163.0,0.216748760614112,monotone_isotonic
F01,164.0,0.216748760614112,monotone_isotonic
F01,165.0,0.216748760614112,monotone_isotonic
F01,166.0,0.216748760614112,monotone_isotonic
F01,167.0,0.216748760614112,monotone_isotonic
F01,168.0,0.216748760614112,monotone_isotonic
F01,169.0,0.216748760614112,monotone_isotonic
F01,170.0,0.216748760614112,monotone_isotonic
F01,171.0,0.216748760614112,monotone_isotonic
F01,172.0,0.216748760614112,monotone_isotonic
F01,173.0,0.216748760614112,monotone_isotonic
F01,174.0,0.216748760614112,monotone_isotonic
F01,175.0,0.216748760614112,monotone_isotonic
F01,176.0,0.216748760614112,monotone_isotonic
F01,177.0,0.216748760614112,monotone_isotonic
F01,178.0,0.216748760614112,monotone_isotonic
F01,179.0,0.216748760614112,monotone_isotonic
F01,180.0,0.216748760614112,monotone_isotonic
F01,181.0,0.216748760614112,monotone_isotonic
F01,182.0,0.216748760614112,monotone_isotonic
F01,183.0,0.216748760614112,monotone_isotonic
F01,184.0,0.216748760614112,monotone_isotonic
F01,185.0,0.216748760614112,monotone_isotonic
F01,186.0,0.216748760614112,monotone_isotonic
F01,187.0,0.216748760614112,monotone_isotonic
F01,188.0,0.216748760614112,monotone_isotonic
F01,189.0,0.216748760614112,monotone_isotonic
F01,190.0,0.216748760614112,monotone_isotonic
F01,191.0,0.216748760614112,monotone_isotonic
F01,192.0,0.216748760614112,monotone_isotonic
F01,193.0,0.216748760614112,monotone_isotonic
F01,194.0,0.216748760614112,monotone_isotonic
F01,195.0,0.216748760614112,monotone_isotonic
F01,196.0,0.216748760614112,monotone_isotonic
F01,197.0,0.216748760614112,monotone_isotonic
F01,198.0,0.216748760614112,monotone_isotonic
F01,199.0,0.216748760614112,monotone_isotonic
F01,200.0,0.216748760614112,monotone_isotonic
F01,201.0,0.216748760614112,monotone_isotonic
F01,202.0,0.216748760614112,monotone_isotonic
F01,203.0,0.216748760614112,monotone_isotonic
F01,204.0,0.216748760614112,monotone_isotonic
F01,205.0,0.216748760614112,monotone_isotonic
F01,206.0,0.216748760614112,monotone_isotonic
F01,207.0,0.216748760614112,monotone_isotonic
F01,208.0,0.216748760614112,monotone_isotonic
F01,209.0,0.216748760614112,monotone_isotonic
F01,210.0,0.216748760614112,monotone_isotonic
F01,211.0,0.2179453368710357,monotone_isotonic
F01,212.0,0.2191419131279593,monotone_isotonic
F01,213.0,0.220338489384883,monotone_isotonic
F01,214.0,0.2215350656418066,monotone_isotonic
F01,215.0,0.2227316418987303,monotone_isotonic
F01,216.0,0.2239282181556539,monotone_isotonic
F01,217.0,0.2251247944125776,monotone_isotonic
F01,218.0,0.2263213706695012,monotone_isotonic
F01,219.0,0.2275179469264248,monotone_isotonic
F01,220.0,0.2287145231833485,monotone_isotonic
F01,221.0,0.2299110994402721,monotone_isotonic
F01,222.0,0.2311076756971958,monotone_isotonic
F01,223.0,0.2323042519541194,monotone_isotonic
F01,224.0,0.2335008282110431,monotone_isotonic
F01,225.0,0.2346974044679667,monotone_isotonic
F01,226.0,0.2358939807248904,monotone_isotonic
F01,227.0,0.237090556981814,monotone_isotonic
F01,228.0,0.2382871332387376,monotone_isotonic
F01,229.0,0.2394837094956613,monotone_isotonic
F01,230.0,0.2406802857525849,monotone_isotonic
F01,231.0,0.2418768620095086,monotone_isotonic
F01,232.0,0.2418768620095086,monotone_isotonic
F01,233.0,0.2418768620095086,monotone_isotonic
F01,234.0,0.2418768620095086,monotone_isotonic
F01,235.0,0.2418768620095086,monotone_isotonic
F01,236.0,0.2418768620095086,monotone_isotonic
F01,237.0,0.2418768620095086,monotone_isotonic
F01,238.0,0.2418768620095086,monotone_isotonic
F01,239.0,0.2418768620095086,monotone_isotonic
F01,240.0,0.2418768620095086,monotone_isotonic
F01,241.0,0.2418768620095086,monotone_isotonic
F01,242.0,0.2418768620095086,monotone_isotonic
F01,243.0,0.2418768620095086,monotone_isotonic
F01,244.0,0.2418768620095086,monotone_isotonic
F01,245.0,0.2418768620095086,monotone_isotonic
F01,246.0,0.2418768620095086,monotone_isotonic
F01,247.0,0.2418768620095086,monotone_isotonic
F01,248.0,0.2418768620095086,monotone_isotonic
F01,249.0,0.2418768620095086,monotone_isotonic
F01,250.0,0.2418768620095086,monotone_isotonic
F01,251.0,0.2418768620095086,monotone_isotonic
F01,252.0,0.2418768620095086,monotone_isotonic
F01,253.0,0.2418768620095086,monotone_isotonic
F01,254.0,0.2418768620095086,monotone_isotonic
F01,255.0,0.2418768620095086,monotone_isotonic
F01,256.0,0.2418768620095086,monotone_isotonic
F01,257.0,0.2418768620095086,monotone_isotonic
F01,258.0,0.2418768620095086,monotone_isotonic
F01,259.0,0.2418768620095086,monotone_isotonic
F01,260.0,0.2418768620095086,monotone_isotonic
F01,261.0,0.2418768620095086,monotone_isotonic
F01,262.0,0.2418768620095086,monotone_isotonic
F01,263.0,0.2418768620095086,monotone_isotonic
F01,264.0,0.2418768620095086,monotone_isotonic
F01,265.0,0.2418768620095086,monotone_isotonic
F01,266.0,0.2418768620095086,monotone_isotonic
F01,267.0,0.2418768620095086,monotone_isotonic
F01,268.0,0.2418768620095086,monotone_isotonic
F01,269.0,0.2418768620095086,monotone_isotonic
F01,270.0,0.2418768620095086,monotone_isotonic
F01,271.0,0.2418768620095086,monotone_isotonic
F01,272.0,0.2418768620095086,monotone_isotonic
F01,273.0,0.2418768620095086,monotone_isotonic
F01,274.0,0.2418768620095086,monotone_isotonic
F01,275.0,0.2418768620095086,monotone_isotonic
F01,276.0,0.2418768620095086,monotone_isotonic
F01,277.0,0.2418768620095086,monotone_isotonic
F01,278.0,0.2418768620095086,monotone_isotonic
F01,279.0,0.2418768620095086,monotone_isotonic
F01,280.0,0.2418768620095086,monotone_isotonic
F01,281.0,0.2418768620095086,monotone_isotonic
F01,282.0,0.2418768620095086,monotone_isotonic
F01,283.0,0.2418768620095086,monotone_isotonic
F01,284.0,0.2418768620095086,monotone_isotonic
F01,285.0,0.2418768620095086,monotone_isotonic
F01,286.0,0.2418768620095086,monotone_isotonic
F01,287.0,0.2418768620095086,monotone_isotonic
F01,288.0,0.2418768620095086,monotone_isotonic
F01,289.0,0.2418768620095086,monotone_isotonic
F01,290.0,0.2418768620095086,monotone_isotonic
F01,291.0,0.2418768620095086,monotone_isotonic
F01,292.0,0.2418768620095086,monotone_isotonic
F01,293.0,0.2418768620095086,monotone_isotonic
F01,294.0,0.2418768620095086,monotone_isotonic
F01,295.0,0.2418768620095086,monotone_isotonic
F01,296.0,0.2418768620095086,monotone_isotonic
F01,297.0,0.2418768620095086,monotone_isotonic
F01,298.0,0.2418768620095086,monotone_isotonic
F01,299.0,0.2418768620095086,monotone_isotonic
F01,300.0,0.2418768620095086,monotone_isotonic
F01,301.0,0.2418768620095086,monotone_isotonic
F01,302.0,0.2418768620095086,monotone_isotonic
F01,303.0,0.2418768620095086,monotone_isotonic
F01,304.0,0.2418768620095086,monotone_isotonic
F01,305.0,0.2418768620095086,monotone_isotonic
F01,306.0,0.2418768620095086,monotone_isotonic
F01,307.0,0.2418768620095086,monotone_isotonic
F01,308.0,0.2418768620095086,monotone_isotonic
F01,309.0,0.2418768620095086,monotone_isotonic
F01,310.0,0.2418768620095086,monotone_isotonic
F01,311.0,0.2418768620095086,monotone_isotonic
F01,312.0,0.2418768620095086,monotone_isotonic
F01,313.0,0.2418768620095086,monotone_isotonic
F01,314.0,0.2418768620095086,monotone_isotonic
F01,315.0,0.2418768620095086,monotone_isotonic
F01,316.0,0.2418768620095086,monotone_isotonic
F01,317.0,0.2418768620095086,monotone_isotonic
F01,318.0,0.2418768620095086,monotone_isotonic
F01,319.0,0.2418768620095086,monotone_isotonic
F01,320.0,0.2418768620095086,monotone_isotonic
F01,321.0,0.2418768620095086,monotone_isotonic
F01,322.0,0.2418768620095086,monotone_isotonic
F01,323.0,0.2418768620095086,monotone_isotonic
F01,324.0,0.2418768620095086,monotone_isotonic
F01,325.0,0.2418768620095086,monotone_isotonic
F01,326.0,0.2418768620095086,monotone_isotonic
F01,327.0,0.2418768620095086,monotone_isotonic
F01,328.0,0.2418768620095086,monotone_isotonic
F01,329.0,0.2418768620095086,monotone_isotonic
F01,330.0,0.2418768620095086,monotone_isotonic
F01,331.0,0.2418768620095086,monotone_isotonic
F01,332.0,0.2418768620095086,monotone_isotonic
F01,333.0,0.2418768620095086,monotone_isotonic
F01,334.0,0.2418768620095086,monotone_isotonic
F01,335.0,0.2418768620095086,monotone_isotonic
F01,336.0,0.2418768620095086,monotone_isotonic
F01,337.0,0.2418768620095086,monotone_isotonic
F01,338.0,0.2418768620095086,monotone_isotonic
F01,339.0,0.2418768620095086,monotone_isotonic
F01,340.0,0.2418768620095086,monotone_isotonic
F01,341.0,0.2418768620095086,monotone_isotonic
F01,342.0,0.2418768620095086,monotone_isotonic
F01,343.0,0.2418768620095086,monotone_isotonic
F01,344.0,0.2418768620095086,monotone_isotonic
F01,345.0,0.2418768620095086,monotone_isotonic
F01,346.0,0.2418768620095086,monotone_isotonic
F01,347.0,0.2418768620095086,monotone_isotonic
F01,348.0,0.2418768620095086,monotone_isotonic
F01,349.0,0.2418768620095086,monotone_isotonic
F01,350.0,0.2418768620095086,monotone_isotonic
F01,351.0,0.2418768620095086,monotone_isotonic
F01,352.0,0.2418768620095086,monotone_isotonic
F01,353.0,0.2418768620095086,monotone_isotonic
F01,354.0,0.2418768620095086,monotone_isotonic
F01,355.0,0.2418768620095086,monotone_isotonic
F01,356.0,0.2418768620095086,monotone_isotonic
F01,357.0,0.2418768620095086,monotone_isotonic
F01,358.0,0.2418768620095086,monotone_isotonic
F01,359.0,0.2418768620095086,monotone_isotonic
F01,360.0,0.2418768620095086,monotone_isotonic
F01,361.0,0.2418768620095086,monotone_isotonic
F01,362.0,0.2418768620095086,monotone_isotonic
F01,363.0,0.2418768620095086,monotone_isotonic
F01,364.0,0.2418768620095086,monotone_isotonic
F01,365.0,0.2418768620095086,monotone_isotonic
F02,0.0,0.4086714710029852,monotone_isotonic
F02,1.0,0.4086714710029852,monotone_isotonic
F02,2.0,0.4086714710029852,monotone_isotonic
F02,3.0,0.4086714710029852,monotone_isotonic
F02,4.0,0.4086714710029852,monotone_isotonic
F02,5.0,0.4086714710029852,monotone_isotonic
F02,6.0,0.4086714710029852,monotone_isotonic
F02,7.0,0.4086714710029852,monotone_isotonic
F02,8.0,0.4086714710029852,monotone_isotonic
F02,9.0,0.4086714710029852,monotone_isotonic
F02,10.0,0.4086714710029852,monotone_isotonic
F02,11.0,0.4086714710029852,monotone_isotonic
F02,12.0,0.4086714710029852,monotone_isotonic
F02,13.0,0.4086714710029852,monotone_isotonic
F02,14.0,0.4086714710029852,monotone_isotonic
F02,15.0,0.4086714710029852,monotone_isotonic
F02,16.0,0.4086714710029852,monotone_isotonic
F02,17.0,0.4086714710029852,monotone_isotonic
F02,18.0,0.4086714710029852,monotone_isotonic
F02,19.0,0.4086714710029852,monotone_isotonic
F02,20.0,0.4086714710029852,monotone_isotonic
F02,21.0,0.4086714710029852,monotone_isotonic
F02,22.0,0.4086714710029852,monotone_isotonic
F02,23.0,0.4086714710029852,monotone_isotonic
F02,24.0,0.4086714710029852,monotone_isotonic
F02,25.0,0.4086714710029852,monotone_isotonic
F02,26.0,0.4086714710029852,monotone_isotonic
F02,27.0,0.4086714710029852,monotone_isotonic
F02,28.0,0.4086714710029852,monotone_isotonic
F02,29.0,0.4086714710029852,monotone_isotonic
F02,30.0,0.4086714710029852,monotone_isotonic
F02,31.0,0.4086714710029852,monotone_isotonic
F02,32.0,0.4086714710029852,monotone_isotonic
F02,33.0,0.4086714710029852,monotone_isotonic
F02,34.0,0.4086714710029852,monotone_isotonic
F02,35.0,0.4086714710029852,monotone_isotonic
F02,36.0,0.4086714710029852,monotone_isotonic
F02,37.0,0.4086714710029852,monotone_isotonic
F02,38.0,0.4086714710029852,monotone_isotonic
F02,39.0,0.4086714710029852,monotone_isotonic
F02,40.0,0.4086714710029852,monotone_isotonic
F02,41.0,0.4086714710029852,monotone_isotonic
F02,42.0,0.4086714710029852,monotone_isotonic
F02,43.0,0.4086714710029852,monotone_isotonic
F02,44.0,0.4086714710029852,monotone_isotonic
F02,45.0,0.4086714710029852,monotone_isotonic
F02,46.0,0.4086714710029852,monotone_isotonic
F02,47.0,0.4086714710029852,monotone_isotonic
F02,48.0,0.4086714710029852,monotone_isotonic
F02,49.0,0.4086714710029852,monotone_isotonic
F02,50.0,0.4086714710029852,monotone_isotonic
F02,51.0,0.4086714710029852,monotone_isotonic
F02,52.0,0.4086714710029852,monotone_isotonic
F02,53.0,0.4086714710029852,monotone_isotonic
F02,54.0,0.4086714710029852,monotone_isotonic
F02,55.0,0.4086714710029852,monotone_isotonic
F02,56.0,0.4086714710029852,monotone_isotonic
F02,57.0,0.4086714710029852,monotone_isotonic
F02,58.0,0.4086714710029852,monotone_isotonic
F02,59.0,0.4086714710029852,monotone_isotonic
F02,60.0,0.4086714710029852,monotone_isotonic
F02,61.0,0.4086714710029852,monotone_isotonic
F02,62.0,0.4086714710029852,monotone_isotonic
F02,63.0,0.4086714710029852,monotone_isotonic
F02,64.0,0.4086714710029852,monotone_isotonic
F02,65.0,0.4086714710029852,monotone_isotonic
F02,66.0,0.4086714710029852,monotone_isotonic
F02,67.0,0.4086714710029852,monotone_isotonic
F02,68.0,0.4086714710029852,monotone_isotonic
F02,69.0,0.4086714710029852,monotone_isotonic
F02,70.0,0.4086714710029852,monotone_isotonic
F02,71.0,0.4086714710029852,monotone_isotonic
F02,72.0,0.4086714710029852,monotone_isotonic
F02,73.0,0.4086714710029852,monotone_isotonic
F02,74.0,0.4086714710029852,monotone_isotonic
F02,75.0,0.4086714710029852,monotone_isotonic
F02,76.0,0.4086714710029852,monotone_isotonic
F02,77.0,0.4086714710029852,monotone_isotonic
F02,78.0,0.4086714710029852,monotone_isotonic
F02,79.0,0.4086714710029852,monotone_isotonic
F02,80.0,0.4086714710029852,monotone_isotonic
F02,81.0,0.4086714710029852,monotone_isotonic
F02,82.0,0.4086714710029852,monotone_isotonic
F02,83.0,0.4086714710029852,monotone_isotonic
F02,84.0,0.4086714710029852,monotone_isotonic
F02,85.0,0.4086714710029852,monotone_isotonic
F02,86.0,0.4086714710029852,monotone_isotonic
F02,87.0,0.4086714710029852,monotone_isotonic
F02,88.0,0.4086714710029852,monotone_isotonic
F02,89.0,0.4086714710029852,monotone_isotonic
F02,90.0,0.4086714710029852,monotone_isotonic
F02,91.0,0.4086714710029852,monotone_isotonic
F02,92.0,0.4086714710029852,monotone_isotonic
F02,93.0,0.4086714710029852,monotone_isotonic
F02,94.0,0.4086714710029852,monotone_isotonic
F02,95.0,0.4086714710029852,monotone_isotonic
F02,96.0,0.4086714710029852,monotone_isotonic
F02,97.0,0.4086714710029852,monotone_isotonic
F02,98.0,0.4086714710029852,monotone_isotonic
F02,99.0,0.4086714710029852,monotone_isotonic
F02,100.0,0.4086714710029852,monotone_isotonic
F02,101.0,0.4086714710029852,monotone_isotonic
F02,102.0,0.4086714710029852,monotone_isotonic
F02,103.0,0.4086714710029852,monotone_isotonic
F02,104.0,0.4086714710029852,monotone_isotonic
F02,105.0,0.4086714710029852,monotone_isotonic
F02,106.0,0.4086714710029852,monotone_isotonic
F02,107.0,0.4086714710029852,monotone_isotonic
F02,108.0,0.4086714710029852,monotone_isotonic
F02,109.0,0.4086714710029852,monotone_isotonic
F02,110.0,0.4086714710029852,monotone_isotonic
F02,111.0,0.4086714710029852,monotone_isotonic
F02,112.0,0.4086714710029852,monotone_isotonic
F02,113.0,0.4086714710029852,monotone_isotonic
F02,114.0,0.4086714710029852,monotone_isotonic
F02,115.0,0.4086714710029852,monotone_isotonic
F02,116.0,0.4086714710029852,monotone_isotonic
F02,117.0,0.4086714710029852,monotone_isotonic
F02,118.0,0.4086714710029852,monotone_isotonic
F02,119.0,0.4086714710029852,monotone_isotonic
F02,120.0,0.4086714710029852,monotone_isotonic
F02,121.0,0.4086714710029852,monotone_isotonic
F02,122.0,0.4086714710029852,monotone_isotonic
F02,123.0,0.4086714710029852,monotone_isotonic
F02,124.0,0.4086714710029852,monotone_isotonic
F02,125.0,0.4086714710029852,monotone_isotonic
F02,126.0,0.4086714710029852,monotone_isotonic
F02,127.0,0.4086714710029852,monotone_isotonic
F02,128.0,0.4086714710029852,monotone_isotonic
F02,129.0,0.4086714710029852,monotone_isotonic
F02,130.0,0.4086714710029852,monotone_isotonic
F02,131.0,0.4086714710029852,monotone_isotonic
F02,132.0,0.4086714710029852,monotone_isotonic
F02,133.0,0.4086714710029852,monotone_isotonic
F02,134.0,0.4086714710029852,monotone_isotonic
F02,135.0,0.4086714710029852,monotone_isotonic
F02,136.0,0.4086714710029852,monotone_isotonic
F02,137.0,0.4086714710029852,monotone_isotonic
F02,138.0,0.4086714710029852,monotone_isotonic
F02,139.0,0.4086714710029852,monotone_isotonic
F02,140.0,0.4086714710029852,monotone_isotonic
F02,141.0,0.4086714710029852,monotone_isotonic
F02,142.0,0.4086714710029852,monotone_isotonic
F02,143.0,0.4086714710029852,monotone_isotonic
F02,144.0,0.4086714710029852,monotone_isotonic
F02,145.0,0.4086714710029852,monotone_isotonic
F02,146.0,0.4086714710029852,monotone_isotonic
F02,147.0,0.4086714710029852,monotone_isotonic
F02,148.0,0.4086714710029852,monotone_isotonic
F02,149.0,0.4086714710029852,monotone_isotonic
F02,150.0,0.4086714710029852,monotone_isotonic
F02,151.0,0.4086714710029852,monotone_isotonic
F02,152.0,0.4086714710029852,monotone_isotonic
F02,153.0,0.4086714710029852,monotone_isotonic
F02,154.0,0.4086714710029852,monotone_isotonic
F02,155.0,0.4086714710029852,monotone_isotonic
F02,156.0,0.4086714710029852,monotone_isotonic
F02,157.0,0.4086714710029852,monotone_isotonic
F02,158.0,0.4086714710029852,monotone_isotonic
F02,159.0,0.4086714710029852,monotone_isotonic
F02,160.0,0.4086714710029852,monotone_isotonic
F02,161.0,0.4086714710029852,monotone_isotonic
F02,162.0,0.4086714710029852,monotone_isotonic
F02,163.0,0.4086714710029852,monotone_isotonic
F02,164.0,0.4086714710029852,monotone_isotonic
F02,165.0,0.4086714710029852,monotone_isotonic
F02,166.0,0.4086714710029852,monotone_isotonic
F02,167.0,0.4086714710029852,monotone_isotonic
F02,168.0,0.4086714710029852,monotone_isotonic
F02,169.0,0.4086714710029852,monotone_isotonic
F02,170.0,0.4086714710029852,monotone_isotonic
F02,171.0,0.4086714710029852,monotone_isotonic
F02,172.0,0.4086714710029852,monotone_isotonic
F02,173.0,0.4086714710029852,monotone_isotonic
F02,174.0,0.4086714710029852,monotone_isotonic
F02,175.0,0.4086714710029852,monotone_isotonic
F02,176.0,0.4086714710029852,monotone_isotonic
F02,177.0,0.4086714710029852,monotone_isotonic
F02,178.0,0.4086714710029852,monotone_isotonic
F02,179.0,0.4086714710029852,monotone_isotonic
F02,180.0,0.4086714710029852,monotone_isotonic
F02,181.0,0.4086714710029852,monotone_isotonic
F02,182.0,0.4086714710029852,monotone_isotonic
F02,183.0,0.4086714710029852,monotone_isotonic
F02,184.0,0.4086714710029852,monotone_isotonic
F02,185.0,0.4086714710029852,monotone_isotonic
F02,186.0,0.4086714710029852,monotone_isotonic
F02,187.0,0.4086714710029852,monotone_isotonic
F02,188.0,0.4086714710029852,monotone_isotonic
F02,189.0,0.4086714710029852,monotone_isotonic
F02,190.0,0.4086714710029852,monotone_isotonic
F02,191.0,0.4086714710029852,monotone_isotonic
F02,192.0,0.4086714710029852,monotone_isotonic
F02,193.0,0.4086714710029852,monotone_isotonic
F02,194.0,0.4086714710029852,monotone_isotonic
F02,195.0,0.4086714710029852,monotone_isotonic
F02,196.0,0.4086714710029852,monotone_isotonic
F02,197.0,0.4086714710029852,monotone_isotonic
F02,198.0,0.4086714710029852,monotone_isotonic
F02,199.0,0.4086714710029852,monotone_isotonic
F02,200.0,0.4086714710029852,monotone_isotonic
F02,201.0,0.4086714710029852,monotone_isotonic
F02,202.0,0.4086714710029852,monotone_isotonic
F02,203.0,0.4086714710029852,monotone_isotonic
F02,204.0,0.4086714710029852,monotone_isotonic
F02,205.0,0.4086714710029852,monotone_isotonic
F02,206.0,0.4086714710029852,monotone_isotonic
F02,207.0,0.4086714710029852,monotone_isotonic
F02,208.0,0.4086714710029852,monotone_isotonic
F02,209.0,0.4086714710029852,monotone_isotonic
F02,210.0,0.4086714710029852,monotone_isotonic
F02,211.0,0.4098680472599089,monotone_isotonic
F02,212.0,0.4110646235168325,monotone_isotonic
F02,213.0,0.4122611997737561,monotone_isotonic
F02,214.0,0.4134577760306798,monotone_isotonic
F02,215.0,0.4146543522876034,monotone_isotonic
F02,216.0,0.4158509285445271,monotone_isotonic
F02,217.0,0.4170475048014507,monotone_isotonic
F02,218.0,0.4182440810583743,monotone_isotonic
F02,219.0,0.419440657315298,monotone_isotonic
F02,220.0,0.4206372335722216,monotone_isotonic
F02,221.0,0.4218338098291453,monotone_isotonic
F02,222.0,0.4230303860860689,monotone_isotonic
F02,223.0,0.4242269623429926,monotone_isotonic
F02,224.0,0.4254235385999162,monotone_isotonic
F02,225.0,0.4266201148568398,monotone_isotonic
F02,226.0,0.4278166911137635,monotone_isotonic
F02,227.0,0.4290132673706872,monotone_isotonic
F02,228.0,0.4302098436276108,monotone_isotonic
F02,229.0,0.4314064198845344,monotone_isotonic
F02,230.0,0.4326029961414581,monotone_isotonic
F02,231.0,0.4337995723983817,monotone_isotonic
F02,232.0,0.4337995723983817,monotone_isotonic
F02,233.0,0.4337995723983817,monotone_isotonic
F02,234.0,0.4337995723983817,monotone_isotonic
F02,235.0,0.4337995723983817,monotone_isotonic
F02,236.0,0.4337995723983817,monotone_isotonic
F02,237.0,0.4337995723983817,monotone_isotonic
F02,238.0,0.4337995723983817,monotone_isotonic
F02,239.0,0.4337995723983817,monotone_isotonic
F02,240.0,0.4337995723983817,monotone_isotonic
F02,241.0,0.4337995723983817,monotone_isotonic
F02,242.0,0.4337995723983817,monotone_isotonic
F02,243.0,0.4337995723983817,monotone_isotonic
F02,244.0,0.4337995723983817,monotone_isotonic
F02,245.0,0.4337995723983817,monotone_isotonic
F02,246.0,0.4337995723983817,monotone_isotonic
F02,247.0,0.4337995723983817,monotone_isotonic
F02,248.0,0.4337995723983817,monotone_isotonic
F02,249.0,0.4337995723983817,monotone_isotonic
F02,250.0,0.4337995723983817,monotone_isotonic
F02,251.0,0.4337995723983817,monotone_isotonic
F02,252.0,0.4337995723983817,monotone_isotonic
F02,253.0,0.4337995723983817,monotone_isotonic
F02,254.0,0.4337995723983817,monotone_isotonic
F02,255.0,0.4337995723983817,monotone_isotonic
F02,256.0,0.4337995723983817,monotone_isotonic
F02,257.0,0.4337995723983817,monotone_isotonic
F02,258.0,0.4337995723983817,monotone_isotonic
F02,259.0,0.4337995723983817,monotone_isotonic
F02,260.0,0.4337995723983817,monotone_isotonic
F02,261.0,0.4337995723983817,monotone_isotonic
F02,262.0,0.4337995723983817,monotone_isotonic
F02,263.0,0.4337995723983817,monotone_isotonic
F02,264.0,0.4337995723983817,monotone_isotonic
F02,265.0,0.4337995723983817,monotone_isotonic
F02,266.0,0.4337995723983817,monotone_isotonic
F02,267.0,0.4337995723983817,monotone_isotonic
F02,268.0,0.4337995723983817,monotone_isotonic
F02,269.0,0.4337995723983817,monotone_isotonic
F02,270.0,0.4337995723983817,monotone_isotonic
F02,271.0,0.4337995723983817,monotone_isotonic
F02,272.0,0.4337995723983817,monotone_isotonic
F02,273.0,0.4337995723983817,monotone_isotonic
F02,274.0,0.4337995723983817,monotone_isotonic
F02,275.0,0.4337995723983817,monotone_isotonic
F02,276.0,0.4337995723983817,monotone_isotonic
F02,277.0,0.4337995723983817,monotone_isotonic
F02,278.0,0.4337995723983817,monotone_isotonic
F02,279.0,0.4337995723983817,monotone_isotonic
F02,280.0,0.4337995723983817,monotone_isotonic
F02,281.0,0.4337995723983817,monotone_isotonic
F02,282.0,0.4337995723983817,monotone_isotonic
F02,283.0,0.4337995723983817,monotone_isotonic
F02,284.0,0.4337995723983817,monotone_isotonic
F02,285.0,0.4337995723983817,monotone_isotonic
F02,286.0,0.4337995723983817,monotone_isotonic
F02,287.0,0.4337995723983817,monotone_isotonic
F02,288.0,0.4337995723983817,monotone_isotonic
F02,289.0,0.4337995723983817,monotone_isotonic
F02,290.0,0.4337995723983817,monotone_isotonic
F02,291.0,0.4337995723983817,monotone_isotonic
F02,292.0,0.4337995723983817,monotone_isotonic
F02,293.0,0.4337995723983817,monotone_isotonic
F02,294.0,0.4337995723983817,monotone_isotonic
F02,295.0,0.4337995723983817,monotone_isotonic
F02,296.0,0.4337995723983817,monotone_isotonic
F02,297.0,0.4337995723983817,monotone_isotonic
F02,298.0,0.4337995723983817,monotone_isotonic
F02,299.0,0.4337995723983817,monotone_isotonic
F02,300.0,0.4337995723983817,monotone_isotonic
F02,301.0,0.4337995723983817,monotone_isotonic
F02,302.0,0.4337995723983817,monotone_isotonic
F02,303.0,0.4337995723983817,monotone_isotonic
F02,304.0,0.4337995723983817,monotone_isotonic
F02,305.0,0.4337995723983817,monotone_isotonic
F02,306.0,0.4337995723983817,monotone_isotonic
F02,307.0,0.4337995723983817,monotone_isotonic
F02,308.0,0.4337995723983817,monotone_isotonic
F02,309.0,0.4337995723983817,monotone_isotonic
F02,310.0,0.4337995723983817,monotone_isotonic
F02,311.0,0.4337995723983817,monotone_isotonic
F02,312.0,0.4337995723983817,monotone_isotonic
F02,313.0,0.4337995723983817,monotone_isotonic
F02,314.0,0.4337995723983817,monotone_isotonic
F02,315.0,0.4337995723983817,monotone_isotonic
F02,316.0,0.4337995723983817,monotone_isotonic
F02,317.0,0.4337995723983817,monotone_isotonic
F02,318.0,0.4337995723983817,monotone_isotonic
F02,319.0,0.4337995723983817,monotone_isotonic
F02,320.0,0.4337995723983817,monotone_isotonic
F02,321.0,0.4337995723983817,monotone_isotonic
F02,322.0,0.4337995723983817,monotone_isotonic
F02,323.0,0.4337995723983817,monotone_isotonic
F02,324.0,0.4337995723983817,monotone_isotonic
F02,325.0,0.4337995723983817,monotone_isotonic
F02,326.0,0.4337995723983817,monotone_isotonic
F02,327.0,0.4337995723983817,monotone_isotonic
F02,328.0,0.4337995723983817,monotone_isotonic
F02,329.0,0.4337995723983817,monotone_isotonic
F02,330.0,0.4337995723983817,monotone_isotonic
F02,331.0,0.4337995723983817,monotone_isotonic
F02,332.0,0.4337995723983817,monotone_isotonic
F02,333.0,0.4337995723983817,monotone_isotonic
F02,334.0,0.4337995723983817,monotone_isotonic
F02,335.0,0.4337995723983817,monotone_isotonic
F02,336.0,0.4337995723983817,monotone_isotonic
F02,337.0,0.4337995723983817,monotone_isotonic
F02,338.0,0.4337995723983817,monotone_isotonic
F02,339.0,0.4337995723983817,monotone_isotonic
F02,340.0,0.4337995723983817,monotone_isotonic
F02,341.0,0.4337995723983817,monotone_isotonic
F02,342.0,0.4337995723983817,monotone_isotonic
F02,343.0,0.4337995723983817,monotone_isotonic
F02,344.0,0.4337995723983817,monotone_isotonic
F02,345.0,0.4337995723983817,monotone_isotonic
F02,346.0,0.4337995723983817,monotone_isotonic
F02,347.0,0.4337995723983817,monotone_isotonic
F02,348.0,0.4337995723983817,monotone_isotonic
F02,349.0,0.4337995723983817,monotone_isotonic
F02,350.0,0.4337995723983817,monotone_isotonic
F02,351.0,0.4337995723983817,monotone_isotonic
F02,352.0,0.4337995723983817,monotone_isotonic
F02,353.0,0.4337995723983817,monotone_isotonic
F02,354.0,0.4337995723983817,monotone_isotonic
F02,355.0,0.4337995723983817,monotone_isotonic
F02,356.0,0.4337995723983817,monotone_isotonic
F02,357.0,0.4337995723983817,monotone_isotonic
F02,358.0,0.4337995723983817,monotone_isotonic
F02,359.0,0.4337995723983817,monotone_isotonic
F02,360.0,0.4337995723983817,monotone_isotonic
F02,361.0,0.4337995723983817,monotone_isotonic
F02,362.0,0.4337995723983817,monotone_isotonic
F02,363.0,0.4337995723983817,monotone_isotonic
F02,364.0,0.4337995723983817,monotone_isotonic
F02,365.0,0.4337995723983817,monotone_isotonic
F03,0.0,0.3619046820821111,monotone_isotonic
F03,1.0,0.3619046820821111,monotone_isotonic
F03,2.0,0.3619046820821111,monotone_isotonic
F03,3.0,0.3619046820821111,monotone_isotonic
F03,4.0,0.3619046820821111,monotone_isotonic
F03,5.0,0.3619046820821111,monotone_isotonic
F03,6.0,0.3619046820821111,monotone_isotonic
F03,7.0,0.3619046820821111,monotone_isotonic
F03,8.0,0.3619046820821111,monotone_isotonic
F03,9.0,0.3619046820821111,monotone_isotonic
F03,10.0,0.3619046820821111,monotone_isotonic
F03,11.0,0.3619046820821111,monotone_isotonic
F03,12.0,0.3619046820821111,monotone_isotonic
F03,13.0,0.3619046820821111,monotone_isotonic
F03,14.0,0.3619046820821111,monotone_isotonic
F03,15.0,0.3619046820821111,monotone_isotonic
F03,16.0,0.3619046820821111,monotone_isotonic
F03,17.0,0.3619046820821111,monotone_isotonic
F03,18.0,0.3619046820821111,monotone_isotonic
F03,19.0,0.3619046820821111,monotone_isotonic
F03,20.0,0.3619046820821111,monotone_isotonic
F03,21.0,0.3619046820821111,monotone_isotonic
F03,22.0,0.3619046820821111,monotone_isotonic
F03,23.0,0.3619046820821111,monotone_isotonic
F03,24.0,0.3619046820821111,monotone_isotonic
F03,25.0,0.3619046820821111,monotone_isotonic
F03,26.0,0.3619046820821111,monotone_isotonic
F03,27.0,0.3619046820821111,monotone_isotonic
F03,28.0,0.3619046820821111,monotone_isotonic
F03,29.0,0.3619046820821111,monotone_isotonic
F03,30.0,0.3619046820821111,monotone_isotonic
F03,31.0,0.3619046820821111,monotone_isotonic
F03,32.0,0.3619046820821111,monotone_isotonic
F03,33.0,0.3619046820821111,monotone_isotonic
F03,34.0,0.3619046820821111,monotone_isotonic
F03,35.0,0.3619046820821111,monotone_isotonic
F03,36.0,0.3619046820821111,monotone_isotonic
F03,37.0,0.3619046820821111,monotone_isotonic
F03,38.0,0.3619046820821111,monotone_isotonic
F03,39.0,0.3619046820821111,monotone_isotonic
F03,40.0,0.3619046820821111,monotone_isotonic
F03,41.0,0.3619046820821111,monotone_isotonic
F03,42.0,0.3619046820821111,monotone_isotonic
F03,43.0,0.3619046820821111,monotone_isotonic
F03,44.0,0.3619046820821111,monotone_isotonic
F03,45.0,0.3619046820821111,monotone_isotonic
F03,46.0,0.3619046820821111,monotone_isotonic
F03,47.0,0.3619046820821111,monotone_isotonic
F03,48.0,0.3619046820821111,monotone_isotonic
F03,49.0,0.3619046820821111,monotone_isotonic
F03,50.0,0.3619046820821111,monotone_isotonic
F03,51.0,0.3619046820821111,monotone_isotonic
F03,52.0,0.3619046820821111,monotone_isotonic
F03,53.0,0.3619046820821111,monotone_isotonic
F03,54.0,0.3619046820821111,monotone_isotonic
F03,55.0,0.3619046820821111,monotone_isotonic
F03,56.0,0.3619046820821111,monotone_isotonic
F03,57.0,0.3619046820821111,monotone_isotonic
F03,58.0,0.3619046820821111,monotone_isotonic
F03,59.0,0.3619046820821111,monotone_isotonic
F03,60.0,0.3619046820821111,monotone_isotonic
F03,61.0,0.3619046820821111,monotone_isotonic
F03,62.0,0.3619046820821111,monotone_isotonic
F03,63.0,0.3619046820821111,monotone_isotonic
F03,64.0,0.3619046820821111,monotone_isotonic
F03,65.0,0.3619046820821111,monotone_isotonic
F03,66.0,0.3619046820821111,monotone_isotonic
F03,67.0,0.3619046820821111,monotone_isotonic
F03,68.0,0.3619046820821111,monotone_isotonic
F03,69.0,0.3619046820821111,monotone_isotonic
F03,70.0,0.3619046820821111,monotone_isotonic
F03,71.0,0.3619046820821111,monotone_isotonic
F03,72.0,0.3619046820821111,monotone_isotonic
F03,73.0,0.3619046820821111,monotone_isotonic
F03,74.0,0.3619046820821111,monotone_isotonic
F03,75.0,0.3619046820821111,monotone_isotonic
F03,76.0,0.3619046820821111,monotone_isotonic
F03,77.0,0.3619046820821111,monotone_isotonic
F03,78.0,0.3619046820821111,monotone_isotonic
F03,79.0,0.3619046820821111,monotone_isotonic
F03,80.0,0.3619046820821111,monotone_isotonic
F03,81.0,0.3619046820821111,monotone_isotonic
F03,82.0,0.3619046820821111,monotone_isotonic
F03,83.0,0.3619046820821111,monotone_isotonic
F03,84.0,0.3619046820821111,monotone_isotonic
F03,85.0,0.3619046820821111,monotone_isotonic
F03,86.0,0.3619046820821111,monotone_isotonic
F03,87.0,0.3619046820821111,monotone_isotonic
F03,88.0,0.3619046820821111,monotone_isotonic
F03,89.0,0.3619046820821111,monotone_isotonic
F03,90.0,0.3619046820821111,monotone_isotonic
F03,91.0,0.3619046820821111,monotone_isotonic
F03,92.0,0.3619046820821111,monotone_isotonic
F03,93.0,0.3619046820821111,monotone_isotonic
F03,94.0,0.3619046820821111,monotone_isotonic
F03,95.0,0.3619046820821111,monotone_isotonic
F03,96.0,0.3619046820821111,monotone_isotonic
F03,97.0,0.3619046820821111,monotone_isotonic
F03,98.0,0.3619046820821111,monotone_isotonic
F03,99.0,0.3619046820821111,monotone_isotonic
F03,100.0,0.3619046820821111,monotone_isotonic
F03,101.0,0.3619046820821111,monotone_isotonic
F03,102.0,0.3619046820821111,monotone_isotonic
F03,103.0,0.3619046820821111,monotone_isotonic
F03,104.0,0.3619046820821111,monotone_isotonic
F03,105.0,0.3619046820821111,monotone_isotonic
F03,106.0,0.3619046820821111,monotone_isotonic
F03,107.0,0.3619046820821111,monotone_isotonic
F03,108.0,0.3619046820821111,monotone_isotonic
F03,109.0,0.3619046820821111,monotone_isotonic
F03,110.0,0.3619046820821111,monotone_isotonic
F03,111.0,0.3619046820821111,monotone_isotonic
F03,112.0,0.3619046820821111,monotone_isotonic
F03,113.0,0.3619046820821111,monotone_isotonic
F03,114.0,0.3619046820821111,monotone_isotonic
F03,115.0,0.3619046820821111,monotone_isotonic
F03,116.0,0.3619046820821111,monotone_isotonic
F03,117.0,0.3619046820821111,monotone_isotonic
F03,118.0,0.3619046820821111,monotone_isotonic
F03,119.0,0.3619046820821111,monotone_isotonic
F03,120.0,0.3619046820821111,monotone_isotonic
F03,121.0,0.3619046820821111,monotone_isotonic
F03,122.0,0.3619046820821111,monotone_isotonic
F03,123.0,0.3619046820821111,monotone_isotonic
F03,124.0,0.3619046820821111,monotone_isotonic
F03,125.0,0.3619046820821111,monotone_isotonic
F03,126.0,0.3619046820821111,monotone_isotonic
F03,127.0,0.3619046820821111,monotone_isotonic
F03,128.0,0.3619046820821111,monotone_isotonic
F03,129.0,0.3619046820821111,monotone_isotonic
F03,130.0,0.3619046820821111,monotone_isotonic
F03,131.0,0.3619046820821111,monotone_isotonic
F03,132.0,0.3619046820821111,monotone_isotonic
F03,133.0,0.3619046820821111,monotone_isotonic
F03,134.0,0.3619046820821111,monotone_isotonic
F03,135.0,0.3619046820821111,monotone_isotonic
F03,136.0,0.3619046820821111,monotone_isotonic
F03,137.0,0.3619046820821111,monotone_isotonic
F03,138.0,0.3619046820821111,monotone_isotonic
F03,139.0,0.3619046820821111,monotone_isotonic
F03,140.0,0.3619046820821111,monotone_isotonic
F03,141.0,0.3619046820821111,monotone_isotonic
F03,142.0,0.3619046820821111,monotone_isotonic
F03,143.0,0.3619046820821111,monotone_isotonic
F03,144.0,0.3619046820821111,monotone_isotonic
F03,145.0,0.3619046820821111,monotone_isotonic
F03,146.0,0.3619046820821111,monotone_isotonic
F03,147.0,0.3619046820821111,monotone_isotonic
F03,148.0,0.3619046820821111,monotone_isotonic
F03,149.0,0.3619046820821111,monotone_isotonic
F03,150.0,0.3619046820821111,monotone_isotonic
F03,151.0,0.3619046820821111,monotone_isotonic
F03,152.0,0.3619046820821111,monotone_isotonic
F03,153.0,0.3619046820821111,monotone_isotonic
F03,154.0,0.3619046820821111,monotone_isotonic
F03,155.0,0.3619046820821111,monotone_isotonic
F03,156.0,0.3619046820821111,monotone_isotonic
F03,157.0,0.3619046820821111,monotone_isotonic
F03,158.0,0.3619046820821111,monotone_isotonic
F03,159.0,0.3619046820821111,monotone_isotonic
F03,160.0,0.3619046820821111,monotone_isotonic
F03,161.0,0.3619046820821111,monotone_isotonic
F03,162.0,0.3619046820821111,monotone_isotonic
F03,163.0,0.3619046820821111,monotone_isotonic
F03,164.0,0.3619046820821111,monotone_isotonic
F03,165.0,0.3619046820821111,monotone_isotonic
F03,166.0,0.3619046820821111,monotone_isotonic
F03,167.0,0.3619046820821111,monotone_isotonic
F03,168.0,0.3619046820821111,monotone_isotonic
F03,169.0,0.3619046820821111,monotone_isotonic
F03,170.0,0.3619046820821111,monotone_isotonic
F03,171.0,0.3619046820821111,monotone_isotonic
F03,172.0,0.3619046820821111,monotone_isotonic
F03,173.0,0.3619046820821111,monotone_isotonic
F03,174.0,0.3619046820821111,monotone_isotonic
F03,175.0,0.3619046820821111,monotone_isotonic
F03,176.0,0.3619046820821111,monotone_isotonic
F03,177.0,0.3619046820821111,monotone_isotonic
F03,178.0,0.3619046820821111,monotone_isotonic
F03,179.0,0.3619046820821111,monotone_isotonic
F03,180.0,0.3619046820821111,monotone_isotonic
F03,181.0,0.3619046820821111,monotone_isotonic
F03,182.0,0.3619046820821111,monotone_isotonic
F03,183.0,0.3619046820821111,monotone_isotonic
F03,184.0,0.3619046820821111,monotone_isotonic
F03,185.0,0.3619046820821111,monotone_isotonic
F03,186.0,0.3619046820821111,monotone_isotonic
F03,187.0,0.3619046820821111,monotone_isotonic
F03,188.0,0.3619046820821111,monotone_isotonic
F03,189.0,0.3619046820821111,monotone_isotonic
F03,190.0,0.3619046820821111,monotone_isotonic
F03,191.0,0.3619046820821111,monotone_isotonic
F03,192.0,0.3619046820821111,monotone_isotonic
F03,193.0,0.3619046820821111,monotone_isotonic
F03,194.0,0.3619046820821111,monotone_isotonic
F03,195.0,0.3619046820821111,monotone_isotonic
F03,196.0,0.3619046820821111,monotone_isotonic
F03,197.0,0.3619046820821111,monotone_isotonic
F03,198.0,0.3619046820821111,monotone_isotonic
F03,199.0,0.3619046820821111,monotone_isotonic
F03,200.0,0.3619046820821111,monotone_isotonic
F03,201.0,0.3619046820821111,monotone_isotonic
F03,202.0,0.3619046820821111,monotone_isotonic
F03,203.0,0.3619046820821111,monotone_isotonic
F03,204.0,0.3619046820821111,monotone_isotonic
F03,205.0,0.3619046820821111,monotone_isotonic
F03,206.0,0.3619046820821111,monotone_isotonic
F03,207.0,0.3619046820821111,monotone_isotonic
F03,208.0,0.3619046820821111,monotone_isotonic
F03,209.0,0.3619046820821111,monotone_isotonic
F03,210.0,0.3619046820821111,monotone_isotonic
F03,211.0,0.3631012583390348,monotone_isotonic
F03,212.0,0.3642978345959584,monotone_isotonic
F03,213.0,0.365494410852882,monotone_isotonic
F03,214.0,0.3666909871098057,monotone_isotonic
F03,215.0,0.3678875633667293,monotone_isotonic
F03,216.0,0.369084139623653,monotone_isotonic
F03,217.0,0.3702807158805766,monotone_isotonic
F03,218.0,0.3714772921375002,monotone_isotonic
F03,219.0,0.3726738683944239,monotone_isotonic
F03,220.0,0.3738704446513475,monotone_isotonic
F03,221.0,0.3750670209082712,monotone_isotonic
F03,222.0,0.3762635971651948,monotone_isotonic
F03,223.0,0.3774601734221185,monotone_isotonic
F03,224.0,0.3786567496790421,monotone_isotonic
F03,225.0,0.3798533259359657,monotone_isotonic
F03,226.0,0.3810499021928894,monotone_isotonic
F03,227.0,0.3822464784498131,monotone_isotonic
F03,228.0,0.3834430547067367,monotone_isotonic
F03,229.0,0.3846396309636603,monotone_isotonic
F03,230.0,0.385836207220584,monotone_isotonic
F03,231.0,0.3870327834775076,monotone_isotonic
F03,232.0,0.3870327834775076,monotone_isotonic
F03,233.0,0.3870327834775076,monotone_isotonic
F03,234.0,0.3870327834775076,monotone_isotonic
F03,235.0,0.3870327834775076,monotone_isotonic
F03,236.0,0.3870327834775076,monotone_isotonic
F03,237.0,0.3870327834775076,monotone_isotonic
F03,238.0,0.3870327834775076,monotone_isotonic
F03,239.0,0.3870327834775076,monotone_isotonic
F03,240.0,0.3870327834775076,monotone_isotonic
F03,241.0,0.3870327834775076,monotone_isotonic
F03,242.0,0.3870327834775076,monotone_isotonic
F03,243.0,0.3870327834775076,monotone_isotonic
F03,244.0,0.3870327834775076,monotone_isotonic
F03,245.0,0.3870327834775076,monotone_isotonic
F03,246.0,0.3870327834775076,monotone_isotonic
F03,247.0,0.3870327834775076,monotone_isotonic
F03,248.0,0.3870327834775076,monotone_isotonic
F03,249.0,0.3870327834775076,monotone_isotonic
F03,250.0,0.3870327834775076,monotone_isotonic
F03,251.0,0.3870327834775076,monotone_isotonic
F03,252.0,0.3870327834775076,monotone_isotonic
F03,253.0,0.3870327834775076,monotone_isotonic
F03,254.0,0.3870327834775076,monotone_isotonic
F03,255.0,0.3870327834775076,monotone_isotonic
F03,256.0,0.3870327834775076,monotone_isotonic
F03,257.0,0.3870327834775076,monotone_isotonic
F03,258.0,0.3870327834775076,monotone_isotonic
F03,259.0,0.3870327834775076,monotone_isotonic
F03,260.0,0.3870327834775076,monotone_isotonic
F03,261.0,0.3870327834775076,monotone_isotonic
F03,262.0,0.3870327834775076,monotone_isotonic
F03,263.0,0.3870327834775076,monotone_isotonic
F03,264.0,0.3870327834775076,monotone_isotonic
F03,265.0,0.3870327834775076,monotone_isotonic
F03,266.0,0.3870327834775076,monotone_isotonic
F03,267.0,0.3870327834775076,monotone_isotonic
F03,268.0,0.3870327834775076,monotone_isotonic
F03,269.0,0.3870327834775076,monotone_isotonic
F03,270.0,0.3870327834775076,monotone_isotonic
F03,271.0,0.3870327834775076,monotone_isotonic
F03,272.0,0.3870327834775076,monotone_isotonic
F03,273.0,0.3870327834775076,monotone_isotonic
F03,274.0,0.3870327834775076,monotone_isotonic
F03,275.0,0.3870327834775076,monotone_isotonic
F03,276.0,0.3870327834775076,monotone_isotonic
F03,277.0,0.3870327834775076,monotone_isotonic
F03,278.0,0.3870327834775076,monotone_isotonic
F03,279.0,0.3870327834775076,monotone_isotonic
F03,280.0,0.3870327834775076,monotone_isotonic
F03,281.0,0.3870327834775076,monotone_isotonic
F03,282.0,0.3870327834775076,monotone_isotonic
F03,283.0,0.3870327834775076,monotone_isotonic
F03,284.0,0.3870327834775076,monotone_isotonic
F03,285.0,0.3870327834775076,monotone_isotonic
F03,286.0,0.3870327834775076,monotone_isotonic
F03,287.0,0.3870327834775076,monotone_isotonic
F03,288.0,0.3870327834775076,monotone_isotonic
F03,289.0,0.3870327834775076,monotone_isotonic
F03,290.0,0.3870327834775076,monotone_isotonic
F03,291.0,0.3870327834775076,monotone_isotonic
F03,292.0,0.3870327834775076,monotone_isotonic
F03,293.0,0.3870327834775076,monotone_isotonic
F03,294.0,0.3870327834775076,monotone_isotonic
F03,295.0,0.3870327834775076,monotone_isotonic
F03,296.0,0.3870327834775076,monotone_isotonic
F03,297.0,0.3870327834775076,monotone_isotonic
F03,298.0,0.3870327834775076,monotone_isotonic
F03,299.0,0.3870327834775076,monotone_isotonic
F03,300.0,0.3870327834775076,monotone_isotonic
F03,301.0,0.3870327834775076,monotone_isotonic
F03,302.0,0.3870327834775076,monotone_isotonic
F03,303.0,0.3870327834775076,monotone_isotonic
F03,304.0,0.3870327834775076,monotone_isotonic
F03,305.0,0.3870327834775076,monotone_isotonic
F03,306.0,0.3870327834775076,monotone_isotonic
F03,307.0,0.3870327834775076,monotone_isotonic
F03,308.0,0.3870327834775076,monotone_isotonic
F03,309.0,0.3870327834775076,monotone_isotonic
F03,310.0,0.3870327834775076,monotone_isotonic
F03,311.0,0.3870327834775076,monotone_isotonic
F03,312.0,0.3870327834775076,monotone_isotonic
F03,313.0,0.3870327834775076,monotone_isotonic
F03,314.0,0.3870327834775076,monotone_isotonic
F03,315.0,0.3870327834775076,monotone_isotonic
F03,316.0,0.3870327834775076,monotone_isotonic
F03,317.0,0.3870327834775076,monotone_isotonic
F03,318.0,0.3870327834775076,monotone_isotonic
F03,319.0,0.3870327834775076,monotone_isotonic
F03,320.0,0.3870327834775076,monotone_isotonic
F03,321.0,0.3870327834775076,monotone_isotonic
F03,322.0,0.3870327834775076,monotone_isotonic
F03,323.0,0.3870327834775076,monotone_isotonic
F03,324.0,0.3870327834775076,monotone_isotonic
F03,325.0,0.3870327834775076,monotone_isotonic
F03,326.0,0.3870327834775076,monotone_isotonic
F03,327.0,0.3870327834775076,monotone_isotonic
F03,328.0,0.3870327834775076,monotone_isotonic
F03,329.0,0.3870327834775076,monotone_isotonic
F03,330.0,0.3870327834775076,monotone_isotonic
F03,331.0,0.3870327834775076,monotone_isotonic
F03,332.0,0.3870327834775076,monotone_isotonic
F03,333.0,0.3870327834775076,monotone_isotonic
F03,334.0,0.3870327834775076,monotone_isotonic
F03,335.0,0.3870327834775076,monotone_isotonic
F03,336.0,0.3870327834775076,monotone_isotonic
F03,337.0,0.3870327834775076,monotone_isotonic
F03,338.0,0.3870327834775076,monotone_isotonic
F03,339.0,0.3870327834775076,monotone_isotonic
F03,340.0,0.3870327834775076,monotone_isotonic
F03,341.0,0.3870327834775076,monotone_isotonic
F03,342.0,0.3870327834775076,monotone_isotonic
F03,343.0,0.3870327834775076,monotone_isotonic
F03,344.0,0.3870327834775076,monotone_isotonic
F03,345.0,0.3870327834775076,monotone_isotonic
F03,346.0,0.3870327834775076,monotone_isotonic
F03,347.0,0.3870327834775076,monotone_isotonic
F03,348.0,0.3870327834775076,monotone_isotonic
F03,349.0,0.3870327834775076,monotone_isotonic
F03,350.0,0.3870327834775076,monotone_isotonic
F03,351.0,0.3870327834775076,monotone_isotonic
F03,352.0,0.3870327834775076,monotone_isotonic
F03,353.0,0.3870327834775076,monotone_isotonic
F03,354.0,0.3870327834775076,monotone_isotonic
F03,355.0,0.3870327834775076,monotone_isotonic
F03,356.0,0.3870327834775076,monotone_isotonic
F03,357.0,0.3870327834775076,monotone_isotonic
F03,358.0,0.3870327834775076,monotone_isotonic
F03,359.0,0.3870327834775076,monotone_isotonic
F03,360.0,0.3870327834775076,monotone_isotonic
F03,361.0,0.3870327834775076,monotone_isotonic
F03,362.0,0.3870327834775076,monotone_isotonic
F03,363.0,0.3870327834775076,monotone_isotonic
F03,364.0,0.3870327834775076,monotone_isotonic
F03,365.0,0.3870327834775076,monotone_isotonic
F04,0.0,0.2050334056331806,monotone_isotonic
F04,1.0,0.2050334056331806,monotone_isotonic
F04,2.0,0.2050334056331806,monotone_isotonic
F04,3.0,0.2050334056331806,monotone_isotonic
F04,4.0,0.2050334056331806,monotone_isotonic
F04,5.0,0.2050334056331806,monotone_isotonic
F04,6.0,0.2050334056331806,monotone_isotonic
F04,7.0,0.2050334056331806,monotone_isotonic
F04,8.0,0.2050334056331806,monotone_isotonic
F04,9.0,0.2050334056331806,monotone_isotonic
F04,10.0,0.2050334056331806,monotone_isotonic
F04,11.0,0.2050334056331806,monotone_isotonic
F04,12.0,0.2050334056331806,monotone_isotonic
F04,13.0,0.2050334056331806,monotone_isotonic
F04,14.0,0.2050334056331806,monotone_isotonic
F04,15.0,0.2050334056331806,monotone_isotonic
F04,16.0,0.2050334056331806,monotone_isotonic
F04,17.0,0.2050334056331806,monotone_isotonic
F04,18.0,0.2050334056331806,monotone_isotonic
F04,19.0,0.2050334056331806,monotone_isotonic
F04,20.0,0.2050334056331806,monotone_isotonic
F04,21.0,0.2050334056331806,monotone_isotonic
F04,22.0,0.2050334056331806,monotone_isotonic
F04,23.0,0.2050334056331806,monotone_isotonic
F04,24.0,0.2050334056331806,monotone_isotonic
F04,25.0,0.2050334056331806,monotone_isotonic
F04,26.0,0.2050334056331806,monotone_isotonic
F04,27.0,0.2050334056331806,monotone_isotonic
F04,28.0,0.2050334056331806,monotone_isotonic
F04,29.0,0.2050334056331806,monotone_isotonic
F04,30.0,0.2050334056331806,monotone_isotonic
F04,31.0,0.2050334056331806,monotone_isotonic
F04,32.0,0.2050334056331806,monotone_isotonic
F04,33.0,0.2050334056331806,monotone_isotonic
F04,34.0,0.2050334056331806,monotone_isotonic
F04,35.0,0.2050334056331806,monotone_isotonic
F04,36.0,0.2050334056331806,monotone_isotonic
F04,37.0,0.2050334056331806,monotone_isotonic
F04,38.0,0.2050334056331806,monotone_isotonic
F04,39.0,0.2050334056331806,monotone_isotonic
F04,40.0,0.2050334056331806,monotone_isotonic
F04,41.0,0.2050334056331806,monotone_isotonic
F04,42.0,0.2050334056331806,monotone_isotonic
F04,43.0,0.2050334056331806,monotone_isotonic
F04,44.0,0.2050334056331806,monotone_isotonic
F04,45.0,0.2050334056331806,monotone_isotonic
F04,46.0,0.2050334056331806,monotone_isotonic
F04,47.0,0.2050334056331806,monotone_isotonic
F04,48.0,0.2050334056331806,monotone_isotonic
F04,49.0,0.2050334056331806,monotone_isotonic
F04,50.0,0.2050334056331806,monotone_isotonic
F04,51.0,0.2050334056331806,monotone_isotonic
F04,52.0,0.2050334056331806,monotone_isotonic
F04,53.0,0.2050334056331806,monotone_isotonic
F04,54.0,0.2050334056331806,monotone_isotonic
F04,55.0,0.2050334056331806,monotone_isotonic
F04,56.0,0.2050334056331806,monotone_isotonic
F04,57.0,0.2050334056331806,monotone_isotonic
F04,58.0,0.2050334056331806,monotone_isotonic
F04,59.0,0.2050334056331806,monotone_isotonic
F04,60.0,0.2050334056331806,monotone_isotonic
F04,61.0,0.2050334056331806,monotone_isotonic
F04,62.0,0.2050334056331806,monotone_isotonic
F04,63.0,0.2050334056331806,monotone_isotonic
F04,64.0,0.2050334056331806,monotone_isotonic
F04,65.0,0.2050334056331806,monotone_isotonic
F04,66.0,0.2050334056331806,monotone_isotonic
F04,67.0,0.2050334056331806,monotone_isotonic
F04,68.0,0.2050334056331806,monotone_isotonic
F04,69.0,0.2050334056331806,monotone_isotonic
F04,70.0,0.2050334056331806,monotone_isotonic
F04,71.0,0.2050334056331806,monotone_isotonic
F04,72.0,0.2050334056331806,monotone_isotonic
F04,73.0,0.2050334056331806,monotone_isotonic
F04,74.0,0.2050334056331806,monotone_isotonic
F04,75.0,0.2050334056331806,monotone_isotonic
F04,76.0,0.2050334056331806,monotone_isotonic
F04,77.0,0.2050334056331806,monotone_isotonic
F04,78.0,0.2050334056331806,monotone_isotonic
F04,79.0,0.2050334056331806,monotone_isotonic
F04,80.0,0.2050334056331806,monotone_isotonic
F04,81.0,0.2050334056331806,monotone_isotonic
F04,82.0,0.2050334056331806,monotone_isotonic
F04,83.0,0.2050334056331806,monotone_isotonic
F04,84.0,0.2050334056331806,monotone_isotonic
F04,85.0,0.2050334056331806,monotone_isotonic
F04,86.0,0.2050334056331806,monotone_isotonic
F04,87.0,0.2050334056331806,monotone_isotonic
F04,88.0,0.2050334056331806,monotone_isotonic
F04,89.0,0.2050334056331806,monotone_isotonic
F04,90.0,0.2050334056331806,monotone_isotonic
F04,91.0,0.2050334056331806,monotone_isotonic
F04,92.0,0.2050334056331806,monotone_isotonic
F04,93.0,0.2050334056331806,monotone_isotonic
F04,94.0,0.2050334056331806,monotone_isotonic
F04,95.0,0.2050334056331806,monotone_isotonic
F04,96.0,0.2050334056331806,monotone_isotonic
F04,97.0,0.2050334056331806,monotone_isotonic
F04,98.0,0.2050334056331806,monotone_isotonic
F04,99.0,0.2050334056331806,monotone_isotonic
F04,100.0,0.2050334056331806,monotone_isotonic
F04,101.0,0.2050334056331806,monotone_isotonic
F04,102.0,0.2050334056331806,monotone_isotonic
F04,103.0,0.2050334056331806,monotone_isotonic
F04,104.0,0.2050334056331806,monotone_isotonic
F04,105.0,0.2050334056331806,monotone_isotonic
F04,106.0,0.2050334056331806,monotone_isotonic
F04,107.0,0.2050334056331806,monotone_isotonic
F04,108.0,0.2050334056331806,monotone_isotonic
F04,109.0,0.2050334056331806,monotone_isotonic
F04,110.0,0.2050334056331806,monotone_isotonic
F04,111.0,0.2050334056331806,monotone_isotonic
F04,112.0,0.2050334056331806,monotone_isotonic
F04,113.0,0.2050334056331806,monotone_isotonic
F04,114.0,0.2050334056331806,monotone_isotonic
F04,115.0,0.2050334056331806,monotone_isotonic
F04,116.0,0.2050334056331806,monotone_isotonic
F04,117.0,0.2050334056331806,monotone_isotonic
F04,118.0,0.2050334056331806,monotone_isotonic
F04,119.0,0.2050334056331806,monotone_isotonic
F04,120.0,0.2050334056331806,monotone_isotonic
F04,121.0,0.2050334056331806,monotone_isotonic
F04,122.0,0.2050334056331806,monotone_isotonic
F04,123.0,0.2050334056331806,monotone_isotonic
F04,124.0,0.2050334056331806,monotone_isotonic
F04,125.0,0.2050334056331806,monotone_isotonic
F04,126.0,0.2050334056331806,monotone_isotonic
F04,127.0,0.2050334056331806,monotone_isotonic
F04,128.0,0.2050334056331806,monotone_isotonic
F04,129.0,0.2050334056331806,monotone_isotonic
F04,130.0,0.2050334056331806,monotone_isotonic
F04,131.0,0.2050334056331806,monotone_isotonic
F04,132.0,0.2050334056331806,monotone_isotonic
F04,133.0,0.2050334056331806,monotone_isotonic
F04,134.0,0.2050334056331806,monotone_isotonic
F04,135.0,0.2050334056331806,monotone_isotonic
F04,136.0,0.2050334056331806,monotone_isotonic
F04,137.0,0.2050334056331806,monotone_isotonic
F04,138.0,0.2050334056331806,monotone_isotonic
F04,139.0,0.2050334056331806,monotone_isotonic
F04,140.0,0.2050334056331806,monotone_isotonic
F04,141.0,0.2050334056331806,monotone_isotonic
F04,142.0,0.2050334056331806,monotone_isotonic
F04,143.0,0.2050334056331806,monotone_isotonic
F04,144.0,0.2050334056331806,monotone_isotonic
F04,145.0,0.2050334056331806,monotone_isotonic
F04,146.0,0.2050334056331806,monotone_isotonic
F04,147.0,0.2050334056331806,monotone_isotonic
F04,148.0,0.2050334056331806,monotone_isotonic
F04,149.0,0.2050334056331806,monotone_isotonic
F04,150.0,0.2050334056331806,monotone_isotonic
F04,151.0,0.2050334056331806,monotone_isotonic
F04,152.0,0.2050334056331806,monotone_isotonic
F04,153.0,0.2050334056331806,monotone_isotonic
F04,154.0,0.2050334056331806,monotone_isotonic
F04,155.0,0.2050334056331806,monotone_isotonic
F04,156.0,0.2050334056331806,monotone_isotonic
F04,157.0,0.2050334056331806,monotone_isotonic
F04,158.0,0.2050334056331806,monotone_isotonic
F04,159.0,0.2050334056331806,monotone_isotonic
F04,160.0,0.2050334056331806,monotone_isotonic
F04,161.0,0.2050334056331806,monotone_isotonic
F04,162.0,0.2050334056331806,monotone_isotonic
F04,163.0,0.2050334056331806,monotone_isotonic
F04,164.0,0.2050334056331806,monotone_isotonic
F04,165.0,0.2050334056331806,monotone_isotonic
F04,166.0,0.2050334056331806,monotone_isotonic
F04,167.0,0.2050334056331806,monotone_isotonic
F04,168.0,0.2050334056331806,monotone_isotonic
F04,169.0,0.2050334056331806,monotone_isotonic
F04,170.0,0.2050334056331806,monotone_isotonic
F04,171.0,0.2050334056331806,monotone_isotonic
F04,172.0,0.2050334056331806,monotone_isotonic
F04,173.0,0.2050334056331806,monotone_isotonic
F04,174.0,0.2050334056331806,monotone_isotonic
F04,175.0,0.2050334056331806,monotone_isotonic
F04,176.0,0.2050334056331806,monotone_isotonic
F04,177.0,0.2050334056331806,monotone_isotonic
F04,178.0,0.2050334056331806,monotone_isotonic
F04,179.0,0.2050334056331806,monotone_isotonic
F04,180.0,0.2050334056331806,monotone_isotonic
F04,181.0,0.2050334056331806,monotone_isotonic
F04,182.0,0.2050334056331806,monotone_isotonic
F04,183.0,0.2050334056331806,monotone_isotonic
F04,184.0,0.2050334056331806,monotone_isotonic
F04,185.0,0.2050334056331806,monotone_isotonic
F04,186.0,0.2050334056331806,monotone_isotonic
F04,187.0,0.2050334056331806,monotone_isotonic
F04,188.0,0.2050334056331806,monotone_isotonic
F04,189.0,0.2050334056331806,monotone_isotonic
F04,190.0,0.2050334056331806,monotone_isotonic
F04,191.0,0.2050334056331806,monotone_isotonic
F04,192.0,0.2050334056331806,monotone_isotonic
F04,193.0,0.2050334056331806,monotone_isotonic
F04,194.0,0.2050334056331806,monotone_isotonic
F04,195.0,0.2050334056331806,monotone_isotonic
F04,196.0,0.2050334056331806,monotone_isotonic
F04,197.0,0.2050334056331806,monotone_isotonic
F04,198.0,0.2050334056331806,monotone_isotonic
F04,199.0,0.2050334056331806,monotone_isotonic
F04,200.0,0.2050334056331806,monotone_isotonic
F04,201.0,0.2050334056331806,monotone_isotonic
F04,202.0,0.2050334056331806,monotone_isotonic
F04,203.0,0.2050334056331806,monotone_isotonic
F04,204.0,0.2050334056331806,monotone_isotonic
F04,205.0,0.2050334056331806,monotone_isotonic
F04,206.0,0.2050334056331806,monotone_isotonic
F04,207.0,0.2050334056331806,monotone_isotonic
F04,208.0,0.2050334056331806,monotone_isotonic
F04,209.0,0.2050334056331806,monotone_isotonic
F04,210.0,0.2050334056331806,monotone_isotonic
F04,211.0,0.2061038189420337,monotone_isotonic
F04,212.0,0.2071742322508868,monotone_isotonic
F04,213.0,0.2082446455597399,monotone_isotonic
F04,214.0,0.2093150588685931,monotone_isotonic
F04,215.0,0.2103854721774462,monotone_isotonic
F04,216.0,0.2114558854862993,monotone_isotonic
F04,217.0,0.2125262987951525,monotone_isotonic
F04,218.0,0.2135967121040056,monotone_isotonic
F04,219.0,0.2146671254128587,monotone_isotonic
F04,220.0,0.2157375387217118,monotone_isotonic
F04,221.0,0.216807952030565,monotone_isotonic
F04,222.0,0.2178783653394181,monotone_isotonic
F04,223.0,0.2189487786482712,monotone_isotonic
F04,224.0,0.2200191919571243,monotone_isotonic
F04,225.0,0.2210896052659774,monotone_isotonic
F04,226.0,0.2221600185748306,monotone_isotonic
F04,227.0,0.2232304318836837,monotone_isotonic
F04,228.0,0.2243008451925368,monotone_isotonic
F04,229.0,0.2253712585013899,monotone_isotonic
F04,230.0,0.2264416718102431,monotone_isotonic
F04,231.0,0.2275120851190962,monotone_isotonic
F04,232.0,0.2275120851190962,monotone_isotonic
F04,233.0,0.2275120851190962,monotone_isotonic
F04,234.0,0.2275120851190962,monotone_isotonic
F04,235.0,0.2275120851190962,monotone_isotonic
F04,236.0,0.2275120851190962,monotone_isotonic
F04,237.0,0.2275120851190962,monotone_isotonic
F04,238.0,0.2275120851190962,monotone_isotonic
F04,239.0,0.2275120851190962,monotone_isotonic
F04,240.0,0.2275120851190962,monotone_isotonic
F04,241.0,0.2275120851190962,monotone_isotonic
F04,242.0,0.2275120851190962,monotone_isotonic
F04,243.0,0.2275120851190962,monotone_isotonic
F04,244.0,0.2275120851190962,monotone_isotonic
F04,245.0,0.2275120851190962,monotone_isotonic
F04,246.0,0.2275120851190962,monotone_isotonic
F04,247.0,0.2275120851190962,monotone_isotonic
F04,248.0,0.2275120851190962,monotone_isotonic
F04,249.0,0.2275120851190962,monotone_isotonic
F04,250.0,0.2275120851190962,monotone_isotonic
F04,251.0,0.2275120851190962,monotone_isotonic
F04,252.0,0.2275120851190962,monotone_isotonic
F04,253.0,0.2275120851190962,monotone_isotonic
F04,254.0,0.2275120851190962,monotone_isotonic
F04,255.0,0.2275120851190962,monotone_isotonic
F04,256.0,0.2275120851190962,monotone_isotonic
F04,257.0,0.2275120851190962,monotone_isotonic
F04,258.0,0.2275120851190962,monotone_isotonic
F04,259.0,0.2275120851190962,monotone_isotonic
F04,260.0,0.2275120851190962,monotone_isotonic
F04,261.0,0.2275120851190962,monotone_isotonic
F04,262.0,0.2275120851190962,monotone_isotonic
F04,263.0,0.2275120851190962,monotone_isotonic
F04,264.0,0.2275120851190962,monotone_isotonic
F04,265.0,0.2275120851190962,monotone_isotonic
F04,266.0,0.2275120851190962,monotone_isotonic
F04,267.0,0.2275120851190962,monotone_isotonic
F04,268.0,0.2275120851190962,monotone_isotonic
F04,269.0,0.2275120851190962,monotone_isotonic
F04,270.0,0.2275120851190962,monotone_isotonic
F04,271.0,0.2275120851190962,monotone_isotonic
F04,272.0,0.2275120851190962,monotone_isotonic
F04,273.0,0.2275120851190962,monotone_isotonic
F04,274.0,0.2275120851190962,monotone_isotonic
F04,275.0,0.2275120851190962,monotone_isotonic
F04,276.0,0.2275120851190962,monotone_isotonic
F04,277.0,0.2275120851190962,monotone_isotonic
F04,278.0,0.2275120851190962,monotone_isotonic
F04,279.0,0.2275120851190962,monotone_isotonic
F04,280.0,0.2275120851190962,monotone_isotonic
F04,281.0,0.2275120851190962,monotone_isotonic
F04,282.0,0.2275120851190962,monotone_isotonic
F04,283.0,0.2275120851190962,monotone_isotonic
F04,284.0,0.2275120851190962,monotone_isotonic
F04,285.0,0.2275120851190962,monotone_isotonic
F04,286.0,0.2275120851190962,monotone_isotonic
F04,287.0,0.2275120851190962,monotone_isotonic
F04,288.0,0.2275120851190962,monotone_isotonic
F04,289.0,0.2275120851190962,monotone_isotonic
F04,290.0,0.2275120851190962,monotone_isotonic
F04,291.0,0.2275120851190962,monotone_isotonic
F04,292.0,0.2275120851190962,monotone_isotonic
F04,293.0,0.2275120851190962,monotone_isotonic
F04,294.0,0.2275120851190962,monotone_isotonic
F04,295.0,0.2275120851190962,monotone_isotonic
F04,296.0,0.2275120851190962,monotone_isotonic
F04,297.0,0.2275120851190962,monotone_isotonic
F04,298.0,0.2275120851190962,monotone_isotonic
F04,299.0,0.2275120851190962,monotone_isotonic
F04,300.0,0.2275120851190962,monotone_isotonic
F04,301.0,0.2275120851190962,monotone_isotonic
F04,302.0,0.2275120851190962,monotone_isotonic
F04,303.0,0.2275120851190962,monotone_isotonic
F04,304.0,0.2275120851190962,monotone_isotonic
F04,305.0,0.2275120851190962,monotone_isotonic
F04,306.0,0.2275120851190962,monotone_isotonic
F04,307.0,0.2275120851190962,monotone_isotonic
F04,308.0,0.2275120851190962,monotone_isotonic
F04,309.0,0.2275120851190962,monotone_isotonic
F04,310.0,0.2275120851190962,monotone_isotonic
F04,311.0,0.2275120851190962,monotone_isotonic
F04,312.0,0.2275120851190962,monotone_isotonic
F04,313.0,0.2275120851190962,monotone_isotonic
F04,314.0,0.2275120851190962,monotone_isotonic
F04,315.0,0.2275120851190962,monotone_isotonic
F04,316.0,0.2275120851190962,monotone_isotonic
F04,317.0,0.2275120851190962,monotone_isotonic
F04,318.0,0.2275120851190962,monotone_isotonic
F04,319.0,0.2275120851190962,monotone_isotonic
F04,320.0,0.2275120851190962,monotone_isotonic
F04,321.0,0.2275120851190962,monotone_isotonic
F04,322.0,0.2275120851190962,monotone_isotonic
F04,323.0,0.2275120851190962,monotone_isotonic
F04,324.0,0.2275120851190962,monotone_isotonic
F04,325.0,0.2275120851190962,monotone_isotonic
F04,326.0,0.2275120851190962,monotone_isotonic
F04,327.0,0.2275120851190962,monotone_isotonic
F04,328.0,0.2275120851190962,monotone_isotonic
F04,329.0,0.2275120851190962,monotone_isotonic
F04,330.0,0.2275120851190962,monotone_isotonic
F04,331.0,0.2275120851190962,monotone_isotonic
F04,332.0,0.2275120851190962,monotone_isotonic
F04,333.0,0.2275120851190962,monotone_isotonic
F04,334.0,0.2275120851190962,monotone_isotonic
F04,335.0,0.2275120851190962,monotone_isotonic
F04,336.0,0.2275120851190962,monotone_isotonic
F04,337.0,0.2275120851190962,monotone_isotonic
F04,338.0,0.2275120851190962,monotone_isotonic
F04,339.0,0.2275120851190962,monotone_isotonic
F04,340.0,0.2275120851190962,monotone_isotonic
F04,341.0,0.2275120851190962,monotone_isotonic
F04,342.0,0.2275120851190962,monotone_isotonic
F04,343.0,0.2275120851190962,monotone_isotonic
F04,344.0,0.2275120851190962,monotone_isotonic
F04,345.0,0.2275120851190962,monotone_isotonic
F04,346.0,0.2275120851190962,monotone_isotonic
F04,347.0,0.2275120851190962,monotone_isotonic
F04,348.0,0.2275120851190962,monotone_isotonic
F04,349.0,0.2275120851190962,monotone_isotonic
F04,350.0,0.2275120851190962,monotone_isotonic
F04,351.0,0.2275120851190962,monotone_isotonic
F04,352.0,0.2275120851190962,monotone_isotonic
F04,353.0,0.2275120851190962,monotone_isotonic
F04,354.0,0.2275120851190962,monotone_isotonic
F04,355.0,0.2275120851190962,monotone_isotonic
F04,356.0,0.2275120851190962,monotone_isotonic
F04,357.0,0.2275120851190962,monotone_isotonic
F04,358.0,0.2275120851190962,monotone_isotonic
F04,359.0,0.2275120851190962,monotone_isotonic
F04,360.0,0.2275120851190962,monotone_isotonic
F04,361.0,0.2275120851190962,monotone_isotonic
F04,362.0,0.2275120851190962,monotone_isotonic
F04,363.0,0.2275120851190962,monotone_isotonic
F04,364.0,0.2275120851190962,monotone_isotonic
F04,365.0,0.2275120851190962,monotone_isotonic
F05,0.0,0.2190193300981896,monotone_isotonic
F05,1.0,0.2190193300981896,monotone_isotonic
F05,2.0,0.2190193300981896,monotone_isotonic
F05,3.0,0.2190193300981896,monotone_isotonic
F05,4.0,0.2190193300981896,monotone_isotonic
F05,5.0,0.2190193300981896,monotone_isotonic
F05,6.0,0.2190193300981896,monotone_isotonic
F05,7.0,0.2190193300981896,monotone_isotonic
F05,8.0,0.2190193300981896,monotone_isotonic
F05,9.0,0.2190193300981896,monotone_isotonic
F05,10.0,0.2190193300981896,monotone_isotonic
F05,11.0,0.2190193300981896,monotone_isotonic
F05,12.0,0.2190193300981896,monotone_isotonic
F05,13.0,0.2190193300981896,monotone_isotonic
F05,14.0,0.2190193300981896,monotone_isotonic
F05,15.0,0.2190193300981896,monotone_isotonic
F05,16.0,0.2190193300981896,monotone_isotonic
F05,17.0,0.2190193300981896,monotone_isotonic
F05,18.0,0.2190193300981896,monotone_isotonic
F05,19.0,0.2190193300981896,monotone_isotonic
F05,20.0,0.2190193300981896,monotone_isotonic
F05,21.0,0.2190193300981896,monotone_isotonic
F05,22.0,0.2190193300981896,monotone_isotonic
F05,23.0,0.2190193300981896,monotone_isotonic
F05,24.0,0.2190193300981896,monotone_isotonic
F05,25.0,0.2190193300981896,monotone_isotonic
F05,26.0,0.2190193300981896,monotone_isotonic
F05,27.0,0.2190193300981896,monotone_isotonic
F05,28.0,0.2190193300981896,monotone_isotonic
F05,29.0,0.2190193300981896,monotone_isotonic
F05,30.0,0.2190193300981896,monotone_isotonic
F05,31.0,0.2190193300981896,monotone_isotonic
F05,32.0,0.2190193300981896,monotone_isotonic
F05,33.0,0.2190193300981896,monotone_isotonic
F05,34.0,0.2190193300981896,monotone_isotonic
F05,35.0,0.2190193300981896,monotone_isotonic
F05,36.0,0.2190193300981896,monotone_isotonic
F05,37.0,0.2190193300981896,monotone_isotonic
F05,38.0,0.2190193300981896,monotone_isotonic
F05,39.0,0.2190193300981896,monotone_isotonic
F05,40.0,0.2190193300981896,monotone_isotonic
F05,41.0,0.2190193300981896,monotone_isotonic
F05,42.0,0.2190193300981896,monotone_isotonic
F05,43.0,0.2190193300981896,monotone_isotonic
F05,44.0,0.2190193300981896,monotone_isotonic
F05,45.0,0.2190193300981896,monotone_isotonic
F05,46.0,0.2190193300981896,monotone_isotonic
F05,47.0,0.2190193300981896,monotone_isotonic
F05,48.0,0.2190193300981896,monotone_isotonic
F05,49.0,0.2190193300981896,monotone_isotonic
F05,50.0,0.2190193300981896,monotone_isotonic
F05,51.0,0.2190193300981896,monotone_isotonic
F05,52.0,0.2190193300981896,monotone_isotonic
F05,53.0,0.2190193300981896,monotone_isotonic
F05,54.0,0.2190193300981896,monotone_isotonic
F05,55.0,0.2190193300981896,monotone_isotonic
F05,56.0,0.2190193300981896,monotone_isotonic
F05,57.0,0.2190193300981896,monotone_isotonic
F05,58.0,0.2190193300981896,monotone_isotonic
F05,59.0,0.2190193300981896,monotone_isotonic
F05,60.0,0.2190193300981896,monotone_isotonic
F05,61.0,0.2190193300981896,monotone_isotonic
F05,62.0,0.2190193300981896,monotone_isotonic
F05,63.0,0.2190193300981896,monotone_isotonic
F05,64.0,0.2190193300981896,monotone_isotonic
F05,65.0,0.2190193300981896,monotone_isotonic
F05,66.0,0.2190193300981896,monotone_isotonic
F05,67.0,0.2190193300981896,monotone_isotonic
F05,68.0,0.2190193300981896,monotone_isotonic
F05,69.0,0.2190193300981896,monotone_isotonic
F05,70.0,0.2190193300981896,monotone_isotonic
F05,71.0,0.2190193300981896,monotone_isotonic
F05,72.0,0.2190193300981896,monotone_isotonic
F05,73.0,0.2190193300981896,monotone_isotonic
F05,74.0,0.2190193300981896,monotone_isotonic
F05,75.0,0.2190193300981896,monotone_isotonic
F05,76.0,0.2190193300981896,monotone_isotonic
F05,77.0,0.2190193300981896,monotone_isotonic
F05,78.0,0.2190193300981896,monotone_isotonic
F05,79.0,0.2190193300981896,monotone_isotonic
F05,80.0,0.2190193300981896,monotone_isotonic
F05,81.0,0.2190193300981896,monotone_isotonic
F05,82.0,0.2190193300981896,monotone_isotonic
F05,83.0,0.2190193300981896,monotone_isotonic
F05,84.0,0.2190193300981896,monotone_isotonic
F05,85.0,0.2190193300981896,monotone_isotonic
F05,86.0,0.2190193300981896,monotone_isotonic
F05,87.0,0.2190193300981896,monotone_isotonic
F05,88.0,0.2190193300981896,monotone_isotonic
F05,89.0,0.2190193300981896,monotone_isotonic
F05,90.0,0.2190193300981896,monotone_isotonic
F05,91.0,0.2190193300981896,monotone_isotonic
F05,92.0,0.2190193300981896,monotone_isotonic
F05,93.0,0.2190193300981896,monotone_isotonic
F05,94.0,0.2190193300981896,monotone_isotonic
F05,95.0,0.2190193300981896,monotone_isotonic
F05,96.0,0.2190193300981896,monotone_isotonic
F05,97.0,0.2190193300981896,monotone_isotonic
F05,98.0,0.2190193300981896,monotone_isotonic
F05,99.0,0.2190193300981896,monotone_isotonic
F05,100.0,0.2190193300981896,monotone_isotonic
F05,101.0,0.2190193300981896,monotone_isotonic
F05,102.0,0.2190193300981896,monotone_isotonic
F05,103.0,0.2190193300981896,monotone_isotonic
F05,104.0,0.2190193300981896,monotone_isotonic
F05,105.0,0.2190193300981896,monotone_isotonic
F05,106.0,0.2190193300981896,monotone_isotonic
F05,107.0,0.2190193300981896,monotone_isotonic
F05,108.0,0.2190193300981896,monotone_isotonic
F05,109.0,0.2190193300981896,monotone_isotonic
F05,110.0,0.2190193300981896,monotone_isotonic
F05,111.0,0.2190193300981896,monotone_isotonic
F05,112.0,0.2190193300981896,monotone_isotonic
F05,113.0,0.2190193300981896,monotone_isotonic
F05,114.0,0.2190193300981896,monotone_isotonic
F05,115.0,0.2190193300981896,monotone_isotonic
F05,116.0,0.2190193300981896,monotone_isotonic
F05,117.0,0.2190193300981896,monotone_isotonic
F05,118.0,0.2190193300981896,monotone_isotonic
F05,119.0,0.2190193300981896,monotone_isotonic
F05,120.0,0.2190193300981896,monotone_isotonic
F05,121.0,0.2190193300981896,monotone_isotonic
F05,122.0,0.2190193300981896,monotone_isotonic
F05,123.0,0.2190193300981896,monotone_isotonic
F05,124.0,0.2190193300981896,monotone_isotonic
F05,125.0,0.2190193300981896,monotone_isotonic
F05,126.0,0.2190193300981896,monotone_isotonic
F05,127.0,0.2190193300981896,monotone_isotonic
F05,128.0,0.2190193300981896,monotone_isotonic
F05,129.0,0.2190193300981896,monotone_isotonic
F05,130.0,0.2190193300981896,monotone_isotonic
F05,131.0,0.2190193300981896,monotone_isotonic
F05,132.0,0.2190193300981896,monotone_isotonic
F05,133.0,0.2190193300981896,monotone_isotonic
F05,134.0,0.2190193300981896,monotone_isotonic
F05,135.0,0.2190193300981896,monotone_isotonic
F05,136.0,0.2190193300981896,monotone_isotonic
F05,137.0,0.2190193300981896,monotone_isotonic
F05,138.0,0.2190193300981896,monotone_isotonic
F05,139.0,0.2190193300981896,monotone_isotonic
F05,140.0,0.2190193300981896,monotone_isotonic
F05,141.0,0.2190193300981896,monotone_isotonic
F05,142.0,0.2190193300981896,monotone_isotonic
F05,143.0,0.2190193300981896,monotone_isotonic
F05,144.0,0.2190193300981896,monotone_isotonic
F05,145.0,0.2190193300981896,monotone_isotonic
F05,146.0,0.2190193300981896,monotone_isotonic
F05,147.0,0.2190193300981896,monotone_isotonic
F05,148.0,0.2190193300981896,monotone_isotonic
F05,149.0,0.2190193300981896,monotone_isotonic
F05,150.0,0.2190193300981896,monotone_isotonic
F05,151.0,0.2190193300981896,monotone_isotonic
F05,152.0,0.2190193300981896,monotone_isotonic
F05,153.0,0.2190193300981896,monotone_isotonic
F05,154.0,0.2190193300981896,monotone_isotonic
F05,155.0,0.2190193300981896,monotone_isotonic
F05,156.0,0.2190193300981896,monotone_isotonic
F05,157.0,0.2190193300981896,monotone_isotonic
F05,158.0,0.2190193300981896,monotone_isotonic
F05,159.0,0.2190193300981896,monotone_isotonic
F05,160.0,0.2190193300981896,monotone_isotonic
F05,161.0,0.2190193300981896,monotone_isotonic
F05,162.0,0.2190193300981896,monotone_isotonic
F05,163.0,0.2190193300981896,monotone_isotonic
F05,164.0,0.2190193300981896,monotone_isotonic
F05,165.0,0.2190193300981896,monotone_isotonic
F05,166.0,0.2190193300981896,monotone_isotonic
F05,167.0,0.2190193300981896,monotone_isotonic
F05,168.0,0.2190193300981896,monotone_isotonic
F05,169.0,0.2190193300981896,monotone_isotonic
F05,170.0,0.2190193300981896,monotone_isotonic
F05,171.0,0.2190193300981896,monotone_isotonic
F05,172.0,0.2190193300981896,monotone_isotonic
F05,173.0,0.2190193300981896,monotone_isotonic
F05,174.0,0.2190193300981896,monotone_isotonic
F05,175.0,0.2190193300981896,monotone_isotonic
F05,176.0,0.2190193300981896,monotone_isotonic
F05,177.0,0.2190193300981896,monotone_isotonic
F05,178.0,0.2190193300981896,monotone_isotonic
F05,179.0,0.2190193300981896,monotone_isotonic
F05,180.0,0.2190193300981896,monotone_isotonic
F05,181.0,0.2190193300981896,monotone_isotonic
F05,182.0,0.2190193300981896,monotone_isotonic
F05,183.0,0.2190193300981896,monotone_isotonic
F05,184.0,0.2190193300981896,monotone_isotonic
F05,185.0,0.2190193300981896,monotone_isotonic
F05,186.0,0.2190193300981896,monotone_isotonic
F05,187.0,0.2190193300981896,monotone_isotonic
F05,188.0,0.2190193300981896,monotone_isotonic
F05,189.0,0.2190193300981896,monotone_isotonic
F05,190.0,0.2190193300981896,monotone_isotonic
F05,191.0,0.2190193300981896,monotone_isotonic
F05,192.0,0.2190193300981896,monotone_isotonic
F05,193.0,0.2190193300981896,monotone_isotonic
F05,194.0,0.2190193300981896,monotone_isotonic
F05,195.0,0.2190193300981896,monotone_isotonic
F05,196.0,0.2190193300981896,monotone_isotonic
F05,197.0,0.2190193300981896,monotone_isotonic
F05,198.0,0.2190193300981896,monotone_isotonic
F05,199.0,0.2190193300981896,monotone_isotonic
F05,200.0,0.2190193300981896,monotone_isotonic
F05,201.0,0.2190193300981896,monotone_isotonic
F05,202.0,0.2190193300981896,monotone_isotonic
F05,203.0,0.2190193300981896,monotone_isotonic
F05,204.0,0.2190193300981896,monotone_isotonic
F05,205.0,0.2190193300981896,monotone_isotonic
F05,206.0,0.2190193300981896,monotone_isotonic
F05,207.0,0.2190193300981896,monotone_isotonic
F05,208.0,0.2190193300981896,monotone_isotonic
F05,209.0,0.2190193300981896,monotone_isotonic
F05,210.0,0.2190193300981896,monotone_isotonic
F05,211.0,0.2202436234337791,monotone_isotonic
F05,212.0,0.2214679167693686,monotone_isotonic
F05,213.0,0.2226922101049581,monotone_isotonic
F05,214.0,0.2239165034405477,monotone_isotonic
F05,215.0,0.2251407967761372,monotone_isotonic
F05,216.0,0.2263650901117267,monotone_isotonic
F05,217.0,0.2275893834473162,monotone_isotonic
F05,218.0,0.2288136767829057,monotone_isotonic
F05,219.0,0.2300379701184952,monotone_isotonic
F05,220.0,0.2312622634540847,monotone_isotonic
F05,221.0,0.2324865567896742,monotone_isotonic
F05,222.0,0.2337108501252637,monotone_isotonic
F05,223.0,0.2349351434608532,monotone_isotonic
F05,224.0,0.2361594367964427,monotone_isotonic
F05,225.0,0.2373837301320322,monotone_isotonic
F05,226.0,0.2386080234676217,monotone_isotonic
F05,227.0,0.2398323168032112,monotone_isotonic
F05,228.0,0.2410566101388007,monotone_isotonic
F05,229.0,0.2422809034743903,monotone_isotonic
F05,230.0,0.2435051968099797,monotone_isotonic
F05,231.0,0.2447294901455693,monotone_isotonic
F05,232.0,0.2447294901455693,monotone_isotonic
F05,233.0,0.2447294901455693,monotone_isotonic
F05,234.0,0.2447294901455693,monotone_isotonic
F05,235.0,0.2447294901455693,monotone_isotonic
F05,236.0,0.2447294901455693,monotone_isotonic
F05,237.0,0.2447294901455693,monotone_isotonic
F05,238.0,0.2447294901455693,monotone_isotonic
F05,239.0,0.2447294901455693,monotone_isotonic
F05,240.0,0.2447294901455693,monotone_isotonic
F05,241.0,0.2447294901455693,monotone_isotonic
F05,242.0,0.2447294901455693,monotone_isotonic
F05,243.0,0.2447294901455693,monotone_isotonic
F05,244.0,0.2447294901455693,monotone_isotonic
F05,245.0,0.2447294901455693,monotone_isotonic
F05,246.0,0.2447294901455693,monotone_isotonic
F05,247.0,0.2447294901455693,monotone_isotonic
F05,248.0,0.2447294901455693,monotone_isotonic
F05,249.0,0.2447294901455693,monotone_isotonic
F05,250.0,0.2447294901455693,monotone_isotonic
F05,251.0,0.2447294901455693,monotone_isotonic
F05,252.0,0.2447294901455693,monotone_isotonic
F05,253.0,0.2447294901455693,monotone_isotonic
F05,254.0,0.2447294901455693,monotone_isotonic
F05,255.0,0.2447294901455693,monotone_isotonic
F05,256.0,0.2447294901455693,monotone_isotonic
F05,257.0,0.2447294901455693,monotone_isotonic
F05,258.0,0.2447294901455693,monotone_isotonic
F05,259.0,0.2447294901455693,monotone_isotonic
F05,260.0,0.2447294901455693,monotone_isotonic
F05,261.0,0.2447294901455693,monotone_isotonic
F05,262.0,0.2447294901455693,monotone_isotonic
F05,263.0,0.2447294901455693,monotone_isotonic
F05,264.0,0.2447294901455693,monotone_isotonic
F05,265.0,0.2447294901455693,monotone_isotonic
F05,266.0,0.2447294901455693,monotone_isotonic
F05,267.0,0.2447294901455693,monotone_isotonic
F05,268.0,0.2447294901455693,monotone_isotonic
F05,269.0,0.2447294901455693,monotone_isotonic
F05,270.0,0.2447294901455693,monotone_isotonic
F05,271.0,0.2447294901455693,monotone_isotonic
F05,272.0,0.2447294901455693,monotone_isotonic
F05,273.0,0.2447294901455693,monotone_isotonic
F05,274.0,0.2447294901455693,monotone_isotonic
F05,275.0,0.2447294901455693,monotone_isotonic
F05,276.0,0.2447294901455693,monotone_isotonic
F05,277.0,0.2447294901455693,monotone_isotonic
F05,278.0,0.2447294901455693,monotone_isotonic
F05,279.0,0.2447294901455693,monotone_isotonic
F05,280.0,0.2447294901455693,monotone_isotonic
F05,281.0,0.2447294901455693,monotone_isotonic
F05,282.0,0.2447294901455693,monotone_isotonic
F05,283.0,0.2447294901455693,monotone_isotonic
F05,284.0,0.2447294901455693,monotone_isotonic
F05,285.0,0.2447294901455693,monotone_isotonic
F05,286.0,0.2447294901455693,monotone_isotonic
F05,287.0,0.2447294901455693,monotone_isotonic
F05,288.0,0.2447294901455693,monotone_isotonic
F05,289.0,0.2447294901455693,monotone_isotonic
F05,290.0,0.2447294901455693,monotone_isotonic
F05,291.0,0.2447294901455693,monotone_isotonic
F05,292.0,0.2447294901455693,monotone_isotonic
F05,293.0,0.2447294901455693,monotone_isotonic
F05,294.0,0.2447294901455693,monotone_isotonic
F05,295.0,0.2447294901455693,monotone_isotonic
F05,296.0,0.2447294901455693,monotone_isotonic
F05,297.0,0.2447294901455693,monotone_isotonic
F05,298.0,0.2447294901455693,monotone_isotonic
F05,299.0,0.2447294901455693,monotone_isotonic
F05,300.0,0.2447294901455693,monotone_isotonic
F05,301.0,0.2447294901455693,monotone_isotonic
F05,302.0,0.2447294901455693,monotone_isotonic
F05,303.0,0.2447294901455693,monotone_isotonic
F05,304.0,0.2447294901455693,monotone_isotonic
F05,305.0,0.2447294901455693,monotone_isotonic
F05,306.0,0.2447294901455693,monotone_isotonic
F05,307.0,0.2447294901455693,monotone_isotonic
F05,308.0,0.2447294901455693,monotone_isotonic
F05,309.0,0.2447294901455693,monotone_isotonic
F05,310.0,0.2447294901455693,monotone_isotonic
F05,311.0,0.2447294901455693,monotone_isotonic
F05,312.0,0.2447294901455693,monotone_isotonic
F05,313.0,0.2447294901455693,monotone_isotonic
F05,314.0,0.2447294901455693,monotone_isotonic
F05,315.0,0.2447294901455693,monotone_isotonic
F05,316.0,0.2447294901455693,monotone_isotonic
F05,317.0,0.2447294901455693,monotone_isotonic
F05,318.0,0.2447294901455693,monotone_isotonic
F05,319.0,0.2447294901455693,monotone_isotonic
F05,320.0,0.2447294901455693,monotone_isotonic
F05,321.0,0.2447294901455693,monotone_isotonic
F05,322.0,0.2447294901455693,monotone_isotonic
F05,323.0,0.2447294901455693,monotone_isotonic
F05,324.0,0.2447294901455693,monotone_isotonic
F05,325.0,0.2447294901455693,monotone_isotonic
F05,326.0,0.2447294901455693,monotone_isotonic
F05,327.0,0.2447294901455693,monotone_isotonic
F05,328.0,0.2447294901455693,monotone_isotonic
F05,329.0,0.2447294901455693,monotone_isotonic
F05,330.0,0.2447294901455693,monotone_isotonic
F05,331.0,0.2447294901455693,monotone_isotonic
F05,332.0,0.2447294901455693,monotone_isotonic
F05,333.0,0.2447294901455693,monotone_isotonic
F05,334.0,0.2447294901455693,monotone_isotonic
F05,335.0,0.2447294901455693,monotone_isotonic
F05,336.0,0.2447294901455693,monotone_isotonic
F05,337.0,0.2447294901455693,monotone_isotonic
F05,338.0,0.2447294901455693,monotone_isotonic
F05,339.0,0.2447294901455693,monotone_isotonic
F05,340.0,0.2447294901455693,monotone_isotonic
F05,341.0,0.2447294901455693,monotone_isotonic
F05,342.0,0.2447294901455693,monotone_isotonic
F05,343.0,0.2447294901455693,monotone_isotonic
F05,344.0,0.2447294901455693,monotone_isotonic
F05,345.0,0.2447294901455693,monotone_isotonic
F05,346.0,0.2447294901455693,monotone_isotonic
F05,347.0,0.2447294901455693,monotone_isotonic
F05,348.0,0.2447294901455693,monotone_isotonic
F05,349.0,0.2447294901455693,monotone_isotonic
F05,350.0,0.2447294901455693,monotone_isotonic
F05,351.0,0.2447294901455693,monotone_isotonic
F05,352.0,0.2447294901455693,monotone_isotonic
F05,353.0,0.2447294901455693,monotone_isotonic
F05,354.0,0.2447294901455693,monotone_isotonic
F05,355.0,0.2447294901455693,monotone_isotonic
F05,356.0,0.2447294901455693,monotone_isotonic
F05,357.0,0.2447294901455693,monotone_isotonic
F05,358.0,0.2447294901455693,monotone_isotonic
F05,359.0,0.2447294901455693,monotone_isotonic
F05,360.0,0.2447294901455693,monotone_isotonic
F05,361.0,0.2447294901455693,monotone_isotonic
F05,362.0,0.2447294901455693,monotone_isotonic
F05,363.0,0.2447294901455693,monotone_isotonic
F05,364.0,0.2447294901455693,monotone_isotonic
F05,365.0,0.2447294901455693,monotone_isotonic
F06,0.0,0.4614326919216795,monotone_isotonic
F06,1.0,0.4614326919216795,monotone_isotonic
F06,2.0,0.4614326919216795,monotone_isotonic
F06,3.0,0.4614326919216795,monotone_isotonic
F06,4.0,0.4614326919216795,monotone_isotonic
F06,5.0,0.4614326919216795,monotone_isotonic
F06,6.0,0.4614326919216795,monotone_isotonic
F06,7.0,0.4614326919216795,monotone_isotonic
F06,8.0,0.4614326919216795,monotone_isotonic
F06,9.0,0.4614326919216795,monotone_isotonic
F06,10.0,0.4614326919216795,monotone_isotonic
F06,11.0,0.4614326919216795,monotone_isotonic
F06,12.0,0.4614326919216795,monotone_isotonic
F06,13.0,0.4614326919216795,monotone_isotonic
F06,14.0,0.4614326919216795,monotone_isotonic
F06,15.0,0.4614326919216795,monotone_isotonic
F06,16.0,0.4614326919216795,monotone_isotonic
F06,17.0,0.4614326919216795,monotone_isotonic
F06,18.0,0.4614326919216795,monotone_isotonic
F06,19.0,0.4614326919216795,monotone_isotonic
F06,20.0,0.4614326919216795,monotone_isotonic
F06,21.0,0.4614326919216795,monotone_isotonic
F06,22.0,0.4614326919216795,monotone_isotonic
F06,23.0,0.4614326919216795,monotone_isotonic
F06,24.0,0.4614326919216795,monotone_isotonic
F06,25.0,0.4614326919216795,monotone_isotonic
F06,26.0,0.4614326919216795,monotone_isotonic
F06,27.0,0.4614326919216795,monotone_isotonic
F06,28.0,0.4614326919216795,monotone_isotonic
F06,29.0,0.4614326919216795,monotone_isotonic
F06,30.0,0.4614326919216795,monotone_isotonic
F06,31.0,0.4614326919216795,monotone_isotonic
F06,32.0,0.4614326919216795,monotone_isotonic
F06,33.0,0.4614326919216795,monotone_isotonic
F06,34.0,0.4614326919216795,monotone_isotonic
F06,35.0,0.4614326919216795,monotone_isotonic
F06,36.0,0.4614326919216795,monotone_isotonic
F06,37.0,0.4614326919216795,monotone_isotonic
F06,38.0,0.4614326919216795,monotone_isotonic
F06,39.0,0.4614326919216795,monotone_isotonic
F06,40.0,0.4614326919216795,monotone_isotonic
F06,41.0,0.4614326919216795,monotone_isotonic
F06,42.0,0.4614326919216795,monotone_isotonic
F06,43.0,0.4614326919216795,monotone_isotonic
F06,44.0,0.4614326919216795,monotone_isotonic
F06,45.0,0.4614326919216795,monotone_isotonic
F06,46.0,0.4614326919216795,monotone_isotonic
F06,47.0,0.4614326919216795,monotone_isotonic
F06,48.0,0.4614326919216795,monotone_isotonic
F06,49.0,0.4614326919216795,monotone_isotonic
F06,50.0,0.4614326919216795,monotone_isotonic
F06,51.0,0.4614326919216795,monotone_isotonic
F06,52.0,0.4614326919216795,monotone_isotonic
F06,53.0,0.4614326919216795,monotone_isotonic
F06,54.0,0.4614326919216795,monotone_isotonic
F06,55.0,0.4614326919216795,monotone_isotonic
F06,56.0,0.4614326919216795,monotone_isotonic
F06,57.0,0.4614326919216795,monotone_isotonic
F06,58.0,0.4614326919216795,monotone_isotonic
F06,59.0,0.4614326919216795,monotone_isotonic
F06,60.0,0.4614326919216795,monotone_isotonic
F06,61.0,0.4614326919216795,monotone_isotonic
F06,62.0,0.4614326919216795,monotone_isotonic
F06,63.0,0.4614326919216795,monotone_isotonic
F06,64.0,0.4614326919216795,monotone_isotonic
F06,65.0,0.4614326919216795,monotone_isotonic
F06,66.0,0.4614326919216795,monotone_isotonic
F06,67.0,0.4614326919216795,monotone_isotonic
F06,68.0,0.4614326919216795,monotone_isotonic
F06,69.0,0.4614326919216795,monotone_isotonic
F06,70.0,0.4614326919216795,monotone_isotonic
F06,71.0,0.4614326919216795,monotone_isotonic
F06,72.0,0.4614326919216795,monotone_isotonic
F06,73.0,0.4614326919216795,monotone_isotonic
F06,74.0,0.4614326919216795,monotone_isotonic
F06,75.0,0.4614326919216795,monotone_isotonic
F06,76.0,0.4614326919216795,monotone_isotonic
F06,77.0,0.4614326919216795,monotone_isotonic
F06,78.0,0.4614326919216795,monotone_isotonic
F06,79.0,0.4614326919216795,monotone_isotonic
F06,80.0,0.4614326919216795,monotone_isotonic
F06,81.0,0.4614326919216795,monotone_isotonic
F06,82.0,0.4614326919216795,monotone_isotonic
F06,83.0,0.4614326919216795,monotone_isotonic
F06,84.0,0.4614326919216795,monotone_isotonic
F06,85.0,0.4614326919216795,monotone_isotonic
F06,86.0,0.4614326919216795,monotone_isotonic
F06,87.0,0.4614326919216795,monotone_isotonic
F06,88.0,0.4614326919216795,monotone_isotonic
F06,89.0,0.4614326919216795,monotone_isotonic
F06,90.0,0.4614326919216795,monotone_isotonic
F06,91.0,0.4614326919216795,monotone_isotonic
F06,92.0,0.4614326919216795,monotone_isotonic
F06,93.0,0.4614326919216795,monotone_isotonic
F06,94.0,0.4614326919216795,monotone_isotonic
F06,95.0,0.4614326919216795,monotone_isotonic
F06,96.0,0.4614326919216795,monotone_isotonic
F06,97.0,0.4614326919216795,monotone_isotonic
F06,98.0,0.4614326919216795,monotone_isotonic
F06,99.0,0.4614326919216795,monotone_isotonic
F06,100.0,0.4614326919216795,monotone_isotonic
F06,101.0,0.4614326919216795,monotone_isotonic
F06,102.0,0.4614326919216795,monotone_isotonic
F06,103.0,0.4614326919216795,monotone_isotonic
F06,104.0,0.4614326919216795,monotone_isotonic
F06,105.0,0.4614326919216795,monotone_isotonic
F06,106.0,0.4614326919216795,monotone_isotonic
F06,107.0,0.4614326919216795,monotone_isotonic
F06,108.0,0.4614326919216795,monotone_isotonic
F06,109.0,0.4614326919216795,monotone_isotonic
F06,110.0,0.4614326919216795,monotone_isotonic
F06,111.0,0.4614326919216795,monotone_isotonic
F06,112.0,0.4614326919216795,monotone_isotonic
F06,113.0,0.4614326919216795,monotone_isotonic
F06,114.0,0.4614326919216795,monotone_isotonic
F06,115.0,0.4614326919216795,monotone_isotonic
F06,116.0,0.4614326919216795,monotone_isotonic
F06,117.0,0.4614326919216795,monotone_isotonic
F06,118.0,0.4614326919216795,monotone_isotonic
F06,119.0,0.4614326919216795,monotone_isotonic
F06,120.0,0.4614326919216795,monotone_isotonic
F06,121.0,0.4614326919216795,monotone_isotonic
F06,122.0,0.4614326919216795,monotone_isotonic
F06,123.0,0.4614326919216795,monotone_isotonic
F06,124.0,0.4614326919216795,monotone_isotonic
F06,125.0,0.4614326919216795,monotone_isotonic
F06,126.0,0.4614326919216795,monotone_isotonic
F06,127.0,0.4614326919216795,monotone_isotonic
F06,128.0,0.4614326919216795,monotone_isotonic
F06,129.0,0.4614326919216795,monotone_isotonic
F06,130.0,0.4614326919216795,monotone_isotonic
F06,131.0,0.4614326919216795,monotone_isotonic
F06,132.0,0.4614326919216795,monotone_isotonic
F06,133.0,0.4614326919216795,monotone_isotonic
F06,134.0,0.4614326919216795,monotone_isotonic
F06,135.0,0.4614326919216795,monotone_isotonic
F06,136.0,0.4614326919216795,monotone_isotonic
F06,137.0,0.4614326919216795,monotone_isotonic
F06,138.0,0.4614326919216795,monotone_isotonic
F06,139.0,0.4614326919216795,monotone_isotonic
F06,140.0,0.4614326919216795,monotone_isotonic
F06,141.0,0.4614326919216795,monotone_isotonic
F06,142.0,0.4614326919216795,monotone_isotonic
F06,143.0,0.4614326919216795,monotone_isotonic
F06,144.0,0.4614326919216795,monotone_isotonic
F06,145.0,0.4614326919216795,monotone_isotonic
F06,146.0,0.4614326919216795,monotone_isotonic
F06,147.0,0.4614326919216795,monotone_isotonic
F06,148.0,0.4614326919216795,monotone_isotonic
F06,149.0,0.4614326919216795,monotone_isotonic
F06,150.0,0.4614326919216795,monotone_isotonic
F06,151.0,0.4614326919216795,monotone_isotonic
F06,152.0,0.4614326919216795,monotone_isotonic
F06,153.0,0.4614326919216795,monotone_isotonic
F06,154.0,0.4614326919216795,monotone_isotonic
F06,155.0,0.4614326919216795,monotone_isotonic
F06,156.0,0.4614326919216795,monotone_isotonic
F06,157.0,0.4614326919216795,monotone_isotonic
F06,158.0,0.4614326919216795,monotone_isotonic
F06,159.0,0.4614326919216795,monotone_isotonic
F06,160.0,0.4614326919216795,monotone_isotonic
F06,161.0,0.4614326919216795,monotone_isotonic
F06,162.0,0.4614326919216795,monotone_isotonic
F06,163.0,0.4614326919216795,monotone_isotonic
F06,164.0,0.4614326919216795,monotone_isotonic
F06,165.0,0.4614326919216795,monotone_isotonic
F06,166.0,0.4614326919216795,monotone_isotonic
F06,167.0,0.4614326919216795,monotone_isotonic
F06,168.0,0.4614326919216795,monotone_isotonic
F06,169.0,0.4614326919216795,monotone_isotonic
F06,170.0,0.4614326919216795,monotone_isotonic
F06,171.0,0.4614326919216795,monotone_isotonic
F06,172.0,0.4614326919216795,monotone_isotonic
F06,173.0,0.4614326919216795,monotone_isotonic
F06,174.0,0.4614326919216795,monotone_isotonic
F06,175.0,0.4614326919216795,monotone_isotonic
F06,176.0,0.4614326919216795,monotone_isotonic
F06,177.0,0.4614326919216795,monotone_isotonic
F06,178.0,0.4614326919216795,monotone_isotonic
F06,179.0,0.4614326919216795,monotone_isotonic
F06,180.0,0.4614326919216795,monotone_isotonic
F06,181.0,0.4614326919216795,monotone_isotonic
F06,182.0,0.4614326919216795,monotone_isotonic
F06,183.0,0.4614326919216795,monotone_isotonic
F06,184.0,0.4614326919216795,monotone_isotonic
F06,185.0,0.4614326919216795,monotone_isotonic
F06,186.0,0.4614326919216795,monotone_isotonic
F06,187.0,0.4614326919216795,monotone_isotonic
F06,188.0,0.4614326919216795,monotone_isotonic
F06,189.0,0.4614326919216795,monotone_isotonic
F06,190.0,0.4614326919216795,monotone_isotonic
F06,191.0,0.4614326919216795,monotone_isotonic
F06,192.0,0.4614326919216795,monotone_isotonic
F06,193.0,0.4614326919216795,monotone_isotonic
F06,194.0,0.4614326919216795,monotone_isotonic
F06,195.0,0.4614326919216795,monotone_isotonic
F06,196.0,0.4614326919216795,monotone_isotonic
F06,197.0,0.4614326919216795,monotone_isotonic
F06,198.0,0.4614326919216795,monotone_isotonic
F06,199.0,0.4614326919216795,monotone_isotonic
F06,200.0,0.4614326919216795,monotone_isotonic
F06,201.0,0.4614326919216795,monotone_isotonic
F06,202.0,0.4614326919216795,monotone_isotonic
F06,203.0,0.4614326919216795,monotone_isotonic
F06,204.0,0.4614326919216795,monotone_isotonic
F06,205.0,0.4614326919216795,monotone_isotonic
F06,206.0,0.4614326919216795,monotone_isotonic
F06,207.0,0.4614326919216795,monotone_isotonic
F06,208.0,0.4614326919216795,monotone_isotonic
F06,209.0,0.4614326919216795,monotone_isotonic
F06,210.0,0.4614326919216795,monotone_isotonic
F06,211.0,0.462656985257269,monotone_isotonic
F06,212.0,0.4638812785928586,monotone_isotonic
F06,213.0,0.4651055719284481,monotone_isotonic
F06,214.0,0.4663298652640376,monotone_isotonic
F06,215.0,0.4675541585996271,monotone_isotonic
F06,216.0,0.4687784519352166,monotone_isotonic
F06,217.0,0.4700027452708061,monotone_isotonic
F06,218.0,0.4712270386063956,monotone_isotonic
F06,219.0,0.4724513319419851,monotone_isotonic
F06,220.0,0.4736756252775746,monotone_isotonic
F06,221.0,0.4748999186131641,monotone_isotonic
F06,222.0,0.4761242119487536,monotone_isotonic
F06,223.0,0.4773485052843431,monotone_isotonic
F06,224.0,0.4785727986199327,monotone_isotonic
F06,225.0,0.4797970919555221,monotone_isotonic
F06,226.0,0.4810213852911116,monotone_isotonic
F06,227.0,0.4822456786267012,monotone_isotonic
F06,228.0,0.4834699719622907,monotone_isotonic
F06,229.0,0.4846942652978802,monotone_isotonic
F06,230.0,0.4859185586334697,monotone_isotonic
F06,231.0,0.4871428519690592,monotone_isotonic
F06,232.0,0.4871428519690592,monotone_isotonic
F06,233.0,0.4871428519690592,monotone_isotonic
F06,234.0,0.4871428519690592,monotone_isotonic
F06,235.0,0.4871428519690592,monotone_isotonic
F06,236.0,0.4871428519690592,monotone_isotonic
F06,237.0,0.4871428519690592,monotone_isotonic
F06,238.0,0.4871428519690592,monotone_isotonic
F06,239.0,0.4871428519690592,monotone_isotonic
F06,240.0,0.4871428519690592,monotone_isotonic
F06,241.0,0.4871428519690592,monotone_isotonic
F06,242.0,0.4871428519690592,monotone_isotonic
F06,243.0,0.4871428519690592,monotone_isotonic
F06,244.0,0.4871428519690592,monotone_isotonic
F06,245.0,0.4871428519690592,monotone_isotonic
F06,246.0,0.4871428519690592,monotone_isotonic
F06,247.0,0.4871428519690592,monotone_isotonic
F06,248.0,0.4871428519690592,monotone_isotonic
F06,249.0,0.4871428519690592,monotone_isotonic
F06,250.0,0.4871428519690592,monotone_isotonic
F06,251.0,0.4871428519690592,monotone_isotonic
F06,252.0,0.4871428519690592,monotone_isotonic
F06,253.0,0.4871428519690592,monotone_isotonic
F06,254.0,0.4871428519690592,monotone_isotonic
F06,255.0,0.4871428519690592,monotone_isotonic
F06,256.0,0.4871428519690592,monotone_isotonic
F06,257.0,0.4871428519690592,monotone_isotonic
F06,258.0,0.4871428519690592,monotone_isotonic
F06,259.0,0.4871428519690592,monotone_isotonic
F06,260.0,0.4871428519690592,monotone_isotonic
F06,261.0,0.4871428519690592,monotone_isotonic
F06,262.0,0.4871428519690592,monotone_isotonic
F06,263.0,0.4871428519690592,monotone_isotonic
F06,264.0,0.4871428519690592,monotone_isotonic
F06,265.0,0.4871428519690592,monotone_isotonic
F06,266.0,0.4871428519690592,monotone_isotonic
F06,267.0,0.4871428519690592,monotone_isotonic
F06,268.0,0.4871428519690592,monotone_isotonic
F06,269.0,0.4871428519690592,monotone_isotonic
F06,270.0,0.4871428519690592,monotone_isotonic
F06,271.0,0.4871428519690592,monotone_isotonic
F06,272.0,0.4871428519690592,monotone_isotonic
F06,273.0,0.4871428519690592,monotone_isotonic
F06,274.0,0.4871428519690592,monotone_isotonic
F06,275.0,0.4871428519690592,monotone_isotonic
F06,276.0,0.4871428519690592,monotone_isotonic
F06,277.0,0.4871428519690592,monotone_isotonic
F06,278.0,0.4871428519690592,monotone_isotonic
F06,279.0,0.4871428519690592,monotone_isotonic
F06,280.0,0.4871428519690592,monotone_isotonic
F06,281.0,0.4871428519690592,monotone_isotonic
F06,282.0,0.4871428519690592,monotone_isotonic
F06,283.0,0.4871428519690592,monotone_isotonic
F06,284.0,0.4871428519690592,monotone_isotonic
F06,285.0,0.4871428519690592,monotone_isotonic
F06,286.0,0.4871428519690592,monotone_isotonic
F06,287.0,0.4871428519690592,monotone_isotonic
F06,288.0,0.4871428519690592,monotone_isotonic
F06,289.0,0.4871428519690592,monotone_isotonic
F06,290.0,0.4871428519690592,monotone_isotonic
F06,291.0,0.4871428519690592,monotone_isotonic
F06,292.0,0.4871428519690592,monotone_isotonic
F06,293.0,0.4871428519690592,monotone_isotonic
F06,294.0,0.4871428519690592,monotone_isotonic
F06,295.0,0.4871428519690592,monotone_isotonic
F06,296.0,0.4871428519690592,monotone_isotonic
F06,297.0,0.4871428519690592,monotone_isotonic
F06,298.0,0.4871428519690592,monotone_isotonic
F06,299.0,0.4871428519690592,monotone_isotonic
F06,300.0,0.4871428519690592,monotone_isotonic
F06,301.0,0.4871428519690592,monotone_isotonic
F06,302.0,0.4871428519690592,monotone_isotonic
F06,303.0,0.4871428519690592,monotone_isotonic
F06,304.0,0.4871428519690592,monotone_isotonic
F06,305.0,0.4871428519690592,monotone_isotonic
F06,306.0,0.4871428519690592,monotone_isotonic
F06,307.0,0.4871428519690592,monotone_isotonic
F06,308.0,0.4871428519690592,monotone_isotonic
F06,309.0,0.4871428519690592,monotone_isotonic
F06,310.0,0.4871428519690592,monotone_isotonic
F06,311.0,0.4871428519690592,monotone_isotonic
F06,312.0,0.4871428519690592,monotone_isotonic
F06,313.0,0.4871428519690592,monotone_isotonic
F06,314.0,0.4871428519690592,monotone_isotonic
F06,315.0,0.4871428519690592,monotone_isotonic
F06,316.0,0.4871428519690592,monotone_isotonic
F06,317.0,0.4871428519690592,monotone_isotonic
F06,318.0,0.4871428519690592,monotone_isotonic
F06,319.0,0.4871428519690592,monotone_isotonic
F06,320.0,0.4871428519690592,monotone_isotonic
F06,321.0,0.4871428519690592,monotone_isotonic
F06,322.0,0.4871428519690592,monotone_isotonic
F06,323.0,0.4871428519690592,monotone_isotonic
F06,324.0,0.4871428519690592,monotone_isotonic
F06,325.0,0.4871428519690592,monotone_isotonic
F06,326.0,0.4871428519690592,monotone_isotonic
F06,327.0,0.4871428519690592,monotone_isotonic
F06,328.0,0.4871428519690592,monotone_isotonic
F06,329.0,0.4871428519690592,monotone_isotonic
F06,330.0,0.4871428519690592,monotone_isotonic
F06,331.0,0.4871428519690592,monotone_isotonic
F06,332.0,0.4871428519690592,monotone_isotonic
F06,333.0,0.4871428519690592,monotone_isotonic
F06,334.0,0.4871428519690592,monotone_isotonic
F06,335.0,0.4871428519690592,monotone_isotonic
F06,336.0,0.4871428519690592,monotone_isotonic
F06,337.0,0.4871428519690592,monotone_isotonic
F06,338.0,0.4871428519690592,monotone_isotonic
F06,339.0,0.4871428519690592,monotone_isotonic
F06,340.0,0.4871428519690592,monotone_isotonic
F06,341.0,0.4871428519690592,monotone_isotonic
F06,342.0,0.4871428519690592,monotone_isotonic
F06,343.0,0.4871428519690592,monotone_isotonic
F06,344.0,0.4871428519690592,monotone_isotonic
F06,345.0,0.4871428519690592,monotone_isotonic
F06,346.0,0.4871428519690592,monotone_isotonic
F06,347.0,0.4871428519690592,monotone_isotonic
F06,348.0,0.4871428519690592,monotone_isotonic
F06,349.0,0.4871428519690592,monotone_isotonic
F06,350.0,0.4871428519690592,monotone_isotonic
F06,351.0,0.4871428519690592,monotone_isotonic
F06,352.0,0.4871428519690592,monotone_isotonic
F06,353.0,0.4871428519690592,monotone_isotonic
F06,354.0,0.4871428519690592,monotone_isotonic
F06,355.0,0.4871428519690592,monotone_isotonic
F06,356.0,0.4871428519690592,monotone_isotonic
F06,357.0,0.4871428519690592,monotone_isotonic
F06,358.0,0.4871428519690592,monotone_isotonic
F06,359.0,0.4871428519690592,monotone_isotonic
F06,360.0,0.4871428519690592,monotone_isotonic
F06,361.0,0.4871428519690592,monotone_isotonic
F06,362.0,0.4871428519690592,monotone_isotonic
F06,363.0,0.4871428519690592,monotone_isotonic
F06,364.0,0.4871428519690592,monotone_isotonic
F06,365.0,0.4871428519690592,monotone_isotonic
G01,0.0,0.109421341805539,linear
G01,1.0,0.109421341805539,linear
G01,2.0,0.109421341805539,linear
G01,3.0,0.109421341805539,linear
G01,4.0,0.109421341805539,linear
G01,5.0,0.109421341805539,linear
G01,6.0,0.109421341805539,linear
G01,7.0,0.109421341805539,linear
G01,8.0,0.109421341805539,linear
G01,9.0,0.109421341805539,linear
G01,10.0,0.109421341805539,linear
G01,11.0,0.109421341805539,linear
G01,12.0,0.109421341805539,linear
G01,13.0,0.109421341805539,linear
G01,14.0,0.109421341805539,linear
G01,15.0,0.109421341805539,linear
G01,16.0,0.109421341805539,linear
G01,17.0,0.109421341805539,linear
G01,18.0,0.109421341805539,linear
G01,19.0,0.109421341805539,linear
G01,20.0,0.109421341805539,linear
G01,21.0,0.109421341805539,linear
G01,22.0,0.109421341805539,linear
G01,23.0,0.109421341805539,linear
G01,24.0,0.109421341805539,linear
G01,25.0,0.109421341805539,linear
G01,26.0,0.109421341805539,linear
G01,27.0,0.109421341805539,linear
G01,28.0,0.109421341805539,linear
G01,29.0,0.109421341805539,linear
G01,30.0,0.109421341805539,linear
G01,31.0,0.109421341805539,linear
G01,32.0,0.109421341805539,linear
G01,33.0,0.109421341805539,linear
G01,34.0,0.109421341805539,linear
G01,35.0,0.109421341805539,linear
G01,36.0,0.109421341805539,linear
G01,37.0,0.109421341805539,linear
G01,38.0,0.109421341805539,linear
G01,39.0,0.109421341805539,linear
G01,40.0,0.109421341805539,linear
G01,41.0,0.109421341805539,linear
G01,42.0,0.109421341805539,linear
G01,43.0,0.109421341805539,linear
G01,44.0,0.109421341805539,linear
G01,45.0,0.109421341805539,linear
G01,46.0,0.109421341805539,linear
G01,47.0,0.109421341805539,linear
G01,48.0,0.109421341805539,linear
G01,49.0,0.109421341805539,linear
G01,50.0,0.109421341805539,linear
G01,51.0,0.109421341805539,linear
G01,52.0,0.109421341805539,linear
G01,53.0,0.109421341805539,linear
G01,54.0,0.109421341805539,linear
G01,55.0,0.109421341805539,linear
G01,56.0,0.109421341805539,linear
G01,57.0,0.109421341805539,linear
G01,58.0,0.109421341805539,linear
G01,59.0,0.109421341805539,linear
G01,60.0,0.109421341805539,linear
G01,61.0,0.109421341805539,linear
G01,62.0,0.109421341805539,linear
G01,63.0,0.109421341805539,linear
G01,64.0,0.109421341805539,linear
G01,65.0,0.109421341805539,linear
G01,66.0,0.109421341805539,linear
G01,67.0,0.109421341805539,linear
G01,68.0,0.109421341805539,linear
G01,69.0,0.109421341805539,linear
G01,70.0,0.109421341805539,linear
G01,71.0,0.109421341805539,linear
G01,72.0,0.109421341805539,linear
G01,73.0,0.109421341805539,linear
G01,74.0,0.109421341805539,linear
G01,75.0,0.109421341805539,linear
G01,76.0,0.109421341805539,linear
G01,77.0,0.109421341805539,linear
G01,78.0,0.109421341805539,linear
G01,79.0,0.109421341805539,linear
G01,80.0,0.109421341805539,linear
G01,81.0,0.109421341805539,linear
G01,82.0,0.109421341805539,linear
G01,83.0,0.109421341805539,linear
G01,84.0,0.109421341805539,linear
G01,85.0,0.109421341805539,linear
G01,86.0,0.109421341805539,linear
G01,87.0,0.109421341805539,linear
G01,88.0,0.109421341805539,linear
G01,89.0,0.109421341805539,linear
G01,90.0,0.109421341805539,linear
G01,91.0,0.109421341805539,linear
G01,92.0,0.109421341805539,linear
G01,93.0,0.109421341805539,linear
G01,94.0,0.109421341805539,linear
G01,95.0,0.109421341805539,linear
G01,96.0,0.109421341805539,linear
G01,97.0,0.109421341805539,linear
G01,98.0,0.109421341805539,linear
G01,99.0,0.109421341805539,linear
G01,100.0,0.109421341805539,linear
G01,101.0,0.109421341805539,linear
G01,102.0,0.109421341805539,linear
G01,103.0,0.109421341805539,linear
G01,104.0,0.109421341805539,linear
G01,105.0,0.109421341805539,linear
G01,106.0,0.109421341805539,linear
G01,107.0,0.109421341805539,linear
G01,108.0,0.109421341805539,linear
G01,109.0,0.109421341805539,linear
G01,110.0,0.109421341805539,linear
G01,111.0,0.109421341805539,linear
G01,112.0,0.109421341805539,linear
G01,113.0,0.109421341805539,linear
G01,114.0,0.109421341805539,linear
G01,115.0,0.109421341805539,linear
G01,116.0,0.109421341805539,linear
G01,117.0,0.109421341805539,linear
G01,118.0,0.109421341805539,linear
G01,119.0,0.109421341805539,linear
G01,120.0,0.109421341805539,linear
G01,121.0,0.109421341805539,linear
G01,122.0,0.109421341805539,linear
G01,123.0,0.109421341805539,linear
G01,124.0,0.109421341805539,linear
G01,125.0,0.109421341805539,linear
G01,126.0,0.109421341805539,linear
G01,127.0,0.109421341805539,linear
G01,128.0,0.109421341805539,linear
G01,129.0,0.109421341805539,linear
G01,130.0,0.109421341805539,linear
G01,131.0,0.109421341805539,linear
G01,132.0,0.109421341805539,linear
G01,133.0,0.109421341805539,linear
G01,134.0,0.109421341805539,linear
G01,135.0,0.109421341805539,linear
G01,136.0,0.109421341805539,linear
G01,137.0,0.109421341805539,linear
G01,138.0,0.109421341805539,linear
G01,139.0,0.109421341805539,linear
G01,140.0,0.109421341805539,linear
G01,141.0,0.109421341805539,linear
G01,142.0,0.109421341805539,linear
G01,143.0,0.109421341805539,linear
G01,144.0,0.109421341805539,linear
G01,145.0,0.109421341805539,linear
G01,146.0,0.109421341805539,linear
G01,147.0,0.109421341805539,linear
G01,148.0,0.109421341805539,linear
G01,149.0,0.109421341805539,linear
G01,150.0,0.109421341805539,linear
G01,151.0,0.109421341805539,linear
G01,152.0,0.109421341805539,linear
G01,153.0,0.109421341805539,linear
G01,154.0,0.109421341805539,linear
G01,155.0,0.109421341805539,linear
G01,156.0,0.109421341805539,linear
G01,157.0,0.109421341805539,linear
G01,158.0,0.109421341805539,linear
G01,159.0,0.109421341805539,linear
G01,160.0,0.109421341805539,linear
G01,161.0,0.109421341805539,linear
G01,162.0,0.109421341805539,linear
G01,163.0,0.109421341805539,linear
G01,164.0,0.109421341805539,linear
G01,165.0,0.109421341805539,linear
G01,166.0,0.109421341805539,linear
G01,167.0,0.109421341805539,linear
G01,168.0,0.109421341805539,linear
G01,169.0,0.109421341805539,linear
G01,170.0,0.109421341805539,linear
G01,171.0,0.109421341805539,linear
G01,172.0,0.109421341805539,linear
G01,173.0,0.109421341805539,linear
G01,174.0,0.109421341805539,linear
G01,175.0,0.109421341805539,linear
G01,176.0,0.109421341805539,linear
G01,177.0,0.109421341805539,linear
G01,178.0,0.109421341805539,linear
G01,179.0,0.109421341805539,linear
G01,180.0,0.109421341805539,linear
G01,181.0,0.109421341805539,linear
G01,182.0,0.109421341805539,linear
G01,183.0,0.109421341805539,linear
G01,184.0,0.109421341805539,linear
G01,185.0,0.109421341805539,linear
G01,186.0,0.109421341805539,linear
G01,187.0,0.109421341805539,linear
G01,188.0,0.109421341805539,linear
G01,189.0,0.109421341805539,linear
G01,190.0,0.109421341805539,linear
G01,191.0,0.109421341805539,linear
G01,192.0,0.109421341805539,linear
G01,193.0,0.109421341805539,linear
G01,194.0,0.109421341805539,linear
G01,195.0,0.109421341805539,linear
G01,196.0,0.109421341805539,linear
G01,197.0,0.109421341805539,linear
G01,198.0,0.109421341805539,linear
G01,199.0,0.109421341805539,linear
G01,200.0,0.109421341805539,linear
G01,201.0,0.109421341805539,linear
G01,202.0,0.109421341805539,linear
G01,203.0,0.109421341805539,linear
G01,204.0,0.109421341805539,linear
G01,205.0,0.109421341805539,linear
G01,206.0,0.109421341805539,linear
G01,207.0,0.109421341805539,linear
G01,208.0,0.109421341805539,linear
G01,209.0,0.109421341805539,linear
G01,210.0,0.109421341805539,linear
G01,211.0,0.109421341805539,linear
G01,212.0,0.109421341805539,linear
G01,213.0,0.109421341805539,linear
G01,214.0,0.109421341805539,linear
G01,215.0,0.109421341805539,linear
G01,216.0,0.109421341805539,linear
G01,217.0,0.109421341805539,linear
G01,218.0,0.109421341805539,linear
G01,219.0,0.109421341805539,linear
G01,220.0,0.109421341805539,linear
G01,221.0,0.109421341805539,linear
G01,222.0,0.109421341805539,linear
G01,223.0,0.109421341805539,linear
G01,224.0,0.109421341805539,linear
G01,225.0,0.109421341805539,linear
G01,226.0,0.109421341805539,linear
G01,227.0,0.109421341805539,linear
G01,228.0,0.109421341805539,linear
G01,229.0,0.109421341805539,linear
G01,230.0,0.109421341805539,linear
G01,231.0,0.109421341805539,linear
G01,232.0,0.109421341805539,linear
G01,233.0,0.109421341805539,linear
G01,234.0,0.109421341805539,linear
G01,235.0,0.109421341805539,linear
G01,236.0,0.109421341805539,linear
G01,237.0,0.109421341805539,linear
G01,238.0,0.109421341805539,linear
G01,239.0,0.109421341805539,linear
G01,240.0,0.109421341805539,linear
G01,241.0,0.109421341805539,linear
G01,242.0,0.109421341805539,linear
G01,243.0,0.109421341805539,linear
G01,244.0,0.109421341805539,linear
G01,245.0,0.109421341805539,linear
G01,246.0,0.109421341805539,linear
G01,247.0,0.109421341805539,linear
G01,248.0,0.109421341805539,linear
G01,249.0,0.109421341805539,linear
G01,250.0,0.109421341805539,linear
G01,251.0,0.1094213418055389,linear
G01,252.0,0.1094213418055389,linear
G01,253.0,0.1094213418055389,linear
G01,254.0,0.1094213418055389,linear
G01,255.0,0.1094213418055389,linear
G01,256.0,0.1094213418055389,linear
G01,257.0,0.1094213418055389,linear
G01,258.0,0.1094213418055389,linear
G01,259.0,0.1094213418055389,linear
G01,260.0,0.1094213418055389,linear
G01,261.0,0.1094213418055389,linear
G01,262.0,0.1094213418055389,linear
G01,263.0,0.1094213418055389,linear
G01,264.0,0.1094213418055389,linear
G01,265.0,0.1094213418055389,linear
G01,266.0,0.1094213418055389,linear
G01,267.0,0.1094213418055389,linear
G01,268.0,0.1094213418055389,linear
G01,269.0,0.1094213418055389,linear
G01,270.0,0.1094213418055389,linear
G01,271.0,0.1094213418055389,linear
G01,272.0,0.1094213418055389,linear
G01,273.0,0.1094213418055389,linear
G01,274.0,0.1094213418055389,linear
G01,275.0,0.1094213418055389,linear
G01,276.0,0.1094213418055389,linear
G01,277.0,0.1094213418055389,linear
G01,278.0,0.1094213418055389,linear
G01,279.0,0.1094213418055389,linear
G01,280.0,0.1094213418055389,linear
G01,281.0,0.1094213418055389,linear
G01,282.0,0.1094213418055389,linear
G01,283.0,0.1094213418055389,linear
G01,284.0,0.1094213418055389,linear
G01,285.0,0.1094213418055389,linear
G01,286.0,0.1094213418055389,linear
G01,287.0,0.1094213418055389,linear
G01,288.0,0.1094213418055389,linear
G01,289.0,0.1094213418055389,linear
G01,290.0,0.1094213418055389,linear
G01,291.0,0.1094213418055389,linear
G01,292.0,0.1094213418055389,linear
G01,293.0,0.1094213418055389,linear
G01,294.0,0.1094213418055389,linear
G01,295.0,0.1094213418055389,linear
G01,296.0,0.1094213418055389,linear
G01,297.0,0.1094213418055389,linear
G01,298.0,0.1094213418055389,linear
G01,299.0,0.1094213418055389,linear
G01,300.0,0.1094213418055389,linear
G01,301.0,0.1094213418055389,linear
G01,302.0,0.1094213418055389,linear
G01,303.0,0.1094213418055389,linear
G01,304.0,0.1094213418055389,linear
G01,305.0,0.1094213418055389,linear
G01,306.0,0.1094213418055389,linear
G01,307.0,0.1094213418055389,linear
G01,308.0,0.1094213418055389,linear
G01,309.0,0.1094213418055389,linear
G01,310.0,0.1094213418055389,linear
G01,311.0,0.1094213418055389,linear
G01,312.0,0.1094213418055389,linear
G01,313.0,0.1094213418055389,linear
G01,314.0,0.1094213418055389,linear
G01,315.0,0.1094213418055389,linear
G01,316.0,0.1094213418055389,linear
G01,317.0,0.1094213418055389,linear
G01,318.0,0.1094213418055389,linear
G01,319.0,0.1094213418055389,linear
G01,320.0,0.1094213418055389,linear
G01,321.0,0.1094213418055389,linear
G01,322.0,0.1094213418055389,linear
G01,323.0,0.1094213418055389,linear
G01,324.0,0.1094213418055389,linear
G01,325.0,0.1094213418055389,linear
G01,326.0,0.1094213418055389,linear
G01,327.0,0.1094213418055389,linear
G01,328.0,0.1094213418055389,linear
G01,329.0,0.1094213418055389,linear
G01,330.0,0.1094213418055389,linear
G01,331.0,0.1094213418055389,linear
G01,332.0,0.1094213418055389,linear
G01,333.0,0.1094213418055389,linear
G01,334.0,0.1094213418055389,linear
G01,335.0,0.1094213418055389,linear
G01,336.0,0.1094213418055389,linear
G01,337.0,0.1094213418055389,linear
G01,338.0,0.1094213418055389,linear
G01,339.0,0.1094213418055389,linear
G01,340.0,0.1094213418055389,linear
G01,341.0,0.1094213418055389,linear
G01,342.0,0.1094213418055389,linear
G01,343.0,0.1094213418055389,linear
G01,344.0,0.1094213418055389,linear
G01,345.0,0.1094213418055389,linear
G01,346.0,0.1094213418055389,linear
G01,347.0,0.1094213418055389,linear
G01,348.0,0.1094213418055389,linear
G01,349.0,0.1094213418055389,linear
G01,350.0,0.1094213418055389,linear
G01,351.0,0.1094213418055389,linear
G01,352.0,0.1094213418055389,linear
G01,353.0,0.1094213418055389,linear
G01,354.0,0.1094213418055389,linear
G01,355.0,0.1094213418055389,linear
G01,356.0,0.1094213418055389,linear
G01,357.0,0.1094213418055389,linear
G01,358.0,0.1094213418055389,linear
G01,359.0,0.1094213418055389,linear
G01,360.0,0.1094213418055389,linear
G01,361.0,0.1094213418055389,linear
G01,362.0,0.1094213418055389,linear
G01,363.0,0.1094213418055389,linear
G01,364.0,0.1094213418055389,linear
G01,365.0,0.1094213418055389,linear
G02,0.0,0.1177052073092089,linear
G02,1.0,0.1177052073092089,linear
G02,2.0,0.1177052073092089,linear
G02,3.0,0.1177052073092089,linear
G02,4.0,0.1177052073092089,linear
G02,5.0,0.1177052073092089,linear
G02,6.0,0.1177052073092089,linear
G02,7.0,0.1177052073092089,linear
G02,8.0,0.1177052073092089,linear
G02,9.0,0.1177052073092089,linear
G02,10.0,0.1177052073092089,linear
G02,11.0,0.1177052073092089,linear
G02,12.0,0.1177052073092089,linear
G02,13.0,0.1177052073092089,linear
G02,14.0,0.1177052073092089,linear
G02,15.0,0.1177052073092089,linear
G02,16.0,0.1177052073092089,linear
G02,17.0,0.1177052073092089,linear
G02,18.0,0.1177052073092089,linear
G02,19.0,0.1177052073092089,linear
G02,20.0,0.1177052073092089,linear
G02,21.0,0.1177052073092089,linear
G02,22.0,0.1177052073092089,linear
G02,23.0,0.1177052073092089,linear
G02,24.0,0.1177052073092089,linear
G02,25.0,0.1177052073092089,linear
G02,26.0,0.1177052073092089,linear
G02,27.0,0.1177052073092089,linear
G02,28.0,0.1177052073092089,linear
G02,29.0,0.1177052073092089,linear
G02,30.0,0.1177052073092089,linear
G02,31.0,0.1177052073092089,linear
G02,32.0,0.1177052073092089,linear
G02,33.0,0.1177052073092089,linear
G02,34.0,0.1177052073092089,linear
G02,35.0,0.1177052073092089,linear
G02,36.0,0.1177052073092089,linear
G02,37.0,0.1177052073092089,linear
G02,38.0,0.1177052073092089,linear
G02,39.0,0.1177052073092089,linear
G02,40.0,0.1177052073092089,linear
G02,41.0,0.1177052073092089,linear
G02,42.0,0.1177052073092089,linear
G02,43.0,0.1177052073092089,linear
G02,44.0,0.1177052073092089,linear
G02,45.0,0.1177052073092089,linear
G02,46.0,0.1177052073092089,linear
G02,47.0,0.1177052073092089,linear
G02,48.0,0.1177052073092089,linear
G02,49.0,0.1177052073092089,linear
G02,50.0,0.1177052073092089,linear
G02,51.0,0.1177052073092089,linear
G02,52.0,0.1177052073092089,linear
G02,53.0,0.1177052073092089,linear
G02,54.0,0.1177052073092089,linear
G02,55.0,0.1177052073092089,linear
G02,56.0,0.1177052073092089,linear
G02,57.0,0.1177052073092089,linear
G02,58.0,0.1177052073092089,linear
G02,59.0,0.1177052073092089,linear
G02,60.0,0.1177052073092089,linear
G02,61.0,0.1177052073092089,linear
G02,62.0,0.1177052073092089,linear
G02,63.0,0.1177052073092089,linear
G02,64.0,0.1177052073092089,linear
G02,65.0,0.1177052073092089,linear
G02,66.0,0.1177052073092089,linear
G02,67.0,0.1177052073092089,linear
G02,68.0,0.1177052073092089,linear
G02,69.0,0.1177052073092089,linear
G02,70.0,0.1177052073092089,linear
G02,71.0,0.1177052073092089,linear
G02,72.0,0.1177052073092089,linear
G02,73.0,0.1177052073092089,linear
G02,74.0,0.1177052073092089,linear
G02,75.0,0.1177052073092089,linear
G02,76.0,0.1177052073092089,linear
G02,77.0,0.1177052073092089,linear
G02,78.0,0.1177052073092089,linear
G02,79.0,0.1177052073092089,linear
G02,80.0,0.1177052073092089,linear
G02,81.0,0.1177052073092089,linear
G02,82.0,0.1177052073092089,linear
G02,83.0,0.1177052073092089,linear
G02,84.0,0.1177052073092089,linear
G02,85.0,0.1177052073092089,linear
G02,86.0,0.1177052073092089,linear
G02,87.0,0.1177052073092089,linear
G02,88.0,0.1177052073092089,linear
G02,89.0,0.1177052073092089,linear
G02,90.0,0.1177052073092089,linear
G02,91.0,0.1177052073092089,linear
G02,92.0,0.1177052073092089,linear
G02,93.0,0.1177052073092089,linear
G02,94.0,0.1177052073092089,linear
G02,95.0,0.1177052073092089,linear
G02,96.0,0.1177052073092089,linear
G02,97.0,0.1177052073092089,linear
G02,98.0,0.1177052073092089,linear
G02,99.0,0.1177052073092089,linear
G02,100.0,0.1177052073092089,linear
G02,101.0,0.1177052073092089,linear
G02,102.0,0.1177052073092089,linear
G02,103.0,0.1177052073092089,linear
G02,104.0,0.1177052073092089,linear
G02,105.0,0.1177052073092089,linear
G02,106.0,0.1177052073092089,linear
G02,107.0,0.1177052073092089,linear
G02,108.0,0.1177052073092089,linear
G02,109.0,0.1177052073092089,linear
G02,110.0,0.1177052073092089,linear
G02,111.0,0.1177052073092089,linear
G02,112.0,0.1177052073092089,linear
G02,113.0,0.1177052073092089,linear
G02,114.0,0.1177052073092089,linear
G02,115.0,0.1177052073092089,linear
G02,116.0,0.1177052073092089,linear
G02,117.0,0.1177052073092089,linear
G02,118.0,0.1177052073092089,linear
G02,119.0,0.1177052073092089,linear
G02,120.0,0.1177052073092089,linear
G02,121.0,0.1177052073092089,linear
G02,122.0,0.1177052073092089,linear
G02,123.0,0.1177052073092089,linear
G02,124.0,0.1177052073092089,linear
G02,125.0,0.1177052073092089,linear
G02,126.0,0.1177052073092089,linear
G02,127.0,0.1177052073092089,linear
G02,128.0,0.1177052073092089,linear
G02,129.0,0.1177052073092089,linear
G02,130.0,0.1177052073092089,linear
G02,131.0,0.1177052073092089,linear
G02,132.0,0.1177052073092089,linear
G02,133.0,0.1177052073092089,linear
G02,134.0,0.1177052073092089,linear
G02,135.0,0.1177052073092089,linear
G02,136.0,0.1177052073092089,linear
G02,137.0,0.1177052073092089,linear
G02,138.0,0.1177052073092089,linear
G02,139.0,0.1177052073092089,linear
G02,140.0,0.1177052073092089,linear
G02,141.0,0.1177052073092089,linear
G02,142.0,0.1177052073092089,linear
G02,143.0,0.1177052073092089,linear
G02,144.0,0.1177052073092089,linear
G02,145.0,0.1177052073092089,linear
G02,146.0,0.1177052073092089,linear
G02,147.0,0.1177052073092089,linear
G02,148.0,0.1177052073092089,linear
G02,149.0,0.1177052073092089,linear
G02,150.0,0.1177052073092089,linear
G02,151.0,0.1177052073092089,linear
G02,152.0,0.1177052073092089,linear
G02,153.0,0.1177052073092089,linear
G02,154.0,0.1177052073092089,linear
G02,155.0,0.1177052073092089,linear
G02,156.0,0.1177052073092089,linear
G02,157.0,0.1177052073092089,linear
G02,158.0,0.1177052073092089,linear
G02,159.0,0.1177052073092089,linear
G02,160.0,0.1177052073092089,linear
G02,161.0,0.1177052073092089,linear
G02,162.0,0.1177052073092089,linear
G02,163.0,0.1177052073092089,linear
G02,164.0,0.1177052073092089,linear
G02,165.0,0.1177052073092089,linear
G02,166.0,0.1177052073092089,linear
G02,167.0,0.1177052073092089,linear
G02,168.0,0.1177052073092089,linear
G02,169.0,0.1177052073092089,linear
G02,170.0,0.1177052073092089,linear
G02,171.0,0.1177052073092089,linear
G02,172.0,0.1177052073092089,linear
G02,173.0,0.1177052073092089,linear
G02,174.0,0.1177052073092089,linear
G02,175.0,0.1177052073092089,linear
G02,176.0,0.1177052073092089,linear
G02,177.0,0.1177052073092088,linear
G02,178.0,0.1177052073092088,linear
G02,179.0,0.1177052073092088,linear
G02,180.0,0.1177052073092088,linear
G02,181.0,0.1177052073092088,linear
G02,182.0,0.1177052073092088,linear
G02,183.0,0.1177052073092088,linear
G02,184.0,0.1177052073092088,linear
G02,185.0,0.1177052073092088,linear
G02,186.0,0.1177052073092088,linear
G02,187.0,0.1177052073092088,linear
G02,188.0,0.1177052073092088,linear
G02,189.0,0.1177052073092088,linear
G02,190.0,0.1177052073092088,linear
G02,191.0,0.1177052073092088,linear
G02,192.0,0.1177052073092088,linear
G02,193.0,0.1177052073092088,linear
G02,194.0,0.1177052073092088,linear
G02,195.0,0.1177052073092088,linear
G02,196.0,0.1177052073092088,linear
G02,197.0,0.1177052073092088,linear
G02,198.0,0.1177052073092088,linear
G02,199.0,0.1177052073092088,linear
G02,200.0,0.1177052073092088,linear
G02,201.0,0.1177052073092088,linear
G02,202.0,0.1177052073092088,linear
G02,203.0,0.1177052073092088,linear
G02,204.0,0.1177052073092088,linear
G02,205.0,0.1177052073092088,linear
G02,206.0,0.1177052073092088,linear
G02,207.0,0.1177052073092088,linear
G02,208.0,0.1177052073092088,linear
G02,209.0,0.1177052073092088,linear
G02,210.0,0.1177052073092088,linear
G02,211.0,0.1177052073092088,linear
G02,212.0,0.1177052073092088,linear
G02,213.0,0.1177052073092088,linear
G02,214.0,0.1177052073092088,linear
G02,215.0,0.1177052073092088,linear
G02,216.0,0.1177052073092088,linear
G02,217.0,0.1177052073092088,linear
G02,218.0,0.1177052073092088,linear
G02,219.0,0.1177052073092088,linear
G02,220.0,0.1177052073092088,linear
G02,221.0,0.1177052073092088,linear
G02,222.0,0.1177052073092088,linear
G02,223.0,0.1177052073092088,linear
G02,224.0,0.1177052073092088,linear
G02,225.0,0.1177052073092088,linear
G02,226.0,0.1177052073092088,linear
G02,227.0,0.1177052073092088,linear
G02,228.0,0.1177052073092088,linear
G02,229.0,0.1177052073092088,linear
G02,230.0,0.1177052073092088,linear
G02,231.0,0.1177052073092088,linear
G02,232.0,0.1177052073092088,linear
G02,233.0,0.1177052073092088,linear
G02,234.0,0.1177052073092088,linear
G02,235.0,0.1177052073092088,linear
G02,236.0,0.1177052073092088,linear
G02,237.0,0.1177052073092088,linear
G02,238.0,0.1177052073092088,linear
G02,239.0,0.1177052073092088,linear
G02,240.0,0.1177052073092088,linear
G02,241.0,0.1177052073092088,linear
G02,242.0,0.1177052073092088,linear
G02,243.0,0.1177052073092088,linear
G02,244.0,0.1177052073092088,linear
G02,245.0,0.1177052073092088,linear
G02,246.0,0.1177052073092088,linear
G02,247.0,0.1177052073092088,linear
G02,248.0,0.1177052073092088,linear
G02,249.0,0.1177052073092088,linear
G02,250.0,0.1177052073092088,linear
G02,251.0,0.1177052073092088,linear
G02,252.0,0.1177052073092088,linear
G02,253.0,0.1177052073092088,linear
G02,254.0,0.1177052073092088,linear
G02,255.0,0.1177052073092088,linear
G02,256.0,0.1177052073092088,linear
G02,257.0,0.1177052073092088,linear
G02,258.0,0.1177052073092088,linear
G02,259.0,0.1177052073092088,linear
G02,260.0,0.1177052073092088,linear
G02,261.0,0.1177052073092088,linear
G02,262.0,0.1177052073092088,linear
G02,263.0,0.1177052073092088,linear
G02,264.0,0.1177052073092088,linear
G02,265.0,0.1177052073092088,linear
G02,266.0,0.1177052073092088,linear
G02,267.0,0.1177052073092088,linear
G02,268.0,0.1177052073092088,linear
G02,269.0,0.1177052073092088,linear
G02,270.0,0.1177052073092088,linear
G02,271.0,0.1177052073092088,linear
G02,272.0,0.1177052073092088,linear
G02,273.0,0.1177052073092088,linear
G02,274.0,0.1177052073092088,linear
G02,275.0,0.1177052073092088,linear
G02,276.0,0.1177052073092088,linear
G02,277.0,0.1177052073092088,linear
G02,278.0,0.1177052073092088,linear
G02,279.0,0.1177052073092088,linear
G02,280.0,0.1177052073092088,linear
G02,281.0,0.1177052073092088,linear
G02,282.0,0.1177052073092088,linear
G02,283.0,0.1177052073092088,linear
G02,284.0,0.1177052073092088,linear
G02,285.0,0.1177052073092088,linear
G02,286.0,0.1177052073092088,linear
G02,287.0,0.1177052073092088,linear
G02,288.0,0.1177052073092088,linear
G02,289.0,0.1177052073092088,linear
G02,290.0,0.1177052073092088,linear
G02,291.0,0.1177052073092088,linear
G02,292.0,0.1177052073092088,linear
G02,293.0,0.1177052073092088,linear
G02,294.0,0.1177052073092088,linear
G02,295.0,0.1177052073092088,linear
G02,296.0,0.1177052073092088,linear
G02,297.0,0.1177052073092088,linear
G02,298.0,0.1177052073092088,linear
G02,299.0,0.1177052073092088,linear
G02,300.0,0.1177052073092088,linear
G02,301.0,0.1177052073092088,linear
G02,302.0,0.1177052073092088,linear
G02,303.0,0.1177052073092088,linear
G02,304.0,0.1177052073092088,linear
G02,305.0,0.1177052073092088,linear
G02,306.0,0.1177052073092088,linear
G02,307.0,0.1177052073092088,linear
G02,308.0,0.1177052073092088,linear
G02,309.0,0.1177052073092088,linear
G02,310.0,0.1177052073092088,linear
G02,311.0,0.1177052073092088,linear
G02,312.0,0.1177052073092088,linear
G02,313.0,0.1177052073092088,linear
G02,314.0,0.1177052073092088,linear
G02,315.0,0.1177052073092088,linear
G02,316.0,0.1177052073092088,linear
G02,317.0,0.1177052073092088,linear
G02,318.0,0.1177052073092088,linear
G02,319.0,0.1177052073092088,linear
G02,320.0,0.1177052073092088,linear
G02,321.0,0.1177052073092088,linear
G02,322.0,0.1177052073092088,linear
G02,323.0,0.1177052073092088,linear
G02,324.0,0.1177052073092088,linear
G02,325.0,0.1177052073092088,linear
G02,326.0,0.1177052073092088,linear
G02,327.0,0.1177052073092088,linear
G02,328.0,0.1177052073092088,linear
G02,329.0,0.1177052073092088,linear
G02,330.0,0.1177052073092088,linear
G02,331.0,0.1177052073092088,linear
G02,332.0,0.1177052073092088,linear
G02,333.0,0.1177052073092088,linear
G02,334.0,0.1177052073092088,linear
G02,335.0,0.1177052073092088,linear
G02,336.0,0.1177052073092088,linear
G02,337.0,0.1177052073092088,linear
G02,338.0,0.1177052073092088,linear
G02,339.0,0.1177052073092088,linear
G02,340.0,0.1177052073092088,linear
G02,341.0,0.1177052073092088,linear
G02,342.0,0.1177052073092088,linear
G02,343.0,0.1177052073092088,linear
G02,344.0,0.1177052073092088,linear
G02,345.0,0.1177052073092088,linear
G02,346.0,0.1177052073092088,linear
G02,347.0,0.1177052073092088,linear
G02,348.0,0.1177052073092088,linear
G02,349.0,0.1177052073092088,linear
G02,350.0,0.1177052073092088,linear
G02,351.0,0.1177052073092088,linear
G02,352.0,0.1177052073092088,linear
G02,353.0,0.1177052073092088,linear
G02,354.0,0.1177052073092088,linear
G02,355.0,0.1177052073092088,linear
G02,356.0,0.1177052073092088,linear
G02,357.0,0.1177052073092088,linear
G02,358.0,0.1177052073092088,linear
G02,359.0,0.1177052073092088,linear
G02,360.0,0.1177052073092088,linear
G02,361.0,0.1177052073092088,linear
G02,362.0,0.1177052073092088,linear
G02,363.0,0.1177052073092088,linear
G02,364.0,0.1177052073092088,linear
G02,365.0,0.1177052073092088,linear
G03,0.0,0.0635931073793235,linear
G03,1.0,0.0635931073793235,linear
G03,2.0,0.0635931073793235,linear
G03,3.0,0.0635931073793235,linear
G03,4.0,0.0635931073793235,linear
G03,5.0,0.0635931073793235,linear
G03,6.0,0.0635931073793235,linear
G03,7.0,0.0635931073793235,linear
G03,8.0,0.0635931073793235,linear
G03,9.0,0.0635931073793235,linear
G03,10.0,0.0635931073793235,linear
G03,11.0,0.0635931073793235,linear
G03,12.0,0.0635931073793235,linear
G03,13.0,0.0635931073793235,linear
G03,14.0,0.0635931073793235,linear
G03,15.0,0.0635931073793235,linear
G03,16.0,0.0635931073793235,linear
G03,17.0,0.0635931073793235,linear
G03,18.0,0.0635931073793235,linear
G03,19.0,0.0635931073793235,linear
G03,20.0,0.0635931073793235,linear
G03,21.0,0.0635931073793235,linear
G03,22.0,0.0635931073793235,linear
G03,23.0,0.0635931073793235,linear
G03,24.0,0.0635931073793235,linear
G03,25.0,0.0635931073793235,linear
G03,26.0,0.0635931073793235,linear
G03,27.0,0.0635931073793235,linear
G03,28.0,0.0635931073793235,linear
G03,29.0,0.0635931073793235,linear
G03,30.0,0.0635931073793235,linear
G03,31.0,0.0635931073793235,linear
G03,32.0,0.0635931073793235,linear
G03,33.0,0.0635931073793235,linear
G03,34.0,0.0635931073793235,linear
G03,35.0,0.0635931073793235,linear
G03,36.0,0.0635931073793235,linear
G03,37.0,0.0635931073793235,linear
G03,38.0,0.0635931073793235,linear
G03,39.0,0.0635931073793235,linear
G03,40.0,0.0635931073793235,linear
G03,41.0,0.0635931073793235,linear
G03,42.0,0.0635931073793235,linear
G03,43.0,0.0635931073793235,linear
G03,44.0,0.0635931073793235,linear
G03,45.0,0.0635931073793235,linear
G03,46.0,0.0635931073793235,linear
G03,47.0,0.0635931073793235,linear
G03,48.0,0.0635931073793235,linear
G03,49.0,0.0635931073793235,linear
G03,50.0,0.0635931073793235,linear
G03,51.0,0.0635931073793235,linear
G03,52.0,0.0635931073793235,linear
G03,53.0,0.0635931073793235,linear
G03,54.0,0.0635931073793235,linear
G03,55.0,0.0635931073793235,linear
G03,56.0,0.0635931073793235,linear
G03,57.0,0.0635931073793235,linear
G03,58.0,0.0635931073793235,linear
G03,59.0,0.0635931073793235,linear
G03,60.0,0.0635931073793235,linear
G03,61.0,0.0635931073793235,linear
G03,62.0,0.0635931073793235,linear
G03,63.0,0.0635931073793235,linear
G03,64.0,0.0635931073793235,linear
G03,65.0,0.0635931073793235,linear
G03,66.0,0.0635931073793235,linear
G03,67.0,0.0635931073793235,linear
G03,68.0,0.0635931073793235,linear
G03,69.0,0.0635931073793235,linear
G03,70.0,0.0635931073793235,linear
G03,71.0,0.0635931073793235,linear
G03,72.0,0.0635931073793235,linear
G03,73.0,0.0635931073793235,linear
G03,74.0,0.0635931073793235,linear
G03,75.0,0.0635931073793235,linear
G03,76.0,0.0635931073793235,linear
G03,77.0,0.0635931073793235,linear
G03,78.0,0.0635931073793235,linear
G03,79.0,0.0635931073793235,linear
G03,80.0,0.0635931073793235,linear
G03,81.0,0.0635931073793235,linear
G03,82.0,0.0635931073793235,linear
G03,83.0,0.0635931073793235,linear
G03,84.0,0.0635931073793235,linear
G03,85.0,0.0635931073793235,linear
G03,86.0,0.0635931073793235,linear
G03,87.0,0.0635931073793235,linear
G03,88.0,0.0635931073793235,linear
G03,89.0,0.0635931073793235,linear
G03,90.0,0.0635931073793235,linear
G03,91.0,0.0635931073793235,linear
G03,92.0,0.0635931073793235,linear
G03,93.0,0.0635931073793235,linear
G03,94.0,0.0635931073793235,linear
G03,95.0,0.0635931073793235,linear
G03,96.0,0.0635931073793235,linear
G03,97.0,0.0635931073793235,linear
G03,98.0,0.0635931073793235,linear
G03,99.0,0.0635931073793235,linear
G03,100.0,0.0635931073793235,linear
G03,101.0,0.0635931073793235,linear
G03,102.0,0.0635931073793235,linear
G03,103.0,0.0635931073793235,linear
G03,104.0,0.0635931073793235,linear
G03,105.0,0.0635931073793235,linear
G03,106.0,0.0635931073793235,linear
G03,107.0,0.0635931073793235,linear
G03,108.0,0.0635931073793235,linear
G03,109.0,0.0635931073793235,linear
G03,110.0,0.0635931073793235,linear
G03,111.0,0.0635931073793235,linear
G03,112.0,0.0635931073793235,linear
G03,113.0,0.0635931073793235,linear
G03,114.0,0.0635931073793235,linear
G03,115.0,0.0635931073793235,linear
G03,116.0,0.0635931073793235,linear
G03,117.0,0.0635931073793235,linear
G03,118.0,0.0635931073793235,linear
G03,119.0,0.0635931073793235,linear
G03,120.0,0.0635931073793235,linear
G03,121.0,0.0635931073793235,linear
G03,122.0,0.0635931073793235,linear
G03,123.0,0.0635931073793235,linear
G03,124.0,0.0635931073793235,linear
G03,125.0,0.0635931073793235,linear
G03,126.0,0.0635931073793235,linear
G03,127.0,0.0635931073793235,linear
G03,128.0,0.0635931073793235,linear
G03,129.0,0.0635931073793235,linear
G03,130.0,0.0635931073793235,linear
G03,131.0,0.0635931073793235,linear
G03,132.0,0.0635931073793235,linear
G03,133.0,0.0635931073793235,linear
G03,134.0,0.0635931073793235,linear
G03,135.0,0.0635931073793235,linear
G03,136.0,0.0635931073793235,linear
G03,137.0,0.0635931073793235,linear
G03,138.0,0.0635931073793235,linear
G03,139.0,0.0635931073793235,linear
G03,140.0,0.0635931073793235,linear
G03,141.0,0.0635931073793235,linear
G03,142.0,0.0635931073793235,linear
G03,143.0,0.0635931073793235,linear
G03,144.0,0.0635931073793235,linear
G03,145.0,0.0635931073793235,linear
G03,146.0,0.0635931073793235,linear
G03,147.0,0.0635931073793235,linear
G03,148.0,0.0635931073793235,linear
G03,149.0,0.0635931073793235,linear
G03,150.0,0.0635931073793235,linear
G03,151.0,0.0635931073793235,linear
G03,152.0,0.0635931073793235,linear
G03,153.0,0.0635931073793235,linear
G03,154.0,0.0635931073793235,linear
G03,155.0,0.0635931073793235,linear
G03,156.0,0.0635931073793235,linear
G03,157.0,0.0635931073793235,linear
G03,158.0,0.0635931073793235,linear
G03,159.0,0.0635931073793235,linear
G03,160.0,0.0635931073793235,linear
G03,161.0,0.0635931073793235,linear
G03,162.0,0.0635931073793235,linear
G03,163.0,0.0635931073793235,linear
G03,164.0,0.0635931073793235,linear
G03,165.0,0.0635931073793235,linear
G03,166.0,0.0635931073793235,linear
G03,167.0,0.0635931073793235,linear
G03,168.0,0.0635931073793235,linear
G03,169.0,0.0635931073793235,linear
G03,170.0,0.0635931073793235,linear
G03,171.0,0.0635931073793235,linear
G03,172.0,0.0635931073793235,linear
G03,173.0,0.0635931073793235,linear
G03,174.0,0.0635931073793235,linear
G03,175.0,0.0635931073793235,linear
G03,176.0,0.0635931073793235,linear
G03,177.0,0.0635931073793235,linear
G03,178.0,0.0635931073793235,linear
G03,179.0,0.0635931073793235,linear
G03,180.0,0.0635931073793235,linear
G03,181.0,0.0635931073793235,linear
G03,182.0,0.0635931073793235,linear
G03,183.0,0.0635931073793235,linear
G03,184.0,0.0635931073793235,linear
G03,185.0,0.0635931073793235,linear
G03,186.0,0.0635931073793235,linear
G03,187.0,0.0635931073793235,linear
G03,188.0,0.0635931073793235,linear
G03,189.0,0.0635931073793235,linear
G03,190.0,0.0635931073793235,linear
G03,191.0,0.0635931073793235,linear
G03,192.0,0.0635931073793235,linear
G03,193.0,0.0635931073793235,linear
G03,194.0,0.0635931073793235,linear
G03,195.0,0.0635931073793235,linear
G03,196.0,0.0635931073793235,linear
G03,197.0,0.0635931073793235,linear
G03,198.0,0.0635931073793235,linear
G03,199.0,0.0635931073793235,linear
G03,200.0,0.0635931073793235,linear
G03,201.0,0.0635931073793235,linear
G03,202.0,0.0635931073793235,linear
G03,203.0,0.0635931073793235,linear
G03,204.0,0.0635931073793235,linear
G03,205.0,0.0635931073793235,linear
G03,206.0,0.0635931073793235,linear
G03,207.0,0.0635931073793235,linear
G03,208.0,0.0635931073793235,linear
G03,209.0,0.0635931073793235,linear
G03,210.0,0.0635931073793235,linear
G03,211.0,0.0635931073793235,linear
G03,212.0,0.0635931073793235,linear
G03,213.0,0.0635931073793235,linear
G03,214.0,0.0635931073793235,linear
G03,215.0,0.0635931073793235,linear
G03,216.0,0.0635931073793235,linear
G03,217.0,0.0635931073793235,linear
G03,218.0,0.0635931073793235,linear
G03,219.0,0.0635931073793235,linear
G03,220.0,0.0635931073793235,linear
G03,221.0,0.0635931073793235,linear
G03,222.0,0.0635931073793235,linear
G03,223.0,0.0635931073793235,linear
G03,224.0,0.0635931073793235,linear
G03,225.0,0.0635931073793235,linear
G03,226.0,0.0635931073793235,linear
G03,227.0,0.0635931073793235,linear
G03,228.0,0.0635931073793235,linear
G03,229.0,0.0635931073793235,linear
G03,230.0,0.0635931073793235,linear
G03,231.0,0.0635931073793235,linear
G03,232.0,0.0635931073793235,linear
G03,233.0,0.0635931073793235,linear
G03,234.0,0.0635931073793235,linear
G03,235.0,0.0635931073793235,linear
G03,236.0,0.0635931073793235,linear
G03,237.0,0.0635931073793235,linear
G03,238.0,0.0635931073793235,linear
G03,239.0,0.0635931073793235,linear
G03,240.0,0.0635931073793235,linear
G03,241.0,0.0635931073793235,linear
G03,242.0,0.0635931073793235,linear
G03,243.0,0.0635931073793235,linear
G03,244.0,0.0635931073793235,linear
G03,245.0,0.0635931073793235,linear
G03,246.0,0.0635931073793235,linear
G03,247.0,0.0635931073793235,linear
G03,248.0,0.0635931073793235,linear
G03,249.0,0.0635931073793235,linear
G03,250.0,0.0635931073793235,linear
G03,251.0,0.0635931073793235,linear
G03,252.0,0.0635931073793235,linear
G03,253.0,0.0635931073793235,linear
G03,254.0,0.0635931073793235,linear
G03,255.0,0.0635931073793235,linear
G03,256.0,0.0635931073793235,linear
G03,257.0,0.0635931073793235,linear
G03,258.0,0.0635931073793235,linear
G03,259.0,0.0635931073793235,linear
G03,260.0,0.0635931073793235,linear
G03,261.0,0.0635931073793235,linear
G03,262.0,0.0635931073793235,linear
G03,263.0,0.0635931073793235,linear
G03,264.0,0.0635931073793235,linear
G03,265.0,0.0635931073793235,linear
G03,266.0,0.0635931073793235,linear
G03,267.0,0.0635931073793235,linear
G03,268.0,0.0635931073793235,linear
G03,269.0,0.0635931073793235,linear
G03,270.0,0.0635931073793235,linear
G03,271.0,0.0635931073793235,linear
G03,272.0,0.0635931073793235,linear
G03,273.0,0.0635931073793235,linear
G03,274.0,0.0635931073793235,linear
G03,275.0,0.0635931073793235,linear
G03,276.0,0.0635931073793235,linear
G03,277.0,0.0635931073793235,linear
G03,278.0,0.0635931073793235,linear
G03,279.0,0.0635931073793235,linear
G03,280.0,0.0635931073793235,linear
G03,281.0,0.0635931073793235,linear
G03,282.0,0.0635931073793235,linear
G03,283.0,0.0635931073793235,linear
G03,284.0,0.0635931073793235,linear
G03,285.0,0.0635931073793235,linear
G03,286.0,0.0635931073793235,linear
G03,287.0,0.0635931073793235,linear
G03,288.0,0.0635931073793235,linear
G03,289.0,0.0635931073793235,linear
G03,290.0,0.0635931073793235,linear
G03,291.0,0.0635931073793235,linear
G03,292.0,0.0635931073793235,linear
G03,293.0,0.0635931073793235,linear
G03,294.0,0.0635931073793235,linear
G03,295.0,0.0635931073793235,linear
G03,296.0,0.0635931073793235,linear
G03,297.0,0.0635931073793235,linear
G03,298.0,0.0635931073793235,linear
G03,299.0,0.0635931073793235,linear
G03,300.0,0.0635931073793235,linear
G03,301.0,0.0635931073793235,linear
G03,302.0,0.0635931073793235,linear
G03,303.0,0.0635931073793235,linear
G03,304.0,0.0635931073793235,linear
G03,305.0,0.0635931073793235,linear
G03,306.0,0.0635931073793235,linear
G03,307.0,0.0635931073793235,linear
G03,308.0,0.0635931073793235,linear
G03,309.0,0.0635931073793235,linear
G03,310.0,0.0635931073793235,linear
G03,311.0,0.0635931073793235,linear
G03,312.0,0.0635931073793235,linear
G03,313.0,0.0635931073793235,linear
G03,314.0,0.0635931073793235,linear
G03,315.0,0.0635931073793235,linear
G03,316.0,0.0635931073793235,linear
G03,317.0,0.0635931073793235,linear
G03,318.0,0.0635931073793235,linear
G03,319.0,0.0635931073793235,linear
G03,320.0,0.0635931073793235,linear
G03,321.0,0.0635931073793235,linear
G03,322.0,0.0635931073793235,linear
G03,323.0,0.0635931073793235,linear
G03,324.0,0.0635931073793235,linear
G03,325.0,0.0635931073793235,linear
G03,326.0,0.0635931073793235,linear
G03,327.0,0.0635931073793235,linear
G03,328.0,0.0635931073793235,linear
G03,329.0,0.0635931073793235,linear
G03,330.0,0.0635931073793235,linear
G03,331.0,0.0635931073793235,linear
G03,332.0,0.0635931073793235,linear
G03,333.0,0.0635931073793235,linear
G03,334.0,0.0635931073793235,linear
G03,335.0,0.0635931073793235,linear
G03,336.0,0.0635931073793235,linear
G03,337.0,0.0635931073793235,linear
G03,338.0,0.0635931073793235,linear
G03,339.0,0.0635931073793235,linear
G03,340.0,0.0635931073793235,linear
G03,341.0,0.0635931073793235,linear
G03,342.0,0.0635931073793235,linear
G03,343.0,0.0635931073793235,linear
G03,344.0,0.0635931073793235,linear
G03,345.0,0.0635931073793235,linear
G03,346.0,0.0635931073793235,linear
G03,347.0,0.0635931073793235,linear
G03,348.0,0.0635931073793235,linear
G03,349.0,0.0635931073793235,linear
G03,350.0,0.0635931073793235,linear
G03,351.0,0.0635931073793235,linear
G03,352.0,0.0635931073793235,linear
G03,353.0,0.0635931073793235,linear
G03,354.0,0.0635931073793235,linear
G03,355.0,0.0635931073793235,linear
G03,356.0,0.0635931073793235,linear
G03,357.0,0.0635931073793235,linear
G03,358.0,0.0635931073793235,linear
G03,359.0,0.0635931073793235,linear
G03,360.0,0.0635931073793235,linear
G03,361.0,0.0635931073793235,linear
G03,362.0,0.0635931073793235,linear
G03,363.0,0.0635931073793235,linear
G03,364.0,0.0635931073793235,linear
G03,365.0,0.0635931073793235,linear
G04,0.0,0.2374413975430473,monotone_isotonic
G04,1.0,0.2374413975430473,monotone_isotonic
G04,2.0,0.2374413975430473,monotone_isotonic
G04,3.0,0.2374413975430473,monotone_isotonic
G04,4.0,0.2374413975430473,monotone_isotonic
G04,5.0,0.2374413975430473,monotone_isotonic
G04,6.0,0.2374413975430473,monotone_isotonic
G04,7.0,0.2374413975430473,monotone_isotonic
G04,8.0,0.2374413975430473,monotone_isotonic
G04,9.0,0.2374413975430473,monotone_isotonic
G04,10.0,0.2374413975430473,monotone_isotonic
G04,11.0,0.2374413975430473,monotone_isotonic
G04,12.0,0.2374413975430473,monotone_isotonic
G04,13.0,0.2374413975430473,monotone_isotonic
G04,14.0,0.2374413975430473,monotone_isotonic
G04,15.0,0.2374413975430473,monotone_isotonic
G04,16.0,0.2374413975430473,monotone_isotonic
G04,17.0,0.2374413975430473,monotone_isotonic
G04,18.0,0.2374413975430473,monotone_isotonic
G04,19.0,0.2374413975430473,monotone_isotonic
G04,20.0,0.2374413975430473,monotone_isotonic
G04,21.0,0.2374413975430473,monotone_isotonic
G04,22.0,0.2374413975430473,monotone_isotonic
G04,23.0,0.2374413975430473,monotone_isotonic
G04,24.0,0.2374413975430473,monotone_isotonic
G04,25.0,0.2374413975430473,monotone_isotonic
G04,26.0,0.2374413975430473,monotone_isotonic
G04,27.0,0.2374413975430473,monotone_isotonic
G04,28.0,0.2374413975430473,monotone_isotonic
G04,29.0,0.2374413975430473,monotone_isotonic
G04,30.0,0.2374413975430473,monotone_isotonic
G04,31.0,0.2374413975430473,monotone_isotonic
G04,32.0,0.2374413975430473,monotone_isotonic
G04,33.0,0.2374413975430473,monotone_isotonic
G04,34.0,0.2374413975430473,monotone_isotonic
G04,35.0,0.2374413975430473,monotone_isotonic
G04,36.0,0.2374413975430473,monotone_isotonic
G04,37.0,0.2374413975430473,monotone_isotonic
G04,38.0,0.2374413975430473,monotone_isotonic
G04,39.0,0.2374413975430473,monotone_isotonic
G04,40.0,0.2374413975430473,monotone_isotonic
G04,41.0,0.2374413975430473,monotone_isotonic
G04,42.0,0.2374413975430473,monotone_isotonic
G04,43.0,0.2374413975430473,monotone_isotonic
G04,44.0,0.2374413975430473,monotone_isotonic
G04,45.0,0.2374413975430473,monotone_isotonic
G04,46.0,0.2374413975430473,monotone_isotonic
G04,47.0,0.2374413975430473,monotone_isotonic
G04,48.0,0.2374413975430473,monotone_isotonic
G04,49.0,0.2374413975430473,monotone_isotonic
G04,50.0,0.2374413975430473,monotone_isotonic
G04,51.0,0.2374413975430473,monotone_isotonic
G04,52.0,0.2374413975430473,monotone_isotonic
G04,53.0,0.2374413975430473,monotone_isotonic
G04,54.0,0.2374413975430473,monotone_isotonic
G04,55.0,0.2374413975430473,monotone_isotonic
G04,56.0,0.2374413975430473,monotone_isotonic
G04,57.0,0.2374413975430473,monotone_isotonic
G04,58.0,0.2374413975430473,monotone_isotonic
G04,59.0,0.2374413975430473,monotone_isotonic
G04,60.0,0.2374413975430473,monotone_isotonic
G04,61.0,0.2374413975430473,monotone_isotonic
G04,62.0,0.2374413975430473,monotone_isotonic
G04,63.0,0.2374413975430473,monotone_isotonic
G04,64.0,0.2374413975430473,monotone_isotonic
G04,65.0,0.2374413975430473,monotone_isotonic
G04,66.0,0.2374413975430473,monotone_isotonic
G04,67.0,0.2374413975430473,monotone_isotonic
G04,68.0,0.2374413975430473,monotone_isotonic
G04,69.0,0.2374413975430473,monotone_isotonic
G04,70.0,0.2374413975430473,monotone_isotonic
G04,71.0,0.2374413975430473,monotone_isotonic
G04,72.0,0.2374413975430473,monotone_isotonic
G04,73.0,0.2374413975430473,monotone_isotonic
G04,74.0,0.2374413975430473,monotone_isotonic
G04,75.0,0.2374413975430473,monotone_isotonic
G04,76.0,0.2374413975430473,monotone_isotonic
G04,77.0,0.2374413975430473,monotone_isotonic
G04,78.0,0.2374413975430473,monotone_isotonic
G04,79.0,0.2374413975430473,monotone_isotonic
G04,80.0,0.2374413975430473,monotone_isotonic
G04,81.0,0.2374413975430473,monotone_isotonic
G04,82.0,0.2374413975430473,monotone_isotonic
G04,83.0,0.2374413975430473,monotone_isotonic
G04,84.0,0.2374413975430473,monotone_isotonic
G04,85.0,0.2374413975430473,monotone_isotonic
G04,86.0,0.2374413975430473,monotone_isotonic
G04,87.0,0.2374413975430473,monotone_isotonic
G04,88.0,0.2374413975430473,monotone_isotonic
G04,89.0,0.2374413975430473,monotone_isotonic
G04,90.0,0.2374413975430473,monotone_isotonic
G04,91.0,0.2374413975430473,monotone_isotonic
G04,92.0,0.2374413975430473,monotone_isotonic
G04,93.0,0.2374413975430473,monotone_isotonic
G04,94.0,0.2374413975430473,monotone_isotonic
G04,95.0,0.2374413975430473,monotone_isotonic
G04,96.0,0.2374413975430473,monotone_isotonic
G04,97.0,0.2374413975430473,monotone_isotonic
G04,98.0,0.2374413975430473,monotone_isotonic
G04,99.0,0.2374413975430473,monotone_isotonic
G04,100.0,0.2374413975430473,monotone_isotonic
G04,101.0,0.2374413975430473,monotone_isotonic
G04,102.0,0.2374413975430473,monotone_isotonic
G04,103.0,0.2374413975430473,monotone_isotonic
G04,104.0,0.2374413975430473,monotone_isotonic
G04,105.0,0.2374413975430473,monotone_isotonic
G04,106.0,0.2374413975430473,monotone_isotonic
G04,107.0,0.2374413975430473,monotone_isotonic
G04,108.0,0.2374413975430473,monotone_isotonic
G04,109.0,0.2374413975430473,monotone_isotonic
G04,110.0,0.2374413975430473,monotone_isotonic
G04,111.0,0.2374413975430473,monotone_isotonic
G04,112.0,0.2374413975430473,monotone_isotonic
G04,113.0,0.2374413975430473,monotone_isotonic
G04,114.0,0.2374413975430473,monotone_isotonic
G04,115.0,0.2374413975430473,monotone_isotonic
G04,116.0,0.2374413975430473,monotone_isotonic
G04,117.0,0.2374413975430473,monotone_isotonic
G04,118.0,0.2374413975430473,monotone_isotonic
G04,119.0,0.2374413975430473,monotone_isotonic
G04,120.0,0.2374413975430473,monotone_isotonic
G04,121.0,0.2374413975430473,monotone_isotonic
G04,122.0,0.2374413975430473,monotone_isotonic
G04,123.0,0.2374413975430473,monotone_isotonic
G04,124.0,0.2374413975430473,monotone_isotonic
G04,125.0,0.2374413975430473,monotone_isotonic
G04,126.0,0.2374413975430473,monotone_isotonic
G04,127.0,0.2374413975430473,monotone_isotonic
G04,128.0,0.2374413975430473,monotone_isotonic
G04,129.0,0.2374413975430473,monotone_isotonic
G04,130.0,0.2374413975430473,monotone_isotonic
G04,131.0,0.2374413975430473,monotone_isotonic
G04,132.0,0.2374413975430473,monotone_isotonic
G04,133.0,0.2374413975430473,monotone_isotonic
G04,134.0,0.2374413975430473,monotone_isotonic
G04,135.0,0.2374413975430473,monotone_isotonic
G04,136.0,0.2374413975430473,monotone_isotonic
G04,137.0,0.2374413975430473,monotone_isotonic
G04,138.0,0.2374413975430473,monotone_isotonic
G04,139.0,0.2374413975430473,monotone_isotonic
G04,140.0,0.2374413975430473,monotone_isotonic
G04,141.0,0.2374413975430473,monotone_isotonic
G04,142.0,0.2374413975430473,monotone_isotonic
G04,143.0,0.2374413975430473,monotone_isotonic
G04,144.0,0.2374413975430473,monotone_isotonic
G04,145.0,0.2374413975430473,monotone_isotonic
G04,146.0,0.2374413975430473,monotone_isotonic
G04,147.0,0.2374413975430473,monotone_isotonic
G04,148.0,0.2374413975430473,monotone_isotonic
G04,149.0,0.2374413975430473,monotone_isotonic
G04,150.0,0.2374413975430473,monotone_isotonic
G04,151.0,0.2374413975430473,monotone_isotonic
G04,152.0,0.2374413975430473,monotone_isotonic
G04,153.0,0.2374413975430473,monotone_isotonic
G04,154.0,0.2374413975430473,monotone_isotonic
G04,155.0,0.2374413975430473,monotone_isotonic
G04,156.0,0.2374413975430473,monotone_isotonic
G04,157.0,0.2374413975430473,monotone_isotonic
G04,158.0,0.2374413975430473,monotone_isotonic
G04,159.0,0.2374413975430473,monotone_isotonic
G04,160.0,0.2374413975430473,monotone_isotonic
G04,161.0,0.2374413975430473,monotone_isotonic
G04,162.0,0.2374413975430473,monotone_isotonic
G04,163.0,0.2374413975430473,monotone_isotonic
G04,164.0,0.2374413975430473,monotone_isotonic
G04,165.0,0.2374413975430473,monotone_isotonic
G04,166.0,0.2374413975430473,monotone_isotonic
G04,167.0,0.2374413975430473,monotone_isotonic
G04,168.0,0.2374413975430473,monotone_isotonic
G04,169.0,0.2374413975430473,monotone_isotonic
G04,170.0,0.2374413975430473,monotone_isotonic
G04,171.0,0.2374413975430473,monotone_isotonic
G04,172.0,0.2374413975430473,monotone_isotonic
G04,173.0,0.2374413975430473,monotone_isotonic
G04,174.0,0.2374413975430473,monotone_isotonic
G04,175.0,0.2374413975430473,monotone_isotonic
G04,176.0,0.2374413975430473,monotone_isotonic
G04,177.0,0.2374413975430473,monotone_isotonic
G04,178.0,0.2374413975430473,monotone_isotonic
G04,179.0,0.2374413975430473,monotone_isotonic
G04,180.0,0.2374413975430473,monotone_isotonic
G04,181.0,0.2374413975430473,monotone_isotonic
G04,182.0,0.2374413975430473,monotone_isotonic
G04,183.0,0.2374413975430473,monotone_isotonic
G04,184.0,0.2374413975430473,monotone_isotonic
G04,185.0,0.2374413975430473,monotone_isotonic
G04,186.0,0.2374413975430473,monotone_isotonic
G04,187.0,0.2374413975430473,monotone_isotonic
G04,188.0,0.2374413975430473,monotone_isotonic
G04,189.0,0.2374413975430473,monotone_isotonic
G04,190.0,0.2374413975430473,monotone_isotonic
G04,191.0,0.2374413975430473,monotone_isotonic
G04,192.0,0.2374413975430473,monotone_isotonic
G04,193.0,0.2374413975430473,monotone_isotonic
G04,194.0,0.2374413975430473,monotone_isotonic
G04,195.0,0.2374413975430473,monotone_isotonic
G04,196.0,0.2374413975430473,monotone_isotonic
G04,197.0,0.2374413975430473,monotone_isotonic
G04,198.0,0.2374413975430473,monotone_isotonic
G04,199.0,0.2374413975430473,monotone_isotonic
G04,200.0,0.2374413975430473,monotone_isotonic
G04,201.0,0.2374413975430473,monotone_isotonic
G04,202.0,0.2374413975430473,monotone_isotonic
G04,203.0,0.2374413975430473,monotone_isotonic
G04,204.0,0.2374413975430473,monotone_isotonic
G04,205.0,0.2374413975430473,monotone_isotonic
G04,206.0,0.2374413975430473,monotone_isotonic
G04,207.0,0.2374413975430473,monotone_isotonic
G04,208.0,0.2374413975430473,monotone_isotonic
G04,209.0,0.2374413975430473,monotone_isotonic
G04,210.0,0.2374413975430473,monotone_isotonic
G04,211.0,0.2382363343656004,monotone_isotonic
G04,212.0,0.2390312711881534,monotone_isotonic
G04,213.0,0.2398262080107065,monotone_isotonic
G04,214.0,0.2406211448332595,monotone_isotonic
G04,215.0,0.2414160816558126,monotone_isotonic
G04,216.0,0.2422110184783656,monotone_isotonic
G04,217.0,0.2430059553009187,monotone_isotonic
G04,218.0,0.2438008921234717,monotone_isotonic
G04,219.0,0.2445958289460247,monotone_isotonic
G04,220.0,0.2453907657685778,monotone_isotonic
G04,221.0,0.2461857025911308,monotone_isotonic
G04,222.0,0.2469806394136839,monotone_isotonic
G04,223.0,0.2477755762362369,monotone_isotonic
G04,224.0,0.24857051305879,monotone_isotonic
G04,225.0,0.249365449881343,monotone_isotonic
G04,226.0,0.250160386703896,monotone_isotonic
G04,227.0,0.2509553235264491,monotone_isotonic
G04,228.0,0.2517502603490021,monotone_isotonic
G04,229.0,0.2525451971715552,monotone_isotonic
G04,230.0,0.2533401339941082,monotone_isotonic
G04,231.0,0.2541350708166613,monotone_isotonic
G04,232.0,0.2541350708166613,monotone_isotonic
G04,233.0,0.2541350708166613,monotone_isotonic
G04,234.0,0.2541350708166613,monotone_isotonic
G04,235.0,0.2541350708166613,monotone_isotonic
G04,236.0,0.2541350708166613,monotone_isotonic
G04,237.0,0.2541350708166613,monotone_isotonic
G04,238.0,0.2541350708166613,monotone_isotonic
G04,239.0,0.2541350708166613,monotone_isotonic
G04,240.0,0.2541350708166613,monotone_isotonic
G04,241.0,0.2541350708166613,monotone_isotonic
G04,242.0,0.2541350708166613,monotone_isotonic
G04,243.0,0.2541350708166613,monotone_isotonic
G04,244.0,0.2541350708166613,monotone_isotonic
G04,245.0,0.2541350708166613,monotone_isotonic
G04,246.0,0.2541350708166613,monotone_isotonic
G04,247.0,0.2541350708166613,monotone_isotonic
G04,248.0,0.2541350708166613,monotone_isotonic
G04,249.0,0.2541350708166613,monotone_isotonic
G04,250.0,0.2541350708166613,monotone_isotonic
G04,251.0,0.2541350708166613,monotone_isotonic
G04,252.0,0.2541350708166613,monotone_isotonic
G04,253.0,0.2541350708166613,monotone_isotonic
G04,254.0,0.2541350708166613,monotone_isotonic
G04,255.0,0.2541350708166613,monotone_isotonic
G04,256.0,0.2541350708166613,monotone_isotonic
G04,257.0,0.2541350708166613,monotone_isotonic
G04,258.0,0.2541350708166613,monotone_isotonic
G04,259.0,0.2541350708166613,monotone_isotonic
G04,260.0,0.2541350708166613,monotone_isotonic
G04,261.0,0.2541350708166613,monotone_isotonic
G04,262.0,0.2541350708166613,monotone_isotonic
G04,263.0,0.2541350708166613,monotone_isotonic
G04,264.0,0.2541350708166613,monotone_isotonic
G04,265.0,0.2541350708166613,monotone_isotonic
G04,266.0,0.2541350708166613,monotone_isotonic
G04,267.0,0.2541350708166613,monotone_isotonic
G04,268.0,0.2541350708166613,monotone_isotonic
G04,269.0,0.2541350708166613,monotone_isotonic
G04,270.0,0.2541350708166613,monotone_isotonic
G04,271.0,0.2541350708166613,monotone_isotonic
G04,272.0,0.2541350708166613,monotone_isotonic
G04,273.0,0.2541350708166613,monotone_isotonic
G04,274.0,0.2541350708166613,monotone_isotonic
G04,275.0,0.2541350708166613,monotone_isotonic
G04,276.0,0.2541350708166613,monotone_isotonic
G04,277.0,0.2541350708166613,monotone_isotonic
G04,278.0,0.2541350708166613,monotone_isotonic
G04,279.0,0.2541350708166613,monotone_isotonic
G04,280.0,0.2541350708166613,monotone_isotonic
G04,281.0,0.2541350708166613,monotone_isotonic
G04,282.0,0.2541350708166613,monotone_isotonic
G04,283.0,0.2541350708166613,monotone_isotonic
G04,284.0,0.2541350708166613,monotone_isotonic
G04,285.0,0.2541350708166613,monotone_isotonic
G04,286.0,0.2541350708166613,monotone_isotonic
G04,287.0,0.2541350708166613,monotone_isotonic
G04,288.0,0.2541350708166613,monotone_isotonic
G04,289.0,0.2541350708166613,monotone_isotonic
G04,290.0,0.2541350708166613,monotone_isotonic
G04,291.0,0.2541350708166613,monotone_isotonic
G04,292.0,0.2541350708166613,monotone_isotonic
G04,293.0,0.2541350708166613,monotone_isotonic
G04,294.0,0.2541350708166613,monotone_isotonic
G04,295.0,0.2541350708166613,monotone_isotonic
G04,296.0,0.2541350708166613,monotone_isotonic
G04,297.0,0.2541350708166613,monotone_isotonic
G04,298.0,0.2541350708166613,monotone_isotonic
G04,299.0,0.2541350708166613,monotone_isotonic
G04,300.0,0.2541350708166613,monotone_isotonic
G04,301.0,0.2541350708166613,monotone_isotonic
G04,302.0,0.2541350708166613,monotone_isotonic
G04,303.0,0.2541350708166613,monotone_isotonic
G04,304.0,0.2541350708166613,monotone_isotonic
G04,305.0,0.2541350708166613,monotone_isotonic
G04,306.0,0.2541350708166613,monotone_isotonic
G04,307.0,0.2541350708166613,monotone_isotonic
G04,308.0,0.2541350708166613,monotone_isotonic
G04,309.0,0.2541350708166613,monotone_isotonic
G04,310.0,0.2541350708166613,monotone_isotonic
G04,311.0,0.2541350708166613,monotone_isotonic
G04,312.0,0.2541350708166613,monotone_isotonic
G04,313.0,0.2541350708166613,monotone_isotonic
G04,314.0,0.2541350708166613,monotone_isotonic
G04,315.0,0.2541350708166613,monotone_isotonic
G04,316.0,0.2541350708166613,monotone_isotonic
G04,317.0,0.2541350708166613,monotone_isotonic
G04,318.0,0.2541350708166613,monotone_isotonic
G04,319.0,0.2541350708166613,monotone_isotonic
G04,320.0,0.2541350708166613,monotone_isotonic
G04,321.0,0.2541350708166613,monotone_isotonic
G04,322.0,0.2541350708166613,monotone_isotonic
G04,323.0,0.2541350708166613,monotone_isotonic
G04,324.0,0.2541350708166613,monotone_isotonic
G04,325.0,0.2541350708166613,monotone_isotonic
G04,326.0,0.2541350708166613,monotone_isotonic
G04,327.0,0.2541350708166613,monotone_isotonic
G04,328.0,0.2541350708166613,monotone_isotonic
G04,329.0,0.2541350708166613,monotone_isotonic
G04,330.0,0.2541350708166613,monotone_isotonic
G04,331.0,0.2541350708166613,monotone_isotonic
G04,332.0,0.2541350708166613,monotone_isotonic
G04,333.0,0.2541350708166613,monotone_isotonic
G04,334.0,0.2541350708166613,monotone_isotonic
G04,335.0,0.2541350708166613,monotone_isotonic
G04,336.0,0.2541350708166613,monotone_isotonic
G04,337.0,0.2541350708166613,monotone_isotonic
G04,338.0,0.2541350708166613,monotone_isotonic
G04,339.0,0.2541350708166613,monotone_isotonic
G04,340.0,0.2541350708166613,monotone_isotonic
G04,341.0,0.2541350708166613,monotone_isotonic
G04,342.0,0.2541350708166613,monotone_isotonic
G04,343.0,0.2541350708166613,monotone_isotonic
G04,344.0,0.2541350708166613,monotone_isotonic
G04,345.0,0.2541350708166613,monotone_isotonic
G04,346.0,0.2541350708166613,monotone_isotonic
G04,347.0,0.2541350708166613,monotone_isotonic
G04,348.0,0.2541350708166613,monotone_isotonic
G04,349.0,0.2541350708166613,monotone_isotonic
G04,350.0,0.2541350708166613,monotone_isotonic
G04,351.0,0.2541350708166613,monotone_isotonic
G04,352.0,0.2541350708166613,monotone_isotonic
G04,353.0,0.2541350708166613,monotone_isotonic
G04,354.0,0.2541350708166613,monotone_isotonic
G04,355.0,0.2541350708166613,monotone_isotonic
G04,356.0,0.2541350708166613,monotone_isotonic
G04,357.0,0.2541350708166613,monotone_isotonic
G04,358.0,0.2541350708166613,monotone_isotonic
G04,359.0,0.2541350708166613,monotone_isotonic
G04,360.0,0.2541350708166613,monotone_isotonic
G04,361.0,0.2541350708166613,monotone_isotonic
G04,362.0,0.2541350708166613,monotone_isotonic
G04,363.0,0.2541350708166613,monotone_isotonic
G04,364.0,0.2541350708166613,monotone_isotonic
G04,365.0,0.2541350708166613,monotone_isotonic
G05,0.0,0.2080586161225978,monotone_isotonic
G05,1.0,0.2080586161225978,monotone_isotonic
G05,2.0,0.2080586161225978,monotone_isotonic
G05,3.0,0.2080586161225978,monotone_isotonic
G05,4.0,0.2080586161225978,monotone_isotonic
G05,5.0,0.2080586161225978,monotone_isotonic
G05,6.0,0.2080586161225978,monotone_isotonic
G05,7.0,0.2080586161225978,monotone_isotonic
G05,8.0,0.2080586161225978,monotone_isotonic
G05,9.0,0.2080586161225978,monotone_isotonic
G05,10.0,0.2080586161225978,monotone_isotonic
G05,11.0,0.2080586161225978,monotone_isotonic
G05,12.0,0.2080586161225978,monotone_isotonic
G05,13.0,0.2080586161225978,monotone_isotonic
G05,14.0,0.2080586161225978,monotone_isotonic
G05,15.0,0.2080586161225978,monotone_isotonic
G05,16.0,0.2080586161225978,monotone_isotonic
G05,17.0,0.2080586161225978,monotone_isotonic
G05,18.0,0.2080586161225978,monotone_isotonic
G05,19.0,0.2080586161225978,monotone_isotonic
G05,20.0,0.2080586161225978,monotone_isotonic
G05,21.0,0.2080586161225978,monotone_isotonic
G05,22.0,0.2080586161225978,monotone_isotonic
G05,23.0,0.2080586161225978,monotone_isotonic
G05,24.0,0.2080586161225978,monotone_isotonic
G05,25.0,0.2080586161225978,monotone_isotonic
G05,26.0,0.2080586161225978,monotone_isotonic
G05,27.0,0.2080586161225978,monotone_isotonic
G05,28.0,0.2080586161225978,monotone_isotonic
G05,29.0,0.2080586161225978,monotone_isotonic
G05,30.0,0.2080586161225978,monotone_isotonic
G05,31.0,0.2080586161225978,monotone_isotonic
G05,32.0,0.2080586161225978,monotone_isotonic
G05,33.0,0.2080586161225978,monotone_isotonic
G05,34.0,0.2080586161225978,monotone_isotonic
G05,35.0,0.2080586161225978,monotone_isotonic
G05,36.0,0.2080586161225978,monotone_isotonic
G05,37.0,0.2080586161225978,monotone_isotonic
G05,38.0,0.2080586161225978,monotone_isotonic
G05,39.0,0.2080586161225978,monotone_isotonic
G05,40.0,0.2080586161225978,monotone_isotonic
G05,41.0,0.2080586161225978,monotone_isotonic
G05,42.0,0.2080586161225978,monotone_isotonic
G05,43.0,0.2080586161225978,monotone_isotonic
G05,44.0,0.2080586161225978,monotone_isotonic
G05,45.0,0.2080586161225978,monotone_isotonic
G05,46.0,0.2080586161225978,monotone_isotonic
G05,47.0,0.2080586161225978,monotone_isotonic
G05,48.0,0.2080586161225978,monotone_isotonic
G05,49.0,0.2080586161225978,monotone_isotonic
G05,50.0,0.2080586161225978,monotone_isotonic
G05,51.0,0.2080586161225978,monotone_isotonic
G05,52.0,0.2080586161225978,monotone_isotonic
G05,53.0,0.2080586161225978,monotone_isotonic
G05,54.0,0.2080586161225978,monotone_isotonic
G05,55.0,0.2080586161225978,monotone_isotonic
G05,56.0,0.2080586161225978,monotone_isotonic
G05,57.0,0.2080586161225978,monotone_isotonic
G05,58.0,0.2080586161225978,monotone_isotonic
G05,59.0,0.2080586161225978,monotone_isotonic
G05,60.0,0.2080586161225978,monotone_isotonic
G05,61.0,0.2080586161225978,monotone_isotonic
G05,62.0,0.2080586161225978,monotone_isotonic
G05,63.0,0.2080586161225978,monotone_isotonic
G05,64.0,0.2080586161225978,monotone_isotonic
G05,65.0,0.2080586161225978,monotone_isotonic
G05,66.0,0.2080586161225978,monotone_isotonic
G05,67.0,0.2080586161225978,monotone_isotonic
G05,68.0,0.2080586161225978,monotone_isotonic
G05,69.0,0.2080586161225978,monotone_isotonic
G05,70.0,0.2080586161225978,monotone_isotonic
G05,71.0,0.2080586161225978,monotone_isotonic
G05,72.0,0.2080586161225978,monotone_isotonic
G05,73.0,0.2080586161225978,monotone_isotonic
G05,74.0,0.2080586161225978,monotone_isotonic
G05,75.0,0.2080586161225978,monotone_isotonic
G05,76.0,0.2080586161225978,monotone_isotonic
G05,77.0,0.2080586161225978,monotone_isotonic
G05,78.0,0.2080586161225978,monotone_isotonic
G05,79.0,0.2080586161225978,monotone_isotonic
G05,80.0,0.2080586161225978,monotone_isotonic
G05,81.0,0.2080586161225978,monotone_isotonic
G05,82.0,0.2080586161225978,monotone_isotonic
G05,83.0,0.2080586161225978,monotone_isotonic
G05,84.0,0.2080586161225978,monotone_isotonic
G05,85.0,0.2080586161225978,monotone_isotonic
G05,86.0,0.2080586161225978,monotone_isotonic
G05,87.0,0.2080586161225978,monotone_isotonic
G05,88.0,0.2080586161225978,monotone_isotonic
G05,89.0,0.2080586161225978,monotone_isotonic
G05,90.0,0.2080586161225978,monotone_isotonic
G05,91.0,0.2080586161225978,monotone_isotonic
G05,92.0,0.2080586161225978,monotone_isotonic
G05,93.0,0.2080586161225978,monotone_isotonic
G05,94.0,0.2080586161225978,monotone_isotonic
G05,95.0,0.2080586161225978,monotone_isotonic
G05,96.0,0.2080586161225978,monotone_isotonic
G05,97.0,0.2080586161225978,monotone_isotonic
G05,98.0,0.2080586161225978,monotone_isotonic
G05,99.0,0.2080586161225978,monotone_isotonic
G05,100.0,0.2080586161225978,monotone_isotonic
G05,101.0,0.2080586161225978,monotone_isotonic
G05,102.0,0.2080586161225978,monotone_isotonic
G05,103.0,0.2080586161225978,monotone_isotonic
G05,104.0,0.2080586161225978,monotone_isotonic
G05,105.0,0.2080586161225978,monotone_isotonic
G05,106.0,0.2080586161225978,monotone_isotonic
G05,107.0,0.2080586161225978,monotone_isotonic
G05,108.0,0.2080586161225978,monotone_isotonic
G05,109.0,0.2080586161225978,monotone_isotonic
G05,110.0,0.2080586161225978,monotone_isotonic
G05,111.0,0.2080586161225978,monotone_isotonic
G05,112.0,0.2080586161225978,monotone_isotonic
G05,113.0,0.2080586161225978,monotone_isotonic
G05,114.0,0.2080586161225978,monotone_isotonic
G05,115.0,0.2080586161225978,monotone_isotonic
G05,116.0,0.2080586161225978,monotone_isotonic
G05,117.0,0.2080586161225978,monotone_isotonic
G05,118.0,0.2080586161225978,monotone_isotonic
G05,119.0,0.2080586161225978,monotone_isotonic
G05,120.0,0.2080586161225978,monotone_isotonic
G05,121.0,0.2080586161225978,monotone_isotonic
G05,122.0,0.2080586161225978,monotone_isotonic
G05,123.0,0.2080586161225978,monotone_isotonic
G05,124.0,0.2080586161225978,monotone_isotonic
G05,125.0,0.2080586161225978,monotone_isotonic
G05,126.0,0.2080586161225978,monotone_isotonic
G05,127.0,0.2080586161225978,monotone_isotonic
G05,128.0,0.2080586161225978,monotone_isotonic
G05,129.0,0.2080586161225978,monotone_isotonic
G05,130.0,0.2080586161225978,monotone_isotonic
G05,131.0,0.2080586161225978,monotone_isotonic
G05,132.0,0.2080586161225978,monotone_isotonic
G05,133.0,0.2080586161225978,monotone_isotonic
G05,134.0,0.2080586161225978,monotone_isotonic
G05,135.0,0.2080586161225978,monotone_isotonic
G05,136.0,0.2080586161225978,monotone_isotonic
G05,137.0,0.2080586161225978,monotone_isotonic
G05,138.0,0.2080586161225978,monotone_isotonic
G05,139.0,0.2080586161225978,monotone_isotonic
G05,140.0,0.2080586161225978,monotone_isotonic
G05,141.0,0.2080586161225978,monotone_isotonic
G05,142.0,0.2080586161225978,monotone_isotonic
G05,143.0,0.2080586161225978,monotone_isotonic
G05,144.0,0.2080586161225978,monotone_isotonic
G05,145.0,0.2080586161225978,monotone_isotonic
G05,146.0,0.2080586161225978,monotone_isotonic
G05,147.0,0.2080586161225978,monotone_isotonic
G05,148.0,0.2080586161225978,monotone_isotonic
G05,149.0,0.2080586161225978,monotone_isotonic
G05,150.0,0.2080586161225978,monotone_isotonic
G05,151.0,0.2080586161225978,monotone_isotonic
G05,152.0,0.2080586161225978,monotone_isotonic
G05,153.0,0.2080586161225978,monotone_isotonic
G05,154.0,0.2080586161225978,monotone_isotonic
G05,155.0,0.2080586161225978,monotone_isotonic
G05,156.0,0.2080586161225978,monotone_isotonic
G05,157.0,0.2080586161225978,monotone_isotonic
G05,158.0,0.2080586161225978,monotone_isotonic
G05,159.0,0.2080586161225978,monotone_isotonic
G05,160.0,0.2080586161225978,monotone_isotonic
G05,161.0,0.2080586161225978,monotone_isotonic
G05,162.0,0.2080586161225978,monotone_isotonic
G05,163.0,0.2080586161225978,monotone_isotonic
G05,164.0,0.2080586161225978,monotone_isotonic
G05,165.0,0.2080586161225978,monotone_isotonic
G05,166.0,0.2080586161225978,monotone_isotonic
G05,167.0,0.2080586161225978,monotone_isotonic
G05,168.0,0.2080586161225978,monotone_isotonic
G05,169.0,0.2080586161225978,monotone_isotonic
G05,170.0,0.2080586161225978,monotone_isotonic
G05,171.0,0.2080586161225978,monotone_isotonic
G05,172.0,0.2080586161225978,monotone_isotonic
G05,173.0,0.2080586161225978,monotone_isotonic
G05,174.0,0.2080586161225978,monotone_isotonic
G05,175.0,0.2080586161225978,monotone_isotonic
G05,176.0,0.2080586161225978,monotone_isotonic
G05,177.0,0.2080586161225978,monotone_isotonic
G05,178.0,0.2080586161225978,monotone_isotonic
G05,179.0,0.2080586161225978,monotone_isotonic
G05,180.0,0.2080586161225978,monotone_isotonic
G05,181.0,0.2080586161225978,monotone_isotonic
G05,182.0,0.2080586161225978,monotone_isotonic
G05,183.0,0.2080586161225978,monotone_isotonic
G05,184.0,0.2080586161225978,monotone_isotonic
G05,185.0,0.2080586161225978,monotone_isotonic
G05,186.0,0.2080586161225978,monotone_isotonic
G05,187.0,0.2080586161225978,monotone_isotonic
G05,188.0,0.2080586161225978,monotone_isotonic
G05,189.0,0.2080586161225978,monotone_isotonic
G05,190.0,0.2080586161225978,monotone_isotonic
G05,191.0,0.2080586161225978,monotone_isotonic
G05,192.0,0.2080586161225978,monotone_isotonic
G05,193.0,0.2080586161225978,monotone_isotonic
G05,194.0,0.2080586161225978,monotone_isotonic
G05,195.0,0.2080586161225978,monotone_isotonic
G05,196.0,0.2080586161225978,monotone_isotonic
G05,197.0,0.2080586161225978,monotone_isotonic
G05,198.0,0.2080586161225978,monotone_isotonic
G05,199.0,0.2080586161225978,monotone_isotonic
G05,200.0,0.2080586161225978,monotone_isotonic
G05,201.0,0.2080586161225978,monotone_isotonic
G05,202.0,0.2080586161225978,monotone_isotonic
G05,203.0,0.2080586161225978,monotone_isotonic
G05,204.0,0.2080586161225978,monotone_isotonic
G05,205.0,0.2080586161225978,monotone_isotonic
G05,206.0,0.2080586161225978,monotone_isotonic
G05,207.0,0.2080586161225978,monotone_isotonic
G05,208.0,0.2080586161225978,monotone_isotonic
G05,209.0,0.2080586161225978,monotone_isotonic
G05,210.0,0.2080586161225978,monotone_isotonic
G05,211.0,0.2083706336779218,monotone_isotonic
G05,212.0,0.2086826512332459,monotone_isotonic
G05,213.0,0.2089946687885699,monotone_isotonic
G05,214.0,0.2093066863438939,monotone_isotonic
G05,215.0,0.2096187038992179,monotone_isotonic
G05,216.0,0.2099307214545419,monotone_isotonic
G05,217.0,0.2102427390098659,monotone_isotonic
G05,218.0,0.21055475656519,monotone_isotonic
G05,219.0,0.210866774120514,monotone_isotonic
G05,220.0,0.211178791675838,monotone_isotonic
G05,221.0,0.211490809231162,monotone_isotonic
G05,222.0,0.211802826786486,monotone_isotonic
G05,223.0,0.21211484434181,monotone_isotonic
G05,224.0,0.212426861897134,monotone_isotonic
G05,225.0,0.212738879452458,monotone_isotonic
G05,226.0,0.213050897007782,monotone_isotonic
G05,227.0,0.213362914563106,monotone_isotonic
G05,228.0,0.21367493211843,monotone_isotonic
G05,229.0,0.2139869496737541,monotone_isotonic
G05,230.0,0.2142989672290781,monotone_isotonic
G05,231.0,0.2146109847844021,monotone_isotonic
G05,232.0,0.2146109847844021,monotone_isotonic
G05,233.0,0.2146109847844021,monotone_isotonic
G05,234.0,0.2146109847844021,monotone_isotonic
G05,235.0,0.2146109847844021,monotone_isotonic
G05,236.0,0.2146109847844021,monotone_isotonic
G05,237.0,0.2146109847844021,monotone_isotonic
G05,238.0,0.2146109847844021,monotone_isotonic
G05,239.0,0.2146109847844021,monotone_isotonic
G05,240.0,0.2146109847844021,monotone_isotonic
G05,241.0,0.2146109847844021,monotone_isotonic
G05,242.0,0.2146109847844021,monotone_isotonic
G05,243.0,0.2146109847844021,monotone_isotonic
G05,244.0,0.2146109847844021,monotone_isotonic
G05,245.0,0.2146109847844021,monotone_isotonic
G05,246.0,0.2146109847844021,monotone_isotonic
G05,247.0,0.2146109847844021,monotone_isotonic
G05,248.0,0.2146109847844021,monotone_isotonic
G05,249.0,0.2146109847844021,monotone_isotonic
G05,250.0,0.2146109847844021,monotone_isotonic
G05,251.0,0.2146109847844021,monotone_isotonic
G05,252.0,0.2146109847844021,monotone_isotonic
G05,253.0,0.2146109847844021,monotone_isotonic
G05,254.0,0.2146109847844021,monotone_isotonic
G05,255.0,0.2146109847844021,monotone_isotonic
G05,256.0,0.2146109847844021,monotone_isotonic
G05,257.0,0.2146109847844021,monotone_isotonic
G05,258.0,0.2146109847844021,monotone_isotonic
G05,259.0,0.2146109847844021,monotone_isotonic
G05,260.0,0.2146109847844021,monotone_isotonic
G05,261.0,0.2146109847844021,monotone_isotonic
G05,262.0,0.2146109847844021,monotone_isotonic
G05,263.0,0.2146109847844021,monotone_isotonic
G05,264.0,0.2146109847844021,monotone_isotonic
G05,265.0,0.2146109847844021,monotone_isotonic
G05,266.0,0.2146109847844021,monotone_isotonic
G05,267.0,0.2146109847844021,monotone_isotonic
G05,268.0,0.2146109847844021,monotone_isotonic
G05,269.0,0.2146109847844021,monotone_isotonic
G05,270.0,0.2146109847844021,monotone_isotonic
G05,271.0,0.2146109847844021,monotone_isotonic
G05,272.0,0.2146109847844021,monotone_isotonic
G05,273.0,0.2146109847844021,monotone_isotonic
G05,274.0,0.2146109847844021,monotone_isotonic
G05,275.0,0.2146109847844021,monotone_isotonic
G05,276.0,0.2146109847844021,monotone_isotonic
G05,277.0,0.2146109847844021,monotone_isotonic
G05,278.0,0.2146109847844021,monotone_isotonic
G05,279.0,0.2146109847844021,monotone_isotonic
G05,280.0,0.2146109847844021,monotone_isotonic
G05,281.0,0.2146109847844021,monotone_isotonic
G05,282.0,0.2146109847844021,monotone_isotonic
G05,283.0,0.2146109847844021,monotone_isotonic
G05,284.0,0.2146109847844021,monotone_isotonic
G05,285.0,0.2146109847844021,monotone_isotonic
G05,286.0,0.2146109847844021,monotone_isotonic
G05,287.0,0.2146109847844021,monotone_isotonic
G05,288.0,0.2146109847844021,monotone_isotonic
G05,289.0,0.2146109847844021,monotone_isotonic
G05,290.0,0.2146109847844021,monotone_isotonic
G05,291.0,0.2146109847844021,monotone_isotonic
G05,292.0,0.2146109847844021,monotone_isotonic
G05,293.0,0.2146109847844021,monotone_isotonic
G05,294.0,0.2146109847844021,monotone_isotonic
G05,295.0,0.2146109847844021,monotone_isotonic
G05,296.0,0.2146109847844021,monotone_isotonic
G05,297.0,0.2146109847844021,monotone_isotonic
G05,298.0,0.2146109847844021,monotone_isotonic
G05,299.0,0.2146109847844021,monotone_isotonic
G05,300.0,0.2146109847844021,monotone_isotonic
G05,301.0,0.2146109847844021,monotone_isotonic
G05,302.0,0.2146109847844021,monotone_isotonic
G05,303.0,0.2146109847844021,monotone_isotonic
G05,304.0,0.2146109847844021,monotone_isotonic
G05,305.0,0.2146109847844021,monotone_isotonic
G05,306.0,0.2146109847844021,monotone_isotonic
G05,307.0,0.2146109847844021,monotone_isotonic
G05,308.0,0.2146109847844021,monotone_isotonic
G05,309.0,0.2146109847844021,monotone_isotonic
G05,310.0,0.2146109847844021,monotone_isotonic
G05,311.0,0.2146109847844021,monotone_isotonic
G05,312.0,0.2146109847844021,monotone_isotonic
G05,313.0,0.2146109847844021,monotone_isotonic
G05,314.0,0.2146109847844021,monotone_isotonic
G05,315.0,0.2146109847844021,monotone_isotonic
G05,316.0,0.2146109847844021,monotone_isotonic
G05,317.0,0.2146109847844021,monotone_isotonic
G05,318.0,0.2146109847844021,monotone_isotonic
G05,319.0,0.2146109847844021,monotone_isotonic
G05,320.0,0.2146109847844021,monotone_isotonic
G05,321.0,0.2146109847844021,monotone_isotonic
G05,322.0,0.2146109847844021,monotone_isotonic
G05,323.0,0.2146109847844021,monotone_isotonic
G05,324.0,0.2146109847844021,monotone_isotonic
G05,325.0,0.2146109847844021,monotone_isotonic
G05,326.0,0.2146109847844021,monotone_isotonic
G05,327.0,0.2146109847844021,monotone_isotonic
G05,328.0,0.2146109847844021,monotone_isotonic
G05,329.0,0.2146109847844021,monotone_isotonic
G05,330.0,0.2146109847844021,monotone_isotonic
G05,331.0,0.2146109847844021,monotone_isotonic
G05,332.0,0.2146109847844021,monotone_isotonic
G05,333.0,0.2146109847844021,monotone_isotonic
G05,334.0,0.2146109847844021,monotone_isotonic
G05,335.0,0.2146109847844021,monotone_isotonic
G05,336.0,0.2146109847844021,monotone_isotonic
G05,337.0,0.2146109847844021,monotone_isotonic
G05,338.0,0.2146109847844021,monotone_isotonic
G05,339.0,0.2146109847844021,monotone_isotonic
G05,340.0,0.2146109847844021,monotone_isotonic
G05,341.0,0.2146109847844021,monotone_isotonic
G05,342.0,0.2146109847844021,monotone_isotonic
G05,343.0,0.2146109847844021,monotone_isotonic
G05,344.0,0.2146109847844021,monotone_isotonic
G05,345.0,0.2146109847844021,monotone_isotonic
G05,346.0,0.2146109847844021,monotone_isotonic
G05,347.0,0.2146109847844021,monotone_isotonic
G05,348.0,0.2146109847844021,monotone_isotonic
G05,349.0,0.2146109847844021,monotone_isotonic
G05,350.0,0.2146109847844021,monotone_isotonic
G05,351.0,0.2146109847844021,monotone_isotonic
G05,352.0,0.2146109847844021,monotone_isotonic
G05,353.0,0.2146109847844021,monotone_isotonic
G05,354.0,0.2146109847844021,monotone_isotonic
G05,355.0,0.2146109847844021,monotone_isotonic
G05,356.0,0.2146109847844021,monotone_isotonic
G05,357.0,0.2146109847844021,monotone_isotonic
G05,358.0,0.2146109847844021,monotone_isotonic
G05,359.0,0.2146109847844021,monotone_isotonic
G05,360.0,0.2146109847844021,monotone_isotonic
G05,361.0,0.2146109847844021,monotone_isotonic
G05,362.0,0.2146109847844021,monotone_isotonic
G05,363.0,0.2146109847844021,monotone_isotonic
G05,364.0,0.2146109847844021,monotone_isotonic
G05,365.0,0.2146109847844021,monotone_isotonic
G06,0.0,0.3055793718646991,monotone_isotonic
G06,1.0,0.3055793718646991,monotone_isotonic
G06,2.0,0.3055793718646991,monotone_isotonic
G06,3.0,0.3055793718646991,monotone_isotonic
G06,4.0,0.3055793718646991,monotone_isotonic
G06,5.0,0.3055793718646991,monotone_isotonic
G06,6.0,0.3055793718646991,monotone_isotonic
G06,7.0,0.3055793718646991,monotone_isotonic
G06,8.0,0.3055793718646991,monotone_isotonic
G06,9.0,0.3055793718646991,monotone_isotonic
G06,10.0,0.3055793718646991,monotone_isotonic
G06,11.0,0.3055793718646991,monotone_isotonic
G06,12.0,0.3055793718646991,monotone_isotonic
G06,13.0,0.3055793718646991,monotone_isotonic
G06,14.0,0.3055793718646991,monotone_isotonic
G06,15.0,0.3055793718646991,monotone_isotonic
G06,16.0,0.3055793718646991,monotone_isotonic
G06,17.0,0.3055793718646991,monotone_isotonic
G06,18.0,0.3055793718646991,monotone_isotonic
G06,19.0,0.3055793718646991,monotone_isotonic
G06,20.0,0.3055793718646991,monotone_isotonic
G06,21.0,0.3055793718646991,monotone_isotonic
G06,22.0,0.3055793718646991,monotone_isotonic
G06,23.0,0.3055793718646991,monotone_isotonic
G06,24.0,0.3055793718646991,monotone_isotonic
G06,25.0,0.3055793718646991,monotone_isotonic
G06,26.0,0.3055793718646991,monotone_isotonic
G06,27.0,0.3055793718646991,monotone_isotonic
G06,28.0,0.3055793718646991,monotone_isotonic
G06,29.0,0.3055793718646991,monotone_isotonic
G06,30.0,0.3055793718646991,monotone_isotonic
G06,31.0,0.3055793718646991,monotone_isotonic
G06,32.0,0.3055793718646991,monotone_isotonic
G06,33.0,0.3055793718646991,monotone_isotonic
G06,34.0,0.3055793718646991,monotone_isotonic
G06,35.0,0.3055793718646991,monotone_isotonic
G06,36.0,0.3055793718646991,monotone_isotonic
G06,37.0,0.3055793718646991,monotone_isotonic
G06,38.0,0.3055793718646991,monotone_isotonic
G06,39.0,0.3055793718646991,monotone_isotonic
G06,40.0,0.3055793718646991,monotone_isotonic
G06,41.0,0.3055793718646991,monotone_isotonic
G06,42.0,0.3055793718646991,monotone_isotonic
G06,43.0,0.3055793718646991,monotone_isotonic
G06,44.0,0.3055793718646991,monotone_isotonic
G06,45.0,0.3055793718646991,monotone_isotonic
G06,46.0,0.3055793718646991,monotone_isotonic
G06,47.0,0.3055793718646991,monotone_isotonic
G06,48.0,0.3055793718646991,monotone_isotonic
G06,49.0,0.3055793718646991,monotone_isotonic
G06,50.0,0.3055793718646991,monotone_isotonic
G06,51.0,0.3055793718646991,monotone_isotonic
G06,52.0,0.3055793718646991,monotone_isotonic
G06,53.0,0.3055793718646991,monotone_isotonic
G06,54.0,0.3055793718646991,monotone_isotonic
G06,55.0,0.3055793718646991,monotone_isotonic
G06,56.0,0.3055793718646991,monotone_isotonic
G06,57.0,0.3055793718646991,monotone_isotonic
G06,58.0,0.3055793718646991,monotone_isotonic
G06,59.0,0.3055793718646991,monotone_isotonic
G06,60.0,0.3055793718646991,monotone_isotonic
G06,61.0,0.3055793718646991,monotone_isotonic
G06,62.0,0.3055793718646991,monotone_isotonic
G06,63.0,0.3055793718646991,monotone_isotonic
G06,64.0,0.3055793718646991,monotone_isotonic
G06,65.0,0.3055793718646991,monotone_isotonic
G06,66.0,0.3055793718646991,monotone_isotonic
G06,67.0,0.3055793718646991,monotone_isotonic
G06,68.0,0.3055793718646991,monotone_isotonic
G06,69.0,0.3055793718646991,monotone_isotonic
G06,70.0,0.3055793718646991,monotone_isotonic
G06,71.0,0.3055793718646991,monotone_isotonic
G06,72.0,0.3055793718646991,monotone_isotonic
G06,73.0,0.3055793718646991,monotone_isotonic
G06,74.0,0.3055793718646991,monotone_isotonic
G06,75.0,0.3055793718646991,monotone_isotonic
G06,76.0,0.3055793718646991,monotone_isotonic
G06,77.0,0.3055793718646991,monotone_isotonic
G06,78.0,0.3055793718646991,monotone_isotonic
G06,79.0,0.3055793718646991,monotone_isotonic
G06,80.0,0.3055793718646991,monotone_isotonic
G06,81.0,0.3055793718646991,monotone_isotonic
G06,82.0,0.3055793718646991,monotone_isotonic
G06,83.0,0.3055793718646991,monotone_isotonic
G06,84.0,0.3055793718646991,monotone_isotonic
G06,85.0,0.3055793718646991,monotone_isotonic
G06,86.0,0.3055793718646991,monotone_isotonic
G06,87.0,0.3055793718646991,monotone_isotonic
G06,88.0,0.3055793718646991,monotone_isotonic
G06,89.0,0.3055793718646991,monotone_isotonic
G06,90.0,0.3055793718646991,monotone_isotonic
G06,91.0,0.3055793718646991,monotone_isotonic
G06,92.0,0.3055793718646991,monotone_isotonic
G06,93.0,0.3055793718646991,monotone_isotonic
G06,94.0,0.3055793718646991,monotone_isotonic
G06,95.0,0.3055793718646991,monotone_isotonic
G06,96.0,0.3055793718646991,monotone_isotonic
G06,97.0,0.3055793718646991,monotone_isotonic
G06,98.0,0.3055793718646991,monotone_isotonic
G06,99.0,0.3055793718646991,monotone_isotonic
G06,100.0,0.3055793718646991,monotone_isotonic
G06,101.0,0.3055793718646991,monotone_isotonic
G06,102.0,0.3055793718646991,monotone_isotonic
G06,103.0,0.3055793718646991,monotone_isotonic
G06,104.0,0.3055793718646991,monotone_isotonic
G06,105.0,0.3055793718646991,monotone_isotonic
G06,106.0,0.3055793718646991,monotone_isotonic
G06,107.0,0.3055793718646991,monotone_isotonic
G06,108.0,0.3055793718646991,monotone_isotonic
G06,109.0,0.3055793718646991,monotone_isotonic
G06,110.0,0.3055793718646991,monotone_isotonic
G06,111.0,0.3055793718646991,monotone_isotonic
G06,112.0,0.3055793718646991,monotone_isotonic
G06,113.0,0.3055793718646991,monotone_isotonic
G06,114.0,0.3055793718646991,monotone_isotonic
G06,115.0,0.3055793718646991,monotone_isotonic
G06,116.0,0.3055793718646991,monotone_isotonic
G06,117.0,0.3055793718646991,monotone_isotonic
G06,118.0,0.3055793718646991,monotone_isotonic
G06,119.0,0.3055793718646991,monotone_isotonic
G06,120.0,0.3055793718646991,monotone_isotonic
G06,121.0,0.3055793718646991,monotone_isotonic
G06,122.0,0.3055793718646991,monotone_isotonic
G06,123.0,0.3055793718646991,monotone_isotonic
G06,124.0,0.3055793718646991,monotone_isotonic
G06,125.0,0.3055793718646991,monotone_isotonic
G06,126.0,0.3055793718646991,monotone_isotonic
G06,127.0,0.3055793718646991,monotone_isotonic
G06,128.0,0.3055793718646991,monotone_isotonic
G06,129.0,0.3055793718646991,monotone_isotonic
G06,130.0,0.3055793718646991,monotone_isotonic
G06,131.0,0.3055793718646991,monotone_isotonic
G06,132.0,0.3055793718646991,monotone_isotonic
G06,133.0,0.3055793718646991,monotone_isotonic
G06,134.0,0.3055793718646991,monotone_isotonic
G06,135.0,0.3055793718646991,monotone_isotonic
G06,136.0,0.3055793718646991,monotone_isotonic
G06,137.0,0.3055793718646991,monotone_isotonic
G06,138.0,0.3055793718646991,monotone_isotonic
G06,139.0,0.3055793718646991,monotone_isotonic
G06,140.0,0.3055793718646991,monotone_isotonic
G06,141.0,0.3055793718646991,monotone_isotonic
G06,142.0,0.3055793718646991,monotone_isotonic
G06,143.0,0.3055793718646991,monotone_isotonic
G06,144.0,0.3055793718646991,monotone_isotonic
G06,145.0,0.3055793718646991,monotone_isotonic
G06,146.0,0.3055793718646991,monotone_isotonic
G06,147.0,0.3055793718646991,monotone_isotonic
G06,148.0,0.3055793718646991,monotone_isotonic
G06,149.0,0.3055793718646991,monotone_isotonic
G06,150.0,0.3055793718646991,monotone_isotonic
G06,151.0,0.3055793718646991,monotone_isotonic
G06,152.0,0.3055793718646991,monotone_isotonic
G06,153.0,0.3055793718646991,monotone_isotonic
G06,154.0,0.3055793718646991,monotone_isotonic
G06,155.0,0.3055793718646991,monotone_isotonic
G06,156.0,0.3055793718646991,monotone_isotonic
G06,157.0,0.3055793718646991,monotone_isotonic
G06,158.0,0.3055793718646991,monotone_isotonic
G06,159.0,0.3055793718646991,monotone_isotonic
G06,160.0,0.3055793718646991,monotone_isotonic
G06,161.0,0.3055793718646991,monotone_isotonic
G06,162.0,0.3055793718646991,monotone_isotonic
G06,163.0,0.3055793718646991,monotone_isotonic
G06,164.0,0.3055793718646991,monotone_isotonic
G06,165.0,0.3055793718646991,monotone_isotonic
G06,166.0,0.3055793718646991,monotone_isotonic
G06,167.0,0.3055793718646991,monotone_isotonic
G06,168.0,0.3055793718646991,monotone_isotonic
G06,169.0,0.3055793718646991,monotone_isotonic
G06,170.0,0.3055793718646991,monotone_isotonic
G06,171.0,0.3055793718646991,monotone_isotonic
G06,172.0,0.3055793718646991,monotone_isotonic
G06,173.0,0.3055793718646991,monotone_isotonic
G06,174.0,0.3055793718646991,monotone_isotonic
G06,175.0,0.3055793718646991,monotone_isotonic
G06,176.0,0.3055793718646991,monotone_isotonic
G06,177.0,0.3055793718646991,monotone_isotonic
G06,178.0,0.3055793718646991,monotone_isotonic
G06,179.0,0.3055793718646991,monotone_isotonic
G06,180.0,0.3055793718646991,monotone_isotonic
G06,181.0,0.3055793718646991,monotone_isotonic
G06,182.0,0.3055793718646991,monotone_isotonic
G06,183.0,0.3055793718646991,monotone_isotonic
G06,184.0,0.3055793718646991,monotone_isotonic
G06,185.0,0.3055793718646991,monotone_isotonic
G06,186.0,0.3055793718646991,monotone_isotonic
G06,187.0,0.3055793718646991,monotone_isotonic
G06,188.0,0.3055793718646991,monotone_isotonic
G06,189.0,0.3055793718646991,monotone_isotonic
G06,190.0,0.3055793718646991,monotone_isotonic
G06,191.0,0.3055793718646991,monotone_isotonic
G06,192.0,0.3055793718646991,monotone_isotonic
G06,193.0,0.3055793718646991,monotone_isotonic
G06,194.0,0.3055793718646991,monotone_isotonic
G06,195.0,0.3055793718646991,monotone_isotonic
G06,196.0,0.3055793718646991,monotone_isotonic
G06,197.0,0.3055793718646991,monotone_isotonic
G06,198.0,0.3055793718646991,monotone_isotonic
G06,199.0,0.3055793718646991,monotone_isotonic
G06,200.0,0.3055793718646991,monotone_isotonic
G06,201.0,0.3055793718646991,monotone_isotonic
G06,202.0,0.3055793718646991,monotone_isotonic
G06,203.0,0.3055793718646991,monotone_isotonic
G06,204.0,0.3055793718646991,monotone_isotonic
G06,205.0,0.3055793718646991,monotone_isotonic
G06,206.0,0.3055793718646991,monotone_isotonic
G06,207.0,0.3055793718646991,monotone_isotonic
G06,208.0,0.3055793718646991,monotone_isotonic
G06,209.0,0.3055793718646991,monotone_isotonic
G06,210.0,0.3055793718646991,monotone_isotonic
G06,211.0,0.3062425281844693,monotone_isotonic
G06,212.0,0.3069056845042395,monotone_isotonic
G06,213.0,0.3075688408240096,monotone_isotonic
G06,214.0,0.3082319971437798,monotone_isotonic
G06,215.0,0.30889515346355,monotone_isotonic
G06,216.0,0.3095583097833202,monotone_isotonic
G06,217.0,0.3102214661030903,monotone_isotonic
G06,218.0,0.3108846224228606,monotone_isotonic
G06,219.0,0.3115477787426307,monotone_isotonic
G06,220.0,0.3122109350624009,monotone_isotonic
G06,221.0,0.3128740913821711,monotone_isotonic
G06,222.0,0.3135372477019413,monotone_isotonic
G06,223.0,0.3142004040217114,monotone_isotonic
G06,224.0,0.3148635603414816,monotone_isotonic
G06,225.0,0.3155267166612518,monotone_isotonic
G06,226.0,0.316189872981022,monotone_isotonic
G06,227.0,0.3168530293007922,monotone_isotonic
G06,228.0,0.3175161856205624,monotone_isotonic
G06,229.0,0.3181793419403325,monotone_isotonic
G06,230.0,0.3188424982601027,monotone_isotonic
G06,231.0,0.3195056545798729,monotone_isotonic
G06,232.0,0.3195056545798729,monotone_isotonic
G06,233.0,0.3195056545798729,monotone_isotonic
G06,234.0,0.3195056545798729,monotone_isotonic
G06,235.0,0.3195056545798729,monotone_isotonic
G06,236.0,0.3195056545798729,monotone_isotonic
G06,237.0,0.3195056545798729,monotone_isotonic
G06,238.0,0.3195056545798729,monotone_isotonic
G06,239.0,0.3195056545798729,monotone_isotonic
G06,240.0,0.3195056545798729,monotone_isotonic
G06,241.0,0.3195056545798729,monotone_isotonic
G06,242.0,0.3195056545798729,monotone_isotonic
G06,243.0,0.3195056545798729,monotone_isotonic
G06,244.0,0.3195056545798729,monotone_isotonic
G06,245.0,0.3195056545798729,monotone_isotonic
G06,246.0,0.3195056545798729,monotone_isotonic
G06,247.0,0.3195056545798729,monotone_isotonic
G06,248.0,0.3195056545798729,monotone_isotonic
G06,249.0,0.3195056545798729,monotone_isotonic
G06,250.0,0.3195056545798729,monotone_isotonic
G06,251.0,0.3195056545798729,monotone_isotonic
G06,252.0,0.3195056545798729,monotone_isotonic
G06,253.0,0.3195056545798729,monotone_isotonic
G06,254.0,0.3195056545798729,monotone_isotonic
G06,255.0,0.3195056545798729,monotone_isotonic
G06,256.0,0.3195056545798729,monotone_isotonic
G06,257.0,0.3195056545798729,monotone_isotonic
G06,258.0,0.3195056545798729,monotone_isotonic
G06,259.0,0.3195056545798729,monotone_isotonic
G06,260.0,0.3195056545798729,monotone_isotonic
G06,261.0,0.3195056545798729,monotone_isotonic
G06,262.0,0.3195056545798729,monotone_isotonic
G06,263.0,0.3195056545798729,monotone_isotonic
G06,264.0,0.3195056545798729,monotone_isotonic
G06,265.0,0.3195056545798729,monotone_isotonic
G06,266.0,0.3195056545798729,monotone_isotonic
G06,267.0,0.3195056545798729,monotone_isotonic
G06,268.0,0.3195056545798729,monotone_isotonic
G06,269.0,0.3195056545798729,monotone_isotonic
G06,270.0,0.3195056545798729,monotone_isotonic
G06,271.0,0.3195056545798729,monotone_isotonic
G06,272.0,0.3195056545798729,monotone_isotonic
G06,273.0,0.3195056545798729,monotone_isotonic
G06,274.0,0.3195056545798729,monotone_isotonic
G06,275.0,0.3195056545798729,monotone_isotonic
G06,276.0,0.3195056545798729,monotone_isotonic
G06,277.0,0.3195056545798729,monotone_isotonic
G06,278.0,0.3195056545798729,monotone_isotonic
G06,279.0,0.3195056545798729,monotone_isotonic
G06,280.0,0.3195056545798729,monotone_isotonic
G06,281.0,0.3195056545798729,monotone_isotonic
G06,282.0,0.3195056545798729,monotone_isotonic
G06,283.0,0.3195056545798729,monotone_isotonic
G06,284.0,0.3195056545798729,monotone_isotonic
G06,285.0,0.3195056545798729,monotone_isotonic
G06,286.0,0.3195056545798729,monotone_isotonic
G06,287.0,0.3195056545798729,monotone_isotonic
G06,288.0,0.3195056545798729,monotone_isotonic
G06,289.0,0.3195056545798729,monotone_isotonic
G06,290.0,0.3195056545798729,monotone_isotonic
G06,291.0,0.3195056545798729,monotone_isotonic
G06,292.0,0.3195056545798729,monotone_isotonic
G06,293.0,0.3195056545798729,monotone_isotonic
G06,294.0,0.3195056545798729,monotone_isotonic
G06,295.0,0.3195056545798729,monotone_isotonic
G06,296.0,0.3195056545798729,monotone_isotonic
G06,297.0,0.3195056545798729,monotone_isotonic
G06,298.0,0.3195056545798729,monotone_isotonic
G06,299.0,0.3195056545798729,monotone_isotonic
G06,300.0,0.3195056545798729,monotone_isotonic
G06,301.0,0.3195056545798729,monotone_isotonic
G06,302.0,0.3195056545798729,monotone_isotonic
G06,303.0,0.3195056545798729,monotone_isotonic
G06,304.0,0.3195056545798729,monotone_isotonic
G06,305.0,0.3195056545798729,monotone_isotonic
G06,306.0,0.3195056545798729,monotone_isotonic
G06,307.0,0.3195056545798729,monotone_isotonic
G06,308.0,0.3195056545798729,monotone_isotonic
G06,309.0,0.3195056545798729,monotone_isotonic
G06,310.0,0.3195056545798729,monotone_isotonic
G06,311.0,0.3195056545798729,monotone_isotonic
G06,312.0,0.3195056545798729,monotone_isotonic
G06,313.0,0.3195056545798729,monotone_isotonic
G06,314.0,0.3195056545798729,monotone_isotonic
G06,315.0,0.3195056545798729,monotone_isotonic
G06,316.0,0.3195056545798729,monotone_isotonic
G06,317.0,0.3195056545798729,monotone_isotonic
G06,318.0,0.3195056545798729,monotone_isotonic
G06,319.0,0.3195056545798729,monotone_isotonic
G06,320.0,0.3195056545798729,monotone_isotonic
G06,321.0,0.3195056545798729,monotone_isotonic
G06,322.0,0.3195056545798729,monotone_isotonic
G06,323.0,0.3195056545798729,monotone_isotonic
G06,324.0,0.3195056545798729,monotone_isotonic
G06,325.0,0.3195056545798729,monotone_isotonic
G06,326.0,0.3195056545798729,monotone_isotonic
G06,327.0,0.3195056545798729,monotone_isotonic
G06,328.0,0.3195056545798729,monotone_isotonic
G06,329.0,0.3195056545798729,monotone_isotonic
G06,330.0,0.3195056545798729,monotone_isotonic
G06,331.0,0.3195056545798729,monotone_isotonic
G06,332.0,0.3195056545798729,monotone_isotonic
G06,333.0,0.3195056545798729,monotone_isotonic
G06,334.0,0.3195056545798729,monotone_isotonic
G06,335.0,0.3195056545798729,monotone_isotonic
G06,336.0,0.3195056545798729,monotone_isotonic
G06,337.0,0.3195056545798729,monotone_isotonic
G06,338.0,0.3195056545798729,monotone_isotonic
G06,339.0,0.3195056545798729,monotone_isotonic
G06,340.0,0.3195056545798729,monotone_isotonic
G06,341.0,0.3195056545798729,monotone_isotonic
G06,342.0,0.3195056545798729,monotone_isotonic
G06,343.0,0.3195056545798729,monotone_isotonic
G06,344.0,0.3195056545798729,monotone_isotonic
G06,345.0,0.3195056545798729,monotone_isotonic
G06,346.0,0.3195056545798729,monotone_isotonic
G06,347.0,0.3195056545798729,monotone_isotonic
G06,348.0,0.3195056545798729,monotone_isotonic
G06,349.0,0.3195056545798729,monotone_isotonic
G06,350.0,0.3195056545798729,monotone_isotonic
G06,351.0,0.3195056545798729,monotone_isotonic
G06,352.0,0.3195056545798729,monotone_isotonic
G06,353.0,0.3195056545798729,monotone_isotonic
G06,354.0,0.3195056545798729,monotone_isotonic
G06,355.0,0.3195056545798729,monotone_isotonic
G06,356.0,0.3195056545798729,monotone_isotonic
G06,357.0,0.3195056545798729,monotone_isotonic
G06,358.0,0.3195056545798729,monotone_isotonic
G06,359.0,0.3195056545798729,monotone_isotonic
G06,360.0,0.3195056545798729,monotone_isotonic
G06,361.0,0.3195056545798729,monotone_isotonic
G06,362.0,0.3195056545798729,monotone_isotonic
G06,363.0,0.3195056545798729,monotone_isotonic
G06,364.0,0.3195056545798729,monotone_isotonic
G06,365.0,0.3195056545798729,monotone_isotonic
S1MI01,0.0,0.2091933511264291,linear
S1MI01,1.0,0.2091933511264291,linear
S1MI01,2.0,0.2091933511264291,linear
S1MI01,3.0,0.2091933511264291,linear
S1MI01,4.0,0.2091933511264291,linear
S1MI01,5.0,0.2091933511264291,linear
S1MI01,6.0,0.2091933511264291,linear
S1MI01,7.0,0.2091933511264291,linear
S1MI01,8.0,0.2091933511264291,linear
S1MI01,9.0,0.2091933511264291,linear
S1MI01,10.0,0.2091933511264291,linear
S1MI01,11.0,0.2091933511264291,linear
S1MI01,12.0,0.2091933511264291,linear
S1MI01,13.0,0.2091933511264291,linear
S1MI01,14.0,0.2091933511264291,linear
S1MI01,15.0,0.2091933511264291,linear
S1MI01,16.0,0.2091933511264291,linear
S1MI01,17.0,0.2091933511264291,linear
S1MI01,18.0,0.2091933511264291,linear
S1MI01,19.0,0.2091933511264291,linear
S1MI01,20.0,0.2091933511264291,linear
S1MI01,21.0,0.2091933511264291,linear
S1MI01,22.0,0.2091933511264291,linear
S1MI01,23.0,0.2091933511264291,linear
S1MI01,24.0,0.2091933511264291,linear
S1MI01,25.0,0.2091933511264291,linear
S1MI01,26.0,0.2091933511264291,linear
S1MI01,27.0,0.2091933511264291,linear
S1MI01,28.0,0.2091933511264291,linear
S1MI01,29.0,0.2091933511264291,linear
S1MI01,30.0,0.2091933511264291,linear
S1MI01,31.0,0.2091933511264291,linear
S1MI01,32.0,0.2091933511264291,linear
S1MI01,33.0,0.2091933511264291,linear
S1MI01,34.0,0.2091933511264291,linear
S1MI01,35.0,0.2091933511264291,linear
S1MI01,36.0,0.2091933511264291,linear
S1MI01,37.0,0.2091933511264291,linear
S1MI01,38.0,0.2091933511264291,linear
S1MI01,39.0,0.2091933511264291,linear
S1MI01,40.0,0.2091933511264291,linear
S1MI01,41.0,0.2091933511264291,linear
S1MI01,42.0,0.2091933511264291,linear
S1MI01,43.0,0.2091933511264291,linear
S1MI01,44.0,0.2091933511264291,linear
S1MI01,45.0,0.2091933511264291,linear
S1MI01,46.0,0.2091933511264291,linear
S1MI01,47.0,0.2091933511264291,linear
S1MI01,48.0,0.2091933511264291,linear
S1MI01,49.0,0.2091933511264291,linear
S1MI01,50.0,0.2091933511264291,linear
S1MI01,51.0,0.2091933511264291,linear
S1MI01,52.0,0.2091933511264291,linear
S1MI01,53.0,0.2091933511264291,linear
S1MI01,54.0,0.2091933511264291,linear
S1MI01,55.0,0.2091933511264291,linear
S1MI01,56.0,0.2091933511264291,linear
S1MI01,57.0,0.2091933511264291,linear
S1MI01,58.0,0.2091933511264291,linear
S1MI01,59.0,0.2091933511264291,linear
S1MI01,60.0,0.2091933511264291,linear
S1MI01,61.0,0.2091933511264291,linear
S1MI01,62.0,0.2091933511264291,linear
S1MI01,63.0,0.2091933511264291,linear
S1MI01,64.0,0.2091933511264291,linear
S1MI01,65.0,0.2091933511264291,linear
S1MI01,66.0,0.2091933511264291,linear
S1MI01,67.0,0.2091933511264291,linear
S1MI01,68.0,0.2091933511264291,linear
S1MI01,69.0,0.2091933511264291,linear
S1MI01,70.0,0.2091933511264291,linear
S1MI01,71.0,0.2091933511264291,linear
S1MI01,72.0,0.2091933511264291,linear
S1MI01,73.0,0.2091933511264291,linear
S1MI01,74.0,0.2091933511264291,linear
S1MI01,75.0,0.2091933511264291,linear
S1MI01,76.0,0.2091933511264291,linear
S1MI01,77.0,0.2091933511264291,linear
S1MI01,78.0,0.2091933511264291,linear
S1MI01,79.0,0.2091933511264291,linear
S1MI01,80.0,0.2091933511264291,linear
S1MI01,81.0,0.2091933511264291,linear
S1MI01,82.0,0.2091933511264291,linear
S1MI01,83.0,0.2091933511264291,linear
S1MI01,84.0,0.2091933511264291,linear
S1MI01,85.0,0.2091933511264291,linear
S1MI01,86.0,0.2091933511264291,linear
S1MI01,87.0,0.2091933511264291,linear
S1MI01,88.0,0.2091933511264291,linear
S1MI01,89.0,0.2091933511264291,linear
S1MI01,90.0,0.2091933511264291,linear
S1MI01,91.0,0.2091933511264291,linear
S1MI01,92.0,0.2091933511264291,linear
S1MI01,93.0,0.2091933511264291,linear
S1MI01,94.0,0.2091933511264291,linear
S1MI01,95.0,0.2091933511264291,linear
S1MI01,96.0,0.2091933511264291,linear
S1MI01,97.0,0.2091933511264291,linear
S1MI01,98.0,0.2091933511264291,linear
S1MI01,99.0,0.2091933511264291,linear
S1MI01,100.0,0.2091933511264291,linear
S1MI01,101.0,0.2091933511264291,linear
S1MI01,102.0,0.2091933511264291,linear
S1MI01,103.0,0.2091933511264291,linear
S1MI01,104.0,0.2091933511264291,linear
S1MI01,105.0,0.2091933511264291,linear
S1MI01,106.0,0.2091933511264291,linear
S1MI01,107.0,0.2091933511264291,linear
S1MI01,108.0,0.2091933511264291,linear
S1MI01,109.0,0.2091933511264291,linear
S1MI01,110.0,0.2091933511264291,linear
S1MI01,111.0,0.2091933511264291,linear
S1MI01,112.0,0.2091933511264291,linear
S1MI01,113.0,0.2091933511264291,linear
S1MI01,114.0,0.2091933511264291,linear
S1MI01,115.0,0.2091933511264291,linear
S1MI01,116.0,0.2091933511264291,linear
S1MI01,117.0,0.2091933511264291,linear
S1MI01,118.0,0.2091933511264291,linear
S1MI01,119.0,0.2091933511264291,linear
S1MI01,120.0,0.2091933511264291,linear
S1MI01,121.0,0.2091933511264291,linear
S1MI01,122.0,0.2091933511264291,linear
S1MI01,123.0,0.2091933511264291,linear
S1MI01,124.0,0.2091933511264291,linear
S1MI01,125.0,0.2091933511264291,linear
S1MI01,126.0,0.2091933511264291,linear
S1MI01,127.0,0.2091933511264291,linear
S1MI01,128.0,0.2091933511264291,linear
S1MI01,129.0,0.2091933511264291,linear
S1MI01,130.0,0.2091933511264291,linear
S1MI01,131.0,0.2091933511264291,linear
S1MI01,132.0,0.2091933511264291,linear
S1MI01,133.0,0.2091933511264291,linear
S1MI01,134.0,0.2091933511264291,linear
S1MI01,135.0,0.2091933511264291,linear
S1MI01,136.0,0.2091933511264291,linear
S1MI01,137.0,0.2091933511264291,linear
S1MI01,138.0,0.2091933511264291,linear
S1MI01,139.0,0.2091933511264291,linear
S1MI01,140.0,0.2091933511264291,linear
S1MI01,141.0,0.2091933511264291,linear
S1MI01,142.0,0.2091933511264291,linear
S1MI01,143.0,0.2091933511264291,linear
S1MI01,144.0,0.2091933511264291,linear
S1MI01,145.0,0.2091933511264291,linear
S1MI01,146.0,0.2091933511264291,linear
S1MI01,147.0,0.2091933511264291,linear
S1MI01,148.0,0.2091933511264291,linear
S1MI01,149.0,0.2091933511264291,linear
S1MI01,150.0,0.2091933511264291,linear
S1MI01,151.0,0.2091933511264291,linear
S1MI01,152.0,0.2091933511264291,linear
S1MI01,153.0,0.2091933511264291,linear
S1MI01,154.0,0.2091933511264291,linear
S1MI01,155.0,0.2091933511264291,linear
S1MI01,156.0,0.2091933511264291,linear
S1MI01,157.0,0.2091933511264291,linear
S1MI01,158.0,0.2091933511264291,linear
S1MI01,159.0,0.2091933511264291,linear
S1MI01,160.0,0.2091933511264291,linear
S1MI01,161.0,0.2091933511264291,linear
S1MI01,162.0,0.2091933511264291,linear
S1MI01,163.0,0.2091933511264291,linear
S1MI01,164.0,0.2091933511264291,linear
S1MI01,165.0,0.2091933511264291,linear
S1MI01,166.0,0.2091933511264291,linear
S1MI01,167.0,0.2091933511264291,linear
S1MI01,168.0,0.2091933511264291,linear
S1MI01,169.0,0.2091933511264291,linear
S1MI01,170.0,0.2091933511264291,linear
S1MI01,171.0,0.2091933511264291,linear
S1MI01,172.0,0.2091933511264291,linear
S1MI01,173.0,0.2091933511264291,linear
S1MI01,174.0,0.2091933511264291,linear
S1MI01,175.0,0.2091933511264291,linear
S1MI01,176.0,0.2091933511264291,linear
S1MI01,177.0,0.2091933511264291,linear
S1MI01,178.0,0.2091933511264291,linear
S1MI01,179.0,0.2091933511264291,linear
S1MI01,180.0,0.2091933511264291,linear
S1MI01,181.0,0.2091933511264291,linear
S1MI01,182.0,0.2091933511264291,linear
S1MI01,183.0,0.2091933511264291,linear
S1MI01,184.0,0.2091933511264291,linear
S1MI01,185.0,0.2091933511264291,linear
S1MI01,186.0,0.2091933511264291,linear
S1MI01,187.0,0.2091933511264291,linear
S1MI01,188.0,0.2091933511264291,linear
S1MI01,189.0,0.2091933511264291,linear
S1MI01,190.0,0.2091933511264291,linear
S1MI01,191.0,0.2091933511264291,linear
S1MI01,192.0,0.2091933511264291,linear
S1MI01,193.0,0.2091933511264291,linear
S1MI01,194.0,0.2091933511264291,linear
S1MI01,195.0,0.2091933511264291,linear
S1MI01,196.0,0.2091933511264291,linear
S1MI01,197.0,0.2091933511264291,linear
S1MI01,198.0,0.2091933511264291,linear
S1MI01,199.0,0.2091933511264291,linear
S1MI01,200.0,0.2091933511264291,linear
S1MI01,201.0,0.2091933511264291,linear
S1MI01,202.0,0.2091933511264291,linear
S1MI01,203.0,0.2091933511264291,linear
S1MI01,204.0,0.2091933511264291,linear
S1MI01,205.0,0.2091933511264291,linear
S1MI01,206.0,0.2091933511264291,linear
S1MI01,207.0,0.2091933511264291,linear
S1MI01,208.0,0.2091933511264291,linear
S1MI01,209.0,0.2091933511264291,linear
S1MI01,210.0,0.2091933511264291,linear
S1MI01,211.0,0.2091933511264291,linear
S1MI01,212.0,0.2091933511264291,linear
S1MI01,213.0,0.2091933511264291,linear
S1MI01,214.0,0.2091933511264291,linear
S1MI01,215.0,0.2091933511264291,linear
S1MI01,216.0,0.2091933511264291,linear
S1MI01,217.0,0.2091933511264291,linear
S1MI01,218.0,0.2091933511264291,linear
S1MI01,219.0,0.2091933511264291,linear
S1MI01,220.0,0.2091933511264291,linear
S1MI01,221.0,0.2091933511264291,linear
S1MI01,222.0,0.2091933511264291,linear
S1MI01,223.0,0.2091933511264291,linear
S1MI01,224.0,0.2091933511264291,linear
S1MI01,225.0,0.2091933511264291,linear
S1MI01,226.0,0.2091933511264291,linear
S1MI01,227.0,0.2091933511264291,linear
S1MI01,228.0,0.2091933511264291,linear
S1MI01,229.0,0.2091933511264291,linear
S1MI01,230.0,0.2091933511264291,linear
S1MI01,231.0,0.2091933511264291,linear
S1MI01,232.0,0.2091933511264291,linear
S1MI01,233.0,0.2091933511264291,linear
S1MI01,234.0,0.2091933511264291,linear
S1MI01,235.0,0.2091933511264291,linear
S1MI01,236.0,0.2091933511264291,linear
S1MI01,237.0,0.2091933511264291,linear
S1MI01,238.0,0.2091933511264291,linear
S1MI01,239.0,0.2091933511264291,linear
S1MI01,240.0,0.2091933511264291,linear
S1MI01,241.0,0.2091933511264291,linear
S1MI01,242.0,0.2091933511264291,linear
S1MI01,243.0,0.2091933511264291,linear
S1MI01,244.0,0.2091933511264291,linear
S1MI01,245.0,0.2091933511264291,linear
S1MI01,246.0,0.2091933511264291,linear
S1MI01,247.0,0.2091933511264291,linear
S1MI01,248.0,0.2091933511264291,linear
S1MI01,249.0,0.2091933511264291,linear
S1MI01,250.0,0.2091933511264291,linear
S1MI01,251.0,0.2091933511264291,linear
S1MI01,252.0,0.2091933511264291,linear
S1MI01,253.0,0.2091933511264291,linear
S1MI01,254.0,0.2091933511264291,linear
S1MI01,255.0,0.2091933511264291,linear
S1MI01,256.0,0.2091933511264291,linear
S1MI01,257.0,0.2091933511264291,linear
S1MI01,258.0,0.2091933511264291,linear
S1MI01,259.0,0.2091933511264292,linear
S1MI01,260.0,0.2091933511264292,linear
S1MI01,261.0,0.2091933511264292,linear
S1MI01,262.0,0.2091933511264292,linear
S1MI01,263.0,0.2091933511264292,linear
S1MI01,264.0,0.2091933511264292,linear
S1MI01,265.0,0.2091933511264292,linear
S1MI01,266.0,0.2091933511264292,linear
S1MI01,267.0,0.2091933511264292,linear
S1MI01,268.0,0.2091933511264292,linear
S1MI01,269.0,0.2091933511264292,linear
S1MI01,270.0,0.2091933511264292,linear
S1MI01,271.0,0.2091933511264292,linear
S1MI01,272.0,0.2091933511264292,linear
S1MI01,273.0,0.2091933511264292,linear
S1MI01,274.0,0.2091933511264292,linear
S1MI01,275.0,0.2091933511264292,linear
S1MI01,276.0,0.2091933511264292,linear
S1MI01,277.0,0.2091933511264292,linear
S1MI01,278.0,0.2091933511264292,linear
S1MI01,279.0,0.2091933511264292,linear
S1MI01,280.0,0.2091933511264292,linear
S1MI01,281.0,0.2091933511264292,linear
S1MI01,282.0,0.2091933511264292,linear
S1MI01,283.0,0.2091933511264292,linear
S1MI01,284.0,0.2091933511264292,linear
S1MI01,285.0,0.2091933511264292,linear
S1MI01,286.0,0.2091933511264292,linear
S1MI01,287.0,0.2091933511264292,linear
S1MI01,288.0,0.2091933511264292,linear
S1MI01,289.0,0.2091933511264292,linear
S1MI01,290.0,0.2091933511264292,linear
S1MI01,291.0,0.2091933511264292,linear
S1MI01,292.0,0.2091933511264292,linear
S1MI01,293.0,0.2091933511264292,linear
S1MI01,294.0,0.2091933511264292,linear
S1MI01,295.0,0.2091933511264292,linear
S1MI01,296.0,0.2091933511264292,linear
S1MI01,297.0,0.2091933511264292,linear
S1MI01,298.0,0.2091933511264292,linear
S1MI01,299.0,0.2091933511264292,linear
S1MI01,300.0,0.2091933511264292,linear
S1MI01,301.0,0.2091933511264292,linear
S1MI01,302.0,0.2091933511264292,linear
S1MI01,303.0,0.2091933511264292,linear
S1MI01,304.0,0.2091933511264292,linear
S1MI01,305.0,0.2091933511264292,linear
S1MI01,306.0,0.2091933511264292,linear
S1MI01,307.0,0.2091933511264292,linear
S1MI01,308.0,0.2091933511264292,linear
S1MI01,309.0,0.2091933511264292,linear
S1MI01,310.0,0.2091933511264292,linear
S1MI01,311.0,0.2091933511264292,linear
S1MI01,312.0,0.2091933511264292,linear
S1MI01,313.0,0.2091933511264292,linear
S1MI01,314.0,0.2091933511264292,linear
S1MI01,315.0,0.2091933511264292,linear
S1MI01,316.0,0.2091933511264292,linear
S1MI01,317.0,0.2091933511264292,linear
S1MI01,318.0,0.2091933511264292,linear
S1MI01,319.0,0.2091933511264292,linear
S1MI01,320.0,0.2091933511264292,linear
S1MI01,321.0,0.2091933511264292,linear
S1MI01,322.0,0.2091933511264292,linear
S1MI01,323.0,0.2091933511264292,linear
S1MI01,324.0,0.2091933511264292,linear
S1MI01,325.0,0.2091933511264292,linear
S1MI01,326.0,0.2091933511264292,linear
S1MI01,327.0,0.2091933511264292,linear
S1MI01,328.0,0.2091933511264292,linear
S1MI01,329.0,0.2091933511264292,linear
S1MI01,330.0,0.2091933511264292,linear
S1MI01,331.0,0.2091933511264292,linear
S1MI01,332.0,0.2091933511264292,linear
S1MI01,333.0,0.2091933511264292,linear
S1MI01,334.0,0.2091933511264292,linear
S1MI01,335.0,0.2091933511264292,linear
S1MI01,336.0,0.2091933511264292,linear
S1MI01,337.0,0.2091933511264292,linear
S1MI01,338.0,0.2091933511264292,linear
S1MI01,339.0,0.2091933511264292,linear
S1MI01,340.0,0.2091933511264292,linear
S1MI01,341.0,0.2091933511264292,linear
S1MI01,342.0,0.2091933511264292,linear
S1MI01,343.0,0.2091933511264292,linear
S1MI01,344.0,0.2091933511264292,linear
S1MI01,345.0,0.2091933511264292,linear
S1MI01,346.0,0.2091933511264292,linear
S1MI01,347.0,0.2091933511264292,linear
S1MI01,348.0,0.2091933511264292,linear
S1MI01,349.0,0.2091933511264292,linear
S1MI01,350.0,0.2091933511264292,linear
S1MI01,351.0,0.2091933511264292,linear
S1MI01,352.0,0.2091933511264292,linear
S1MI01,353.0,0.2091933511264292,linear
S1MI01,354.0,0.2091933511264292,linear
S1MI01,355.0,0.2091933511264292,linear
S1MI01,356.0,0.2091933511264292,linear
S1MI01,357.0,0.2091933511264292,linear
S1MI01,358.0,0.2091933511264292,linear
S1MI01,359.0,0.2091933511264292,linear
S1MI01,360.0,0.2091933511264292,linear
S1MI01,361.0,0.2091933511264292,linear
S1MI01,362.0,0.2091933511264292,linear
S1MI01,363.0,0.2091933511264292,linear
S1MI01,364.0,0.2091933511264292,linear
S1MI01,365.0,0.2091933511264292,linear
S1MI02,0.0,0.2066374854231177,linear
S1MI02,1.0,0.2066374854231177,linear
S1MI02,2.0,0.2066374854231177,linear
S1MI02,3.0,0.2066374854231177,linear
S1MI02,4.0,0.2066374854231177,linear
S1MI02,5.0,0.2066374854231177,linear
S1MI02,6.0,0.2066374854231177,linear
S1MI02,7.0,0.2066374854231177,linear
S1MI02,8.0,0.2066374854231177,linear
S1MI02,9.0,0.2066374854231177,linear
S1MI02,10.0,0.2066374854231177,linear
S1MI02,11.0,0.2066374854231177,linear
S1MI02,12.0,0.2066374854231177,linear
S1MI02,13.0,0.2066374854231177,linear
S1MI02,14.0,0.2066374854231177,linear
S1MI02,15.0,0.2066374854231177,linear
S1MI02,16.0,0.2066374854231177,linear
S1MI02,17.0,0.2066374854231177,linear
S1MI02,18.0,0.2066374854231177,linear
S1MI02,19.0,0.2066374854231177,linear
S1MI02,20.0,0.2066374854231177,linear
S1MI02,21.0,0.2066374854231177,linear
S1MI02,22.0,0.2066374854231177,linear
S1MI02,23.0,0.2066374854231177,linear
S1MI02,24.0,0.2066374854231177,linear
S1MI02,25.0,0.2066374854231177,linear
S1MI02,26.0,0.2066374854231177,linear
S1MI02,27.0,0.2066374854231177,linear
S1MI02,28.0,0.2066374854231177,linear
S1MI02,29.0,0.2066374854231177,linear
S1MI02,30.0,0.2066374854231177,linear
S1MI02,31.0,0.2066374854231177,linear
S1MI02,32.0,0.2066374854231177,linear
S1MI02,33.0,0.2066374854231177,linear
S1MI02,34.0,0.2066374854231177,linear
S1MI02,35.0,0.2066374854231177,linear
S1MI02,36.0,0.2066374854231177,linear
S1MI02,37.0,0.2066374854231177,linear
S1MI02,38.0,0.2066374854231177,linear
S1MI02,39.0,0.2066374854231177,linear
S1MI02,40.0,0.2066374854231177,linear
S1MI02,41.0,0.2066374854231177,linear
S1MI02,42.0,0.2066374854231177,linear
S1MI02,43.0,0.2066374854231177,linear
S1MI02,44.0,0.2066374854231177,linear
S1MI02,45.0,0.2066374854231177,linear
S1MI02,46.0,0.2066374854231177,linear
S1MI02,47.0,0.2066374854231177,linear
S1MI02,48.0,0.2066374854231177,linear
S1MI02,49.0,0.2066374854231177,linear
S1MI02,50.0,0.2066374854231177,linear
S1MI02,51.0,0.2066374854231177,linear
S1MI02,52.0,0.2066374854231177,linear
S1MI02,53.0,0.2066374854231177,linear
S1MI02,54.0,0.2066374854231177,linear
S1MI02,55.0,0.2066374854231177,linear
S1MI02,56.0,0.2066374854231177,linear
S1MI02,57.0,0.2066374854231177,linear
S1MI02,58.0,0.2066374854231177,linear
S1MI02,59.0,0.2066374854231177,linear
S1MI02,60.0,0.2066374854231177,linear
S1MI02,61.0,0.2066374854231177,linear
S1MI02,62.0,0.2066374854231177,linear
S1MI02,63.0,0.2066374854231177,linear
S1MI02,64.0,0.2066374854231177,linear
S1MI02,65.0,0.2066374854231177,linear
S1MI02,66.0,0.2066374854231178,linear
S1MI02,67.0,0.2066374854231178,linear
S1MI02,68.0,0.2066374854231178,linear
S1MI02,69.0,0.2066374854231178,linear
S1MI02,70.0,0.2066374854231178,linear
S1MI02,71.0,0.2066374854231178,linear
S1MI02,72.0,0.2066374854231178,linear
S1MI02,73.0,0.2066374854231178,linear
S1MI02,74.0,0.2066374854231178,linear
S1MI02,75.0,0.2066374854231178,linear
S1MI02,76.0,0.2066374854231178,linear
S1MI02,77.0,0.2066374854231178,linear
S1MI02,78.0,0.2066374854231178,linear
S1MI02,79.0,0.2066374854231178,linear
S1MI02,80.0,0.2066374854231178,linear
S1MI02,81.0,0.2066374854231178,linear
S1MI02,82.0,0.2066374854231178,linear
S1MI02,83.0,0.2066374854231178,linear
S1MI02,84.0,0.2066374854231178,linear
S1MI02,85.0,0.2066374854231178,linear
S1MI02,86.0,0.2066374854231178,linear
S1MI02,87.0,0.2066374854231178,linear
S1MI02,88.0,0.2066374854231178,linear
S1MI02,89.0,0.2066374854231178,linear
S1MI02,90.0,0.2066374854231178,linear
S1MI02,91.0,0.2066374854231178,linear
S1MI02,92.0,0.2066374854231178,linear
S1MI02,93.0,0.2066374854231178,linear
S1MI02,94.0,0.2066374854231178,linear
S1MI02,95.0,0.2066374854231178,linear
S1MI02,96.0,0.2066374854231178,linear
S1MI02,97.0,0.2066374854231178,linear
S1MI02,98.0,0.2066374854231178,linear
S1MI02,99.0,0.2066374854231178,linear
S1MI02,100.0,0.2066374854231178,linear
S1MI02,101.0,0.2066374854231178,linear
S1MI02,102.0,0.2066374854231178,linear
S1MI02,103.0,0.2066374854231178,linear
S1MI02,104.0,0.2066374854231178,linear
S1MI02,105.0,0.2066374854231178,linear
S1MI02,106.0,0.2066374854231178,linear
S1MI02,107.0,0.2066374854231178,linear
S1MI02,108.0,0.2066374854231178,linear
S1MI02,109.0,0.2066374854231178,linear
S1MI02,110.0,0.2066374854231178,linear
S1MI02,111.0,0.2066374854231178,linear
S1MI02,112.0,0.2066374854231178,linear
S1MI02,113.0,0.2066374854231178,linear
S1MI02,114.0,0.2066374854231178,linear
S1MI02,115.0,0.2066374854231178,linear
S1MI02,116.0,0.2066374854231178,linear
S1MI02,117.0,0.2066374854231178,linear
S1MI02,118.0,0.2066374854231178,linear
S1MI02,119.0,0.2066374854231178,linear
S1MI02,120.0,0.2066374854231178,linear
S1MI02,121.0,0.2066374854231178,linear
S1MI02,122.0,0.2066374854231178,linear
S1MI02,123.0,0.2066374854231178,linear
S1MI02,124.0,0.2066374854231178,linear
S1MI02,125.0,0.2066374854231178,linear
S1MI02,126.0,0.2066374854231178,linear
S1MI02,127.0,0.2066374854231178,linear
S1MI02,128.0,0.2066374854231178,linear
S1MI02,129.0,0.2066374854231178,linear
S1MI02,130.0,0.2066374854231178,linear
S1MI02,131.0,0.2066374854231178,linear
S1MI02,132.0,0.2066374854231178,linear
S1MI02,133.0,0.2066374854231178,linear
S1MI02,134.0,0.2066374854231178,linear
S1MI02,135.0,0.2066374854231178,linear
S1MI02,136.0,0.2066374854231178,linear
S1MI02,137.0,0.2066374854231178,linear
S1MI02,138.0,0.2066374854231178,linear
S1MI02,139.0,0.2066374854231178,linear
S1MI02,140.0,0.2066374854231178,linear
S1MI02,141.0,0.2066374854231178,linear
S1MI02,142.0,0.2066374854231178,linear
S1MI02,143.0,0.2066374854231178,linear
S1MI02,144.0,0.2066374854231178,linear
S1MI02,145.0,0.2066374854231178,linear
S1MI02,146.0,0.2066374854231178,linear
S1MI02,147.0,0.2066374854231178,linear
S1MI02,148.0,0.2066374854231178,linear
S1MI02,149.0,0.2066374854231178,linear
S1MI02,150.0,0.2066374854231178,linear
S1MI02,151.0,0.2066374854231178,linear
S1MI02,152.0,0.2066374854231178,linear
S1MI02,153.0,0.2066374854231178,linear
S1MI02,154.0,0.2066374854231178,linear
S1MI02,155.0,0.2066374854231178,linear
S1MI02,156.0,0.2066374854231178,linear
S1MI02,157.0,0.2066374854231178,linear
S1MI02,158.0,0.2066374854231178,linear
S1MI02,159.0,0.2066374854231178,linear
S1MI02,160.0,0.2066374854231178,linear
S1MI02,161.0,0.2066374854231178,linear
S1MI02,162.0,0.2066374854231178,linear
S1MI02,163.0,0.2066374854231178,linear
S1MI02,164.0,0.2066374854231178,linear
S1MI02,165.0,0.2066374854231178,linear
S1MI02,166.0,0.2066374854231178,linear
S1MI02,167.0,0.2066374854231178,linear
S1MI02,168.0,0.2066374854231178,linear
S1MI02,169.0,0.2066374854231178,linear
S1MI02,170.0,0.2066374854231178,linear
S1MI02,171.0,0.2066374854231178,linear
S1MI02,172.0,0.2066374854231178,linear
S1MI02,173.0,0.2066374854231178,linear
S1MI02,174.0,0.2066374854231178,linear
S1MI02,175.0,0.2066374854231178,linear
S1MI02,176.0,0.2066374854231178,linear
S1MI02,177.0,0.2066374854231178,linear
S1MI02,178.0,0.2066374854231178,linear
S1MI02,179.0,0.2066374854231178,linear
S1MI02,180.0,0.2066374854231178,linear
S1MI02,181.0,0.2066374854231178,linear
S1MI02,182.0,0.2066374854231178,linear
S1MI02,183.0,0.2066374854231178,linear
S1MI02,184.0,0.2066374854231178,linear
S1MI02,185.0,0.2066374854231178,linear
S1MI02,186.0,0.2066374854231178,linear
S1MI02,187.0,0.2066374854231178,linear
S1MI02,188.0,0.2066374854231178,linear
S1MI02,189.0,0.2066374854231178,linear
S1MI02,190.0,0.2066374854231178,linear
S1MI02,191.0,0.2066374854231178,linear
S1MI02,192.0,0.2066374854231178,linear
S1MI02,193.0,0.2066374854231178,linear
S1MI02,194.0,0.2066374854231178,linear
S1MI02,195.0,0.2066374854231178,linear
S1MI02,196.0,0.2066374854231178,linear
S1MI02,197.0,0.2066374854231178,linear
S1MI02,198.0,0.2066374854231178,linear
S1MI02,199.0,0.2066374854231178,linear
S1MI02,200.0,0.2066374854231178,linear
S1MI02,201.0,0.2066374854231178,linear
S1MI02,202.0,0.2066374854231178,linear
S1MI02,203.0,0.2066374854231178,linear
S1MI02,204.0,0.2066374854231178,linear
S1MI02,205.0,0.2066374854231178,linear
S1MI02,206.0,0.2066374854231178,linear
S1MI02,207.0,0.2066374854231178,linear
S1MI02,208.0,0.2066374854231178,linear
S1MI02,209.0,0.2066374854231178,linear
S1MI02,210.0,0.2066374854231178,linear
S1MI02,211.0,0.2066374854231178,linear
S1MI02,212.0,0.2066374854231178,linear
S1MI02,213.0,0.2066374854231178,linear
S1MI02,214.0,0.2066374854231178,linear
S1MI02,215.0,0.2066374854231178,linear
S1MI02,216.0,0.2066374854231178,linear
S1MI02,217.0,0.2066374854231178,linear
S1MI02,218.0,0.2066374854231178,linear
S1MI02,219.0,0.2066374854231178,linear
S1MI02,220.0,0.2066374854231178,linear
S1MI02,221.0,0.2066374854231178,linear
S1MI02,222.0,0.2066374854231178,linear
S1MI02,223.0,0.2066374854231178,linear
S1MI02,224.0,0.2066374854231178,linear
S1MI02,225.0,0.2066374854231178,linear
S1MI02,226.0,0.2066374854231178,linear
S1MI02,227.0,0.2066374854231178,linear
S1MI02,228.0,0.2066374854231178,linear
S1MI02,229.0,0.2066374854231178,linear
S1MI02,230.0,0.2066374854231178,linear
S1MI02,231.0,0.2066374854231178,linear
S1MI02,232.0,0.2066374854231178,linear
S1MI02,233.0,0.2066374854231178,linear
S1MI02,234.0,0.2066374854231178,linear
S1MI02,235.0,0.2066374854231178,linear
S1MI02,236.0,0.2066374854231178,linear
S1MI02,237.0,0.2066374854231178,linear
S1MI02,238.0,0.2066374854231178,linear
S1MI02,239.0,0.2066374854231178,linear
S1MI02,240.0,0.2066374854231179,linear
S1MI02,241.0,0.2066374854231179,linear
S1MI02,242.0,0.2066374854231179,linear
S1MI02,243.0,0.2066374854231179,linear
S1MI02,244.0,0.2066374854231179,linear
S1MI02,245.0,0.2066374854231179,linear
S1MI02,246.0,0.2066374854231179,linear
S1MI02,247.0,0.2066374854231179,linear
S1MI02,248.0,0.2066374854231179,linear
S1MI02,249.0,0.2066374854231179,linear
S1MI02,250.0,0.2066374854231179,linear
S1MI02,251.0,0.2066374854231179,linear
S1MI02,252.0,0.2066374854231179,linear
S1MI02,253.0,0.2066374854231179,linear
S1MI02,254.0,0.2066374854231179,linear
S1MI02,255.0,0.2066374854231179,linear
S1MI02,256.0,0.2066374854231179,linear
S1MI02,257.0,0.2066374854231179,linear
S1MI02,258.0,0.2066374854231179,linear
S1MI02,259.0,0.2066374854231179,linear
S1MI02,260.0,0.2066374854231179,linear
S1MI02,261.0,0.2066374854231179,linear
S1MI02,262.0,0.2066374854231179,linear
S1MI02,263.0,0.2066374854231179,linear
S1MI02,264.0,0.2066374854231179,linear
S1MI02,265.0,0.2066374854231179,linear
S1MI02,266.0,0.2066374854231179,linear
S1MI02,267.0,0.2066374854231179,linear
S1MI02,268.0,0.2066374854231179,linear
S1MI02,269.0,0.2066374854231179,linear
S1MI02,270.0,0.2066374854231179,linear
S1MI02,271.0,0.2066374854231179,linear
S1MI02,272.0,0.2066374854231179,linear
S1MI02,273.0,0.2066374854231179,linear
S1MI02,274.0,0.2066374854231179,linear
S1MI02,275.0,0.2066374854231179,linear
S1MI02,276.0,0.2066374854231179,linear
S1MI02,277.0,0.2066374854231179,linear
S1MI02,278.0,0.2066374854231179,linear
S1MI02,279.0,0.2066374854231179,linear
S1MI02,280.0,0.2066374854231179,linear
S1MI02,281.0,0.2066374854231179,linear
S1MI02,282.0,0.2066374854231179,linear
S1MI02,283.0,0.2066374854231179,linear
S1MI02,284.0,0.2066374854231179,linear
S1MI02,285.0,0.2066374854231179,linear
S1MI02,286.0,0.2066374854231179,linear
S1MI02,287.0,0.2066374854231179,linear
S1MI02,288.0,0.2066374854231179,linear
S1MI02,289.0,0.2066374854231179,linear
S1MI02,290.0,0.2066374854231179,linear
S1MI02,291.0,0.2066374854231179,linear
S1MI02,292.0,0.2066374854231179,linear
S1MI02,293.0,0.2066374854231179,linear
S1MI02,294.0,0.2066374854231179,linear
S1MI02,295.0,0.2066374854231179,linear
S1MI02,296.0,0.2066374854231179,linear
S1MI02,297.0,0.2066374854231179,linear
S1MI02,298.0,0.2066374854231179,linear
S1MI02,299.0,0.2066374854231179,linear
S1MI02,300.0,0.2066374854231179,linear
S1MI02,301.0,0.2066374854231179,linear
S1MI02,302.0,0.2066374854231179,linear
S1MI02,303.0,0.2066374854231179,linear
S1MI02,304.0,0.2066374854231179,linear
S1MI02,305.0,0.2066374854231179,linear
S1MI02,306.0,0.2066374854231179,linear
S1MI02,307.0,0.2066374854231179,linear
S1MI02,308.0,0.2066374854231179,linear
S1MI02,309.0,0.2066374854231179,linear
S1MI02,310.0,0.2066374854231179,linear
S1MI02,311.0,0.2066374854231179,linear
S1MI02,312.0,0.2066374854231179,linear
S1MI02,313.0,0.2066374854231179,linear
S1MI02,314.0,0.2066374854231179,linear
S1MI02,315.0,0.2066374854231179,linear
S1MI02,316.0,0.2066374854231179,linear
S1MI02,317.0,0.2066374854231179,linear
S1MI02,318.0,0.2066374854231179,linear
S1MI02,319.0,0.2066374854231179,linear
S1MI02,320.0,0.2066374854231179,linear
S1MI02,321.0,0.2066374854231179,linear
S1MI02,322.0,0.2066374854231179,linear
S1MI02,323.0,0.2066374854231179,linear
S1MI02,324.0,0.2066374854231179,linear
S1MI02,325.0,0.2066374854231179,linear
S1MI02,326.0,0.2066374854231179,linear
S1MI02,327.0,0.2066374854231179,linear
S1MI02,328.0,0.2066374854231179,linear
S1MI02,329.0,0.2066374854231179,linear
S1MI02,330.0,0.2066374854231179,linear
S1MI02,331.0,0.2066374854231179,linear
S1MI02,332.0,0.2066374854231179,linear
S1MI02,333.0,0.2066374854231179,linear
S1MI02,334.0,0.2066374854231179,linear
S1MI02,335.0,0.2066374854231179,linear
S1MI02,336.0,0.2066374854231179,linear
S1MI02,337.0,0.2066374854231179,linear
S1MI02,338.0,0.2066374854231179,linear
S1MI02,339.0,0.2066374854231179,linear
S1MI02,340.0,0.2066374854231179,linear
S1MI02,341.0,0.2066374854231179,linear
S1MI02,342.0,0.2066374854231179,linear
S1MI02,343.0,0.2066374854231179,linear
S1MI02,344.0,0.2066374854231179,linear
S1MI02,345.0,0.2066374854231179,linear
S1MI02,346.0,0.2066374854231179,linear
S1MI02,347.0,0.2066374854231179,linear
S1MI02,348.0,0.2066374854231179,linear
S1MI02,349.0,0.2066374854231179,linear
S1MI02,350.0,0.2066374854231179,linear
S1MI02,351.0,0.2066374854231179,linear
S1MI02,352.0,0.2066374854231179,linear
S1MI02,353.0,0.2066374854231179,linear
S1MI02,354.0,0.2066374854231179,linear
S1MI02,355.0,0.2066374854231179,linear
S1MI02,356.0,0.2066374854231179,linear
S1MI02,357.0,0.2066374854231179,linear
S1MI02,358.0,0.2066374854231179,linear
S1MI02,359.0,0.2066374854231179,linear
S1MI02,360.0,0.2066374854231179,linear
S1MI02,361.0,0.2066374854231179,linear
S1MI02,362.0,0.2066374854231179,linear
S1MI02,363.0,0.2066374854231179,linear
S1MI02,364.0,0.2066374854231179,linear
S1MI02,365.0,0.2066374854231179,linear
S1MI03,0.0,0.2053293586708569,linear
S1MI03,1.0,0.2053293586708569,linear
S1MI03,2.0,0.2053293586708569,linear
S1MI03,3.0,0.2053293586708569,linear
S1MI03,4.0,0.2053293586708569,linear
S1MI03,5.0,0.2053293586708569,linear
S1MI03,6.0,0.2053293586708569,linear
S1MI03,7.0,0.2053293586708569,linear
S1MI03,8.0,0.2053293586708569,linear
S1MI03,9.0,0.2053293586708569,linear
S1MI03,10.0,0.2053293586708569,linear
S1MI03,11.0,0.2053293586708569,linear
S1MI03,12.0,0.2053293586708569,linear
S1MI03,13.0,0.2053293586708569,linear
S1MI03,14.0,0.2053293586708569,linear
S1MI03,15.0,0.2053293586708569,linear
S1MI03,16.0,0.2053293586708569,linear
S1MI03,17.0,0.2053293586708569,linear
S1MI03,18.0,0.2053293586708569,linear
S1MI03,19.0,0.2053293586708569,linear
S1MI03,20.0,0.2053293586708569,linear
S1MI03,21.0,0.2053293586708569,linear
S1MI03,22.0,0.2053293586708569,linear
S1MI03,23.0,0.2053293586708569,linear
S1MI03,24.0,0.2053293586708569,linear
S1MI03,25.0,0.2053293586708569,linear
S1MI03,26.0,0.2053293586708569,linear
S1MI03,27.0,0.2053293586708569,linear
S1MI03,28.0,0.2053293586708569,linear
S1MI03,29.0,0.2053293586708569,linear
S1MI03,30.0,0.2053293586708569,linear
S1MI03,31.0,0.2053293586708569,linear
S1MI03,32.0,0.2053293586708569,linear
S1MI03,33.0,0.2053293586708569,linear
S1MI03,34.0,0.2053293586708569,linear
S1MI03,35.0,0.2053293586708569,linear
S1MI03,36.0,0.2053293586708569,linear
S1MI03,37.0,0.2053293586708569,linear
S1MI03,38.0,0.2053293586708569,linear
S1MI03,39.0,0.2053293586708569,linear
S1MI03,40.0,0.2053293586708569,linear
S1MI03,41.0,0.2053293586708569,linear
S1MI03,42.0,0.205329358670857,linear
S1MI03,43.0,0.205329358670857,linear
S1MI03,44.0,0.205329358670857,linear
S1MI03,45.0,0.205329358670857,linear
S1MI03,46.0,0.205329358670857,linear
S1MI03,47.0,0.205329358670857,linear
S1MI03,48.0,0.205329358670857,linear
S1MI03,49.0,0.205329358670857,linear
S1MI03,50.0,0.205329358670857,linear
S1MI03,51.0,0.205329358670857,linear
S1MI03,52.0,0.205329358670857,linear
S1MI03,53.0,0.205329358670857,linear
S1MI03,54.0,0.205329358670857,linear
S1MI03,55.0,0.205329358670857,linear
S1MI03,56.0,0.205329358670857,linear
S1MI03,57.0,0.205329358670857,linear
S1MI03,58.0,0.205329358670857,linear
S1MI03,59.0,0.205329358670857,linear
S1MI03,60.0,0.205329358670857,linear
S1MI03,61.0,0.205329358670857,linear
S1MI03,62.0,0.205329358670857,linear
S1MI03,63.0,0.205329358670857,linear
S1MI03,64.0,0.205329358670857,linear
S1MI03,65.0,0.205329358670857,linear
S1MI03,66.0,0.205329358670857,linear
S1MI03,67.0,0.205329358670857,linear
S1MI03,68.0,0.205329358670857,linear
S1MI03,69.0,0.205329358670857,linear
S1MI03,70.0,0.205329358670857,linear
S1MI03,71.0,0.205329358670857,linear
S1MI03,72.0,0.205329358670857,linear
S1MI03,73.0,0.205329358670857,linear
S1MI03,74.0,0.205329358670857,linear
S1MI03,75.0,0.205329358670857,linear
S1MI03,76.0,0.205329358670857,linear
S1MI03,77.0,0.205329358670857,linear
S1MI03,78.0,0.205329358670857,linear
S1MI03,79.0,0.205329358670857,linear
S1MI03,80.0,0.205329358670857,linear
S1MI03,81.0,0.205329358670857,linear
S1MI03,82.0,0.205329358670857,linear
S1MI03,83.0,0.205329358670857,linear
S1MI03,84.0,0.205329358670857,linear
S1MI03,85.0,0.205329358670857,linear
S1MI03,86.0,0.205329358670857,linear
S1MI03,87.0,0.205329358670857,linear
S1MI03,88.0,0.205329358670857,linear
S1MI03,89.0,0.205329358670857,linear
S1MI03,90.0,0.205329358670857,linear
S1MI03,91.0,0.205329358670857,linear
S1MI03,92.0,0.205329358670857,linear
S1MI03,93.0,0.205329358670857,linear
S1MI03,94.0,0.205329358670857,linear
S1MI03,95.0,0.205329358670857,linear
S1MI03,96.0,0.205329358670857,linear
S1MI03,97.0,0.205329358670857,linear
S1MI03,98.0,0.205329358670857,linear
S1MI03,99.0,0.205329358670857,linear
S1MI03,100.0,0.205329358670857,linear
S1MI03,101.0,0.205329358670857,linear
S1MI03,102.0,0.205329358670857,linear
S1MI03,103.0,0.205329358670857,linear
S1MI03,104.0,0.205329358670857,linear
S1MI03,105.0,0.205329358670857,linear
S1MI03,106.0,0.205329358670857,linear
S1MI03,107.0,0.205329358670857,linear
S1MI03,108.0,0.205329358670857,linear
S1MI03,109.0,0.205329358670857,linear
S1MI03,110.0,0.205329358670857,linear
S1MI03,111.0,0.205329358670857,linear
S1MI03,112.0,0.205329358670857,linear
S1MI03,113.0,0.205329358670857,linear
S1MI03,114.0,0.205329358670857,linear
S1MI03,115.0,0.205329358670857,linear
S1MI03,116.0,0.205329358670857,linear
S1MI03,117.0,0.205329358670857,linear
S1MI03,118.0,0.205329358670857,linear
S1MI03,119.0,0.205329358670857,linear
S1MI03,120.0,0.205329358670857,linear
S1MI03,121.0,0.205329358670857,linear
S1MI03,122.0,0.205329358670857,linear
S1MI03,123.0,0.205329358670857,linear
S1MI03,124.0,0.205329358670857,linear
S1MI03,125.0,0.205329358670857,linear
S1MI03,126.0,0.205329358670857,linear
S1MI03,127.0,0.205329358670857,linear
S1MI03,128.0,0.205329358670857,linear
S1MI03,129.0,0.205329358670857,linear
S1MI03,130.0,0.205329358670857,linear
S1MI03,131.0,0.205329358670857,linear
S1MI03,132.0,0.205329358670857,linear
S1MI03,133.0,0.205329358670857,linear
S1MI03,134.0,0.205329358670857,linear
S1MI03,135.0,0.205329358670857,linear
S1MI03,136.0,0.205329358670857,linear
S1MI03,137.0,0.205329358670857,linear
S1MI03,138.0,0.205329358670857,linear
S1MI03,139.0,0.205329358670857,linear
S1MI03,140.0,0.205329358670857,linear
S1MI03,141.0,0.205329358670857,linear
S1MI03,142.0,0.205329358670857,linear
S1MI03,143.0,0.205329358670857,linear
S1MI03,144.0,0.205329358670857,linear
S1MI03,145.0,0.205329358670857,linear
S1MI03,146.0,0.205329358670857,linear
S1MI03,147.0,0.205329358670857,linear
S1MI03,148.0,0.205329358670857,linear
S1MI03,149.0,0.205329358670857,linear
S1MI03,150.0,0.205329358670857,linear
S1MI03,151.0,0.205329358670857,linear
S1MI03,152.0,0.205329358670857,linear
S1MI03,153.0,0.205329358670857,linear
S1MI03,154.0,0.2053293586708571,linear
S1MI03,155.0,0.2053293586708571,linear
S1MI03,156.0,0.2053293586708571,linear
S1MI03,157.0,0.2053293586708571,linear
S1MI03,158.0,0.2053293586708571,linear
S1MI03,159.0,0.2053293586708571,linear
S1MI03,160.0,0.2053293586708571,linear
S1MI03,161.0,0.2053293586708571,linear
S1MI03,162.0,0.2053293586708571,linear
S1MI03,163.0,0.2053293586708571,linear
S1MI03,164.0,0.2053293586708571,linear
S1MI03,165.0,0.2053293586708571,linear
S1MI03,166.0,0.2053293586708571,linear
S1MI03,167.0,0.2053293586708571,linear
S1MI03,168.0,0.2053293586708571,linear
S1MI03,169.0,0.2053293586708571,linear
S1MI03,170.0,0.2053293586708571,linear
S1MI03,171.0,0.2053293586708571,linear
S1MI03,172.0,0.2053293586708571,linear
S1MI03,173.0,0.2053293586708571,linear
S1MI03,174.0,0.2053293586708571,linear
S1MI03,175.0,0.2053293586708571,linear
S1MI03,176.0,0.2053293586708571,linear
S1MI03,177.0,0.2053293586708571,linear
S1MI03,178.0,0.2053293586708571,linear
S1MI03,179.0,0.2053293586708571,linear
S1MI03,180.0,0.2053293586708571,linear
S1MI03,181.0,0.2053293586708571,linear
S1MI03,182.0,0.2053293586708571,linear
S1MI03,183.0,0.2053293586708571,linear
S1MI03,184.0,0.2053293586708571,linear
S1MI03,185.0,0.2053293586708571,linear
S1MI03,186.0,0.2053293586708571,linear
S1MI03,187.0,0.2053293586708571,linear
S1MI03,188.0,0.2053293586708571,linear
S1MI03,189.0,0.2053293586708571,linear
S1MI03,190.0,0.2053293586708571,linear
S1MI03,191.0,0.2053293586708571,linear
S1MI03,192.0,0.2053293586708571,linear
S1MI03,193.0,0.2053293586708571,linear
S1MI03,194.0,0.2053293586708571,linear
S1MI03,195.0,0.2053293586708571,linear
S1MI03,196.0,0.2053293586708571,linear
S1MI03,197.0,0.2053293586708571,linear
S1MI03,198.0,0.2053293586708571,linear
S1MI03,199.0,0.2053293586708571,linear
S1MI03,200.0,0.2053293586708571,linear
S1MI03,201.0,0.2053293586708571,linear
S1MI03,202.0,0.2053293586708571,linear
S1MI03,203.0,0.2053293586708571,linear
S1MI03,204.0,0.2053293586708571,linear
S1MI03,205.0,0.2053293586708571,linear
S1MI03,206.0,0.2053293586708571,linear
S1MI03,207.0,0.2053293586708571,linear
S1MI03,208.0,0.2053293586708571,linear
S1MI03,209.0,0.2053293586708571,linear
S1MI03,210.0,0.2053293586708571,linear
S1MI03,211.0,0.2053293586708571,linear
S1MI03,212.0,0.2053293586708571,linear
S1MI03,213.0,0.2053293586708571,linear
S1MI03,214.0,0.2053293586708571,linear
S1MI03,215.0,0.2053293586708571,linear
S1MI03,216.0,0.2053293586708571,linear
S1MI03,217.0,0.2053293586708571,linear
S1MI03,218.0,0.2053293586708571,linear
S1MI03,219.0,0.2053293586708571,linear
S1MI03,220.0,0.2053293586708571,linear
S1MI03,221.0,0.2053293586708571,linear
S1MI03,222.0,0.2053293586708571,linear
S1MI03,223.0,0.2053293586708571,linear
S1MI03,224.0,0.2053293586708571,linear
S1MI03,225.0,0.2053293586708571,linear
S1MI03,226.0,0.2053293586708571,linear
S1MI03,227.0,0.2053293586708571,linear
S1MI03,228.0,0.2053293586708571,linear
S1MI03,229.0,0.2053293586708571,linear
S1MI03,230.0,0.2053293586708571,linear
S1MI03,231.0,0.2053293586708571,linear
S1MI03,232.0,0.2053293586708571,linear
S1MI03,233.0,0.2053293586708571,linear
S1MI03,234.0,0.2053293586708571,linear
S1MI03,235.0,0.2053293586708571,linear
S1MI03,236.0,0.2053293586708571,linear
S1MI03,237.0,0.2053293586708571,linear
S1MI03,238.0,0.2053293586708572,linear
S1MI03,239.0,0.2053293586708572,linear
S1MI03,240.0,0.2053293586708572,linear
S1MI03,241.0,0.2053293586708572,linear
S1MI03,242.0,0.2053293586708572,linear
S1MI03,243.0,0.2053293586708572,linear
S1MI03,244.0,0.2053293586708572,linear
S1MI03,245.0,0.2053293586708572,linear
S1MI03,246.0,0.2053293586708572,linear
S1MI03,247.0,0.2053293586708572,linear
S1MI03,248.0,0.2053293586708572,linear
S1MI03,249.0,0.2053293586708572,linear
S1MI03,250.0,0.2053293586708572,linear
S1MI03,251.0,0.2053293586708572,linear
S1MI03,252.0,0.2053293586708572,linear
S1MI03,253.0,0.2053293586708572,linear
S1MI03,254.0,0.2053293586708572,linear
S1MI03,255.0,0.2053293586708572,linear
S1MI03,256.0,0.2053293586708572,linear
S1MI03,257.0,0.2053293586708572,linear
S1MI03,258.0,0.2053293586708572,linear
S1MI03,259.0,0.2053293586708572,linear
S1MI03,260.0,0.2053293586708572,linear
S1MI03,261.0,0.2053293586708572,linear
S1MI03,262.0,0.2053293586708572,linear
S1MI03,263.0,0.2053293586708572,linear
S1MI03,264.0,0.2053293586708572,linear
S1MI03,265.0,0.2053293586708572,linear
S1MI03,266.0,0.2053293586708572,linear
S1MI03,267.0,0.2053293586708572,linear
S1MI03,268.0,0.2053293586708572,linear
S1MI03,269.0,0.2053293586708572,linear
S1MI03,270.0,0.2053293586708572,linear
S1MI03,271.0,0.2053293586708572,linear
S1MI03,272.0,0.2053293586708572,linear
S1MI03,273.0,0.2053293586708572,linear
S1MI03,274.0,0.2053293586708572,linear
S1MI03,275.0,0.2053293586708572,linear
S1MI03,276.0,0.2053293586708572,linear
S1MI03,277.0,0.2053293586708572,linear
S1MI03,278.0,0.2053293586708572,linear
S1MI03,279.0,0.2053293586708572,linear
S1MI03,280.0,0.2053293586708572,linear
S1MI03,281.0,0.2053293586708572,linear
S1MI03,282.0,0.2053293586708572,linear
S1MI03,283.0,0.2053293586708572,linear
S1MI03,284.0,0.2053293586708572,linear
S1MI03,285.0,0.2053293586708572,linear
S1MI03,286.0,0.2053293586708572,linear
S1MI03,287.0,0.2053293586708572,linear
S1MI03,288.0,0.2053293586708572,linear
S1MI03,289.0,0.2053293586708572,linear
S1MI03,290.0,0.2053293586708572,linear
S1MI03,291.0,0.2053293586708572,linear
S1MI03,292.0,0.2053293586708572,linear
S1MI03,293.0,0.2053293586708572,linear
S1MI03,294.0,0.2053293586708572,linear
S1MI03,295.0,0.2053293586708572,linear
S1MI03,296.0,0.2053293586708572,linear
S1MI03,297.0,0.2053293586708572,linear
S1MI03,298.0,0.2053293586708572,linear
S1MI03,299.0,0.2053293586708572,linear
S1MI03,300.0,0.2053293586708572,linear
S1MI03,301.0,0.2053293586708572,linear
S1MI03,302.0,0.2053293586708572,linear
S1MI03,303.0,0.2053293586708572,linear
S1MI03,304.0,0.2053293586708572,linear
S1MI03,305.0,0.2053293586708572,linear
S1MI03,306.0,0.2053293586708572,linear
S1MI03,307.0,0.2053293586708572,linear
S1MI03,308.0,0.2053293586708572,linear
S1MI03,309.0,0.2053293586708572,linear
S1MI03,310.0,0.2053293586708572,linear
S1MI03,311.0,0.2053293586708572,linear
S1MI03,312.0,0.2053293586708572,linear
S1MI03,313.0,0.2053293586708572,linear
S1MI03,314.0,0.2053293586708572,linear
S1MI03,315.0,0.2053293586708572,linear
S1MI03,316.0,0.2053293586708572,linear
S1MI03,317.0,0.2053293586708572,linear
S1MI03,318.0,0.2053293586708572,linear
S1MI03,319.0,0.2053293586708572,linear
S1MI03,320.0,0.2053293586708572,linear
S1MI03,321.0,0.2053293586708572,linear
S1MI03,322.0,0.2053293586708572,linear
S1MI03,323.0,0.2053293586708572,linear
S1MI03,324.0,0.2053293586708572,linear
S1MI03,325.0,0.2053293586708572,linear
S1MI03,326.0,0.2053293586708572,linear
S1MI03,327.0,0.2053293586708572,linear
S1MI03,328.0,0.2053293586708572,linear
S1MI03,329.0,0.2053293586708572,linear
S1MI03,330.0,0.2053293586708572,linear
S1MI03,331.0,0.2053293586708572,linear
S1MI03,332.0,0.2053293586708572,linear
S1MI03,333.0,0.2053293586708572,linear
S1MI03,334.0,0.2053293586708572,linear
S1MI03,335.0,0.2053293586708572,linear
S1MI03,336.0,0.2053293586708572,linear
S1MI03,337.0,0.2053293586708572,linear
S1MI03,338.0,0.2053293586708572,linear
S1MI03,339.0,0.2053293586708572,linear
S1MI03,340.0,0.2053293586708572,linear
S1MI03,341.0,0.2053293586708572,linear
S1MI03,342.0,0.2053293586708572,linear
S1MI03,343.0,0.2053293586708572,linear
S1MI03,344.0,0.2053293586708572,linear
S1MI03,345.0,0.2053293586708572,linear
S1MI03,346.0,0.2053293586708572,linear
S1MI03,347.0,0.2053293586708572,linear
S1MI03,348.0,0.2053293586708572,linear
S1MI03,349.0,0.2053293586708572,linear
S1MI03,350.0,0.2053293586708573,linear
S1MI03,351.0,0.2053293586708573,linear
S1MI03,352.0,0.2053293586708573,linear
S1MI03,353.0,0.2053293586708573,linear
S1MI03,354.0,0.2053293586708573,linear
S1MI03,355.0,0.2053293586708573,linear
S1MI03,356.0,0.2053293586708573,linear
S1MI03,357.0,0.2053293586708573,linear
S1MI03,358.0,0.2053293586708573,linear
S1MI03,359.0,0.2053293586708573,linear
S1MI03,360.0,0.2053293586708573,linear
S1MI03,361.0,0.2053293586708573,linear
S1MI03,362.0,0.2053293586708573,linear
S1MI03,363.0,0.2053293586708573,linear
S1MI03,364.0,0.2053293586708573,linear
S1MI03,365.0,0.2053293586708573,linear
S1MI04,0.0,0.2230722662056833,linear
S1MI04,1.0,0.2230722662056833,linear
S1MI04,2.0,0.2230722662056833,linear
S1MI04,3.0,0.2230722662056833,linear
S1MI04,4.0,0.2230722662056833,linear
S1MI04,5.0,0.2230722662056833,linear
S1MI04,6.0,0.2230722662056833,linear
S1MI04,7.0,0.2230722662056833,linear
S1MI04,8.0,0.2230722662056833,linear
S1MI04,9.0,0.2230722662056833,linear
S1MI04,10.0,0.2230722662056833,linear
S1MI04,11.0,0.2230722662056833,linear
S1MI04,12.0,0.2230722662056833,linear
S1MI04,13.0,0.2230722662056833,linear
S1MI04,14.0,0.2230722662056833,linear
S1MI04,15.0,0.2230722662056833,linear
S1MI04,16.0,0.2230722662056833,linear
S1MI04,17.0,0.2230722662056833,linear
S1MI04,18.0,0.2230722662056833,linear
S1MI04,19.0,0.2230722662056833,linear
S1MI04,20.0,0.2230722662056833,linear
S1MI04,21.0,0.2230722662056833,linear
S1MI04,22.0,0.2230722662056833,linear
S1MI04,23.0,0.2230722662056833,linear
S1MI04,24.0,0.2230722662056833,linear
S1MI04,25.0,0.2230722662056833,linear
S1MI04,26.0,0.2230722662056833,linear
S1MI04,27.0,0.2230722662056833,linear
S1MI04,28.0,0.2230722662056833,linear
S1MI04,29.0,0.2230722662056833,linear
S1MI04,30.0,0.2230722662056833,linear
S1MI04,31.0,0.2230722662056833,linear
S1MI04,32.0,0.2230722662056833,linear
S1MI04,33.0,0.2230722662056833,linear
S1MI04,34.0,0.2230722662056833,linear
S1MI04,35.0,0.2230722662056833,linear
S1MI04,36.0,0.2230722662056833,linear
S1MI04,37.0,0.2230722662056833,linear
S1MI04,38.0,0.2230722662056834,linear
S1MI04,39.0,0.2230722662056834,linear
S1MI04,40.0,0.2230722662056834,linear
S1MI04,41.0,0.2230722662056834,linear
S1MI04,42.0,0.2230722662056834,linear
S1MI04,43.0,0.2230722662056834,linear
S1MI04,44.0,0.2230722662056834,linear
S1MI04,45.0,0.2230722662056834,linear
S1MI04,46.0,0.2230722662056834,linear
S1MI04,47.0,0.2230722662056834,linear
S1MI04,48.0,0.2230722662056834,linear
S1MI04,49.0,0.2230722662056834,linear
S1MI04,50.0,0.2230722662056834,linear
S1MI04,51.0,0.2230722662056834,linear
S1MI04,52.0,0.2230722662056834,linear
S1MI04,53.0,0.2230722662056834,linear
S1MI04,54.0,0.2230722662056834,linear
S1MI04,55.0,0.2230722662056834,linear
S1MI04,56.0,0.2230722662056834,linear
S1MI04,57.0,0.2230722662056834,linear
S1MI04,58.0,0.2230722662056834,linear
S1MI04,59.0,0.2230722662056834,linear
S1MI04,60.0,0.2230722662056834,linear
S1MI04,61.0,0.2230722662056834,linear
S1MI04,62.0,0.2230722662056834,linear
S1MI04,63.0,0.2230722662056834,linear
S1MI04,64.0,0.2230722662056834,linear
S1MI04,65.0,0.2230722662056834,linear
S1MI04,66.0,0.2230722662056834,linear
S1MI04,67.0,0.2230722662056834,linear
S1MI04,68.0,0.2230722662056834,linear
S1MI04,69.0,0.2230722662056834,linear
S1MI04,70.0,0.2230722662056834,linear
S1MI04,71.0,0.2230722662056834,linear
S1MI04,72.0,0.2230722662056834,linear
S1MI04,73.0,0.2230722662056834,linear
S1MI04,74.0,0.2230722662056834,linear
S1MI04,75.0,0.2230722662056834,linear
S1MI04,76.0,0.2230722662056834,linear
S1MI04,77.0,0.2230722662056834,linear
S1MI04,78.0,0.2230722662056834,linear
S1MI04,79.0,0.2230722662056834,linear
S1MI04,80.0,0.2230722662056834,linear
S1MI04,81.0,0.2230722662056834,linear
S1MI04,82.0,0.2230722662056834,linear
S1MI04,83.0,0.2230722662056834,linear
S1MI04,84.0,0.2230722662056834,linear
S1MI04,85.0,0.2230722662056834,linear
S1MI04,86.0,0.2230722662056834,linear
S1MI04,87.0,0.2230722662056834,linear
S1MI04,88.0,0.2230722662056834,linear
S1MI04,89.0,0.2230722662056834,linear
S1MI04,90.0,0.2230722662056834,linear
S1MI04,91.0,0.2230722662056834,linear
S1MI04,92.0,0.2230722662056834,linear
S1MI04,93.0,0.2230722662056834,linear
S1MI04,94.0,0.2230722662056834,linear
S1MI04,95.0,0.2230722662056834,linear
S1MI04,96.0,0.2230722662056834,linear
S1MI04,97.0,0.2230722662056834,linear
S1MI04,98.0,0.2230722662056834,linear
S1MI04,99.0,0.2230722662056834,linear
S1MI04,100.0,0.2230722662056834,linear
S1MI04,101.0,0.2230722662056834,linear
S1MI04,102.0,0.2230722662056834,linear
S1MI04,103.0,0.2230722662056834,linear
S1MI04,104.0,0.2230722662056834,linear
S1MI04,105.0,0.2230722662056834,linear
S1MI04,106.0,0.2230722662056834,linear
S1MI04,107.0,0.2230722662056834,linear
S1MI04,108.0,0.2230722662056834,linear
S1MI04,109.0,0.2230722662056834,linear
S1MI04,110.0,0.2230722662056834,linear
S1MI04,111.0,0.2230722662056834,linear
S1MI04,112.0,0.2230722662056835,linear
S1MI04,113.0,0.2230722662056835,linear
S1MI04,114.0,0.2230722662056835,linear
S1MI04,115.0,0.2230722662056835,linear
S1MI04,116.0,0.2230722662056835,linear
S1MI04,117.0,0.2230722662056835,linear
S1MI04,118.0,0.2230722662056835,linear
S1MI04,119.0,0.2230722662056835,linear
S1MI04,120.0,0.2230722662056835,linear
S1MI04,121.0,0.2230722662056835,linear
S1MI04,122.0,0.2230722662056835,linear
S1MI04,123.0,0.2230722662056835,linear
S1MI04,124.0,0.2230722662056835,linear
S1MI04,125.0,0.2230722662056835,linear
S1MI04,126.0,0.2230722662056835,linear
S1MI04,127.0,0.2230722662056835,linear
S1MI04,128.0,0.2230722662056835,linear
S1MI04,129.0,0.2230722662056835,linear
S1MI04,130.0,0.2230722662056835,linear
S1MI04,131.0,0.2230722662056835,linear
S1MI04,132.0,0.2230722662056835,linear
S1MI04,133.0,0.2230722662056835,linear
S1MI04,134.0,0.2230722662056835,linear
S1MI04,135.0,0.2230722662056835,linear
S1MI04,136.0,0.2230722662056835,linear
S1MI04,137.0,0.2230722662056835,linear
S1MI04,138.0,0.2230722662056835,linear
S1MI04,139.0,0.2230722662056835,linear
S1MI04,140.0,0.2230722662056835,linear
S1MI04,141.0,0.2230722662056835,linear
S1MI04,142.0,0.2230722662056835,linear
S1MI04,143.0,0.2230722662056835,linear
S1MI04,144.0,0.2230722662056835,linear
S1MI04,145.0,0.2230722662056835,linear
S1MI04,146.0,0.2230722662056835,linear
S1MI04,147.0,0.2230722662056835,linear
S1MI04,148.0,0.2230722662056835,linear
S1MI04,149.0,0.2230722662056835,linear
S1MI04,150.0,0.2230722662056835,linear
S1MI04,151.0,0.2230722662056835,linear
S1MI04,152.0,0.2230722662056835,linear
S1MI04,153.0,0.2230722662056835,linear
S1MI04,154.0,0.2230722662056835,linear
S1MI04,155.0,0.2230722662056835,linear
S1MI04,156.0,0.2230722662056835,linear
S1MI04,157.0,0.2230722662056835,linear
S1MI04,158.0,0.2230722662056835,linear
S1MI04,159.0,0.2230722662056835,linear
S1MI04,160.0,0.2230722662056835,linear
S1MI04,161.0,0.2230722662056835,linear
S1MI04,162.0,0.2230722662056835,linear
S1MI04,163.0,0.2230722662056835,linear
S1MI04,164.0,0.2230722662056835,linear
S1MI04,165.0,0.2230722662056835,linear
S1MI04,166.0,0.2230722662056835,linear
S1MI04,167.0,0.2230722662056835,linear
S1MI04,168.0,0.2230722662056835,linear
S1MI04,169.0,0.2230722662056835,linear
S1MI04,170.0,0.2230722662056835,linear
S1MI04,171.0,0.2230722662056835,linear
S1MI04,172.0,0.2230722662056835,linear
S1MI04,173.0,0.2230722662056835,linear
S1MI04,174.0,0.2230722662056835,linear
S1MI04,175.0,0.2230722662056835,linear
S1MI04,176.0,0.2230722662056835,linear
S1MI04,177.0,0.2230722662056835,linear
S1MI04,178.0,0.2230722662056835,linear
S1MI04,179.0,0.2230722662056835,linear
S1MI04,180.0,0.2230722662056835,linear
S1MI04,181.0,0.2230722662056835,linear
S1MI04,182.0,0.2230722662056835,linear
S1MI04,183.0,0.2230722662056835,linear
S1MI04,184.0,0.2230722662056835,linear
S1MI04,185.0,0.2230722662056835,linear
S1MI04,186.0,0.2230722662056835,linear
S1MI04,187.0,0.2230722662056835,linear
S1MI04,188.0,0.2230722662056835,linear
S1MI04,189.0,0.2230722662056835,linear
S1MI04,190.0,0.2230722662056835,linear
S1MI04,191.0,0.2230722662056835,linear
S1MI04,192.0,0.2230722662056835,linear
S1MI04,193.0,0.2230722662056835,linear
S1MI04,194.0,0.2230722662056835,linear
S1MI04,195.0,0.2230722662056835,linear
S1MI04,196.0,0.2230722662056835,linear
S1MI04,197.0,0.2230722662056835,linear
S1MI04,198.0,0.2230722662056835,linear
S1MI04,199.0,0.2230722662056835,linear
S1MI04,200.0,0.2230722662056835,linear
S1MI04,201.0,0.2230722662056835,linear
S1MI04,202.0,0.2230722662056835,linear
S1MI04,203.0,0.2230722662056835,linear
S1MI04,204.0,0.2230722662056835,linear
S1MI04,205.0,0.2230722662056835,linear
S1MI04,206.0,0.2230722662056835,linear
S1MI04,207.0,0.2230722662056835,linear
S1MI04,208.0,0.2230722662056835,linear
S1MI04,209.0,0.2230722662056835,linear
S1MI04,210.0,0.2230722662056835,linear
S1MI04,211.0,0.2230722662056836,linear
S1MI04,212.0,0.2230722662056836,linear
S1MI04,213.0,0.2230722662056836,linear
S1MI04,214.0,0.2230722662056836,linear
S1MI04,215.0,0.2230722662056836,linear
S1MI04,216.0,0.2230722662056836,linear
S1MI04,217.0,0.2230722662056836,linear
S1MI04,218.0,0.2230722662056836,linear
S1MI04,219.0,0.2230722662056836,linear
S1MI04,220.0,0.2230722662056836,linear
S1MI04,221.0,0.2230722662056836,linear
S1MI04,222.0,0.2230722662056836,linear
S1MI04,223.0,0.2230722662056836,linear
S1MI04,224.0,0.2230722662056836,linear
S1MI04,225.0,0.2230722662056836,linear
S1MI04,226.0,0.2230722662056836,linear
S1MI04,227.0,0.2230722662056836,linear
S1MI04,228.0,0.2230722662056836,linear
S1MI04,229.0,0.2230722662056836,linear
S1MI04,230.0,0.2230722662056836,linear
S1MI04,231.0,0.2230722662056836,linear
S1MI04,232.0,0.2230722662056836,linear
S1MI04,233.0,0.2230722662056836,linear
S1MI04,234.0,0.2230722662056836,linear
S1MI04,235.0,0.2230722662056836,linear
S1MI04,236.0,0.2230722662056836,linear
S1MI04,237.0,0.2230722662056836,linear
S1MI04,238.0,0.2230722662056836,linear
S1MI04,239.0,0.2230722662056836,linear
S1MI04,240.0,0.2230722662056836,linear
S1MI04,241.0,0.2230722662056836,linear
S1MI04,242.0,0.2230722662056836,linear
S1MI04,243.0,0.2230722662056836,linear
S1MI04,244.0,0.2230722662056836,linear
S1MI04,245.0,0.2230722662056836,linear
S1MI04,246.0,0.2230722662056836,linear
S1MI04,247.0,0.2230722662056836,linear
S1MI04,248.0,0.2230722662056836,linear
S1MI04,249.0,0.2230722662056836,linear
S1MI04,250.0,0.2230722662056836,linear
S1MI04,251.0,0.2230722662056836,linear
S1MI04,252.0,0.2230722662056836,linear
S1MI04,253.0,0.2230722662056836,linear
S1MI04,254.0,0.2230722662056836,linear
S1MI04,255.0,0.2230722662056836,linear
S1MI04,256.0,0.2230722662056836,linear
S1MI04,257.0,0.2230722662056836,linear
S1MI04,258.0,0.2230722662056836,linear
S1MI04,259.0,0.2230722662056836,linear
S1MI04,260.0,0.2230722662056836,linear
S1MI04,261.0,0.2230722662056836,linear
S1MI04,262.0,0.2230722662056836,linear
S1MI04,263.0,0.2230722662056836,linear
S1MI04,264.0,0.2230722662056836,linear
S1MI04,265.0,0.2230722662056836,linear
S1MI04,266.0,0.2230722662056836,linear
S1MI04,267.0,0.2230722662056836,linear
S1MI04,268.0,0.2230722662056836,linear
S1MI04,269.0,0.2230722662056836,linear
S1MI04,270.0,0.2230722662056836,linear
S1MI04,271.0,0.2230722662056836,linear
S1MI04,272.0,0.2230722662056836,linear
S1MI04,273.0,0.2230722662056836,linear
S1MI04,274.0,0.2230722662056836,linear
S1MI04,275.0,0.2230722662056836,linear
S1MI04,276.0,0.2230722662056836,linear
S1MI04,277.0,0.2230722662056836,linear
S1MI04,278.0,0.2230722662056836,linear
S1MI04,279.0,0.2230722662056836,linear
S1MI04,280.0,0.2230722662056836,linear
S1MI04,281.0,0.2230722662056836,linear
S1MI04,282.0,0.2230722662056836,linear
S1MI04,283.0,0.2230722662056836,linear
S1MI04,284.0,0.2230722662056836,linear
S1MI04,285.0,0.2230722662056836,linear
S1MI04,286.0,0.2230722662056836,linear
S1MI04,287.0,0.2230722662056836,linear
S1MI04,288.0,0.2230722662056836,linear
S1MI04,289.0,0.2230722662056836,linear
S1MI04,290.0,0.2230722662056836,linear
S1MI04,291.0,0.2230722662056836,linear
S1MI04,292.0,0.2230722662056836,linear
S1MI04,293.0,0.2230722662056836,linear
S1MI04,294.0,0.2230722662056836,linear
S1MI04,295.0,0.2230722662056836,linear
S1MI04,296.0,0.2230722662056836,linear
S1MI04,297.0,0.2230722662056836,linear
S1MI04,298.0,0.2230722662056836,linear
S1MI04,299.0,0.2230722662056836,linear
S1MI04,300.0,0.2230722662056836,linear
S1MI04,301.0,0.2230722662056836,linear
S1MI04,302.0,0.2230722662056836,linear
S1MI04,303.0,0.2230722662056836,linear
S1MI04,304.0,0.2230722662056836,linear
S1MI04,305.0,0.2230722662056836,linear
S1MI04,306.0,0.2230722662056836,linear
S1MI04,307.0,0.2230722662056836,linear
S1MI04,308.0,0.2230722662056836,linear
S1MI04,309.0,0.2230722662056836,linear
S1MI04,310.0,0.2230722662056836,linear
S1MI04,311.0,0.2230722662056837,linear
S1MI04,312.0,0.2230722662056837,linear
S1MI04,313.0,0.2230722662056837,linear
S1MI04,314.0,0.2230722662056837,linear
S1MI04,315.0,0.2230722662056837,linear
S1MI04,316.0,0.2230722662056837,linear
S1MI04,317.0,0.2230722662056837,linear
S1MI04,318.0,0.2230722662056837,linear
S1MI04,319.0,0.2230722662056837,linear
S1MI04,320.0,0.2230722662056837,linear
S1MI04,321.0,0.2230722662056837,linear
S1MI04,322.0,0.2230722662056837,linear
S1MI04,323.0,0.2230722662056837,linear
S1MI04,324.0,0.2230722662056837,linear
S1MI04,325.0,0.2230722662056837,linear
S1MI04,326.0,0.2230722662056837,linear
S1MI04,327.0,0.2230722662056837,linear
S1MI04,328.0,0.2230722662056837,linear
S1MI04,329.0,0.2230722662056837,linear
S1MI04,330.0,0.2230722662056837,linear
S1MI04,331.0,0.2230722662056837,linear
S1MI04,332.0,0.2230722662056837,linear
S1MI04,333.0,0.2230722662056837,linear
S1MI04,334.0,0.2230722662056837,linear
S1MI04,335.0,0.2230722662056837,linear
S1MI04,336.0,0.2230722662056837,linear
S1MI04,337.0,0.2230722662056837,linear
S1MI04,338.0,0.2230722662056837,linear
S1MI04,339.0,0.2230722662056837,linear
S1MI04,340.0,0.2230722662056837,linear
S1MI04,341.0,0.2230722662056837,linear
S1MI04,342.0,0.2230722662056837,linear
S1MI04,343.0,0.2230722662056837,linear
S1MI04,344.0,0.2230722662056837,linear
S1MI04,345.0,0.2230722662056837,linear
S1MI04,346.0,0.2230722662056837,linear
S1MI04,347.0,0.2230722662056837,linear
S1MI04,348.0,0.2230722662056837,linear
S1MI04,349.0,0.2230722662056837,linear
S1MI04,350.0,0.2230722662056837,linear
S1MI04,351.0,0.2230722662056837,linear
S1MI04,352.0,0.2230722662056837,linear
S1MI04,353.0,0.2230722662056837,linear
S1MI04,354.0,0.2230722662056837,linear
S1MI04,355.0,0.2230722662056837,linear
S1MI04,356.0,0.2230722662056837,linear
S1MI04,357.0,0.2230722662056837,linear
S1MI04,358.0,0.2230722662056837,linear
S1MI04,359.0,0.2230722662056837,linear
S1MI04,360.0,0.2230722662056837,linear
S1MI04,361.0,0.2230722662056837,linear
S1MI04,362.0,0.2230722662056837,linear
S1MI04,363.0,0.2230722662056837,linear
S1MI04,364.0,0.2230722662056837,linear
S1MI04,365.0,0.2230722662056837,linear
S1MI05,0.0,0.32261245223341,linear
S1MI05,1.0,0.32261245223341,linear
S1MI05,2.0,0.32261245223341,linear
S1MI05,3.0,0.32261245223341,linear
S1MI05,4.0,0.32261245223341,linear
S1MI05,5.0,0.32261245223341,linear
S1MI05,6.0,0.32261245223341,linear
S1MI05,7.0,0.32261245223341,linear
S1MI05,8.0,0.32261245223341,linear
S1MI05,9.0,0.32261245223341,linear
S1MI05,10.0,0.32261245223341,linear
S1MI05,11.0,0.32261245223341,linear
S1MI05,12.0,0.32261245223341,linear
S1MI05,13.0,0.32261245223341,linear
S1MI05,14.0,0.32261245223341,linear
S1MI05,15.0,0.32261245223341,linear
S1MI05,16.0,0.32261245223341,linear
S1MI05,17.0,0.32261245223341,linear
S1MI05,18.0,0.32261245223341,linear
S1MI05,19.0,0.32261245223341,linear
S1MI05,20.0,0.3226124522334101,linear
S1MI05,21.0,0.3226124522334101,linear
S1MI05,22.0,0.3226124522334101,linear
S1MI05,23.0,0.3226124522334101,linear
S1MI05,24.0,0.3226124522334101,linear
S1MI05,25.0,0.3226124522334101,linear
S1MI05,26.0,0.3226124522334101,linear
S1MI05,27.0,0.3226124522334101,linear
S1MI05,28.0,0.3226124522334101,linear
S1MI05,29.0,0.3226124522334101,linear
S1MI05,30.0,0.3226124522334101,linear
S1MI05,31.0,0.3226124522334101,linear
S1MI05,32.0,0.3226124522334101,linear
S1MI05,33.0,0.3226124522334101,linear
S1MI05,34.0,0.3226124522334101,linear
S1MI05,35.0,0.3226124522334101,linear
S1MI05,36.0,0.3226124522334101,linear
S1MI05,37.0,0.3226124522334101,linear
S1MI05,38.0,0.3226124522334101,linear
S1MI05,39.0,0.3226124522334101,linear
S1MI05,40.0,0.3226124522334101,linear
S1MI05,41.0,0.3226124522334101,linear
S1MI05,42.0,0.3226124522334101,linear
S1MI05,43.0,0.3226124522334101,linear
S1MI05,44.0,0.3226124522334101,linear
S1MI05,45.0,0.3226124522334101,linear
S1MI05,46.0,0.3226124522334101,linear
S1MI05,47.0,0.3226124522334101,linear
S1MI05,48.0,0.3226124522334101,linear
S1MI05,49.0,0.3226124522334101,linear
S1MI05,50.0,0.3226124522334101,linear
S1MI05,51.0,0.3226124522334101,linear
S1MI05,52.0,0.3226124522334101,linear
S1MI05,53.0,0.3226124522334101,linear
S1MI05,54.0,0.3226124522334101,linear
S1MI05,55.0,0.3226124522334101,linear
S1MI05,56.0,0.3226124522334101,linear
S1MI05,57.0,0.3226124522334101,linear
S1MI05,58.0,0.3226124522334101,linear
S1MI05,59.0,0.3226124522334101,linear
S1MI05,60.0,0.3226124522334102,linear
S1MI05,61.0,0.3226124522334102,linear
S1MI05,62.0,0.3226124522334102,linear
S1MI05,63.0,0.3226124522334102,linear
S1MI05,64.0,0.3226124522334102,linear
S1MI05,65.0,0.3226124522334102,linear
S1MI05,66.0,0.3226124522334102,linear
S1MI05,67.0,0.3226124522334102,linear
S1MI05,68.0,0.3226124522334102,linear
S1MI05,69.0,0.3226124522334102,linear
S1MI05,70.0,0.3226124522334102,linear
S1MI05,71.0,0.3226124522334102,linear
S1MI05,72.0,0.3226124522334102,linear
S1MI05,73.0,0.3226124522334102,linear
S1MI05,74.0,0.3226124522334102,linear
S1MI05,75.0,0.3226124522334102,linear
S1MI05,76.0,0.3226124522334102,linear
S1MI05,77.0,0.3226124522334102,linear
S1MI05,78.0,0.3226124522334102,linear
S1MI05,79.0,0.3226124522334102,linear
S1MI05,80.0,0.3226124522334102,linear
S1MI05,81.0,0.3226124522334102,linear
S1MI05,82.0,0.3226124522334102,linear
S1MI05,83.0,0.3226124522334102,linear
S1MI05,84.0,0.3226124522334102,linear
S1MI05,85.0,0.3226124522334102,linear
S1MI05,86.0,0.3226124522334102,linear
S1MI05,87.0,0.3226124522334102,linear
S1MI05,88.0,0.3226124522334102,linear
S1MI05,89.0,0.3226124522334102,linear
S1MI05,90.0,0.3226124522334102,linear
S1MI05,91.0,0.3226124522334102,linear
S1MI05,92.0,0.3226124522334102,linear
S1MI05,93.0,0.3226124522334102,linear
S1MI05,94.0,0.3226124522334102,linear
S1MI05,95.0,0.3226124522334102,linear
S1MI05,96.0,0.3226124522334102,linear
S1MI05,97.0,0.3226124522334102,linear
S1MI05,98.0,0.3226124522334102,linear
S1MI05,99.0,0.3226124522334102,linear
S1MI05,100.0,0.3226124522334102,linear
S1MI05,101.0,0.3226124522334102,linear
S1MI05,102.0,0.3226124522334102,linear
S1MI05,103.0,0.3226124522334102,linear
S1MI05,104.0,0.3226124522334102,linear
S1MI05,105.0,0.3226124522334102,linear
S1MI05,106.0,0.3226124522334102,linear
S1MI05,107.0,0.3226124522334102,linear
S1MI05,108.0,0.3226124522334102,linear
S1MI05,109.0,0.3226124522334102,linear
S1MI05,110.0,0.3226124522334102,linear
S1MI05,111.0,0.3226124522334102,linear
S1MI05,112.0,0.3226124522334102,linear
S1MI05,113.0,0.3226124522334102,linear
S1MI05,114.0,0.3226124522334102,linear
S1MI05,115.0,0.3226124522334102,linear
S1MI05,116.0,0.3226124522334102,linear
S1MI05,117.0,0.3226124522334102,linear
S1MI05,118.0,0.3226124522334102,linear
S1MI05,119.0,0.3226124522334102,linear
S1MI05,120.0,0.3226124522334102,linear
S1MI05,121.0,0.3226124522334102,linear
S1MI05,122.0,0.3226124522334102,linear
S1MI05,123.0,0.3226124522334102,linear
S1MI05,124.0,0.3226124522334102,linear
S1MI05,125.0,0.3226124522334102,linear
S1MI05,126.0,0.3226124522334102,linear
S1MI05,127.0,0.3226124522334102,linear
S1MI05,128.0,0.3226124522334102,linear
S1MI05,129.0,0.3226124522334102,linear
S1MI05,130.0,0.3226124522334102,linear
S1MI05,131.0,0.3226124522334102,linear
S1MI05,132.0,0.3226124522334102,linear
S1MI05,133.0,0.3226124522334102,linear
S1MI05,134.0,0.3226124522334102,linear
S1MI05,135.0,0.3226124522334102,linear
S1MI05,136.0,0.3226124522334102,linear
S1MI05,137.0,0.3226124522334102,linear
S1MI05,138.0,0.3226124522334102,linear
S1MI05,139.0,0.3226124522334102,linear
S1MI05,140.0,0.3226124522334103,linear
S1MI05,141.0,0.3226124522334103,linear
S1MI05,142.0,0.3226124522334103,linear
S1MI05,143.0,0.3226124522334103,linear
S1MI05,144.0,0.3226124522334103,linear
S1MI05,145.0,0.3226124522334103,linear
S1MI05,146.0,0.3226124522334103,linear
S1MI05,147.0,0.3226124522334103,linear
S1MI05,148.0,0.3226124522334103,linear
S1MI05,149.0,0.3226124522334103,linear
S1MI05,150.0,0.3226124522334103,linear
S1MI05,151.0,0.3226124522334103,linear
S1MI05,152.0,0.3226124522334103,linear
S1MI05,153.0,0.3226124522334103,linear
S1MI05,154.0,0.3226124522334103,linear
S1MI05,155.0,0.3226124522334103,linear
S1MI05,156.0,0.3226124522334103,linear
S1MI05,157.0,0.3226124522334103,linear
S1MI05,158.0,0.3226124522334103,linear
S1MI05,159.0,0.3226124522334103,linear
S1MI05,160.0,0.3226124522334103,linear
S1MI05,161.0,0.3226124522334103,linear
S1MI05,162.0,0.3226124522334103,linear
S1MI05,163.0,0.3226124522334103,linear
S1MI05,164.0,0.3226124522334103,linear
S1MI05,165.0,0.3226124522334103,linear
S1MI05,166.0,0.3226124522334103,linear
S1MI05,167.0,0.3226124522334103,linear
S1MI05,168.0,0.3226124522334103,linear
S1MI05,169.0,0.3226124522334103,linear
S1MI05,170.0,0.3226124522334103,linear
S1MI05,171.0,0.3226124522334103,linear
S1MI05,172.0,0.3226124522334103,linear
S1MI05,173.0,0.3226124522334103,linear
S1MI05,174.0,0.3226124522334103,linear
S1MI05,175.0,0.3226124522334103,linear
S1MI05,176.0,0.3226124522334103,linear
S1MI05,177.0,0.3226124522334103,linear
S1MI05,178.0,0.3226124522334103,linear
S1MI05,179.0,0.3226124522334103,linear
S1MI05,180.0,0.3226124522334103,linear
S1MI05,181.0,0.3226124522334103,linear
S1MI05,182.0,0.3226124522334103,linear
S1MI05,183.0,0.3226124522334103,linear
S1MI05,184.0,0.3226124522334103,linear
S1MI05,185.0,0.3226124522334103,linear
S1MI05,186.0,0.3226124522334103,linear
S1MI05,187.0,0.3226124522334103,linear
S1MI05,188.0,0.3226124522334103,linear
S1MI05,189.0,0.3226124522334103,linear
S1MI05,190.0,0.3226124522334103,linear
S1MI05,191.0,0.3226124522334103,linear
S1MI05,192.0,0.3226124522334103,linear
S1MI05,193.0,0.3226124522334103,linear
S1MI05,194.0,0.3226124522334103,linear
S1MI05,195.0,0.3226124522334103,linear
S1MI05,196.0,0.3226124522334103,linear
S1MI05,197.0,0.3226124522334103,linear
S1MI05,198.0,0.3226124522334103,linear
S1MI05,199.0,0.3226124522334103,linear
S1MI05,200.0,0.3226124522334103,linear
S1MI05,201.0,0.3226124522334103,linear
S1MI05,202.0,0.3226124522334103,linear
S1MI05,203.0,0.3226124522334103,linear
S1MI05,204.0,0.3226124522334103,linear
S1MI05,205.0,0.3226124522334103,linear
S1MI05,206.0,0.3226124522334103,linear
S1MI05,207.0,0.3226124522334103,linear
S1MI05,208.0,0.3226124522334103,linear
S1MI05,209.0,0.3226124522334103,linear
S1MI05,210.0,0.3226124522334103,linear
S1MI05,211.0,0.3226124522334103,linear
S1MI05,212.0,0.3226124522334103,linear
S1MI05,213.0,0.3226124522334103,linear
S1MI05,214.0,0.3226124522334103,linear
S1MI05,215.0,0.3226124522334103,linear
S1MI05,216.0,0.3226124522334103,linear
S1MI05,217.0,0.3226124522334103,linear
S1MI05,218.0,0.3226124522334103,linear
S1MI05,219.0,0.3226124522334103,linear
S1MI05,220.0,0.3226124522334104,linear
S1MI05,221.0,0.3226124522334104,linear
S1MI05,222.0,0.3226124522334104,linear
S1MI05,223.0,0.3226124522334104,linear
S1MI05,224.0,0.3226124522334104,linear
S1MI05,225.0,0.3226124522334104,linear
S1MI05,226.0,0.3226124522334104,linear
S1MI05,227.0,0.3226124522334104,linear
S1MI05,228.0,0.3226124522334104,linear
S1MI05,229.0,0.3226124522334104,linear
S1MI05,230.0,0.3226124522334104,linear
S1MI05,231.0,0.3226124522334104,linear
S1MI05,232.0,0.3226124522334104,linear
S1MI05,233.0,0.3226124522334104,linear
S1MI05,234.0,0.3226124522334104,linear
S1MI05,235.0,0.3226124522334104,linear
S1MI05,236.0,0.3226124522334104,linear
S1MI05,237.0,0.3226124522334104,linear
S1MI05,238.0,0.3226124522334104,linear
S1MI05,239.0,0.3226124522334104,linear
S1MI05,240.0,0.3226124522334104,linear
S1MI05,241.0,0.3226124522334104,linear
S1MI05,242.0,0.3226124522334104,linear
S1MI05,243.0,0.3226124522334104,linear
S1MI05,244.0,0.3226124522334104,linear
S1MI05,245.0,0.3226124522334104,linear
S1MI05,246.0,0.3226124522334104,linear
S1MI05,247.0,0.3226124522334104,linear
S1MI05,248.0,0.3226124522334104,linear
S1MI05,249.0,0.3226124522334104,linear
S1MI05,250.0,0.3226124522334104,linear
S1MI05,251.0,0.3226124522334104,linear
S1MI05,252.0,0.3226124522334104,linear
S1MI05,253.0,0.3226124522334104,linear
S1MI05,254.0,0.3226124522334104,linear
S1MI05,255.0,0.3226124522334104,linear
S1MI05,256.0,0.3226124522334104,linear
S1MI05,257.0,0.3226124522334104,linear
S1MI05,258.0,0.3226124522334104,linear
S1MI05,259.0,0.3226124522334104,linear
S1MI05,260.0,0.3226124522334104,linear
S1MI05,261.0,0.3226124522334104,linear
S1MI05,262.0,0.3226124522334104,linear
S1MI05,263.0,0.3226124522334104,linear
S1MI05,264.0,0.3226124522334104,linear
S1MI05,265.0,0.3226124522334104,linear
S1MI05,266.0,0.3226124522334104,linear
S1MI05,267.0,0.3226124522334104,linear
S1MI05,268.0,0.3226124522334104,linear
S1MI05,269.0,0.3226124522334104,linear
S1MI05,270.0,0.3226124522334104,linear
S1MI05,271.0,0.3226124522334104,linear
S1MI05,272.0,0.3226124522334104,linear
S1MI05,273.0,0.3226124522334104,linear
S1MI05,274.0,0.3226124522334104,linear
S1MI05,275.0,0.3226124522334104,linear
S1MI05,276.0,0.3226124522334104,linear
S1MI05,277.0,0.3226124522334104,linear
S1MI05,278.0,0.3226124522334104,linear
S1MI05,279.0,0.3226124522334104,linear
S1MI05,280.0,0.3226124522334104,linear
S1MI05,281.0,0.3226124522334104,linear
S1MI05,282.0,0.3226124522334104,linear
S1MI05,283.0,0.3226124522334104,linear
S1MI05,284.0,0.3226124522334104,linear
S1MI05,285.0,0.3226124522334104,linear
S1MI05,286.0,0.3226124522334104,linear
S1MI05,287.0,0.3226124522334104,linear
S1MI05,288.0,0.3226124522334104,linear
S1MI05,289.0,0.3226124522334104,linear
S1MI05,290.0,0.3226124522334104,linear
S1MI05,291.0,0.3226124522334104,linear
S1MI05,292.0,0.3226124522334104,linear
S1MI05,293.0,0.3226124522334104,linear
S1MI05,294.0,0.3226124522334104,linear
S1MI05,295.0,0.3226124522334104,linear
S1MI05,296.0,0.3226124522334104,linear
S1MI05,297.0,0.3226124522334104,linear
S1MI05,298.0,0.3226124522334104,linear
S1MI05,299.0,0.3226124522334105,linear
S1MI05,300.0,0.3226124522334105,linear
S1MI05,301.0,0.3226124522334105,linear
S1MI05,302.0,0.3226124522334105,linear
S1MI05,303.0,0.3226124522334105,linear
S1MI05,304.0,0.3226124522334105,linear
S1MI05,305.0,0.3226124522334105,linear
S1MI05,306.0,0.3226124522334105,linear
S1MI05,307.0,0.3226124522334105,linear
S1MI05,308.0,0.3226124522334105,linear
S1MI05,309.0,0.3226124522334105,linear
S1MI05,310.0,0.3226124522334105,linear
S1MI05,311.0,0.3226124522334105,linear
S1MI05,312.0,0.3226124522334105,linear
S1MI05,313.0,0.3226124522334105,linear
S1MI05,314.0,0.3226124522334105,linear
S1MI05,315.0,0.3226124522334105,linear
S1MI05,316.0,0.3226124522334105,linear
S1MI05,317.0,0.3226124522334105,linear
S1MI05,318.0,0.3226124522334105,linear
S1MI05,319.0,0.3226124522334105,linear
S1MI05,320.0,0.3226124522334105,linear
S1MI05,321.0,0.3226124522334105,linear
S1MI05,322.0,0.3226124522334105,linear
S1MI05,323.0,0.3226124522334105,linear
S1MI05,324.0,0.3226124522334105,linear
S1MI05,325.0,0.3226124522334105,linear
S1MI05,326.0,0.3226124522334105,linear
S1MI05,327.0,0.3226124522334105,linear
S1MI05,328.0,0.3226124522334105,linear
S1MI05,329.0,0.3226124522334105,linear
S1MI05,330.0,0.3226124522334105,linear
S1MI05,331.0,0.3226124522334105,linear
S1MI05,332.0,0.3226124522334105,linear
S1MI05,333.0,0.3226124522334105,linear
S1MI05,334.0,0.3226124522334105,linear
S1MI05,335.0,0.3226124522334105,linear
S1MI05,336.0,0.3226124522334105,linear
S1MI05,337.0,0.3226124522334105,linear
S1MI05,338.0,0.3226124522334105,linear
S1MI05,339.0,0.3226124522334105,linear
S1MI05,340.0,0.3226124522334105,linear
S1MI05,341.0,0.3226124522334105,linear
S1MI05,342.0,0.3226124522334105,linear
S1MI05,343.0,0.3226124522334105,linear
S1MI05,344.0,0.3226124522334105,linear
S1MI05,345.0,0.3226124522334105,linear
S1MI05,346.0,0.3226124522334105,linear
S1MI05,347.0,0.3226124522334105,linear
S1MI05,348.0,0.3226124522334105,linear
S1MI05,349.0,0.3226124522334105,linear
S1MI05,350.0,0.3226124522334105,linear
S1MI05,351.0,0.3226124522334105,linear
S1MI05,352.0,0.3226124522334105,linear
S1MI05,353.0,0.3226124522334105,linear
S1MI05,354.0,0.3226124522334105,linear
S1MI05,355.0,0.3226124522334105,linear
S1MI05,356.0,0.3226124522334105,linear
S1MI05,357.0,0.3226124522334105,linear
S1MI05,358.0,0.3226124522334105,linear
S1MI05,359.0,0.3226124522334105,linear
S1MI05,360.0,0.3226124522334105,linear
S1MI05,361.0,0.3226124522334105,linear
S1MI05,362.0,0.3226124522334105,linear
S1MI05,363.0,0.3226124522334105,linear
S1MI05,364.0,0.3226124522334105,linear
S1MI05,365.0,0.3226124522334105,linear
S1MI06,0.0,0.2063960927624326,linear
S1MI06,1.0,0.2063960927624326,linear
S1MI06,2.0,0.2063960927624326,linear
S1MI06,3.0,0.2063960927624326,linear
S1MI06,4.0,0.2063960927624326,linear
S1MI06,5.0,0.2063960927624326,linear
S1MI06,6.0,0.2063960927624326,linear
S1MI06,7.0,0.2063960927624326,linear
S1MI06,8.0,0.2063960927624326,linear
S1MI06,9.0,0.2063960927624326,linear
S1MI06,10.0,0.2063960927624326,linear
S1MI06,11.0,0.2063960927624326,linear
S1MI06,12.0,0.2063960927624326,linear
S1MI06,13.0,0.2063960927624326,linear
S1MI06,14.0,0.2063960927624326,linear
S1MI06,15.0,0.2063960927624326,linear
S1MI06,16.0,0.2063960927624326,linear
S1MI06,17.0,0.2063960927624326,linear
S1MI06,18.0,0.2063960927624326,linear
S1MI06,19.0,0.2063960927624326,linear
S1MI06,20.0,0.2063960927624326,linear
S1MI06,21.0,0.2063960927624326,linear
S1MI06,22.0,0.2063960927624326,linear
S1MI06,23.0,0.2063960927624326,linear
S1MI06,24.0,0.2063960927624326,linear
S1MI06,25.0,0.2063960927624326,linear
S1MI06,26.0,0.2063960927624326,linear
S1MI06,27.0,0.2063960927624326,linear
S1MI06,28.0,0.2063960927624326,linear
S1MI06,29.0,0.2063960927624326,linear
S1MI06,30.0,0.2063960927624326,linear
S1MI06,31.0,0.2063960927624326,linear
S1MI06,32.0,0.2063960927624326,linear
S1MI06,33.0,0.2063960927624326,linear
S1MI06,34.0,0.2063960927624326,linear
S1MI06,35.0,0.2063960927624326,linear
S1MI06,36.0,0.2063960927624326,linear
S1MI06,37.0,0.2063960927624326,linear
S1MI06,38.0,0.2063960927624326,linear
S1MI06,39.0,0.2063960927624326,linear
S1MI06,40.0,0.2063960927624326,linear
S1MI06,41.0,0.2063960927624326,linear
S1MI06,42.0,0.2063960927624326,linear
S1MI06,43.0,0.2063960927624326,linear
S1MI06,44.0,0.2063960927624326,linear
S1MI06,45.0,0.2063960927624326,linear
S1MI06,46.0,0.2063960927624326,linear
S1MI06,47.0,0.2063960927624326,linear
S1MI06,48.0,0.2063960927624326,linear
S1MI06,49.0,0.2063960927624326,linear
S1MI06,50.0,0.2063960927624326,linear
S1MI06,51.0,0.2063960927624326,linear
S1MI06,52.0,0.2063960927624326,linear
S1MI06,53.0,0.2063960927624326,linear
S1MI06,54.0,0.2063960927624326,linear
S1MI06,55.0,0.2063960927624326,linear
S1MI06,56.0,0.2063960927624326,linear
S1MI06,57.0,0.2063960927624326,linear
S1MI06,58.0,0.2063960927624326,linear
S1MI06,59.0,0.2063960927624326,linear
S1MI06,60.0,0.2063960927624326,linear
S1MI06,61.0,0.2063960927624326,linear
S1MI06,62.0,0.2063960927624326,linear
S1MI06,63.0,0.2063960927624326,linear
S1MI06,64.0,0.2063960927624326,linear
S1MI06,65.0,0.2063960927624326,linear
S1MI06,66.0,0.2063960927624326,linear
S1MI06,67.0,0.2063960927624326,linear
S1MI06,68.0,0.2063960927624326,linear
S1MI06,69.0,0.2063960927624326,linear
S1MI06,70.0,0.2063960927624326,linear
S1MI06,71.0,0.2063960927624326,linear
S1MI06,72.0,0.2063960927624326,linear
S1MI06,73.0,0.2063960927624326,linear
S1MI06,74.0,0.2063960927624326,linear
S1MI06,75.0,0.2063960927624326,linear
S1MI06,76.0,0.2063960927624326,linear
S1MI06,77.0,0.2063960927624326,linear
S1MI06,78.0,0.2063960927624326,linear
S1MI06,79.0,0.2063960927624326,linear
S1MI06,80.0,0.2063960927624326,linear
S1MI06,81.0,0.2063960927624326,linear
S1MI06,82.0,0.2063960927624326,linear
S1MI06,83.0,0.2063960927624326,linear
S1MI06,84.0,0.2063960927624326,linear
S1MI06,85.0,0.2063960927624326,linear
S1MI06,86.0,0.2063960927624326,linear
S1MI06,87.0,0.2063960927624327,linear
S1MI06,88.0,0.2063960927624327,linear
S1MI06,89.0,0.2063960927624327,linear
S1MI06,90.0,0.2063960927624327,linear
S1MI06,91.0,0.2063960927624327,linear
S1MI06,92.0,0.2063960927624327,linear
S1MI06,93.0,0.2063960927624327,linear
S1MI06,94.0,0.2063960927624327,linear
S1MI06,95.0,0.2063960927624327,linear
S1MI06,96.0,0.2063960927624327,linear
S1MI06,97.0,0.2063960927624327,linear
S1MI06,98.0,0.2063960927624327,linear
S1MI06,99.0,0.2063960927624327,linear
S1MI06,100.0,0.2063960927624327,linear
S1MI06,101.0,0.2063960927624327,linear
S1MI06,102.0,0.2063960927624327,linear
S1MI06,103.0,0.2063960927624327,linear
S1MI06,104.0,0.2063960927624327,linear
S1MI06,105.0,0.2063960927624327,linear
S1MI06,106.0,0.2063960927624327,linear
S1MI06,107.0,0.2063960927624327,linear
S1MI06,108.0,0.2063960927624327,linear
S1MI06,109.0,0.2063960927624327,linear
S1MI06,110.0,0.2063960927624327,linear
S1MI06,111.0,0.2063960927624327,linear
S1MI06,112.0,0.2063960927624327,linear
S1MI06,113.0,0.2063960927624327,linear
S1MI06,114.0,0.2063960927624327,linear
S1MI06,115.0,0.2063960927624327,linear
S1MI06,116.0,0.2063960927624327,linear
S1MI06,117.0,0.2063960927624327,linear
S1MI06,118.0,0.2063960927624327,linear
S1MI06,119.0,0.2063960927624327,linear
S1MI06,120.0,0.2063960927624327,linear
S1MI06,121.0,0.2063960927624327,linear
S1MI06,122.0,0.2063960927624327,linear
S1MI06,123.0,0.2063960927624327,linear
S1MI06,124.0,0.2063960927624327,linear
S1MI06,125.0,0.2063960927624327,linear
S1MI06,126.0,0.2063960927624327,linear
S1MI06,127.0,0.2063960927624327,linear
S1MI06,128.0,0.2063960927624327,linear
S1MI06,129.0,0.2063960927624327,linear
S1MI06,130.0,0.2063960927624327,linear
S1MI06,131.0,0.2063960927624327,linear
S1MI06,132.0,0.2063960927624327,linear
S1MI06,133.0,0.2063960927624327,linear
S1MI06,134.0,0.2063960927624327,linear
S1MI06,135.0,0.2063960927624327,linear
S1MI06,136.0,0.2063960927624327,linear
S1MI06,137.0,0.2063960927624327,linear
S1MI06,138.0,0.2063960927624327,linear
S1MI06,139.0,0.2063960927624327,linear
S1MI06,140.0,0.2063960927624327,linear
S1MI06,141.0,0.2063960927624327,linear
S1MI06,142.0,0.2063960927624327,linear
S1MI06,143.0,0.2063960927624327,linear
S1MI06,144.0,0.2063960927624327,linear
S1MI06,145.0,0.2063960927624327,linear
S1MI06,146.0,0.2063960927624327,linear
S1MI06,147.0,0.2063960927624327,linear
S1MI06,148.0,0.2063960927624327,linear
S1MI06,149.0,0.2063960927624327,linear
S1MI06,150.0,0.2063960927624327,linear
S1MI06,151.0,0.2063960927624327,linear
S1MI06,152.0,0.2063960927624327,linear
S1MI06,153.0,0.2063960927624327,linear
S1MI06,154.0,0.2063960927624327,linear
S1MI06,155.0,0.2063960927624327,linear
S1MI06,156.0,0.2063960927624327,linear
S1MI06,157.0,0.2063960927624327,linear
S1MI06,158.0,0.2063960927624327,linear
S1MI06,159.0,0.2063960927624327,linear
S1MI06,160.0,0.2063960927624327,linear
S1MI06,161.0,0.2063960927624327,linear
S1MI06,162.0,0.2063960927624327,linear
S1MI06,163.0,0.2063960927624327,linear
S1MI06,164.0,0.2063960927624327,linear
S1MI06,165.0,0.2063960927624327,linear
S1MI06,166.0,0.2063960927624327,linear
S1MI06,167.0,0.2063960927624327,linear
S1MI06,168.0,0.2063960927624327,linear
S1MI06,169.0,0.2063960927624327,linear
S1MI06,170.0,0.2063960927624327,linear
S1MI06,171.0,0.2063960927624327,linear
S1MI06,172.0,0.2063960927624327,linear
S1MI06,173.0,0.2063960927624327,linear
S1MI06,174.0,0.2063960927624327,linear
S1MI06,175.0,0.2063960927624327,linear
S1MI06,176.0,0.2063960927624327,linear
S1MI06,177.0,0.2063960927624327,linear
S1MI06,178.0,0.2063960927624327,linear
S1MI06,179.0,0.2063960927624327,linear
S1MI06,180.0,0.2063960927624327,linear
S1MI06,181.0,0.2063960927624327,linear
S1MI06,182.0,0.2063960927624327,linear
S1MI06,183.0,0.2063960927624327,linear
S1MI06,184.0,0.2063960927624327,linear
S1MI06,185.0,0.2063960927624327,linear
S1MI06,186.0,0.2063960927624327,linear
S1MI06,187.0,0.2063960927624327,linear
S1MI06,188.0,0.2063960927624327,linear
S1MI06,189.0,0.2063960927624327,linear
S1MI06,190.0,0.2063960927624328,linear
S1MI06,191.0,0.2063960927624328,linear
S1MI06,192.0,0.2063960927624328,linear
S1MI06,193.0,0.2063960927624328,linear
S1MI06,194.0,0.2063960927624328,linear
S1MI06,195.0,0.2063960927624328,linear
S1MI06,196.0,0.2063960927624328,linear
S1MI06,197.0,0.2063960927624328,linear
S1MI06,198.0,0.2063960927624328,linear
S1MI06,199.0,0.2063960927624328,linear
S1MI06,200.0,0.2063960927624328,linear
S1MI06,201.0,0.2063960927624328,linear
S1MI06,202.0,0.2063960927624328,linear
S1MI06,203.0,0.2063960927624328,linear
S1MI06,204.0,0.2063960927624328,linear
S1MI06,205.0,0.2063960927624328,linear
S1MI06,206.0,0.2063960927624328,linear
S1MI06,207.0,0.2063960927624328,linear
S1MI06,208.0,0.2063960927624328,linear
S1MI06,209.0,0.2063960927624328,linear
S1MI06,210.0,0.2063960927624328,linear
S1MI06,211.0,0.2063960927624328,linear
S1MI06,212.0,0.2063960927624328,linear
S1MI06,213.0,0.2063960927624328,linear
S1MI06,214.0,0.2063960927624328,linear
S1MI06,215.0,0.2063960927624328,linear
S1MI06,216.0,0.2063960927624328,linear
S1MI06,217.0,0.2063960927624328,linear
S1MI06,218.0,0.2063960927624328,linear
S1MI06,219.0,0.2063960927624328,linear
S1MI06,220.0,0.2063960927624328,linear
S1MI06,221.0,0.2063960927624328,linear
S1MI06,222.0,0.2063960927624328,linear
S1MI06,223.0,0.2063960927624328,linear
S1MI06,224.0,0.2063960927624328,linear
S1MI06,225.0,0.2063960927624328,linear
S1MI06,226.0,0.2063960927624328,linear
S1MI06,227.0,0.2063960927624328,linear
S1MI06,228.0,0.2063960927624328,linear
S1MI06,229.0,0.2063960927624328,linear
S1MI06,230.0,0.2063960927624328,linear
S1MI06,231.0,0.2063960927624328,linear
S1MI06,232.0,0.2063960927624328,linear
S1MI06,233.0,0.2063960927624328,linear
S1MI06,234.0,0.2063960927624328,linear
S1MI06,235.0,0.2063960927624328,linear
S1MI06,236.0,0.2063960927624328,linear
S1MI06,237.0,0.2063960927624328,linear
S1MI06,238.0,0.2063960927624328,linear
S1MI06,239.0,0.2063960927624328,linear
S1MI06,240.0,0.2063960927624328,linear
S1MI06,241.0,0.2063960927624328,linear
S1MI06,242.0,0.2063960927624328,linear
S1MI06,243.0,0.2063960927624328,linear
S1MI06,244.0,0.2063960927624328,linear
S1MI06,245.0,0.2063960927624328,linear
S1MI06,246.0,0.2063960927624328,linear
S1MI06,247.0,0.2063960927624328,linear
S1MI06,248.0,0.2063960927624328,linear
S1MI06,249.0,0.2063960927624328,linear
S1MI06,250.0,0.2063960927624328,linear
S1MI06,251.0,0.2063960927624328,linear
S1MI06,252.0,0.2063960927624328,linear
S1MI06,253.0,0.2063960927624328,linear
S1MI06,254.0,0.2063960927624328,linear
S1MI06,255.0,0.2063960927624328,linear
S1MI06,256.0,0.2063960927624328,linear
S1MI06,257.0,0.2063960927624328,linear
S1MI06,258.0,0.2063960927624328,linear
S1MI06,259.0,0.2063960927624328,linear
S1MI06,260.0,0.2063960927624328,linear
S1MI06,261.0,0.2063960927624328,linear
S1MI06,262.0,0.2063960927624328,linear
S1MI06,263.0,0.2063960927624328,linear
S1MI06,264.0,0.2063960927624328,linear
S1MI06,265.0,0.2063960927624328,linear
S1MI06,266.0,0.2063960927624328,linear
S1MI06,267.0,0.2063960927624328,linear
S1MI06,268.0,0.2063960927624328,linear
S1MI06,269.0,0.2063960927624328,linear
S1MI06,270.0,0.2063960927624328,linear
S1MI06,271.0,0.2063960927624328,linear
S1MI06,272.0,0.2063960927624328,linear
S1MI06,273.0,0.2063960927624328,linear
S1MI06,274.0,0.2063960927624328,linear
S1MI06,275.0,0.2063960927624328,linear
S1MI06,276.0,0.2063960927624328,linear
S1MI06,277.0,0.2063960927624328,linear
S1MI06,278.0,0.2063960927624328,linear
S1MI06,279.0,0.2063960927624328,linear
S1MI06,280.0,0.2063960927624328,linear
S1MI06,281.0,0.2063960927624328,linear
S1MI06,282.0,0.2063960927624328,linear
S1MI06,283.0,0.2063960927624328,linear
S1MI06,284.0,0.2063960927624328,linear
S1MI06,285.0,0.2063960927624328,linear
S1MI06,286.0,0.2063960927624328,linear
S1MI06,287.0,0.2063960927624328,linear
S1MI06,288.0,0.2063960927624328,linear
S1MI06,289.0,0.2063960927624328,linear
S1MI06,290.0,0.2063960927624328,linear
S1MI06,291.0,0.2063960927624328,linear
S1MI06,292.0,0.2063960927624328,linear
S1MI06,293.0,0.2063960927624328,linear
S1MI06,294.0,0.2063960927624328,linear
S1MI06,295.0,0.2063960927624328,linear
S1MI06,296.0,0.2063960927624328,linear
S1MI06,297.0,0.2063960927624328,linear
S1MI06,298.0,0.2063960927624328,linear
S1MI06,299.0,0.2063960927624328,linear
S1MI06,300.0,0.2063960927624328,linear
S1MI06,301.0,0.2063960927624328,linear
S1MI06,302.0,0.2063960927624328,linear
S1MI06,303.0,0.2063960927624328,linear
S1MI06,304.0,0.2063960927624328,linear
S1MI06,305.0,0.2063960927624328,linear
S1MI06,306.0,0.2063960927624328,linear
S1MI06,307.0,0.2063960927624328,linear
S1MI06,308.0,0.2063960927624328,linear
S1MI06,309.0,0.2063960927624328,linear
S1MI06,310.0,0.2063960927624328,linear
S1MI06,311.0,0.2063960927624328,linear
S1MI06,312.0,0.2063960927624328,linear
S1MI06,313.0,0.2063960927624328,linear
S1MI06,314.0,0.2063960927624328,linear
S1MI06,315.0,0.2063960927624328,linear
S1MI06,316.0,0.2063960927624328,linear
S1MI06,317.0,0.2063960927624328,linear
S1MI06,318.0,0.2063960927624328,linear
S1MI06,319.0,0.2063960927624328,linear
S1MI06,320.0,0.2063960927624328,linear
S1MI06,321.0,0.2063960927624328,linear
S1MI06,322.0,0.2063960927624328,linear
S1MI06,323.0,0.2063960927624328,linear
S1MI06,324.0,0.2063960927624328,linear
S1MI06,325.0,0.2063960927624328,linear
S1MI06,326.0,0.2063960927624328,linear
S1MI06,327.0,0.2063960927624328,linear
S1MI06,328.0,0.2063960927624329,linear
S1MI06,329.0,0.2063960927624329,linear
S1MI06,330.0,0.2063960927624329,linear
S1MI06,331.0,0.2063960927624329,linear
S1MI06,332.0,0.2063960927624329,linear
S1MI06,333.0,0.2063960927624329,linear
S1MI06,334.0,0.2063960927624329,linear
S1MI06,335.0,0.2063960927624329,linear
S1MI06,336.0,0.2063960927624329,linear
S1MI06,337.0,0.2063960927624329,linear
S1MI06,338.0,0.2063960927624329,linear
S1MI06,339.0,0.2063960927624329,linear
S1MI06,340.0,0.2063960927624329,linear
S1MI06,341.0,0.2063960927624329,linear
S1MI06,342.0,0.2063960927624329,linear
S1MI06,343.0,0.2063960927624329,linear
S1MI06,344.0,0.2063960927624329,linear
S1MI06,345.0,0.2063960927624329,linear
S1MI06,346.0,0.2063960927624329,linear
S1MI06,347.0,0.2063960927624329,linear
S1MI06,348.0,0.2063960927624329,linear
S1MI06,349.0,0.2063960927624329,linear
S1MI06,350.0,0.2063960927624329,linear
S1MI06,351.0,0.2063960927624329,linear
S1MI06,352.0,0.2063960927624329,linear
S1MI06,353.0,0.2063960927624329,linear
S1MI06,354.0,0.2063960927624329,linear
S1MI06,355.0,0.2063960927624329,linear
S1MI06,356.0,0.2063960927624329,linear
S1MI06,357.0,0.2063960927624329,linear
S1MI06,358.0,0.2063960927624329,linear
S1MI06,359.0,0.2063960927624329,linear
S1MI06,360.0,0.2063960927624329,linear
S1MI06,361.0,0.2063960927624329,linear
S1MI06,362.0,0.2063960927624329,linear
S1MI06,363.0,0.2063960927624329,linear
S1MI06,364.0,0.2063960927624329,linear
S1MI06,365.0,0.2063960927624329,linear
S1MI07,0.0,0.2410652307729144,linear
S1MI07,1.0,0.2410652307729144,linear
S1MI07,2.0,0.2410652307729144,linear
S1MI07,3.0,0.2410652307729144,linear
S1MI07,4.0,0.2410652307729144,linear
S1MI07,5.0,0.2410652307729144,linear
S1MI07,6.0,0.2410652307729144,linear
S1MI07,7.0,0.2410652307729144,linear
S1MI07,8.0,0.2410652307729144,linear
S1MI07,9.0,0.2410652307729144,linear
S1MI07,10.0,0.2410652307729144,linear
S1MI07,11.0,0.2410652307729144,linear
S1MI07,12.0,0.2410652307729144,linear
S1MI07,13.0,0.2410652307729144,linear
S1MI07,14.0,0.2410652307729144,linear
S1MI07,15.0,0.2410652307729144,linear
S1MI07,16.0,0.2410652307729144,linear
S1MI07,17.0,0.2410652307729144,linear
S1MI07,18.0,0.2410652307729144,linear
S1MI07,19.0,0.2410652307729144,linear
S1MI07,20.0,0.2410652307729144,linear
S1MI07,21.0,0.2410652307729144,linear
S1MI07,22.0,0.2410652307729144,linear
S1MI07,23.0,0.2410652307729144,linear
S1MI07,24.0,0.2410652307729144,linear
S1MI07,25.0,0.2410652307729144,linear
S1MI07,26.0,0.2410652307729144,linear
S1MI07,27.0,0.2410652307729144,linear
S1MI07,28.0,0.2410652307729144,linear
S1MI07,29.0,0.2410652307729144,linear
S1MI07,30.0,0.2410652307729144,linear
S1MI07,31.0,0.2410652307729144,linear
S1MI07,32.0,0.2410652307729144,linear
S1MI07,33.0,0.2410652307729144,linear
S1MI07,34.0,0.2410652307729144,linear
S1MI07,35.0,0.2410652307729144,linear
S1MI07,36.0,0.2410652307729144,linear
S1MI07,37.0,0.2410652307729144,linear
S1MI07,38.0,0.2410652307729144,linear
S1MI07,39.0,0.2410652307729144,linear
S1MI07,40.0,0.2410652307729145,linear
S1MI07,41.0,0.2410652307729145,linear
S1MI07,42.0,0.2410652307729145,linear
S1MI07,43.0,0.2410652307729145,linear
S1MI07,44.0,0.2410652307729145,linear
S1MI07,45.0,0.2410652307729145,linear
S1MI07,46.0,0.2410652307729145,linear
S1MI07,47.0,0.2410652307729145,linear
S1MI07,48.0,0.2410652307729145,linear
S1MI07,49.0,0.2410652307729145,linear
S1MI07,50.0,0.2410652307729145,linear
S1MI07,51.0,0.2410652307729145,linear
S1MI07,52.0,0.2410652307729145,linear
S1MI07,53.0,0.2410652307729145,linear
S1MI07,54.0,0.2410652307729145,linear
S1MI07,55.0,0.2410652307729145,linear
S1MI07,56.0,0.2410652307729145,linear
S1MI07,57.0,0.2410652307729145,linear
S1MI07,58.0,0.2410652307729145,linear
S1MI07,59.0,0.2410652307729145,linear
S1MI07,60.0,0.2410652307729145,linear
S1MI07,61.0,0.2410652307729145,linear
S1MI07,62.0,0.2410652307729145,linear
S1MI07,63.0,0.2410652307729145,linear
S1MI07,64.0,0.2410652307729145,linear
S1MI07,65.0,0.2410652307729145,linear
S1MI07,66.0,0.2410652307729145,linear
S1MI07,67.0,0.2410652307729145,linear
S1MI07,68.0,0.2410652307729145,linear
S1MI07,69.0,0.2410652307729145,linear
S1MI07,70.0,0.2410652307729145,linear
S1MI07,71.0,0.2410652307729145,linear
S1MI07,72.0,0.2410652307729145,linear
S1MI07,73.0,0.2410652307729145,linear
S1MI07,74.0,0.2410652307729145,linear
S1MI07,75.0,0.2410652307729145,linear
S1MI07,76.0,0.2410652307729145,linear
S1MI07,77.0,0.2410652307729145,linear
S1MI07,78.0,0.2410652307729145,linear
S1MI07,79.0,0.2410652307729145,linear
S1MI07,80.0,0.2410652307729145,linear
S1MI07,81.0,0.2410652307729145,linear
S1MI07,82.0,0.2410652307729145,linear
S1MI07,83.0,0.2410652307729145,linear
S1MI07,84.0,0.2410652307729145,linear
S1MI07,85.0,0.2410652307729145,linear
S1MI07,86.0,0.2410652307729145,linear
S1MI07,87.0,0.2410652307729145,linear
S1MI07,88.0,0.2410652307729145,linear
S1MI07,89.0,0.2410652307729145,linear
S1MI07,90.0,0.2410652307729145,linear
S1MI07,91.0,0.2410652307729145,linear
S1MI07,92.0,0.2410652307729145,linear
S1MI07,93.0,0.2410652307729145,linear
S1MI07,94.0,0.2410652307729145,linear
S1MI07,95.0,0.2410652307729145,linear
S1MI07,96.0,0.2410652307729145,linear
S1MI07,97.0,0.2410652307729145,linear
S1MI07,98.0,0.2410652307729145,linear
S1MI07,99.0,0.2410652307729145,linear
S1MI07,100.0,0.2410652307729145,linear
S1MI07,101.0,0.2410652307729145,linear
S1MI07,102.0,0.2410652307729145,linear
S1MI07,103.0,0.2410652307729145,linear
S1MI07,104.0,0.2410652307729145,linear
S1MI07,105.0,0.2410652307729145,linear
S1MI07,106.0,0.2410652307729145,linear
S1MI07,107.0,0.2410652307729145,linear
S1MI07,108.0,0.2410652307729145,linear
S1MI07,109.0,0.2410652307729145,linear
S1MI07,110.0,0.2410652307729145,linear
S1MI07,111.0,0.2410652307729145,linear
S1MI07,112.0,0.2410652307729145,linear
S1MI07,113.0,0.2410652307729145,linear
S1MI07,114.0,0.2410652307729145,linear
S1MI07,115.0,0.2410652307729145,linear
S1MI07,116.0,0.2410652307729145,linear
S1MI07,117.0,0.2410652307729145,linear
S1MI07,118.0,0.2410652307729145,linear
S1MI07,119.0,0.2410652307729145,linear
S1MI07,120.0,0.2410652307729145,linear
S1MI07,121.0,0.2410652307729145,linear
S1MI07,122.0,0.2410652307729145,linear
S1MI07,123.0,0.2410652307729145,linear
S1MI07,124.0,0.2410652307729145,linear
S1MI07,125.0,0.2410652307729145,linear
S1MI07,126.0,0.2410652307729145,linear
S1MI07,127.0,0.2410652307729145,linear
S1MI07,128.0,0.2410652307729145,linear
S1MI07,129.0,0.2410652307729145,linear
S1MI07,130.0,0.2410652307729145,linear
S1MI07,131.0,0.2410652307729145,linear
S1MI07,132.0,0.2410652307729145,linear
S1MI07,133.0,0.2410652307729145,linear
S1MI07,134.0,0.2410652307729145,linear
S1MI07,135.0,0.2410652307729145,linear
S1MI07,136.0,0.2410652307729145,linear
S1MI07,137.0,0.2410652307729145,linear
S1MI07,138.0,0.2410652307729145,linear
S1MI07,139.0,0.2410652307729145,linear
S1MI07,140.0,0.2410652307729145,linear
S1MI07,141.0,0.2410652307729145,linear
S1MI07,142.0,0.2410652307729145,linear
S1MI07,143.0,0.2410652307729145,linear
S1MI07,144.0,0.2410652307729145,linear
S1MI07,145.0,0.2410652307729145,linear
S1MI07,146.0,0.2410652307729146,linear
S1MI07,147.0,0.2410652307729146,linear
S1MI07,148.0,0.2410652307729146,linear
S1MI07,149.0,0.2410652307729146,linear
S1MI07,150.0,0.2410652307729146,linear
S1MI07,151.0,0.2410652307729146,linear
S1MI07,152.0,0.2410652307729146,linear
S1MI07,153.0,0.2410652307729146,linear
S1MI07,154.0,0.2410652307729146,linear
S1MI07,155.0,0.2410652307729146,linear
S1MI07,156.0,0.2410652307729146,linear
S1MI07,157.0,0.2410652307729146,linear
S1MI07,158.0,0.2410652307729146,linear
S1MI07,159.0,0.2410652307729146,linear
S1MI07,160.0,0.2410652307729146,linear
S1MI07,161.0,0.2410652307729146,linear
S1MI07,162.0,0.2410652307729146,linear
S1MI07,163.0,0.2410652307729146,linear
S1MI07,164.0,0.2410652307729146,linear
S1MI07,165.0,0.2410652307729146,linear
S1MI07,166.0,0.2410652307729146,linear
S1MI07,167.0,0.2410652307729146,linear
S1MI07,168.0,0.2410652307729146,linear
S1MI07,169.0,0.2410652307729146,linear
S1MI07,170.0,0.2410652307729146,linear
S1MI07,171.0,0.2410652307729146,linear
S1MI07,172.0,0.2410652307729146,linear
S1MI07,173.0,0.2410652307729146,linear
S1MI07,174.0,0.2410652307729146,linear
S1MI07,175.0,0.2410652307729146,linear
S1MI07,176.0,0.2410652307729146,linear
S1MI07,177.0,0.2410652307729146,linear
S1MI07,178.0,0.2410652307729146,linear
S1MI07,179.0,0.2410652307729146,linear
S1MI07,180.0,0.2410652307729146,linear
S1MI07,181.0,0.2410652307729146,linear
S1MI07,182.0,0.2410652307729146,linear
S1MI07,183.0,0.2410652307729146,linear
S1MI07,184.0,0.2410652307729146,linear
S1MI07,185.0,0.2410652307729146,linear
S1MI07,186.0,0.2410652307729146,linear
S1MI07,187.0,0.2410652307729146,linear
S1MI07,188.0,0.2410652307729146,linear
S1MI07,189.0,0.2410652307729146,linear
S1MI07,190.0,0.2410652307729146,linear
S1MI07,191.0,0.2410652307729146,linear
S1MI07,192.0,0.2410652307729146,linear
S1MI07,193.0,0.2410652307729146,linear
S1MI07,194.0,0.2410652307729146,linear
S1MI07,195.0,0.2410652307729146,linear
S1MI07,196.0,0.2410652307729146,linear
S1MI07,197.0,0.2410652307729146,linear
S1MI07,198.0,0.2410652307729146,linear
S1MI07,199.0,0.2410652307729146,linear
S1MI07,200.0,0.2410652307729146,linear
S1MI07,201.0,0.2410652307729146,linear
S1MI07,202.0,0.2410652307729146,linear
S1MI07,203.0,0.2410652307729146,linear
S1MI07,204.0,0.2410652307729146,linear
S1MI07,205.0,0.2410652307729146,linear
S1MI07,206.0,0.2410652307729146,linear
S1MI07,207.0,0.2410652307729146,linear
S1MI07,208.0,0.2410652307729146,linear
S1MI07,209.0,0.2410652307729146,linear
S1MI07,210.0,0.2410652307729146,linear
S1MI07,211.0,0.2410652307729146,linear
S1MI07,212.0,0.2410652307729146,linear
S1MI07,213.0,0.2410652307729146,linear
S1MI07,214.0,0.2410652307729146,linear
S1MI07,215.0,0.2410652307729146,linear
S1MI07,216.0,0.2410652307729146,linear
S1MI07,217.0,0.2410652307729146,linear
S1MI07,218.0,0.2410652307729146,linear
S1MI07,219.0,0.2410652307729146,linear
S1MI07,220.0,0.2410652307729146,linear
S1MI07,221.0,0.2410652307729146,linear
S1MI07,222.0,0.2410652307729146,linear
S1MI07,223.0,0.2410652307729146,linear
S1MI07,224.0,0.2410652307729146,linear
S1MI07,225.0,0.2410652307729146,linear
S1MI07,226.0,0.2410652307729147,linear
S1MI07,227.0,0.2410652307729147,linear
S1MI07,228.0,0.2410652307729147,linear
S1MI07,229.0,0.2410652307729147,linear
S1MI07,230.0,0.2410652307729147,linear
S1MI07,231.0,0.2410652307729147,linear
S1MI07,232.0,0.2410652307729147,linear
S1MI07,233.0,0.2410652307729147,linear
S1MI07,234.0,0.2410652307729147,linear
S1MI07,235.0,0.2410652307729147,linear
S1MI07,236.0,0.2410652307729147,linear
S1MI07,237.0,0.2410652307729147,linear
S1MI07,238.0,0.2410652307729147,linear
S1MI07,239.0,0.2410652307729147,linear
S1MI07,240.0,0.2410652307729147,linear
S1MI07,241.0,0.2410652307729147,linear
S1MI07,242.0,0.2410652307729147,linear
S1MI07,243.0,0.2410652307729147,linear
S1MI07,244.0,0.2410652307729147,linear
S1MI07,245.0,0.2410652307729147,linear
S1MI07,246.0,0.2410652307729147,linear
S1MI07,247.0,0.2410652307729147,linear
S1MI07,248.0,0.2410652307729147,linear
S1MI07,249.0,0.2410652307729147,linear
S1MI07,250.0,0.2410652307729147,linear
S1MI07,251.0,0.2410652307729147,linear
S1MI07,252.0,0.2410652307729147,linear
S1MI07,253.0,0.2410652307729147,linear
S1MI07,254.0,0.2410652307729147,linear
S1MI07,255.0,0.2410652307729147,linear
S1MI07,256.0,0.2410652307729147,linear
S1MI07,257.0,0.2410652307729147,linear
S1MI07,258.0,0.2410652307729147,linear
S1MI07,259.0,0.2410652307729147,linear
S1MI07,260.0,0.2410652307729147,linear
S1MI07,261.0,0.2410652307729147,linear
S1MI07,262.0,0.2410652307729147,linear
S1MI07,263.0,0.2410652307729147,linear
S1MI07,264.0,0.2410652307729147,linear
S1MI07,265.0,0.2410652307729147,linear
S1MI07,266.0,0.2410652307729147,linear
S1MI07,267.0,0.2410652307729147,linear
S1MI07,268.0,0.2410652307729147,linear
S1MI07,269.0,0.2410652307729147,linear
S1MI07,270.0,0.2410652307729147,linear
S1MI07,271.0,0.2410652307729147,linear
S1MI07,272.0,0.2410652307729147,linear
S1MI07,273.0,0.2410652307729147,linear
S1MI07,274.0,0.2410652307729147,linear
S1MI07,275.0,0.2410652307729147,linear
S1MI07,276.0,0.2410652307729147,linear
S1MI07,277.0,0.2410652307729147,linear
S1MI07,278.0,0.2410652307729147,linear
S1MI07,279.0,0.2410652307729147,linear
S1MI07,280.0,0.2410652307729147,linear
S1MI07,281.0,0.2410652307729147,linear
S1MI07,282.0,0.2410652307729147,linear
S1MI07,283.0,0.2410652307729147,linear
S1MI07,284.0,0.2410652307729147,linear
S1MI07,285.0,0.2410652307729147,linear
S1MI07,286.0,0.2410652307729147,linear
S1MI07,287.0,0.2410652307729147,linear
S1MI07,288.0,0.2410652307729147,linear
S1MI07,289.0,0.2410652307729147,linear
S1MI07,290.0,0.2410652307729147,linear
S1MI07,291.0,0.2410652307729147,linear
S1MI07,292.0,0.2410652307729147,linear
S1MI07,293.0,0.2410652307729147,linear
S1MI07,294.0,0.2410652307729147,linear
S1MI07,295.0,0.2410652307729147,linear
S1MI07,296.0,0.2410652307729147,linear
S1MI07,297.0,0.2410652307729147,linear
S1MI07,298.0,0.2410652307729147,linear
S1MI07,299.0,0.2410652307729147,linear
S1MI07,300.0,0.2410652307729147,linear
S1MI07,301.0,0.2410652307729147,linear
S1MI07,302.0,0.2410652307729147,linear
S1MI07,303.0,0.2410652307729147,linear
S1MI07,304.0,0.2410652307729147,linear
S1MI07,305.0,0.2410652307729147,linear
S1MI07,306.0,0.2410652307729147,linear
S1MI07,307.0,0.2410652307729147,linear
S1MI07,308.0,0.2410652307729147,linear
S1MI07,309.0,0.2410652307729147,linear
S1MI07,310.0,0.2410652307729147,linear
S1MI07,311.0,0.2410652307729147,linear
S1MI07,312.0,0.2410652307729147,linear
S1MI07,313.0,0.2410652307729147,linear
S1MI07,314.0,0.2410652307729147,linear
S1MI07,315.0,0.2410652307729147,linear
S1MI07,316.0,0.2410652307729147,linear
S1MI07,317.0,0.2410652307729147,linear
S1MI07,318.0,0.2410652307729147,linear
S1MI07,319.0,0.2410652307729147,linear
S1MI07,320.0,0.2410652307729147,linear
S1MI07,321.0,0.2410652307729147,linear
S1MI07,322.0,0.2410652307729147,linear
S1MI07,323.0,0.2410652307729147,linear
S1MI07,324.0,0.2410652307729147,linear
S1MI07,325.0,0.2410652307729147,linear
S1MI07,326.0,0.2410652307729147,linear
S1MI07,327.0,0.2410652307729147,linear
S1MI07,328.0,0.2410652307729147,linear
S1MI07,329.0,0.2410652307729147,linear
S1MI07,330.0,0.2410652307729147,linear
S1MI07,331.0,0.2410652307729147,linear
S1MI07,332.0,0.2410652307729148,linear
S1MI07,333.0,0.2410652307729148,linear
S1MI07,334.0,0.2410652307729148,linear
S1MI07,335.0,0.2410652307729148,linear
S1MI07,336.0,0.2410652307729148,linear
S1MI07,337.0,0.2410652307729148,linear
S1MI07,338.0,0.2410652307729148,linear
S1MI07,339.0,0.2410652307729148,linear
S1MI07,340.0,0.2410652307729148,linear
S1MI07,341.0,0.2410652307729148,linear
S1MI07,342.0,0.2410652307729148,linear
S1MI07,343.0,0.2410652307729148,linear
S1MI07,344.0,0.2410652307729148,linear
S1MI07,345.0,0.2410652307729148,linear
S1MI07,346.0,0.2410652307729148,linear
S1MI07,347.0,0.2410652307729148,linear
S1MI07,348.0,0.2410652307729148,linear
S1MI07,349.0,0.2410652307729148,linear
S1MI07,350.0,0.2410652307729148,linear
S1MI07,351.0,0.2410652307729148,linear
S1MI07,352.0,0.2410652307729148,linear
S1MI07,353.0,0.2410652307729148,linear
S1MI07,354.0,0.2410652307729148,linear
S1MI07,355.0,0.2410652307729148,linear
S1MI07,356.0,0.2410652307729148,linear
S1MI07,357.0,0.2410652307729148,linear
S1MI07,358.0,0.2410652307729148,linear
S1MI07,359.0,0.2410652307729148,linear
S1MI07,360.0,0.2410652307729148,linear
S1MI07,361.0,0.2410652307729148,linear
S1MI07,362.0,0.2410652307729148,linear
S1MI07,363.0,0.2410652307729148,linear
S1MI07,364.0,0.2410652307729148,linear
S1MI07,365.0,0.2410652307729148,linear
S2SA01,0.0,0.2422011198196399,linear
S2SA01,1.0,0.2422011198196399,linear
S2SA01,2.0,0.2422011198196399,linear
S2SA01,3.0,0.2422011198196399,linear
S2SA01,4.0,0.2422011198196399,linear
S2SA01,5.0,0.2422011198196399,linear
S2SA01,6.0,0.2422011198196399,linear
S2SA01,7.0,0.2422011198196399,linear
S2SA01,8.0,0.2422011198196399,linear
S2SA01,9.0,0.2422011198196399,linear
S2SA01,10.0,0.2422011198196399,linear
S2SA01,11.0,0.2422011198196399,linear
S2SA01,12.0,0.2422011198196399,linear
S2SA01,13.0,0.2422011198196399,linear
S2SA01,14.0,0.2422011198196399,linear
S2SA01,15.0,0.2422011198196399,linear
S2SA01,16.0,0.2422011198196399,linear
S2SA01,17.0,0.2422011198196399,linear
S2SA01,18.0,0.2422011198196399,linear
S2SA01,19.0,0.2422011198196399,linear
S2SA01,20.0,0.2422011198196399,linear
S2SA01,21.0,0.2422011198196399,linear
S2SA01,22.0,0.2422011198196399,linear
S2SA01,23.0,0.2422011198196399,linear
S2SA01,24.0,0.2422011198196399,linear
S2SA01,25.0,0.2422011198196399,linear
S2SA01,26.0,0.2422011198196399,linear
S2SA01,27.0,0.2422011198196399,linear
S2SA01,28.0,0.2422011198196399,linear
S2SA01,29.0,0.2422011198196399,linear
S2SA01,30.0,0.2422011198196399,linear
S2SA01,31.0,0.2422011198196399,linear
S2SA01,32.0,0.2422011198196399,linear
S2SA01,33.0,0.2422011198196399,linear
S2SA01,34.0,0.2422011198196399,linear
S2SA01,35.0,0.2422011198196399,linear
S2SA01,36.0,0.2422011198196399,linear
S2SA01,37.0,0.2422011198196399,linear
S2SA01,38.0,0.2422011198196399,linear
S2SA01,39.0,0.2422011198196399,linear
S2SA01,40.0,0.2422011198196399,linear
S2SA01,41.0,0.2422011198196399,linear
S2SA01,42.0,0.2422011198196399,linear
S2SA01,43.0,0.2422011198196399,linear
S2SA01,44.0,0.2422011198196399,linear
S2SA01,45.0,0.24220111981964,linear
S2SA01,46.0,0.24220111981964,linear
S2SA01,47.0,0.24220111981964,linear
S2SA01,48.0,0.24220111981964,linear
S2SA01,49.0,0.24220111981964,linear
S2SA01,50.0,0.24220111981964,linear
S2SA01,51.0,0.24220111981964,linear
S2SA01,52.0,0.24220111981964,linear
S2SA01,53.0,0.24220111981964,linear
S2SA01,54.0,0.24220111981964,linear
S2SA01,55.0,0.24220111981964,linear
S2SA01,56.0,0.24220111981964,linear
S2SA01,57.0,0.24220111981964,linear
S2SA01,58.0,0.24220111981964,linear
S2SA01,59.0,0.24220111981964,linear
S2SA01,60.0,0.24220111981964,linear
S2SA01,61.0,0.24220111981964,linear
S2SA01,62.0,0.24220111981964,linear
S2SA01,63.0,0.24220111981964,linear
S2SA01,64.0,0.24220111981964,linear
S2SA01,65.0,0.24220111981964,linear
S2SA01,66.0,0.24220111981964,linear
S2SA01,67.0,0.24220111981964,linear
S2SA01,68.0,0.24220111981964,linear
S2SA01,69.0,0.24220111981964,linear
S2SA01,70.0,0.24220111981964,linear
S2SA01,71.0,0.24220111981964,linear
S2SA01,72.0,0.24220111981964,linear
S2SA01,73.0,0.24220111981964,linear
S2SA01,74.0,0.24220111981964,linear
S2SA01,75.0,0.24220111981964,linear
S2SA01,76.0,0.24220111981964,linear
S2SA01,77.0,0.24220111981964,linear
S2SA01,78.0,0.24220111981964,linear
S2SA01,79.0,0.24220111981964,linear
S2SA01,80.0,0.24220111981964,linear
S2SA01,81.0,0.24220111981964,linear
S2SA01,82.0,0.24220111981964,linear
S2SA01,83.0,0.24220111981964,linear
S2SA01,84.0,0.24220111981964,linear
S2SA01,85.0,0.24220111981964,linear
S2SA01,86.0,0.24220111981964,linear
S2SA01,87.0,0.24220111981964,linear
S2SA01,88.0,0.24220111981964,linear
S2SA01,89.0,0.24220111981964,linear
S2SA01,90.0,0.24220111981964,linear
S2SA01,91.0,0.24220111981964,linear
S2SA01,92.0,0.24220111981964,linear
S2SA01,93.0,0.24220111981964,linear
S2SA01,94.0,0.24220111981964,linear
S2SA01,95.0,0.24220111981964,linear
S2SA01,96.0,0.24220111981964,linear
S2SA01,97.0,0.24220111981964,linear
S2SA01,98.0,0.24220111981964,linear
S2SA01,99.0,0.24220111981964,linear
S2SA01,100.0,0.24220111981964,linear
S2SA01,101.0,0.24220111981964,linear
S2SA01,102.0,0.24220111981964,linear
S2SA01,103.0,0.24220111981964,linear
S2SA01,104.0,0.24220111981964,linear
S2SA01,105.0,0.24220111981964,linear
S2SA01,106.0,0.24220111981964,linear
S2SA01,107.0,0.24220111981964,linear
S2SA01,108.0,0.24220111981964,linear
S2SA01,109.0,0.24220111981964,linear
S2SA01,110.0,0.24220111981964,linear
S2SA01,111.0,0.24220111981964,linear
S2SA01,112.0,0.24220111981964,linear
S2SA01,113.0,0.24220111981964,linear
S2SA01,114.0,0.24220111981964,linear
S2SA01,115.0,0.24220111981964,linear
S2SA01,116.0,0.24220111981964,linear
S2SA01,117.0,0.2422011198196401,linear
S2SA01,118.0,0.2422011198196401,linear
S2SA01,119.0,0.2422011198196401,linear
S2SA01,120.0,0.2422011198196401,linear
S2SA01,121.0,0.2422011198196401,linear
S2SA01,122.0,0.2422011198196401,linear
S2SA01,123.0,0.2422011198196401,linear
S2SA01,124.0,0.2422011198196401,linear
S2SA01,125.0,0.2422011198196401,linear
S2SA01,126.0,0.2422011198196401,linear
S2SA01,127.0,0.2422011198196401,linear
S2SA01,128.0,0.2422011198196401,linear
S2SA01,129.0,0.2422011198196401,linear
S2SA01,130.0,0.2422011198196401,linear
S2SA01,131.0,0.2422011198196401,linear
S2SA01,132.0,0.2422011198196401,linear
S2SA01,133.0,0.2422011198196401,linear
S2SA01,134.0,0.2422011198196401,linear
S2SA01,135.0,0.2422011198196401,linear
S2SA01,136.0,0.2422011198196401,linear
S2SA01,137.0,0.2422011198196401,linear
S2SA01,138.0,0.2422011198196401,linear
S2SA01,139.0,0.2422011198196401,linear
S2SA01,140.0,0.2422011198196401,linear
S2SA01,141.0,0.2422011198196401,linear
S2SA01,142.0,0.2422011198196401,linear
S2SA01,143.0,0.2422011198196401,linear
S2SA01,144.0,0.2422011198196401,linear
S2SA01,145.0,0.2422011198196401,linear
S2SA01,146.0,0.2422011198196401,linear
S2SA01,147.0,0.2422011198196401,linear
S2SA01,148.0,0.2422011198196401,linear
S2SA01,149.0,0.2422011198196401,linear
S2SA01,150.0,0.2422011198196401,linear
S2SA01,151.0,0.2422011198196401,linear
S2SA01,152.0,0.2422011198196401,linear
S2SA01,153.0,0.2422011198196401,linear
S2SA01,154.0,0.2422011198196401,linear
S2SA01,155.0,0.2422011198196401,linear
S2SA01,156.0,0.2422011198196401,linear
S2SA01,157.0,0.2422011198196401,linear
S2SA01,158.0,0.2422011198196401,linear
S2SA01,159.0,0.2422011198196401,linear
S2SA01,160.0,0.2422011198196401,linear
S2SA01,161.0,0.2422011198196401,linear
S2SA01,162.0,0.2422011198196401,linear
S2SA01,163.0,0.2422011198196401,linear
S2SA01,164.0,0.2422011198196401,linear
S2SA01,165.0,0.2422011198196401,linear
S2SA01,166.0,0.2422011198196401,linear
S2SA01,167.0,0.2422011198196401,linear
S2SA01,168.0,0.2422011198196401,linear
S2SA01,169.0,0.2422011198196401,linear
S2SA01,170.0,0.2422011198196401,linear
S2SA01,171.0,0.2422011198196401,linear
S2SA01,172.0,0.2422011198196401,linear
S2SA01,173.0,0.2422011198196401,linear
S2SA01,174.0,0.2422011198196401,linear
S2SA01,175.0,0.2422011198196401,linear
S2SA01,176.0,0.2422011198196401,linear
S2SA01,177.0,0.2422011198196401,linear
S2SA01,178.0,0.2422011198196401,linear
S2SA01,179.0,0.2422011198196401,linear
S2SA01,180.0,0.2422011198196401,linear
S2SA01,181.0,0.2422011198196401,linear
S2SA01,182.0,0.2422011198196401,linear
S2SA01,183.0,0.2422011198196401,linear
S2SA01,184.0,0.2422011198196401,linear
S2SA01,185.0,0.2422011198196401,linear
S2SA01,186.0,0.2422011198196401,linear
S2SA01,187.0,0.2422011198196401,linear
S2SA01,188.0,0.2422011198196401,linear
S2SA01,189.0,0.2422011198196402,linear
S2SA01,190.0,0.2422011198196402,linear
S2SA01,191.0,0.2422011198196402,linear
S2SA01,192.0,0.2422011198196402,linear
S2SA01,193.0,0.2422011198196402,linear
S2SA01,194.0,0.2422011198196402,linear
S2SA01,195.0,0.2422011198196402,linear
S2SA01,196.0,0.2422011198196402,linear
S2SA01,197.0,0.2422011198196402,linear
S2SA01,198.0,0.2422011198196402,linear
S2SA01,199.0,0.2422011198196402,linear
S2SA01,200.0,0.2422011198196402,linear
S2SA01,201.0,0.2422011198196402,linear
S2SA01,202.0,0.2422011198196402,linear
S2SA01,203.0,0.2422011198196402,linear
S2SA01,204.0,0.2422011198196402,linear
S2SA01,205.0,0.2422011198196402,linear
S2SA01,206.0,0.2422011198196402,linear
S2SA01,207.0,0.2422011198196402,linear
S2SA01,208.0,0.2422011198196402,linear
S2SA01,209.0,0.2422011198196402,linear
S2SA01,210.0,0.2422011198196402,linear
S2SA01,211.0,0.2422011198196402,linear
S2SA01,212.0,0.2422011198196402,linear
S2SA01,213.0,0.2422011198196402,linear
S2SA01,214.0,0.2422011198196402,linear
S2SA01,215.0,0.2422011198196402,linear
S2SA01,216.0,0.2422011198196402,linear
S2SA01,217.0,0.2422011198196402,linear
S2SA01,218.0,0.2422011198196402,linear
S2SA01,219.0,0.2422011198196402,linear
S2SA01,220.0,0.2422011198196402,linear
S2SA01,221.0,0.2422011198196402,linear
S2SA01,222.0,0.2422011198196402,linear
S2SA01,223.0,0.2422011198196402,linear
S2SA01,224.0,0.2422011198196402,linear
S2SA01,225.0,0.2422011198196402,linear
S2SA01,226.0,0.2422011198196402,linear
S2SA01,227.0,0.2422011198196402,linear
S2SA01,228.0,0.2422011198196402,linear
S2SA01,229.0,0.2422011198196402,linear
S2SA01,230.0,0.2422011198196402,linear
S2SA01,231.0,0.2422011198196402,linear
S2SA01,232.0,0.2422011198196402,linear
S2SA01,233.0,0.2422011198196402,linear
S2SA01,234.0,0.2422011198196402,linear
S2SA01,235.0,0.2422011198196402,linear
S2SA01,236.0,0.2422011198196402,linear
S2SA01,237.0,0.2422011198196402,linear
S2SA01,238.0,0.2422011198196402,linear
S2SA01,239.0,0.2422011198196402,linear
S2SA01,240.0,0.2422011198196402,linear
S2SA01,241.0,0.2422011198196402,linear
S2SA01,242.0,0.2422011198196402,linear
S2SA01,243.0,0.2422011198196403,linear
S2SA01,244.0,0.2422011198196403,linear
S2SA01,245.0,0.2422011198196403,linear
S2SA01,246.0,0.2422011198196403,linear
S2SA01,247.0,0.2422011198196403,linear
S2SA01,248.0,0.2422011198196403,linear
S2SA01,249.0,0.2422011198196403,linear
S2SA01,250.0,0.2422011198196403,linear
S2SA01,251.0,0.2422011198196403,linear
S2SA01,252.0,0.2422011198196403,linear
S2SA01,253.0,0.2422011198196403,linear
S2SA01,254.0,0.2422011198196403,linear
S2SA01,255.0,0.2422011198196403,linear
S2SA01,256.0,0.2422011198196403,linear
S2SA01,257.0,0.2422011198196403,linear
S2SA01,258.0,0.2422011198196403,linear
S2SA01,259.0,0.2422011198196403,linear
S2SA01,260.0,0.2422011198196403,linear
S2SA01,261.0,0.2422011198196403,linear
S2SA01,262.0,0.2422011198196403,linear
S2SA01,263.0,0.2422011198196403,linear
S2SA01,264.0,0.2422011198196403,linear
S2SA01,265.0,0.2422011198196403,linear
S2SA01,266.0,0.2422011198196403,linear
S2SA01,267.0,0.2422011198196403,linear
S2SA01,268.0,0.2422011198196403,linear
S2SA01,269.0,0.2422011198196403,linear
S2SA01,270.0,0.2422011198196403,linear
S2SA01,271.0,0.2422011198196403,linear
S2SA01,272.0,0.2422011198196403,linear
S2SA01,273.0,0.2422011198196403,linear
S2SA01,274.0,0.2422011198196403,linear
S2SA01,275.0,0.2422011198196403,linear
S2SA01,276.0,0.2422011198196403,linear
S2SA01,277.0,0.2422011198196403,linear
S2SA01,278.0,0.2422011198196403,linear
S2SA01,279.0,0.2422011198196403,linear
S2SA01,280.0,0.2422011198196403,linear
S2SA01,281.0,0.2422011198196403,linear
S2SA01,282.0,0.2422011198196403,linear
S2SA01,283.0,0.2422011198196403,linear
S2SA01,284.0,0.2422011198196403,linear
S2SA01,285.0,0.2422011198196403,linear
S2SA01,286.0,0.2422011198196403,linear
S2SA01,287.0,0.2422011198196403,linear
S2SA01,288.0,0.2422011198196403,linear
S2SA01,289.0,0.2422011198196403,linear
S2SA01,290.0,0.2422011198196403,linear
S2SA01,291.0,0.2422011198196403,linear
S2SA01,292.0,0.2422011198196403,linear
S2SA01,293.0,0.2422011198196403,linear
S2SA01,294.0,0.2422011198196403,linear
S2SA01,295.0,0.2422011198196403,linear
S2SA01,296.0,0.2422011198196403,linear
S2SA01,297.0,0.2422011198196403,linear
S2SA01,298.0,0.2422011198196403,linear
S2SA01,299.0,0.2422011198196403,linear
S2SA01,300.0,0.2422011198196403,linear
S2SA01,301.0,0.2422011198196403,linear
S2SA01,302.0,0.2422011198196403,linear
S2SA01,303.0,0.2422011198196403,linear
S2SA01,304.0,0.2422011198196403,linear
S2SA01,305.0,0.2422011198196403,linear
S2SA01,306.0,0.2422011198196403,linear
S2SA01,307.0,0.2422011198196403,linear
S2SA01,308.0,0.2422011198196403,linear
S2SA01,309.0,0.2422011198196403,linear
S2SA01,310.0,0.2422011198196403,linear
S2SA01,311.0,0.2422011198196403,linear
S2SA01,312.0,0.2422011198196403,linear
S2SA01,313.0,0.2422011198196403,linear
S2SA01,314.0,0.2422011198196403,linear
S2SA01,315.0,0.2422011198196404,linear
S2SA01,316.0,0.2422011198196404,linear
S2SA01,317.0,0.2422011198196404,linear
S2SA01,318.0,0.2422011198196404,linear
S2SA01,319.0,0.2422011198196404,linear
S2SA01,320.0,0.2422011198196404,linear
S2SA01,321.0,0.2422011198196404,linear
S2SA01,322.0,0.2422011198196404,linear
S2SA01,323.0,0.2422011198196404,linear
S2SA01,324.0,0.2422011198196404,linear
S2SA01,325.0,0.2422011198196404,linear
S2SA01,326.0,0.2422011198196404,linear
S2SA01,327.0,0.2422011198196404,linear
S2SA01,328.0,0.2422011198196404,linear
S2SA01,329.0,0.2422011198196404,linear
S2SA01,330.0,0.2422011198196404,linear
S2SA01,331.0,0.2422011198196404,linear
S2SA01,332.0,0.2422011198196404,linear
S2SA01,333.0,0.2422011198196404,linear
S2SA01,334.0,0.2422011198196404,linear
S2SA01,335.0,0.2422011198196404,linear
S2SA01,336.0,0.2422011198196404,linear
S2SA01,337.0,0.2422011198196404,linear
S2SA01,338.0,0.2422011198196404,linear
S2SA01,339.0,0.2422011198196404,linear
S2SA01,340.0,0.2422011198196404,linear
S2SA01,341.0,0.2422011198196404,linear
S2SA01,342.0,0.2422011198196404,linear
S2SA01,343.0,0.2422011198196404,linear
S2SA01,344.0,0.2422011198196404,linear
S2SA01,345.0,0.2422011198196404,linear
S2SA01,346.0,0.2422011198196404,linear
S2SA01,347.0,0.2422011198196404,linear
S2SA01,348.0,0.2422011198196404,linear
S2SA01,349.0,0.2422011198196404,linear
S2SA01,350.0,0.2422011198196404,linear
S2SA01,351.0,0.2422011198196404,linear
S2SA01,352.0,0.2422011198196404,linear
S2SA01,353.0,0.2422011198196404,linear
S2SA01,354.0,0.2422011198196404,linear
S2SA01,355.0,0.2422011198196404,linear
S2SA01,356.0,0.2422011198196404,linear
S2SA01,357.0,0.2422011198196404,linear
S2SA01,358.0,0.2422011198196404,linear
S2SA01,359.0,0.2422011198196404,linear
S2SA01,360.0,0.2422011198196404,linear
S2SA01,361.0,0.2422011198196404,linear
S2SA01,362.0,0.2422011198196404,linear
S2SA01,363.0,0.2422011198196404,linear
S2SA01,364.0,0.2422011198196404,linear
S2SA01,365.0,0.2422011198196404,linear
S2SA02,0.0,0.1263568648145831,linear
S2SA02,1.0,0.1263568648145831,linear
S2SA02,2.0,0.1263568648145831,linear
S2SA02,3.0,0.1263568648145831,linear
S2SA02,4.0,0.1263568648145831,linear
S2SA02,5.0,0.1263568648145831,linear
S2SA02,6.0,0.1263568648145831,linear
S2SA02,7.0,0.1263568648145831,linear
S2SA02,8.0,0.1263568648145831,linear
S2SA02,9.0,0.1263568648145831,linear
S2SA02,10.0,0.1263568648145831,linear
S2SA02,11.0,0.1263568648145831,linear
S2SA02,12.0,0.1263568648145831,linear
S2SA02,13.0,0.1263568648145831,linear
S2SA02,14.0,0.1263568648145831,linear
S2SA02,15.0,0.1263568648145831,linear
S2SA02,16.0,0.1263568648145831,linear
S2SA02,17.0,0.1263568648145831,linear
S2SA02,18.0,0.1263568648145831,linear
S2SA02,19.0,0.1263568648145831,linear
S2SA02,20.0,0.1263568648145831,linear
S2SA02,21.0,0.1263568648145831,linear
S2SA02,22.0,0.1263568648145831,linear
S2SA02,23.0,0.1263568648145831,linear
S2SA02,24.0,0.1263568648145831,linear
S2SA02,25.0,0.1263568648145831,linear
S2SA02,26.0,0.1263568648145831,linear
S2SA02,27.0,0.1263568648145831,linear
S2SA02,28.0,0.1263568648145831,linear
S2SA02,29.0,0.1263568648145831,linear
S2SA02,30.0,0.1263568648145831,linear
S2SA02,31.0,0.1263568648145831,linear
S2SA02,32.0,0.1263568648145831,linear
S2SA02,33.0,0.1263568648145831,linear
S2SA02,34.0,0.1263568648145831,linear
S2SA02,35.0,0.1263568648145831,linear
S2SA02,36.0,0.1263568648145831,linear
S2SA02,37.0,0.1263568648145831,linear
S2SA02,38.0,0.1263568648145831,linear
S2SA02,39.0,0.1263568648145831,linear
S2SA02,40.0,0.1263568648145831,linear
S2SA02,41.0,0.1263568648145831,linear
S2SA02,42.0,0.1263568648145831,linear
S2SA02,43.0,0.1263568648145831,linear
S2SA02,44.0,0.1263568648145831,linear
S2SA02,45.0,0.1263568648145831,linear
S2SA02,46.0,0.1263568648145831,linear
S2SA02,47.0,0.1263568648145831,linear
S2SA02,48.0,0.1263568648145831,linear
S2SA02,49.0,0.1263568648145831,linear
S2SA02,50.0,0.1263568648145831,linear
S2SA02,51.0,0.1263568648145831,linear
S2SA02,52.0,0.1263568648145831,linear
S2SA02,53.0,0.1263568648145831,linear
S2SA02,54.0,0.1263568648145831,linear
S2SA02,55.0,0.1263568648145831,linear
S2SA02,56.0,0.1263568648145831,linear
S2SA02,57.0,0.1263568648145831,linear
S2SA02,58.0,0.1263568648145831,linear
S2SA02,59.0,0.1263568648145831,linear
S2SA02,60.0,0.1263568648145831,linear
S2SA02,61.0,0.1263568648145831,linear
S2SA02,62.0,0.1263568648145831,linear
S2SA02,63.0,0.1263568648145831,linear
S2SA02,64.0,0.1263568648145831,linear
S2SA02,65.0,0.1263568648145831,linear
S2SA02,66.0,0.1263568648145831,linear
S2SA02,67.0,0.1263568648145831,linear
S2SA02,68.0,0.1263568648145831,linear
S2SA02,69.0,0.1263568648145831,linear
S2SA02,70.0,0.1263568648145831,linear
S2SA02,71.0,0.1263568648145832,linear
S2SA02,72.0,0.1263568648145832,linear
S2SA02,73.0,0.1263568648145832,linear
S2SA02,74.0,0.1263568648145832,linear
S2SA02,75.0,0.1263568648145832,linear
S2SA02,76.0,0.1263568648145832,linear
S2SA02,77.0,0.1263568648145832,linear
S2SA02,78.0,0.1263568648145832,linear
S2SA02,79.0,0.1263568648145832,linear
S2SA02,80.0,0.1263568648145832,linear
S2SA02,81.0,0.1263568648145832,linear
S2SA02,82.0,0.1263568648145832,linear
S2SA02,83.0,0.1263568648145832,linear
S2SA02,84.0,0.1263568648145832,linear
S2SA02,85.0,0.1263568648145832,linear
S2SA02,86.0,0.1263568648145832,linear
S2SA02,87.0,0.1263568648145832,linear
S2SA02,88.0,0.1263568648145832,linear
S2SA02,89.0,0.1263568648145832,linear
S2SA02,90.0,0.1263568648145832,linear
S2SA02,91.0,0.1263568648145832,linear
S2SA02,92.0,0.1263568648145832,linear
S2SA02,93.0,0.1263568648145832,linear
S2SA02,94.0,0.1263568648145832,linear
S2SA02,95.0,0.1263568648145832,linear
S2SA02,96.0,0.1263568648145832,linear
S2SA02,97.0,0.1263568648145832,linear
S2SA02,98.0,0.1263568648145832,linear
S2SA02,99.0,0.1263568648145832,linear
S2SA02,100.0,0.1263568648145832,linear
S2SA02,101.0,0.1263568648145832,linear
S2SA02,102.0,0.1263568648145832,linear
S2SA02,103.0,0.1263568648145832,linear
S2SA02,104.0,0.1263568648145832,linear
S2SA02,105.0,0.1263568648145832,linear
S2SA02,106.0,0.1263568648145832,linear
S2SA02,107.0,0.1263568648145832,linear
S2SA02,108.0,0.1263568648145832,linear
S2SA02,109.0,0.1263568648145832,linear
S2SA02,110.0,0.1263568648145832,linear
S2SA02,111.0,0.1263568648145832,linear
S2SA02,112.0,0.1263568648145832,linear
S2SA02,113.0,0.1263568648145832,linear
S2SA02,114.0,0.1263568648145832,linear
S2SA02,115.0,0.1263568648145832,linear
S2SA02,116.0,0.1263568648145832,linear
S2SA02,117.0,0.1263568648145832,linear
S2SA02,118.0,0.1263568648145832,linear
S2SA02,119.0,0.1263568648145832,linear
S2SA02,120.0,0.1263568648145832,linear
S2SA02,121.0,0.1263568648145832,linear
S2SA02,122.0,0.1263568648145832,linear
S2SA02,123.0,0.1263568648145832,linear
S2SA02,124.0,0.1263568648145832,linear
S2SA02,125.0,0.1263568648145832,linear
S2SA02,126.0,0.1263568648145832,linear
S2SA02,127.0,0.1263568648145832,linear
S2SA02,128.0,0.1263568648145832,linear
S2SA02,129.0,0.1263568648145832,linear
S2SA02,130.0,0.1263568648145832,linear
S2SA02,131.0,0.1263568648145832,linear
S2SA02,132.0,0.1263568648145832,linear
S2SA02,133.0,0.1263568648145832,linear
S2SA02,134.0,0.1263568648145832,linear
S2SA02,135.0,0.1263568648145832,linear
S2SA02,136.0,0.1263568648145832,linear
S2SA02,137.0,0.1263568648145832,linear
S2SA02,138.0,0.1263568648145832,linear
S2SA02,139.0,0.1263568648145832,linear
S2SA02,140.0,0.1263568648145832,linear
S2SA02,141.0,0.1263568648145832,linear
S2SA02,142.0,0.1263568648145832,linear
S2SA02,143.0,0.1263568648145832,linear
S2SA02,144.0,0.1263568648145832,linear
S2SA02,145.0,0.1263568648145832,linear
S2SA02,146.0,0.1263568648145832,linear
S2SA02,147.0,0.1263568648145832,linear
S2SA02,148.0,0.1263568648145832,linear
S2SA02,149.0,0.1263568648145832,linear
S2SA02,150.0,0.1263568648145832,linear
S2SA02,151.0,0.1263568648145832,linear
S2SA02,152.0,0.1263568648145832,linear
S2SA02,153.0,0.1263568648145832,linear
S2SA02,154.0,0.1263568648145832,linear
S2SA02,155.0,0.1263568648145832,linear
S2SA02,156.0,0.1263568648145832,linear
S2SA02,157.0,0.1263568648145832,linear
S2SA02,158.0,0.1263568648145832,linear
S2SA02,159.0,0.1263568648145832,linear
S2SA02,160.0,0.1263568648145832,linear
S2SA02,161.0,0.1263568648145832,linear
S2SA02,162.0,0.1263568648145832,linear
S2SA02,163.0,0.1263568648145832,linear
S2SA02,164.0,0.1263568648145832,linear
S2SA02,165.0,0.1263568648145832,linear
S2SA02,166.0,0.1263568648145832,linear
S2SA02,167.0,0.1263568648145832,linear
S2SA02,168.0,0.1263568648145832,linear
S2SA02,169.0,0.1263568648145832,linear
S2SA02,170.0,0.1263568648145832,linear
S2SA02,171.0,0.1263568648145832,linear
S2SA02,172.0,0.1263568648145832,linear
S2SA02,173.0,0.1263568648145832,linear
S2SA02,174.0,0.1263568648145832,linear
S2SA02,175.0,0.1263568648145832,linear
S2SA02,176.0,0.1263568648145832,linear
S2SA02,177.0,0.1263568648145832,linear
S2SA02,178.0,0.1263568648145832,linear
S2SA02,179.0,0.1263568648145832,linear
S2SA02,180.0,0.1263568648145832,linear
S2SA02,181.0,0.1263568648145832,linear
S2SA02,182.0,0.1263568648145832,linear
S2SA02,183.0,0.1263568648145832,linear
S2SA02,184.0,0.1263568648145832,linear
S2SA02,185.0,0.1263568648145832,linear
S2SA02,186.0,0.1263568648145832,linear
S2SA02,187.0,0.1263568648145832,linear
S2SA02,188.0,0.1263568648145832,linear
S2SA02,189.0,0.1263568648145832,linear
S2SA02,190.0,0.1263568648145832,linear
S2SA02,191.0,0.1263568648145832,linear
S2SA02,192.0,0.1263568648145832,linear
S2SA02,193.0,0.1263568648145832,linear
S2SA02,194.0,0.1263568648145832,linear
S2SA02,195.0,0.1263568648145832,linear
S2SA02,196.0,0.1263568648145832,linear
S2SA02,197.0,0.1263568648145832,linear
S2SA02,198.0,0.1263568648145832,linear
S2SA02,199.0,0.1263568648145832,linear
S2SA02,200.0,0.1263568648145832,linear
S2SA02,201.0,0.1263568648145832,linear
S2SA02,202.0,0.1263568648145832,linear
S2SA02,203.0,0.1263568648145832,linear
S2SA02,204.0,0.1263568648145832,linear
S2SA02,205.0,0.1263568648145832,linear
S2SA02,206.0,0.1263568648145832,linear
S2SA02,207.0,0.1263568648145832,linear
S2SA02,208.0,0.1263568648145832,linear
S2SA02,209.0,0.1263568648145832,linear
S2SA02,210.0,0.1263568648145832,linear
S2SA02,211.0,0.1263568648145832,linear
S2SA02,212.0,0.1263568648145832,linear
S2SA02,213.0,0.1263568648145832,linear
S2SA02,214.0,0.1263568648145832,linear
S2SA02,215.0,0.1263568648145832,linear
S2SA02,216.0,0.1263568648145832,linear
S2SA02,217.0,0.1263568648145832,linear
S2SA02,218.0,0.1263568648145832,linear
S2SA02,219.0,0.1263568648145832,linear
S2SA02,220.0,0.1263568648145832,linear
S2SA02,221.0,0.1263568648145832,linear
S2SA02,222.0,0.1263568648145832,linear
S2SA02,223.0,0.1263568648145832,linear
S2SA02,224.0,0.1263568648145832,linear
S2SA02,225.0,0.1263568648145832,linear
S2SA02,226.0,0.1263568648145832,linear
S2SA02,227.0,0.1263568648145832,linear
S2SA02,228.0,0.1263568648145832,linear
S2SA02,229.0,0.1263568648145832,linear
S2SA02,230.0,0.1263568648145832,linear
S2SA02,231.0,0.1263568648145832,linear
S2SA02,232.0,0.1263568648145832,linear
S2SA02,233.0,0.1263568648145832,linear
S2SA02,234.0,0.1263568648145832,linear
S2SA02,235.0,0.1263568648145832,linear
S2SA02,236.0,0.1263568648145832,linear
S2SA02,237.0,0.1263568648145832,linear
S2SA02,238.0,0.1263568648145832,linear
S2SA02,239.0,0.1263568648145832,linear
S2SA02,240.0,0.1263568648145832,linear
S2SA02,241.0,0.1263568648145832,linear
S2SA02,242.0,0.1263568648145832,linear
S2SA02,243.0,0.1263568648145832,linear
S2SA02,244.0,0.1263568648145832,linear
S2SA02,245.0,0.1263568648145832,linear
S2SA02,246.0,0.1263568648145832,linear
S2SA02,247.0,0.1263568648145832,linear
S2SA02,248.0,0.1263568648145832,linear
S2SA02,249.0,0.1263568648145832,linear
S2SA02,250.0,0.1263568648145832,linear
S2SA02,251.0,0.1263568648145832,linear
S2SA02,252.0,0.1263568648145832,linear
S2SA02,253.0,0.1263568648145832,linear
S2SA02,254.0,0.1263568648145832,linear
S2SA02,255.0,0.1263568648145832,linear
S2SA02,256.0,0.1263568648145832,linear
S2SA02,257.0,0.1263568648145832,linear
S2SA02,258.0,0.1263568648145832,linear
S2SA02,259.0,0.1263568648145832,linear
S2SA02,260.0,0.1263568648145832,linear
S2SA02,261.0,0.1263568648145832,linear
S2SA02,262.0,0.1263568648145832,linear
S2SA02,263.0,0.1263568648145832,linear
S2SA02,264.0,0.1263568648145832,linear
S2SA02,265.0,0.1263568648145832,linear
S2SA02,266.0,0.1263568648145832,linear
S2SA02,267.0,0.1263568648145832,linear
S2SA02,268.0,0.1263568648145832,linear
S2SA02,269.0,0.1263568648145832,linear
S2SA02,270.0,0.1263568648145832,linear
S2SA02,271.0,0.1263568648145832,linear
S2SA02,272.0,0.1263568648145832,linear
S2SA02,273.0,0.1263568648145832,linear
S2SA02,274.0,0.1263568648145832,linear
S2SA02,275.0,0.1263568648145832,linear
S2SA02,276.0,0.1263568648145832,linear
S2SA02,277.0,0.1263568648145832,linear
S2SA02,278.0,0.1263568648145832,linear
S2SA02,279.0,0.1263568648145832,linear
S2SA02,280.0,0.1263568648145832,linear
S2SA02,281.0,0.1263568648145832,linear
S2SA02,282.0,0.1263568648145832,linear
S2SA02,283.0,0.1263568648145832,linear
S2SA02,284.0,0.1263568648145832,linear
S2SA02,285.0,0.1263568648145832,linear
S2SA02,286.0,0.1263568648145832,linear
S2SA02,287.0,0.1263568648145832,linear
S2SA02,288.0,0.1263568648145832,linear
S2SA02,289.0,0.1263568648145832,linear
S2SA02,290.0,0.1263568648145832,linear
S2SA02,291.0,0.1263568648145832,linear
S2SA02,292.0,0.1263568648145832,linear
S2SA02,293.0,0.1263568648145832,linear
S2SA02,294.0,0.1263568648145832,linear
S2SA02,295.0,0.1263568648145832,linear
S2SA02,296.0,0.1263568648145832,linear
S2SA02,297.0,0.1263568648145832,linear
S2SA02,298.0,0.1263568648145832,linear
S2SA02,299.0,0.1263568648145832,linear
S2SA02,300.0,0.1263568648145832,linear
S2SA02,301.0,0.1263568648145832,linear
S2SA02,302.0,0.1263568648145832,linear
S2SA02,303.0,0.1263568648145832,linear
S2SA02,304.0,0.1263568648145832,linear
S2SA02,305.0,0.1263568648145832,linear
S2SA02,306.0,0.1263568648145832,linear
S2SA02,307.0,0.1263568648145832,linear
S2SA02,308.0,0.1263568648145832,linear
S2SA02,309.0,0.1263568648145832,linear
S2SA02,310.0,0.1263568648145832,linear
S2SA02,311.0,0.1263568648145832,linear
S2SA02,312.0,0.1263568648145832,linear
S2SA02,313.0,0.1263568648145832,linear
S2SA02,314.0,0.1263568648145832,linear
S2SA02,315.0,0.1263568648145832,linear
S2SA02,316.0,0.1263568648145832,linear
S2SA02,317.0,0.1263568648145832,linear
S2SA02,318.0,0.1263568648145832,linear
S2SA02,319.0,0.1263568648145832,linear
S2SA02,320.0,0.1263568648145832,linear
S2SA02,321.0,0.1263568648145832,linear
S2SA02,322.0,0.1263568648145832,linear
S2SA02,323.0,0.1263568648145832,linear
S2SA02,324.0,0.1263568648145832,linear
S2SA02,325.0,0.1263568648145832,linear
S2SA02,326.0,0.1263568648145832,linear
S2SA02,327.0,0.1263568648145832,linear
S2SA02,328.0,0.1263568648145832,linear
S2SA02,329.0,0.1263568648145832,linear
S2SA02,330.0,0.1263568648145832,linear
S2SA02,331.0,0.1263568648145832,linear
S2SA02,332.0,0.1263568648145832,linear
S2SA02,333.0,0.1263568648145832,linear
S2SA02,334.0,0.1263568648145832,linear
S2SA02,335.0,0.1263568648145832,linear
S2SA02,336.0,0.1263568648145832,linear
S2SA02,337.0,0.1263568648145832,linear
S2SA02,338.0,0.1263568648145832,linear
S2SA02,339.0,0.1263568648145832,linear
S2SA02,340.0,0.1263568648145832,linear
S2SA02,341.0,0.1263568648145832,linear
S2SA02,342.0,0.1263568648145832,linear
S2SA02,343.0,0.1263568648145832,linear
S2SA02,344.0,0.1263568648145832,linear
S2SA02,345.0,0.1263568648145832,linear
S2SA02,346.0,0.1263568648145832,linear
S2SA02,347.0,0.1263568648145832,linear
S2SA02,348.0,0.1263568648145832,linear
S2SA02,349.0,0.1263568648145832,linear
S2SA02,350.0,0.1263568648145832,linear
S2SA02,351.0,0.1263568648145832,linear
S2SA02,352.0,0.1263568648145832,linear
S2SA02,353.0,0.1263568648145832,linear
S2SA02,354.0,0.1263568648145832,linear
S2SA02,355.0,0.1263568648145832,linear
S2SA02,356.0,0.1263568648145832,linear
S2SA02,357.0,0.1263568648145832,linear
S2SA02,358.0,0.1263568648145832,linear
S2SA02,359.0,0.1263568648145832,linear
S2SA02,360.0,0.1263568648145832,linear
S2SA02,361.0,0.1263568648145832,linear
S2SA02,362.0,0.1263568648145832,linear
S2SA02,363.0,0.1263568648145832,linear
S2SA02,364.0,0.1263568648145832,linear
S2SA02,365.0,0.1263568648145832,linear
S2SA03,0.0,0.1403378538433743,linear
S2SA03,1.0,0.1403378538433743,linear
S2SA03,2.0,0.1403378538433743,linear
S2SA03,3.0,0.1403378538433743,linear
S2SA03,4.0,0.1403378538433743,linear
S2SA03,5.0,0.1403378538433743,linear
S2SA03,6.0,0.1403378538433743,linear
S2SA03,7.0,0.1403378538433743,linear
S2SA03,8.0,0.1403378538433743,linear
S2SA03,9.0,0.1403378538433743,linear
S2SA03,10.0,0.1403378538433743,linear
S2SA03,11.0,0.1403378538433743,linear
S2SA03,12.0,0.1403378538433743,linear
S2SA03,13.0,0.1403378538433743,linear
S2SA03,14.0,0.1403378538433743,linear
S2SA03,15.0,0.1403378538433743,linear
S2SA03,16.0,0.1403378538433743,linear
S2SA03,17.0,0.1403378538433743,linear
S2SA03,18.0,0.1403378538433743,linear
S2SA03,19.0,0.1403378538433743,linear
S2SA03,20.0,0.1403378538433743,linear
S2SA03,21.0,0.1403378538433743,linear
S2SA03,22.0,0.1403378538433743,linear
S2SA03,23.0,0.1403378538433743,linear
S2SA03,24.0,0.1403378538433743,linear
S2SA03,25.0,0.1403378538433743,linear
S2SA03,26.0,0.1403378538433743,linear
S2SA03,27.0,0.1403378538433743,linear
S2SA03,28.0,0.1403378538433743,linear
S2SA03,29.0,0.1403378538433743,linear
S2SA03,30.0,0.1403378538433743,linear
S2SA03,31.0,0.1403378538433743,linear
S2SA03,32.0,0.1403378538433743,linear
S2SA03,33.0,0.1403378538433743,linear
S2SA03,34.0,0.1403378538433743,linear
S2SA03,35.0,0.1403378538433743,linear
S2SA03,36.0,0.1403378538433743,linear
S2SA03,37.0,0.1403378538433743,linear
S2SA03,38.0,0.1403378538433743,linear
S2SA03,39.0,0.1403378538433743,linear
S2SA03,40.0,0.1403378538433743,linear
S2SA03,41.0,0.1403378538433743,linear
S2SA03,42.0,0.1403378538433743,linear
S2SA03,43.0,0.1403378538433743,linear
S2SA03,44.0,0.1403378538433743,linear
S2SA03,45.0,0.1403378538433743,linear
S2SA03,46.0,0.1403378538433743,linear
S2SA03,47.0,0.1403378538433743,linear
S2SA03,48.0,0.1403378538433743,linear
S2SA03,49.0,0.1403378538433743,linear
S2SA03,50.0,0.1403378538433743,linear
S2SA03,51.0,0.1403378538433743,linear
S2SA03,52.0,0.1403378538433743,linear
S2SA03,53.0,0.1403378538433743,linear
S2SA03,54.0,0.1403378538433743,linear
S2SA03,55.0,0.1403378538433743,linear
S2SA03,56.0,0.1403378538433743,linear
S2SA03,57.0,0.1403378538433743,linear
S2SA03,58.0,0.1403378538433743,linear
S2SA03,59.0,0.1403378538433743,linear
S2SA03,60.0,0.1403378538433743,linear
S2SA03,61.0,0.1403378538433743,linear
S2SA03,62.0,0.1403378538433743,linear
S2SA03,63.0,0.1403378538433743,linear
S2SA03,64.0,0.1403378538433743,linear
S2SA03,65.0,0.1403378538433743,linear
S2SA03,66.0,0.1403378538433743,linear
S2SA03,67.0,0.1403378538433743,linear
S2SA03,68.0,0.1403378538433743,linear
S2SA03,69.0,0.1403378538433743,linear
S2SA03,70.0,0.1403378538433743,linear
S2SA03,71.0,0.1403378538433743,linear
S2SA03,72.0,0.1403378538433743,linear
S2SA03,73.0,0.1403378538433743,linear
S2SA03,74.0,0.1403378538433743,linear
S2SA03,75.0,0.1403378538433743,linear
S2SA03,76.0,0.1403378538433743,linear
S2SA03,77.0,0.1403378538433743,linear
S2SA03,78.0,0.1403378538433743,linear
S2SA03,79.0,0.1403378538433743,linear
S2SA03,80.0,0.1403378538433743,linear
S2SA03,81.0,0.1403378538433743,linear
S2SA03,82.0,0.1403378538433743,linear
S2SA03,83.0,0.1403378538433743,linear
S2SA03,84.0,0.1403378538433743,linear
S2SA03,85.0,0.1403378538433743,linear
S2SA03,86.0,0.1403378538433743,linear
S2SA03,87.0,0.1403378538433743,linear
S2SA03,88.0,0.1403378538433743,linear
S2SA03,89.0,0.1403378538433744,linear
S2SA03,90.0,0.1403378538433744,linear
S2SA03,91.0,0.1403378538433744,linear
S2SA03,92.0,0.1403378538433744,linear
S2SA03,93.0,0.1403378538433744,linear
S2SA03,94.0,0.1403378538433744,linear
S2SA03,95.0,0.1403378538433744,linear
S2SA03,96.0,0.1403378538433744,linear
S2SA03,97.0,0.1403378538433744,linear
S2SA03,98.0,0.1403378538433744,linear
S2SA03,99.0,0.1403378538433744,linear
S2SA03,100.0,0.1403378538433744,linear
S2SA03,101.0,0.1403378538433744,linear
S2SA03,102.0,0.1403378538433744,linear
S2SA03,103.0,0.1403378538433744,linear
S2SA03,104.0,0.1403378538433744,linear
S2SA03,105.0,0.1403378538433744,linear
S2SA03,106.0,0.1403378538433744,linear
S2SA03,107.0,0.1403378538433744,linear
S2SA03,108.0,0.1403378538433744,linear
S2SA03,109.0,0.1403378538433744,linear
S2SA03,110.0,0.1403378538433744,linear
S2SA03,111.0,0.1403378538433744,linear
S2SA03,112.0,0.1403378538433744,linear
S2SA03,113.0,0.1403378538433744,linear
S2SA03,114.0,0.1403378538433744,linear
S2SA03,115.0,0.1403378538433744,linear
S2SA03,116.0,0.1403378538433744,linear
S2SA03,117.0,0.1403378538433744,linear
S2SA03,118.0,0.1403378538433744,linear
S2SA03,119.0,0.1403378538433744,linear
S2SA03,120.0,0.1403378538433744,linear
S2SA03,121.0,0.1403378538433744,linear
S2SA03,122.0,0.1403378538433744,linear
S2SA03,123.0,0.1403378538433744,linear
S2SA03,124.0,0.1403378538433744,linear
S2SA03,125.0,0.1403378538433744,linear
S2SA03,126.0,0.1403378538433744,linear
S2SA03,127.0,0.1403378538433744,linear
S2SA03,128.0,0.1403378538433744,linear
S2SA03,129.0,0.1403378538433744,linear
S2SA03,130.0,0.1403378538433744,linear
S2SA03,131.0,0.1403378538433744,linear
S2SA03,132.0,0.1403378538433744,linear
S2SA03,133.0,0.1403378538433744,linear
S2SA03,134.0,0.1403378538433744,linear
S2SA03,135.0,0.1403378538433744,linear
S2SA03,136.0,0.1403378538433744,linear
S2SA03,137.0,0.1403378538433744,linear
S2SA03,138.0,0.1403378538433744,linear
S2SA03,139.0,0.1403378538433744,linear
S2SA03,140.0,0.1403378538433744,linear
S2SA03,141.0,0.1403378538433744,linear
S2SA03,142.0,0.1403378538433744,linear
S2SA03,143.0,0.1403378538433744,linear
S2SA03,144.0,0.1403378538433744,linear
S2SA03,145.0,0.1403378538433744,linear
S2SA03,146.0,0.1403378538433744,linear
S2SA03,147.0,0.1403378538433744,linear
S2SA03,148.0,0.1403378538433744,linear
S2SA03,149.0,0.1403378538433744,linear
S2SA03,150.0,0.1403378538433744,linear
S2SA03,151.0,0.1403378538433744,linear
S2SA03,152.0,0.1403378538433744,linear
S2SA03,153.0,0.1403378538433744,linear
S2SA03,154.0,0.1403378538433744,linear
S2SA03,155.0,0.1403378538433744,linear
S2SA03,156.0,0.1403378538433744,linear
S2SA03,157.0,0.1403378538433744,linear
S2SA03,158.0,0.1403378538433744,linear
S2SA03,159.0,0.1403378538433744,linear
S2SA03,160.0,0.1403378538433744,linear
S2SA03,161.0,0.1403378538433744,linear
S2SA03,162.0,0.1403378538433744,linear
S2SA03,163.0,0.1403378538433744,linear
S2SA03,164.0,0.1403378538433744,linear
S2SA03,165.0,0.1403378538433744,linear
S2SA03,166.0,0.1403378538433744,linear
S2SA03,167.0,0.1403378538433744,linear
S2SA03,168.0,0.1403378538433744,linear
S2SA03,169.0,0.1403378538433744,linear
S2SA03,170.0,0.1403378538433744,linear
S2SA03,171.0,0.1403378538433744,linear
S2SA03,172.0,0.1403378538433744,linear
S2SA03,173.0,0.1403378538433744,linear
S2SA03,174.0,0.1403378538433744,linear
S2SA03,175.0,0.1403378538433744,linear
S2SA03,176.0,0.1403378538433744,linear
S2SA03,177.0,0.1403378538433744,linear
S2SA03,178.0,0.1403378538433744,linear
S2SA03,179.0,0.1403378538433744,linear
S2SA03,180.0,0.1403378538433744,linear
S2SA03,181.0,0.1403378538433744,linear
S2SA03,182.0,0.1403378538433744,linear
S2SA03,183.0,0.1403378538433744,linear
S2SA03,184.0,0.1403378538433744,linear
S2SA03,185.0,0.1403378538433744,linear
S2SA03,186.0,0.1403378538433744,linear
S2SA03,187.0,0.1403378538433744,linear
S2SA03,188.0,0.1403378538433744,linear
S2SA03,189.0,0.1403378538433744,linear
S2SA03,190.0,0.1403378538433744,linear
S2SA03,191.0,0.1403378538433744,linear
S2SA03,192.0,0.1403378538433744,linear
S2SA03,193.0,0.1403378538433744,linear
S2SA03,194.0,0.1403378538433744,linear
S2SA03,195.0,0.1403378538433744,linear
S2SA03,196.0,0.1403378538433745,linear
S2SA03,197.0,0.1403378538433745,linear
S2SA03,198.0,0.1403378538433745,linear
S2SA03,199.0,0.1403378538433745,linear
S2SA03,200.0,0.1403378538433745,linear
S2SA03,201.0,0.1403378538433745,linear
S2SA03,202.0,0.1403378538433745,linear
S2SA03,203.0,0.1403378538433745,linear
S2SA03,204.0,0.1403378538433745,linear
S2SA03,205.0,0.1403378538433745,linear
S2SA03,206.0,0.1403378538433745,linear
S2SA03,207.0,0.1403378538433745,linear
S2SA03,208.0,0.1403378538433745,linear
S2SA03,209.0,0.1403378538433745,linear
S2SA03,210.0,0.1403378538433745,linear
S2SA03,211.0,0.1403378538433745,linear
S2SA03,212.0,0.1403378538433745,linear
S2SA03,213.0,0.1403378538433745,linear
S2SA03,214.0,0.1403378538433745,linear
S2SA03,215.0,0.1403378538433745,linear
S2SA03,216.0,0.1403378538433745,linear
S2SA03,217.0,0.1403378538433745,linear
S2SA03,218.0,0.1403378538433745,linear
S2SA03,219.0,0.1403378538433745,linear
S2SA03,220.0,0.1403378538433745,linear
S2SA03,221.0,0.1403378538433745,linear
S2SA03,222.0,0.1403378538433745,linear
S2SA03,223.0,0.1403378538433745,linear
S2SA03,224.0,0.1403378538433745,linear
S2SA03,225.0,0.1403378538433745,linear
S2SA03,226.0,0.1403378538433745,linear
S2SA03,227.0,0.1403378538433745,linear
S2SA03,228.0,0.1403378538433745,linear
S2SA03,229.0,0.1403378538433745,linear
S2SA03,230.0,0.1403378538433745,linear
S2SA03,231.0,0.1403378538433745,linear
S2SA03,232.0,0.1403378538433745,linear
S2SA03,233.0,0.1403378538433745,linear
S2SA03,234.0,0.1403378538433745,linear
S2SA03,235.0,0.1403378538433745,linear
S2SA03,236.0,0.1403378538433745,linear
S2SA03,237.0,0.1403378538433745,linear
S2SA03,238.0,0.1403378538433745,linear
S2SA03,239.0,0.1403378538433745,linear
S2SA03,240.0,0.1403378538433745,linear
S2SA03,241.0,0.1403378538433745,linear
S2SA03,242.0,0.1403378538433745,linear
S2SA03,243.0,0.1403378538433745,linear
S2SA03,244.0,0.1403378538433745,linear
S2SA03,245.0,0.1403378538433745,linear
S2SA03,246.0,0.1403378538433745,linear
S2SA03,247.0,0.1403378538433745,linear
S2SA03,248.0,0.1403378538433745,linear
S2SA03,249.0,0.1403378538433745,linear
S2SA03,250.0,0.1403378538433745,linear
S2SA03,251.0,0.1403378538433745,linear
S2SA03,252.0,0.1403378538433745,linear
S2SA03,253.0,0.1403378538433745,linear
S2SA03,254.0,0.1403378538433745,linear
S2SA03,255.0,0.1403378538433745,linear
S2SA03,256.0,0.1403378538433745,linear
S2SA03,257.0,0.1403378538433745,linear
S2SA03,258.0,0.1403378538433745,linear
S2SA03,259.0,0.1403378538433745,linear
S2SA03,260.0,0.1403378538433745,linear
S2SA03,261.0,0.1403378538433745,linear
S2SA03,262.0,0.1403378538433745,linear
S2SA03,263.0,0.1403378538433745,linear
S2SA03,264.0,0.1403378538433745,linear
S2SA03,265.0,0.1403378538433745,linear
S2SA03,266.0,0.1403378538433745,linear
S2SA03,267.0,0.1403378538433745,linear
S2SA03,268.0,0.1403378538433745,linear
S2SA03,269.0,0.1403378538433745,linear
S2SA03,270.0,0.1403378538433745,linear
S2SA03,271.0,0.1403378538433745,linear
S2SA03,272.0,0.1403378538433745,linear
S2SA03,273.0,0.1403378538433745,linear
S2SA03,274.0,0.1403378538433745,linear
S2SA03,275.0,0.1403378538433745,linear
S2SA03,276.0,0.1403378538433745,linear
S2SA03,277.0,0.1403378538433745,linear
S2SA03,278.0,0.1403378538433745,linear
S2SA03,279.0,0.1403378538433745,linear
S2SA03,280.0,0.1403378538433745,linear
S2SA03,281.0,0.1403378538433745,linear
S2SA03,282.0,0.1403378538433745,linear
S2SA03,283.0,0.1403378538433745,linear
S2SA03,284.0,0.1403378538433745,linear
S2SA03,285.0,0.1403378538433745,linear
S2SA03,286.0,0.1403378538433745,linear
S2SA03,287.0,0.1403378538433745,linear
S2SA03,288.0,0.1403378538433745,linear
S2SA03,289.0,0.1403378538433745,linear
S2SA03,290.0,0.1403378538433745,linear
S2SA03,291.0,0.1403378538433745,linear
S2SA03,292.0,0.1403378538433745,linear
S2SA03,293.0,0.1403378538433745,linear
S2SA03,294.0,0.1403378538433745,linear
S2SA03,295.0,0.1403378538433745,linear
S2SA03,296.0,0.1403378538433745,linear
S2SA03,297.0,0.1403378538433745,linear
S2SA03,298.0,0.1403378538433745,linear
S2SA03,299.0,0.1403378538433745,linear
S2SA03,300.0,0.1403378538433745,linear
S2SA03,301.0,0.1403378538433745,linear
S2SA03,302.0,0.1403378538433745,linear
S2SA03,303.0,0.1403378538433745,linear
S2SA03,304.0,0.1403378538433745,linear
S2SA03,305.0,0.1403378538433745,linear
S2SA03,306.0,0.1403378538433745,linear
S2SA03,307.0,0.1403378538433745,linear
S2SA03,308.0,0.1403378538433745,linear
S2SA03,309.0,0.1403378538433745,linear
S2SA03,310.0,0.1403378538433745,linear
S2SA03,311.0,0.1403378538433745,linear
S2SA03,312.0,0.1403378538433745,linear
S2SA03,313.0,0.1403378538433745,linear
S2SA03,314.0,0.1403378538433745,linear
S2SA03,315.0,0.1403378538433745,linear
S2SA03,316.0,0.1403378538433745,linear
S2SA03,317.0,0.1403378538433745,linear
S2SA03,318.0,0.1403378538433745,linear
S2SA03,319.0,0.1403378538433745,linear
S2SA03,320.0,0.1403378538433745,linear
S2SA03,321.0,0.1403378538433745,linear
S2SA03,322.0,0.1403378538433745,linear
S2SA03,323.0,0.1403378538433745,linear
S2SA03,324.0,0.1403378538433745,linear
S2SA03,325.0,0.1403378538433745,linear
S2SA03,326.0,0.1403378538433745,linear
S2SA03,327.0,0.1403378538433745,linear
S2SA03,328.0,0.1403378538433745,linear
S2SA03,329.0,0.1403378538433745,linear
S2SA03,330.0,0.1403378538433745,linear
S2SA03,331.0,0.1403378538433745,linear
S2SA03,332.0,0.1403378538433745,linear
S2SA03,333.0,0.1403378538433745,linear
S2SA03,334.0,0.1403378538433745,linear
S2SA03,335.0,0.1403378538433745,linear
S2SA03,336.0,0.1403378538433745,linear
S2SA03,337.0,0.1403378538433746,linear
S2SA03,338.0,0.1403378538433746,linear
S2SA03,339.0,0.1403378538433746,linear
S2SA03,340.0,0.1403378538433746,linear
S2SA03,341.0,0.1403378538433746,linear
S2SA03,342.0,0.1403378538433746,linear
S2SA03,343.0,0.1403378538433746,linear
S2SA03,344.0,0.1403378538433746,linear
S2SA03,345.0,0.1403378538433746,linear
S2SA03,346.0,0.1403378538433746,linear
S2SA03,347.0,0.1403378538433746,linear
S2SA03,348.0,0.1403378538433746,linear
S2SA03,349.0,0.1403378538433746,linear
S2SA03,350.0,0.1403378538433746,linear
S2SA03,351.0,0.1403378538433746,linear
S2SA03,352.0,0.1403378538433746,linear
S2SA03,353.0,0.1403378538433746,linear
S2SA03,354.0,0.1403378538433746,linear
S2SA03,355.0,0.1403378538433746,linear
S2SA03,356.0,0.1403378538433746,linear
S2SA03,357.0,0.1403378538433746,linear
S2SA03,358.0,0.1403378538433746,linear
S2SA03,359.0,0.1403378538433746,linear
S2SA03,360.0,0.1403378538433746,linear
S2SA03,361.0,0.1403378538433746,linear
S2SA03,362.0,0.1403378538433746,linear
S2SA03,363.0,0.1403378538433746,linear
S2SA03,364.0,0.1403378538433746,linear
S2SA03,365.0,0.1403378538433746,linear
S2SA04,0.0,0.1977385396857111,linear
S2SA04,1.0,0.1977385396857111,linear
S2SA04,2.0,0.1977385396857111,linear
S2SA04,3.0,0.1977385396857111,linear
S2SA04,4.0,0.1977385396857111,linear
S2SA04,5.0,0.1977385396857111,linear
S2SA04,6.0,0.1977385396857111,linear
S2SA04,7.0,0.1977385396857111,linear
S2SA04,8.0,0.1977385396857111,linear
S2SA04,9.0,0.1977385396857111,linear
S2SA04,10.0,0.1977385396857111,linear
S2SA04,11.0,0.1977385396857111,linear
S2SA04,12.0,0.1977385396857111,linear
S2SA04,13.0,0.1977385396857111,linear
S2SA04,14.0,0.1977385396857111,linear
S2SA04,15.0,0.1977385396857111,linear
S2SA04,16.0,0.1977385396857111,linear
S2SA04,17.0,0.1977385396857111,linear
S2SA04,18.0,0.1977385396857111,linear
S2SA04,19.0,0.1977385396857111,linear
S2SA04,20.0,0.1977385396857111,linear
S2SA04,21.0,0.1977385396857111,linear
S2SA04,22.0,0.1977385396857111,linear
S2SA04,23.0,0.1977385396857111,linear
S2SA04,24.0,0.1977385396857111,linear
S2SA04,25.0,0.1977385396857111,linear
S2SA04,26.0,0.1977385396857111,linear
S2SA04,27.0,0.1977385396857111,linear
S2SA04,28.0,0.1977385396857111,linear
S2SA04,29.0,0.1977385396857111,linear
S2SA04,30.0,0.1977385396857111,linear
S2SA04,31.0,0.1977385396857111,linear
S2SA04,32.0,0.1977385396857111,linear
S2SA04,33.0,0.1977385396857111,linear
S2SA04,34.0,0.1977385396857111,linear
S2SA04,35.0,0.1977385396857111,linear
S2SA04,36.0,0.1977385396857111,linear
S2SA04,37.0,0.1977385396857111,linear
S2SA04,38.0,0.1977385396857111,linear
S2SA04,39.0,0.1977385396857111,linear
S2SA04,40.0,0.1977385396857111,linear
S2SA04,41.0,0.1977385396857111,linear
S2SA04,42.0,0.1977385396857111,linear
S2SA04,43.0,0.1977385396857111,linear
S2SA04,44.0,0.1977385396857111,linear
S2SA04,45.0,0.1977385396857111,linear
S2SA04,46.0,0.1977385396857111,linear
S2SA04,47.0,0.1977385396857111,linear
S2SA04,48.0,0.1977385396857111,linear
S2SA04,49.0,0.1977385396857111,linear
S2SA04,50.0,0.1977385396857111,linear
S2SA04,51.0,0.1977385396857111,linear
S2SA04,52.0,0.1977385396857111,linear
S2SA04,53.0,0.1977385396857111,linear
S2SA04,54.0,0.1977385396857111,linear
S2SA04,55.0,0.1977385396857111,linear
S2SA04,56.0,0.1977385396857111,linear
S2SA04,57.0,0.1977385396857111,linear
S2SA04,58.0,0.1977385396857111,linear
S2SA04,59.0,0.1977385396857111,linear
S2SA04,60.0,0.1977385396857111,linear
S2SA04,61.0,0.1977385396857111,linear
S2SA04,62.0,0.1977385396857111,linear
S2SA04,63.0,0.1977385396857111,linear
S2SA04,64.0,0.1977385396857111,linear
S2SA04,65.0,0.1977385396857111,linear
S2SA04,66.0,0.1977385396857111,linear
S2SA04,67.0,0.1977385396857111,linear
S2SA04,68.0,0.1977385396857111,linear
S2SA04,69.0,0.1977385396857111,linear
S2SA04,70.0,0.1977385396857111,linear
S2SA04,71.0,0.1977385396857111,linear
S2SA04,72.0,0.1977385396857111,linear
S2SA04,73.0,0.1977385396857111,linear
S2SA04,74.0,0.1977385396857111,linear
S2SA04,75.0,0.1977385396857111,linear
S2SA04,76.0,0.1977385396857111,linear
S2SA04,77.0,0.1977385396857111,linear
S2SA04,78.0,0.1977385396857111,linear
S2SA04,79.0,0.1977385396857111,linear
S2SA04,80.0,0.1977385396857111,linear
S2SA04,81.0,0.1977385396857111,linear
S2SA04,82.0,0.1977385396857111,linear
S2SA04,83.0,0.1977385396857111,linear
S2SA04,84.0,0.1977385396857111,linear
S2SA04,85.0,0.1977385396857111,linear
S2SA04,86.0,0.1977385396857111,linear
S2SA04,87.0,0.1977385396857111,linear
S2SA04,88.0,0.1977385396857111,linear
S2SA04,89.0,0.1977385396857111,linear
S2SA04,90.0,0.1977385396857111,linear
S2SA04,91.0,0.1977385396857111,linear
S2SA04,92.0,0.1977385396857111,linear
S2SA04,93.0,0.1977385396857111,linear
S2SA04,94.0,0.1977385396857111,linear
S2SA04,95.0,0.1977385396857111,linear
S2SA04,96.0,0.1977385396857111,linear
S2SA04,97.0,0.1977385396857111,linear
S2SA04,98.0,0.1977385396857111,linear
S2SA04,99.0,0.1977385396857111,linear
S2SA04,100.0,0.1977385396857111,linear
S2SA04,101.0,0.1977385396857111,linear
S2SA04,102.0,0.1977385396857111,linear
S2SA04,103.0,0.1977385396857111,linear
S2SA04,104.0,0.1977385396857111,linear
S2SA04,105.0,0.1977385396857111,linear
S2SA04,106.0,0.1977385396857111,linear
S2SA04,107.0,0.1977385396857111,linear
S2SA04,108.0,0.1977385396857111,linear
S2SA04,109.0,0.1977385396857111,linear
S2SA04,110.0,0.1977385396857111,linear
S2SA04,111.0,0.1977385396857111,linear
S2SA04,112.0,0.1977385396857111,linear
S2SA04,113.0,0.1977385396857111,linear
S2SA04,114.0,0.1977385396857111,linear
S2SA04,115.0,0.1977385396857111,linear
S2SA04,116.0,0.1977385396857111,linear
S2SA04,117.0,0.1977385396857111,linear
S2SA04,118.0,0.1977385396857111,linear
S2SA04,119.0,0.1977385396857111,linear
S2SA04,120.0,0.1977385396857111,linear
S2SA04,121.0,0.1977385396857111,linear
S2SA04,122.0,0.1977385396857111,linear
S2SA04,123.0,0.1977385396857111,linear
S2SA04,124.0,0.1977385396857111,linear
S2SA04,125.0,0.1977385396857111,linear
S2SA04,126.0,0.1977385396857111,linear
S2SA04,127.0,0.1977385396857111,linear
S2SA04,128.0,0.1977385396857111,linear
S2SA04,129.0,0.1977385396857111,linear
S2SA04,130.0,0.1977385396857111,linear
S2SA04,131.0,0.1977385396857111,linear
S2SA04,132.0,0.1977385396857111,linear
S2SA04,133.0,0.1977385396857111,linear
S2SA04,134.0,0.1977385396857111,linear
S2SA04,135.0,0.1977385396857111,linear
S2SA04,136.0,0.1977385396857111,linear
S2SA04,137.0,0.1977385396857111,linear
S2SA04,138.0,0.1977385396857111,linear
S2SA04,139.0,0.1977385396857111,linear
S2SA04,140.0,0.1977385396857111,linear
S2SA04,141.0,0.1977385396857112,linear
S2SA04,142.0,0.1977385396857112,linear
S2SA04,143.0,0.1977385396857112,linear
S2SA04,144.0,0.1977385396857112,linear
S2SA04,145.0,0.1977385396857112,linear
S2SA04,146.0,0.1977385396857112,linear
S2SA04,147.0,0.1977385396857112,linear
S2SA04,148.0,0.1977385396857112,linear
S2SA04,149.0,0.1977385396857112,linear
S2SA04,150.0,0.1977385396857112,linear
S2SA04,151.0,0.1977385396857112,linear
S2SA04,152.0,0.1977385396857112,linear
S2SA04,153.0,0.1977385396857112,linear
S2SA04,154.0,0.1977385396857112,linear
S2SA04,155.0,0.1977385396857112,linear
S2SA04,156.0,0.1977385396857112,linear
S2SA04,157.0,0.1977385396857112,linear
S2SA04,158.0,0.1977385396857112,linear
S2SA04,159.0,0.1977385396857112,linear
S2SA04,160.0,0.1977385396857112,linear
S2SA04,161.0,0.1977385396857112,linear
S2SA04,162.0,0.1977385396857112,linear
S2SA04,163.0,0.1977385396857112,linear
S2SA04,164.0,0.1977385396857112,linear
S2SA04,165.0,0.1977385396857112,linear
S2SA04,166.0,0.1977385396857112,linear
S2SA04,167.0,0.1977385396857112,linear
S2SA04,168.0,0.1977385396857112,linear
S2SA04,169.0,0.1977385396857112,linear
S2SA04,170.0,0.1977385396857112,linear
S2SA04,171.0,0.1977385396857112,linear
S2SA04,172.0,0.1977385396857112,linear
S2SA04,173.0,0.1977385396857112,linear
S2SA04,174.0,0.1977385396857112,linear
S2SA04,175.0,0.1977385396857112,linear
S2SA04,176.0,0.1977385396857112,linear
S2SA04,177.0,0.1977385396857112,linear
S2SA04,178.0,0.1977385396857112,linear
S2SA04,179.0,0.1977385396857112,linear
S2SA04,180.0,0.1977385396857112,linear
S2SA04,181.0,0.1977385396857112,linear
S2SA04,182.0,0.1977385396857112,linear
S2SA04,183.0,0.1977385396857112,linear
S2SA04,184.0,0.1977385396857112,linear
S2SA04,185.0,0.1977385396857112,linear
S2SA04,186.0,0.1977385396857112,linear
S2SA04,187.0,0.1977385396857112,linear
S2SA04,188.0,0.1977385396857112,linear
S2SA04,189.0,0.1977385396857112,linear
S2SA04,190.0,0.1977385396857112,linear
S2SA04,191.0,0.1977385396857112,linear
S2SA04,192.0,0.1977385396857112,linear
S2SA04,193.0,0.1977385396857112,linear
S2SA04,194.0,0.1977385396857112,linear
S2SA04,195.0,0.1977385396857112,linear
S2SA04,196.0,0.1977385396857112,linear
S2SA04,197.0,0.1977385396857112,linear
S2SA04,198.0,0.1977385396857112,linear
S2SA04,199.0,0.1977385396857112,linear
S2SA04,200.0,0.1977385396857112,linear
S2SA04,201.0,0.1977385396857112,linear
S2SA04,202.0,0.1977385396857112,linear
S2SA04,203.0,0.1977385396857112,linear
S2SA04,204.0,0.1977385396857112,linear
S2SA04,205.0,0.1977385396857112,linear
S2SA04,206.0,0.1977385396857112,linear
S2SA04,207.0,0.1977385396857112,linear
S2SA04,208.0,0.1977385396857112,linear
S2SA04,209.0,0.1977385396857112,linear
S2SA04,210.0,0.1977385396857112,linear
S2SA04,211.0,0.1977385396857112,linear
S2SA04,212.0,0.1977385396857112,linear
S2SA04,213.0,0.1977385396857112,linear
S2SA04,214.0,0.1977385396857112,linear
S2SA04,215.0,0.1977385396857112,linear
S2SA04,216.0,0.1977385396857112,linear
S2SA04,217.0,0.1977385396857112,linear
S2SA04,218.0,0.1977385396857112,linear
S2SA04,219.0,0.1977385396857112,linear
S2SA04,220.0,0.1977385396857112,linear
S2SA04,221.0,0.1977385396857112,linear
S2SA04,222.0,0.1977385396857112,linear
S2SA04,223.0,0.1977385396857112,linear
S2SA04,224.0,0.1977385396857112,linear
S2SA04,225.0,0.1977385396857112,linear
S2SA04,226.0,0.1977385396857112,linear
S2SA04,227.0,0.1977385396857112,linear
S2SA04,228.0,0.1977385396857112,linear
S2SA04,229.0,0.1977385396857112,linear
S2SA04,230.0,0.1977385396857112,linear
S2SA04,231.0,0.1977385396857112,linear
S2SA04,232.0,0.1977385396857112,linear
S2SA04,233.0,0.1977385396857112,linear
S2SA04,234.0,0.1977385396857112,linear
S2SA04,235.0,0.1977385396857112,linear
S2SA04,236.0,0.1977385396857112,linear
S2SA04,237.0,0.1977385396857112,linear
S2SA04,238.0,0.1977385396857112,linear
S2SA04,239.0,0.1977385396857112,linear
S2SA04,240.0,0.1977385396857112,linear
S2SA04,241.0,0.1977385396857112,linear
S2SA04,242.0,0.1977385396857112,linear
S2SA04,243.0,0.1977385396857112,linear
S2SA04,244.0,0.1977385396857112,linear
S2SA04,245.0,0.1977385396857112,linear
S2SA04,246.0,0.1977385396857112,linear
S2SA04,247.0,0.1977385396857112,linear
S2SA04,248.0,0.1977385396857112,linear
S2SA04,249.0,0.1977385396857112,linear
S2SA04,250.0,0.1977385396857112,linear
S2SA04,251.0,0.1977385396857112,linear
S2SA04,252.0,0.1977385396857112,linear
S2SA04,253.0,0.1977385396857112,linear
S2SA04,254.0,0.1977385396857112,linear
S2SA04,255.0,0.1977385396857112,linear
S2SA04,256.0,0.1977385396857112,linear
S2SA04,257.0,0.1977385396857112,linear
S2SA04,258.0,0.1977385396857112,linear
S2SA04,259.0,0.1977385396857112,linear
S2SA04,260.0,0.1977385396857112,linear
S2SA04,261.0,0.1977385396857112,linear
S2SA04,262.0,0.1977385396857112,linear
S2SA04,263.0,0.1977385396857112,linear
S2SA04,264.0,0.1977385396857112,linear
S2SA04,265.0,0.1977385396857112,linear
S2SA04,266.0,0.1977385396857112,linear
S2SA04,267.0,0.1977385396857112,linear
S2SA04,268.0,0.1977385396857112,linear
S2SA04,269.0,0.1977385396857112,linear
S2SA04,270.0,0.1977385396857112,linear
S2SA04,271.0,0.1977385396857112,linear
S2SA04,272.0,0.1977385396857112,linear
S2SA04,273.0,0.1977385396857112,linear
S2SA04,274.0,0.1977385396857112,linear
S2SA04,275.0,0.1977385396857112,linear
S2SA04,276.0,0.1977385396857112,linear
S2SA04,277.0,0.1977385396857112,linear
S2SA04,278.0,0.1977385396857112,linear
S2SA04,279.0,0.1977385396857112,linear
S2SA04,280.0,0.1977385396857112,linear
S2SA04,281.0,0.1977385396857112,linear
S2SA04,282.0,0.1977385396857112,linear
S2SA04,283.0,0.1977385396857112,linear
S2SA04,284.0,0.1977385396857112,linear
S2SA04,285.0,0.1977385396857112,linear
S2SA04,286.0,0.1977385396857112,linear
S2SA04,287.0,0.1977385396857112,linear
S2SA04,288.0,0.1977385396857112,linear
S2SA04,289.0,0.1977385396857112,linear
S2SA04,290.0,0.1977385396857112,linear
S2SA04,291.0,0.1977385396857112,linear
S2SA04,292.0,0.1977385396857112,linear
S2SA04,293.0,0.1977385396857112,linear
S2SA04,294.0,0.1977385396857112,linear
S2SA04,295.0,0.1977385396857112,linear
S2SA04,296.0,0.1977385396857112,linear
S2SA04,297.0,0.1977385396857112,linear
S2SA04,298.0,0.1977385396857112,linear
S2SA04,299.0,0.1977385396857112,linear
S2SA04,300.0,0.1977385396857112,linear
S2SA04,301.0,0.1977385396857112,linear
S2SA04,302.0,0.1977385396857113,linear
S2SA04,303.0,0.1977385396857113,linear
S2SA04,304.0,0.1977385396857113,linear
S2SA04,305.0,0.1977385396857113,linear
S2SA04,306.0,0.1977385396857113,linear
S2SA04,307.0,0.1977385396857113,linear
S2SA04,308.0,0.1977385396857113,linear
S2SA04,309.0,0.1977385396857113,linear
S2SA04,310.0,0.1977385396857113,linear
S2SA04,311.0,0.1977385396857113,linear
S2SA04,312.0,0.1977385396857113,linear
S2SA04,313.0,0.1977385396857113,linear
S2SA04,314.0,0.1977385396857113,linear
S2SA04,315.0,0.1977385396857113,linear
S2SA04,316.0,0.1977385396857113,linear
S2SA04,317.0,0.1977385396857113,linear
S2SA04,318.0,0.1977385396857113,linear
S2SA04,319.0,0.1977385396857113,linear
S2SA04,320.0,0.1977385396857113,linear
S2SA04,321.0,0.1977385396857113,linear
S2SA04,322.0,0.1977385396857113,linear
S2SA04,323.0,0.1977385396857113,linear
S2SA04,324.0,0.1977385396857113,linear
S2SA04,325.0,0.1977385396857113,linear
S2SA04,326.0,0.1977385396857113,linear
S2SA04,327.0,0.1977385396857113,linear
S2SA04,328.0,0.1977385396857113,linear
S2SA04,329.0,0.1977385396857113,linear
S2SA04,330.0,0.1977385396857113,linear
S2SA04,331.0,0.1977385396857113,linear
S2SA04,332.0,0.1977385396857113,linear
S2SA04,333.0,0.1977385396857113,linear
S2SA04,334.0,0.1977385396857113,linear
S2SA04,335.0,0.1977385396857113,linear
S2SA04,336.0,0.1977385396857113,linear
S2SA04,337.0,0.1977385396857113,linear
S2SA04,338.0,0.1977385396857113,linear
S2SA04,339.0,0.1977385396857113,linear
S2SA04,340.0,0.1977385396857113,linear
S2SA04,341.0,0.1977385396857113,linear
S2SA04,342.0,0.1977385396857113,linear
S2SA04,343.0,0.1977385396857113,linear
S2SA04,344.0,0.1977385396857113,linear
S2SA04,345.0,0.1977385396857113,linear
S2SA04,346.0,0.1977385396857113,linear
S2SA04,347.0,0.1977385396857113,linear
S2SA04,348.0,0.1977385396857113,linear
S2SA04,349.0,0.1977385396857113,linear
S2SA04,350.0,0.1977385396857113,linear
S2SA04,351.0,0.1977385396857113,linear
S2SA04,352.0,0.1977385396857113,linear
S2SA04,353.0,0.1977385396857113,linear
S2SA04,354.0,0.1977385396857113,linear
S2SA04,355.0,0.1977385396857113,linear
S2SA04,356.0,0.1977385396857113,linear
S2SA04,357.0,0.1977385396857113,linear
S2SA04,358.0,0.1977385396857113,linear
S2SA04,359.0,0.1977385396857113,linear
S2SA04,360.0,0.1977385396857113,linear
S2SA04,361.0,0.1977385396857113,linear
S2SA04,362.0,0.1977385396857113,linear
S2SA04,363.0,0.1977385396857113,linear
S2SA04,364.0,0.1977385396857113,linear
S2SA04,365.0,0.1977385396857113,linear
S2SA05,0.0,0.2060620625293953,linear
S2SA05,1.0,0.2060620625293953,linear
S2SA05,2.0,0.2060620625293953,linear
S2SA05,3.0,0.2060620625293953,linear
S2SA05,4.0,0.2060620625293953,linear
S2SA05,5.0,0.2060620625293953,linear
S2SA05,6.0,0.2060620625293953,linear
S2SA05,7.0,0.2060620625293953,linear
S2SA05,8.0,0.2060620625293953,linear
S2SA05,9.0,0.2060620625293953,linear
S2SA05,10.0,0.2060620625293953,linear
S2SA05,11.0,0.2060620625293953,linear
S2SA05,12.0,0.2060620625293954,linear
S2SA05,13.0,0.2060620625293954,linear
S2SA05,14.0,0.2060620625293954,linear
S2SA05,15.0,0.2060620625293954,linear
S2SA05,16.0,0.2060620625293954,linear
S2SA05,17.0,0.2060620625293954,linear
S2SA05,18.0,0.2060620625293954,linear
S2SA05,19.0,0.2060620625293954,linear
S2SA05,20.0,0.2060620625293954,linear
S2SA05,21.0,0.2060620625293954,linear
S2SA05,22.0,0.2060620625293954,linear
S2SA05,23.0,0.2060620625293954,linear
S2SA05,24.0,0.2060620625293954,linear
S2SA05,25.0,0.2060620625293954,linear
S2SA05,26.0,0.2060620625293954,linear
S2SA05,27.0,0.2060620625293954,linear
S2SA05,28.0,0.2060620625293954,linear
S2SA05,29.0,0.2060620625293954,linear
S2SA05,30.0,0.2060620625293954,linear
S2SA05,31.0,0.2060620625293954,linear
S2SA05,32.0,0.2060620625293954,linear
S2SA05,33.0,0.2060620625293954,linear
S2SA05,34.0,0.2060620625293954,linear
S2SA05,35.0,0.2060620625293954,linear
S2SA05,36.0,0.2060620625293954,linear
S2SA05,37.0,0.2060620625293954,linear
S2SA05,38.0,0.2060620625293954,linear
S2SA05,39.0,0.2060620625293954,linear
S2SA05,40.0,0.2060620625293954,linear
S2SA05,41.0,0.2060620625293954,linear
S2SA05,42.0,0.2060620625293954,linear
S2SA05,43.0,0.2060620625293954,linear
S2SA05,44.0,0.2060620625293954,linear
S2SA05,45.0,0.2060620625293954,linear
S2SA05,46.0,0.2060620625293954,linear
S2SA05,47.0,0.2060620625293954,linear
S2SA05,48.0,0.2060620625293954,linear
S2SA05,49.0,0.2060620625293954,linear
S2SA05,50.0,0.2060620625293954,linear
S2SA05,51.0,0.2060620625293954,linear
S2SA05,52.0,0.2060620625293954,linear
S2SA05,53.0,0.2060620625293954,linear
S2SA05,54.0,0.2060620625293954,linear
S2SA05,55.0,0.2060620625293954,linear
S2SA05,56.0,0.2060620625293954,linear
S2SA05,57.0,0.2060620625293954,linear
S2SA05,58.0,0.2060620625293954,linear
S2SA05,59.0,0.2060620625293954,linear
S2SA05,60.0,0.2060620625293954,linear
S2SA05,61.0,0.2060620625293954,linear
S2SA05,62.0,0.2060620625293954,linear
S2SA05,63.0,0.2060620625293954,linear
S2SA05,64.0,0.2060620625293954,linear
S2SA05,65.0,0.2060620625293954,linear
S2SA05,66.0,0.2060620625293954,linear
S2SA05,67.0,0.2060620625293954,linear
S2SA05,68.0,0.2060620625293954,linear
S2SA05,69.0,0.2060620625293954,linear
S2SA05,70.0,0.2060620625293954,linear
S2SA05,71.0,0.2060620625293954,linear
S2SA05,72.0,0.2060620625293954,linear
S2SA05,73.0,0.2060620625293954,linear
S2SA05,74.0,0.2060620625293954,linear
S2SA05,75.0,0.2060620625293954,linear
S2SA05,76.0,0.2060620625293954,linear
S2SA05,77.0,0.2060620625293954,linear
S2SA05,78.0,0.2060620625293954,linear
S2SA05,79.0,0.2060620625293955,linear
S2SA05,80.0,0.2060620625293955,linear
S2SA05,81.0,0.2060620625293955,linear
S2SA05,82.0,0.2060620625293955,linear
S2SA05,83.0,0.2060620625293955,linear
S2SA05,84.0,0.2060620625293955,linear
S2SA05,85.0,0.2060620625293955,linear
S2SA05,86.0,0.2060620625293955,linear
S2SA05,87.0,0.2060620625293955,linear
S2SA05,88.0,0.2060620625293955,linear
S2SA05,89.0,0.2060620625293955,linear
S2SA05,90.0,0.2060620625293955,linear
S2SA05,91.0,0.2060620625293955,linear
S2SA05,92.0,0.2060620625293955,linear
S2SA05,93.0,0.2060620625293955,linear
S2SA05,94.0,0.2060620625293955,linear
S2SA05,95.0,0.2060620625293955,linear
S2SA05,96.0,0.2060620625293955,linear
S2SA05,97.0,0.2060620625293955,linear
S2SA05,98.0,0.2060620625293955,linear
S2SA05,99.0,0.2060620625293955,linear
S2SA05,100.0,0.2060620625293955,linear
S2SA05,101.0,0.2060620625293955,linear
S2SA05,102.0,0.2060620625293955,linear
S2SA05,103.0,0.2060620625293955,linear
S2SA05,104.0,0.2060620625293955,linear
S2SA05,105.0,0.2060620625293955,linear
S2SA05,106.0,0.2060620625293955,linear
S2SA05,107.0,0.2060620625293955,linear
S2SA05,108.0,0.2060620625293955,linear
S2SA05,109.0,0.2060620625293955,linear
S2SA05,110.0,0.2060620625293955,linear
S2SA05,111.0,0.2060620625293955,linear
S2SA05,112.0,0.2060620625293955,linear
S2SA05,113.0,0.2060620625293955,linear
S2SA05,114.0,0.2060620625293955,linear
S2SA05,115.0,0.2060620625293955,linear
S2SA05,116.0,0.2060620625293955,linear
S2SA05,117.0,0.2060620625293955,linear
S2SA05,118.0,0.2060620625293955,linear
S2SA05,119.0,0.2060620625293955,linear
S2SA05,120.0,0.2060620625293955,linear
S2SA05,121.0,0.2060620625293955,linear
S2SA05,122.0,0.2060620625293955,linear
S2SA05,123.0,0.2060620625293955,linear
S2SA05,124.0,0.2060620625293955,linear
S2SA05,125.0,0.2060620625293955,linear
S2SA05,126.0,0.2060620625293955,linear
S2SA05,127.0,0.2060620625293955,linear
S2SA05,128.0,0.2060620625293955,linear
S2SA05,129.0,0.2060620625293955,linear
S2SA05,130.0,0.2060620625293955,linear
S2SA05,131.0,0.2060620625293955,linear
S2SA05,132.0,0.2060620625293955,linear
S2SA05,133.0,0.2060620625293955,linear
S2SA05,134.0,0.2060620625293955,linear
S2SA05,135.0,0.2060620625293955,linear
S2SA05,136.0,0.2060620625293955,linear
S2SA05,137.0,0.2060620625293955,linear
S2SA05,138.0,0.2060620625293955,linear
S2SA05,139.0,0.2060620625293955,linear
S2SA05,140.0,0.2060620625293955,linear
S2SA05,141.0,0.2060620625293955,linear
S2SA05,142.0,0.2060620625293955,linear
S2SA05,143.0,0.2060620625293955,linear
S2SA05,144.0,0.2060620625293955,linear
S2SA05,145.0,0.2060620625293955,linear
S2SA05,146.0,0.2060620625293955,linear
S2SA05,147.0,0.2060620625293955,linear
S2SA05,148.0,0.2060620625293955,linear
S2SA05,149.0,0.2060620625293955,linear
S2SA05,150.0,0.2060620625293955,linear
S2SA05,151.0,0.2060620625293955,linear
S2SA05,152.0,0.2060620625293955,linear
S2SA05,153.0,0.2060620625293955,linear
S2SA05,154.0,0.2060620625293955,linear
S2SA05,155.0,0.2060620625293955,linear
S2SA05,156.0,0.2060620625293955,linear
S2SA05,157.0,0.2060620625293955,linear
S2SA05,158.0,0.2060620625293955,linear
S2SA05,159.0,0.2060620625293955,linear
S2SA05,160.0,0.2060620625293955,linear
S2SA05,161.0,0.2060620625293955,linear
S2SA05,162.0,0.2060620625293955,linear
S2SA05,163.0,0.2060620625293955,linear
S2SA05,164.0,0.2060620625293955,linear
S2SA05,165.0,0.2060620625293955,linear
S2SA05,166.0,0.2060620625293955,linear
S2SA05,167.0,0.2060620625293955,linear
S2SA05,168.0,0.2060620625293955,linear
S2SA05,169.0,0.2060620625293956,linear
S2SA05,170.0,0.2060620625293956,linear
S2SA05,171.0,0.2060620625293956,linear
S2SA05,172.0,0.2060620625293956,linear
S2SA05,173.0,0.2060620625293956,linear
S2SA05,174.0,0.2060620625293956,linear
S2SA05,175.0,0.2060620625293956,linear
S2SA05,176.0,0.2060620625293956,linear
S2SA05,177.0,0.2060620625293956,linear
S2SA05,178.0,0.2060620625293956,linear
S2SA05,179.0,0.2060620625293956,linear
S2SA05,180.0,0.2060620625293956,linear
S2SA05,181.0,0.2060620625293956,linear
S2SA05,182.0,0.2060620625293956,linear
S2SA05,183.0,0.2060620625293956,linear
S2SA05,184.0,0.2060620625293956,linear
S2SA05,185.0,0.2060620625293956,linear
S2SA05,186.0,0.2060620625293956,linear
S2SA05,187.0,0.2060620625293956,linear
S2SA05,188.0,0.2060620625293956,linear
S2SA05,189.0,0.2060620625293956,linear
S2SA05,190.0,0.2060620625293956,linear
S2SA05,191.0,0.2060620625293956,linear
S2SA05,192.0,0.2060620625293956,linear
S2SA05,193.0,0.2060620625293956,linear
S2SA05,194.0,0.2060620625293956,linear
S2SA05,195.0,0.2060620625293956,linear
S2SA05,196.0,0.2060620625293956,linear
S2SA05,197.0,0.2060620625293956,linear
S2SA05,198.0,0.2060620625293956,linear
S2SA05,199.0,0.2060620625293956,linear
S2SA05,200.0,0.2060620625293956,linear
S2SA05,201.0,0.2060620625293956,linear
S2SA05,202.0,0.2060620625293956,linear
S2SA05,203.0,0.2060620625293956,linear
S2SA05,204.0,0.2060620625293956,linear
S2SA05,205.0,0.2060620625293956,linear
S2SA05,206.0,0.2060620625293956,linear
S2SA05,207.0,0.2060620625293956,linear
S2SA05,208.0,0.2060620625293956,linear
S2SA05,209.0,0.2060620625293956,linear
S2SA05,210.0,0.2060620625293956,linear
S2SA05,211.0,0.2060620625293956,linear
S2SA05,212.0,0.2060620625293956,linear
S2SA05,213.0,0.2060620625293956,linear
S2SA05,214.0,0.2060620625293956,linear
S2SA05,215.0,0.2060620625293956,linear
S2SA05,216.0,0.2060620625293956,linear
S2SA05,217.0,0.2060620625293956,linear
S2SA05,218.0,0.2060620625293956,linear
S2SA05,219.0,0.2060620625293956,linear
S2SA05,220.0,0.2060620625293956,linear
S2SA05,221.0,0.2060620625293956,linear
S2SA05,222.0,0.2060620625293956,linear
S2SA05,223.0,0.2060620625293956,linear
S2SA05,224.0,0.2060620625293956,linear
S2SA05,225.0,0.2060620625293956,linear
S2SA05,226.0,0.2060620625293956,linear
S2SA05,227.0,0.2060620625293956,linear
S2SA05,228.0,0.2060620625293956,linear
S2SA05,229.0,0.2060620625293956,linear
S2SA05,230.0,0.2060620625293956,linear
S2SA05,231.0,0.2060620625293956,linear
S2SA05,232.0,0.2060620625293956,linear
S2SA05,233.0,0.2060620625293956,linear
S2SA05,234.0,0.2060620625293956,linear
S2SA05,235.0,0.2060620625293956,linear
S2SA05,236.0,0.2060620625293956,linear
S2SA05,237.0,0.2060620625293956,linear
S2SA05,238.0,0.2060620625293956,linear
S2SA05,239.0,0.2060620625293956,linear
S2SA05,240.0,0.2060620625293956,linear
S2SA05,241.0,0.2060620625293956,linear
S2SA05,242.0,0.2060620625293956,linear
S2SA05,243.0,0.2060620625293956,linear
S2SA05,244.0,0.2060620625293956,linear
S2SA05,245.0,0.2060620625293956,linear
S2SA05,246.0,0.2060620625293956,linear
S2SA05,247.0,0.2060620625293956,linear
S2SA05,248.0,0.2060620625293956,linear
S2SA05,249.0,0.2060620625293956,linear
S2SA05,250.0,0.2060620625293956,linear
S2SA05,251.0,0.2060620625293956,linear
S2SA05,252.0,0.2060620625293956,linear
S2SA05,253.0,0.2060620625293956,linear
S2SA05,254.0,0.2060620625293956,linear
S2SA05,255.0,0.2060620625293956,linear
S2SA05,256.0,0.2060620625293956,linear
S2SA05,257.0,0.2060620625293956,linear
S2SA05,258.0,0.2060620625293956,linear
S2SA05,259.0,0.2060620625293957,linear
S2SA05,260.0,0.2060620625293957,linear
S2SA05,261.0,0.2060620625293957,linear
S2SA05,262.0,0.2060620625293957,linear
S2SA05,263.0,0.2060620625293957,linear
S2SA05,264.0,0.2060620625293957,linear
S2SA05,265.0,0.2060620625293957,linear
S2SA05,266.0,0.2060620625293957,linear
S2SA05,267.0,0.2060620625293957,linear
S2SA05,268.0,0.2060620625293957,linear
S2SA05,269.0,0.2060620625293957,linear
S2SA05,270.0,0.2060620625293957,linear
S2SA05,271.0,0.2060620625293957,linear
S2SA05,272.0,0.2060620625293957,linear
S2SA05,273.0,0.2060620625293957,linear
S2SA05,274.0,0.2060620625293957,linear
S2SA05,275.0,0.2060620625293957,linear
S2SA05,276.0,0.2060620625293957,linear
S2SA05,277.0,0.2060620625293957,linear
S2SA05,278.0,0.2060620625293957,linear
S2SA05,279.0,0.2060620625293957,linear
S2SA05,280.0,0.2060620625293957,linear
S2SA05,281.0,0.2060620625293957,linear
S2SA05,282.0,0.2060620625293957,linear
S2SA05,283.0,0.2060620625293957,linear
S2SA05,284.0,0.2060620625293957,linear
S2SA05,285.0,0.2060620625293957,linear
S2SA05,286.0,0.2060620625293957,linear
S2SA05,287.0,0.2060620625293957,linear
S2SA05,288.0,0.2060620625293957,linear
S2SA05,289.0,0.2060620625293957,linear
S2SA05,290.0,0.2060620625293957,linear
S2SA05,291.0,0.2060620625293957,linear
S2SA05,292.0,0.2060620625293957,linear
S2SA05,293.0,0.2060620625293957,linear
S2SA05,294.0,0.2060620625293957,linear
S2SA05,295.0,0.2060620625293957,linear
S2SA05,296.0,0.2060620625293957,linear
S2SA05,297.0,0.2060620625293957,linear
S2SA05,298.0,0.2060620625293957,linear
S2SA05,299.0,0.2060620625293957,linear
S2SA05,300.0,0.2060620625293957,linear
S2SA05,301.0,0.2060620625293957,linear
S2SA05,302.0,0.2060620625293957,linear
S2SA05,303.0,0.2060620625293957,linear
S2SA05,304.0,0.2060620625293957,linear
S2SA05,305.0,0.2060620625293957,linear
S2SA05,306.0,0.2060620625293957,linear
S2SA05,307.0,0.2060620625293957,linear
S2SA05,308.0,0.2060620625293957,linear
S2SA05,309.0,0.2060620625293957,linear
S2SA05,310.0,0.2060620625293957,linear
S2SA05,311.0,0.2060620625293957,linear
S2SA05,312.0,0.2060620625293957,linear
S2SA05,313.0,0.2060620625293957,linear
S2SA05,314.0,0.2060620625293957,linear
S2SA05,315.0,0.2060620625293957,linear
S2SA05,316.0,0.2060620625293957,linear
S2SA05,317.0,0.2060620625293957,linear
S2SA05,318.0,0.2060620625293957,linear
S2SA05,319.0,0.2060620625293957,linear
S2SA05,320.0,0.2060620625293957,linear
S2SA05,321.0,0.2060620625293957,linear
S2SA05,322.0,0.2060620625293957,linear
S2SA05,323.0,0.2060620625293957,linear
S2SA05,324.0,0.2060620625293957,linear
S2SA05,325.0,0.2060620625293957,linear
S2SA05,326.0,0.2060620625293958,linear
S2SA05,327.0,0.2060620625293958,linear
S2SA05,328.0,0.2060620625293958,linear
S2SA05,329.0,0.2060620625293958,linear
S2SA05,330.0,0.2060620625293958,linear
S2SA05,331.0,0.2060620625293958,linear
S2SA05,332.0,0.2060620625293958,linear
S2SA05,333.0,0.2060620625293958,linear
S2SA05,334.0,0.2060620625293958,linear
S2SA05,335.0,0.2060620625293958,linear
S2SA05,336.0,0.2060620625293958,linear
S2SA05,337.0,0.2060620625293958,linear
S2SA05,338.0,0.2060620625293958,linear
S2SA05,339.0,0.2060620625293958,linear
S2SA05,340.0,0.2060620625293958,linear
S2SA05,341.0,0.2060620625293958,linear
S2SA05,342.0,0.2060620625293958,linear
S2SA05,343.0,0.2060620625293958,linear
S2SA05,344.0,0.2060620625293958,linear
S2SA05,345.0,0.2060620625293958,linear
S2SA05,346.0,0.2060620625293958,linear
S2SA05,347.0,0.2060620625293958,linear
S2SA05,348.0,0.2060620625293958,linear
S2SA05,349.0,0.2060620625293958,linear
S2SA05,350.0,0.2060620625293958,linear
S2SA05,351.0,0.2060620625293958,linear
S2SA05,352.0,0.2060620625293958,linear
S2SA05,353.0,0.2060620625293958,linear
S2SA05,354.0,0.2060620625293958,linear
S2SA05,355.0,0.2060620625293958,linear
S2SA05,356.0,0.2060620625293958,linear
S2SA05,357.0,0.2060620625293958,linear
S2SA05,358.0,0.2060620625293958,linear
S2SA05,359.0,0.2060620625293958,linear
S2SA05,360.0,0.2060620625293958,linear
S2SA05,361.0,0.2060620625293958,linear
S2SA05,362.0,0.2060620625293958,linear
S2SA05,363.0,0.2060620625293958,linear
S2SA05,364.0,0.2060620625293958,linear
S2SA05,365.0,0.2060620625293958,linear
S2SA06,0.0,0.1516879578718363,linear
S2SA06,1.0,0.1516879578718363,linear
S2SA06,2.0,0.1516879578718363,linear
S2SA06,3.0,0.1516879578718363,linear
S2SA06,4.0,0.1516879578718363,linear
S2SA06,5.0,0.1516879578718363,linear
S2SA06,6.0,0.1516879578718363,linear
S2SA06,7.0,0.1516879578718363,linear
S2SA06,8.0,0.1516879578718363,linear
S2SA06,9.0,0.1516879578718363,linear
S2SA06,10.0,0.1516879578718363,linear
S2SA06,11.0,0.1516879578718363,linear
S2SA06,12.0,0.1516879578718363,linear
S2SA06,13.0,0.1516879578718363,linear
S2SA06,14.0,0.1516879578718363,linear
S2SA06,15.0,0.1516879578718363,linear
S2SA06,16.0,0.1516879578718363,linear
S2SA06,17.0,0.1516879578718363,linear
S2SA06,18.0,0.1516879578718363,linear
S2SA06,19.0,0.1516879578718363,linear
S2SA06,20.0,0.1516879578718363,linear
S2SA06,21.0,0.1516879578718363,linear
S2SA06,22.0,0.1516879578718363,linear
S2SA06,23.0,0.1516879578718363,linear
S2SA06,24.0,0.1516879578718363,linear
S2SA06,25.0,0.1516879578718363,linear
S2SA06,26.0,0.1516879578718363,linear
S2SA06,27.0,0.1516879578718363,linear
S2SA06,28.0,0.1516879578718363,linear
S2SA06,29.0,0.1516879578718363,linear
S2SA06,30.0,0.1516879578718363,linear
S2SA06,31.0,0.1516879578718363,linear
S2SA06,32.0,0.1516879578718363,linear
S2SA06,33.0,0.1516879578718363,linear
S2SA06,34.0,0.1516879578718363,linear
S2SA06,35.0,0.1516879578718363,linear
S2SA06,36.0,0.1516879578718363,linear
S2SA06,37.0,0.1516879578718363,linear
S2SA06,38.0,0.1516879578718363,linear
S2SA06,39.0,0.1516879578718363,linear
S2SA06,40.0,0.1516879578718363,linear
S2SA06,41.0,0.1516879578718363,linear
S2SA06,42.0,0.1516879578718363,linear
S2SA06,43.0,0.1516879578718363,linear
S2SA06,44.0,0.1516879578718363,linear
S2SA06,45.0,0.1516879578718363,linear
S2SA06,46.0,0.1516879578718363,linear
S2SA06,47.0,0.1516879578718363,linear
S2SA06,48.0,0.1516879578718363,linear
S2SA06,49.0,0.1516879578718363,linear
S2SA06,50.0,0.1516879578718363,linear
S2SA06,51.0,0.1516879578718363,linear
S2SA06,52.0,0.1516879578718363,linear
S2SA06,53.0,0.1516879578718363,linear
S2SA06,54.0,0.1516879578718363,linear
S2SA06,55.0,0.1516879578718363,linear
S2SA06,56.0,0.1516879578718363,linear
S2SA06,57.0,0.1516879578718363,linear
S2SA06,58.0,0.1516879578718363,linear
S2SA06,59.0,0.1516879578718363,linear
S2SA06,60.0,0.1516879578718363,linear
S2SA06,61.0,0.1516879578718363,linear
S2SA06,62.0,0.1516879578718363,linear
S2SA06,63.0,0.1516879578718363,linear
S2SA06,64.0,0.1516879578718363,linear
S2SA06,65.0,0.1516879578718363,linear
S2SA06,66.0,0.1516879578718363,linear
S2SA06,67.0,0.1516879578718363,linear
S2SA06,68.0,0.1516879578718363,linear
S2SA06,69.0,0.1516879578718363,linear
S2SA06,70.0,0.1516879578718363,linear
S2SA06,71.0,0.1516879578718363,linear
S2SA06,72.0,0.1516879578718363,linear
S2SA06,73.0,0.1516879578718363,linear
S2SA06,74.0,0.1516879578718363,linear
S2SA06,75.0,0.1516879578718363,linear
S2SA06,76.0,0.1516879578718363,linear
S2SA06,77.0,0.1516879578718363,linear
S2SA06,78.0,0.1516879578718363,linear
S2SA06,79.0,0.1516879578718363,linear
S2SA06,80.0,0.1516879578718363,linear
S2SA06,81.0,0.1516879578718363,linear
S2SA06,82.0,0.1516879578718363,linear
S2SA06,83.0,0.1516879578718363,linear
S2SA06,84.0,0.1516879578718364,linear
S2SA06,85.0,0.1516879578718364,linear
S2SA06,86.0,0.1516879578718364,linear
S2SA06,87.0,0.1516879578718364,linear
S2SA06,88.0,0.1516879578718364,linear
S2SA06,89.0,0.1516879578718364,linear
S2SA06,90.0,0.1516879578718364,linear
S2SA06,91.0,0.1516879578718364,linear
S2SA06,92.0,0.1516879578718364,linear
S2SA06,93.0,0.1516879578718364,linear
S2SA06,94.0,0.1516879578718364,linear
S2SA06,95.0,0.1516879578718364,linear
S2SA06,96.0,0.1516879578718364,linear
S2SA06,97.0,0.1516879578718364,linear
S2SA06,98.0,0.1516879578718364,linear
S2SA06,99.0,0.1516879578718364,linear
S2SA06,100.0,0.1516879578718364,linear
S2SA06,101.0,0.1516879578718364,linear
S2SA06,102.0,0.1516879578718364,linear
S2SA06,103.0,0.1516879578718364,linear
S2SA06,104.0,0.1516879578718364,linear
S2SA06,105.0,0.1516879578718364,linear
S2SA06,106.0,0.1516879578718364,linear
S2SA06,107.0,0.1516879578718364,linear
S2SA06,108.0,0.1516879578718364,linear
S2SA06,109.0,0.1516879578718364,linear
S2SA06,110.0,0.1516879578718364,linear
S2SA06,111.0,0.1516879578718364,linear
S2SA06,112.0,0.1516879578718364,linear
S2SA06,113.0,0.1516879578718364,linear
S2SA06,114.0,0.1516879578718364,linear
S2SA06,115.0,0.1516879578718364,linear
S2SA06,116.0,0.1516879578718364,linear
S2SA06,117.0,0.1516879578718364,linear
S2SA06,118.0,0.1516879578718364,linear
S2SA06,119.0,0.1516879578718364,linear
S2SA06,120.0,0.1516879578718364,linear
S2SA06,121.0,0.1516879578718364,linear
S2SA06,122.0,0.1516879578718364,linear
S2SA06,123.0,0.1516879578718364,linear
S2SA06,124.0,0.1516879578718364,linear
S2SA06,125.0,0.1516879578718364,linear
S2SA06,126.0,0.1516879578718364,linear
S2SA06,127.0,0.1516879578718364,linear
S2SA06,128.0,0.1516879578718364,linear
S2SA06,129.0,0.1516879578718364,linear
S2SA06,130.0,0.1516879578718364,linear
S2SA06,131.0,0.1516879578718364,linear
S2SA06,132.0,0.1516879578718364,linear
S2SA06,133.0,0.1516879578718364,linear
S2SA06,134.0,0.1516879578718364,linear
S2SA06,135.0,0.1516879578718364,linear
S2SA06,136.0,0.1516879578718364,linear
S2SA06,137.0,0.1516879578718364,linear
S2SA06,138.0,0.1516879578718364,linear
S2SA06,139.0,0.1516879578718364,linear
S2SA06,140.0,0.1516879578718364,linear
S2SA06,141.0,0.1516879578718364,linear
S2SA06,142.0,0.1516879578718364,linear
S2SA06,143.0,0.1516879578718364,linear
S2SA06,144.0,0.1516879578718364,linear
S2SA06,145.0,0.1516879578718364,linear
S2SA06,146.0,0.1516879578718364,linear
S2SA06,147.0,0.1516879578718364,linear
S2SA06,148.0,0.1516879578718364,linear
S2SA06,149.0,0.1516879578718364,linear
S2SA06,150.0,0.1516879578718364,linear
S2SA06,151.0,0.1516879578718364,linear
S2SA06,152.0,0.1516879578718364,linear
S2SA06,153.0,0.1516879578718364,linear
S2SA06,154.0,0.1516879578718364,linear
S2SA06,155.0,0.1516879578718364,linear
S2SA06,156.0,0.1516879578718364,linear
S2SA06,157.0,0.1516879578718364,linear
S2SA06,158.0,0.1516879578718364,linear
S2SA06,159.0,0.1516879578718364,linear
S2SA06,160.0,0.1516879578718364,linear
S2SA06,161.0,0.1516879578718364,linear
S2SA06,162.0,0.1516879578718364,linear
S2SA06,163.0,0.1516879578718364,linear
S2SA06,164.0,0.1516879578718364,linear
S2SA06,165.0,0.1516879578718364,linear
S2SA06,166.0,0.1516879578718364,linear
S2SA06,167.0,0.1516879578718364,linear
S2SA06,168.0,0.1516879578718364,linear
S2SA06,169.0,0.1516879578718364,linear
S2SA06,170.0,0.1516879578718364,linear
S2SA06,171.0,0.1516879578718364,linear
S2SA06,172.0,0.1516879578718364,linear
S2SA06,173.0,0.1516879578718364,linear
S2SA06,174.0,0.1516879578718364,linear
S2SA06,175.0,0.1516879578718364,linear
S2SA06,176.0,0.1516879578718364,linear
S2SA06,177.0,0.1516879578718364,linear
S2SA06,178.0,0.1516879578718364,linear
S2SA06,179.0,0.1516879578718364,linear
S2SA06,180.0,0.1516879578718364,linear
S2SA06,181.0,0.1516879578718364,linear
S2SA06,182.0,0.1516879578718364,linear
S2SA06,183.0,0.1516879578718364,linear
S2SA06,184.0,0.1516879578718364,linear
S2SA06,185.0,0.1516879578718364,linear
S2SA06,186.0,0.1516879578718364,linear
S2SA06,187.0,0.1516879578718364,linear
S2SA06,188.0,0.1516879578718364,linear
S2SA06,189.0,0.1516879578718364,linear
S2SA06,190.0,0.1516879578718364,linear
S2SA06,191.0,0.1516879578718364,linear
S2SA06,192.0,0.1516879578718364,linear
S2SA06,193.0,0.1516879578718364,linear
S2SA06,194.0,0.1516879578718364,linear
S2SA06,195.0,0.1516879578718364,linear
S2SA06,196.0,0.1516879578718364,linear
S2SA06,197.0,0.1516879578718364,linear
S2SA06,198.0,0.1516879578718364,linear
S2SA06,199.0,0.1516879578718364,linear
S2SA06,200.0,0.1516879578718364,linear
S2SA06,201.0,0.1516879578718364,linear
S2SA06,202.0,0.1516879578718364,linear
S2SA06,203.0,0.1516879578718364,linear
S2SA06,204.0,0.1516879578718364,linear
S2SA06,205.0,0.1516879578718364,linear
S2SA06,206.0,0.1516879578718364,linear
S2SA06,207.0,0.1516879578718364,linear
S2SA06,208.0,0.1516879578718364,linear
S2SA06,209.0,0.1516879578718364,linear
S2SA06,210.0,0.1516879578718364,linear
S2SA06,211.0,0.1516879578718364,linear
S2SA06,212.0,0.1516879578718364,linear
S2SA06,213.0,0.1516879578718364,linear
S2SA06,214.0,0.1516879578718364,linear
S2SA06,215.0,0.1516879578718364,linear
S2SA06,216.0,0.1516879578718364,linear
S2SA06,217.0,0.1516879578718364,linear
S2SA06,218.0,0.1516879578718364,linear
S2SA06,219.0,0.1516879578718365,linear
S2SA06,220.0,0.1516879578718365,linear
S2SA06,221.0,0.1516879578718365,linear
S2SA06,222.0,0.1516879578718365,linear
S2SA06,223.0,0.1516879578718365,linear
S2SA06,224.0,0.1516879578718365,linear
S2SA06,225.0,0.1516879578718365,linear
S2SA06,226.0,0.1516879578718365,linear
S2SA06,227.0,0.1516879578718365,linear
S2SA06,228.0,0.1516879578718365,linear
S2SA06,229.0,0.1516879578718365,linear
S2SA06,230.0,0.1516879578718365,linear
S2SA06,231.0,0.1516879578718365,linear
S2SA06,232.0,0.1516879578718365,linear
S2SA06,233.0,0.1516879578718365,linear
S2SA06,234.0,0.1516879578718365,linear
S2SA06,235.0,0.1516879578718365,linear
S2SA06,236.0,0.1516879578718365,linear
S2SA06,237.0,0.1516879578718365,linear
S2SA06,238.0,0.1516879578718365,linear
S2SA06,239.0,0.1516879578718365,linear
S2SA06,240.0,0.1516879578718365,linear
S2SA06,241.0,0.1516879578718365,linear
S2SA06,242.0,0.1516879578718365,linear
S2SA06,243.0,0.1516879578718365,linear
S2SA06,244.0,0.1516879578718365,linear
S2SA06,245.0,0.1516879578718365,linear
S2SA06,246.0,0.1516879578718365,linear
S2SA06,247.0,0.1516879578718365,linear
S2SA06,248.0,0.1516879578718365,linear
S2SA06,249.0,0.1516879578718365,linear
S2SA06,250.0,0.1516879578718365,linear
S2SA06,251.0,0.1516879578718365,linear
S2SA06,252.0,0.1516879578718365,linear
S2SA06,253.0,0.1516879578718365,linear
S2SA06,254.0,0.1516879578718365,linear
S2SA06,255.0,0.1516879578718365,linear
S2SA06,256.0,0.1516879578718365,linear
S2SA06,257.0,0.1516879578718365,linear
S2SA06,258.0,0.1516879578718365,linear
S2SA06,259.0,0.1516879578718365,linear
S2SA06,260.0,0.1516879578718365,linear
S2SA06,261.0,0.1516879578718365,linear
S2SA06,262.0,0.1516879578718365,linear
S2SA06,263.0,0.1516879578718365,linear
S2SA06,264.0,0.1516879578718365,linear
S2SA06,265.0,0.1516879578718365,linear
S2SA06,266.0,0.1516879578718365,linear
S2SA06,267.0,0.1516879578718365,linear
S2SA06,268.0,0.1516879578718365,linear
S2SA06,269.0,0.1516879578718365,linear
S2SA06,270.0,0.1516879578718365,linear
S2SA06,271.0,0.1516879578718365,linear
S2SA06,272.0,0.1516879578718365,linear
S2SA06,273.0,0.1516879578718365,linear
S2SA06,274.0,0.1516879578718365,linear
S2SA06,275.0,0.1516879578718365,linear
S2SA06,276.0,0.1516879578718365,linear
S2SA06,277.0,0.1516879578718365,linear
S2SA06,278.0,0.1516879578718365,linear
S2SA06,279.0,0.1516879578718365,linear
S2SA06,280.0,0.1516879578718365,linear
S2SA06,281.0,0.1516879578718365,linear
S2SA06,282.0,0.1516879578718365,linear
S2SA06,283.0,0.1516879578718365,linear
S2SA06,284.0,0.1516879578718365,linear
S2SA06,285.0,0.1516879578718365,linear
S2SA06,286.0,0.1516879578718365,linear
S2SA06,287.0,0.1516879578718365,linear
S2SA06,288.0,0.1516879578718365,linear
S2SA06,289.0,0.1516879578718365,linear
S2SA06,290.0,0.1516879578718365,linear
S2SA06,291.0,0.1516879578718365,linear
S2SA06,292.0,0.1516879578718365,linear
S2SA06,293.0,0.1516879578718365,linear
S2SA06,294.0,0.1516879578718365,linear
S2SA06,295.0,0.1516879578718365,linear
S2SA06,296.0,0.1516879578718365,linear
S2SA06,297.0,0.1516879578718365,linear
S2SA06,298.0,0.1516879578718365,linear
S2SA06,299.0,0.1516879578718365,linear
S2SA06,300.0,0.1516879578718365,linear
S2SA06,301.0,0.1516879578718365,linear
S2SA06,302.0,0.1516879578718365,linear
S2SA06,303.0,0.1516879578718365,linear
S2SA06,304.0,0.1516879578718365,linear
S2SA06,305.0,0.1516879578718365,linear
S2SA06,306.0,0.1516879578718365,linear
S2SA06,307.0,0.1516879578718365,linear
S2SA06,308.0,0.1516879578718365,linear
S2SA06,309.0,0.1516879578718365,linear
S2SA06,310.0,0.1516879578718365,linear
S2SA06,311.0,0.1516879578718365,linear
S2SA06,312.0,0.1516879578718365,linear
S2SA06,313.0,0.1516879578718365,linear
S2SA06,314.0,0.1516879578718365,linear
S2SA06,315.0,0.1516879578718365,linear
S2SA06,316.0,0.1516879578718365,linear
S2SA06,317.0,0.1516879578718365,linear
S2SA06,318.0,0.1516879578718365,linear
S2SA06,319.0,0.1516879578718366,linear
S2SA06,320.0,0.1516879578718366,linear
S2SA06,321.0,0.1516879578718366,linear
S2SA06,322.0,0.1516879578718366,linear
S2SA06,323.0,0.1516879578718366,linear
S2SA06,324.0,0.1516879578718366,linear
S2SA06,325.0,0.1516879578718366,linear
S2SA06,326.0,0.1516879578718366,linear
S2SA06,327.0,0.1516879578718366,linear
S2SA06,328.0,0.1516879578718366,linear
S2SA06,329.0,0.1516879578718366,linear
S2SA06,330.0,0.1516879578718366,linear
S2SA06,331.0,0.1516879578718366,linear
S2SA06,332.0,0.1516879578718366,linear
S2SA06,333.0,0.1516879578718366,linear
S2SA06,334.0,0.1516879578718366,linear
S2SA06,335.0,0.1516879578718366,linear
S2SA06,336.0,0.1516879578718366,linear
S2SA06,337.0,0.1516879578718366,linear
S2SA06,338.0,0.1516879578718366,linear
S2SA06,339.0,0.1516879578718366,linear
S2SA06,340.0,0.1516879578718366,linear
S2SA06,341.0,0.1516879578718366,linear
S2SA06,342.0,0.1516879578718366,linear
S2SA06,343.0,0.1516879578718366,linear
S2SA06,344.0,0.1516879578718366,linear
S2SA06,345.0,0.1516879578718366,linear
S2SA06,346.0,0.1516879578718366,linear
S2SA06,347.0,0.1516879578718366,linear
S2SA06,348.0,0.1516879578718366,linear
S2SA06,349.0,0.1516879578718366,linear
S2SA06,350.0,0.1516879578718366,linear
S2SA06,351.0,0.1516879578718366,linear
S2SA06,352.0,0.1516879578718366,linear
S2SA06,353.0,0.1516879578718366,linear
S2SA06,354.0,0.1516879578718366,linear
S2SA06,355.0,0.1516879578718366,linear
S2SA06,356.0,0.1516879578718366,linear
S2SA06,357.0,0.1516879578718366,linear
S2SA06,358.0,0.1516879578718366,linear
S2SA06,359.0,0.1516879578718366,linear
S2SA06,360.0,0.1516879578718366,linear
S2SA06,361.0,0.1516879578718366,linear
S2SA06,362.0,0.1516879578718366,linear
S2SA06,363.0,0.1516879578718366,linear
S2SA06,364.0,0.1516879578718366,linear
S2SA06,365.0,0.1516879578718366,linear
S2SA07,0.0,0.2222713629927056,linear
S2SA07,1.0,0.2222713629927056,linear
S2SA07,2.0,0.2222713629927056,linear
S2SA07,3.0,0.2222713629927056,linear
S2SA07,4.0,0.2222713629927056,linear
S2SA07,5.0,0.2222713629927056,linear
S2SA07,6.0,0.2222713629927056,linear
S2SA07,7.0,0.2222713629927056,linear
S2SA07,8.0,0.2222713629927056,linear
S2SA07,9.0,0.2222713629927056,linear
S2SA07,10.0,0.2222713629927056,linear
S2SA07,11.0,0.2222713629927056,linear
S2SA07,12.0,0.2222713629927056,linear
S2SA07,13.0,0.2222713629927056,linear
S2SA07,14.0,0.2222713629927056,linear
S2SA07,15.0,0.2222713629927056,linear
S2SA07,16.0,0.2222713629927056,linear
S2SA07,17.0,0.2222713629927056,linear
S2SA07,18.0,0.2222713629927056,linear
S2SA07,19.0,0.2222713629927056,linear
S2SA07,20.0,0.2222713629927056,linear
S2SA07,21.0,0.2222713629927056,linear
S2SA07,22.0,0.2222713629927056,linear
S2SA07,23.0,0.2222713629927056,linear
S2SA07,24.0,0.2222713629927056,linear
S2SA07,25.0,0.2222713629927056,linear
S2SA07,26.0,0.2222713629927056,linear
S2SA07,27.0,0.2222713629927056,linear
S2SA07,28.0,0.2222713629927056,linear
S2SA07,29.0,0.2222713629927056,linear
S2SA07,30.0,0.2222713629927056,linear
S2SA07,31.0,0.2222713629927056,linear
S2SA07,32.0,0.2222713629927056,linear
S2SA07,33.0,0.2222713629927056,linear
S2SA07,34.0,0.2222713629927056,linear
S2SA07,35.0,0.2222713629927056,linear
S2SA07,36.0,0.2222713629927056,linear
S2SA07,37.0,0.2222713629927056,linear
S2SA07,38.0,0.2222713629927056,linear
S2SA07,39.0,0.2222713629927056,linear
S2SA07,40.0,0.2222713629927056,linear
S2SA07,41.0,0.2222713629927056,linear
S2SA07,42.0,0.2222713629927056,linear
S2SA07,43.0,0.2222713629927056,linear
S2SA07,44.0,0.2222713629927056,linear
S2SA07,45.0,0.2222713629927057,linear
S2SA07,46.0,0.2222713629927057,linear
S2SA07,47.0,0.2222713629927057,linear
S2SA07,48.0,0.2222713629927057,linear
S2SA07,49.0,0.2222713629927057,linear
S2SA07,50.0,0.2222713629927057,linear
S2SA07,51.0,0.2222713629927057,linear
S2SA07,52.0,0.2222713629927057,linear
S2SA07,53.0,0.2222713629927057,linear
S2SA07,54.0,0.2222713629927057,linear
S2SA07,55.0,0.2222713629927057,linear
S2SA07,56.0,0.2222713629927057,linear
S2SA07,57.0,0.2222713629927057,linear
S2SA07,58.0,0.2222713629927057,linear
S2SA07,59.0,0.2222713629927057,linear
S2SA07,60.0,0.2222713629927057,linear
S2SA07,61.0,0.2222713629927057,linear
S2SA07,62.0,0.2222713629927057,linear
S2SA07,63.0,0.2222713629927057,linear
S2SA07,64.0,0.2222713629927057,linear
S2SA07,65.0,0.2222713629927057,linear
S2SA07,66.0,0.2222713629927057,linear
S2SA07,67.0,0.2222713629927057,linear
S2SA07,68.0,0.2222713629927057,linear
S2SA07,69.0,0.2222713629927057,linear
S2SA07,70.0,0.2222713629927057,linear
S2SA07,71.0,0.2222713629927057,linear
S2SA07,72.0,0.2222713629927057,linear
S2SA07,73.0,0.2222713629927057,linear
S2SA07,74.0,0.2222713629927057,linear
S2SA07,75.0,0.2222713629927057,linear
S2SA07,76.0,0.2222713629927057,linear
S2SA07,77.0,0.2222713629927057,linear
S2SA07,78.0,0.2222713629927057,linear
S2SA07,79.0,0.2222713629927057,linear
S2SA07,80.0,0.2222713629927057,linear
S2SA07,81.0,0.2222713629927057,linear
S2SA07,82.0,0.2222713629927057,linear
S2SA07,83.0,0.2222713629927057,linear
S2SA07,84.0,0.2222713629927057,linear
S2SA07,85.0,0.2222713629927057,linear
S2SA07,86.0,0.2222713629927057,linear
S2SA07,87.0,0.2222713629927057,linear
S2SA07,88.0,0.2222713629927057,linear
S2SA07,89.0,0.2222713629927057,linear
S2SA07,90.0,0.2222713629927057,linear
S2SA07,91.0,0.2222713629927057,linear
S2SA07,92.0,0.2222713629927057,linear
S2SA07,93.0,0.2222713629927057,linear
S2SA07,94.0,0.2222713629927057,linear
S2SA07,95.0,0.2222713629927057,linear
S2SA07,96.0,0.2222713629927057,linear
S2SA07,97.0,0.2222713629927057,linear
S2SA07,98.0,0.2222713629927057,linear
S2SA07,99.0,0.2222713629927057,linear
S2SA07,100.0,0.2222713629927057,linear
S2SA07,101.0,0.2222713629927057,linear
S2SA07,102.0,0.2222713629927057,linear
S2SA07,103.0,0.2222713629927057,linear
S2SA07,104.0,0.2222713629927057,linear
S2SA07,105.0,0.2222713629927057,linear
S2SA07,106.0,0.2222713629927057,linear
S2SA07,107.0,0.2222713629927057,linear
S2SA07,108.0,0.2222713629927057,linear
S2SA07,109.0,0.2222713629927057,linear
S2SA07,110.0,0.2222713629927057,linear
S2SA07,111.0,0.2222713629927057,linear
S2SA07,112.0,0.2222713629927057,linear
S2SA07,113.0,0.2222713629927057,linear
S2SA07,114.0,0.2222713629927057,linear
S2SA07,115.0,0.2222713629927057,linear
S2SA07,116.0,0.2222713629927057,linear
S2SA07,117.0,0.2222713629927057,linear
S2SA07,118.0,0.2222713629927057,linear
S2SA07,119.0,0.2222713629927057,linear
S2SA07,120.0,0.2222713629927057,linear
S2SA07,121.0,0.2222713629927057,linear
S2SA07,122.0,0.2222713629927057,linear
S2SA07,123.0,0.2222713629927057,linear
S2SA07,124.0,0.2222713629927057,linear
S2SA07,125.0,0.2222713629927057,linear
S2SA07,126.0,0.2222713629927057,linear
S2SA07,127.0,0.2222713629927057,linear
S2SA07,128.0,0.2222713629927057,linear
S2SA07,129.0,0.2222713629927057,linear
S2SA07,130.0,0.2222713629927057,linear
S2SA07,131.0,0.2222713629927057,linear
S2SA07,132.0,0.2222713629927057,linear
S2SA07,133.0,0.2222713629927057,linear
S2SA07,134.0,0.2222713629927057,linear
S2SA07,135.0,0.2222713629927057,linear
S2SA07,136.0,0.2222713629927057,linear
S2SA07,137.0,0.2222713629927057,linear
S2SA07,138.0,0.2222713629927057,linear
S2SA07,139.0,0.2222713629927057,linear
S2SA07,140.0,0.2222713629927057,linear
S2SA07,141.0,0.2222713629927057,linear
S2SA07,142.0,0.2222713629927057,linear
S2SA07,143.0,0.2222713629927057,linear
S2SA07,144.0,0.2222713629927057,linear
S2SA07,145.0,0.2222713629927057,linear
S2SA07,146.0,0.2222713629927057,linear
S2SA07,147.0,0.2222713629927057,linear
S2SA07,148.0,0.2222713629927057,linear
S2SA07,149.0,0.2222713629927057,linear
S2SA07,150.0,0.2222713629927057,linear
S2SA07,151.0,0.2222713629927057,linear
S2SA07,152.0,0.2222713629927057,linear
S2SA07,153.0,0.2222713629927057,linear
S2SA07,154.0,0.2222713629927057,linear
S2SA07,155.0,0.2222713629927057,linear
S2SA07,156.0,0.2222713629927057,linear
S2SA07,157.0,0.2222713629927057,linear
S2SA07,158.0,0.2222713629927057,linear
S2SA07,159.0,0.2222713629927057,linear
S2SA07,160.0,0.2222713629927057,linear
S2SA07,161.0,0.2222713629927057,linear
S2SA07,162.0,0.2222713629927057,linear
S2SA07,163.0,0.2222713629927057,linear
S2SA07,164.0,0.2222713629927057,linear
S2SA07,165.0,0.2222713629927058,linear
S2SA07,166.0,0.2222713629927058,linear
S2SA07,167.0,0.2222713629927058,linear
S2SA07,168.0,0.2222713629927058,linear
S2SA07,169.0,0.2222713629927058,linear
S2SA07,170.0,0.2222713629927058,linear
S2SA07,171.0,0.2222713629927058,linear
S2SA07,172.0,0.2222713629927058,linear
S2SA07,173.0,0.2222713629927058,linear
S2SA07,174.0,0.2222713629927058,linear
S2SA07,175.0,0.2222713629927058,linear
S2SA07,176.0,0.2222713629927058,linear
S2SA07,177.0,0.2222713629927058,linear
S2SA07,178.0,0.2222713629927058,linear
S2SA07,179.0,0.2222713629927058,linear
S2SA07,180.0,0.2222713629927058,linear
S2SA07,181.0,0.2222713629927058,linear
S2SA07,182.0,0.2222713629927058,linear
S2SA07,183.0,0.2222713629927058,linear
S2SA07,184.0,0.2222713629927058,linear
S2SA07,185.0,0.2222713629927058,linear
S2SA07,186.0,0.2222713629927058,linear
S2SA07,187.0,0.2222713629927058,linear
S2SA07,188.0,0.2222713629927058,linear
S2SA07,189.0,0.2222713629927058,linear
S2SA07,190.0,0.2222713629927058,linear
S2SA07,191.0,0.2222713629927058,linear
S2SA07,192.0,0.2222713629927058,linear
S2SA07,193.0,0.2222713629927058,linear
S2SA07,194.0,0.2222713629927058,linear
S2SA07,195.0,0.2222713629927058,linear
S2SA07,196.0,0.2222713629927058,linear
S2SA07,197.0,0.2222713629927058,linear
S2SA07,198.0,0.2222713629927058,linear
S2SA07,199.0,0.2222713629927058,linear
S2SA07,200.0,0.2222713629927058,linear
S2SA07,201.0,0.2222713629927058,linear
S2SA07,202.0,0.2222713629927058,linear
S2SA07,203.0,0.2222713629927058,linear
S2SA07,204.0,0.2222713629927058,linear
S2SA07,205.0,0.2222713629927058,linear
S2SA07,206.0,0.2222713629927058,linear
S2SA07,207.0,0.2222713629927058,linear
S2SA07,208.0,0.2222713629927058,linear
S2SA07,209.0,0.2222713629927058,linear
S2SA07,210.0,0.2222713629927058,linear
S2SA07,211.0,0.2222713629927058,linear
S2SA07,212.0,0.2222713629927058,linear
S2SA07,213.0,0.2222713629927058,linear
S2SA07,214.0,0.2222713629927058,linear
S2SA07,215.0,0.2222713629927058,linear
S2SA07,216.0,0.2222713629927058,linear
S2SA07,217.0,0.2222713629927058,linear
S2SA07,218.0,0.2222713629927058,linear
S2SA07,219.0,0.2222713629927058,linear
S2SA07,220.0,0.2222713629927058,linear
S2SA07,221.0,0.2222713629927058,linear
S2SA07,222.0,0.2222713629927058,linear
S2SA07,223.0,0.2222713629927058,linear
S2SA07,224.0,0.2222713629927058,linear
S2SA07,225.0,0.2222713629927058,linear
S2SA07,226.0,0.2222713629927058,linear
S2SA07,227.0,0.2222713629927058,linear
S2SA07,228.0,0.2222713629927058,linear
S2SA07,229.0,0.2222713629927058,linear
S2SA07,230.0,0.2222713629927058,linear
S2SA07,231.0,0.2222713629927058,linear
S2SA07,232.0,0.2222713629927058,linear
S2SA07,233.0,0.2222713629927058,linear
S2SA07,234.0,0.2222713629927058,linear
S2SA07,235.0,0.2222713629927058,linear
S2SA07,236.0,0.2222713629927058,linear
S2SA07,237.0,0.2222713629927058,linear
S2SA07,238.0,0.2222713629927058,linear
S2SA07,239.0,0.2222713629927058,linear
S2SA07,240.0,0.2222713629927058,linear
S2SA07,241.0,0.2222713629927058,linear
S2SA07,242.0,0.2222713629927058,linear
S2SA07,243.0,0.2222713629927058,linear
S2SA07,244.0,0.2222713629927058,linear
S2SA07,245.0,0.2222713629927058,linear
S2SA07,246.0,0.2222713629927058,linear
S2SA07,247.0,0.2222713629927058,linear
S2SA07,248.0,0.2222713629927058,linear
S2SA07,249.0,0.2222713629927058,linear
S2SA07,250.0,0.2222713629927058,linear
S2SA07,251.0,0.2222713629927058,linear
S2SA07,252.0,0.2222713629927058,linear
S2SA07,253.0,0.2222713629927058,linear
S2SA07,254.0,0.2222713629927058,linear
S2SA07,255.0,0.2222713629927059,linear
S2SA07,256.0,0.2222713629927059,linear
S2SA07,257.0,0.2222713629927059,linear
S2SA07,258.0,0.2222713629927059,linear
S2SA07,259.0,0.2222713629927059,linear
S2SA07,260.0,0.2222713629927059,linear
S2SA07,261.0,0.2222713629927059,linear
S2SA07,262.0,0.2222713629927059,linear
S2SA07,263.0,0.2222713629927059,linear
S2SA07,264.0,0.2222713629927059,linear
S2SA07,265.0,0.2222713629927059,linear
S2SA07,266.0,0.2222713629927059,linear
S2SA07,267.0,0.2222713629927059,linear
S2SA07,268.0,0.2222713629927059,linear
S2SA07,269.0,0.2222713629927059,linear
S2SA07,270.0,0.2222713629927059,linear
S2SA07,271.0,0.2222713629927059,linear
S2SA07,272.0,0.2222713629927059,linear
S2SA07,273.0,0.2222713629927059,linear
S2SA07,274.0,0.2222713629927059,linear
S2SA07,275.0,0.2222713629927059,linear
S2SA07,276.0,0.2222713629927059,linear
S2SA07,277.0,0.2222713629927059,linear
S2SA07,278.0,0.2222713629927059,linear
S2SA07,279.0,0.2222713629927059,linear
S2SA07,280.0,0.2222713629927059,linear
S2SA07,281.0,0.2222713629927059,linear
S2SA07,282.0,0.2222713629927059,linear
S2SA07,283.0,0.2222713629927059,linear
S2SA07,284.0,0.2222713629927059,linear
S2SA07,285.0,0.2222713629927059,linear
S2SA07,286.0,0.2222713629927059,linear
S2SA07,287.0,0.2222713629927059,linear
S2SA07,288.0,0.2222713629927059,linear
S2SA07,289.0,0.2222713629927059,linear
S2SA07,290.0,0.2222713629927059,linear
S2SA07,291.0,0.2222713629927059,linear
S2SA07,292.0,0.2222713629927059,linear
S2SA07,293.0,0.2222713629927059,linear
S2SA07,294.0,0.2222713629927059,linear
S2SA07,295.0,0.2222713629927059,linear
S2SA07,296.0,0.2222713629927059,linear
S2SA07,297.0,0.2222713629927059,linear
S2SA07,298.0,0.2222713629927059,linear
S2SA07,299.0,0.2222713629927059,linear
S2SA07,300.0,0.2222713629927059,linear
S2SA07,301.0,0.2222713629927059,linear
S2SA07,302.0,0.2222713629927059,linear
S2SA07,303.0,0.2222713629927059,linear
S2SA07,304.0,0.2222713629927059,linear
S2SA07,305.0,0.2222713629927059,linear
S2SA07,306.0,0.2222713629927059,linear
S2SA07,307.0,0.2222713629927059,linear
S2SA07,308.0,0.2222713629927059,linear
S2SA07,309.0,0.2222713629927059,linear
S2SA07,310.0,0.2222713629927059,linear
S2SA07,311.0,0.2222713629927059,linear
S2SA07,312.0,0.2222713629927059,linear
S2SA07,313.0,0.2222713629927059,linear
S2SA07,314.0,0.2222713629927059,linear
S2SA07,315.0,0.2222713629927059,linear
S2SA07,316.0,0.2222713629927059,linear
S2SA07,317.0,0.2222713629927059,linear
S2SA07,318.0,0.2222713629927059,linear
S2SA07,319.0,0.2222713629927059,linear
S2SA07,320.0,0.2222713629927059,linear
S2SA07,321.0,0.2222713629927059,linear
S2SA07,322.0,0.2222713629927059,linear
S2SA07,323.0,0.2222713629927059,linear
S2SA07,324.0,0.2222713629927059,linear
S2SA07,325.0,0.2222713629927059,linear
S2SA07,326.0,0.2222713629927059,linear
S2SA07,327.0,0.2222713629927059,linear
S2SA07,328.0,0.2222713629927059,linear
S2SA07,329.0,0.2222713629927059,linear
S2SA07,330.0,0.2222713629927059,linear
S2SA07,331.0,0.2222713629927059,linear
S2SA07,332.0,0.2222713629927059,linear
S2SA07,333.0,0.2222713629927059,linear
S2SA07,334.0,0.2222713629927059,linear
S2SA07,335.0,0.2222713629927059,linear
S2SA07,336.0,0.2222713629927059,linear
S2SA07,337.0,0.2222713629927059,linear
S2SA07,338.0,0.2222713629927059,linear
S2SA07,339.0,0.2222713629927059,linear
S2SA07,340.0,0.2222713629927059,linear
S2SA07,341.0,0.2222713629927059,linear
S2SA07,342.0,0.2222713629927059,linear
S2SA07,343.0,0.2222713629927059,linear
S2SA07,344.0,0.2222713629927059,linear
S2SA07,345.0,0.2222713629927059,linear
S2SA07,346.0,0.2222713629927059,linear
S2SA07,347.0,0.2222713629927059,linear
S2SA07,348.0,0.2222713629927059,linear
S2SA07,349.0,0.2222713629927059,linear
S2SA07,350.0,0.2222713629927059,linear
S2SA07,351.0,0.2222713629927059,linear
S2SA07,352.0,0.2222713629927059,linear
S2SA07,353.0,0.2222713629927059,linear
S2SA07,354.0,0.2222713629927059,linear
S2SA07,355.0,0.2222713629927059,linear
S2SA07,356.0,0.2222713629927059,linear
S2SA07,357.0,0.2222713629927059,linear
S2SA07,358.0,0.2222713629927059,linear
S2SA07,359.0,0.2222713629927059,linear
S2SA07,360.0,0.2222713629927059,linear
S2SA07,361.0,0.2222713629927059,linear
S2SA07,362.0,0.2222713629927059,linear
S2SA07,363.0,0.2222713629927059,linear
S2SA07,364.0,0.2222713629927059,linear
S2SA07,365.0,0.2222713629927059,linear
S3PA01,0.0,0.0842193658922195,linear
S3PA01,1.0,0.0842193658922195,linear
S3PA01,2.0,0.0842193658922195,linear
S3PA01,3.0,0.0842193658922195,linear
S3PA01,4.0,0.0842193658922195,linear
S3PA01,5.0,0.0842193658922195,linear
S3PA01,6.0,0.0842193658922195,linear
S3PA01,7.0,0.0842193658922195,linear
S3PA01,8.0,0.0842193658922195,linear
S3PA01,9.0,0.0842193658922195,linear
S3PA01,10.0,0.0842193658922195,linear
S3PA01,11.0,0.0842193658922195,linear
S3PA01,12.0,0.0842193658922195,linear
S3PA01,13.0,0.0842193658922195,linear
S3PA01,14.0,0.0842193658922195,linear
S3PA01,15.0,0.0842193658922195,linear
S3PA01,16.0,0.0842193658922195,linear
S3PA01,17.0,0.0842193658922195,linear
S3PA01,18.0,0.0842193658922195,linear
S3PA01,19.0,0.0842193658922195,linear
S3PA01,20.0,0.0842193658922195,linear
S3PA01,21.0,0.0842193658922195,linear
S3PA01,22.0,0.0842193658922195,linear
S3PA01,23.0,0.0842193658922195,linear
S3PA01,24.0,0.0842193658922195,linear
S3PA01,25.0,0.0842193658922195,linear
S3PA01,26.0,0.0842193658922195,linear
S3PA01,27.0,0.0842193658922195,linear
S3PA01,28.0,0.0842193658922195,linear
S3PA01,29.0,0.0842193658922195,linear
S3PA01,30.0,0.0842193658922195,linear
S3PA01,31.0,0.0842193658922195,linear
S3PA01,32.0,0.0842193658922195,linear
S3PA01,33.0,0.0842193658922195,linear
S3PA01,34.0,0.0842193658922195,linear
S3PA01,35.0,0.0842193658922195,linear
S3PA01,36.0,0.0842193658922195,linear
S3PA01,37.0,0.0842193658922195,linear
S3PA01,38.0,0.0842193658922195,linear
S3PA01,39.0,0.0842193658922195,linear
S3PA01,40.0,0.0842193658922195,linear
S3PA01,41.0,0.0842193658922195,linear
S3PA01,42.0,0.0842193658922195,linear
S3PA01,43.0,0.0842193658922195,linear
S3PA01,44.0,0.0842193658922195,linear
S3PA01,45.0,0.0842193658922195,linear
S3PA01,46.0,0.0842193658922195,linear
S3PA01,47.0,0.0842193658922195,linear
S3PA01,48.0,0.0842193658922195,linear
S3PA01,49.0,0.0842193658922195,linear
S3PA01,50.0,0.0842193658922195,linear
S3PA01,51.0,0.0842193658922195,linear
S3PA01,52.0,0.0842193658922195,linear
S3PA01,53.0,0.0842193658922195,linear
S3PA01,54.0,0.0842193658922195,linear
S3PA01,55.0,0.0842193658922195,linear
S3PA01,56.0,0.0842193658922195,linear
S3PA01,57.0,0.0842193658922195,linear
S3PA01,58.0,0.0842193658922195,linear
S3PA01,59.0,0.0842193658922195,linear
S3PA01,60.0,0.0842193658922195,linear
S3PA01,61.0,0.0842193658922195,linear
S3PA01,62.0,0.0842193658922195,linear
S3PA01,63.0,0.0842193658922195,linear
S3PA01,64.0,0.0842193658922195,linear
S3PA01,65.0,0.0842193658922195,linear
S3PA01,66.0,0.0842193658922195,linear
S3PA01,67.0,0.0842193658922195,linear
S3PA01,68.0,0.0842193658922195,linear
S3PA01,69.0,0.0842193658922195,linear
S3PA01,70.0,0.0842193658922195,linear
S3PA01,71.0,0.0842193658922195,linear
S3PA01,72.0,0.0842193658922195,linear
S3PA01,73.0,0.0842193658922195,linear
S3PA01,74.0,0.0842193658922195,linear
S3PA01,75.0,0.0842193658922195,linear
S3PA01,76.0,0.0842193658922195,linear
S3PA01,77.0,0.0842193658922195,linear
S3PA01,78.0,0.0842193658922195,linear
S3PA01,79.0,0.0842193658922195,linear
S3PA01,80.0,0.0842193658922195,linear
S3PA01,81.0,0.0842193658922195,linear
S3PA01,82.0,0.0842193658922195,linear
S3PA01,83.0,0.0842193658922195,linear
S3PA01,84.0,0.0842193658922195,linear
S3PA01,85.0,0.0842193658922195,linear
S3PA01,86.0,0.0842193658922195,linear
S3PA01,87.0,0.0842193658922195,linear
S3PA01,88.0,0.0842193658922195,linear
S3PA01,89.0,0.0842193658922195,linear
S3PA01,90.0,0.0842193658922195,linear
S3PA01,91.0,0.0842193658922195,linear
S3PA01,92.0,0.0842193658922195,linear
S3PA01,93.0,0.0842193658922195,linear
S3PA01,94.0,0.0842193658922195,linear
S3PA01,95.0,0.0842193658922195,linear
S3PA01,96.0,0.0842193658922195,linear
S3PA01,97.0,0.0842193658922195,linear
S3PA01,98.0,0.0842193658922195,linear
S3PA01,99.0,0.0842193658922195,linear
S3PA01,100.0,0.0842193658922195,linear
S3PA01,101.0,0.0842193658922195,linear
S3PA01,102.0,0.0842193658922195,linear
S3PA01,103.0,0.0842193658922195,linear
S3PA01,104.0,0.0842193658922195,linear
S3PA01,105.0,0.0842193658922195,linear
S3PA01,106.0,0.0842193658922195,linear
S3PA01,107.0,0.0842193658922195,linear
S3PA01,108.0,0.0842193658922195,linear
S3PA01,109.0,0.0842193658922195,linear
S3PA01,110.0,0.0842193658922195,linear
S3PA01,111.0,0.0842193658922195,linear
S3PA01,112.0,0.0842193658922195,linear
S3PA01,113.0,0.0842193658922195,linear
S3PA01,114.0,0.0842193658922195,linear
S3PA01,115.0,0.0842193658922195,linear
S3PA01,116.0,0.0842193658922195,linear
S3PA01,117.0,0.0842193658922195,linear
S3PA01,118.0,0.0842193658922195,linear
S3PA01,119.0,0.0842193658922195,linear
S3PA01,120.0,0.0842193658922195,linear
S3PA01,121.0,0.0842193658922195,linear
S3PA01,122.0,0.0842193658922195,linear
S3PA01,123.0,0.0842193658922195,linear
S3PA01,124.0,0.0842193658922195,linear
S3PA01,125.0,0.0842193658922195,linear
S3PA01,126.0,0.0842193658922195,linear
S3PA01,127.0,0.0842193658922195,linear
S3PA01,128.0,0.0842193658922195,linear
S3PA01,129.0,0.0842193658922195,linear
S3PA01,130.0,0.0842193658922195,linear
S3PA01,131.0,0.0842193658922195,linear
S3PA01,132.0,0.0842193658922195,linear
S3PA01,133.0,0.0842193658922195,linear
S3PA01,134.0,0.0842193658922195,linear
S3PA01,135.0,0.0842193658922195,linear
S3PA01,136.0,0.0842193658922195,linear
S3PA01,137.0,0.0842193658922195,linear
S3PA01,138.0,0.0842193658922195,linear
S3PA01,139.0,0.0842193658922195,linear
S3PA01,140.0,0.0842193658922195,linear
S3PA01,141.0,0.0842193658922195,linear
S3PA01,142.0,0.0842193658922195,linear
S3PA01,143.0,0.0842193658922195,linear
S3PA01,144.0,0.0842193658922195,linear
S3PA01,145.0,0.0842193658922195,linear
S3PA01,146.0,0.0842193658922195,linear
S3PA01,147.0,0.0842193658922195,linear
S3PA01,148.0,0.0842193658922195,linear
S3PA01,149.0,0.0842193658922195,linear
S3PA01,150.0,0.0842193658922195,linear
S3PA01,151.0,0.0842193658922195,linear
S3PA01,152.0,0.0842193658922195,linear
S3PA01,153.0,0.0842193658922195,linear
S3PA01,154.0,0.0842193658922195,linear
S3PA01,155.0,0.0842193658922195,linear
S3PA01,156.0,0.0842193658922195,linear
S3PA01,157.0,0.0842193658922195,linear
S3PA01,158.0,0.0842193658922195,linear
S3PA01,159.0,0.0842193658922195,linear
S3PA01,160.0,0.0842193658922195,linear
S3PA01,161.0,0.0842193658922195,linear
S3PA01,162.0,0.0842193658922195,linear
S3PA01,163.0,0.0842193658922195,linear
S3PA01,164.0,0.0842193658922195,linear
S3PA01,165.0,0.0842193658922195,linear
S3PA01,166.0,0.0842193658922195,linear
S3PA01,167.0,0.0842193658922195,linear
S3PA01,168.0,0.0842193658922195,linear
S3PA01,169.0,0.0842193658922195,linear
S3PA01,170.0,0.0842193658922195,linear
S3PA01,171.0,0.0842193658922195,linear
S3PA01,172.0,0.0842193658922195,linear
S3PA01,173.0,0.0842193658922195,linear
S3PA01,174.0,0.0842193658922195,linear
S3PA01,175.0,0.0842193658922195,linear
S3PA01,176.0,0.0842193658922195,linear
S3PA01,177.0,0.0842193658922195,linear
S3PA01,178.0,0.0842193658922195,linear
S3PA01,179.0,0.0842193658922195,linear
S3PA01,180.0,0.0842193658922195,linear
S3PA01,181.0,0.0842193658922195,linear
S3PA01,182.0,0.0842193658922195,linear
S3PA01,183.0,0.0842193658922195,linear
S3PA01,184.0,0.0842193658922195,linear
S3PA01,185.0,0.0842193658922195,linear
S3PA01,186.0,0.0842193658922195,linear
S3PA01,187.0,0.0842193658922195,linear
S3PA01,188.0,0.0842193658922195,linear
S3PA01,189.0,0.0842193658922195,linear
S3PA01,190.0,0.0842193658922195,linear
S3PA01,191.0,0.0842193658922195,linear
S3PA01,192.0,0.0842193658922195,linear
S3PA01,193.0,0.0842193658922195,linear
S3PA01,194.0,0.0842193658922195,linear
S3PA01,195.0,0.0842193658922195,linear
S3PA01,196.0,0.0842193658922195,linear
S3PA01,197.0,0.0842193658922195,linear
S3PA01,198.0,0.0842193658922195,linear
S3PA01,199.0,0.0842193658922195,linear
S3PA01,200.0,0.0842193658922195,linear
S3PA01,201.0,0.0842193658922195,linear
S3PA01,202.0,0.0842193658922195,linear
S3PA01,203.0,0.0842193658922195,linear
S3PA01,204.0,0.0842193658922195,linear
S3PA01,205.0,0.0842193658922195,linear
S3PA01,206.0,0.0842193658922195,linear
S3PA01,207.0,0.0842193658922195,linear
S3PA01,208.0,0.0842193658922195,linear
S3PA01,209.0,0.0842193658922195,linear
S3PA01,210.0,0.0842193658922195,linear
S3PA01,211.0,0.0842193658922195,linear
S3PA01,212.0,0.0842193658922195,linear
S3PA01,213.0,0.0842193658922195,linear
S3PA01,214.0,0.0842193658922195,linear
S3PA01,215.0,0.0842193658922195,linear
S3PA01,216.0,0.0842193658922195,linear
S3PA01,217.0,0.0842193658922195,linear
S3PA01,218.0,0.0842193658922195,linear
S3PA01,219.0,0.0842193658922195,linear
S3PA01,220.0,0.0842193658922195,linear
S3PA01,221.0,0.0842193658922195,linear
S3PA01,222.0,0.0842193658922195,linear
S3PA01,223.0,0.0842193658922195,linear
S3PA01,224.0,0.0842193658922195,linear
S3PA01,225.0,0.0842193658922195,linear
S3PA01,226.0,0.0842193658922195,linear
S3PA01,227.0,0.0842193658922195,linear
S3PA01,228.0,0.0842193658922195,linear
S3PA01,229.0,0.0842193658922195,linear
S3PA01,230.0,0.0842193658922195,linear
S3PA01,231.0,0.0842193658922195,linear
S3PA01,232.0,0.0842193658922195,linear
S3PA01,233.0,0.0842193658922195,linear
S3PA01,234.0,0.0842193658922195,linear
S3PA01,235.0,0.0842193658922195,linear
S3PA01,236.0,0.0842193658922195,linear
S3PA01,237.0,0.0842193658922195,linear
S3PA01,238.0,0.0842193658922195,linear
S3PA01,239.0,0.0842193658922195,linear
S3PA01,240.0,0.0842193658922195,linear
S3PA01,241.0,0.0842193658922195,linear
S3PA01,242.0,0.0842193658922195,linear
S3PA01,243.0,0.0842193658922195,linear
S3PA01,244.0,0.0842193658922195,linear
S3PA01,245.0,0.0842193658922195,linear
S3PA01,246.0,0.0842193658922195,linear
S3PA01,247.0,0.0842193658922195,linear
S3PA01,248.0,0.0842193658922195,linear
S3PA01,249.0,0.0842193658922195,linear
S3PA01,250.0,0.0842193658922195,linear
S3PA01,251.0,0.0842193658922195,linear
S3PA01,252.0,0.0842193658922195,linear
S3PA01,253.0,0.0842193658922195,linear
S3PA01,254.0,0.0842193658922195,linear
S3PA01,255.0,0.0842193658922195,linear
S3PA01,256.0,0.0842193658922195,linear
S3PA01,257.0,0.0842193658922195,linear
S3PA01,258.0,0.0842193658922195,linear
S3PA01,259.0,0.0842193658922195,linear
S3PA01,260.0,0.0842193658922195,linear
S3PA01,261.0,0.0842193658922195,linear
S3PA01,262.0,0.0842193658922195,linear
S3PA01,263.0,0.0842193658922195,linear
S3PA01,264.0,0.0842193658922195,linear
S3PA01,265.0,0.0842193658922195,linear
S3PA01,266.0,0.0842193658922195,linear
S3PA01,267.0,0.0842193658922195,linear
S3PA01,268.0,0.0842193658922195,linear
S3PA01,269.0,0.0842193658922195,linear
S3PA01,270.0,0.0842193658922195,linear
S3PA01,271.0,0.0842193658922195,linear
S3PA01,272.0,0.0842193658922195,linear
S3PA01,273.0,0.0842193658922195,linear
S3PA01,274.0,0.0842193658922195,linear
S3PA01,275.0,0.0842193658922195,linear
S3PA01,276.0,0.0842193658922195,linear
S3PA01,277.0,0.0842193658922195,linear
S3PA01,278.0,0.0842193658922195,linear
S3PA01,279.0,0.0842193658922195,linear
S3PA01,280.0,0.0842193658922195,linear
S3PA01,281.0,0.0842193658922195,linear
S3PA01,282.0,0.0842193658922195,linear
S3PA01,283.0,0.0842193658922195,linear
S3PA01,284.0,0.0842193658922195,linear
S3PA01,285.0,0.0842193658922195,linear
S3PA01,286.0,0.0842193658922195,linear
S3PA01,287.0,0.0842193658922195,linear
S3PA01,288.0,0.0842193658922195,linear
S3PA01,289.0,0.0842193658922195,linear
S3PA01,290.0,0.0842193658922195,linear
S3PA01,291.0,0.0842193658922195,linear
S3PA01,292.0,0.0842193658922195,linear
S3PA01,293.0,0.0842193658922195,linear
S3PA01,294.0,0.0842193658922195,linear
S3PA01,295.0,0.0842193658922195,linear
S3PA01,296.0,0.0842193658922195,linear
S3PA01,297.0,0.0842193658922195,linear
S3PA01,298.0,0.0842193658922195,linear
S3PA01,299.0,0.0842193658922195,linear
S3PA01,300.0,0.0842193658922195,linear
S3PA01,301.0,0.0842193658922195,linear
S3PA01,302.0,0.0842193658922195,linear
S3PA01,303.0,0.0842193658922195,linear
S3PA01,304.0,0.0842193658922195,linear
S3PA01,305.0,0.0842193658922195,linear
S3PA01,306.0,0.0842193658922195,linear
S3PA01,307.0,0.0842193658922195,linear
S3PA01,308.0,0.0842193658922195,linear
S3PA01,309.0,0.0842193658922195,linear
S3PA01,310.0,0.0842193658922195,linear
S3PA01,311.0,0.0842193658922195,linear
S3PA01,312.0,0.0842193658922195,linear
S3PA01,313.0,0.0842193658922195,linear
S3PA01,314.0,0.0842193658922195,linear
S3PA01,315.0,0.0842193658922195,linear
S3PA01,316.0,0.0842193658922195,linear
S3PA01,317.0,0.0842193658922195,linear
S3PA01,318.0,0.0842193658922195,linear
S3PA01,319.0,0.0842193658922195,linear
S3PA01,320.0,0.0842193658922195,linear
S3PA01,321.0,0.0842193658922196,linear
S3PA01,322.0,0.0842193658922196,linear
S3PA01,323.0,0.0842193658922196,linear
S3PA01,324.0,0.0842193658922196,linear
S3PA01,325.0,0.0842193658922196,linear
S3PA01,326.0,0.0842193658922196,linear
S3PA01,327.0,0.0842193658922196,linear
S3PA01,328.0,0.0842193658922196,linear
S3PA01,329.0,0.0842193658922196,linear
S3PA01,330.0,0.0842193658922196,linear
S3PA01,331.0,0.0842193658922196,linear
S3PA01,332.0,0.0842193658922196,linear
S3PA01,333.0,0.0842193658922196,linear
S3PA01,334.0,0.0842193658922196,linear
S3PA01,335.0,0.0842193658922196,linear
S3PA01,336.0,0.0842193658922196,linear
S3PA01,337.0,0.0842193658922196,linear
S3PA01,338.0,0.0842193658922196,linear
S3PA01,339.0,0.0842193658922196,linear
S3PA01,340.0,0.0842193658922196,linear
S3PA01,341.0,0.0842193658922196,linear
S3PA01,342.0,0.0842193658922196,linear
S3PA01,343.0,0.0842193658922196,linear
S3PA01,344.0,0.0842193658922196,linear
S3PA01,345.0,0.0842193658922196,linear
S3PA01,346.0,0.0842193658922196,linear
S3PA01,347.0,0.0842193658922196,linear
S3PA01,348.0,0.0842193658922196,linear
S3PA01,349.0,0.0842193658922196,linear
S3PA01,350.0,0.0842193658922196,linear
S3PA01,351.0,0.0842193658922196,linear
S3PA01,352.0,0.0842193658922196,linear
S3PA01,353.0,0.0842193658922196,linear
S3PA01,354.0,0.0842193658922196,linear
S3PA01,355.0,0.0842193658922196,linear
S3PA01,356.0,0.0842193658922196,linear
S3PA01,357.0,0.0842193658922196,linear
S3PA01,358.0,0.0842193658922196,linear
S3PA01,359.0,0.0842193658922196,linear
S3PA01,360.0,0.0842193658922196,linear
S3PA01,361.0,0.0842193658922196,linear
S3PA01,362.0,0.0842193658922196,linear
S3PA01,363.0,0.0842193658922196,linear
S3PA01,364.0,0.0842193658922196,linear
S3PA01,365.0,0.0842193658922196,linear
S3PA02,0.0,0.0969811415330979,linear
S3PA02,1.0,0.0969811415330979,linear
S3PA02,2.0,0.0969811415330979,linear
S3PA02,3.0,0.0969811415330979,linear
S3PA02,4.0,0.0969811415330979,linear
S3PA02,5.0,0.0969811415330979,linear
S3PA02,6.0,0.0969811415330979,linear
S3PA02,7.0,0.0969811415330979,linear
S3PA02,8.0,0.0969811415330979,linear
S3PA02,9.0,0.0969811415330979,linear
S3PA02,10.0,0.0969811415330979,linear
S3PA02,11.0,0.0969811415330979,linear
S3PA02,12.0,0.0969811415330979,linear
S3PA02,13.0,0.0969811415330979,linear
S3PA02,14.0,0.0969811415330979,linear
S3PA02,15.0,0.0969811415330979,linear
S3PA02,16.0,0.0969811415330979,linear
S3PA02,17.0,0.0969811415330979,linear
S3PA02,18.0,0.0969811415330979,linear
S3PA02,19.0,0.0969811415330979,linear
S3PA02,20.0,0.0969811415330979,linear
S3PA02,21.0,0.0969811415330979,linear
S3PA02,22.0,0.0969811415330979,linear
S3PA02,23.0,0.0969811415330979,linear
S3PA02,24.0,0.0969811415330979,linear
S3PA02,25.0,0.0969811415330979,linear
S3PA02,26.0,0.0969811415330979,linear
S3PA02,27.0,0.0969811415330979,linear
S3PA02,28.0,0.0969811415330979,linear
S3PA02,29.0,0.0969811415330979,linear
S3PA02,30.0,0.0969811415330979,linear
S3PA02,31.0,0.0969811415330979,linear
S3PA02,32.0,0.0969811415330979,linear
S3PA02,33.0,0.0969811415330979,linear
S3PA02,34.0,0.0969811415330979,linear
S3PA02,35.0,0.0969811415330979,linear
S3PA02,36.0,0.0969811415330979,linear
S3PA02,37.0,0.0969811415330979,linear
S3PA02,38.0,0.0969811415330979,linear
S3PA02,39.0,0.0969811415330979,linear
S3PA02,40.0,0.0969811415330979,linear
S3PA02,41.0,0.0969811415330979,linear
S3PA02,42.0,0.0969811415330979,linear
S3PA02,43.0,0.0969811415330979,linear
S3PA02,44.0,0.0969811415330979,linear
S3PA02,45.0,0.0969811415330979,linear
S3PA02,46.0,0.0969811415330979,linear
S3PA02,47.0,0.0969811415330979,linear
S3PA02,48.0,0.0969811415330979,linear
S3PA02,49.0,0.0969811415330979,linear
S3PA02,50.0,0.0969811415330979,linear
S3PA02,51.0,0.0969811415330979,linear
S3PA02,52.0,0.0969811415330979,linear
S3PA02,53.0,0.0969811415330979,linear
S3PA02,54.0,0.0969811415330979,linear
S3PA02,55.0,0.0969811415330979,linear
S3PA02,56.0,0.0969811415330979,linear
S3PA02,57.0,0.0969811415330979,linear
S3PA02,58.0,0.0969811415330979,linear
S3PA02,59.0,0.0969811415330979,linear
S3PA02,60.0,0.0969811415330979,linear
S3PA02,61.0,0.0969811415330979,linear
S3PA02,62.0,0.0969811415330979,linear
S3PA02,63.0,0.0969811415330979,linear
S3PA02,64.0,0.0969811415330979,linear
S3PA02,65.0,0.0969811415330979,linear
S3PA02,66.0,0.0969811415330979,linear
S3PA02,67.0,0.0969811415330979,linear
S3PA02,68.0,0.0969811415330979,linear
S3PA02,69.0,0.0969811415330979,linear
S3PA02,70.0,0.0969811415330979,linear
S3PA02,71.0,0.0969811415330979,linear
S3PA02,72.0,0.0969811415330979,linear
S3PA02,73.0,0.0969811415330979,linear
S3PA02,74.0,0.0969811415330979,linear
S3PA02,75.0,0.0969811415330979,linear
S3PA02,76.0,0.0969811415330979,linear
S3PA02,77.0,0.0969811415330979,linear
S3PA02,78.0,0.0969811415330979,linear
S3PA02,79.0,0.0969811415330979,linear
S3PA02,80.0,0.0969811415330979,linear
S3PA02,81.0,0.0969811415330979,linear
S3PA02,82.0,0.096981141533098,linear
S3PA02,83.0,0.096981141533098,linear
S3PA02,84.0,0.096981141533098,linear
S3PA02,85.0,0.096981141533098,linear
S3PA02,86.0,0.096981141533098,linear
S3PA02,87.0,0.096981141533098,linear
S3PA02,88.0,0.096981141533098,linear
S3PA02,89.0,0.096981141533098,linear
S3PA02,90.0,0.096981141533098,linear
S3PA02,91.0,0.096981141533098,linear
S3PA02,92.0,0.096981141533098,linear
S3PA02,93.0,0.096981141533098,linear
S3PA02,94.0,0.096981141533098,linear
S3PA02,95.0,0.096981141533098,linear
S3PA02,96.0,0.096981141533098,linear
S3PA02,97.0,0.096981141533098,linear
S3PA02,98.0,0.096981141533098,linear
S3PA02,99.0,0.096981141533098,linear
S3PA02,100.0,0.096981141533098,linear
S3PA02,101.0,0.096981141533098,linear
S3PA02,102.0,0.096981141533098,linear
S3PA02,103.0,0.096981141533098,linear
S3PA02,104.0,0.096981141533098,linear
S3PA02,105.0,0.096981141533098,linear
S3PA02,106.0,0.096981141533098,linear
S3PA02,107.0,0.096981141533098,linear
S3PA02,108.0,0.096981141533098,linear
S3PA02,109.0,0.096981141533098,linear
S3PA02,110.0,0.096981141533098,linear
S3PA02,111.0,0.096981141533098,linear
S3PA02,112.0,0.096981141533098,linear
S3PA02,113.0,0.096981141533098,linear
S3PA02,114.0,0.096981141533098,linear
S3PA02,115.0,0.096981141533098,linear
S3PA02,116.0,0.096981141533098,linear
S3PA02,117.0,0.096981141533098,linear
S3PA02,118.0,0.096981141533098,linear
S3PA02,119.0,0.096981141533098,linear
S3PA02,120.0,0.096981141533098,linear
S3PA02,121.0,0.096981141533098,linear
S3PA02,122.0,0.096981141533098,linear
S3PA02,123.0,0.096981141533098,linear
S3PA02,124.0,0.096981141533098,linear
S3PA02,125.0,0.096981141533098,linear
S3PA02,126.0,0.096981141533098,linear
S3PA02,127.0,0.096981141533098,linear
S3PA02,128.0,0.096981141533098,linear
S3PA02,129.0,0.096981141533098,linear
S3PA02,130.0,0.096981141533098,linear
S3PA02,131.0,0.096981141533098,linear
S3PA02,132.0,0.096981141533098,linear
S3PA02,133.0,0.096981141533098,linear
S3PA02,134.0,0.096981141533098,linear
S3PA02,135.0,0.096981141533098,linear
S3PA02,136.0,0.096981141533098,linear
S3PA02,137.0,0.096981141533098,linear
S3PA02,138.0,0.096981141533098,linear
S3PA02,139.0,0.096981141533098,linear
S3PA02,140.0,0.096981141533098,linear
S3PA02,141.0,0.096981141533098,linear
S3PA02,142.0,0.096981141533098,linear
S3PA02,143.0,0.096981141533098,linear
S3PA02,144.0,0.096981141533098,linear
S3PA02,145.0,0.096981141533098,linear
S3PA02,146.0,0.096981141533098,linear
S3PA02,147.0,0.096981141533098,linear
S3PA02,148.0,0.096981141533098,linear
S3PA02,149.0,0.096981141533098,linear
S3PA02,150.0,0.096981141533098,linear
S3PA02,151.0,0.096981141533098,linear
S3PA02,152.0,0.096981141533098,linear
S3PA02,153.0,0.096981141533098,linear
S3PA02,154.0,0.096981141533098,linear
S3PA02,155.0,0.096981141533098,linear
S3PA02,156.0,0.096981141533098,linear
S3PA02,157.0,0.096981141533098,linear
S3PA02,158.0,0.096981141533098,linear
S3PA02,159.0,0.096981141533098,linear
S3PA02,160.0,0.096981141533098,linear
S3PA02,161.0,0.096981141533098,linear
S3PA02,162.0,0.096981141533098,linear
S3PA02,163.0,0.096981141533098,linear
S3PA02,164.0,0.096981141533098,linear
S3PA02,165.0,0.096981141533098,linear
S3PA02,166.0,0.096981141533098,linear
S3PA02,167.0,0.096981141533098,linear
S3PA02,168.0,0.096981141533098,linear
S3PA02,169.0,0.096981141533098,linear
S3PA02,170.0,0.096981141533098,linear
S3PA02,171.0,0.096981141533098,linear
S3PA02,172.0,0.096981141533098,linear
S3PA02,173.0,0.096981141533098,linear
S3PA02,174.0,0.096981141533098,linear
S3PA02,175.0,0.096981141533098,linear
S3PA02,176.0,0.096981141533098,linear
S3PA02,177.0,0.096981141533098,linear
S3PA02,178.0,0.096981141533098,linear
S3PA02,179.0,0.096981141533098,linear
S3PA02,180.0,0.096981141533098,linear
S3PA02,181.0,0.096981141533098,linear
S3PA02,182.0,0.096981141533098,linear
S3PA02,183.0,0.096981141533098,linear
S3PA02,184.0,0.096981141533098,linear
S3PA02,185.0,0.096981141533098,linear
S3PA02,186.0,0.096981141533098,linear
S3PA02,187.0,0.096981141533098,linear
S3PA02,188.0,0.096981141533098,linear
S3PA02,189.0,0.096981141533098,linear
S3PA02,190.0,0.096981141533098,linear
S3PA02,191.0,0.096981141533098,linear
S3PA02,192.0,0.096981141533098,linear
S3PA02,193.0,0.096981141533098,linear
S3PA02,194.0,0.096981141533098,linear
S3PA02,195.0,0.096981141533098,linear
S3PA02,196.0,0.096981141533098,linear
S3PA02,197.0,0.096981141533098,linear
S3PA02,198.0,0.096981141533098,linear
S3PA02,199.0,0.096981141533098,linear
S3PA02,200.0,0.096981141533098,linear
S3PA02,201.0,0.096981141533098,linear
S3PA02,202.0,0.096981141533098,linear
S3PA02,203.0,0.096981141533098,linear
S3PA02,204.0,0.096981141533098,linear
S3PA02,205.0,0.096981141533098,linear
S3PA02,206.0,0.096981141533098,linear
S3PA02,207.0,0.096981141533098,linear
S3PA02,208.0,0.096981141533098,linear
S3PA02,209.0,0.096981141533098,linear
S3PA02,210.0,0.096981141533098,linear
S3PA02,211.0,0.096981141533098,linear
S3PA02,212.0,0.096981141533098,linear
S3PA02,213.0,0.096981141533098,linear
S3PA02,214.0,0.096981141533098,linear
S3PA02,215.0,0.096981141533098,linear
S3PA02,216.0,0.096981141533098,linear
S3PA02,217.0,0.096981141533098,linear
S3PA02,218.0,0.096981141533098,linear
S3PA02,219.0,0.096981141533098,linear
S3PA02,220.0,0.096981141533098,linear
S3PA02,221.0,0.096981141533098,linear
S3PA02,222.0,0.096981141533098,linear
S3PA02,223.0,0.096981141533098,linear
S3PA02,224.0,0.096981141533098,linear
S3PA02,225.0,0.096981141533098,linear
S3PA02,226.0,0.096981141533098,linear
S3PA02,227.0,0.096981141533098,linear
S3PA02,228.0,0.096981141533098,linear
S3PA02,229.0,0.096981141533098,linear
S3PA02,230.0,0.096981141533098,linear
S3PA02,231.0,0.096981141533098,linear
S3PA02,232.0,0.096981141533098,linear
S3PA02,233.0,0.096981141533098,linear
S3PA02,234.0,0.096981141533098,linear
S3PA02,235.0,0.096981141533098,linear
S3PA02,236.0,0.096981141533098,linear
S3PA02,237.0,0.096981141533098,linear
S3PA02,238.0,0.096981141533098,linear
S3PA02,239.0,0.096981141533098,linear
S3PA02,240.0,0.096981141533098,linear
S3PA02,241.0,0.096981141533098,linear
S3PA02,242.0,0.096981141533098,linear
S3PA02,243.0,0.096981141533098,linear
S3PA02,244.0,0.096981141533098,linear
S3PA02,245.0,0.096981141533098,linear
S3PA02,246.0,0.096981141533098,linear
S3PA02,247.0,0.096981141533098,linear
S3PA02,248.0,0.096981141533098,linear
S3PA02,249.0,0.096981141533098,linear
S3PA02,250.0,0.096981141533098,linear
S3PA02,251.0,0.096981141533098,linear
S3PA02,252.0,0.096981141533098,linear
S3PA02,253.0,0.096981141533098,linear
S3PA02,254.0,0.096981141533098,linear
S3PA02,255.0,0.096981141533098,linear
S3PA02,256.0,0.096981141533098,linear
S3PA02,257.0,0.096981141533098,linear
S3PA02,258.0,0.096981141533098,linear
S3PA02,259.0,0.096981141533098,linear
S3PA02,260.0,0.096981141533098,linear
S3PA02,261.0,0.096981141533098,linear
S3PA02,262.0,0.096981141533098,linear
S3PA02,263.0,0.096981141533098,linear
S3PA02,264.0,0.096981141533098,linear
S3PA02,265.0,0.096981141533098,linear
S3PA02,266.0,0.096981141533098,linear
S3PA02,267.0,0.096981141533098,linear
S3PA02,268.0,0.096981141533098,linear
S3PA02,269.0,0.096981141533098,linear
S3PA02,270.0,0.096981141533098,linear
S3PA02,271.0,0.096981141533098,linear
S3PA02,272.0,0.096981141533098,linear
S3PA02,273.0,0.096981141533098,linear
S3PA02,274.0,0.096981141533098,linear
S3PA02,275.0,0.096981141533098,linear
S3PA02,276.0,0.096981141533098,linear
S3PA02,277.0,0.096981141533098,linear
S3PA02,278.0,0.096981141533098,linear
S3PA02,279.0,0.096981141533098,linear
S3PA02,280.0,0.096981141533098,linear
S3PA02,281.0,0.096981141533098,linear
S3PA02,282.0,0.096981141533098,linear
S3PA02,283.0,0.096981141533098,linear
S3PA02,284.0,0.096981141533098,linear
S3PA02,285.0,0.096981141533098,linear
S3PA02,286.0,0.096981141533098,linear
S3PA02,287.0,0.096981141533098,linear
S3PA02,288.0,0.096981141533098,linear
S3PA02,289.0,0.096981141533098,linear
S3PA02,290.0,0.096981141533098,linear
S3PA02,291.0,0.096981141533098,linear
S3PA02,292.0,0.096981141533098,linear
S3PA02,293.0,0.096981141533098,linear
S3PA02,294.0,0.096981141533098,linear
S3PA02,295.0,0.096981141533098,linear
S3PA02,296.0,0.096981141533098,linear
S3PA02,297.0,0.096981141533098,linear
S3PA02,298.0,0.096981141533098,linear
S3PA02,299.0,0.096981141533098,linear
S3PA02,300.0,0.096981141533098,linear
S3PA02,301.0,0.096981141533098,linear
S3PA02,302.0,0.096981141533098,linear
S3PA02,303.0,0.096981141533098,linear
S3PA02,304.0,0.096981141533098,linear
S3PA02,305.0,0.096981141533098,linear
S3PA02,306.0,0.096981141533098,linear
S3PA02,307.0,0.096981141533098,linear
S3PA02,308.0,0.096981141533098,linear
S3PA02,309.0,0.096981141533098,linear
S3PA02,310.0,0.096981141533098,linear
S3PA02,311.0,0.096981141533098,linear
S3PA02,312.0,0.0969811415330981,linear
S3PA02,313.0,0.0969811415330981,linear
S3PA02,314.0,0.0969811415330981,linear
S3PA02,315.0,0.0969811415330981,linear
S3PA02,316.0,0.0969811415330981,linear
S3PA02,317.0,0.0969811415330981,linear
S3PA02,318.0,0.0969811415330981,linear
S3PA02,319.0,0.0969811415330981,linear
S3PA02,320.0,0.0969811415330981,linear
S3PA02,321.0,0.0969811415330981,linear
S3PA02,322.0,0.0969811415330981,linear
S3PA02,323.0,0.0969811415330981,linear
S3PA02,324.0,0.0969811415330981,linear
S3PA02,325.0,0.0969811415330981,linear
S3PA02,326.0,0.0969811415330981,linear
S3PA02,327.0,0.0969811415330981,linear
S3PA02,328.0,0.0969811415330981,linear
S3PA02,329.0,0.0969811415330981,linear
S3PA02,330.0,0.0969811415330981,linear
S3PA02,331.0,0.0969811415330981,linear
S3PA02,332.0,0.0969811415330981,linear
S3PA02,333.0,0.0969811415330981,linear
S3PA02,334.0,0.0969811415330981,linear
S3PA02,335.0,0.0969811415330981,linear
S3PA02,336.0,0.0969811415330981,linear
S3PA02,337.0,0.0969811415330981,linear
S3PA02,338.0,0.0969811415330981,linear
S3PA02,339.0,0.0969811415330981,linear
S3PA02,340.0,0.0969811415330981,linear
S3PA02,341.0,0.0969811415330981,linear
S3PA02,342.0,0.0969811415330981,linear
S3PA02,343.0,0.0969811415330981,linear
S3PA02,344.0,0.0969811415330981,linear
S3PA02,345.0,0.0969811415330981,linear
S3PA02,346.0,0.0969811415330981,linear
S3PA02,347.0,0.0969811415330981,linear
S3PA02,348.0,0.0969811415330981,linear
S3PA02,349.0,0.0969811415330981,linear
S3PA02,350.0,0.0969811415330981,linear
S3PA02,351.0,0.0969811415330981,linear
S3PA02,352.0,0.0969811415330981,linear
S3PA02,353.0,0.0969811415330981,linear
S3PA02,354.0,0.0969811415330981,linear
S3PA02,355.0,0.0969811415330981,linear
S3PA02,356.0,0.0969811415330981,linear
S3PA02,357.0,0.0969811415330981,linear
S3PA02,358.0,0.0969811415330981,linear
S3PA02,359.0,0.0969811415330981,linear
S3PA02,360.0,0.0969811415330981,linear
S3PA02,361.0,0.0969811415330981,linear
S3PA02,362.0,0.0969811415330981,linear
S3PA02,363.0,0.0969811415330981,linear
S3PA02,364.0,0.0969811415330981,linear
S3PA02,365.0,0.0969811415330981,linear
S3PA03,0.0,0.0907876282219159,linear
S3PA03,1.0,0.0907876282219159,linear
S3PA03,2.0,0.0907876282219159,linear
S3PA03,3.0,0.0907876282219159,linear
S3PA03,4.0,0.0907876282219159,linear
S3PA03,5.0,0.0907876282219159,linear
S3PA03,6.0,0.0907876282219159,linear
S3PA03,7.0,0.0907876282219159,linear
S3PA03,8.0,0.0907876282219159,linear
S3PA03,9.0,0.0907876282219159,linear
S3PA03,10.0,0.0907876282219159,linear
S3PA03,11.0,0.0907876282219159,linear
S3PA03,12.0,0.0907876282219159,linear
S3PA03,13.0,0.0907876282219159,linear
S3PA03,14.0,0.0907876282219159,linear
S3PA03,15.0,0.0907876282219159,linear
S3PA03,16.0,0.0907876282219159,linear
S3PA03,17.0,0.0907876282219159,linear
S3PA03,18.0,0.0907876282219159,linear
S3PA03,19.0,0.0907876282219159,linear
S3PA03,20.0,0.0907876282219159,linear
S3PA03,21.0,0.0907876282219159,linear
S3PA03,22.0,0.0907876282219159,linear
S3PA03,23.0,0.0907876282219159,linear
S3PA03,24.0,0.0907876282219159,linear
S3PA03,25.0,0.0907876282219159,linear
S3PA03,26.0,0.0907876282219159,linear
S3PA03,27.0,0.0907876282219159,linear
S3PA03,28.0,0.0907876282219159,linear
S3PA03,29.0,0.0907876282219159,linear
S3PA03,30.0,0.0907876282219159,linear
S3PA03,31.0,0.0907876282219159,linear
S3PA03,32.0,0.0907876282219159,linear
S3PA03,33.0,0.0907876282219159,linear
S3PA03,34.0,0.0907876282219159,linear
S3PA03,35.0,0.0907876282219159,linear
S3PA03,36.0,0.0907876282219159,linear
S3PA03,37.0,0.0907876282219159,linear
S3PA03,38.0,0.0907876282219159,linear
S3PA03,39.0,0.0907876282219159,linear
S3PA03,40.0,0.0907876282219159,linear
S3PA03,41.0,0.0907876282219159,linear
S3PA03,42.0,0.0907876282219159,linear
S3PA03,43.0,0.0907876282219159,linear
S3PA03,44.0,0.0907876282219159,linear
S3PA03,45.0,0.0907876282219159,linear
S3PA03,46.0,0.0907876282219159,linear
S3PA03,47.0,0.0907876282219159,linear
S3PA03,48.0,0.0907876282219159,linear
S3PA03,49.0,0.0907876282219159,linear
S3PA03,50.0,0.0907876282219159,linear
S3PA03,51.0,0.0907876282219159,linear
S3PA03,52.0,0.0907876282219159,linear
S3PA03,53.0,0.0907876282219159,linear
S3PA03,54.0,0.0907876282219159,linear
S3PA03,55.0,0.0907876282219159,linear
S3PA03,56.0,0.0907876282219159,linear
S3PA03,57.0,0.0907876282219159,linear
S3PA03,58.0,0.0907876282219159,linear
S3PA03,59.0,0.0907876282219159,linear
S3PA03,60.0,0.0907876282219159,linear
S3PA03,61.0,0.0907876282219159,linear
S3PA03,62.0,0.0907876282219159,linear
S3PA03,63.0,0.0907876282219159,linear
S3PA03,64.0,0.0907876282219159,linear
S3PA03,65.0,0.0907876282219159,linear
S3PA03,66.0,0.0907876282219159,linear
S3PA03,67.0,0.0907876282219159,linear
S3PA03,68.0,0.0907876282219159,linear
S3PA03,69.0,0.0907876282219159,linear
S3PA03,70.0,0.0907876282219159,linear
S3PA03,71.0,0.0907876282219159,linear
S3PA03,72.0,0.0907876282219159,linear
S3PA03,73.0,0.0907876282219159,linear
S3PA03,74.0,0.0907876282219159,linear
S3PA03,75.0,0.0907876282219159,linear
S3PA03,76.0,0.0907876282219159,linear
S3PA03,77.0,0.0907876282219159,linear
S3PA03,78.0,0.0907876282219159,linear
S3PA03,79.0,0.0907876282219159,linear
S3PA03,80.0,0.0907876282219159,linear
S3PA03,81.0,0.0907876282219159,linear
S3PA03,82.0,0.0907876282219159,linear
S3PA03,83.0,0.0907876282219159,linear
S3PA03,84.0,0.0907876282219159,linear
S3PA03,85.0,0.0907876282219159,linear
S3PA03,86.0,0.0907876282219159,linear
S3PA03,87.0,0.0907876282219159,linear
S3PA03,88.0,0.0907876282219159,linear
S3PA03,89.0,0.0907876282219159,linear
S3PA03,90.0,0.0907876282219159,linear
S3PA03,91.0,0.0907876282219159,linear
S3PA03,92.0,0.0907876282219159,linear
S3PA03,93.0,0.0907876282219159,linear
S3PA03,94.0,0.0907876282219159,linear
S3PA03,95.0,0.0907876282219159,linear
S3PA03,96.0,0.0907876282219159,linear
S3PA03,97.0,0.0907876282219159,linear
S3PA03,98.0,0.0907876282219159,linear
S3PA03,99.0,0.0907876282219159,linear
S3PA03,100.0,0.0907876282219159,linear
S3PA03,101.0,0.0907876282219159,linear
S3PA03,102.0,0.0907876282219159,linear
S3PA03,103.0,0.0907876282219159,linear
S3PA03,104.0,0.0907876282219159,linear
S3PA03,105.0,0.0907876282219159,linear
S3PA03,106.0,0.0907876282219159,linear
S3PA03,107.0,0.0907876282219159,linear
S3PA03,108.0,0.0907876282219159,linear
S3PA03,109.0,0.0907876282219159,linear
S3PA03,110.0,0.0907876282219159,linear
S3PA03,111.0,0.0907876282219159,linear
S3PA03,112.0,0.0907876282219159,linear
S3PA03,113.0,0.0907876282219159,linear
S3PA03,114.0,0.0907876282219159,linear
S3PA03,115.0,0.0907876282219159,linear
S3PA03,116.0,0.0907876282219159,linear
S3PA03,117.0,0.0907876282219159,linear
S3PA03,118.0,0.0907876282219159,linear
S3PA03,119.0,0.0907876282219159,linear
S3PA03,120.0,0.0907876282219159,linear
S3PA03,121.0,0.0907876282219159,linear
S3PA03,122.0,0.0907876282219159,linear
S3PA03,123.0,0.0907876282219159,linear
S3PA03,124.0,0.0907876282219159,linear
S3PA03,125.0,0.0907876282219159,linear
S3PA03,126.0,0.0907876282219159,linear
S3PA03,127.0,0.0907876282219159,linear
S3PA03,128.0,0.0907876282219159,linear
S3PA03,129.0,0.0907876282219159,linear
S3PA03,130.0,0.0907876282219159,linear
S3PA03,131.0,0.0907876282219159,linear
S3PA03,132.0,0.0907876282219159,linear
S3PA03,133.0,0.0907876282219159,linear
S3PA03,134.0,0.0907876282219159,linear
S3PA03,135.0,0.0907876282219159,linear
S3PA03,136.0,0.0907876282219159,linear
S3PA03,137.0,0.0907876282219159,linear
S3PA03,138.0,0.0907876282219159,linear
S3PA03,139.0,0.0907876282219159,linear
S3PA03,140.0,0.0907876282219159,linear
S3PA03,141.0,0.0907876282219159,linear
S3PA03,142.0,0.0907876282219159,linear
S3PA03,143.0,0.0907876282219159,linear
S3PA03,144.0,0.0907876282219159,linear
S3PA03,145.0,0.0907876282219159,linear
S3PA03,146.0,0.0907876282219159,linear
S3PA03,147.0,0.0907876282219159,linear
S3PA03,148.0,0.0907876282219159,linear
S3PA03,149.0,0.0907876282219159,linear
S3PA03,150.0,0.0907876282219159,linear
S3PA03,151.0,0.0907876282219159,linear
S3PA03,152.0,0.0907876282219159,linear
S3PA03,153.0,0.0907876282219159,linear
S3PA03,154.0,0.0907876282219159,linear
S3PA03,155.0,0.0907876282219159,linear
S3PA03,156.0,0.0907876282219159,linear
S3PA03,157.0,0.0907876282219159,linear
S3PA03,158.0,0.0907876282219159,linear
S3PA03,159.0,0.0907876282219159,linear
S3PA03,160.0,0.0907876282219159,linear
S3PA03,161.0,0.0907876282219159,linear
S3PA03,162.0,0.0907876282219159,linear
S3PA03,163.0,0.0907876282219159,linear
S3PA03,164.0,0.0907876282219159,linear
S3PA03,165.0,0.0907876282219159,linear
S3PA03,166.0,0.0907876282219159,linear
S3PA03,167.0,0.0907876282219159,linear
S3PA03,168.0,0.0907876282219159,linear
S3PA03,169.0,0.0907876282219159,linear
S3PA03,170.0,0.0907876282219159,linear
S3PA03,171.0,0.0907876282219159,linear
S3PA03,172.0,0.0907876282219159,linear
S3PA03,173.0,0.0907876282219159,linear
S3PA03,174.0,0.0907876282219159,linear
S3PA03,175.0,0.0907876282219159,linear
S3PA03,176.0,0.0907876282219159,linear
S3PA03,177.0,0.0907876282219159,linear
S3PA03,178.0,0.0907876282219159,linear
S3PA03,179.0,0.0907876282219159,linear
S3PA03,180.0,0.0907876282219159,linear
S3PA03,181.0,0.0907876282219159,linear
S3PA03,182.0,0.0907876282219159,linear
S3PA03,183.0,0.0907876282219159,linear
S3PA03,184.0,0.0907876282219159,linear
S3PA03,185.0,0.0907876282219159,linear
S3PA03,186.0,0.0907876282219159,linear
S3PA03,187.0,0.0907876282219159,linear
S3PA03,188.0,0.0907876282219159,linear
S3PA03,189.0,0.0907876282219159,linear
S3PA03,190.0,0.0907876282219159,linear
S3PA03,191.0,0.0907876282219159,linear
S3PA03,192.0,0.0907876282219159,linear
S3PA03,193.0,0.0907876282219159,linear
S3PA03,194.0,0.0907876282219159,linear
S3PA03,195.0,0.0907876282219159,linear
S3PA03,196.0,0.0907876282219159,linear
S3PA03,197.0,0.0907876282219159,linear
S3PA03,198.0,0.0907876282219159,linear
S3PA03,199.0,0.0907876282219159,linear
S3PA03,200.0,0.0907876282219159,linear
S3PA03,201.0,0.0907876282219159,linear
S3PA03,202.0,0.0907876282219159,linear
S3PA03,203.0,0.0907876282219159,linear
S3PA03,204.0,0.0907876282219159,linear
S3PA03,205.0,0.0907876282219159,linear
S3PA03,206.0,0.0907876282219159,linear
S3PA03,207.0,0.0907876282219159,linear
S3PA03,208.0,0.0907876282219159,linear
S3PA03,209.0,0.0907876282219159,linear
S3PA03,210.0,0.0907876282219159,linear
S3PA03,211.0,0.0907876282219159,linear
S3PA03,212.0,0.0907876282219159,linear
S3PA03,213.0,0.0907876282219159,linear
S3PA03,214.0,0.0907876282219159,linear
S3PA03,215.0,0.0907876282219159,linear
S3PA03,216.0,0.0907876282219159,linear
S3PA03,217.0,0.0907876282219159,linear
S3PA03,218.0,0.0907876282219159,linear
S3PA03,219.0,0.0907876282219159,linear
S3PA03,220.0,0.0907876282219159,linear
S3PA03,221.0,0.0907876282219159,linear
S3PA03,222.0,0.0907876282219159,linear
S3PA03,223.0,0.0907876282219159,linear
S3PA03,224.0,0.0907876282219159,linear
S3PA03,225.0,0.0907876282219159,linear
S3PA03,226.0,0.0907876282219159,linear
S3PA03,227.0,0.0907876282219159,linear
S3PA03,228.0,0.0907876282219159,linear
S3PA03,229.0,0.0907876282219159,linear
S3PA03,230.0,0.0907876282219159,linear
S3PA03,231.0,0.0907876282219159,linear
S3PA03,232.0,0.0907876282219159,linear
S3PA03,233.0,0.0907876282219159,linear
S3PA03,234.0,0.0907876282219159,linear
S3PA03,235.0,0.0907876282219159,linear
S3PA03,236.0,0.0907876282219159,linear
S3PA03,237.0,0.0907876282219159,linear
S3PA03,238.0,0.0907876282219159,linear
S3PA03,239.0,0.0907876282219159,linear
S3PA03,240.0,0.0907876282219159,linear
S3PA03,241.0,0.0907876282219159,linear
S3PA03,242.0,0.0907876282219159,linear
S3PA03,243.0,0.0907876282219159,linear
S3PA03,244.0,0.0907876282219159,linear
S3PA03,245.0,0.0907876282219159,linear
S3PA03,246.0,0.090787628221916,linear
S3PA03,247.0,0.090787628221916,linear
S3PA03,248.0,0.090787628221916,linear
S3PA03,249.0,0.090787628221916,linear
S3PA03,250.0,0.090787628221916,linear
S3PA03,251.0,0.090787628221916,linear
S3PA03,252.0,0.090787628221916,linear
S3PA03,253.0,0.090787628221916,linear
S3PA03,254.0,0.090787628221916,linear
S3PA03,255.0,0.090787628221916,linear
S3PA03,256.0,0.090787628221916,linear
S3PA03,257.0,0.090787628221916,linear
S3PA03,258.0,0.090787628221916,linear
S3PA03,259.0,0.090787628221916,linear
S3PA03,260.0,0.090787628221916,linear
S3PA03,261.0,0.090787628221916,linear
S3PA03,262.0,0.090787628221916,linear
S3PA03,263.0,0.090787628221916,linear
S3PA03,264.0,0.090787628221916,linear
S3PA03,265.0,0.090787628221916,linear
S3PA03,266.0,0.090787628221916,linear
S3PA03,267.0,0.090787628221916,linear
S3PA03,268.0,0.090787628221916,linear
S3PA03,269.0,0.090787628221916,linear
S3PA03,270.0,0.090787628221916,linear
S3PA03,271.0,0.090787628221916,linear
S3PA03,272.0,0.090787628221916,linear
S3PA03,273.0,0.090787628221916,linear
S3PA03,274.0,0.090787628221916,linear
S3PA03,275.0,0.090787628221916,linear
S3PA03,276.0,0.090787628221916,linear
S3PA03,277.0,0.090787628221916,linear
S3PA03,278.0,0.090787628221916,linear
S3PA03,279.0,0.090787628221916,linear
S3PA03,280.0,0.090787628221916,linear
S3PA03,281.0,0.090787628221916,linear
S3PA03,282.0,0.090787628221916,linear
S3PA03,283.0,0.090787628221916,linear
S3PA03,284.0,0.090787628221916,linear
S3PA03,285.0,0.090787628221916,linear
S3PA03,286.0,0.090787628221916,linear
S3PA03,287.0,0.090787628221916,linear
S3PA03,288.0,0.090787628221916,linear
S3PA03,289.0,0.090787628221916,linear
S3PA03,290.0,0.090787628221916,linear
S3PA03,291.0,0.090787628221916,linear
S3PA03,292.0,0.090787628221916,linear
S3PA03,293.0,0.090787628221916,linear
S3PA03,294.0,0.090787628221916,linear
S3PA03,295.0,0.090787628221916,linear
S3PA03,296.0,0.090787628221916,linear
S3PA03,297.0,0.090787628221916,linear
S3PA03,298.0,0.090787628221916,linear
S3PA03,299.0,0.090787628221916,linear
S3PA03,300.0,0.090787628221916,linear
S3PA03,301.0,0.090787628221916,linear
S3PA03,302.0,0.090787628221916,linear
S3PA03,303.0,0.090787628221916,linear
S3PA03,304.0,0.090787628221916,linear
S3PA03,305.0,0.090787628221916,linear
S3PA03,306.0,0.090787628221916,linear
S3PA03,307.0,0.090787628221916,linear
S3PA03,308.0,0.090787628221916,linear
S3PA03,309.0,0.090787628221916,linear
S3PA03,310.0,0.090787628221916,linear
S3PA03,311.0,0.090787628221916,linear
S3PA03,312.0,0.090787628221916,linear
S3PA03,313.0,0.090787628221916,linear
S3PA03,314.0,0.090787628221916,linear
S3PA03,315.0,0.090787628221916,linear
S3PA03,316.0,0.090787628221916,linear
S3PA03,317.0,0.090787628221916,linear
S3PA03,318.0,0.090787628221916,linear
S3PA03,319.0,0.090787628221916,linear
S3PA03,320.0,0.090787628221916,linear
S3PA03,321.0,0.090787628221916,linear
S3PA03,322.0,0.090787628221916,linear
S3PA03,323.0,0.090787628221916,linear
S3PA03,324.0,0.090787628221916,linear
S3PA03,325.0,0.090787628221916,linear
S3PA03,326.0,0.090787628221916,linear
S3PA03,327.0,0.090787628221916,linear
S3PA03,328.0,0.090787628221916,linear
S3PA03,329.0,0.090787628221916,linear
S3PA03,330.0,0.090787628221916,linear
S3PA03,331.0,0.090787628221916,linear
S3PA03,332.0,0.090787628221916,linear
S3PA03,333.0,0.090787628221916,linear
S3PA03,334.0,0.090787628221916,linear
S3PA03,335.0,0.090787628221916,linear
S3PA03,336.0,0.090787628221916,linear
S3PA03,337.0,0.090787628221916,linear
S3PA03,338.0,0.090787628221916,linear
S3PA03,339.0,0.090787628221916,linear
S3PA03,340.0,0.090787628221916,linear
S3PA03,341.0,0.090787628221916,linear
S3PA03,342.0,0.090787628221916,linear
S3PA03,343.0,0.090787628221916,linear
S3PA03,344.0,0.090787628221916,linear
S3PA03,345.0,0.090787628221916,linear
S3PA03,346.0,0.090787628221916,linear
S3PA03,347.0,0.090787628221916,linear
S3PA03,348.0,0.090787628221916,linear
S3PA03,349.0,0.090787628221916,linear
S3PA03,350.0,0.090787628221916,linear
S3PA03,351.0,0.090787628221916,linear
S3PA03,352.0,0.090787628221916,linear
S3PA03,353.0,0.090787628221916,linear
S3PA03,354.0,0.090787628221916,linear
S3PA03,355.0,0.090787628221916,linear
S3PA03,356.0,0.090787628221916,linear
S3PA03,357.0,0.090787628221916,linear
S3PA03,358.0,0.090787628221916,linear
S3PA03,359.0,0.090787628221916,linear
S3PA03,360.0,0.090787628221916,linear
S3PA03,361.0,0.090787628221916,linear
S3PA03,362.0,0.090787628221916,linear
S3PA03,363.0,0.090787628221916,linear
S3PA03,364.0,0.090787628221916,linear
S3PA03,365.0,0.090787628221916,linear
S3PA04,0.0,0.0643716086752331,linear
S3PA04,1.0,0.0643716086752331,linear
S3PA04,2.0,0.0643716086752331,linear
S3PA04,3.0,0.0643716086752331,linear
S3PA04,4.0,0.0643716086752331,linear
S3PA04,5.0,0.0643716086752331,linear
S3PA04,6.0,0.0643716086752331,linear
S3PA04,7.0,0.0643716086752331,linear
S3PA04,8.0,0.0643716086752331,linear
S3PA04,9.0,0.0643716086752331,linear
S3PA04,10.0,0.0643716086752331,linear
S3PA04,11.0,0.0643716086752331,linear
S3PA04,12.0,0.0643716086752331,linear
S3PA04,13.0,0.0643716086752331,linear
S3PA04,14.0,0.0643716086752331,linear
S3PA04,15.0,0.0643716086752331,linear
S3PA04,16.0,0.0643716086752331,linear
S3PA04,17.0,0.0643716086752331,linear
S3PA04,18.0,0.0643716086752331,linear
S3PA04,19.0,0.0643716086752332,linear
S3PA04,20.0,0.0643716086752332,linear
S3PA04,21.0,0.0643716086752332,linear
S3PA04,22.0,0.0643716086752332,linear
S3PA04,23.0,0.0643716086752332,linear
S3PA04,24.0,0.0643716086752332,linear
S3PA04,25.0,0.0643716086752332,linear
S3PA04,26.0,0.0643716086752332,linear
S3PA04,27.0,0.0643716086752332,linear
S3PA04,28.0,0.0643716086752332,linear
S3PA04,29.0,0.0643716086752332,linear
S3PA04,30.0,0.0643716086752332,linear
S3PA04,31.0,0.0643716086752332,linear
S3PA04,32.0,0.0643716086752332,linear
S3PA04,33.0,0.0643716086752332,linear
S3PA04,34.0,0.0643716086752332,linear
S3PA04,35.0,0.0643716086752332,linear
S3PA04,36.0,0.0643716086752332,linear
S3PA04,37.0,0.0643716086752332,linear
S3PA04,38.0,0.0643716086752332,linear
S3PA04,39.0,0.0643716086752332,linear
S3PA04,40.0,0.0643716086752332,linear
S3PA04,41.0,0.0643716086752332,linear
S3PA04,42.0,0.0643716086752332,linear
S3PA04,43.0,0.0643716086752332,linear
S3PA04,44.0,0.0643716086752332,linear
S3PA04,45.0,0.0643716086752332,linear
S3PA04,46.0,0.0643716086752332,linear
S3PA04,47.0,0.0643716086752332,linear
S3PA04,48.0,0.0643716086752332,linear
S3PA04,49.0,0.0643716086752332,linear
S3PA04,50.0,0.0643716086752332,linear
S3PA04,51.0,0.0643716086752332,linear
S3PA04,52.0,0.0643716086752332,linear
S3PA04,53.0,0.0643716086752332,linear
S3PA04,54.0,0.0643716086752332,linear
S3PA04,55.0,0.0643716086752332,linear
S3PA04,56.0,0.0643716086752332,linear
S3PA04,57.0,0.0643716086752332,linear
S3PA04,58.0,0.0643716086752332,linear
S3PA04,59.0,0.0643716086752332,linear
S3PA04,60.0,0.0643716086752332,linear
S3PA04,61.0,0.0643716086752332,linear
S3PA04,62.0,0.0643716086752332,linear
S3PA04,63.0,0.0643716086752332,linear
S3PA04,64.0,0.0643716086752332,linear
S3PA04,65.0,0.0643716086752332,linear
S3PA04,66.0,0.0643716086752332,linear
S3PA04,67.0,0.0643716086752332,linear
S3PA04,68.0,0.0643716086752332,linear
S3PA04,69.0,0.0643716086752332,linear
S3PA04,70.0,0.0643716086752332,linear
S3PA04,71.0,0.0643716086752332,linear
S3PA04,72.0,0.0643716086752332,linear
S3PA04,73.0,0.0643716086752332,linear
S3PA04,74.0,0.0643716086752332,linear
S3PA04,75.0,0.0643716086752332,linear
S3PA04,76.0,0.0643716086752332,linear
S3PA04,77.0,0.0643716086752332,linear
S3PA04,78.0,0.0643716086752332,linear
S3PA04,79.0,0.0643716086752332,linear
S3PA04,80.0,0.0643716086752332,linear
S3PA04,81.0,0.0643716086752332,linear
S3PA04,82.0,0.0643716086752332,linear
S3PA04,83.0,0.0643716086752332,linear
S3PA04,84.0,0.0643716086752332,linear
S3PA04,85.0,0.0643716086752332,linear
S3PA04,86.0,0.0643716086752332,linear
S3PA04,87.0,0.0643716086752332,linear
S3PA04,88.0,0.0643716086752332,linear
S3PA04,89.0,0.0643716086752332,linear
S3PA04,90.0,0.0643716086752332,linear
S3PA04,91.0,0.0643716086752332,linear
S3PA04,92.0,0.0643716086752332,linear
S3PA04,93.0,0.0643716086752332,linear
S3PA04,94.0,0.0643716086752332,linear
S3PA04,95.0,0.0643716086752332,linear
S3PA04,96.0,0.0643716086752332,linear
S3PA04,97.0,0.0643716086752332,linear
S3PA04,98.0,0.0643716086752332,linear
S3PA04,99.0,0.0643716086752332,linear
S3PA04,100.0,0.0643716086752332,linear
S3PA04,101.0,0.0643716086752332,linear
S3PA04,102.0,0.0643716086752332,linear
S3PA04,103.0,0.0643716086752332,linear
S3PA04,104.0,0.0643716086752332,linear
S3PA04,105.0,0.0643716086752332,linear
S3PA04,106.0,0.0643716086752332,linear
S3PA04,107.0,0.0643716086752332,linear
S3PA04,108.0,0.0643716086752332,linear
S3PA04,109.0,0.0643716086752332,linear
S3PA04,110.0,0.0643716086752332,linear
S3PA04,111.0,0.0643716086752332,linear
S3PA04,112.0,0.0643716086752332,linear
S3PA04,113.0,0.0643716086752332,linear
S3PA04,114.0,0.0643716086752332,linear
S3PA04,115.0,0.0643716086752332,linear
S3PA04,116.0,0.0643716086752332,linear
S3PA04,117.0,0.0643716086752332,linear
S3PA04,118.0,0.0643716086752332,linear
S3PA04,119.0,0.0643716086752332,linear
S3PA04,120.0,0.0643716086752332,linear
S3PA04,121.0,0.0643716086752332,linear
S3PA04,122.0,0.0643716086752332,linear
S3PA04,123.0,0.0643716086752332,linear
S3PA04,124.0,0.0643716086752332,linear
S3PA04,125.0,0.0643716086752332,linear
S3PA04,126.0,0.0643716086752332,linear
S3PA04,127.0,0.0643716086752332,linear
S3PA04,128.0,0.0643716086752332,linear
S3PA04,129.0,0.0643716086752332,linear
S3PA04,130.0,0.0643716086752332,linear
S3PA04,131.0,0.0643716086752332,linear
S3PA04,132.0,0.0643716086752332,linear
S3PA04,133.0,0.0643716086752332,linear
S3PA04,134.0,0.0643716086752332,linear
S3PA04,135.0,0.0643716086752332,linear
S3PA04,136.0,0.0643716086752332,linear
S3PA04,137.0,0.0643716086752332,linear
S3PA04,138.0,0.0643716086752332,linear
S3PA04,139.0,0.0643716086752332,linear
S3PA04,140.0,0.0643716086752332,linear
S3PA04,141.0,0.0643716086752332,linear
S3PA04,142.0,0.0643716086752332,linear
S3PA04,143.0,0.0643716086752332,linear
S3PA04,144.0,0.0643716086752332,linear
S3PA04,145.0,0.0643716086752332,linear
S3PA04,146.0,0.0643716086752332,linear
S3PA04,147.0,0.0643716086752332,linear
S3PA04,148.0,0.0643716086752332,linear
S3PA04,149.0,0.0643716086752332,linear
S3PA04,150.0,0.0643716086752332,linear
S3PA04,151.0,0.0643716086752332,linear
S3PA04,152.0,0.0643716086752332,linear
S3PA04,153.0,0.0643716086752332,linear
S3PA04,154.0,0.0643716086752332,linear
S3PA04,155.0,0.0643716086752332,linear
S3PA04,156.0,0.0643716086752332,linear
S3PA04,157.0,0.0643716086752332,linear
S3PA04,158.0,0.0643716086752332,linear
S3PA04,159.0,0.0643716086752332,linear
S3PA04,160.0,0.0643716086752332,linear
S3PA04,161.0,0.0643716086752332,linear
S3PA04,162.0,0.0643716086752332,linear
S3PA04,163.0,0.0643716086752332,linear
S3PA04,164.0,0.0643716086752332,linear
S3PA04,165.0,0.0643716086752332,linear
S3PA04,166.0,0.0643716086752332,linear
S3PA04,167.0,0.0643716086752332,linear
S3PA04,168.0,0.0643716086752332,linear
S3PA04,169.0,0.0643716086752332,linear
S3PA04,170.0,0.0643716086752332,linear
S3PA04,171.0,0.0643716086752332,linear
S3PA04,172.0,0.0643716086752332,linear
S3PA04,173.0,0.0643716086752332,linear
S3PA04,174.0,0.0643716086752332,linear
S3PA04,175.0,0.0643716086752332,linear
S3PA04,176.0,0.0643716086752332,linear
S3PA04,177.0,0.0643716086752332,linear
S3PA04,178.0,0.0643716086752332,linear
S3PA04,179.0,0.0643716086752332,linear
S3PA04,180.0,0.0643716086752332,linear
S3PA04,181.0,0.0643716086752332,linear
S3PA04,182.0,0.0643716086752332,linear
S3PA04,183.0,0.0643716086752332,linear
S3PA04,184.0,0.0643716086752332,linear
S3PA04,185.0,0.0643716086752332,linear
S3PA04,186.0,0.0643716086752332,linear
S3PA04,187.0,0.0643716086752332,linear
S3PA04,188.0,0.0643716086752332,linear
S3PA04,189.0,0.0643716086752332,linear
S3PA04,190.0,0.0643716086752332,linear
S3PA04,191.0,0.0643716086752332,linear
S3PA04,192.0,0.0643716086752332,linear
S3PA04,193.0,0.0643716086752332,linear
S3PA04,194.0,0.0643716086752332,linear
S3PA04,195.0,0.0643716086752332,linear
S3PA04,196.0,0.0643716086752332,linear
S3PA04,197.0,0.0643716086752332,linear
S3PA04,198.0,0.0643716086752332,linear
S3PA04,199.0,0.0643716086752332,linear
S3PA04,200.0,0.0643716086752332,linear
S3PA04,201.0,0.0643716086752332,linear
S3PA04,202.0,0.0643716086752332,linear
S3PA04,203.0,0.0643716086752332,linear
S3PA04,204.0,0.0643716086752332,linear
S3PA04,205.0,0.0643716086752332,linear
S3PA04,206.0,0.0643716086752332,linear
S3PA04,207.0,0.0643716086752332,linear
S3PA04,208.0,0.0643716086752332,linear
S3PA04,209.0,0.0643716086752332,linear
S3PA04,210.0,0.0643716086752332,linear
S3PA04,211.0,0.0643716086752332,linear
S3PA04,212.0,0.0643716086752332,linear
S3PA04,213.0,0.0643716086752332,linear
S3PA04,214.0,0.0643716086752332,linear
S3PA04,215.0,0.0643716086752332,linear
S3PA04,216.0,0.0643716086752332,linear
S3PA04,217.0,0.0643716086752332,linear
S3PA04,218.0,0.0643716086752332,linear
S3PA04,219.0,0.0643716086752332,linear
S3PA04,220.0,0.0643716086752332,linear
S3PA04,221.0,0.0643716086752332,linear
S3PA04,222.0,0.0643716086752332,linear
S3PA04,223.0,0.0643716086752332,linear
S3PA04,224.0,0.0643716086752332,linear
S3PA04,225.0,0.0643716086752332,linear
S3PA04,226.0,0.0643716086752332,linear
S3PA04,227.0,0.0643716086752332,linear
S3PA04,228.0,0.0643716086752332,linear
S3PA04,229.0,0.0643716086752332,linear
S3PA04,230.0,0.0643716086752332,linear
S3PA04,231.0,0.0643716086752332,linear
S3PA04,232.0,0.0643716086752332,linear
S3PA04,233.0,0.0643716086752332,linear
S3PA04,234.0,0.0643716086752332,linear
S3PA04,235.0,0.0643716086752332,linear
S3PA04,236.0,0.0643716086752332,linear
S3PA04,237.0,0.0643716086752332,linear
S3PA04,238.0,0.0643716086752332,linear
S3PA04,239.0,0.0643716086752332,linear
S3PA04,240.0,0.0643716086752332,linear
S3PA04,241.0,0.0643716086752332,linear
S3PA04,242.0,0.0643716086752332,linear
S3PA04,243.0,0.0643716086752332,linear
S3PA04,244.0,0.0643716086752332,linear
S3PA04,245.0,0.0643716086752332,linear
S3PA04,246.0,0.0643716086752332,linear
S3PA04,247.0,0.0643716086752332,linear
S3PA04,248.0,0.0643716086752332,linear
S3PA04,249.0,0.0643716086752332,linear
S3PA04,250.0,0.0643716086752332,linear
S3PA04,251.0,0.0643716086752332,linear
S3PA04,252.0,0.0643716086752332,linear
S3PA04,253.0,0.0643716086752332,linear
S3PA04,254.0,0.0643716086752332,linear
S3PA04,255.0,0.0643716086752332,linear
S3PA04,256.0,0.0643716086752332,linear
S3PA04,257.0,0.0643716086752332,linear
S3PA04,258.0,0.0643716086752332,linear
S3PA04,259.0,0.0643716086752332,linear
S3PA04,260.0,0.0643716086752332,linear
S3PA04,261.0,0.0643716086752332,linear
S3PA04,262.0,0.0643716086752332,linear
S3PA04,263.0,0.0643716086752332,linear
S3PA04,264.0,0.0643716086752332,linear
S3PA04,265.0,0.0643716086752332,linear
S3PA04,266.0,0.0643716086752332,linear
S3PA04,267.0,0.0643716086752332,linear
S3PA04,268.0,0.0643716086752332,linear
S3PA04,269.0,0.0643716086752332,linear
S3PA04,270.0,0.0643716086752332,linear
S3PA04,271.0,0.0643716086752332,linear
S3PA04,272.0,0.0643716086752332,linear
S3PA04,273.0,0.0643716086752332,linear
S3PA04,274.0,0.0643716086752332,linear
S3PA04,275.0,0.0643716086752332,linear
S3PA04,276.0,0.0643716086752332,linear
S3PA04,277.0,0.0643716086752332,linear
S3PA04,278.0,0.0643716086752332,linear
S3PA04,279.0,0.0643716086752332,linear
S3PA04,280.0,0.0643716086752332,linear
S3PA04,281.0,0.0643716086752332,linear
S3PA04,282.0,0.0643716086752332,linear
S3PA04,283.0,0.0643716086752332,linear
S3PA04,284.0,0.0643716086752333,linear
S3PA04,285.0,0.0643716086752333,linear
S3PA04,286.0,0.0643716086752333,linear
S3PA04,287.0,0.0643716086752333,linear
S3PA04,288.0,0.0643716086752333,linear
S3PA04,289.0,0.0643716086752333,linear
S3PA04,290.0,0.0643716086752333,linear
S3PA04,291.0,0.0643716086752333,linear
S3PA04,292.0,0.0643716086752333,linear
S3PA04,293.0,0.0643716086752333,linear
S3PA04,294.0,0.0643716086752333,linear
S3PA04,295.0,0.0643716086752333,linear
S3PA04,296.0,0.0643716086752333,linear
S3PA04,297.0,0.0643716086752333,linear
S3PA04,298.0,0.0643716086752333,linear
S3PA04,299.0,0.0643716086752333,linear
S3PA04,300.0,0.0643716086752333,linear
S3PA04,301.0,0.0643716086752333,linear
S3PA04,302.0,0.0643716086752333,linear
S3PA04,303.0,0.0643716086752333,linear
S3PA04,304.0,0.0643716086752333,linear
S3PA04,305.0,0.0643716086752333,linear
S3PA04,306.0,0.0643716086752333,linear
S3PA04,307.0,0.0643716086752333,linear
S3PA04,308.0,0.0643716086752333,linear
S3PA04,309.0,0.0643716086752333,linear
S3PA04,310.0,0.0643716086752333,linear
S3PA04,311.0,0.0643716086752333,linear
S3PA04,312.0,0.0643716086752333,linear
S3PA04,313.0,0.0643716086752333,linear
S3PA04,314.0,0.0643716086752333,linear
S3PA04,315.0,0.0643716086752333,linear
S3PA04,316.0,0.0643716086752333,linear
S3PA04,317.0,0.0643716086752333,linear
S3PA04,318.0,0.0643716086752333,linear
S3PA04,319.0,0.0643716086752333,linear
S3PA04,320.0,0.0643716086752333,linear
S3PA04,321.0,0.0643716086752333,linear
S3PA04,322.0,0.0643716086752333,linear
S3PA04,323.0,0.0643716086752333,linear
S3PA04,324.0,0.0643716086752333,linear
S3PA04,325.0,0.0643716086752333,linear
S3PA04,326.0,0.0643716086752333,linear
S3PA04,327.0,0.0643716086752333,linear
S3PA04,328.0,0.0643716086752333,linear
S3PA04,329.0,0.0643716086752333,linear
S3PA04,330.0,0.0643716086752333,linear
S3PA04,331.0,0.0643716086752333,linear
S3PA04,332.0,0.0643716086752333,linear
S3PA04,333.0,0.0643716086752333,linear
S3PA04,334.0,0.0643716086752333,linear
S3PA04,335.0,0.0643716086752333,linear
S3PA04,336.0,0.0643716086752333,linear
S3PA04,337.0,0.0643716086752333,linear
S3PA04,338.0,0.0643716086752333,linear
S3PA04,339.0,0.0643716086752333,linear
S3PA04,340.0,0.0643716086752333,linear
S3PA04,341.0,0.0643716086752333,linear
S3PA04,342.0,0.0643716086752333,linear
S3PA04,343.0,0.0643716086752333,linear
S3PA04,344.0,0.0643716086752333,linear
S3PA04,345.0,0.0643716086752333,linear
S3PA04,346.0,0.0643716086752333,linear
S3PA04,347.0,0.0643716086752333,linear
S3PA04,348.0,0.0643716086752333,linear
S3PA04,349.0,0.0643716086752333,linear
S3PA04,350.0,0.0643716086752333,linear
S3PA04,351.0,0.0643716086752333,linear
S3PA04,352.0,0.0643716086752333,linear
S3PA04,353.0,0.0643716086752333,linear
S3PA04,354.0,0.0643716086752333,linear
S3PA04,355.0,0.0643716086752333,linear
S3PA04,356.0,0.0643716086752333,linear
S3PA04,357.0,0.0643716086752333,linear
S3PA04,358.0,0.0643716086752333,linear
S3PA04,359.0,0.0643716086752333,linear
S3PA04,360.0,0.0643716086752333,linear
S3PA04,361.0,0.0643716086752333,linear
S3PA04,362.0,0.0643716086752333,linear
S3PA04,363.0,0.0643716086752333,linear
S3PA04,364.0,0.0643716086752333,linear
S3PA04,365.0,0.0643716086752333,linear
S4SAVF01,0.0,0.2034402764272321,linear
S4SAVF01,1.0,0.2034402764272321,linear
S4SAVF01,2.0,0.2034402764272321,linear
S4SAVF01,3.0,0.2034402764272321,linear
S4SAVF01,4.0,0.2034402764272321,linear
S4SAVF01,5.0,0.2034402764272321,linear
S4SAVF01,6.0,0.2034402764272321,linear
S4SAVF01,7.0,0.2034402764272321,linear
S4SAVF01,8.0,0.2034402764272321,linear
S4SAVF01,9.0,0.2034402764272321,linear
S4SAVF01,10.0,0.2034402764272321,linear
S4SAVF01,11.0,0.2034402764272321,linear
S4SAVF01,12.0,0.2034402764272321,linear
S4SAVF01,13.0,0.2034402764272321,linear
S4SAVF01,14.0,0.2034402764272321,linear
S4SAVF01,15.0,0.2034402764272321,linear
S4SAVF01,16.0,0.2034402764272321,linear
S4SAVF01,17.0,0.2034402764272321,linear
S4SAVF01,18.0,0.2034402764272321,linear
S4SAVF01,19.0,0.2034402764272321,linear
S4SAVF01,20.0,0.2034402764272321,linear
S4SAVF01,21.0,0.2034402764272321,linear
S4SAVF01,22.0,0.2034402764272321,linear
S4SAVF01,23.0,0.2034402764272321,linear
S4SAVF01,24.0,0.2034402764272321,linear
S4SAVF01,25.0,0.2034402764272321,linear
S4SAVF01,26.0,0.2034402764272321,linear
S4SAVF01,27.0,0.2034402764272321,linear
S4SAVF01,28.0,0.2034402764272321,linear
S4SAVF01,29.0,0.2034402764272321,linear
S4SAVF01,30.0,0.2034402764272321,linear
S4SAVF01,31.0,0.2034402764272321,linear
S4SAVF01,32.0,0.2034402764272321,linear
S4SAVF01,33.0,0.2034402764272321,linear
S4SAVF01,34.0,0.2034402764272321,linear
S4SAVF01,35.0,0.2034402764272321,linear
S4SAVF01,36.0,0.2034402764272321,linear
S4SAVF01,37.0,0.2034402764272321,linear
S4SAVF01,38.0,0.2034402764272321,linear
S4SAVF01,39.0,0.2034402764272321,linear
S4SAVF01,40.0,0.2034402764272321,linear
S4SAVF01,41.0,0.2034402764272321,linear
S4SAVF01,42.0,0.2034402764272321,linear
S4SAVF01,43.0,0.2034402764272321,linear
S4SAVF01,44.0,0.2034402764272321,linear
S4SAVF01,45.0,0.2034402764272321,linear
S4SAVF01,46.0,0.2034402764272321,linear
S4SAVF01,47.0,0.2034402764272321,linear
S4SAVF01,48.0,0.2034402764272321,linear
S4SAVF01,49.0,0.2034402764272321,linear
S4SAVF01,50.0,0.2034402764272321,linear
S4SAVF01,51.0,0.2034402764272321,linear
S4SAVF01,52.0,0.2034402764272321,linear
S4SAVF01,53.0,0.2034402764272321,linear
S4SAVF01,54.0,0.2034402764272321,linear
S4SAVF01,55.0,0.2034402764272321,linear
S4SAVF01,56.0,0.2034402764272321,linear
S4SAVF01,57.0,0.2034402764272321,linear
S4SAVF01,58.0,0.2034402764272321,linear
S4SAVF01,59.0,0.2034402764272321,linear
S4SAVF01,60.0,0.2034402764272321,linear
S4SAVF01,61.0,0.2034402764272321,linear
S4SAVF01,62.0,0.2034402764272321,linear
S4SAVF01,63.0,0.2034402764272321,linear
S4SAVF01,64.0,0.2034402764272321,linear
S4SAVF01,65.0,0.2034402764272321,linear
S4SAVF01,66.0,0.2034402764272321,linear
S4SAVF01,67.0,0.2034402764272321,linear
S4SAVF01,68.0,0.2034402764272321,linear
S4SAVF01,69.0,0.2034402764272321,linear
S4SAVF01,70.0,0.2034402764272321,linear
S4SAVF01,71.0,0.2034402764272321,linear
S4SAVF01,72.0,0.2034402764272321,linear
S4SAVF01,73.0,0.2034402764272321,linear
S4SAVF01,74.0,0.2034402764272321,linear
S4SAVF01,75.0,0.2034402764272321,linear
S4SAVF01,76.0,0.2034402764272321,linear
S4SAVF01,77.0,0.2034402764272321,linear
S4SAVF01,78.0,0.2034402764272321,linear
S4SAVF01,79.0,0.2034402764272321,linear
S4SAVF01,80.0,0.2034402764272321,linear
S4SAVF01,81.0,0.2034402764272321,linear
S4SAVF01,82.0,0.2034402764272321,linear
S4SAVF01,83.0,0.2034402764272321,linear
S4SAVF01,84.0,0.2034402764272321,linear
S4SAVF01,85.0,0.2034402764272321,linear
S4SAVF01,86.0,0.2034402764272321,linear
S4SAVF01,87.0,0.2034402764272321,linear
S4SAVF01,88.0,0.2034402764272321,linear
S4SAVF01,89.0,0.2034402764272321,linear
S4SAVF01,90.0,0.2034402764272321,linear
S4SAVF01,91.0,0.2034402764272321,linear
S4SAVF01,92.0,0.2034402764272321,linear
S4SAVF01,93.0,0.2034402764272321,linear
S4SAVF01,94.0,0.2034402764272321,linear
S4SAVF01,95.0,0.2034402764272321,linear
S4SAVF01,96.0,0.2034402764272321,linear
S4SAVF01,97.0,0.2034402764272321,linear
S4SAVF01,98.0,0.2034402764272321,linear
S4SAVF01,99.0,0.2034402764272321,linear
S4SAVF01,100.0,0.2034402764272321,linear
S4SAVF01,101.0,0.2034402764272321,linear
S4SAVF01,102.0,0.2034402764272321,linear
S4SAVF01,103.0,0.2034402764272321,linear
S4SAVF01,104.0,0.2034402764272321,linear
S4SAVF01,105.0,0.2034402764272321,linear
S4SAVF01,106.0,0.2034402764272321,linear
S4SAVF01,107.0,0.2034402764272321,linear
S4SAVF01,108.0,0.2034402764272321,linear
S4SAVF01,109.0,0.2034402764272321,linear
S4SAVF01,110.0,0.2034402764272321,linear
S4SAVF01,111.0,0.2034402764272321,linear
S4SAVF01,112.0,0.2034402764272322,linear
S4SAVF01,113.0,0.2034402764272322,linear
S4SAVF01,114.0,0.2034402764272322,linear
S4SAVF01,115.0,0.2034402764272322,linear
S4SAVF01,116.0,0.2034402764272322,linear
S4SAVF01,117.0,0.2034402764272322,linear
S4SAVF01,118.0,0.2034402764272322,linear
S4SAVF01,119.0,0.2034402764272322,linear
S4SAVF01,120.0,0.2034402764272322,linear
S4SAVF01,121.0,0.2034402764272322,linear
S4SAVF01,122.0,0.2034402764272322,linear
S4SAVF01,123.0,0.2034402764272322,linear
S4SAVF01,124.0,0.2034402764272322,linear
S4SAVF01,125.0,0.2034402764272322,linear
S4SAVF01,126.0,0.2034402764272322,linear
S4SAVF01,127.0,0.2034402764272322,linear
S4SAVF01,128.0,0.2034402764272322,linear
S4SAVF01,129.0,0.2034402764272322,linear
S4SAVF01,130.0,0.2034402764272322,linear
S4SAVF01,131.0,0.2034402764272322,linear
S4SAVF01,132.0,0.2034402764272322,linear
S4SAVF01,133.0,0.2034402764272322,linear
S4SAVF01,134.0,0.2034402764272322,linear
S4SAVF01,135.0,0.2034402764272322,linear
S4SAVF01,136.0,0.2034402764272322,linear
S4SAVF01,137.0,0.2034402764272322,linear
S4SAVF01,138.0,0.2034402764272322,linear
S4SAVF01,139.0,0.2034402764272322,linear
S4SAVF01,140.0,0.2034402764272322,linear
S4SAVF01,141.0,0.2034402764272322,linear
S4SAVF01,142.0,0.2034402764272322,linear
S4SAVF01,143.0,0.2034402764272322,linear
S4SAVF01,144.0,0.2034402764272322,linear
S4SAVF01,145.0,0.2034402764272322,linear
S4SAVF01,146.0,0.2034402764272322,linear
S4SAVF01,147.0,0.2034402764272322,linear
S4SAVF01,148.0,0.2034402764272322,linear
S4SAVF01,149.0,0.2034402764272322,linear
S4SAVF01,150.0,0.2034402764272322,linear
S4SAVF01,151.0,0.2034402764272322,linear
S4SAVF01,152.0,0.2034402764272322,linear
S4SAVF01,153.0,0.2034402764272322,linear
S4SAVF01,154.0,0.2034402764272322,linear
S4SAVF01,155.0,0.2034402764272322,linear
S4SAVF01,156.0,0.2034402764272322,linear
S4SAVF01,157.0,0.2034402764272322,linear
S4SAVF01,158.0,0.2034402764272322,linear
S4SAVF01,159.0,0.2034402764272322,linear
S4SAVF01,160.0,0.2034402764272322,linear
S4SAVF01,161.0,0.2034402764272322,linear
S4SAVF01,162.0,0.2034402764272322,linear
S4SAVF01,163.0,0.2034402764272322,linear
S4SAVF01,164.0,0.2034402764272322,linear
S4SAVF01,165.0,0.2034402764272322,linear
S4SAVF01,166.0,0.2034402764272322,linear
S4SAVF01,167.0,0.2034402764272322,linear
S4SAVF01,168.0,0.2034402764272322,linear
S4SAVF01,169.0,0.2034402764272322,linear
S4SAVF01,170.0,0.2034402764272322,linear
S4SAVF01,171.0,0.2034402764272322,linear
S4SAVF01,172.0,0.2034402764272322,linear
S4SAVF01,173.0,0.2034402764272322,linear
S4SAVF01,174.0,0.2034402764272322,linear
S4SAVF01,175.0,0.2034402764272322,linear
S4SAVF01,176.0,0.2034402764272322,linear
S4SAVF01,177.0,0.2034402764272322,linear
S4SAVF01,178.0,0.2034402764272322,linear
S4SAVF01,179.0,0.2034402764272322,linear
S4SAVF01,180.0,0.2034402764272322,linear
S4SAVF01,181.0,0.2034402764272322,linear
S4SAVF01,182.0,0.2034402764272322,linear
S4SAVF01,183.0,0.2034402764272322,linear
S4SAVF01,184.0,0.2034402764272322,linear
S4SAVF01,185.0,0.2034402764272322,linear
S4SAVF01,186.0,0.2034402764272322,linear
S4SAVF01,187.0,0.2034402764272322,linear
S4SAVF01,188.0,0.2034402764272322,linear
S4SAVF01,189.0,0.2034402764272322,linear
S4SAVF01,190.0,0.2034402764272322,linear
S4SAVF01,191.0,0.2034402764272322,linear
S4SAVF01,192.0,0.2034402764272322,linear
S4SAVF01,193.0,0.2034402764272322,linear
S4SAVF01,194.0,0.2034402764272322,linear
S4SAVF01,195.0,0.2034402764272322,linear
S4SAVF01,196.0,0.2034402764272322,linear
S4SAVF01,197.0,0.2034402764272322,linear
S4SAVF01,198.0,0.2034402764272322,linear
S4SAVF01,199.0,0.2034402764272322,linear
S4SAVF01,200.0,0.2034402764272322,linear
S4SAVF01,201.0,0.2034402764272322,linear
S4SAVF01,202.0,0.2034402764272322,linear
S4SAVF01,203.0,0.2034402764272322,linear
S4SAVF01,204.0,0.2034402764272322,linear
S4SAVF01,205.0,0.2034402764272322,linear
S4SAVF01,206.0,0.2034402764272322,linear
S4SAVF01,207.0,0.2034402764272322,linear
S4SAVF01,208.0,0.2034402764272322,linear
S4SAVF01,209.0,0.2034402764272322,linear
S4SAVF01,210.0,0.2034402764272322,linear
S4SAVF01,211.0,0.2034402764272322,linear
S4SAVF01,212.0,0.2034402764272322,linear
S4SAVF01,213.0,0.2034402764272322,linear
S4SAVF01,214.0,0.2034402764272322,linear
S4SAVF01,215.0,0.2034402764272322,linear
S4SAVF01,216.0,0.2034402764272322,linear
S4SAVF01,217.0,0.2034402764272322,linear
S4SAVF01,218.0,0.2034402764272322,linear
S4SAVF01,219.0,0.2034402764272322,linear
S4SAVF01,220.0,0.2034402764272322,linear
S4SAVF01,221.0,0.2034402764272322,linear
S4SAVF01,222.0,0.2034402764272322,linear
S4SAVF01,223.0,0.2034402764272322,linear
S4SAVF01,224.0,0.2034402764272322,linear
S4SAVF01,225.0,0.2034402764272322,linear
S4SAVF01,226.0,0.2034402764272322,linear
S4SAVF01,227.0,0.2034402764272322,linear
S4SAVF01,228.0,0.2034402764272322,linear
S4SAVF01,229.0,0.2034402764272322,linear
S4SAVF01,230.0,0.2034402764272322,linear
S4SAVF01,231.0,0.2034402764272322,linear
S4SAVF01,232.0,0.2034402764272322,linear
S4SAVF01,233.0,0.2034402764272322,linear
S4SAVF01,234.0,0.2034402764272322,linear
S4SAVF01,235.0,0.2034402764272322,linear
S4SAVF01,236.0,0.2034402764272322,linear
S4SAVF01,237.0,0.2034402764272322,linear
S4SAVF01,238.0,0.2034402764272322,linear
S4SAVF01,239.0,0.2034402764272322,linear
S4SAVF01,240.0,0.2034402764272323,linear
S4SAVF01,241.0,0.2034402764272323,linear
S4SAVF01,242.0,0.2034402764272323,linear
S4SAVF01,243.0,0.2034402764272323,linear
S4SAVF01,244.0,0.2034402764272323,linear
S4SAVF01,245.0,0.2034402764272323,linear
S4SAVF01,246.0,0.2034402764272323,linear
S4SAVF01,247.0,0.2034402764272323,linear
S4SAVF01,248.0,0.2034402764272323,linear
S4SAVF01,249.0,0.2034402764272323,linear
S4SAVF01,250.0,0.2034402764272323,linear
S4SAVF01,251.0,0.2034402764272323,linear
S4SAVF01,252.0,0.2034402764272323,linear
S4SAVF01,253.0,0.2034402764272323,linear
S4SAVF01,254.0,0.2034402764272323,linear
S4SAVF01,255.0,0.2034402764272323,linear
S4SAVF01,256.0,0.2034402764272323,linear
S4SAVF01,257.0,0.2034402764272323,linear
S4SAVF01,258.0,0.2034402764272323,linear
S4SAVF01,259.0,0.2034402764272323,linear
S4SAVF01,260.0,0.2034402764272323,linear
S4SAVF01,261.0,0.2034402764272323,linear
S4SAVF01,262.0,0.2034402764272323,linear
S4SAVF01,263.0,0.2034402764272323,linear
S4SAVF01,264.0,0.2034402764272323,linear
S4SAVF01,265.0,0.2034402764272323,linear
S4SAVF01,266.0,0.2034402764272323,linear
S4SAVF01,267.0,0.2034402764272323,linear
S4SAVF01,268.0,0.2034402764272323,linear
S4SAVF01,269.0,0.2034402764272323,linear
S4SAVF01,270.0,0.2034402764272323,linear
S4SAVF01,271.0,0.2034402764272323,linear
S4SAVF01,272.0,0.2034402764272323,linear
S4SAVF01,273.0,0.2034402764272323,linear
S4SAVF01,274.0,0.2034402764272323,linear
S4SAVF01,275.0,0.2034402764272323,linear
S4SAVF01,276.0,0.2034402764272323,linear
S4SAVF01,277.0,0.2034402764272323,linear
S4SAVF01,278.0,0.2034402764272323,linear
S4SAVF01,279.0,0.2034402764272323,linear
S4SAVF01,280.0,0.2034402764272323,linear
S4SAVF01,281.0,0.2034402764272323,linear
S4SAVF01,282.0,0.2034402764272323,linear
S4SAVF01,283.0,0.2034402764272323,linear
S4SAVF01,284.0,0.2034402764272323,linear
S4SAVF01,285.0,0.2034402764272323,linear
S4SAVF01,286.0,0.2034402764272323,linear
S4SAVF01,287.0,0.2034402764272323,linear
S4SAVF01,288.0,0.2034402764272323,linear
S4SAVF01,289.0,0.2034402764272323,linear
S4SAVF01,290.0,0.2034402764272323,linear
S4SAVF01,291.0,0.2034402764272323,linear
S4SAVF01,292.0,0.2034402764272323,linear
S4SAVF01,293.0,0.2034402764272323,linear
S4SAVF01,294.0,0.2034402764272323,linear
S4SAVF01,295.0,0.2034402764272323,linear
S4SAVF01,296.0,0.2034402764272323,linear
S4SAVF01,297.0,0.2034402764272323,linear
S4SAVF01,298.0,0.2034402764272323,linear
S4SAVF01,299.0,0.2034402764272323,linear
S4SAVF01,300.0,0.2034402764272323,linear
S4SAVF01,301.0,0.2034402764272323,linear
S4SAVF01,302.0,0.2034402764272323,linear
S4SAVF01,303.0,0.2034402764272323,linear
S4SAVF01,304.0,0.2034402764272323,linear
S4SAVF01,305.0,0.2034402764272323,linear
S4SAVF01,306.0,0.2034402764272323,linear
S4SAVF01,307.0,0.2034402764272323,linear
S4SAVF01,308.0,0.2034402764272323,linear
S4SAVF01,309.0,0.2034402764272323,linear
S4SAVF01,310.0,0.2034402764272323,linear
S4SAVF01,311.0,0.2034402764272323,linear
S4SAVF01,312.0,0.2034402764272323,linear
S4SAVF01,313.0,0.2034402764272323,linear
S4SAVF01,314.0,0.2034402764272323,linear
S4SAVF01,315.0,0.2034402764272323,linear
S4SAVF01,316.0,0.2034402764272323,linear
S4SAVF01,317.0,0.2034402764272323,linear
S4SAVF01,318.0,0.2034402764272323,linear
S4SAVF01,319.0,0.2034402764272323,linear
S4SAVF01,320.0,0.2034402764272323,linear
S4SAVF01,321.0,0.2034402764272323,linear
S4SAVF01,322.0,0.2034402764272323,linear
S4SAVF01,323.0,0.2034402764272323,linear
S4SAVF01,324.0,0.2034402764272323,linear
S4SAVF01,325.0,0.2034402764272323,linear
S4SAVF01,326.0,0.2034402764272323,linear
S4SAVF01,327.0,0.2034402764272323,linear
S4SAVF01,328.0,0.2034402764272323,linear
S4SAVF01,329.0,0.2034402764272323,linear
S4SAVF01,330.0,0.2034402764272323,linear
S4SAVF01,331.0,0.2034402764272323,linear
S4SAVF01,332.0,0.2034402764272323,linear
S4SAVF01,333.0,0.2034402764272323,linear
S4SAVF01,334.0,0.2034402764272323,linear
S4SAVF01,335.0,0.2034402764272323,linear
S4SAVF01,336.0,0.2034402764272324,linear
S4SAVF01,337.0,0.2034402764272324,linear
S4SAVF01,338.0,0.2034402764272324,linear
S4SAVF01,339.0,0.2034402764272324,linear
S4SAVF01,340.0,0.2034402764272324,linear
S4SAVF01,341.0,0.2034402764272324,linear
S4SAVF01,342.0,0.2034402764272324,linear
S4SAVF01,343.0,0.2034402764272324,linear
S4SAVF01,344.0,0.2034402764272324,linear
S4SAVF01,345.0,0.2034402764272324,linear
S4SAVF01,346.0,0.2034402764272324,linear
S4SAVF01,347.0,0.2034402764272324,linear
S4SAVF01,348.0,0.2034402764272324,linear
S4SAVF01,349.0,0.2034402764272324,linear
S4SAVF01,350.0,0.2034402764272324,linear
S4SAVF01,351.0,0.2034402764272324,linear
S4SAVF01,352.0,0.2034402764272324,linear
S4SAVF01,353.0,0.2034402764272324,linear
S4SAVF01,354.0,0.2034402764272324,linear
S4SAVF01,355.0,0.2034402764272324,linear
S4SAVF01,356.0,0.2034402764272324,linear
S4SAVF01,357.0,0.2034402764272324,linear
S4SAVF01,358.0,0.2034402764272324,linear
S4SAVF01,359.0,0.2034402764272324,linear
S4SAVF01,360.0,0.2034402764272324,linear
S4SAVF01,361.0,0.2034402764272324,linear
S4SAVF01,362.0,0.2034402764272324,linear
S4SAVF01,363.0,0.2034402764272324,linear
S4SAVF01,364.0,0.2034402764272324,linear
S4SAVF01,365.0,0.2034402764272324,linear
S4SAVF02,0.0,0.1308943473596451,linear
S4SAVF02,1.0,0.1308943473596451,linear
S4SAVF02,2.0,0.1308943473596451,linear
S4SAVF02,3.0,0.1308943473596451,linear
S4SAVF02,4.0,0.1308943473596451,linear
S4SAVF02,5.0,0.1308943473596451,linear
S4SAVF02,6.0,0.1308943473596451,linear
S4SAVF02,7.0,0.1308943473596451,linear
S4SAVF02,8.0,0.1308943473596451,linear
S4SAVF02,9.0,0.1308943473596451,linear
S4SAVF02,10.0,0.1308943473596451,linear
S4SAVF02,11.0,0.1308943473596451,linear
S4SAVF02,12.0,0.1308943473596451,linear
S4SAVF02,13.0,0.1308943473596451,linear
S4SAVF02,14.0,0.1308943473596451,linear
S4SAVF02,15.0,0.1308943473596451,linear
S4SAVF02,16.0,0.1308943473596451,linear
S4SAVF02,17.0,0.1308943473596451,linear
S4SAVF02,18.0,0.1308943473596451,linear
S4SAVF02,19.0,0.1308943473596451,linear
S4SAVF02,20.0,0.1308943473596451,linear
S4SAVF02,21.0,0.1308943473596451,linear
S4SAVF02,22.0,0.1308943473596451,linear
S4SAVF02,23.0,0.1308943473596451,linear
S4SAVF02,24.0,0.1308943473596451,linear
S4SAVF02,25.0,0.1308943473596451,linear
S4SAVF02,26.0,0.1308943473596451,linear
S4SAVF02,27.0,0.1308943473596451,linear
S4SAVF02,28.0,0.1308943473596451,linear
S4SAVF02,29.0,0.1308943473596451,linear
S4SAVF02,30.0,0.1308943473596451,linear
S4SAVF02,31.0,0.1308943473596451,linear
S4SAVF02,32.0,0.1308943473596451,linear
S4SAVF02,33.0,0.1308943473596451,linear
S4SAVF02,34.0,0.1308943473596451,linear
S4SAVF02,35.0,0.1308943473596451,linear
S4SAVF02,36.0,0.1308943473596451,linear
S4SAVF02,37.0,0.1308943473596451,linear
S4SAVF02,38.0,0.1308943473596451,linear
S4SAVF02,39.0,0.1308943473596451,linear
S4SAVF02,40.0,0.1308943473596451,linear
S4SAVF02,41.0,0.1308943473596451,linear
S4SAVF02,42.0,0.1308943473596451,linear
S4SAVF02,43.0,0.1308943473596451,linear
S4SAVF02,44.0,0.1308943473596451,linear
S4SAVF02,45.0,0.1308943473596451,linear
S4SAVF02,46.0,0.1308943473596451,linear
S4SAVF02,47.0,0.1308943473596451,linear
S4SAVF02,48.0,0.1308943473596451,linear
S4SAVF02,49.0,0.1308943473596451,linear
S4SAVF02,50.0,0.1308943473596451,linear
S4SAVF02,51.0,0.1308943473596451,linear
S4SAVF02,52.0,0.1308943473596451,linear
S4SAVF02,53.0,0.1308943473596451,linear
S4SAVF02,54.0,0.1308943473596451,linear
S4SAVF02,55.0,0.1308943473596451,linear
S4SAVF02,56.0,0.1308943473596451,linear
S4SAVF02,57.0,0.1308943473596451,linear
S4SAVF02,58.0,0.1308943473596451,linear
S4SAVF02,59.0,0.1308943473596451,linear
S4SAVF02,60.0,0.1308943473596451,linear
S4SAVF02,61.0,0.1308943473596451,linear
S4SAVF02,62.0,0.1308943473596451,linear
S4SAVF02,63.0,0.1308943473596451,linear
S4SAVF02,64.0,0.1308943473596451,linear
S4SAVF02,65.0,0.1308943473596451,linear
S4SAVF02,66.0,0.1308943473596451,linear
S4SAVF02,67.0,0.1308943473596451,linear
S4SAVF02,68.0,0.1308943473596451,linear
S4SAVF02,69.0,0.1308943473596451,linear
S4SAVF02,70.0,0.1308943473596452,linear
S4SAVF02,71.0,0.1308943473596452,linear
S4SAVF02,72.0,0.1308943473596452,linear
S4SAVF02,73.0,0.1308943473596452,linear
S4SAVF02,74.0,0.1308943473596452,linear
S4SAVF02,75.0,0.1308943473596452,linear
S4SAVF02,76.0,0.1308943473596452,linear
S4SAVF02,77.0,0.1308943473596452,linear
S4SAVF02,78.0,0.1308943473596452,linear
S4SAVF02,79.0,0.1308943473596452,linear
S4SAVF02,80.0,0.1308943473596452,linear
S4SAVF02,81.0,0.1308943473596452,linear
S4SAVF02,82.0,0.1308943473596452,linear
S4SAVF02,83.0,0.1308943473596452,linear
S4SAVF02,84.0,0.1308943473596452,linear
S4SAVF02,85.0,0.1308943473596452,linear
S4SAVF02,86.0,0.1308943473596452,linear
S4SAVF02,87.0,0.1308943473596452,linear
S4SAVF02,88.0,0.1308943473596452,linear
S4SAVF02,89.0,0.1308943473596452,linear
S4SAVF02,90.0,0.1308943473596452,linear
S4SAVF02,91.0,0.1308943473596452,linear
S4SAVF02,92.0,0.1308943473596452,linear
S4SAVF02,93.0,0.1308943473596452,linear
S4SAVF02,94.0,0.1308943473596452,linear
S4SAVF02,95.0,0.1308943473596452,linear
S4SAVF02,96.0,0.1308943473596452,linear
S4SAVF02,97.0,0.1308943473596452,linear
S4SAVF02,98.0,0.1308943473596452,linear
S4SAVF02,99.0,0.1308943473596452,linear
S4SAVF02,100.0,0.1308943473596452,linear
S4SAVF02,101.0,0.1308943473596452,linear
S4SAVF02,102.0,0.1308943473596452,linear
S4SAVF02,103.0,0.1308943473596452,linear
S4SAVF02,104.0,0.1308943473596452,linear
S4SAVF02,105.0,0.1308943473596452,linear
S4SAVF02,106.0,0.1308943473596452,linear
S4SAVF02,107.0,0.1308943473596452,linear
S4SAVF02,108.0,0.1308943473596452,linear
S4SAVF02,109.0,0.1308943473596452,linear
S4SAVF02,110.0,0.1308943473596452,linear
S4SAVF02,111.0,0.1308943473596452,linear
S4SAVF02,112.0,0.1308943473596452,linear
S4SAVF02,113.0,0.1308943473596452,linear
S4SAVF02,114.0,0.1308943473596452,linear
S4SAVF02,115.0,0.1308943473596452,linear
S4SAVF02,116.0,0.1308943473596452,linear
S4SAVF02,117.0,0.1308943473596452,linear
S4SAVF02,118.0,0.1308943473596452,linear
S4SAVF02,119.0,0.1308943473596452,linear
S4SAVF02,120.0,0.1308943473596452,linear
S4SAVF02,121.0,0.1308943473596452,linear
S4SAVF02,122.0,0.1308943473596452,linear
S4SAVF02,123.0,0.1308943473596452,linear
S4SAVF02,124.0,0.1308943473596452,linear
S4SAVF02,125.0,0.1308943473596452,linear
S4SAVF02,126.0,0.1308943473596452,linear
S4SAVF02,127.0,0.1308943473596452,linear
S4SAVF02,128.0,0.1308943473596452,linear
S4SAVF02,129.0,0.1308943473596452,linear
S4SAVF02,130.0,0.1308943473596452,linear
S4SAVF02,131.0,0.1308943473596452,linear
S4SAVF02,132.0,0.1308943473596452,linear
S4SAVF02,133.0,0.1308943473596452,linear
S4SAVF02,134.0,0.1308943473596452,linear
S4SAVF02,135.0,0.1308943473596452,linear
S4SAVF02,136.0,0.1308943473596452,linear
S4SAVF02,137.0,0.1308943473596452,linear
S4SAVF02,138.0,0.1308943473596452,linear
S4SAVF02,139.0,0.1308943473596452,linear
S4SAVF02,140.0,0.1308943473596452,linear
S4SAVF02,141.0,0.1308943473596452,linear
S4SAVF02,142.0,0.1308943473596452,linear
S4SAVF02,143.0,0.1308943473596452,linear
S4SAVF02,144.0,0.1308943473596452,linear
S4SAVF02,145.0,0.1308943473596452,linear
S4SAVF02,146.0,0.1308943473596452,linear
S4SAVF02,147.0,0.1308943473596452,linear
S4SAVF02,148.0,0.1308943473596452,linear
S4SAVF02,149.0,0.1308943473596452,linear
S4SAVF02,150.0,0.1308943473596452,linear
S4SAVF02,151.0,0.1308943473596452,linear
S4SAVF02,152.0,0.1308943473596452,linear
S4SAVF02,153.0,0.1308943473596452,linear
S4SAVF02,154.0,0.1308943473596452,linear
S4SAVF02,155.0,0.1308943473596452,linear
S4SAVF02,156.0,0.1308943473596452,linear
S4SAVF02,157.0,0.1308943473596452,linear
S4SAVF02,158.0,0.1308943473596452,linear
S4SAVF02,159.0,0.1308943473596452,linear
S4SAVF02,160.0,0.1308943473596452,linear
S4SAVF02,161.0,0.1308943473596452,linear
S4SAVF02,162.0,0.1308943473596452,linear
S4SAVF02,163.0,0.1308943473596452,linear
S4SAVF02,164.0,0.1308943473596452,linear
S4SAVF02,165.0,0.1308943473596452,linear
S4SAVF02,166.0,0.1308943473596452,linear
S4SAVF02,167.0,0.1308943473596452,linear
S4SAVF02,168.0,0.1308943473596452,linear
S4SAVF02,169.0,0.1308943473596452,linear
S4SAVF02,170.0,0.1308943473596452,linear
S4SAVF02,171.0,0.1308943473596452,linear
S4SAVF02,172.0,0.1308943473596452,linear
S4SAVF02,173.0,0.1308943473596452,linear
S4SAVF02,174.0,0.1308943473596452,linear
S4SAVF02,175.0,0.1308943473596452,linear
S4SAVF02,176.0,0.1308943473596452,linear
S4SAVF02,177.0,0.1308943473596452,linear
S4SAVF02,178.0,0.1308943473596452,linear
S4SAVF02,179.0,0.1308943473596452,linear
S4SAVF02,180.0,0.1308943473596452,linear
S4SAVF02,181.0,0.1308943473596452,linear
S4SAVF02,182.0,0.1308943473596452,linear
S4SAVF02,183.0,0.1308943473596452,linear
S4SAVF02,184.0,0.1308943473596452,linear
S4SAVF02,185.0,0.1308943473596452,linear
S4SAVF02,186.0,0.1308943473596452,linear
S4SAVF02,187.0,0.1308943473596452,linear
S4SAVF02,188.0,0.1308943473596452,linear
S4SAVF02,189.0,0.1308943473596452,linear
S4SAVF02,190.0,0.1308943473596452,linear
S4SAVF02,191.0,0.1308943473596452,linear
S4SAVF02,192.0,0.1308943473596452,linear
S4SAVF02,193.0,0.1308943473596452,linear
S4SAVF02,194.0,0.1308943473596452,linear
S4SAVF02,195.0,0.1308943473596452,linear
S4SAVF02,196.0,0.1308943473596452,linear
S4SAVF02,197.0,0.1308943473596452,linear
S4SAVF02,198.0,0.1308943473596452,linear
S4SAVF02,199.0,0.1308943473596452,linear
S4SAVF02,200.0,0.1308943473596452,linear
S4SAVF02,201.0,0.1308943473596452,linear
S4SAVF02,202.0,0.1308943473596452,linear
S4SAVF02,203.0,0.1308943473596452,linear
S4SAVF02,204.0,0.1308943473596452,linear
S4SAVF02,205.0,0.1308943473596452,linear
S4SAVF02,206.0,0.1308943473596452,linear
S4SAVF02,207.0,0.1308943473596452,linear
S4SAVF02,208.0,0.1308943473596452,linear
S4SAVF02,209.0,0.1308943473596452,linear
S4SAVF02,210.0,0.1308943473596452,linear
S4SAVF02,211.0,0.1308943473596452,linear
S4SAVF02,212.0,0.1308943473596452,linear
S4SAVF02,213.0,0.1308943473596452,linear
S4SAVF02,214.0,0.1308943473596452,linear
S4SAVF02,215.0,0.1308943473596452,linear
S4SAVF02,216.0,0.1308943473596452,linear
S4SAVF02,217.0,0.1308943473596452,linear
S4SAVF02,218.0,0.1308943473596452,linear
S4SAVF02,219.0,0.1308943473596452,linear
S4SAVF02,220.0,0.1308943473596452,linear
S4SAVF02,221.0,0.1308943473596452,linear
S4SAVF02,222.0,0.1308943473596452,linear
S4SAVF02,223.0,0.1308943473596452,linear
S4SAVF02,224.0,0.1308943473596452,linear
S4SAVF02,225.0,0.1308943473596452,linear
S4SAVF02,226.0,0.1308943473596452,linear
S4SAVF02,227.0,0.1308943473596452,linear
S4SAVF02,228.0,0.1308943473596452,linear
S4SAVF02,229.0,0.1308943473596452,linear
S4SAVF02,230.0,0.1308943473596452,linear
S4SAVF02,231.0,0.1308943473596452,linear
S4SAVF02,232.0,0.1308943473596452,linear
S4SAVF02,233.0,0.1308943473596452,linear
S4SAVF02,234.0,0.1308943473596452,linear
S4SAVF02,235.0,0.1308943473596452,linear
S4SAVF02,236.0,0.1308943473596452,linear
S4SAVF02,237.0,0.1308943473596452,linear
S4SAVF02,238.0,0.1308943473596452,linear
S4SAVF02,239.0,0.1308943473596452,linear
S4SAVF02,240.0,0.1308943473596452,linear
S4SAVF02,241.0,0.1308943473596452,linear
S4SAVF02,242.0,0.1308943473596452,linear
S4SAVF02,243.0,0.1308943473596452,linear
S4SAVF02,244.0,0.1308943473596452,linear
S4SAVF02,245.0,0.1308943473596452,linear
S4SAVF02,246.0,0.1308943473596452,linear
S4SAVF02,247.0,0.1308943473596452,linear
S4SAVF02,248.0,0.1308943473596452,linear
S4SAVF02,249.0,0.1308943473596452,linear
S4SAVF02,250.0,0.1308943473596452,linear
S4SAVF02,251.0,0.1308943473596452,linear
S4SAVF02,252.0,0.1308943473596452,linear
S4SAVF02,253.0,0.1308943473596452,linear
S4SAVF02,254.0,0.1308943473596452,linear
S4SAVF02,255.0,0.1308943473596453,linear
S4SAVF02,256.0,0.1308943473596453,linear
S4SAVF02,257.0,0.1308943473596453,linear
S4SAVF02,258.0,0.1308943473596453,linear
S4SAVF02,259.0,0.1308943473596453,linear
S4SAVF02,260.0,0.1308943473596453,linear
S4SAVF02,261.0,0.1308943473596453,linear
S4SAVF02,262.0,0.1308943473596453,linear
S4SAVF02,263.0,0.1308943473596453,linear
S4SAVF02,264.0,0.1308943473596453,linear
S4SAVF02,265.0,0.1308943473596453,linear
S4SAVF02,266.0,0.1308943473596453,linear
S4SAVF02,267.0,0.1308943473596453,linear
S4SAVF02,268.0,0.1308943473596453,linear
S4SAVF02,269.0,0.1308943473596453,linear
S4SAVF02,270.0,0.1308943473596453,linear
S4SAVF02,271.0,0.1308943473596453,linear
S4SAVF02,272.0,0.1308943473596453,linear
S4SAVF02,273.0,0.1308943473596453,linear
S4SAVF02,274.0,0.1308943473596453,linear
S4SAVF02,275.0,0.1308943473596453,linear
S4SAVF02,276.0,0.1308943473596453,linear
S4SAVF02,277.0,0.1308943473596453,linear
S4SAVF02,278.0,0.1308943473596453,linear
S4SAVF02,279.0,0.1308943473596453,linear
S4SAVF02,280.0,0.1308943473596453,linear
S4SAVF02,281.0,0.1308943473596453,linear
S4SAVF02,282.0,0.1308943473596453,linear
S4SAVF02,283.0,0.1308943473596453,linear
S4SAVF02,284.0,0.1308943473596453,linear
S4SAVF02,285.0,0.1308943473596453,linear
S4SAVF02,286.0,0.1308943473596453,linear
S4SAVF02,287.0,0.1308943473596453,linear
S4SAVF02,288.0,0.1308943473596453,linear
S4SAVF02,289.0,0.1308943473596453,linear
S4SAVF02,290.0,0.1308943473596453,linear
S4SAVF02,291.0,0.1308943473596453,linear
S4SAVF02,292.0,0.1308943473596453,linear
S4SAVF02,293.0,0.1308943473596453,linear
S4SAVF02,294.0,0.1308943473596453,linear
S4SAVF02,295.0,0.1308943473596453,linear
S4SAVF02,296.0,0.1308943473596453,linear
S4SAVF02,297.0,0.1308943473596453,linear
S4SAVF02,298.0,0.1308943473596453,linear
S4SAVF02,299.0,0.1308943473596453,linear
S4SAVF02,300.0,0.1308943473596453,linear
S4SAVF02,301.0,0.1308943473596453,linear
S4SAVF02,302.0,0.1308943473596453,linear
S4SAVF02,303.0,0.1308943473596453,linear
S4SAVF02,304.0,0.1308943473596453,linear
S4SAVF02,305.0,0.1308943473596453,linear
S4SAVF02,306.0,0.1308943473596453,linear
S4SAVF02,307.0,0.1308943473596453,linear
S4SAVF02,308.0,0.1308943473596453,linear
S4SAVF02,309.0,0.1308943473596453,linear
S4SAVF02,310.0,0.1308943473596453,linear
S4SAVF02,311.0,0.1308943473596453,linear
S4SAVF02,312.0,0.1308943473596453,linear
S4SAVF02,313.0,0.1308943473596453,linear
S4SAVF02,314.0,0.1308943473596453,linear
S4SAVF02,315.0,0.1308943473596453,linear
S4SAVF02,316.0,0.1308943473596453,linear
S4SAVF02,317.0,0.1308943473596453,linear
S4SAVF02,318.0,0.1308943473596453,linear
S4SAVF02,319.0,0.1308943473596453,linear
S4SAVF02,320.0,0.1308943473596453,linear
S4SAVF02,321.0,0.1308943473596453,linear
S4SAVF02,322.0,0.1308943473596453,linear
S4SAVF02,323.0,0.1308943473596453,linear
S4SAVF02,324.0,0.1308943473596453,linear
S4SAVF02,325.0,0.1308943473596453,linear
S4SAVF02,326.0,0.1308943473596453,linear
S4SAVF02,327.0,0.1308943473596453,linear
S4SAVF02,328.0,0.1308943473596453,linear
S4SAVF02,329.0,0.1308943473596453,linear
S4SAVF02,330.0,0.1308943473596453,linear
S4SAVF02,331.0,0.1308943473596453,linear
S4SAVF02,332.0,0.1308943473596453,linear
S4SAVF02,333.0,0.1308943473596453,linear
S4SAVF02,334.0,0.1308943473596453,linear
S4SAVF02,335.0,0.1308943473596453,linear
S4SAVF02,336.0,0.1308943473596453,linear
S4SAVF02,337.0,0.1308943473596453,linear
S4SAVF02,338.0,0.1308943473596453,linear
S4SAVF02,339.0,0.1308943473596453,linear
S4SAVF02,340.0,0.1308943473596453,linear
S4SAVF02,341.0,0.1308943473596453,linear
S4SAVF02,342.0,0.1308943473596453,linear
S4SAVF02,343.0,0.1308943473596453,linear
S4SAVF02,344.0,0.1308943473596453,linear
S4SAVF02,345.0,0.1308943473596453,linear
S4SAVF02,346.0,0.1308943473596453,linear
S4SAVF02,347.0,0.1308943473596453,linear
S4SAVF02,348.0,0.1308943473596453,linear
S4SAVF02,349.0,0.1308943473596453,linear
S4SAVF02,350.0,0.1308943473596453,linear
S4SAVF02,351.0,0.1308943473596453,linear
S4SAVF02,352.0,0.1308943473596453,linear
S4SAVF02,353.0,0.1308943473596453,linear
S4SAVF02,354.0,0.1308943473596453,linear
S4SAVF02,355.0,0.1308943473596453,linear
S4SAVF02,356.0,0.1308943473596453,linear
S4SAVF02,357.0,0.1308943473596453,linear
S4SAVF02,358.0,0.1308943473596453,linear
S4SAVF02,359.0,0.1308943473596453,linear
S4SAVF02,360.0,0.1308943473596453,linear
S4SAVF02,361.0,0.1308943473596453,linear
S4SAVF02,362.0,0.1308943473596453,linear
S4SAVF02,363.0,0.1308943473596453,linear
S4SAVF02,364.0,0.1308943473596453,linear
S4SAVF02,365.0,0.1308943473596453,linear
S4SAVF03,0.0,0.0669790945175028,linear
S4SAVF03,1.0,0.0669790945175028,linear
S4SAVF03,2.0,0.0669790945175028,linear
S4SAVF03,3.0,0.0669790945175028,linear
S4SAVF03,4.0,0.0669790945175028,linear
S4SAVF03,5.0,0.0669790945175028,linear
S4SAVF03,6.0,0.0669790945175028,linear
S4SAVF03,7.0,0.0669790945175028,linear
S4SAVF03,8.0,0.0669790945175028,linear
S4SAVF03,9.0,0.0669790945175028,linear
S4SAVF03,10.0,0.0669790945175028,linear
S4SAVF03,11.0,0.0669790945175028,linear
S4SAVF03,12.0,0.0669790945175028,linear
S4SAVF03,13.0,0.0669790945175028,linear
S4SAVF03,14.0,0.0669790945175028,linear
S4SAVF03,15.0,0.0669790945175028,linear
S4SAVF03,16.0,0.0669790945175028,linear
S4SAVF03,17.0,0.0669790945175028,linear
S4SAVF03,18.0,0.0669790945175028,linear
S4SAVF03,19.0,0.0669790945175028,linear
S4SAVF03,20.0,0.0669790945175028,linear
S4SAVF03,21.0,0.0669790945175028,linear
S4SAVF03,22.0,0.0669790945175028,linear
S4SAVF03,23.0,0.0669790945175028,linear
S4SAVF03,24.0,0.0669790945175028,linear
S4SAVF03,25.0,0.0669790945175028,linear
S4SAVF03,26.0,0.0669790945175028,linear
S4SAVF03,27.0,0.0669790945175028,linear
S4SAVF03,28.0,0.0669790945175028,linear
S4SAVF03,29.0,0.0669790945175028,linear
S4SAVF03,30.0,0.0669790945175028,linear
S4SAVF03,31.0,0.0669790945175028,linear
S4SAVF03,32.0,0.0669790945175028,linear
S4SAVF03,33.0,0.0669790945175028,linear
S4SAVF03,34.0,0.0669790945175028,linear
S4SAVF03,35.0,0.0669790945175028,linear
S4SAVF03,36.0,0.0669790945175028,linear
S4SAVF03,37.0,0.0669790945175028,linear
S4SAVF03,38.0,0.0669790945175028,linear
S4SAVF03,39.0,0.0669790945175028,linear
S4SAVF03,40.0,0.0669790945175028,linear
S4SAVF03,41.0,0.0669790945175028,linear
S4SAVF03,42.0,0.0669790945175028,linear
S4SAVF03,43.0,0.0669790945175028,linear
S4SAVF03,44.0,0.0669790945175028,linear
S4SAVF03,45.0,0.0669790945175028,linear
S4SAVF03,46.0,0.0669790945175028,linear
S4SAVF03,47.0,0.0669790945175028,linear
S4SAVF03,48.0,0.0669790945175028,linear
S4SAVF03,49.0,0.0669790945175028,linear
S4SAVF03,50.0,0.0669790945175028,linear
S4SAVF03,51.0,0.0669790945175029,linear
S4SAVF03,52.0,0.0669790945175029,linear
S4SAVF03,53.0,0.0669790945175029,linear
S4SAVF03,54.0,0.0669790945175029,linear
S4SAVF03,55.0,0.0669790945175029,linear
S4SAVF03,56.0,0.0669790945175029,linear
S4SAVF03,57.0,0.0669790945175029,linear
S4SAVF03,58.0,0.0669790945175029,linear
S4SAVF03,59.0,0.0669790945175029,linear
S4SAVF03,60.0,0.0669790945175029,linear
S4SAVF03,61.0,0.0669790945175029,linear
S4SAVF03,62.0,0.0669790945175029,linear
S4SAVF03,63.0,0.0669790945175029,linear
S4SAVF03,64.0,0.0669790945175029,linear
S4SAVF03,65.0,0.0669790945175029,linear
S4SAVF03,66.0,0.0669790945175029,linear
S4SAVF03,67.0,0.0669790945175029,linear
S4SAVF03,68.0,0.0669790945175029,linear
S4SAVF03,69.0,0.0669790945175029,linear
S4SAVF03,70.0,0.0669790945175029,linear
S4SAVF03,71.0,0.0669790945175029,linear
S4SAVF03,72.0,0.0669790945175029,linear
S4SAVF03,73.0,0.0669790945175029,linear
S4SAVF03,74.0,0.0669790945175029,linear
S4SAVF03,75.0,0.0669790945175029,linear
S4SAVF03,76.0,0.0669790945175029,linear
S4SAVF03,77.0,0.0669790945175029,linear
S4SAVF03,78.0,0.0669790945175029,linear
S4SAVF03,79.0,0.0669790945175029,linear
S4SAVF03,80.0,0.0669790945175029,linear
S4SAVF03,81.0,0.0669790945175029,linear
S4SAVF03,82.0,0.0669790945175029,linear
S4SAVF03,83.0,0.0669790945175029,linear
S4SAVF03,84.0,0.0669790945175029,linear
S4SAVF03,85.0,0.0669790945175029,linear
S4SAVF03,86.0,0.0669790945175029,linear
S4SAVF03,87.0,0.0669790945175029,linear
S4SAVF03,88.0,0.0669790945175029,linear
S4SAVF03,89.0,0.0669790945175029,linear
S4SAVF03,90.0,0.0669790945175029,linear
S4SAVF03,91.0,0.0669790945175029,linear
S4SAVF03,92.0,0.0669790945175029,linear
S4SAVF03,93.0,0.0669790945175029,linear
S4SAVF03,94.0,0.0669790945175029,linear
S4SAVF03,95.0,0.0669790945175029,linear
S4SAVF03,96.0,0.0669790945175029,linear
S4SAVF03,97.0,0.0669790945175029,linear
S4SAVF03,98.0,0.0669790945175029,linear
S4SAVF03,99.0,0.0669790945175029,linear
S4SAVF03,100.0,0.0669790945175029,linear
S4SAVF03,101.0,0.0669790945175029,linear
S4SAVF03,102.0,0.0669790945175029,linear
S4SAVF03,103.0,0.0669790945175029,linear
S4SAVF03,104.0,0.0669790945175029,linear
S4SAVF03,105.0,0.0669790945175029,linear
S4SAVF03,106.0,0.0669790945175029,linear
S4SAVF03,107.0,0.0669790945175029,linear
S4SAVF03,108.0,0.0669790945175029,linear
S4SAVF03,109.0,0.0669790945175029,linear
S4SAVF03,110.0,0.0669790945175029,linear
S4SAVF03,111.0,0.0669790945175029,linear
S4SAVF03,112.0,0.0669790945175029,linear
S4SAVF03,113.0,0.0669790945175029,linear
S4SAVF03,114.0,0.0669790945175029,linear
S4SAVF03,115.0,0.0669790945175029,linear
S4SAVF03,116.0,0.0669790945175029,linear
S4SAVF03,117.0,0.0669790945175029,linear
S4SAVF03,118.0,0.0669790945175029,linear
S4SAVF03,119.0,0.0669790945175029,linear
S4SAVF03,120.0,0.0669790945175029,linear
S4SAVF03,121.0,0.0669790945175029,linear
S4SAVF03,122.0,0.0669790945175029,linear
S4SAVF03,123.0,0.0669790945175029,linear
S4SAVF03,124.0,0.0669790945175029,linear
S4SAVF03,125.0,0.0669790945175029,linear
S4SAVF03,126.0,0.0669790945175029,linear
S4SAVF03,127.0,0.0669790945175029,linear
S4SAVF03,128.0,0.0669790945175029,linear
S4SAVF03,129.0,0.0669790945175029,linear
S4SAVF03,130.0,0.0669790945175029,linear
S4SAVF03,131.0,0.0669790945175029,linear
S4SAVF03,132.0,0.0669790945175029,linear
S4SAVF03,133.0,0.0669790945175029,linear
S4SAVF03,134.0,0.0669790945175029,linear
S4SAVF03,135.0,0.0669790945175029,linear
S4SAVF03,136.0,0.0669790945175029,linear
S4SAVF03,137.0,0.0669790945175029,linear
S4SAVF03,138.0,0.0669790945175029,linear
S4SAVF03,139.0,0.0669790945175029,linear
S4SAVF03,140.0,0.0669790945175029,linear
S4SAVF03,141.0,0.0669790945175029,linear
S4SAVF03,142.0,0.0669790945175029,linear
S4SAVF03,143.0,0.0669790945175029,linear
S4SAVF03,144.0,0.0669790945175029,linear
S4SAVF03,145.0,0.0669790945175029,linear
S4SAVF03,146.0,0.0669790945175029,linear
S4SAVF03,147.0,0.0669790945175029,linear
S4SAVF03,148.0,0.0669790945175029,linear
S4SAVF03,149.0,0.0669790945175029,linear
S4SAVF03,150.0,0.0669790945175029,linear
S4SAVF03,151.0,0.0669790945175029,linear
S4SAVF03,152.0,0.0669790945175029,linear
S4SAVF03,153.0,0.0669790945175029,linear
S4SAVF03,154.0,0.0669790945175029,linear
S4SAVF03,155.0,0.0669790945175029,linear
S4SAVF03,156.0,0.0669790945175029,linear
S4SAVF03,157.0,0.0669790945175029,linear
S4SAVF03,158.0,0.0669790945175029,linear
S4SAVF03,159.0,0.0669790945175029,linear
S4SAVF03,160.0,0.0669790945175029,linear
S4SAVF03,161.0,0.0669790945175029,linear
S4SAVF03,162.0,0.0669790945175029,linear
S4SAVF03,163.0,0.0669790945175029,linear
S4SAVF03,164.0,0.0669790945175029,linear
S4SAVF03,165.0,0.0669790945175029,linear
S4SAVF03,166.0,0.0669790945175029,linear
S4SAVF03,167.0,0.0669790945175029,linear
S4SAVF03,168.0,0.0669790945175029,linear
S4SAVF03,169.0,0.0669790945175029,linear
S4SAVF03,170.0,0.0669790945175029,linear
S4SAVF03,171.0,0.0669790945175029,linear
S4SAVF03,172.0,0.0669790945175029,linear
S4SAVF03,173.0,0.0669790945175029,linear
S4SAVF03,174.0,0.0669790945175029,linear
S4SAVF03,175.0,0.0669790945175029,linear
S4SAVF03,176.0,0.0669790945175029,linear
S4SAVF03,177.0,0.0669790945175029,linear
S4SAVF03,178.0,0.0669790945175029,linear
S4SAVF03,179.0,0.0669790945175029,linear
S4SAVF03,180.0,0.0669790945175029,linear
S4SAVF03,181.0,0.0669790945175029,linear
S4SAVF03,182.0,0.0669790945175029,linear
S4SAVF03,183.0,0.0669790945175029,linear
S4SAVF03,184.0,0.0669790945175029,linear
S4SAVF03,185.0,0.0669790945175029,linear
S4SAVF03,186.0,0.0669790945175029,linear
S4SAVF03,187.0,0.0669790945175029,linear
S4SAVF03,188.0,0.0669790945175029,linear
S4SAVF03,189.0,0.0669790945175029,linear
S4SAVF03,190.0,0.0669790945175029,linear
S4SAVF03,191.0,0.0669790945175029,linear
S4SAVF03,192.0,0.0669790945175029,linear
S4SAVF03,193.0,0.0669790945175029,linear
S4SAVF03,194.0,0.0669790945175029,linear
S4SAVF03,195.0,0.0669790945175029,linear
S4SAVF03,196.0,0.0669790945175029,linear
S4SAVF03,197.0,0.0669790945175029,linear
S4SAVF03,198.0,0.0669790945175029,linear
S4SAVF03,199.0,0.0669790945175029,linear
S4SAVF03,200.0,0.0669790945175029,linear
S4SAVF03,201.0,0.0669790945175029,linear
S4SAVF03,202.0,0.0669790945175029,linear
S4SAVF03,203.0,0.0669790945175029,linear
S4SAVF03,204.0,0.0669790945175029,linear
S4SAVF03,205.0,0.0669790945175029,linear
S4SAVF03,206.0,0.0669790945175029,linear
S4SAVF03,207.0,0.0669790945175029,linear
S4SAVF03,208.0,0.0669790945175029,linear
S4SAVF03,209.0,0.0669790945175029,linear
S4SAVF03,210.0,0.0669790945175029,linear
S4SAVF03,211.0,0.0669790945175029,linear
S4SAVF03,212.0,0.0669790945175029,linear
S4SAVF03,213.0,0.0669790945175029,linear
S4SAVF03,214.0,0.0669790945175029,linear
S4SAVF03,215.0,0.0669790945175029,linear
S4SAVF03,216.0,0.0669790945175029,linear
S4SAVF03,217.0,0.0669790945175029,linear
S4SAVF03,218.0,0.0669790945175029,linear
S4SAVF03,219.0,0.0669790945175029,linear
S4SAVF03,220.0,0.0669790945175029,linear
S4SAVF03,221.0,0.0669790945175029,linear
S4SAVF03,222.0,0.0669790945175029,linear
S4SAVF03,223.0,0.0669790945175029,linear
S4SAVF03,224.0,0.0669790945175029,linear
S4SAVF03,225.0,0.0669790945175029,linear
S4SAVF03,226.0,0.0669790945175029,linear
S4SAVF03,227.0,0.0669790945175029,linear
S4SAVF03,228.0,0.0669790945175029,linear
S4SAVF03,229.0,0.0669790945175029,linear
S4SAVF03,230.0,0.0669790945175029,linear
S4SAVF03,231.0,0.0669790945175029,linear
S4SAVF03,232.0,0.0669790945175029,linear
S4SAVF03,233.0,0.0669790945175029,linear
S4SAVF03,234.0,0.0669790945175029,linear
S4SAVF03,235.0,0.0669790945175029,linear
S4SAVF03,236.0,0.0669790945175029,linear
S4SAVF03,237.0,0.0669790945175029,linear
S4SAVF03,238.0,0.0669790945175029,linear
S4SAVF03,239.0,0.0669790945175029,linear
S4SAVF03,240.0,0.0669790945175029,linear
S4SAVF03,241.0,0.0669790945175029,linear
S4SAVF03,242.0,0.0669790945175029,linear
S4SAVF03,243.0,0.0669790945175029,linear
S4SAVF03,244.0,0.0669790945175029,linear
S4SAVF03,245.0,0.0669790945175029,linear
S4SAVF03,246.0,0.0669790945175029,linear
S4SAVF03,247.0,0.0669790945175029,linear
S4SAVF03,248.0,0.0669790945175029,linear
S4SAVF03,249.0,0.0669790945175029,linear
S4SAVF03,250.0,0.0669790945175029,linear
S4SAVF03,251.0,0.0669790945175029,linear
S4SAVF03,252.0,0.0669790945175029,linear
S4SAVF03,253.0,0.0669790945175029,linear
S4SAVF03,254.0,0.0669790945175029,linear
S4SAVF03,255.0,0.0669790945175029,linear
S4SAVF03,256.0,0.0669790945175029,linear
S4SAVF03,257.0,0.0669790945175029,linear
S4SAVF03,258.0,0.0669790945175029,linear
S4SAVF03,259.0,0.0669790945175029,linear
S4SAVF03,260.0,0.0669790945175029,linear
S4SAVF03,261.0,0.0669790945175029,linear
S4SAVF03,262.0,0.0669790945175029,linear
S4SAVF03,263.0,0.0669790945175029,linear
S4SAVF03,264.0,0.0669790945175029,linear
S4SAVF03,265.0,0.0669790945175029,linear
S4SAVF03,266.0,0.0669790945175029,linear
S4SAVF03,267.0,0.0669790945175029,linear
S4SAVF03,268.0,0.0669790945175029,linear
S4SAVF03,269.0,0.0669790945175029,linear
S4SAVF03,270.0,0.0669790945175029,linear
S4SAVF03,271.0,0.0669790945175029,linear
S4SAVF03,272.0,0.0669790945175029,linear
S4SAVF03,273.0,0.0669790945175029,linear
S4SAVF03,274.0,0.0669790945175029,linear
S4SAVF03,275.0,0.0669790945175029,linear
S4SAVF03,276.0,0.0669790945175029,linear
S4SAVF03,277.0,0.0669790945175029,linear
S4SAVF03,278.0,0.0669790945175029,linear
S4SAVF03,279.0,0.0669790945175029,linear
S4SAVF03,280.0,0.0669790945175029,linear
S4SAVF03,281.0,0.0669790945175029,linear
S4SAVF03,282.0,0.0669790945175029,linear
S4SAVF03,283.0,0.0669790945175029,linear
S4SAVF03,284.0,0.0669790945175029,linear
S4SAVF03,285.0,0.0669790945175029,linear
S4SAVF03,286.0,0.0669790945175029,linear
S4SAVF03,287.0,0.0669790945175029,linear
S4SAVF03,288.0,0.0669790945175029,linear
S4SAVF03,289.0,0.066979094517503,linear
S4SAVF03,290.0,0.066979094517503,linear
S4SAVF03,291.0,0.066979094517503,linear
S4SAVF03,292.0,0.066979094517503,linear
S4SAVF03,293.0,0.066979094517503,linear
S4SAVF03,294.0,0.066979094517503,linear
S4SAVF03,295.0,0.066979094517503,linear
S4SAVF03,296.0,0.066979094517503,linear
S4SAVF03,297.0,0.066979094517503,linear
S4SAVF03,298.0,0.066979094517503,linear
S4SAVF03,299.0,0.066979094517503,linear
S4SAVF03,300.0,0.066979094517503,linear
S4SAVF03,301.0,0.066979094517503,linear
S4SAVF03,302.0,0.066979094517503,linear
S4SAVF03,303.0,0.066979094517503,linear
S4SAVF03,304.0,0.066979094517503,linear
S4SAVF03,305.0,0.066979094517503,linear
S4SAVF03,306.0,0.066979094517503,linear
S4SAVF03,307.0,0.066979094517503,linear
S4SAVF03,308.0,0.066979094517503,linear
S4SAVF03,309.0,0.066979094517503,linear
S4SAVF03,310.0,0.066979094517503,linear
S4SAVF03,311.0,0.066979094517503,linear
S4SAVF03,312.0,0.066979094517503,linear
S4SAVF03,313.0,0.066979094517503,linear
S4SAVF03,314.0,0.066979094517503,linear
S4SAVF03,315.0,0.066979094517503,linear
S4SAVF03,316.0,0.066979094517503,linear
S4SAVF03,317.0,0.066979094517503,linear
S4SAVF03,318.0,0.066979094517503,linear
S4SAVF03,319.0,0.066979094517503,linear
S4SAVF03,320.0,0.066979094517503,linear
S4SAVF03,321.0,0.066979094517503,linear
S4SAVF03,322.0,0.066979094517503,linear
S4SAVF03,323.0,0.066979094517503,linear
S4SAVF03,324.0,0.066979094517503,linear
S4SAVF03,325.0,0.066979094517503,linear
S4SAVF03,326.0,0.066979094517503,linear
S4SAVF03,327.0,0.066979094517503,linear
S4SAVF03,328.0,0.066979094517503,linear
S4SAVF03,329.0,0.066979094517503,linear
S4SAVF03,330.0,0.066979094517503,linear
S4SAVF03,331.0,0.066979094517503,linear
S4SAVF03,332.0,0.066979094517503,linear
S4SAVF03,333.0,0.066979094517503,linear
S4SAVF03,334.0,0.066979094517503,linear
S4SAVF03,335.0,0.066979094517503,linear
S4SAVF03,336.0,0.066979094517503,linear
S4SAVF03,337.0,0.066979094517503,linear
S4SAVF03,338.0,0.066979094517503,linear
S4SAVF03,339.0,0.066979094517503,linear
S4SAVF03,340.0,0.066979094517503,linear
S4SAVF03,341.0,0.066979094517503,linear
S4SAVF03,342.0,0.066979094517503,linear
S4SAVF03,343.0,0.066979094517503,linear
S4SAVF03,344.0,0.066979094517503,linear
S4SAVF03,345.0,0.066979094517503,linear
S4SAVF03,346.0,0.066979094517503,linear
S4SAVF03,347.0,0.066979094517503,linear
S4SAVF03,348.0,0.066979094517503,linear
S4SAVF03,349.0,0.066979094517503,linear
S4SAVF03,350.0,0.066979094517503,linear
S4SAVF03,351.0,0.066979094517503,linear
S4SAVF03,352.0,0.066979094517503,linear
S4SAVF03,353.0,0.066979094517503,linear
S4SAVF03,354.0,0.066979094517503,linear
S4SAVF03,355.0,0.066979094517503,linear
S4SAVF03,356.0,0.066979094517503,linear
S4SAVF03,357.0,0.066979094517503,linear
S4SAVF03,358.0,0.066979094517503,linear
S4SAVF03,359.0,0.066979094517503,linear
S4SAVF03,360.0,0.066979094517503,linear
S4SAVF03,361.0,0.066979094517503,linear
S4SAVF03,362.0,0.066979094517503,linear
S4SAVF03,363.0,0.066979094517503,linear
S4SAVF03,364.0,0.066979094517503,linear
S4SAVF03,365.0,0.066979094517503,linear
S5VF01,0.0,0.0446464434083968,linear
S5VF01,1.0,0.0446464434083968,linear
S5VF01,2.0,0.0446464434083968,linear
S5VF01,3.0,0.0446464434083968,linear
S5VF01,4.0,0.0446464434083968,linear
S5VF01,5.0,0.0446464434083968,linear
S5VF01,6.0,0.0446464434083968,linear
S5VF01,7.0,0.0446464434083968,linear
S5VF01,8.0,0.0446464434083968,linear
S5VF01,9.0,0.0446464434083968,linear
S5VF01,10.0,0.0446464434083968,linear
S5VF01,11.0,0.0446464434083968,linear
S5VF01,12.0,0.0446464434083968,linear
S5VF01,13.0,0.0446464434083968,linear
S5VF01,14.0,0.0446464434083968,linear
S5VF01,15.0,0.0446464434083968,linear
S5VF01,16.0,0.0446464434083968,linear
S5VF01,17.0,0.0446464434083968,linear
S5VF01,18.0,0.0446464434083968,linear
S5VF01,19.0,0.0446464434083968,linear
S5VF01,20.0,0.0446464434083968,linear
S5VF01,21.0,0.0446464434083968,linear
S5VF01,22.0,0.0446464434083968,linear
S5VF01,23.0,0.0446464434083968,linear
S5VF01,24.0,0.0446464434083968,linear
S5VF01,25.0,0.0446464434083968,linear
S5VF01,26.0,0.0446464434083968,linear
S5VF01,27.0,0.0446464434083968,linear
S5VF01,28.0,0.0446464434083968,linear
S5VF01,29.0,0.0446464434083968,linear
S5VF01,30.0,0.0446464434083968,linear
S5VF01,31.0,0.0446464434083968,linear
S5VF01,32.0,0.0446464434083968,linear
S5VF01,33.0,0.0446464434083968,linear
S5VF01,34.0,0.0446464434083968,linear
S5VF01,35.0,0.0446464434083968,linear
S5VF01,36.0,0.0446464434083968,linear
S5VF01,37.0,0.0446464434083968,linear
S5VF01,38.0,0.0446464434083968,linear
S5VF01,39.0,0.0446464434083968,linear
S5VF01,40.0,0.0446464434083968,linear
S5VF01,41.0,0.0446464434083968,linear
S5VF01,42.0,0.0446464434083968,linear
S5VF01,43.0,0.0446464434083968,linear
S5VF01,44.0,0.0446464434083968,linear
S5VF01,45.0,0.0446464434083968,linear
S5VF01,46.0,0.0446464434083968,linear
S5VF01,47.0,0.0446464434083968,linear
S5VF01,48.0,0.0446464434083968,linear
S5VF01,49.0,0.0446464434083968,linear
S5VF01,50.0,0.0446464434083968,linear
S5VF01,51.0,0.0446464434083968,linear
S5VF01,52.0,0.0446464434083968,linear
S5VF01,53.0,0.0446464434083968,linear
S5VF01,54.0,0.0446464434083968,linear
S5VF01,55.0,0.0446464434083968,linear
S5VF01,56.0,0.0446464434083968,linear
S5VF01,57.0,0.0446464434083968,linear
S5VF01,58.0,0.0446464434083968,linear
S5VF01,59.0,0.0446464434083968,linear
S5VF01,60.0,0.0446464434083968,linear
S5VF01,61.0,0.0446464434083968,linear
S5VF01,62.0,0.0446464434083968,linear
S5VF01,63.0,0.0446464434083968,linear
S5VF01,64.0,0.0446464434083968,linear
S5VF01,65.0,0.0446464434083968,linear
S5VF01,66.0,0.0446464434083968,linear
S5VF01,67.0,0.0446464434083968,linear
S5VF01,68.0,0.0446464434083968,linear
S5VF01,69.0,0.0446464434083968,linear
S5VF01,70.0,0.0446464434083968,linear
S5VF01,71.0,0.0446464434083968,linear
S5VF01,72.0,0.0446464434083968,linear
S5VF01,73.0,0.0446464434083968,linear
S5VF01,74.0,0.0446464434083968,linear
S5VF01,75.0,0.0446464434083968,linear
S5VF01,76.0,0.0446464434083968,linear
S5VF01,77.0,0.0446464434083968,linear
S5VF01,78.0,0.0446464434083968,linear
S5VF01,79.0,0.0446464434083968,linear
S5VF01,80.0,0.0446464434083968,linear
S5VF01,81.0,0.0446464434083968,linear
S5VF01,82.0,0.0446464434083968,linear
S5VF01,83.0,0.0446464434083968,linear
S5VF01,84.0,0.0446464434083968,linear
S5VF01,85.0,0.0446464434083968,linear
S5VF01,86.0,0.0446464434083968,linear
S5VF01,87.0,0.0446464434083968,linear
S5VF01,88.0,0.0446464434083968,linear
S5VF01,89.0,0.0446464434083968,linear
S5VF01,90.0,0.0446464434083968,linear
S5VF01,91.0,0.0446464434083968,linear
S5VF01,92.0,0.0446464434083968,linear
S5VF01,93.0,0.0446464434083968,linear
S5VF01,94.0,0.0446464434083968,linear
S5VF01,95.0,0.0446464434083968,linear
S5VF01,96.0,0.0446464434083968,linear
S5VF01,97.0,0.0446464434083968,linear
S5VF01,98.0,0.0446464434083968,linear
S5VF01,99.0,0.0446464434083968,linear
S5VF01,100.0,0.0446464434083968,linear
S5VF01,101.0,0.0446464434083968,linear
S5VF01,102.0,0.0446464434083968,linear
S5VF01,103.0,0.0446464434083968,linear
S5VF01,104.0,0.0446464434083968,linear
S5VF01,105.0,0.0446464434083968,linear
S5VF01,106.0,0.0446464434083968,linear
S5VF01,107.0,0.0446464434083968,linear
S5VF01,108.0,0.0446464434083968,linear
S5VF01,109.0,0.0446464434083968,linear
S5VF01,110.0,0.0446464434083968,linear
S5VF01,111.0,0.0446464434083968,linear
S5VF01,112.0,0.0446464434083968,linear
S5VF01,113.0,0.0446464434083968,linear
S5VF01,114.0,0.0446464434083968,linear
S5VF01,115.0,0.0446464434083968,linear
S5VF01,116.0,0.0446464434083968,linear
S5VF01,117.0,0.0446464434083968,linear
S5VF01,118.0,0.0446464434083968,linear
S5VF01,119.0,0.0446464434083968,linear
S5VF01,120.0,0.0446464434083968,linear
S5VF01,121.0,0.0446464434083968,linear
S5VF01,122.0,0.0446464434083968,linear
S5VF01,123.0,0.0446464434083968,linear
S5VF01,124.0,0.0446464434083968,linear
S5VF01,125.0,0.0446464434083968,linear
S5VF01,126.0,0.0446464434083968,linear
S5VF01,127.0,0.0446464434083968,linear
S5VF01,128.0,0.0446464434083968,linear
S5VF01,129.0,0.0446464434083968,linear
S5VF01,130.0,0.0446464434083968,linear
S5VF01,131.0,0.0446464434083968,linear
S5VF01,132.0,0.0446464434083968,linear
S5VF01,133.0,0.0446464434083968,linear
S5VF01,134.0,0.0446464434083968,linear
S5VF01,135.0,0.0446464434083968,linear
S5VF01,136.0,0.0446464434083968,linear
S5VF01,137.0,0.0446464434083968,linear
S5VF01,138.0,0.0446464434083968,linear
S5VF01,139.0,0.0446464434083968,linear
S5VF01,140.0,0.0446464434083968,linear
S5VF01,141.0,0.0446464434083968,linear
S5VF01,142.0,0.0446464434083968,linear
S5VF01,143.0,0.0446464434083968,linear
S5VF01,144.0,0.0446464434083968,linear
S5VF01,145.0,0.0446464434083968,linear
S5VF01,146.0,0.0446464434083968,linear
S5VF01,147.0,0.0446464434083968,linear
S5VF01,148.0,0.0446464434083968,linear
S5VF01,149.0,0.0446464434083968,linear
S5VF01,150.0,0.0446464434083968,linear
S5VF01,151.0,0.0446464434083968,linear
S5VF01,152.0,0.0446464434083968,linear
S5VF01,153.0,0.0446464434083968,linear
S5VF01,154.0,0.0446464434083968,linear
S5VF01,155.0,0.0446464434083968,linear
S5VF01,156.0,0.0446464434083968,linear
S5VF01,157.0,0.0446464434083968,linear
S5VF01,158.0,0.0446464434083968,linear
S5VF01,159.0,0.0446464434083968,linear
S5VF01,160.0,0.0446464434083968,linear
S5VF01,161.0,0.0446464434083968,linear
S5VF01,162.0,0.0446464434083968,linear
S5VF01,163.0,0.0446464434083968,linear
S5VF01,164.0,0.0446464434083968,linear
S5VF01,165.0,0.0446464434083968,linear
S5VF01,166.0,0.0446464434083968,linear
S5VF01,167.0,0.0446464434083968,linear
S5VF01,168.0,0.0446464434083968,linear
S5VF01,169.0,0.0446464434083968,linear
S5VF01,170.0,0.0446464434083968,linear
S5VF01,171.0,0.0446464434083968,linear
S5VF01,172.0,0.0446464434083968,linear
S5VF01,173.0,0.0446464434083968,linear
S5VF01,174.0,0.0446464434083968,linear
S5VF01,175.0,0.0446464434083968,linear
S5VF01,176.0,0.0446464434083968,linear
S5VF01,177.0,0.0446464434083968,linear
S5VF01,178.0,0.0446464434083968,linear
S5VF01,179.0,0.0446464434083968,linear
S5VF01,180.0,0.0446464434083968,linear
S5VF01,181.0,0.0446464434083968,linear
S5VF01,182.0,0.0446464434083968,linear
S5VF01,183.0,0.0446464434083968,linear
S5VF01,184.0,0.0446464434083968,linear
S5VF01,185.0,0.0446464434083968,linear
S5VF01,186.0,0.0446464434083968,linear
S5VF01,187.0,0.0446464434083968,linear
S5VF01,188.0,0.0446464434083968,linear
S5VF01,189.0,0.0446464434083968,linear
S5VF01,190.0,0.0446464434083968,linear
S5VF01,191.0,0.0446464434083968,linear
S5VF01,192.0,0.0446464434083968,linear
S5VF01,193.0,0.0446464434083968,linear
S5VF01,194.0,0.0446464434083968,linear
S5VF01,195.0,0.0446464434083968,linear
S5VF01,196.0,0.0446464434083968,linear
S5VF01,197.0,0.0446464434083968,linear
S5VF01,198.0,0.0446464434083968,linear
S5VF01,199.0,0.0446464434083968,linear
S5VF01,200.0,0.0446464434083968,linear
S5VF01,201.0,0.0446464434083968,linear
S5VF01,202.0,0.0446464434083968,linear
S5VF01,203.0,0.0446464434083968,linear
S5VF01,204.0,0.0446464434083968,linear
S5VF01,205.0,0.0446464434083968,linear
S5VF01,206.0,0.0446464434083968,linear
S5VF01,207.0,0.0446464434083968,linear
S5VF01,208.0,0.0446464434083968,linear
S5VF01,209.0,0.0446464434083968,linear
S5VF01,210.0,0.0446464434083968,linear
S5VF01,211.0,0.0446464434083968,linear
S5VF01,212.0,0.0446464434083968,linear
S5VF01,213.0,0.0446464434083968,linear
S5VF01,214.0,0.0446464434083968,linear
S5VF01,215.0,0.0446464434083968,linear
S5VF01,216.0,0.0446464434083968,linear
S5VF01,217.0,0.0446464434083968,linear
S5VF01,218.0,0.0446464434083968,linear
S5VF01,219.0,0.0446464434083968,linear
S5VF01,220.0,0.0446464434083968,linear
S5VF01,221.0,0.0446464434083968,linear
S5VF01,222.0,0.0446464434083968,linear
S5VF01,223.0,0.0446464434083968,linear
S5VF01,224.0,0.0446464434083968,linear
S5VF01,225.0,0.0446464434083968,linear
S5VF01,226.0,0.0446464434083968,linear
S5VF01,227.0,0.0446464434083968,linear
S5VF01,228.0,0.0446464434083968,linear
S5VF01,229.0,0.0446464434083968,linear
S5VF01,230.0,0.0446464434083968,linear
S5VF01,231.0,0.0446464434083968,linear
S5VF01,232.0,0.0446464434083968,linear
S5VF01,233.0,0.0446464434083968,linear
S5VF01,234.0,0.0446464434083968,linear
S5VF01,235.0,0.0446464434083968,linear
S5VF01,236.0,0.0446464434083968,linear
S5VF01,237.0,0.0446464434083968,linear
S5VF01,238.0,0.0446464434083968,linear
S5VF01,239.0,0.0446464434083968,linear
S5VF01,240.0,0.0446464434083968,linear
S5VF01,241.0,0.0446464434083968,linear
S5VF01,242.0,0.0446464434083968,linear
S5VF01,243.0,0.0446464434083968,linear
S5VF01,244.0,0.0446464434083968,linear
S5VF01,245.0,0.0446464434083968,linear
S5VF01,246.0,0.0446464434083968,linear
S5VF01,247.0,0.0446464434083968,linear
S5VF01,248.0,0.0446464434083968,linear
S5VF01,249.0,0.0446464434083968,linear
S5VF01,250.0,0.0446464434083968,linear
S5VF01,251.0,0.0446464434083968,linear
S5VF01,252.0,0.0446464434083968,linear
S5VF01,253.0,0.0446464434083968,linear
S5VF01,254.0,0.0446464434083968,linear
S5VF01,255.0,0.0446464434083968,linear
S5VF01,256.0,0.0446464434083968,linear
S5VF01,257.0,0.0446464434083968,linear
S5VF01,258.0,0.0446464434083968,linear
S5VF01,259.0,0.0446464434083968,linear
S5VF01,260.0,0.0446464434083968,linear
S5VF01,261.0,0.0446464434083968,linear
S5VF01,262.0,0.0446464434083968,linear
S5VF01,263.0,0.0446464434083968,linear
S5VF01,264.0,0.0446464434083968,linear
S5VF01,265.0,0.0446464434083968,linear
S5VF01,266.0,0.0446464434083968,linear
S5VF01,267.0,0.0446464434083968,linear
S5VF01,268.0,0.0446464434083968,linear
S5VF01,269.0,0.0446464434083968,linear
S5VF01,270.0,0.0446464434083968,linear
S5VF01,271.0,0.0446464434083968,linear
S5VF01,272.0,0.0446464434083968,linear
S5VF01,273.0,0.0446464434083968,linear
S5VF01,274.0,0.0446464434083968,linear
S5VF01,275.0,0.0446464434083968,linear
S5VF01,276.0,0.0446464434083968,linear
S5VF01,277.0,0.0446464434083968,linear
S5VF01,278.0,0.0446464434083968,linear
S5VF01,279.0,0.0446464434083968,linear
S5VF01,280.0,0.0446464434083968,linear
S5VF01,281.0,0.0446464434083968,linear
S5VF01,282.0,0.0446464434083968,linear
S5VF01,283.0,0.0446464434083968,linear
S5VF01,284.0,0.0446464434083968,linear
S5VF01,285.0,0.0446464434083968,linear
S5VF01,286.0,0.0446464434083968,linear
S5VF01,287.0,0.0446464434083968,linear
S5VF01,288.0,0.0446464434083968,linear
S5VF01,289.0,0.0446464434083968,linear
S5VF01,290.0,0.0446464434083968,linear
S5VF01,291.0,0.0446464434083968,linear
S5VF01,292.0,0.0446464434083968,linear
S5VF01,293.0,0.0446464434083968,linear
S5VF01,294.0,0.0446464434083968,linear
S5VF01,295.0,0.0446464434083968,linear
S5VF01,296.0,0.0446464434083968,linear
S5VF01,297.0,0.0446464434083968,linear
S5VF01,298.0,0.0446464434083968,linear
S5VF01,299.0,0.0446464434083968,linear
S5VF01,300.0,0.0446464434083968,linear
S5VF01,301.0,0.0446464434083968,linear
S5VF01,302.0,0.0446464434083968,linear
S5VF01,303.0,0.0446464434083968,linear
S5VF01,304.0,0.0446464434083968,linear
S5VF01,305.0,0.0446464434083968,linear
S5VF01,306.0,0.0446464434083968,linear
S5VF01,307.0,0.0446464434083968,linear
S5VF01,308.0,0.0446464434083968,linear
S5VF01,309.0,0.0446464434083969,linear
S5VF01,310.0,0.0446464434083969,linear
S5VF01,311.0,0.0446464434083969,linear
S5VF01,312.0,0.0446464434083969,linear
S5VF01,313.0,0.0446464434083969,linear
S5VF01,314.0,0.0446464434083969,linear
S5VF01,315.0,0.0446464434083969,linear
S5VF01,316.0,0.0446464434083969,linear
S5VF01,317.0,0.0446464434083969,linear
S5VF01,318.0,0.0446464434083969,linear
S5VF01,319.0,0.0446464434083969,linear
S5VF01,320.0,0.0446464434083969,linear
S5VF01,321.0,0.0446464434083969,linear
S5VF01,322.0,0.0446464434083969,linear
S5VF01,323.0,0.0446464434083969,linear
S5VF01,324.0,0.0446464434083969,linear
S5VF01,325.0,0.0446464434083969,linear
S5VF01,326.0,0.0446464434083969,linear
S5VF01,327.0,0.0446464434083969,linear
S5VF01,328.0,0.0446464434083969,linear
S5VF01,329.0,0.0446464434083969,linear
S5VF01,330.0,0.0446464434083969,linear
S5VF01,331.0,0.0446464434083969,linear
S5VF01,332.0,0.0446464434083969,linear
S5VF01,333.0,0.0446464434083969,linear
S5VF01,334.0,0.0446464434083969,linear
S5VF01,335.0,0.0446464434083969,linear
S5VF01,336.0,0.0446464434083969,linear
S5VF01,337.0,0.0446464434083969,linear
S5VF01,338.0,0.0446464434083969,linear
S5VF01,339.0,0.0446464434083969,linear
S5VF01,340.0,0.0446464434083969,linear
S5VF01,341.0,0.0446464434083969,linear
S5VF01,342.0,0.0446464434083969,linear
S5VF01,343.0,0.0446464434083969,linear
S5VF01,344.0,0.0446464434083969,linear
S5VF01,345.0,0.0446464434083969,linear
S5VF01,346.0,0.0446464434083969,linear
S5VF01,347.0,0.0446464434083969,linear
S5VF01,348.0,0.0446464434083969,linear
S5VF01,349.0,0.0446464434083969,linear
S5VF01,350.0,0.0446464434083969,linear
S5VF01,351.0,0.0446464434083969,linear
S5VF01,352.0,0.0446464434083969,linear
S5VF01,353.0,0.0446464434083969,linear
S5VF01,354.0,0.0446464434083969,linear
S5VF01,355.0,0.0446464434083969,linear
S5VF01,356.0,0.0446464434083969,linear
S5VF01,357.0,0.0446464434083969,linear
S5VF01,358.0,0.0446464434083969,linear
S5VF01,359.0,0.0446464434083969,linear
S5VF01,360.0,0.0446464434083969,linear
S5VF01,361.0,0.0446464434083969,linear
S5VF01,362.0,0.0446464434083969,linear
S5VF01,363.0,0.0446464434083969,linear
S5VF01,364.0,0.0446464434083969,linear
S5VF01,365.0,0.0446464434083969,linear
S5VF02,0.0,0.4357615119423486,linear
S5VF02,1.0,0.4357615119423486,linear
S5VF02,2.0,0.4357615119423486,linear
S5VF02,3.0,0.4357615119423486,linear
S5VF02,4.0,0.4357615119423486,linear
S5VF02,5.0,0.4357615119423486,linear
S5VF02,6.0,0.4357615119423486,linear
S5VF02,7.0,0.4357615119423486,linear
S5VF02,8.0,0.4357615119423486,linear
S5VF02,9.0,0.4357615119423486,linear
S5VF02,10.0,0.4357615119423486,linear
S5VF02,11.0,0.4357615119423486,linear
S5VF02,12.0,0.4357615119423486,linear
S5VF02,13.0,0.4357615119423486,linear
S5VF02,14.0,0.4357615119423486,linear
S5VF02,15.0,0.4357615119423486,linear
S5VF02,16.0,0.4357615119423486,linear
S5VF02,17.0,0.4357615119423486,linear
S5VF02,18.0,0.4357615119423486,linear
S5VF02,19.0,0.4357615119423486,linear
S5VF02,20.0,0.4357615119423486,linear
S5VF02,21.0,0.4357615119423486,linear
S5VF02,22.0,0.4357615119423486,linear
S5VF02,23.0,0.4357615119423486,linear
S5VF02,24.0,0.4357615119423486,linear
S5VF02,25.0,0.4357615119423486,linear
S5VF02,26.0,0.4357615119423486,linear
S5VF02,27.0,0.4357615119423486,linear
S5VF02,28.0,0.4357615119423486,linear
S5VF02,29.0,0.4357615119423486,linear
S5VF02,30.0,0.4357615119423486,linear
S5VF02,31.0,0.4357615119423486,linear
S5VF02,32.0,0.4357615119423486,linear
S5VF02,33.0,0.4357615119423486,linear
S5VF02,34.0,0.4357615119423486,linear
S5VF02,35.0,0.4357615119423486,linear
S5VF02,36.0,0.4357615119423486,linear
S5VF02,37.0,0.4357615119423486,linear
S5VF02,38.0,0.4357615119423486,linear
S5VF02,39.0,0.4357615119423486,linear
S5VF02,40.0,0.4357615119423486,linear
S5VF02,41.0,0.4357615119423487,linear
S5VF02,42.0,0.4357615119423487,linear
S5VF02,43.0,0.4357615119423487,linear
S5VF02,44.0,0.4357615119423487,linear
S5VF02,45.0,0.4357615119423487,linear
S5VF02,46.0,0.4357615119423487,linear
S5VF02,47.0,0.4357615119423487,linear
S5VF02,48.0,0.4357615119423487,linear
S5VF02,49.0,0.4357615119423487,linear
S5VF02,50.0,0.4357615119423487,linear
S5VF02,51.0,0.4357615119423487,linear
S5VF02,52.0,0.4357615119423487,linear
S5VF02,53.0,0.4357615119423487,linear
S5VF02,54.0,0.4357615119423487,linear
S5VF02,55.0,0.4357615119423487,linear
S5VF02,56.0,0.4357615119423487,linear
S5VF02,57.0,0.4357615119423487,linear
S5VF02,58.0,0.4357615119423487,linear
S5VF02,59.0,0.4357615119423487,linear
S5VF02,60.0,0.4357615119423487,linear
S5VF02,61.0,0.4357615119423487,linear
S5VF02,62.0,0.4357615119423487,linear
S5VF02,63.0,0.4357615119423487,linear
S5VF02,64.0,0.4357615119423487,linear
S5VF02,65.0,0.4357615119423487,linear
S5VF02,66.0,0.4357615119423487,linear
S5VF02,67.0,0.4357615119423487,linear
S5VF02,68.0,0.4357615119423487,linear
S5VF02,69.0,0.4357615119423487,linear
S5VF02,70.0,0.4357615119423487,linear
S5VF02,71.0,0.4357615119423487,linear
S5VF02,72.0,0.4357615119423487,linear
S5VF02,73.0,0.4357615119423487,linear
S5VF02,74.0,0.4357615119423487,linear
S5VF02,75.0,0.4357615119423487,linear
S5VF02,76.0,0.4357615119423487,linear
S5VF02,77.0,0.4357615119423487,linear
S5VF02,78.0,0.4357615119423487,linear
S5VF02,79.0,0.4357615119423487,linear
S5VF02,80.0,0.4357615119423487,linear
S5VF02,81.0,0.4357615119423487,linear
S5VF02,82.0,0.4357615119423487,linear
S5VF02,83.0,0.4357615119423487,linear
S5VF02,84.0,0.4357615119423487,linear
S5VF02,85.0,0.4357615119423487,linear
S5VF02,86.0,0.4357615119423487,linear
S5VF02,87.0,0.4357615119423487,linear
S5VF02,88.0,0.4357615119423487,linear
S5VF02,89.0,0.4357615119423487,linear
S5VF02,90.0,0.4357615119423487,linear
S5VF02,91.0,0.4357615119423487,linear
S5VF02,92.0,0.4357615119423487,linear
S5VF02,93.0,0.4357615119423487,linear
S5VF02,94.0,0.4357615119423487,linear
S5VF02,95.0,0.4357615119423488,linear
S5VF02,96.0,0.4357615119423488,linear
S5VF02,97.0,0.4357615119423488,linear
S5VF02,98.0,0.4357615119423488,linear
S5VF02,99.0,0.4357615119423488,linear
S5VF02,100.0,0.4357615119423488,linear
S5VF02,101.0,0.4357615119423488,linear
S5VF02,102.0,0.4357615119423488,linear
S5VF02,103.0,0.4357615119423488,linear
S5VF02,104.0,0.4357615119423488,linear
S5VF02,105.0,0.4357615119423488,linear
S5VF02,106.0,0.4357615119423488,linear
S5VF02,107.0,0.4357615119423488,linear
S5VF02,108.0,0.4357615119423488,linear
S5VF02,109.0,0.4357615119423488,linear
S5VF02,110.0,0.4357615119423488,linear
S5VF02,111.0,0.4357615119423488,linear
S5VF02,112.0,0.4357615119423488,linear
S5VF02,113.0,0.4357615119423488,linear
S5VF02,114.0,0.4357615119423488,linear
S5VF02,115.0,0.4357615119423488,linear
S5VF02,116.0,0.4357615119423488,linear
S5VF02,117.0,0.4357615119423488,linear
S5VF02,118.0,0.4357615119423488,linear
S5VF02,119.0,0.4357615119423488,linear
S5VF02,120.0,0.4357615119423488,linear
S5VF02,121.0,0.4357615119423488,linear
S5VF02,122.0,0.4357615119423488,linear
S5VF02,123.0,0.4357615119423488,linear
S5VF02,124.0,0.4357615119423488,linear
S5VF02,125.0,0.4357615119423488,linear
S5VF02,126.0,0.4357615119423488,linear
S5VF02,127.0,0.4357615119423488,linear
S5VF02,128.0,0.4357615119423488,linear
S5VF02,129.0,0.4357615119423488,linear
S5VF02,130.0,0.4357615119423488,linear
S5VF02,131.0,0.4357615119423488,linear
S5VF02,132.0,0.4357615119423488,linear
S5VF02,133.0,0.4357615119423488,linear
S5VF02,134.0,0.4357615119423488,linear
S5VF02,135.0,0.4357615119423488,linear
S5VF02,136.0,0.4357615119423488,linear
S5VF02,137.0,0.4357615119423488,linear
S5VF02,138.0,0.4357615119423488,linear
S5VF02,139.0,0.4357615119423488,linear
S5VF02,140.0,0.4357615119423488,linear
S5VF02,141.0,0.4357615119423488,linear
S5VF02,142.0,0.4357615119423488,linear
S5VF02,143.0,0.4357615119423488,linear
S5VF02,144.0,0.4357615119423488,linear
S5VF02,145.0,0.4357615119423488,linear
S5VF02,146.0,0.4357615119423488,linear
S5VF02,147.0,0.4357615119423488,linear
S5VF02,148.0,0.4357615119423488,linear
S5VF02,149.0,0.4357615119423489,linear
S5VF02,150.0,0.4357615119423489,linear
S5VF02,151.0,0.4357615119423489,linear
S5VF02,152.0,0.4357615119423489,linear
S5VF02,153.0,0.4357615119423489,linear
S5VF02,154.0,0.4357615119423489,linear
S5VF02,155.0,0.4357615119423489,linear
S5VF02,156.0,0.4357615119423489,linear
S5VF02,157.0,0.4357615119423489,linear
S5VF02,158.0,0.4357615119423489,linear
S5VF02,159.0,0.4357615119423489,linear
S5VF02,160.0,0.4357615119423489,linear
S5VF02,161.0,0.4357615119423489,linear
S5VF02,162.0,0.4357615119423489,linear
S5VF02,163.0,0.4357615119423489,linear
S5VF02,164.0,0.4357615119423489,linear
S5VF02,165.0,0.4357615119423489,linear
S5VF02,166.0,0.4357615119423489,linear
S5VF02,167.0,0.4357615119423489,linear
S5VF02,168.0,0.4357615119423489,linear
S5VF02,169.0,0.4357615119423489,linear
S5VF02,170.0,0.4357615119423489,linear
S5VF02,171.0,0.4357615119423489,linear
S5VF02,172.0,0.4357615119423489,linear
S5VF02,173.0,0.4357615119423489,linear
S5VF02,174.0,0.4357615119423489,linear
S5VF02,175.0,0.4357615119423489,linear
S5VF02,176.0,0.4357615119423489,linear
S5VF02,177.0,0.4357615119423489,linear
S5VF02,178.0,0.4357615119423489,linear
S5VF02,179.0,0.4357615119423489,linear
S5VF02,180.0,0.4357615119423489,linear
S5VF02,181.0,0.4357615119423489,linear
S5VF02,182.0,0.4357615119423489,linear
S5VF02,183.0,0.4357615119423489,linear
S5VF02,184.0,0.4357615119423489,linear
S5VF02,185.0,0.4357615119423489,linear
S5VF02,186.0,0.4357615119423489,linear
S5VF02,187.0,0.4357615119423489,linear
S5VF02,188.0,0.4357615119423489,linear
S5VF02,189.0,0.4357615119423489,linear
S5VF02,190.0,0.4357615119423489,linear
S5VF02,191.0,0.4357615119423489,linear
S5VF02,192.0,0.4357615119423489,linear
S5VF02,193.0,0.4357615119423489,linear
S5VF02,194.0,0.4357615119423489,linear
S5VF02,195.0,0.4357615119423489,linear
S5VF02,196.0,0.4357615119423489,linear
S5VF02,197.0,0.4357615119423489,linear
S5VF02,198.0,0.4357615119423489,linear
S5VF02,199.0,0.4357615119423489,linear
S5VF02,200.0,0.4357615119423489,linear
S5VF02,201.0,0.4357615119423489,linear
S5VF02,202.0,0.4357615119423489,linear
S5VF02,203.0,0.435761511942349,linear
S5VF02,204.0,0.435761511942349,linear
S5VF02,205.0,0.435761511942349,linear
S5VF02,206.0,0.435761511942349,linear
S5VF02,207.0,0.435761511942349,linear
S5VF02,208.0,0.435761511942349,linear
S5VF02,209.0,0.435761511942349,linear
S5VF02,210.0,0.435761511942349,linear
S5VF02,211.0,0.435761511942349,linear
S5VF02,212.0,0.435761511942349,linear
S5VF02,213.0,0.435761511942349,linear
S5VF02,214.0,0.435761511942349,linear
S5VF02,215.0,0.435761511942349,linear
S5VF02,216.0,0.435761511942349,linear
S5VF02,217.0,0.435761511942349,linear
S5VF02,218.0,0.435761511942349,linear
S5VF02,219.0,0.435761511942349,linear
S5VF02,220.0,0.435761511942349,linear
S5VF02,221.0,0.435761511942349,linear
S5VF02,222.0,0.435761511942349,linear
S5VF02,223.0,0.435761511942349,linear
S5VF02,224.0,0.435761511942349,linear
S5VF02,225.0,0.435761511942349,linear
S5VF02,226.0,0.435761511942349,linear
S5VF02,227.0,0.435761511942349,linear
S5VF02,228.0,0.435761511942349,linear
S5VF02,229.0,0.435761511942349,linear
S5VF02,230.0,0.435761511942349,linear
S5VF02,231.0,0.4357615119423491,linear
S5VF02,232.0,0.4357615119423491,linear
S5VF02,233.0,0.4357615119423491,linear
S5VF02,234.0,0.4357615119423491,linear
S5VF02,235.0,0.4357615119423491,linear
S5VF02,236.0,0.4357615119423491,linear
S5VF02,237.0,0.4357615119423491,linear
S5VF02,238.0,0.4357615119423491,linear
S5VF02,239.0,0.4357615119423491,linear
S5VF02,240.0,0.4357615119423491,linear
S5VF02,241.0,0.4357615119423491,linear
S5VF02,242.0,0.4357615119423491,linear
S5VF02,243.0,0.4357615119423491,linear
S5VF02,244.0,0.4357615119423491,linear
S5VF02,245.0,0.4357615119423491,linear
S5VF02,246.0,0.4357615119423491,linear
S5VF02,247.0,0.4357615119423491,linear
S5VF02,248.0,0.4357615119423491,linear
S5VF02,249.0,0.4357615119423491,linear
S5VF02,250.0,0.4357615119423491,linear
S5VF02,251.0,0.4357615119423491,linear
S5VF02,252.0,0.4357615119423491,linear
S5VF02,253.0,0.4357615119423491,linear
S5VF02,254.0,0.4357615119423491,linear
S5VF02,255.0,0.4357615119423491,linear
S5VF02,256.0,0.4357615119423491,linear
S5VF02,257.0,0.4357615119423491,linear
S5VF02,258.0,0.4357615119423491,linear
S5VF02,259.0,0.4357615119423491,linear
S5VF02,260.0,0.4357615119423491,linear
S5VF02,261.0,0.4357615119423491,linear
S5VF02,262.0,0.4357615119423491,linear
S5VF02,263.0,0.4357615119423491,linear
S5VF02,264.0,0.4357615119423491,linear
S5VF02,265.0,0.4357615119423491,linear
S5VF02,266.0,0.4357615119423491,linear
S5VF02,267.0,0.4357615119423491,linear
S5VF02,268.0,0.4357615119423491,linear
S5VF02,269.0,0.4357615119423491,linear
S5VF02,270.0,0.4357615119423491,linear
S5VF02,271.0,0.4357615119423491,linear
S5VF02,272.0,0.4357615119423491,linear
S5VF02,273.0,0.4357615119423491,linear
S5VF02,274.0,0.4357615119423491,linear
S5VF02,275.0,0.4357615119423491,linear
S5VF02,276.0,0.4357615119423491,linear
S5VF02,277.0,0.4357615119423491,linear
S5VF02,278.0,0.4357615119423491,linear
S5VF02,279.0,0.4357615119423491,linear
S5VF02,280.0,0.4357615119423491,linear
S5VF02,281.0,0.4357615119423491,linear
S5VF02,282.0,0.4357615119423491,linear
S5VF02,283.0,0.4357615119423491,linear
S5VF02,284.0,0.4357615119423491,linear
S5VF02,285.0,0.4357615119423492,linear
S5VF02,286.0,0.4357615119423492,linear
S5VF02,287.0,0.4357615119423492,linear
S5VF02,288.0,0.4357615119423492,linear
S5VF02,289.0,0.4357615119423492,linear
S5VF02,290.0,0.4357615119423492,linear
S5VF02,291.0,0.4357615119423492,linear
S5VF02,292.0,0.4357615119423492,linear
S5VF02,293.0,0.4357615119423492,linear
S5VF02,294.0,0.4357615119423492,linear
S5VF02,295.0,0.4357615119423492,linear
S5VF02,296.0,0.4357615119423492,linear
S5VF02,297.0,0.4357615119423492,linear
S5VF02,298.0,0.4357615119423492,linear
S5VF02,299.0,0.4357615119423492,linear
S5VF02,300.0,0.4357615119423492,linear
S5VF02,301.0,0.4357615119423492,linear
S5VF02,302.0,0.4357615119423492,linear
S5VF02,303.0,0.4357615119423492,linear
S5VF02,304.0,0.4357615119423492,linear
S5VF02,305.0,0.4357615119423492,linear
S5VF02,306.0,0.4357615119423492,linear
S5VF02,307.0,0.4357615119423492,linear
S5VF02,308.0,0.4357615119423492,linear
S5VF02,309.0,0.4357615119423492,linear
S5VF02,310.0,0.4357615119423492,linear
S5VF02,311.0,0.4357615119423492,linear
S5VF02,312.0,0.4357615119423492,linear
S5VF02,313.0,0.4357615119423492,linear
S5VF02,314.0,0.4357615119423492,linear
S5VF02,315.0,0.4357615119423492,linear
S5VF02,316.0,0.4357615119423492,linear
S5VF02,317.0,0.4357615119423492,linear
S5VF02,318.0,0.4357615119423492,linear
S5VF02,319.0,0.4357615119423492,linear
S5VF02,320.0,0.4357615119423492,linear
S5VF02,321.0,0.4357615119423492,linear
S5VF02,322.0,0.4357615119423492,linear
S5VF02,323.0,0.4357615119423492,linear
S5VF02,324.0,0.4357615119423492,linear
S5VF02,325.0,0.4357615119423492,linear
S5VF02,326.0,0.4357615119423492,linear
S5VF02,327.0,0.4357615119423492,linear
S5VF02,328.0,0.4357615119423492,linear
S5VF02,329.0,0.4357615119423492,linear
S5VF02,330.0,0.4357615119423492,linear
S5VF02,331.0,0.4357615119423492,linear
S5VF02,332.0,0.4357615119423492,linear
S5VF02,333.0,0.4357615119423492,linear
S5VF02,334.0,0.4357615119423492,linear
S5VF02,335.0,0.4357615119423492,linear
S5VF02,336.0,0.4357615119423492,linear
S5VF02,337.0,0.4357615119423492,linear
S5VF02,338.0,0.4357615119423492,linear
S5VF02,339.0,0.4357615119423493,linear
S5VF02,340.0,0.4357615119423493,linear
S5VF02,341.0,0.4357615119423493,linear
S5VF02,342.0,0.4357615119423493,linear
S5VF02,343.0,0.4357615119423493,linear
S5VF02,344.0,0.4357615119423493,linear
S5VF02,345.0,0.4357615119423493,linear
S5VF02,346.0,0.4357615119423493,linear
S5VF02,347.0,0.4357615119423493,linear
S5VF02,348.0,0.4357615119423493,linear
S5VF02,349.0,0.4357615119423493,linear
S5VF02,350.0,0.4357615119423493,linear
S5VF02,351.0,0.4357615119423493,linear
S5VF02,352.0,0.4357615119423493,linear
S5VF02,353.0,0.4357615119423493,linear
S5VF02,354.0,0.4357615119423493,linear
S5VF02,355.0,0.4357615119423493,linear
S5VF02,356.0,0.4357615119423493,linear
S5VF02,357.0,0.4357615119423493,linear
S5VF02,358.0,0.4357615119423493,linear
S5VF02,359.0,0.4357615119423493,linear
S5VF02,360.0,0.4357615119423493,linear
S5VF02,361.0,0.4357615119423493,linear
S5VF02,362.0,0.4357615119423493,linear
S5VF02,363.0,0.4357615119423493,linear
S5VF02,364.0,0.4357615119423493,linear
S5VF02,365.0,0.4357615119423493,linear
S5VF03,0.0,0.2509716676373258,linear
S5VF03,1.0,0.2509716676373258,linear
S5VF03,2.0,0.2509716676373258,linear
S5VF03,3.0,0.2509716676373258,linear
S5VF03,4.0,0.2509716676373258,linear
S5VF03,5.0,0.2509716676373258,linear
S5VF03,6.0,0.2509716676373258,linear
S5VF03,7.0,0.2509716676373258,linear
S5VF03,8.0,0.2509716676373258,linear
S5VF03,9.0,0.2509716676373258,linear
S5VF03,10.0,0.2509716676373258,linear
S5VF03,11.0,0.2509716676373258,linear
S5VF03,12.0,0.2509716676373258,linear
S5VF03,13.0,0.2509716676373258,linear
S5VF03,14.0,0.2509716676373258,linear
S5VF03,15.0,0.2509716676373258,linear
S5VF03,16.0,0.2509716676373258,linear
S5VF03,17.0,0.2509716676373258,linear
S5VF03,18.0,0.2509716676373258,linear
S5VF03,19.0,0.2509716676373258,linear
S5VF03,20.0,0.2509716676373258,linear
S5VF03,21.0,0.2509716676373258,linear
S5VF03,22.0,0.2509716676373258,linear
S5VF03,23.0,0.2509716676373258,linear
S5VF03,24.0,0.2509716676373258,linear
S5VF03,25.0,0.2509716676373259,linear
S5VF03,26.0,0.2509716676373259,linear
S5VF03,27.0,0.2509716676373259,linear
S5VF03,28.0,0.2509716676373259,linear
S5VF03,29.0,0.2509716676373259,linear
S5VF03,30.0,0.2509716676373259,linear
S5VF03,31.0,0.2509716676373259,linear
S5VF03,32.0,0.2509716676373259,linear
S5VF03,33.0,0.2509716676373259,linear
S5VF03,34.0,0.2509716676373259,linear
S5VF03,35.0,0.2509716676373259,linear
S5VF03,36.0,0.2509716676373259,linear
S5VF03,37.0,0.2509716676373259,linear
S5VF03,38.0,0.2509716676373259,linear
S5VF03,39.0,0.2509716676373259,linear
S5VF03,40.0,0.2509716676373259,linear
S5VF03,41.0,0.2509716676373259,linear
S5VF03,42.0,0.2509716676373259,linear
S5VF03,43.0,0.2509716676373259,linear
S5VF03,44.0,0.2509716676373259,linear
S5VF03,45.0,0.2509716676373259,linear
S5VF03,46.0,0.2509716676373259,linear
S5VF03,47.0,0.2509716676373259,linear
S5VF03,48.0,0.2509716676373259,linear
S5VF03,49.0,0.2509716676373259,linear
S5VF03,50.0,0.2509716676373259,linear
S5VF03,51.0,0.2509716676373259,linear
S5VF03,52.0,0.2509716676373259,linear
S5VF03,53.0,0.2509716676373259,linear
S5VF03,54.0,0.2509716676373259,linear
S5VF03,55.0,0.2509716676373259,linear
S5VF03,56.0,0.2509716676373259,linear
S5VF03,57.0,0.2509716676373259,linear
S5VF03,58.0,0.2509716676373259,linear
S5VF03,59.0,0.2509716676373259,linear
S5VF03,60.0,0.2509716676373259,linear
S5VF03,61.0,0.2509716676373259,linear
S5VF03,62.0,0.2509716676373259,linear
S5VF03,63.0,0.2509716676373259,linear
S5VF03,64.0,0.2509716676373259,linear
S5VF03,65.0,0.2509716676373259,linear
S5VF03,66.0,0.2509716676373259,linear
S5VF03,67.0,0.2509716676373259,linear
S5VF03,68.0,0.2509716676373259,linear
S5VF03,69.0,0.2509716676373259,linear
S5VF03,70.0,0.2509716676373259,linear
S5VF03,71.0,0.2509716676373259,linear
S5VF03,72.0,0.2509716676373259,linear
S5VF03,73.0,0.250971667637326,linear
S5VF03,74.0,0.250971667637326,linear
S5VF03,75.0,0.250971667637326,linear
S5VF03,76.0,0.250971667637326,linear
S5VF03,77.0,0.250971667637326,linear
S5VF03,78.0,0.250971667637326,linear
S5VF03,79.0,0.250971667637326,linear
S5VF03,80.0,0.250971667637326,linear
S5VF03,81.0,0.250971667637326,linear
S5VF03,82.0,0.250971667637326,linear
S5VF03,83.0,0.250971667637326,linear
S5VF03,84.0,0.250971667637326,linear
S5VF03,85.0,0.250971667637326,linear
S5VF03,86.0,0.250971667637326,linear
S5VF03,87.0,0.250971667637326,linear
S5VF03,88.0,0.250971667637326,linear
S5VF03,89.0,0.250971667637326,linear
S5VF03,90.0,0.250971667637326,linear
S5VF03,91.0,0.250971667637326,linear
S5VF03,92.0,0.250971667637326,linear
S5VF03,93.0,0.250971667637326,linear
S5VF03,94.0,0.250971667637326,linear
S5VF03,95.0,0.250971667637326,linear
S5VF03,96.0,0.250971667637326,linear
S5VF03,97.0,0.250971667637326,linear
S5VF03,98.0,0.250971667637326,linear
S5VF03,99.0,0.250971667637326,linear
S5VF03,100.0,0.250971667637326,linear
S5VF03,101.0,0.250971667637326,linear
S5VF03,102.0,0.250971667637326,linear
S5VF03,103.0,0.250971667637326,linear
S5VF03,104.0,0.250971667637326,linear
S5VF03,105.0,0.250971667637326,linear
S5VF03,106.0,0.250971667637326,linear
S5VF03,107.0,0.250971667637326,linear
S5VF03,108.0,0.250971667637326,linear
S5VF03,109.0,0.250971667637326,linear
S5VF03,110.0,0.250971667637326,linear
S5VF03,111.0,0.250971667637326,linear
S5VF03,112.0,0.250971667637326,linear
S5VF03,113.0,0.250971667637326,linear
S5VF03,114.0,0.250971667637326,linear
S5VF03,115.0,0.250971667637326,linear
S5VF03,116.0,0.250971667637326,linear
S5VF03,117.0,0.250971667637326,linear
S5VF03,118.0,0.250971667637326,linear
S5VF03,119.0,0.250971667637326,linear
S5VF03,120.0,0.250971667637326,linear
S5VF03,121.0,0.250971667637326,linear
S5VF03,122.0,0.250971667637326,linear
S5VF03,123.0,0.250971667637326,linear
S5VF03,124.0,0.250971667637326,linear
S5VF03,125.0,0.250971667637326,linear
S5VF03,126.0,0.250971667637326,linear
S5VF03,127.0,0.250971667637326,linear
S5VF03,128.0,0.250971667637326,linear
S5VF03,129.0,0.250971667637326,linear
S5VF03,130.0,0.250971667637326,linear
S5VF03,131.0,0.250971667637326,linear
S5VF03,132.0,0.250971667637326,linear
S5VF03,133.0,0.250971667637326,linear
S5VF03,134.0,0.250971667637326,linear
S5VF03,135.0,0.250971667637326,linear
S5VF03,136.0,0.250971667637326,linear
S5VF03,137.0,0.250971667637326,linear
S5VF03,138.0,0.250971667637326,linear
S5VF03,139.0,0.250971667637326,linear
S5VF03,140.0,0.250971667637326,linear
S5VF03,141.0,0.250971667637326,linear
S5VF03,142.0,0.250971667637326,linear
S5VF03,143.0,0.250971667637326,linear
S5VF03,144.0,0.250971667637326,linear
S5VF03,145.0,0.250971667637326,linear
S5VF03,146.0,0.250971667637326,linear
S5VF03,147.0,0.250971667637326,linear
S5VF03,148.0,0.250971667637326,linear
S5VF03,149.0,0.250971667637326,linear
S5VF03,150.0,0.250971667637326,linear
S5VF03,151.0,0.250971667637326,linear
S5VF03,152.0,0.250971667637326,linear
S5VF03,153.0,0.250971667637326,linear
S5VF03,154.0,0.250971667637326,linear
S5VF03,155.0,0.250971667637326,linear
S5VF03,156.0,0.250971667637326,linear
S5VF03,157.0,0.250971667637326,linear
S5VF03,158.0,0.250971667637326,linear
S5VF03,159.0,0.250971667637326,linear
S5VF03,160.0,0.250971667637326,linear
S5VF03,161.0,0.250971667637326,linear
S5VF03,162.0,0.250971667637326,linear
S5VF03,163.0,0.250971667637326,linear
S5VF03,164.0,0.250971667637326,linear
S5VF03,165.0,0.250971667637326,linear
S5VF03,166.0,0.250971667637326,linear
S5VF03,167.0,0.250971667637326,linear
S5VF03,168.0,0.250971667637326,linear
S5VF03,169.0,0.250971667637326,linear
S5VF03,170.0,0.250971667637326,linear
S5VF03,171.0,0.2509716676373261,linear
S5VF03,172.0,0.2509716676373261,linear
S5VF03,173.0,0.2509716676373261,linear
S5VF03,174.0,0.2509716676373261,linear
S5VF03,175.0,0.2509716676373261,linear
S5VF03,176.0,0.2509716676373261,linear
S5VF03,177.0,0.2509716676373261,linear
S5VF03,178.0,0.2509716676373261,linear
S5VF03,179.0,0.2509716676373261,linear
S5VF03,180.0,0.2509716676373261,linear
S5VF03,181.0,0.2509716676373261,linear
S5VF03,182.0,0.2509716676373261,linear
S5VF03,183.0,0.2509716676373261,linear
S5VF03,184.0,0.2509716676373261,linear
S5VF03,185.0,0.2509716676373261,linear
S5VF03,186.0,0.2509716676373261,linear
S5VF03,187.0,0.2509716676373261,linear
S5VF03,188.0,0.2509716676373261,linear
S5VF03,189.0,0.2509716676373261,linear
S5VF03,190.0,0.2509716676373261,linear
S5VF03,191.0,0.2509716676373261,linear
S5VF03,192.0,0.2509716676373261,linear
S5VF03,193.0,0.2509716676373261,linear
S5VF03,194.0,0.2509716676373261,linear
S5VF03,195.0,0.2509716676373261,linear
S5VF03,196.0,0.2509716676373261,linear
S5VF03,197.0,0.2509716676373261,linear
S5VF03,198.0,0.2509716676373261,linear
S5VF03,199.0,0.2509716676373261,linear
S5VF03,200.0,0.2509716676373261,linear
S5VF03,201.0,0.2509716676373261,linear
S5VF03,202.0,0.2509716676373261,linear
S5VF03,203.0,0.2509716676373261,linear
S5VF03,204.0,0.2509716676373261,linear
S5VF03,205.0,0.2509716676373261,linear
S5VF03,206.0,0.2509716676373261,linear
S5VF03,207.0,0.2509716676373261,linear
S5VF03,208.0,0.2509716676373261,linear
S5VF03,209.0,0.2509716676373261,linear
S5VF03,210.0,0.2509716676373261,linear
S5VF03,211.0,0.2509716676373261,linear
S5VF03,212.0,0.2509716676373261,linear
S5VF03,213.0,0.2509716676373261,linear
S5VF03,214.0,0.2509716676373261,linear
S5VF03,215.0,0.2509716676373261,linear
S5VF03,216.0,0.2509716676373261,linear
S5VF03,217.0,0.2509716676373261,linear
S5VF03,218.0,0.2509716676373261,linear
S5VF03,219.0,0.2509716676373261,linear
S5VF03,220.0,0.2509716676373261,linear
S5VF03,221.0,0.2509716676373261,linear
S5VF03,222.0,0.2509716676373261,linear
S5VF03,223.0,0.2509716676373261,linear
S5VF03,224.0,0.2509716676373261,linear
S5VF03,225.0,0.2509716676373261,linear
S5VF03,226.0,0.2509716676373261,linear
S5VF03,227.0,0.2509716676373261,linear
S5VF03,228.0,0.2509716676373261,linear
S5VF03,229.0,0.2509716676373261,linear
S5VF03,230.0,0.2509716676373261,linear
S5VF03,231.0,0.2509716676373261,linear
S5VF03,232.0,0.2509716676373261,linear
S5VF03,233.0,0.2509716676373261,linear
S5VF03,234.0,0.2509716676373261,linear
S5VF03,235.0,0.2509716676373261,linear
S5VF03,236.0,0.2509716676373261,linear
S5VF03,237.0,0.2509716676373261,linear
S5VF03,238.0,0.2509716676373261,linear
S5VF03,239.0,0.2509716676373261,linear
S5VF03,240.0,0.2509716676373261,linear
S5VF03,241.0,0.2509716676373261,linear
S5VF03,242.0,0.2509716676373261,linear
S5VF03,243.0,0.2509716676373261,linear
S5VF03,244.0,0.2509716676373261,linear
S5VF03,245.0,0.2509716676373261,linear
S5VF03,246.0,0.2509716676373261,linear
S5VF03,247.0,0.2509716676373261,linear
S5VF03,248.0,0.2509716676373261,linear
S5VF03,249.0,0.2509716676373261,linear
S5VF03,250.0,0.2509716676373261,linear
S5VF03,251.0,0.2509716676373261,linear
S5VF03,252.0,0.2509716676373261,linear
S5VF03,253.0,0.2509716676373261,linear
S5VF03,254.0,0.2509716676373261,linear
S5VF03,255.0,0.2509716676373261,linear
S5VF03,256.0,0.2509716676373261,linear
S5VF03,257.0,0.2509716676373261,linear
S5VF03,258.0,0.2509716676373261,linear
S5VF03,259.0,0.2509716676373261,linear
S5VF03,260.0,0.2509716676373261,linear
S5VF03,261.0,0.2509716676373261,linear
S5VF03,262.0,0.2509716676373261,linear
S5VF03,263.0,0.2509716676373261,linear
S5VF03,264.0,0.2509716676373261,linear
S5VF03,265.0,0.2509716676373261,linear
S5VF03,266.0,0.2509716676373261,linear
S5VF03,267.0,0.2509716676373261,linear
S5VF03,268.0,0.2509716676373262,linear
S5VF03,269.0,0.2509716676373262,linear
S5VF03,270.0,0.2509716676373262,linear
S5VF03,271.0,0.2509716676373262,linear
S5VF03,272.0,0.2509716676373262,linear
S5VF03,273.0,0.2509716676373262,linear
S5VF03,274.0,0.2509716676373262,linear
S5VF03,275.0,0.2509716676373262,linear
S5VF03,276.0,0.2509716676373262,linear
S5VF03,277.0,0.2509716676373262,linear
S5VF03,278.0,0.2509716676373262,linear
S5VF03,279.0,0.2509716676373262,linear
S5VF03,280.0,0.2509716676373262,linear
S5VF03,281.0,0.2509716676373262,linear
S5VF03,282.0,0.2509716676373262,linear
S5VF03,283.0,0.2509716676373262,linear
S5VF03,284.0,0.2509716676373262,linear
S5VF03,285.0,0.2509716676373262,linear
S5VF03,286.0,0.2509716676373262,linear
S5VF03,287.0,0.2509716676373262,linear
S5VF03,288.0,0.2509716676373262,linear
S5VF03,289.0,0.2509716676373262,linear
S5VF03,290.0,0.2509716676373262,linear
S5VF03,291.0,0.2509716676373262,linear
S5VF03,292.0,0.2509716676373262,linear
S5VF03,293.0,0.2509716676373262,linear
S5VF03,294.0,0.2509716676373262,linear
S5VF03,295.0,0.2509716676373262,linear
S5VF03,296.0,0.2509716676373262,linear
S5VF03,297.0,0.2509716676373262,linear
S5VF03,298.0,0.2509716676373262,linear
S5VF03,299.0,0.2509716676373262,linear
S5VF03,300.0,0.2509716676373262,linear
S5VF03,301.0,0.2509716676373262,linear
S5VF03,302.0,0.2509716676373262,linear
S5VF03,303.0,0.2509716676373262,linear
S5VF03,304.0,0.2509716676373262,linear
S5VF03,305.0,0.2509716676373262,linear
S5VF03,306.0,0.2509716676373262,linear
S5VF03,307.0,0.2509716676373262,linear
S5VF03,308.0,0.2509716676373262,linear
S5VF03,309.0,0.2509716676373262,linear
S5VF03,310.0,0.2509716676373262,linear
S5VF03,311.0,0.2509716676373262,linear
S5VF03,312.0,0.2509716676373262,linear
S5VF03,313.0,0.2509716676373262,linear
S5VF03,314.0,0.2509716676373262,linear
S5VF03,315.0,0.2509716676373262,linear
S5VF03,316.0,0.2509716676373262,linear
S5VF03,317.0,0.2509716676373262,linear
S5VF03,318.0,0.2509716676373262,linear
S5VF03,319.0,0.2509716676373262,linear
S5VF03,320.0,0.2509716676373262,linear
S5VF03,321.0,0.2509716676373262,linear
S5VF03,322.0,0.2509716676373262,linear
S5VF03,323.0,0.2509716676373262,linear
S5VF03,324.0,0.2509716676373262,linear
S5VF03,325.0,0.2509716676373262,linear
S5VF03,326.0,0.2509716676373262,linear
S5VF03,327.0,0.2509716676373262,linear
S5VF03,328.0,0.2509716676373262,linear
S5VF03,329.0,0.2509716676373262,linear
S5VF03,330.0,0.2509716676373262,linear
S5VF03,331.0,0.2509716676373262,linear
S5VF03,332.0,0.2509716676373262,linear
S5VF03,333.0,0.2509716676373262,linear
S5VF03,334.0,0.2509716676373262,linear
S5VF03,335.0,0.2509716676373262,linear
S5VF03,336.0,0.2509716676373262,linear
S5VF03,337.0,0.2509716676373262,linear
S5VF03,338.0,0.2509716676373262,linear
S5VF03,339.0,0.2509716676373262,linear
S5VF03,340.0,0.2509716676373262,linear
S5VF03,341.0,0.2509716676373262,linear
S5VF03,342.0,0.2509716676373262,linear
S5VF03,343.0,0.2509716676373262,linear
S5VF03,344.0,0.2509716676373262,linear
S5VF03,345.0,0.2509716676373262,linear
S5VF03,346.0,0.2509716676373262,linear
S5VF03,347.0,0.2509716676373262,linear
S5VF03,348.0,0.2509716676373262,linear
S5VF03,349.0,0.2509716676373262,linear
S5VF03,350.0,0.2509716676373262,linear
S5VF03,351.0,0.2509716676373262,linear
S5VF03,352.0,0.2509716676373262,linear
S5VF03,353.0,0.2509716676373262,linear
S5VF03,354.0,0.2509716676373262,linear
S5VF03,355.0,0.2509716676373262,linear
S5VF03,356.0,0.2509716676373262,linear
S5VF03,357.0,0.2509716676373262,linear
S5VF03,358.0,0.2509716676373262,linear
S5VF03,359.0,0.2509716676373262,linear
S5VF03,360.0,0.2509716676373262,linear
S5VF03,361.0,0.2509716676373262,linear
S5VF03,362.0,0.2509716676373262,linear
S5VF03,363.0,0.2509716676373262,linear
S5VF03,364.0,0.2509716676373262,linear
S5VF03,365.0,0.2509716676373263,linear
