document,file,line,kind,numbers,numeric_matches,text
report_v2/thesis/thesis.tex,report_v2/thesis/thesis.tex,17,typographic/notation,.3,"{"".3"": [""main_4/outputs/models/hidden_damage/best_models.csv"", ""main_4/outputs/models/proxy_rul/proxy_rul_summary.json | main_4/outputs/models/proxy_rul/proxy_rul_estimates.csv"", ""main_4/outputs/ultimate_load_refocus/mesh_stratified/mesh_feature_set_comparison.csv"", ""main_4/outputs/ultimate_load_refocus/pooled_all_weeks/grouped_cv/feature_set_comparison.csv"", ""main_4/outputs/ultimate_load_refocus/pooled_all_weeks/leave_one_campaign_out/feature_set_comparison.csv""]}",\pagestyle{fancy}\fancyhf{}\fancyhead[L]{\small\nouppercase{\leftmark}}\fancyfoot[C]{\thepage}\renewcommand{\headrulewidth}{.3pt}
report_v2/thesis/thesis.tex,report_v2/thesis/thesis.tex,30,typographic/notation,16 | 2026,"{""16"": [""main_4/outputs/data/master_table.csv""]}",{\draftversion\quad |\quad 16 September 2026\par}\vspace{8mm}
report_v2/thesis/thesis.tex,report_v2/thesis/chapters/00_abstract.tex,3,scientific prose/table/caption,48 | 791,"{""48"": [""main_4/outputs/data/master_table.csv"", ""main_4/outputs/models/degradation/degradation_best_fits.csv"", ""main_4/outputs/models/proxy_rul/proxy_rul_summary.json | main_4/outputs/models/proxy_rul/proxy_rul_estimates.csv"", ""main_4/outputs/ultimate_load_refocus/data/specimen_summary_table.csv | main_4/outputs/ultimate_load_refocus/correlations/mesh_stratified_corrosion_vs_ultimate_load.csv"", ""main_4/outputs/ultimate_load_refocus/pooled_all_weeks/grouped_cv/experiments/hsv_only/CatBoost/fold_metrics.csv | main_4/outputs/ultimate_load_refocus/pooled_all_weeks/grouped_cv/experiments/hsv_only/CatBoost/terminal_fold_predictions.csv""], ""791"": [""main_4/outputs/data/master_table.csv"", ""main_4/outputs/data/master_table.csv | main_4/outputs/features/image_features.csv""]}","Photographs can reveal visible corrosion without establishing either internal damage or remaining service life. This technical activity examines that distinction in ferrocement using a predecessor dataset of 48 specimens from two experimental campaigns. The current aligned basis contains 791 readable photographic observations, but wire-area loss and ultimate load are each measured only once per specimen, at terminal testing. Campaign identity is aligned with mesh configuration, chloride concentration, and terminal exposure duration."
report_v2/thesis/thesis.tex,report_v2/thesis/chapters/00_abstract.tex,5,scientific prose/table/caption,0.9996,"{""0.9996"": [""main_4/outputs/data/master_table.csv | main_4/outputs/features/image_features.csv""]}","Saved experiments are synthesized by scientific question and independently checked through their tables, predictions, and split manifests. Classical colour features, frozen residual-network embeddings, and interpretable image descriptors support visible-corrosion estimation under specimen-grouped evaluation. Some strong results are label-adjacent: total-rust coverage and a rust-area feature have Spearman correlation 0.9996. This limits their interpretation as independent predictive discovery."
report_v2/thesis/thesis.tex,report_v2/thesis/chapters/00_abstract.tex,7,scientific prose/table/caption,0.173 | 0.046 | 48 | 2,"{""0.173"": [""main_4/outputs/ultimate_load_refocus/pooled_all_weeks/grouped_cv/feature_set_comparison.csv"", ""main_4/outputs/ultimate_load_refocus/pooled_post_onset/grouped_cv/selected_best_model_per_feature_set.csv"", ""main_4/outputs/ultimate_load_refocus/residual_refinement/model_comparison.csv | main_4/outputs/ultimate_load_refocus/residual_refinement/best_model.csv"", ""report_v2/evidence/paired_diagnostics.json"", ""report_v2/tables/paired_specimen_errors.csv""], ""0.046"": [""main_4/outputs/ultimate_load_refocus/mesh_stratified/mesh_feature_set_comparison.csv"", ""main_4/outputs/ultimate_load_refocus/pooled_all_weeks/grouped_cv/feature_set_comparison.csv"", ""main_4/outputs/ultimate_load_refocus/pooled_all_weeks/leave_one_campaign_out/feature_set_comparison.csv"", ""main_4/outputs/ultimate_load_refocus/pooled_post_onset/grouped_cv/selected_best_model_per_feature_set.csv"", ""report_v2/tables/loco_capacity.csv""], ""48"": [""main_4/outputs/data/master_table.csv"", ""main_4/outputs/models/degradation/degradation_best_fits.csv"", ""main_4/outputs/models/proxy_rul/proxy_rul_summary.json | main_4/outputs/models/proxy_rul/proxy_rul_estimates.csv"", ""main_4/outputs/ultimate_load_refocus/data/specimen_summary_table.csv | main_4/outputs/ultimate_load_refocus/correlations/mesh_stratified_corrosion_vs_ultimate_load.csv"", ""main_4/outputs/ultimate_load_refocus/pooled_all_weeks/grouped_cv/experiments/hsv_only/CatBoost/fold_metrics.csv | main_4/outputs/ultimate_load_refocus/pooled_all_weeks/grouped_cv/experiments/hsv_only/CatBoost/terminal_fold_predictions.csv""], ""2"": [""main/reports/current_corrosion_metrics.csv"", ""main_4/outputs/data/master_table.csv"", ""main_4/outputs/diagnostics/tables/benchmark_best_model_robustness.csv | main_3/outputs/corrosion_regression_metrics.csv | main_3/outputs/damage_regression_metrics.csv"", ""main_4/outputs/models/proxy_rul/proxy_rul_estimates.csv"", ""main_4/outputs/ultimate_load_refocus/mesh_stratified/mesh_feature_set_comparison.csv""]}","The focused terminal-load experiment compares image-only, metadata-only, and combined feature families. A metadata-only Ridge model has mean terminal-test MAE of 0.173\,kN, with fold standard deviation 0.046\,kN, across ten folds covering 48 specimens. Adding image descriptors does not establish a reliable pooled improvement. A post-onset sensitivity analysis has a limited gain in MAE for a combined configuration, without uniformly better ranking. Within each mesh family, every selected feature-set model has negative mean test $R^2$. Campaign exclusion is a severe extrapolation stress test, not an ordinary estimate of deployment performance."
report_v2/thesis/thesis.tex,report_v2/thesis/chapters/03_dataset.tex,5,scientific prose/table/caption,791 | 48 | 792 | 15 | 18 | 16 | 0 | 36 | 25,"{""791"": [""main_4/outputs/data/master_table.csv"", ""main_4/outputs/data/master_table.csv | main_4/outputs/features/image_features.csv""], ""48"": [""main_4/outputs/data/master_table.csv"", ""main_4/outputs/models/degradation/degradation_best_fits.csv"", ""main_4/outputs/models/proxy_rul/proxy_rul_summary.json | main_4/outputs/models/proxy_rul/proxy_rul_estimates.csv"", ""main_4/outputs/ultimate_load_refocus/data/specimen_summary_table.csv | main_4/outputs/ultimate_load_refocus/correlations/mesh_stratified_corrosion_vs_ultimate_load.csv"", ""main_4/outputs/ultimate_load_refocus/pooled_all_weeks/grouped_cv/experiments/hsv_only/CatBoost/fold_metrics.csv | main_4/outputs/ultimate_load_refocus/pooled_all_weeks/grouped_cv/experiments/hsv_only/CatBoost/terminal_fold_predictions.csv""], ""792"": [""Data/Images_dataset.zip"", ""main_2/reports/predictions_best_model.csv"", ""main_4/outputs/audit/verified_facts.json"", ""report_v2/evidence/paired_diagnostics.json""], ""15"": [""main_4/outputs/data/master_table.csv"", ""main_4/outputs/models/proxy_rul/proxy_rul_summary.json | main_4/outputs/models/proxy_rul/proxy_rul_estimates.csv"", ""report_v2/tables/interpretable_regime_winners.csv"", ""report_v2/tables/threshold_status.csv"", ""report_v2/tables/threshold_summary.csv""], ""18"": [""main_4/outputs/data/master_table.csv"", ""report_v2/tables/interpretable_regime_winners.csv""], ""16"": [""main_4/outputs/data/master_table.csv""], ""0"": [""Data/splits/train_manifest.csv | Data/splits/val_manifest.csv | Data/splits/test_manifest.csv"", ""main_2/reports/model_comparison.csv"", ""main_4/outputs/data/master_table.csv"", ""main_4/outputs/data/master_table.csv | main_4/outputs/features/image_features.csv"", ""main_4/outputs/models/hidden_damage/best_models.csv""], ""36"": [""main_4/outputs/data/master_table.csv"", ""main_4/outputs/ultimate_load_refocus/mesh_stratified/mesh_feature_set_comparison.csv"", ""main_4/outputs/ultimate_load_refocus/pooled_all_weeks/grouped_cv/feature_set_comparison.csv"", ""main_4/outputs/ultimate_load_refocus/pooled_all_weeks/leave_one_campaign_out/feature_set_comparison.csv"", ""main_4/outputs/ultimate_load_refocus/pooled_post_onset/grouped_cv/selected_best_model_per_feature_set.csv""], ""25"": [""main_4/outputs/data/master_table.csv""]}","The current aligned dataset contains 791 photographic observations from 48 physical specimens. The raw archive contains 792 PNG files; one is unreadable. Independent archive verification reproduced the saved readability audit. Specimens have 15--18 retained observations, with a median of 16, across an overall range of weeks 0--36. These observations span 25 distinct week values, reflecting the combined schedules rather than a common uniformly sampled sequence."
report_v2/thesis/thesis.tex,report_v2/thesis/chapters/03_dataset.tex,9,scientific prose/table/caption,791 | 48,"{""791"": [""main_4/outputs/data/master_table.csv"", ""main_4/outputs/data/master_table.csv | main_4/outputs/features/image_features.csv""], ""48"": [""main_4/outputs/data/master_table.csv"", ""main_4/outputs/models/degradation/degradation_best_fits.csv"", ""main_4/outputs/models/proxy_rul/proxy_rul_summary.json | main_4/outputs/models/proxy_rul/proxy_rul_estimates.csv"", ""main_4/outputs/ultimate_load_refocus/data/specimen_summary_table.csv | main_4/outputs/ultimate_load_refocus/correlations/mesh_stratified_corrosion_vs_ultimate_load.csv"", ""main_4/outputs/ultimate_load_refocus/pooled_all_weeks/grouped_cv/experiments/hsv_only/CatBoost/fold_metrics.csv | main_4/outputs/ultimate_load_refocus/pooled_all_weeks/grouped_cv/experiments/hsv_only/CatBoost/terminal_fold_predictions.csv""]}","\fig{dataset_supervision}{1}{Dataset and supervision structure on the current aligned basis. There are 791 readable photographs across 48 specimens. Visible total-rust and peak-rust labels accompany repeated observations; wire-area loss and ultimate load are each measured once per specimen at terminal testing. Arrows summarize acquisition and label availability, not a causal model. Counts are reproduced from the saved aligned table.}{fig:supervision}"
report_v2/thesis/thesis.tex,report_v2/thesis/chapters/03_dataset.tex,12,scientific prose/table/caption,24,"{""24"": [""main_4/outputs/data/master_table.csv"", ""main_4/outputs/ultimate_load_refocus/data/specimen_summary_table.csv | main_4/outputs/ultimate_load_refocus/correlations/mesh_stratified_corrosion_vs_ultimate_load.csv"", ""main_4/outputs/ultimate_load_refocus/mesh_stratified/mesh_feature_set_comparison.csv"", ""report_v2/tables/campaign_design.csv"", ""report_v2/tables/correlations_recomputed.csv""]}","There are two campaigns with 24 specimens each. Table~\ref{tab:design} records the observed combinations of the main design and exposure variables. Treatment protocols vary within campaigns, so these are two campaign-level combinations of selected factors, not two identical sets of specimens."
report_v2/thesis/thesis.tex,report_v2/thesis/chapters/03_dataset.tex,14,scientific prose/table/caption,48,"{""48"": [""main_4/outputs/data/master_table.csv"", ""main_4/outputs/models/degradation/degradation_best_fits.csv"", ""main_4/outputs/models/proxy_rul/proxy_rul_summary.json | main_4/outputs/models/proxy_rul/proxy_rul_estimates.csv"", ""main_4/outputs/ultimate_load_refocus/data/specimen_summary_table.csv | main_4/outputs/ultimate_load_refocus/correlations/mesh_stratified_corrosion_vs_ultimate_load.csv"", ""main_4/outputs/ultimate_load_refocus/pooled_all_weeks/grouped_cv/experiments/hsv_only/CatBoost/fold_metrics.csv | main_4/outputs/ultimate_load_refocus/pooled_all_weeks/grouped_cv/experiments/hsv_only/CatBoost/terminal_fold_predictions.csv""]}","\caption{Observed campaign-level design combinations for all 48 specimens. Mesh count, chloride concentration, and terminal exposure do not vary independently across campaigns. Exposure days here are derived from the recorded terminal week; they are not a claim about failure time.}\label{tab:design}"
report_v2/thesis/thesis.tex,report_v2/thesis/chapters/03_dataset.tex,17,typographic/notation,1 | 24 | 7 | 3.5 | 28 | 196,"{""1"": [""Data/splits/train_manifest.csv | Data/splits/val_manifest.csv | Data/splits/test_manifest.csv"", ""main/reports/current_corrosion_metrics.csv"", ""main_2/reports/model_comparison.csv"", ""main_4/outputs/data/master_table.csv"", ""main_4/outputs/data/master_table.csv | main_4/outputs/features/image_features.csv""], ""24"": [""main_4/outputs/data/master_table.csv"", ""main_4/outputs/ultimate_load_refocus/data/specimen_summary_table.csv | main_4/outputs/ultimate_load_refocus/correlations/mesh_stratified_corrosion_vs_ultimate_load.csv"", ""main_4/outputs/ultimate_load_refocus/mesh_stratified/mesh_feature_set_comparison.csv"", ""report_v2/tables/campaign_design.csv"", ""report_v2/tables/correlations_recomputed.csv""], ""7"": [""main_4/outputs/data/master_table.csv"", ""main_4/outputs/ultimate_load_refocus/pooled_all_weeks/leave_one_campaign_out/feature_set_comparison.csv"", ""report_v2/tables/campaign_design.csv"", ""report_v2/tables/interpretable_regime_winners.csv"", ""report_v2/tables/loco_capacity.csv""], ""3.5"": [""main_4/outputs/data/master_table.csv"", ""report_v2/tables/campaign_design.csv""], ""28"": [""main_4/outputs/data/master_table.csv"", ""main_4/outputs/ultimate_load_refocus/residual_refinement/model_comparison.csv | main_4/outputs/ultimate_load_refocus/residual_refinement/best_model.csv"", ""report_v2/tables/campaign_design.csv""], ""196"": [""main_4/outputs/data/master_table.csv"", ""report_v2/tables/campaign_design.csv""]}",1 & 24 & 7 & 3.5 & 28 (196)\\
report_v2/thesis/thesis.tex,report_v2/thesis/chapters/03_dataset.tex,18,typographic/notation,2 | 24 | 4 | 5.0 | 36 | 252,"{""2"": [""main/reports/current_corrosion_metrics.csv"", ""main_4/outputs/data/master_table.csv"", ""main_4/outputs/diagnostics/tables/benchmark_best_model_robustness.csv | main_3/outputs/corrosion_regression_metrics.csv | main_3/outputs/damage_regression_metrics.csv"", ""main_4/outputs/models/proxy_rul/proxy_rul_estimates.csv"", ""main_4/outputs/ultimate_load_refocus/mesh_stratified/mesh_feature_set_comparison.csv""], ""24"": [""main_4/outputs/data/master_table.csv"", ""main_4/outputs/ultimate_load_refocus/data/specimen_summary_table.csv | main_4/outputs/ultimate_load_refocus/correlations/mesh_stratified_corrosion_vs_ultimate_load.csv"", ""main_4/outputs/ultimate_load_refocus/mesh_stratified/mesh_feature_set_comparison.csv"", ""report_v2/tables/campaign_design.csv"", ""report_v2/tables/correlations_recomputed.csv""], ""4"": [""Data/splits/train_manifest.csv | Data/splits/val_manifest.csv | Data/splits/test_manifest.csv"", ""main/reports/current_corrosion_metrics.csv"", ""main_4/outputs/data/master_table.csv"", ""main_4/outputs/diagnostics/tables/benchmark_best_model_robustness.csv | main_3/outputs/corrosion_regression_metrics.csv | main_3/outputs/damage_regression_metrics.csv"", ""report_v2/evidence/paired_diagnostics.json""], ""5.0"": [""Data/splits/train_manifest.csv | Data/splits/val_manifest.csv | Data/splits/test_manifest.csv"", ""main_4/outputs/data/master_table.csv"", ""main_4/outputs/models/proxy_rul/proxy_rul_summary.json | main_4/outputs/models/proxy_rul/proxy_rul_estimates.csv"", ""report_v2/evidence/paired_diagnostics.json"", ""report_v2/tables/campaign_design.csv""], ""36"": [""main_4/outputs/data/master_table.csv"", ""main_4/outputs/ultimate_load_refocus/mesh_stratified/mesh_feature_set_comparison.csv"", ""main_4/outputs/ultimate_load_refocus/pooled_all_weeks/grouped_cv/feature_set_comparison.csv"", ""main_4/outputs/ultimate_load_refocus/pooled_all_weeks/leave_one_campaign_out/feature_set_comparison.csv"", ""main_4/outputs/ultimate_load_refocus/pooled_post_onset/grouped_cv/selected_best_model_per_feature_set.csv""], ""252"": [""main_4/outputs/data/master_table.csv"", ""report_v2/tables/campaign_design.csv""]}",2 & 24 & 4 & 5.0 & 36 (252)\\\bottomrule
report_v2/thesis/thesis.tex,report_v2/thesis/chapters/03_dataset.tex,26,scientific prose/table/caption,100,{},\textbf{Wire-area loss} is a terminal cross-sectional measurement reported as a fraction in the current aligned table. The workbook's percentage-like column name is misleading: multiplying the stored fraction by 100 produces percent. Comparisons with an earlier representation that uses percentage units require this conversion. MAE of a fraction and MAE in percentage points must not be placed on the same numerical scale without it.
report_v2/thesis/thesis.tex,report_v2/thesis/chapters/03_dataset.tex,31,scientific prose/table/caption,48,"{""48"": [""main_4/outputs/data/master_table.csv"", ""main_4/outputs/models/degradation/degradation_best_fits.csv"", ""main_4/outputs/models/proxy_rul/proxy_rul_summary.json | main_4/outputs/models/proxy_rul/proxy_rul_estimates.csv"", ""main_4/outputs/ultimate_load_refocus/data/specimen_summary_table.csv | main_4/outputs/ultimate_load_refocus/correlations/mesh_stratified_corrosion_vs_ultimate_load.csv"", ""main_4/outputs/ultimate_load_refocus/pooled_all_weeks/grouped_cv/experiments/hsv_only/CatBoost/fold_metrics.csv | main_4/outputs/ultimate_load_refocus/pooled_all_weeks/grouped_cv/experiments/hsv_only/CatBoost/terminal_fold_predictions.csv""]}","All retained image observations have the visible targets, whereas only 48 rows carry each measured structural endpoint. These structural rows coincide with the terminal observation for each specimen. There is no observed service-life endpoint, longitudinal structural trajectory, or time-to-failure supervision."
report_v2/thesis/thesis.tex,report_v2/thesis/chapters/03_dataset.tex,36,scientific prose/table/caption,792,"{""792"": [""Data/Images_dataset.zip"", ""main_2/reports/predictions_best_model.csv"", ""main_4/outputs/audit/verified_facts.json"", ""report_v2/evidence/paired_diagnostics.json""]}","Earlier modelling generations retained a 792-row basis and used fallback or imputed image features for the unreadable image. The current basis excludes that observation. Historical categorical schemas also differ: an earlier interpretable phase uses five categories, while the current total-rust schema has four. Consequently, historical classification metrics are not transferable to the current branch."
report_v2/thesis/thesis.tex,report_v2/thesis/chapters/03_dataset.tex,38,scientific prose/table/caption,658 | 99 | 20 | 14 | 1 | 4,"{""658"": [""main_4/outputs/data/master_table.csv""], ""99"": [""main_4/outputs/data/master_table.csv""], ""20"": [""main_4/outputs/data/master_table.csv"", ""report_v2/tables/split_checks.csv""], ""14"": [""main_4/outputs/data/master_table.csv""], ""1"": [""Data/splits/train_manifest.csv | Data/splits/val_manifest.csv | Data/splits/test_manifest.csv"", ""main/reports/current_corrosion_metrics.csv"", ""main_2/reports/model_comparison.csv"", ""main_4/outputs/data/master_table.csv"", ""main_4/outputs/data/master_table.csv | main_4/outputs/features/image_features.csv""], ""4"": [""Data/splits/train_manifest.csv | Data/splits/val_manifest.csv | Data/splits/test_manifest.csv"", ""main/reports/current_corrosion_metrics.csv"", ""main_4/outputs/data/master_table.csv"", ""main_4/outputs/diagnostics/tables/benchmark_best_model_robustness.csv | main_3/outputs/corrosion_regression_metrics.csv | main_3/outputs/damage_regression_metrics.csv"", ""report_v2/evidence/paired_diagnostics.json""]}","The current total-rust class counts are 658, 99, 20, and 14 for classes 1--4. This imbalance remains a design consideration even after uniform augmentation: generating the same number of transformed copies per original does not increase the number of independent specimens or equalize class frequencies. Chapter~\ref{ch:status} reports the actual retained split inventory."
report_v2/thesis/thesis.tex,report_v2/thesis/chapters/04_methods.tex,25,scientific prose/table/caption,18,"{""18"": [""main_4/outputs/data/master_table.csv"", ""report_v2/tables/interpretable_regime_winners.csv""]}",The earliest exploratory scripts demonstrate a workflow but supply no held-out benchmark used here. The classical benchmark uses colour statistics and threshold-derived mask descriptors with regression models. The deep representation uses a frozen ResNet-18 encoder and a learned regression head; its two configurations are image-only and image plus metadata. It has no metadata-only baseline.
report_v2/thesis/thesis.tex,report_v2/thesis/chapters/04_methods.tex,32,scientific prose/table/caption,48,"{""48"": [""main_4/outputs/data/master_table.csv"", ""main_4/outputs/models/degradation/degradation_best_fits.csv"", ""main_4/outputs/models/proxy_rul/proxy_rul_summary.json | main_4/outputs/models/proxy_rul/proxy_rul_estimates.csv"", ""main_4/outputs/ultimate_load_refocus/data/specimen_summary_table.csv | main_4/outputs/ultimate_load_refocus/correlations/mesh_stratified_corrosion_vs_ultimate_load.csv"", ""main_4/outputs/ultimate_load_refocus/pooled_all_weeks/grouped_cv/experiments/hsv_only/CatBoost/fold_metrics.csv | main_4/outputs/ultimate_load_refocus/pooled_all_weeks/grouped_cv/experiments/hsv_only/CatBoost/terminal_fold_predictions.csv""]}","The pooled load experiment uses two repetitions of five specimen folds, covering all 48 specimens in each repetition. Each held-out fold contains nine or ten terminal specimens. Training uses all retained image rows belonging to training specimens, while metrics use the terminal observations of test specimens. The resulting image-row objective weights specimens in proportion to the number of retained photographs unless explicitly corrected; the saved primary workflow does not apply such correction."
report_v2/thesis/thesis.tex,report_v2/thesis/chapters/04_methods.tex,36,scientific prose/table/caption,24 | 0.5 | 43,"{""24"": [""main_4/outputs/data/master_table.csv"", ""main_4/outputs/ultimate_load_refocus/data/specimen_summary_table.csv | main_4/outputs/ultimate_load_refocus/correlations/mesh_stratified_corrosion_vs_ultimate_load.csv"", ""main_4/outputs/ultimate_load_refocus/mesh_stratified/mesh_feature_set_comparison.csv"", ""report_v2/tables/campaign_design.csv"", ""report_v2/tables/correlations_recomputed.csv""], ""0.5"": [""main_2/reports/model_comparison.csv"", ""main_4/outputs/diagnostics/tables/benchmark_best_model_robustness.csv | main_3/outputs/corrosion_regression_metrics.csv | main_3/outputs/damage_regression_metrics.csv"", ""main_4/outputs/ultimate_load_refocus/data/specimen_summary_table.csv | main_4/outputs/ultimate_load_refocus/correlations/mesh_stratified_corrosion_vs_ultimate_load.csv"", ""main_4/outputs/ultimate_load_refocus/mesh_stratified/mesh_feature_set_comparison.csv"", ""main_4/outputs/ultimate_load_refocus/pooled_all_weeks/grouped_cv/feature_set_comparison.csv""], ""43"": [""main_4/outputs/models/proxy_rul/proxy_rul_summary.json | main_4/outputs/models/proxy_rul/proxy_rul_estimates.csv"", ""main_4/outputs/ultimate_load_refocus/pooled_post_onset/grouped_cv/selected_best_model_per_feature_set.csv"", ""report_v2/tables/post_onset_capacity.csv"", ""report_v2/tables/threshold_status.csv"", ""report_v2/tables/threshold_summary.csv""]}","Two sensitivity analyses constrain the pooled interpretation. The first repeats the comparison within each mesh family, leaving 24 independent structural specimens per family. The second retains observations at and after a specimen's first recorded total-rust value of at least 0.5\%, leaving 43 specimens with eligible terminal observations. The threshold is a pragmatic sensitivity cutoff. The code retains all later observations once onset occurs; it does not require each later value to remain above the cutoff."
report_v2/thesis/thesis.tex,report_v2/thesis/chapters/04_methods.tex,43,scientific prose/table/caption,1,"{""1"": [""Data/splits/train_manifest.csv | Data/splits/val_manifest.csv | Data/splits/test_manifest.csv"", ""main/reports/current_corrosion_metrics.csv"", ""main_2/reports/model_comparison.csv"", ""main_4/outputs/data/master_table.csv"", ""main_4/outputs/data/master_table.csv | main_4/outputs/features/image_features.csv""]}","\operatorname{MAE}=\frac{1}{n}\sum_j |e_j|,\qquad"
report_v2/thesis/thesis.tex,report_v2/thesis/chapters/04_methods.tex,44,typographic/notation,1 | 2,"{""1"": [""Data/splits/train_manifest.csv | Data/splits/val_manifest.csv | Data/splits/test_manifest.csv"", ""main/reports/current_corrosion_metrics.csv"", ""main_2/reports/model_comparison.csv"", ""main_4/outputs/data/master_table.csv"", ""main_4/outputs/data/master_table.csv | main_4/outputs/features/image_features.csv""], ""2"": [""main/reports/current_corrosion_metrics.csv"", ""main_4/outputs/data/master_table.csv"", ""main_4/outputs/diagnostics/tables/benchmark_best_model_robustness.csv | main_3/outputs/corrosion_regression_metrics.csv | main_3/outputs/damage_regression_metrics.csv"", ""main_4/outputs/models/proxy_rul/proxy_rul_estimates.csv"", ""main_4/outputs/ultimate_load_refocus/mesh_stratified/mesh_feature_set_comparison.csv""]}",\operatorname{RMSE}=\sqrt{\frac{1}{n}\sum_j e_j^2}.
report_v2/thesis/thesis.tex,report_v2/thesis/chapters/04_methods.tex,48,scientific prose/table/caption,2 | 1 | 2 | 2,"{""2"": [""main/reports/current_corrosion_metrics.csv"", ""main_4/outputs/data/master_table.csv"", ""main_4/outputs/diagnostics/tables/benchmark_best_model_robustness.csv | main_3/outputs/corrosion_regression_metrics.csv | main_3/outputs/damage_regression_metrics.csv"", ""main_4/outputs/models/proxy_rul/proxy_rul_estimates.csv"", ""main_4/outputs/ultimate_load_refocus/mesh_stratified/mesh_feature_set_comparison.csv""], ""1"": [""Data/splits/train_manifest.csv | Data/splits/val_manifest.csv | Data/splits/test_manifest.csv"", ""main/reports/current_corrosion_metrics.csv"", ""main_2/reports/model_comparison.csv"", ""main_4/outputs/data/master_table.csv"", ""main_4/outputs/data/master_table.csv | main_4/outputs/features/image_features.csv""]}",R^2=1-\frac{\sum_j e_j^2}{\sum_j(y_j-\bar y_{\rm test})^2}.
report_v2/thesis/thesis.tex,report_v2/thesis/chapters/04_methods.tex,50,scientific prose/table/caption,2 | 2,"{""2"": [""main/reports/current_corrosion_metrics.csv"", ""main_4/outputs/data/master_table.csv"", ""main_4/outputs/diagnostics/tables/benchmark_best_model_robustness.csv | main_3/outputs/corrosion_regression_metrics.csv | main_3/outputs/damage_regression_metrics.csv"", ""main_4/outputs/models/proxy_rul/proxy_rul_estimates.csv"", ""main_4/outputs/ultimate_load_refocus/mesh_stratified/mesh_feature_set_comparison.csv""]}","Negative test $R^2$ means squared error exceeds the test-set-mean reference for that fold. That reference is a score definition, not a fitted deployable baseline. In small, narrow-range subgroups its denominator can be small, making fold $R^2$ unstable. Spearman correlation $\rho$ evaluates rank agreement and supplies complementary information, but is also variable in small folds."
report_v2/thesis/thesis.tex,report_v2/thesis/chapters/05_surface_results.tex,5,scientific prose/table/caption,2,"{""2"": [""main/reports/current_corrosion_metrics.csv"", ""main_4/outputs/data/master_table.csv"", ""main_4/outputs/diagnostics/tables/benchmark_best_model_robustness.csv | main_3/outputs/corrosion_regression_metrics.csv | main_3/outputs/damage_regression_metrics.csv"", ""main_4/outputs/models/proxy_rul/proxy_rul_estimates.csv"", ""main_4/outputs/ultimate_load_refocus/mesh_stratified/mesh_feature_set_comparison.csv""]}","The classical threshold-feature benchmark, frozen image embedding, and interpretable multi-family representation all give positive grouped-test $R^2$ for peak-rust estimation. Table~\ref{tab:surfacehistory} reports selected saved results with their own evaluation contexts. The rows are not an ordered competition: they differ in representation, fitting procedure, and selection."
report_v2/thesis/thesis.tex,report_v2/thesis/chapters/05_surface_results.tex,7,scientific prose/table/caption,792 | 48 | 159 | 159,"{""792"": [""Data/Images_dataset.zip"", ""main_2/reports/predictions_best_model.csv"", ""main_4/outputs/audit/verified_facts.json"", ""report_v2/evidence/paired_diagnostics.json""], ""48"": [""main_4/outputs/data/master_table.csv"", ""main_4/outputs/models/degradation/degradation_best_fits.csv"", ""main_4/outputs/models/proxy_rul/proxy_rul_summary.json | main_4/outputs/models/proxy_rul/proxy_rul_estimates.csv"", ""main_4/outputs/ultimate_load_refocus/data/specimen_summary_table.csv | main_4/outputs/ultimate_load_refocus/correlations/mesh_stratified_corrosion_vs_ultimate_load.csv"", ""main_4/outputs/ultimate_load_refocus/pooled_all_weeks/grouped_cv/experiments/hsv_only/CatBoost/fold_metrics.csv | main_4/outputs/ultimate_load_refocus/pooled_all_weeks/grouped_cv/experiments/hsv_only/CatBoost/terminal_fold_predictions.csv""], ""159"": [""main_2/reports/predictions_best_model.csv"", ""report_v2/evidence/paired_diagnostics.json"", ""report_v2/tables/interpretable_regime_winners.csv""]}","\caption{Historical peak-rust estimation on the 792-row, 48-specimen basis. MAE and RMSE are in percentage points. The classical row is its selected current-corrosion model under grouped holdout; the embedding rows use the same held-out 159 observations from ten specimens; the interpretable row is its grouped-holdout winner on 159 observations. These protocols are not identical, so the table establishes signal across representations rather than a causal ranking of representations.}\label{tab:surfacehistory}"
report_v2/thesis/thesis.tex,report_v2/thesis/chapters/05_surface_results.tex,9,scientific prose/table/caption,2,"{""2"": [""main/reports/current_corrosion_metrics.csv"", ""main_4/outputs/data/master_table.csv"", ""main_4/outputs/diagnostics/tables/benchmark_best_model_robustness.csv | main_3/outputs/corrosion_regression_metrics.csv | main_3/outputs/damage_regression_metrics.csv"", ""main_4/outputs/models/proxy_rul/proxy_rul_estimates.csv"", ""main_4/outputs/ultimate_load_refocus/mesh_stratified/mesh_feature_set_comparison.csv""]}",Representation & Model & MAE & RMSE & $R^2$\\\midrule
report_v2/thesis/thesis.tex,report_v2/thesis/chapters/05_surface_results.tex,10,typographic/notation,2.379 | 4.254 | 0.900,"{""2.379"": [""main/reports/current_corrosion_metrics.csv"", ""report_v2/tables/classical.csv""], ""4.254"": [""main/reports/current_corrosion_metrics.csv"", ""report_v2/tables/classical.csv""], ""0.900"": [""main/reports/current_corrosion_metrics.csv"", ""report_v2/tables/classical.csv""]}",Classical + metadata & RandomForest & 2.379 & 4.254 & 0.900\\
report_v2/thesis/thesis.tex,report_v2/thesis/chapters/05_surface_results.tex,11,typographic/notation,5.626 | 9.264 | 0.524,"{""5.626"": [""main_2/reports/model_comparison.csv"", ""report_v2/tables/embedding.csv""], ""9.264"": [""main_2/reports/model_comparison.csv"", ""report_v2/tables/embedding.csv""], ""0.524"": [""main_2/reports/model_comparison.csv"", ""report_v2/tables/embedding.csv""]}",Frozen embedding & Image-only MLP & 5.626 & 9.264 & 0.524\\
report_v2/thesis/thesis.tex,report_v2/thesis/chapters/05_surface_results.tex,12,typographic/notation,5.748 | 9.865 | 0.460,"{""5.748"": [""main_2/reports/model_comparison.csv"", ""report_v2/tables/embedding.csv""], ""9.865"": [""main_2/reports/model_comparison.csv"", ""report_v2/tables/embedding.csv""], ""0.460"": [""main_2/reports/model_comparison.csv"", ""main_4/outputs/ultimate_load_refocus/mesh_stratified/mesh_feature_set_comparison.csv"", ""report_v2/tables/embedding.csv"", ""report_v2/tables/mesh_capacity.csv""]}",Embedding + metadata & Multimodal MLP & 5.748 & 9.865 & 0.460\\
report_v2/thesis/thesis.tex,report_v2/thesis/chapters/05_surface_results.tex,13,typographic/notation,4.209 | 6.234 | 0.784,"{""4.209"": [""report_v2/tables/interpretable_regime_winners.csv""], ""6.234"": [""report_v2/tables/interpretable_regime_winners.csv""], ""0.784"": [""report_v2/tables/interpretable_regime_winners.csv""]}",Interpretable mixed features & MLP regressor & 4.209 & 6.234 & 0.784\\\bottomrule
report_v2/thesis/thesis.tex,report_v2/thesis/chapters/05_surface_results.tex,21,scientific prose/table/caption,0.9996 | 791 | 0.00023 | 0.00050,"{""0.9996"": [""main_4/outputs/data/master_table.csv | main_4/outputs/features/image_features.csv""], ""791"": [""main_4/outputs/data/master_table.csv"", ""main_4/outputs/data/master_table.csv | main_4/outputs/features/image_features.csv""], ""0.00023"": [""main_4/outputs/data/master_table.csv | main_4/outputs/features/image_features.csv""], ""0.00050"": [""main_4/outputs/data/master_table.csv | main_4/outputs/features/image_features.csv""]}","In the refined feature audit, total surface-rust percentage and the independently named rust-area image feature have Spearman correlation 0.9996 across all 791 aligned observations. Their mean absolute difference is approximately 0.00023 percentage points, with a maximum of approximately 0.00050 percentage points. Figure~\ref{fig:adjacency} shows both the agreement and the small residuals."
report_v2/thesis/thesis.tex,report_v2/thesis/chapters/05_surface_results.tex,23,scientific prose/table/caption,791 | 0.9996,"{""791"": [""main_4/outputs/data/master_table.csv"", ""main_4/outputs/data/master_table.csv | main_4/outputs/features/image_features.csv""], ""0.9996"": [""main_4/outputs/data/master_table.csv | main_4/outputs/features/image_features.csv""]}",\fig{label_adjacency}{1}{Numerical alignment of the total surface-rust label and the rust-area feature on all 791 matched observations. The left panel compares the two percentages with an identity line; the right panel shows feature-minus-label residuals in percentage points. Spearman correlation is 0.9996. This is evidence of near label reconstruction; it does not independently verify that identical code or thresholds created the original label.}{fig:adjacency}
report_v2/thesis/thesis.tex,report_v2/thesis/chapters/05_surface_results.tex,30,scientific prose/table/caption,2 | 0.582 | -0.677 | 0.595 | -0.077 | 792 | 2,"{""2"": [""main/reports/current_corrosion_metrics.csv"", ""main_4/outputs/data/master_table.csv"", ""main_4/outputs/diagnostics/tables/benchmark_best_model_robustness.csv | main_3/outputs/corrosion_regression_metrics.csv | main_3/outputs/damage_regression_metrics.csv"", ""main_4/outputs/models/proxy_rul/proxy_rul_estimates.csv"", ""main_4/outputs/ultimate_load_refocus/mesh_stratified/mesh_feature_set_comparison.csv""], ""0.582"": [""report_v2/tables/interpretable_regime_winners.csv""], ""-0.677"": [""report_v2/tables/interpretable_regime_winners.csv""], ""0.595"": [""report_v2/tables/interpretable_regime_winners.csv""], ""-0.077"": [""report_v2/tables/interpretable_regime_winners.csv"", ""report_v2/tables/paired_specimen_errors.csv""], ""792"": [""Data/Images_dataset.zip"", ""main_2/reports/predictions_best_model.csv"", ""main_4/outputs/audit/verified_facts.json"", ""report_v2/evidence/paired_diagnostics.json""]}","For the earlier interpretable representation, the per-regime selected total-rust model has mean $R^2=0.582$ under campaign exclusion and $-0.677$ under treatment exclusion. Corresponding peak-rust values are $0.595$ and $-0.077$. These are means over two campaign folds and seven treatment folds, respectively, on the 792-row basis. Individual treatment test sets are small and uneven; averaging their $R^2$ values can amplify a poor low-variance fold."
report_v2/thesis/thesis.tex,report_v2/thesis/chapters/05_surface_results.tex,32,scientific prose/table/caption,0.549 | 0.758 | 2 | 0.995 | 0.957 | 0.989 | 0.972 | 791,"{""0.549"": [""main_4/outputs/diagnostics/tables/benchmark_best_model_robustness.csv | main_3/outputs/corrosion_regression_metrics.csv | main_3/outputs/damage_regression_metrics.csv"", ""report_v2/tables/refined_robustness.csv"", ""report_v2/tables/robustness_ratios.csv""], ""0.758"": [""main_4/outputs/diagnostics/tables/benchmark_best_model_robustness.csv | main_3/outputs/corrosion_regression_metrics.csv | main_3/outputs/damage_regression_metrics.csv"", ""main_4/outputs/ultimate_load_refocus/pooled_all_weeks/grouped_cv/feature_set_comparison.csv"", ""report_v2/tables/pooled_capacity.csv"", ""report_v2/tables/refined_robustness.csv"", ""report_v2/tables/robustness_ratios.csv""], ""2"": [""main/reports/current_corrosion_metrics.csv"", ""main_4/outputs/data/master_table.csv"", ""main_4/outputs/diagnostics/tables/benchmark_best_model_robustness.csv | main_3/outputs/corrosion_regression_metrics.csv | main_3/outputs/damage_regression_metrics.csv"", ""main_4/outputs/models/proxy_rul/proxy_rul_estimates.csv"", ""main_4/outputs/ultimate_load_refocus/mesh_stratified/mesh_feature_set_comparison.csv""], ""0.995"": [""main_4/outputs/models/surface/surface_total_rust_pct/leave_one_treatment_out/surface_total_rust_pct_fold_metrics.csv""], ""0.957"": [""main_4/outputs/models/surface/peak_rust_pct/leave_one_treatment_out/peak_rust_pct_fold_metrics.csv""], ""0.989"": [""report_v2/tables/refined_robustness.csv""], ""0.972"": [""report_v2/tables/refined_robustness.csv""], ""791"": [""main_4/outputs/data/master_table.csv"", ""main_4/outputs/data/master_table.csv | main_4/outputs/features/image_features.csv""]}","The refined surface experiment does not reproduce this treatment-level deterioration. Tracking its grouped winners, total-rust GradientBoosting has LOTO/grouped MAE ratio 0.549, while peak-rust RandomForest has ratio 0.758. Their mean treatment-fold $R^2$ values are 0.995 and 0.957 across nine folds. The corresponding LOTO Spearman values in the saved robustness table are 0.989 and 0.972. These results apply to the refined 791-row basis and its more specific treatment grouping."
report_v2/thesis/thesis.tex,report_v2/thesis/chapters/05_surface_results.tex,34,scientific prose/table/caption,2 | 2,"{""2"": [""main/reports/current_corrosion_metrics.csv"", ""main_4/outputs/data/master_table.csv"", ""main_4/outputs/diagnostics/tables/benchmark_best_model_robustness.csv | main_3/outputs/corrosion_regression_metrics.csv | main_3/outputs/damage_regression_metrics.csv"", ""main_4/outputs/models/proxy_rul/proxy_rul_estimates.csv"", ""main_4/outputs/ultimate_load_refocus/mesh_stratified/mesh_feature_set_comparison.csv""]}","Figure~\ref{fig:robustness} places the surface and structural patterns side by side using fixed models. Its ratios should not be confused with the reselected-model $R^2$ values above. For example, a positive campaign-out $R^2$ for the best available peak-rust model does not imply that its original grouped winner keeps the same absolute error."
report_v2/thesis/thesis.tex,report_v2/thesis/chapters/05_surface_results.tex,36,scientific prose/table/caption,48,"{""48"": [""main_4/outputs/data/master_table.csv"", ""main_4/outputs/models/degradation/degradation_best_fits.csv"", ""main_4/outputs/models/proxy_rul/proxy_rul_summary.json | main_4/outputs/models/proxy_rul/proxy_rul_estimates.csv"", ""main_4/outputs/ultimate_load_refocus/data/specimen_summary_table.csv | main_4/outputs/ultimate_load_refocus/correlations/mesh_stratified_corrosion_vs_ultimate_load.csv"", ""main_4/outputs/ultimate_load_refocus/pooled_all_weeks/grouped_cv/experiments/hsv_only/CatBoost/fold_metrics.csv | main_4/outputs/ultimate_load_refocus/pooled_all_weeks/grouped_cv/experiments/hsv_only/CatBoost/terminal_fold_predictions.csv""]}","\fig{robustness_synthesis}{1}{Evaluation-regime sensitivity expressed as MAE divided by each model's own grouped-holdout MAE. Values above one indicate larger error. For the interpretable representation, fixed grouped winners are RandomForest for total rust, wire-area loss, and ultimate load, and MLP for peak rust. For the refined representation they are GradientBoosting for total rust and RandomForest for the other targets; the wire-loss row is the diagnostic winner, not the final robustness-selected CatBoost. Earlier grouping uses one holdout, seven treatment folds, and two campaign folds; refined grouping uses five holdouts, nine treatment folds, and two campaign folds. Structural results have 48 independent terminal specimens. The generations are normalized separately.}{fig:robustness}"
report_v2/thesis/thesis.tex,report_v2/thesis/chapters/06_structural_results.tex,5,scientific prose/table/caption,3.899 | 2 | 0.310 | 0.121 | 2 | 0.385 | 48 | 38,"{""3.899"": [""report_v2/tables/interpretable_regime_winners.csv""], ""2"": [""main/reports/current_corrosion_metrics.csv"", ""main_4/outputs/data/master_table.csv"", ""main_4/outputs/diagnostics/tables/benchmark_best_model_robustness.csv | main_3/outputs/corrosion_regression_metrics.csv | main_3/outputs/damage_regression_metrics.csv"", ""main_4/outputs/models/proxy_rul/proxy_rul_estimates.csv"", ""main_4/outputs/ultimate_load_refocus/mesh_stratified/mesh_feature_set_comparison.csv""], ""0.310"": [""report_v2/tables/interpretable_regime_winners.csv""], ""0.121"": [""main_4/outputs/models/hidden_damage/best_models.csv"", ""main_4/outputs/ultimate_load_refocus/mesh_stratified/mesh_feature_set_comparison.csv"", ""report_v2/tables/interpretable_regime_winners.csv"", ""report_v2/tables/mesh_capacity.csv"", ""report_v2/tables/robust_structural_selection.csv""], ""0.385"": [""report_v2/tables/interpretable_regime_winners.csv""], ""48"": [""main_4/outputs/data/master_table.csv"", ""main_4/outputs/models/degradation/degradation_best_fits.csv"", ""main_4/outputs/models/proxy_rul/proxy_rul_summary.json | main_4/outputs/models/proxy_rul/proxy_rul_estimates.csv"", ""main_4/outputs/ultimate_load_refocus/data/specimen_summary_table.csv | main_4/outputs/ultimate_load_refocus/correlations/mesh_stratified_corrosion_vs_ultimate_load.csv"", ""main_4/outputs/ultimate_load_refocus/pooled_all_weeks/grouped_cv/experiments/hsv_only/CatBoost/fold_metrics.csv | main_4/outputs/ultimate_load_refocus/pooled_all_weeks/grouped_cv/experiments/hsv_only/CatBoost/terminal_fold_predictions.csv""], ""38"": [""Data/splits/train_manifest.csv | Data/splits/val_manifest.csv | Data/splits/test_manifest.csv"", ""main_3/outputs/canonical_dataset.csv"", ""report_v2/evidence/paired_diagnostics.json"", ""report_v2/tables/classification_splits.csv"", ""report_v2/tables/split_checks.csv""]}","In the earlier interpretable phase, grouped-holdout RandomForest gives wire-area-loss MAE 3.899 percentage points and $R^2=0.310$, while ultimate-load MAE is 0.121\,kN and $R^2=0.385$. These scores use ten test specimens from 48, with 38 training specimens. They show some within-mixture predictability, but do not establish stable transfer."
report_v2/thesis/thesis.tex,report_v2/thesis/chapters/06_structural_results.tex,7,scientific prose/table/caption,0.124 | 0.105,"{""0.124"": [""main_4/outputs/models/hidden_damage/best_models.csv"", ""report_v2/tables/paired_specimen_errors.csv"", ""report_v2/tables/refined_robustness.csv"", ""report_v2/tables/robust_structural_selection.csv""], ""0.105"": [""report_v2/tables/refined_robustness.csv""]}","The later robustness-weighted selection chooses metadata-only models for both endpoints (Table~\ref{tab:robustselection}). For wire-area loss the final selection is CatBoost, with grouped MAE 0.124 as a fraction. A separate diagnostic table follows a RandomForest with grouped MAE 0.105. Those rows must not be merged: the lower diagnostic number is not the final CatBoost model's score."
report_v2/thesis/thesis.tex,report_v2/thesis/chapters/06_structural_results.tex,9,scientific prose/table/caption,791 | 48,"{""791"": [""main_4/outputs/data/master_table.csv"", ""main_4/outputs/data/master_table.csv | main_4/outputs/features/image_features.csv""], ""48"": [""main_4/outputs/data/master_table.csv"", ""main_4/outputs/models/degradation/degradation_best_fits.csv"", ""main_4/outputs/models/proxy_rul/proxy_rul_summary.json | main_4/outputs/models/proxy_rul/proxy_rul_estimates.csv"", ""main_4/outputs/ultimate_load_refocus/data/specimen_summary_table.csv | main_4/outputs/ultimate_load_refocus/correlations/mesh_stratified_corrosion_vs_ultimate_load.csv"", ""main_4/outputs/ultimate_load_refocus/pooled_all_weeks/grouped_cv/experiments/hsv_only/CatBoost/fold_metrics.csv | main_4/outputs/ultimate_load_refocus/pooled_all_weeks/grouped_cv/experiments/hsv_only/CatBoost/terminal_fold_predictions.csv""]}","\caption{Final robustness-selected structural configurations on the 791-image basis with 48 terminal specimens. Both use metadata only. Entries are mean MAE across five grouped holdouts, nine treatment folds, or two campaign folds; wire-loss error is a fraction, and load error is in kN. Selection weighs evidence across regimes, so these are not necessarily the smallest isolated grouped errors.}\label{tab:robustselection}"
report_v2/thesis/thesis.tex,report_v2/thesis/chapters/06_structural_results.tex,12,typographic/notation,0.124 | 0.116 | 0.121,"{""0.124"": [""main_4/outputs/models/hidden_damage/best_models.csv"", ""report_v2/tables/paired_specimen_errors.csv"", ""report_v2/tables/refined_robustness.csv"", ""report_v2/tables/robust_structural_selection.csv""], ""0.116"": [""main_4/outputs/models/hidden_damage/best_models.csv"", ""report_v2/tables/robust_structural_selection.csv""], ""0.121"": [""main_4/outputs/models/hidden_damage/best_models.csv"", ""main_4/outputs/ultimate_load_refocus/mesh_stratified/mesh_feature_set_comparison.csv"", ""report_v2/tables/interpretable_regime_winners.csv"", ""report_v2/tables/mesh_capacity.csv"", ""report_v2/tables/robust_structural_selection.csv""]}",Wire-area loss (fraction) & CatBoost & 0.124 & 0.116 & 0.121\\
report_v2/thesis/thesis.tex,report_v2/thesis/chapters/06_structural_results.tex,13,scientific prose/table/caption,0.174 | 0.203 | 0.564,"{""0.174"": [""main_4/outputs/models/hidden_damage/best_models.csv"", ""main_4/outputs/ultimate_load_refocus/mesh_stratified/mesh_feature_set_comparison.csv"", ""report_v2/tables/mesh_capacity.csv"", ""report_v2/tables/refined_robustness.csv"", ""report_v2/tables/robust_structural_selection.csv""], ""0.203"": [""main_4/outputs/models/hidden_damage/best_models.csv"", ""main_4/outputs/ultimate_load_refocus/mesh_stratified/mesh_feature_set_comparison.csv"", ""main_4/outputs/ultimate_load_refocus/pooled_all_weeks/grouped_cv/feature_set_comparison.csv"", ""main_4/outputs/ultimate_load_refocus/pooled_post_onset/grouped_cv/selected_best_model_per_feature_set.csv"", ""report_v2/tables/mesh_capacity.csv""], ""0.564"": [""main_4/outputs/models/hidden_damage/best_models.csv"", ""report_v2/tables/refined_robustness.csv"", ""report_v2/tables/robust_structural_selection.csv""]}",Ultimate load (kN) & RandomForest & 0.174 & 0.203 & 0.564\\\bottomrule
report_v2/thesis/thesis.tex,report_v2/thesis/chapters/06_structural_results.tex,16,scientific prose/table/caption,3.236 | 0.778 | 0.353 | -0.089,"{""3.236"": [""main_4/outputs/diagnostics/tables/benchmark_best_model_robustness.csv | main_3/outputs/corrosion_regression_metrics.csv | main_3/outputs/damage_regression_metrics.csv"", ""report_v2/tables/refined_robustness.csv"", ""report_v2/tables/robustness_ratios.csv""], ""0.778"": [""main/reports/current_corrosion_metrics.csv"", ""main_4/outputs/models/hidden_damage/best_models.csv"", ""report_v2/tables/classical.csv"", ""report_v2/tables/refined_robustness.csv"", ""report_v2/tables/robust_structural_selection.csv""], ""0.353"": [""report_v2/tables/paired_specimen_errors.csv"", ""report_v2/tables/refined_robustness.csv""], ""-0.089"": [""report_v2/tables/refined_robustness.csv""]}","The final load model's campaign-out MAE is 3.236 times its own grouped MAE, and its mean rank correlation falls from 0.778 to 0.353. The diagnostic wire-loss RandomForest has campaign-out Spearman $-0.089$. This combination of modest within-mixture error and poor transfer motivates the focused load study, rather than a direct image-to-life claim."
report_v2/thesis/thesis.tex,report_v2/thesis/chapters/06_structural_results.tex,19,scientific prose/table/caption,48 | 0.173 | 0.046 | 0.214 | 0.758,"{""48"": [""main_4/outputs/data/master_table.csv"", ""main_4/outputs/models/degradation/degradation_best_fits.csv"", ""main_4/outputs/models/proxy_rul/proxy_rul_summary.json | main_4/outputs/models/proxy_rul/proxy_rul_estimates.csv"", ""main_4/outputs/ultimate_load_refocus/data/specimen_summary_table.csv | main_4/outputs/ultimate_load_refocus/correlations/mesh_stratified_corrosion_vs_ultimate_load.csv"", ""main_4/outputs/ultimate_load_refocus/pooled_all_weeks/grouped_cv/experiments/hsv_only/CatBoost/fold_metrics.csv | main_4/outputs/ultimate_load_refocus/pooled_all_weeks/grouped_cv/experiments/hsv_only/CatBoost/terminal_fold_predictions.csv""], ""0.173"": [""main_4/outputs/ultimate_load_refocus/pooled_all_weeks/grouped_cv/feature_set_comparison.csv"", ""main_4/outputs/ultimate_load_refocus/pooled_post_onset/grouped_cv/selected_best_model_per_feature_set.csv"", ""main_4/outputs/ultimate_load_refocus/residual_refinement/model_comparison.csv | main_4/outputs/ultimate_load_refocus/residual_refinement/best_model.csv"", ""report_v2/evidence/paired_diagnostics.json"", ""report_v2/tables/paired_specimen_errors.csv""], ""0.046"": [""main_4/outputs/ultimate_load_refocus/mesh_stratified/mesh_feature_set_comparison.csv"", ""main_4/outputs/ultimate_load_refocus/pooled_all_weeks/grouped_cv/feature_set_comparison.csv"", ""main_4/outputs/ultimate_load_refocus/pooled_all_weeks/leave_one_campaign_out/feature_set_comparison.csv"", ""main_4/outputs/ultimate_load_refocus/pooled_post_onset/grouped_cv/selected_best_model_per_feature_set.csv"", ""report_v2/tables/loco_capacity.csv""], ""0.214"": [""main_4/outputs/ultimate_load_refocus/mesh_stratified/mesh_feature_set_comparison.csv"", ""main_4/outputs/ultimate_load_refocus/pooled_all_weeks/grouped_cv/feature_set_comparison.csv"", ""main_4/outputs/ultimate_load_refocus/residual_refinement/model_comparison.csv | main_4/outputs/ultimate_load_refocus/residual_refinement/best_model.csv"", ""report_v2/tables/mesh_capacity.csv"", ""report_v2/tables/pooled_capacity.csv""], ""0.758"": [""main_4/outputs/diagnostics/tables/benchmark_best_model_robustness.csv | main_3/outputs/corrosion_regression_metrics.csv | main_3/outputs/damage_regression_metrics.csv"", ""main_4/outputs/ultimate_load_refocus/pooled_all_weeks/grouped_cv/feature_set_comparison.csv"", ""report_v2/tables/pooled_capacity.csv"", ""report_v2/tables/refined_robustness.csv"", ""report_v2/tables/robustness_ratios.csv""]}","Table~\ref{tab:ablation} gives all seven selected feature families in the pooled terminal-load experiment. Metrics use terminal held-out observations, with 48 specimens covered in each of two five-fold repetitions. The metadata-only Ridge configuration has mean MAE 0.173\,kN, fold SD 0.046\,kN, mean RMSE 0.214\,kN, and mean Spearman 0.758."
report_v2/thesis/thesis.tex,report_v2/thesis/chapters/06_structural_results.tex,21,scientific prose/table/caption,48 | 2,"{""48"": [""main_4/outputs/data/master_table.csv"", ""main_4/outputs/models/degradation/degradation_best_fits.csv"", ""main_4/outputs/models/proxy_rul/proxy_rul_summary.json | main_4/outputs/models/proxy_rul/proxy_rul_estimates.csv"", ""main_4/outputs/ultimate_load_refocus/data/specimen_summary_table.csv | main_4/outputs/ultimate_load_refocus/correlations/mesh_stratified_corrosion_vs_ultimate_load.csv"", ""main_4/outputs/ultimate_load_refocus/pooled_all_weeks/grouped_cv/experiments/hsv_only/CatBoost/fold_metrics.csv | main_4/outputs/ultimate_load_refocus/pooled_all_weeks/grouped_cv/experiments/hsv_only/CatBoost/terminal_fold_predictions.csv""], ""2"": [""main/reports/current_corrosion_metrics.csv"", ""main_4/outputs/data/master_table.csv"", ""main_4/outputs/diagnostics/tables/benchmark_best_model_robustness.csv | main_3/outputs/corrosion_regression_metrics.csv | main_3/outputs/damage_regression_metrics.csv"", ""main_4/outputs/models/proxy_rul/proxy_rul_estimates.csv"", ""main_4/outputs/ultimate_load_refocus/mesh_stratified/mesh_feature_set_comparison.csv""]}","\caption{Pooled terminal-load comparison for 48 specimens across ten grouped folds. MAE and its sample SD are in kN; $R^2$ and Spearman $\rho$ are arithmetic means of fold metrics. Each feature family shows its selected model, chosen using the same saved folds. The table is an exploratory comparison, not a nested estimate of the model-selection procedure or a significance test.}\label{tab:ablation}"
report_v2/thesis/thesis.tex,report_v2/thesis/chapters/06_structural_results.tex,24,scientific prose/table/caption,0.172711 | 0.173003 | 0.758 | 0.771 | 0.000293,"{""0.172711"": [""main_4/outputs/ultimate_load_refocus/pooled_all_weeks/grouped_cv/feature_set_comparison.csv"", ""report_v2/tables/pooled_capacity.csv""], ""0.173003"": [""main_4/outputs/ultimate_load_refocus/pooled_all_weeks/grouped_cv/feature_set_comparison.csv"", ""report_v2/tables/pooled_capacity.csv""], ""0.758"": [""main_4/outputs/diagnostics/tables/benchmark_best_model_robustness.csv | main_3/outputs/corrosion_regression_metrics.csv | main_3/outputs/damage_regression_metrics.csv"", ""main_4/outputs/ultimate_load_refocus/pooled_all_weeks/grouped_cv/feature_set_comparison.csv"", ""report_v2/tables/pooled_capacity.csv"", ""report_v2/tables/refined_robustness.csv"", ""report_v2/tables/robustness_ratios.csv""], ""0.771"": [""main_4/outputs/ultimate_load_refocus/pooled_all_weeks/grouped_cv/feature_set_comparison.csv"", ""report_v2/tables/pooled_capacity.csv""], ""0.000293"": [""main_4/outputs/ultimate_load_refocus/pooled_all_weeks/grouped_cv/feature_set_comparison.csv (difference)""]}","Adding HSV descriptors to metadata changes mean MAE only from 0.172711 to 0.173003\,kN while increasing mean rank correlation from 0.758 to 0.771. The MAE change is about 0.000293\,kN. It is not evidence of an improvement, and the available comparison does not establish equivalence either. Image-only feature families have larger pooled MAE than the metadata anchor. The combined RGB+HSV configuration with metadata is also higher in MAE than the anchor."
report_v2/thesis/thesis.tex,report_v2/thesis/chapters/06_structural_results.tex,26,scientific prose/table/caption,48,"{""48"": [""main_4/outputs/data/master_table.csv"", ""main_4/outputs/models/degradation/degradation_best_fits.csv"", ""main_4/outputs/models/proxy_rul/proxy_rul_summary.json | main_4/outputs/models/proxy_rul/proxy_rul_estimates.csv"", ""main_4/outputs/ultimate_load_refocus/data/specimen_summary_table.csv | main_4/outputs/ultimate_load_refocus/correlations/mesh_stratified_corrosion_vs_ultimate_load.csv"", ""main_4/outputs/ultimate_load_refocus/pooled_all_weeks/grouped_cv/experiments/hsv_only/CatBoost/fold_metrics.csv | main_4/outputs/ultimate_load_refocus/pooled_all_weeks/grouped_cv/experiments/hsv_only/CatBoost/terminal_fold_predictions.csv""]}","\fig{capacity_ablation}{1}{Pooled terminal-load results for selected feature-family models on 48 independent specimens across ten grouped folds. Points are arithmetic means and horizontal bars are sample standard deviations across folds, not confidence intervals. Terminal test sets contain nine or ten specimens. All training photographs share their specimen's terminal target; scoring is at terminal observations. Models are identified in Table~\ref{tab:ablation}. The figure summarizes the same saved comparison, not an additional experiment.}{fig:ablation}"
report_v2/thesis/thesis.tex,report_v2/thesis/chapters/06_structural_results.tex,31,scientific prose/table/caption,43 | 0.5 | 0.163 | 2 | 0.660 | 0.173 | 2 | 0.633 | 0.791 | 0.803,"{""43"": [""main_4/outputs/models/proxy_rul/proxy_rul_summary.json | main_4/outputs/models/proxy_rul/proxy_rul_estimates.csv"", ""main_4/outputs/ultimate_load_refocus/pooled_post_onset/grouped_cv/selected_best_model_per_feature_set.csv"", ""report_v2/tables/post_onset_capacity.csv"", ""report_v2/tables/threshold_status.csv"", ""report_v2/tables/threshold_summary.csv""], ""0.5"": [""main_2/reports/model_comparison.csv"", ""main_4/outputs/diagnostics/tables/benchmark_best_model_robustness.csv | main_3/outputs/corrosion_regression_metrics.csv | main_3/outputs/damage_regression_metrics.csv"", ""main_4/outputs/ultimate_load_refocus/data/specimen_summary_table.csv | main_4/outputs/ultimate_load_refocus/correlations/mesh_stratified_corrosion_vs_ultimate_load.csv"", ""main_4/outputs/ultimate_load_refocus/mesh_stratified/mesh_feature_set_comparison.csv"", ""main_4/outputs/ultimate_load_refocus/pooled_all_weeks/grouped_cv/feature_set_comparison.csv""], ""0.163"": [""main_4/outputs/ultimate_load_refocus/pooled_post_onset/grouped_cv/selected_best_model_per_feature_set.csv"", ""report_v2/tables/paired_specimen_errors.csv"", ""report_v2/tables/post_onset_capacity.csv""], ""2"": [""main/reports/current_corrosion_metrics.csv"", ""main_4/outputs/data/master_table.csv"", ""main_4/outputs/diagnostics/tables/benchmark_best_model_robustness.csv | main_3/outputs/corrosion_regression_metrics.csv | main_3/outputs/damage_regression_metrics.csv"", ""main_4/outputs/models/proxy_rul/proxy_rul_estimates.csv"", ""main_4/outputs/ultimate_load_refocus/mesh_stratified/mesh_feature_set_comparison.csv""], ""0.660"": [""main_4/outputs/ultimate_load_refocus/pooled_post_onset/grouped_cv/selected_best_model_per_feature_set.csv"", ""report_v2/tables/post_onset_capacity.csv""], ""0.173"": [""main_4/outputs/ultimate_load_refocus/pooled_all_weeks/grouped_cv/feature_set_comparison.csv"", ""main_4/outputs/ultimate_load_refocus/pooled_post_onset/grouped_cv/selected_best_model_per_feature_set.csv"", ""main_4/outputs/ultimate_load_refocus/residual_refinement/model_comparison.csv | main_4/outputs/ultimate_load_refocus/residual_refinement/best_model.csv"", ""report_v2/evidence/paired_diagnostics.json"", ""report_v2/tables/paired_specimen_errors.csv""], ""0.633"": [""main_4/outputs/ultimate_load_refocus/mesh_stratified/mesh_feature_set_comparison.csv"", ""main_4/outputs/ultimate_load_refocus/pooled_post_onset/grouped_cv/selected_best_model_per_feature_set.csv"", ""report_v2/tables/mesh_capacity.csv"", ""report_v2/tables/post_onset_capacity.csv""], ""0.791"": [""main_4/outputs/ultimate_load_refocus/pooled_post_onset/grouped_cv/selected_best_model_per_feature_set.csv"", ""report_v2/tables/post_onset_capacity.csv""], ""0.803"": [""main_4/outputs/ultimate_load_refocus/pooled_post_onset/grouped_cv/selected_best_model_per_feature_set.csv"", ""report_v2/tables/post_onset_capacity.csv""]}","The post-onset sensitivity analysis retains 43 terminal specimens after the first total-rust observation of at least 0.5\%. Its metadata+RGB+HSV CatBoost configuration has mean MAE 0.163\,kN and $R^2=0.660$, compared with metadata-only Ridge MAE 0.173\,kN and $R^2=0.633$. Mean Spearman is 0.791 for the combined model and 0.803 for metadata alone. Thus the observed improvement is limited to some metrics, rather than a uniform increase in predictive quality."
report_v2/thesis/thesis.tex,report_v2/thesis/chapters/06_structural_results.tex,36,scientific prose/table/caption,0.462 | 48 | 24 | -0.046 | -0.401,"{""0.462"": [""main_4/outputs/ultimate_load_refocus/data/specimen_summary_table.csv | main_4/outputs/ultimate_load_refocus/correlations/mesh_stratified_corrosion_vs_ultimate_load.csv"", ""report_v2/tables/correlations_recomputed.csv"", ""report_v2/tables/paired_specimen_errors.csv""], ""48"": [""main_4/outputs/data/master_table.csv"", ""main_4/outputs/models/degradation/degradation_best_fits.csv"", ""main_4/outputs/models/proxy_rul/proxy_rul_summary.json | main_4/outputs/models/proxy_rul/proxy_rul_estimates.csv"", ""main_4/outputs/ultimate_load_refocus/data/specimen_summary_table.csv | main_4/outputs/ultimate_load_refocus/correlations/mesh_stratified_corrosion_vs_ultimate_load.csv"", ""main_4/outputs/ultimate_load_refocus/pooled_all_weeks/grouped_cv/experiments/hsv_only/CatBoost/fold_metrics.csv | main_4/outputs/ultimate_load_refocus/pooled_all_weeks/grouped_cv/experiments/hsv_only/CatBoost/terminal_fold_predictions.csv""], ""24"": [""main_4/outputs/data/master_table.csv"", ""main_4/outputs/ultimate_load_refocus/data/specimen_summary_table.csv | main_4/outputs/ultimate_load_refocus/correlations/mesh_stratified_corrosion_vs_ultimate_load.csv"", ""main_4/outputs/ultimate_load_refocus/mesh_stratified/mesh_feature_set_comparison.csv"", ""report_v2/tables/campaign_design.csv"", ""report_v2/tables/correlations_recomputed.csv""], ""-0.046"": [""main_4/outputs/ultimate_load_refocus/data/specimen_summary_table.csv | main_4/outputs/ultimate_load_refocus/correlations/mesh_stratified_corrosion_vs_ultimate_load.csv"", ""report_v2/tables/correlations_recomputed.csv""], ""-0.401"": [""main_4/outputs/ultimate_load_refocus/data/specimen_summary_table.csv | main_4/outputs/ultimate_load_refocus/correlations/mesh_stratified_corrosion_vs_ultimate_load.csv"", ""report_v2/tables/correlations_recomputed.csv""]}","Figure~\ref{fig:confounding} combines the campaign design with specimen-level terminal associations. Total surface rust and load have pooled Spearman correlation 0.462 for 48 specimens. Within the 24-specimen mesh groups, the corresponding correlations are $-0.046$ for four meshes and $-0.401$ for seven meshes. The first is approximately null; the second is negative. This demonstrates the sensitivity of the pooled association to the group structure without decomposing its causal components."
report_v2/thesis/thesis.tex,report_v2/thesis/chapters/06_structural_results.tex,38,scientific prose/table/caption,48 | 24 | 24,"{""48"": [""main_4/outputs/data/master_table.csv"", ""main_4/outputs/models/degradation/degradation_best_fits.csv"", ""main_4/outputs/models/proxy_rul/proxy_rul_summary.json | main_4/outputs/models/proxy_rul/proxy_rul_estimates.csv"", ""main_4/outputs/ultimate_load_refocus/data/specimen_summary_table.csv | main_4/outputs/ultimate_load_refocus/correlations/mesh_stratified_corrosion_vs_ultimate_load.csv"", ""main_4/outputs/ultimate_load_refocus/pooled_all_weeks/grouped_cv/experiments/hsv_only/CatBoost/fold_metrics.csv | main_4/outputs/ultimate_load_refocus/pooled_all_weeks/grouped_cv/experiments/hsv_only/CatBoost/terminal_fold_predictions.csv""], ""24"": [""main_4/outputs/data/master_table.csv"", ""main_4/outputs/ultimate_load_refocus/data/specimen_summary_table.csv | main_4/outputs/ultimate_load_refocus/correlations/mesh_stratified_corrosion_vs_ultimate_load.csv"", ""main_4/outputs/ultimate_load_refocus/mesh_stratified/mesh_feature_set_comparison.csv"", ""report_v2/tables/campaign_design.csv"", ""report_v2/tables/correlations_recomputed.csv""]}","\fig{confounding}{1}{Campaign design and terminal surface-rust/load associations. The table shows the two observed combinations of mesh, chloride, and terminal exposure. Scatter plots use one terminal observation per specimen: pooled $n=48$, four-mesh $n=24$, seven-mesh $n=24$. Orange points are four-mesh specimens; blue points are seven-mesh specimens. Correlations are independently recomputed from the saved specimen summary. The pooled positive association does not establish an independent effect of rust on load.}{fig:confounding}"
report_v2/thesis/thesis.tex,report_v2/thesis/chapters/06_structural_results.tex,40,scientific prose/table/caption,2 | -3.557 | -0.806 | -4.654 | -0.298 | 0.137 | 0.460 | 2 | -0.386,"{""2"": [""main/reports/current_corrosion_metrics.csv"", ""main_4/outputs/data/master_table.csv"", ""main_4/outputs/diagnostics/tables/benchmark_best_model_robustness.csv | main_3/outputs/corrosion_regression_metrics.csv | main_3/outputs/damage_regression_metrics.csv"", ""main_4/outputs/models/proxy_rul/proxy_rul_estimates.csv"", ""main_4/outputs/ultimate_load_refocus/mesh_stratified/mesh_feature_set_comparison.csv""], ""-3.557"": [""main_4/outputs/ultimate_load_refocus/mesh_stratified/mesh_feature_set_comparison.csv"", ""report_v2/tables/mesh_capacity.csv""], ""-0.806"": [""main_4/outputs/ultimate_load_refocus/mesh_stratified/mesh_feature_set_comparison.csv"", ""report_v2/tables/mesh_capacity.csv""], ""-4.654"": [""main_4/outputs/ultimate_load_refocus/mesh_stratified/mesh_feature_set_comparison.csv"", ""report_v2/tables/mesh_capacity.csv""], ""-0.298"": [""main_4/outputs/ultimate_load_refocus/mesh_stratified/mesh_feature_set_comparison.csv"", ""report_v2/tables/mesh_capacity.csv""], ""0.137"": [""main_4/outputs/ultimate_load_refocus/mesh_stratified/mesh_feature_set_comparison.csv"", ""report_v2/tables/mesh_capacity.csv""], ""0.460"": [""main_2/reports/model_comparison.csv"", ""main_4/outputs/ultimate_load_refocus/mesh_stratified/mesh_feature_set_comparison.csv"", ""report_v2/tables/embedding.csv"", ""report_v2/tables/mesh_capacity.csv""], ""-0.386"": [""main_4/outputs/ultimate_load_refocus/mesh_stratified/mesh_feature_set_comparison.csv"", ""report_v2/tables/mesh_capacity.csv""]}","All selected feature-family configurations have negative mean test $R^2$ within either mesh family. In the four-mesh group, values range from $-3.557$ to $-0.806$; in the seven-mesh group they range from $-4.654$ to $-0.298$. Absolute MAE can still look moderate because the target range is narrower. For example, the selected seven-mesh HSV model has MAE 0.137\,kN and Spearman 0.460, but mean $R^2=-0.386$. Such a result does not justify the claim that every subgroup model contains no ranking information; it does limit a claim of reliably accurate capacity prediction. Full subgroup results are retained in Appendix~\ref{app:reproduction}."
report_v2/thesis/thesis.tex,report_v2/thesis/chapters/06_structural_results.tex,42,scientific prose/table/caption,0.465 | 2 | -4.639,"{""0.465"": [""main_4/outputs/ultimate_load_refocus/pooled_all_weeks/leave_one_campaign_out/feature_set_comparison.csv"", ""report_v2/tables/loco_capacity.csv""], ""2"": [""main/reports/current_corrosion_metrics.csv"", ""main_4/outputs/data/master_table.csv"", ""main_4/outputs/diagnostics/tables/benchmark_best_model_robustness.csv | main_3/outputs/corrosion_regression_metrics.csv | main_3/outputs/damage_regression_metrics.csv"", ""main_4/outputs/models/proxy_rul/proxy_rul_estimates.csv"", ""main_4/outputs/ultimate_load_refocus/mesh_stratified/mesh_feature_set_comparison.csv""], ""-4.639"": [""main_4/outputs/ultimate_load_refocus/pooled_all_weeks/leave_one_campaign_out/feature_set_comparison.csv"", ""report_v2/tables/loco_capacity.csv""]}","Under campaign exclusion, the best metadata-only family uses GradientBoosting, with mean MAE 0.465\,kN and mean $R^2=-4.639$ over the two directions. This differs from the pooled Ridge selection, so dividing these two scores would not be a fixed-model robustness ratio. The result shows poor performance even after choosing the best metadata-only model within this stress-test evaluation."
report_v2/thesis/thesis.tex,report_v2/thesis/chapters/06_structural_results.tex,45,scientific prose/table/caption,0.173 | 0.749,"{""0.173"": [""main_4/outputs/ultimate_load_refocus/pooled_all_weeks/grouped_cv/feature_set_comparison.csv"", ""main_4/outputs/ultimate_load_refocus/pooled_post_onset/grouped_cv/selected_best_model_per_feature_set.csv"", ""main_4/outputs/ultimate_load_refocus/residual_refinement/model_comparison.csv | main_4/outputs/ultimate_load_refocus/residual_refinement/best_model.csv"", ""report_v2/evidence/paired_diagnostics.json"", ""report_v2/tables/paired_specimen_errors.csv""], ""0.749"": [""main_4/outputs/ultimate_load_refocus/residual_refinement/model_comparison.csv | main_4/outputs/ultimate_load_refocus/residual_refinement/best_model.csv""]}","A specimen-summary refinement tests whether corrosion summaries can correct metadata-prediction residuals within mesh families. Its selected pipeline applies no residual correction: stage-one Ridge alone gives mean MAE approximately 0.173\,kN and mean Spearman 0.749. The attempted correction models do not improve that baseline in the saved comparison. This is a separate corroborating analysis within the same dataset, not external validation."
report_v2/thesis/thesis.tex,report_v2/thesis/chapters/07_proxy_status.tex,16,scientific prose/table/caption,48 | 27 | 21,"{""48"": [""main_4/outputs/data/master_table.csv"", ""main_4/outputs/models/degradation/degradation_best_fits.csv"", ""main_4/outputs/models/proxy_rul/proxy_rul_summary.json | main_4/outputs/models/proxy_rul/proxy_rul_estimates.csv"", ""main_4/outputs/ultimate_load_refocus/data/specimen_summary_table.csv | main_4/outputs/ultimate_load_refocus/correlations/mesh_stratified_corrosion_vs_ultimate_load.csv"", ""main_4/outputs/ultimate_load_refocus/pooled_all_weeks/grouped_cv/experiments/hsv_only/CatBoost/fold_metrics.csv | main_4/outputs/ultimate_load_refocus/pooled_all_weeks/grouped_cv/experiments/hsv_only/CatBoost/terminal_fold_predictions.csv""], ""27"": [""main_4/outputs/models/degradation/degradation_best_fits.csv""], ""21"": [""main_4/outputs/models/degradation/degradation_best_fits.csv""]}","The refined curve-selection output contains 48 fits: 27 linear and 21 monotone-isotonic. Smoothness or monotonicity is a modelling constraint, not evidence that the inferred path reproduces the specimen's actual hidden degradation. The structural models were refitted on available structural data before generating these trajectories; the saved degradation inputs are not fully out-of-fold structural predictions."
report_v2/thesis/thesis.tex,report_v2/thesis/chapters/07_proxy_status.tex,18,scientific prose/table/caption,144 | 0.20 | 0.30 | 0.40 | 365 | 45 | 97,"{""0.20"": [""main_4/outputs/models/hidden_damage/best_models.csv"", ""main_4/outputs/models/proxy_rul/proxy_rul_summary.json | main_4/outputs/models/proxy_rul/proxy_rul_estimates.csv"", ""main_4/outputs/ultimate_load_refocus/mesh_stratified/mesh_feature_set_comparison.csv"", ""main_4/outputs/ultimate_load_refocus/pooled_all_weeks/grouped_cv/feature_set_comparison.csv"", ""main_4/outputs/ultimate_load_refocus/pooled_all_weeks/leave_one_campaign_out/feature_set_comparison.csv""], ""0.30"": [""main_4/outputs/models/proxy_rul/proxy_rul_summary.json | main_4/outputs/models/proxy_rul/proxy_rul_estimates.csv"", ""main_4/outputs/ultimate_load_refocus/mesh_stratified/mesh_feature_set_comparison.csv"", ""main_4/outputs/ultimate_load_refocus/pooled_post_onset/grouped_cv/selected_best_model_per_feature_set.csv"", ""report_v2/tables/mesh_capacity.csv"", ""report_v2/tables/paired_specimen_errors.csv""], ""0.40"": [""main_4/outputs/models/proxy_rul/proxy_rul_summary.json | main_4/outputs/models/proxy_rul/proxy_rul_estimates.csv"", ""report_v2/tables/threshold_status.csv"", ""report_v2/tables/threshold_summary.csv""], ""45"": [""main_4/outputs/models/proxy_rul/proxy_rul_estimates.csv"", ""report_v2/tables/split_checks.csv""], ""97"": [""main_4/outputs/models/proxy_rul/proxy_rul_estimates.csv""]}","Table~\ref{tab:thresholds} reports the status of all 144 specimen--threshold combinations for wire-area-loss thresholds 0.20, 0.30, and 0.40 and a 365-day projection horizon. There are zero future crossings at every threshold. Across threshold combinations, 45 are already crossed at baseline, two cross during observation, and 97 do not cross within the horizon. These counts are combinations, not counts of distinct specimens across all thresholds."
report_v2/thesis/thesis.tex,report_v2/thesis/chapters/07_proxy_status.tex,20,scientific prose/table/caption,48 | 365,"{""48"": [""main_4/outputs/data/master_table.csv"", ""main_4/outputs/models/degradation/degradation_best_fits.csv"", ""main_4/outputs/models/proxy_rul/proxy_rul_summary.json | main_4/outputs/models/proxy_rul/proxy_rul_estimates.csv"", ""main_4/outputs/ultimate_load_refocus/data/specimen_summary_table.csv | main_4/outputs/ultimate_load_refocus/correlations/mesh_stratified_corrosion_vs_ultimate_load.csv"", ""main_4/outputs/ultimate_load_refocus/pooled_all_weeks/grouped_cv/experiments/hsv_only/CatBoost/fold_metrics.csv | main_4/outputs/ultimate_load_refocus/pooled_all_weeks/grouped_cv/experiments/hsv_only/CatBoost/terminal_fold_predictions.csv""]}","\caption{Threshold status of model-derived wire-area-loss trajectories for 48 specimens per threshold. Values are counts, not measured failures. Thresholds are fractions expressed here as percentages. ``Not crossed'' means within the configured 365-day projection horizon; the term does not imply a validated survival observation. Future crossing count is zero at all thresholds.}\label{tab:thresholds}"
report_v2/thesis/thesis.tex,report_v2/thesis/chapters/07_proxy_status.tex,23,scientific prose/table/caption,48 | 365,"{""48"": [""main_4/outputs/data/master_table.csv"", ""main_4/outputs/models/degradation/degradation_best_fits.csv"", ""main_4/outputs/models/proxy_rul/proxy_rul_summary.json | main_4/outputs/models/proxy_rul/proxy_rul_estimates.csv"", ""main_4/outputs/ultimate_load_refocus/data/specimen_summary_table.csv | main_4/outputs/ultimate_load_refocus/correlations/mesh_stratified_corrosion_vs_ultimate_load.csv"", ""main_4/outputs/ultimate_load_refocus/pooled_all_weeks/grouped_cv/experiments/hsv_only/CatBoost/fold_metrics.csv | main_4/outputs/ultimate_load_refocus/pooled_all_weeks/grouped_cv/experiments/hsv_only/CatBoost/terminal_fold_predictions.csv""]}","\fig{threshold_status}{1}{Refined threshold-status distribution from estimated wire-area-loss trajectories. Each horizontal bar contains 48 specimens at one exploratory threshold. Crossings already present at baseline and during observation are retained, while no crossing is forecast after the last observation within the 365-day horizon. Grey cases do not cross within that model horizon. These are downstream model statuses, not observed structural failures or calibrated survival outcomes.}{fig:thresholds}"
report_v2/thesis/thesis.tex,report_v2/thesis/chapters/09_limitations.tex,5,scientific prose/table/caption,48,"{""48"": [""main_4/outputs/data/master_table.csv"", ""main_4/outputs/models/degradation/degradation_best_fits.csv"", ""main_4/outputs/models/proxy_rul/proxy_rul_summary.json | main_4/outputs/models/proxy_rul/proxy_rul_estimates.csv"", ""main_4/outputs/ultimate_load_refocus/data/specimen_summary_table.csv | main_4/outputs/ultimate_load_refocus/correlations/mesh_stratified_corrosion_vs_ultimate_load.csv"", ""main_4/outputs/ultimate_load_refocus/pooled_all_weeks/grouped_cv/experiments/hsv_only/CatBoost/fold_metrics.csv | main_4/outputs/ultimate_load_refocus/pooled_all_weeks/grouped_cv/experiments/hsv_only/CatBoost/terminal_fold_predictions.csv""]}","There are only 48 independent specimens and two campaigns. Repeated photographs improve the visual record but do not increase the structural sample size. Mesh, chloride, and terminal duration are aligned with campaign, preventing identification of their separate effects in the pooled data. Treatment variation remains, but small and uneven groups further restrict transfer evaluation."
report_v2/thesis/thesis.tex,report_v2/thesis/chapters/09_limitations.tex,17,scientific prose/table/caption,2,"{""2"": [""main/reports/current_corrosion_metrics.csv"", ""main_4/outputs/data/master_table.csv"", ""main_4/outputs/diagnostics/tables/benchmark_best_model_robustness.csv | main_3/outputs/corrosion_regression_metrics.csv | main_3/outputs/damage_regression_metrics.csv"", ""main_4/outputs/models/proxy_rul/proxy_rul_estimates.csv"", ""main_4/outputs/ultimate_load_refocus/mesh_stratified/mesh_feature_set_comparison.csv""]}","Per-family model selection and reporting use the same evaluation folds. No untouched external confirmation set validates the selected structural pipeline. Fold standard deviations describe variation over dependent splits; they are not sampling confidence intervals. Small within-mesh test sets make $R^2$ and rank correlation unstable, and a mean over folds can hide asymmetric campaign or treatment failures."
report_v2/thesis/thesis.tex,report_v2/thesis/chapters/09_limitations.tex,19,scientific prose/table/caption,2,"{""2"": [""main/reports/current_corrosion_metrics.csv"", ""main_4/outputs/data/master_table.csv"", ""main_4/outputs/diagnostics/tables/benchmark_best_model_robustness.csv | main_3/outputs/corrosion_regression_metrics.csv | main_3/outputs/damage_regression_metrics.csv"", ""main_4/outputs/models/proxy_rul/proxy_rul_estimates.csv"", ""main_4/outputs/ultimate_load_refocus/mesh_stratified/mesh_feature_set_comparison.csv""]}","A negative mean $R^2$ is evidence of poor performance under that score and partitioning, not a theorem that every prediction is useless. Conversely, moderate pooled MAE does not establish calibration, useful ranking within a subgroup, or adequate performance for a structural decision."
report_v2/thesis/thesis.tex,report_v2/thesis/chapters/10_status_conclusions.tex,8,scientific prose/table/caption,48,"{""48"": [""main_4/outputs/data/master_table.csv"", ""main_4/outputs/models/degradation/degradation_best_fits.csv"", ""main_4/outputs/models/proxy_rul/proxy_rul_summary.json | main_4/outputs/models/proxy_rul/proxy_rul_estimates.csv"", ""main_4/outputs/ultimate_load_refocus/data/specimen_summary_table.csv | main_4/outputs/ultimate_load_refocus/correlations/mesh_stratified_corrosion_vs_ultimate_load.csv"", ""main_4/outputs/ultimate_load_refocus/pooled_all_weeks/grouped_cv/experiments/hsv_only/CatBoost/fold_metrics.csv | main_4/outputs/ultimate_load_refocus/pooled_all_weeks/grouped_cv/experiments/hsv_only/CatBoost/terminal_fold_predictions.csv""]}","\caption{Prepared four-class total-rust manifests. Counts come from the actual retained manifests, not the larger global augmentation inventory. All 48 specimens are assigned to disjoint splits; validation and test contain originals only. These are data-preparation counts and imply no classification performance.}\label{tab:classsplits}"
report_v2/thesis/thesis.tex,report_v2/thesis/chapters/10_status_conclusions.tex,11,scientific prose/table/caption,3 | 846 | 38 | 641 | 3 | 205 | 75 | 3 | 996,"{""3"": [""Data/splits/train_manifest.csv | Data/splits/val_manifest.csv | Data/splits/test_manifest.csv"", ""main/reports/current_corrosion_metrics.csv"", ""main_4/outputs/data/master_table.csv"", ""main_4/outputs/diagnostics/tables/benchmark_best_model_robustness.csv | main_3/outputs/corrosion_regression_metrics.csv | main_3/outputs/damage_regression_metrics.csv"", ""main_4/outputs/models/hidden_damage/best_models.csv""], ""38"": [""Data/splits/train_manifest.csv | Data/splits/val_manifest.csv | Data/splits/test_manifest.csv"", ""main_3/outputs/canonical_dataset.csv"", ""report_v2/evidence/paired_diagnostics.json"", ""report_v2/tables/classification_splits.csv"", ""report_v2/tables/split_checks.csv""], ""641"": [""Data/splits/train_manifest.csv | Data/splits/val_manifest.csv | Data/splits/test_manifest.csv"", ""report_v2/tables/classification_splits.csv""], ""75"": [""Data/splits/train_manifest.csv | Data/splits/val_manifest.csv | Data/splits/test_manifest.csv"", ""report_v2/tables/classification_splits.csv""]}","The training set contains 3,846 images from 38 specimens, comprising 641 originals and 3,205 augmented copies. Validation and test each contain 75 original images from five specimens. These numbers differ from the complete offline augmentation inventory because transformed copies from held-out specimens are excluded from training. The final retained manifests contain 3,996 images in total."
report_v2/thesis/thesis.tex,report_v2/thesis/chapters/11_reproducibility.tex,26,scientific prose/table/caption,11 | 11 | 41 | 36 | 88,"{""11"": [""main_4/outputs/ultimate_load_refocus/mesh_stratified/mesh_feature_set_comparison.csv"", ""main_4/outputs/ultimate_load_refocus/pooled_all_weeks/grouped_cv/feature_set_comparison.csv"", ""main_4/outputs/ultimate_load_refocus/pooled_all_weeks/leave_one_campaign_out/feature_set_comparison.csv"", ""main_4/outputs/ultimate_load_refocus/pooled_post_onset/grouped_cv/selected_best_model_per_feature_set.csv"", ""main_4/outputs/ultimate_load_refocus/residual_refinement/model_comparison.csv | main_4/outputs/ultimate_load_refocus/residual_refinement/best_model.csv""], ""41"": [""main_4/outputs/ultimate_load_refocus/mesh_stratified/mesh_feature_set_comparison.csv"", ""main_4/outputs/ultimate_load_refocus/pooled_all_weeks/grouped_cv/feature_set_comparison.csv"", ""main_4/outputs/ultimate_load_refocus/pooled_all_weeks/leave_one_campaign_out/feature_set_comparison.csv"", ""main_4/outputs/ultimate_load_refocus/pooled_post_onset/grouped_cv/selected_best_model_per_feature_set.csv"", ""report_v2/tables/loco_capacity.csv""], ""36"": [""main_4/outputs/data/master_table.csv"", ""main_4/outputs/ultimate_load_refocus/mesh_stratified/mesh_feature_set_comparison.csv"", ""main_4/outputs/ultimate_load_refocus/pooled_all_weeks/grouped_cv/feature_set_comparison.csv"", ""main_4/outputs/ultimate_load_refocus/pooled_all_weeks/leave_one_campaign_out/feature_set_comparison.csv"", ""main_4/outputs/ultimate_load_refocus/pooled_post_onset/grouped_cv/selected_best_model_per_feature_set.csv""], ""88"": [""main_4/outputs/ultimate_load_refocus/mesh_stratified/mesh_feature_set_comparison.csv"", ""main_4/outputs/ultimate_load_refocus/pooled_all_weeks/grouped_cv/feature_set_comparison.csv"", ""main_4/outputs/ultimate_load_refocus/pooled_all_weeks/leave_one_campaign_out/feature_set_comparison.csv"", ""main_4/outputs/ultimate_load_refocus/pooled_post_onset/grouped_cv/selected_best_model_per_feature_set.csv"", ""report_v2/tables/loco_capacity.csv""]}","The focused capacity metadata list contains campaign, series, treatment group, treatment protocol, coarse treatment, coarse treatment label, mesh count, chloride concentration, cover, observation week, and ageing days. These are 11 input columns before encoding, not necessarily 11 dimensions after one-hot encoding. RGB and HSV families contain 41 and 36 input columns, respectively. The combined metadata+RGB+HSV input contains 88 columns before encoding. These counts are taken from the saved feature-family comparison, not inferred from the number of displayed importances."
report_v2/thesis/thesis.tex,report_v2/thesis/chapters/11_reproducibility.tex,30,scientific prose/table/caption,42,"{""42"": [""report_v2/tables/split_checks.csv""]}","Saved configurations specify a random seed of 42 for the focused experiments, two repetitions of five folds, and mesh stratification in the pooled case. The original model families include tree ensembles and Ridge. Some numeric configuration fields are currently corrupted, so this appendix does not silently substitute guessed historical hyperparameter values. The saved results and exact current files are hashed in the verification tables. Historical training duration and complete environment metadata are not consistently available; the report does not invent them."
report_v2/thesis/thesis.tex,report_v2/thesis/chapters/11_reproducibility.tex,34,scientific prose/table/caption,43,"{""43"": [""main_4/outputs/models/proxy_rul/proxy_rul_summary.json | main_4/outputs/models/proxy_rul/proxy_rul_estimates.csv"", ""main_4/outputs/ultimate_load_refocus/pooled_post_onset/grouped_cv/selected_best_model_per_feature_set.csv"", ""report_v2/tables/post_onset_capacity.csv"", ""report_v2/tables/threshold_status.csv"", ""report_v2/tables/threshold_summary.csv""]}",\caption{Selected post-onset configurations for 43 terminal specimens over ten grouped folds. MAE and sample SD are in kN; other columns are mean fold metrics. Input/model selection is exploratory and shares the evaluation folds.}\label{tab:postfull}
report_v2/thesis/thesis.tex,report_v2/thesis/chapters/11_reproducibility.tex,38,scientific prose/table/caption,24 | 2,"{""24"": [""main_4/outputs/data/master_table.csv"", ""main_4/outputs/ultimate_load_refocus/data/specimen_summary_table.csv | main_4/outputs/ultimate_load_refocus/correlations/mesh_stratified_corrosion_vs_ultimate_load.csv"", ""main_4/outputs/ultimate_load_refocus/mesh_stratified/mesh_feature_set_comparison.csv"", ""report_v2/tables/campaign_design.csv"", ""report_v2/tables/correlations_recomputed.csv""], ""2"": [""main/reports/current_corrosion_metrics.csv"", ""main_4/outputs/data/master_table.csv"", ""main_4/outputs/diagnostics/tables/benchmark_best_model_robustness.csv | main_3/outputs/corrosion_regression_metrics.csv | main_3/outputs/damage_regression_metrics.csv"", ""main_4/outputs/models/proxy_rul/proxy_rul_estimates.csv"", ""main_4/outputs/ultimate_load_refocus/mesh_stratified/mesh_feature_set_comparison.csv""]}","\caption{All selected within-mesh feature families, with 24 terminal specimens per mesh group and ten grouped folds per analysis. MAE is in kN. Every row has negative mean test $R^2$; Spearman varies and is not uniformly null. Model choices differ by feature family.}\label{tab:meshfull}"
report_v2/thesis/thesis.tex,report_v2/thesis/chapters/11_reproducibility.tex,44,scientific prose/table/caption,168,"{""168"": [""main_4/configs/specimen_mapping.yaml | main_4/outputs/data/master_table.csv""]}","PyYAML parses the unquoted value \texttt{NO} as boolean false for ten no-treatment specimens. The saved coarse-treatment field contains the string \texttt{False} for 168 rows, while the raw treatment field retains \texttt{NO}. The report uses intended treatment semantics when describing the experiment, without modifying the historical modelling artifacts."
report_v2/article/article.tex,report_v2/article/article.tex,14,scientific prose/table/caption,48 | 791 | 0.173 | 0.046 | 2,"{""48"": [""main_4/outputs/data/master_table.csv"", ""main_4/outputs/models/degradation/degradation_best_fits.csv"", ""main_4/outputs/models/proxy_rul/proxy_rul_summary.json | main_4/outputs/models/proxy_rul/proxy_rul_estimates.csv"", ""main_4/outputs/ultimate_load_refocus/data/specimen_summary_table.csv | main_4/outputs/ultimate_load_refocus/correlations/mesh_stratified_corrosion_vs_ultimate_load.csv"", ""main_4/outputs/ultimate_load_refocus/pooled_all_weeks/grouped_cv/experiments/hsv_only/CatBoost/fold_metrics.csv | main_4/outputs/ultimate_load_refocus/pooled_all_weeks/grouped_cv/experiments/hsv_only/CatBoost/terminal_fold_predictions.csv""], ""791"": [""main_4/outputs/data/master_table.csv"", ""main_4/outputs/data/master_table.csv | main_4/outputs/features/image_features.csv""], ""0.173"": [""main_4/outputs/ultimate_load_refocus/pooled_all_weeks/grouped_cv/feature_set_comparison.csv"", ""main_4/outputs/ultimate_load_refocus/pooled_post_onset/grouped_cv/selected_best_model_per_feature_set.csv"", ""main_4/outputs/ultimate_load_refocus/residual_refinement/model_comparison.csv | main_4/outputs/ultimate_load_refocus/residual_refinement/best_model.csv"", ""report_v2/evidence/paired_diagnostics.json"", ""report_v2/tables/paired_specimen_errors.csv""], ""0.046"": [""main_4/outputs/ultimate_load_refocus/mesh_stratified/mesh_feature_set_comparison.csv"", ""main_4/outputs/ultimate_load_refocus/pooled_all_weeks/grouped_cv/feature_set_comparison.csv"", ""main_4/outputs/ultimate_load_refocus/pooled_all_weeks/leave_one_campaign_out/feature_set_comparison.csv"", ""main_4/outputs/ultimate_load_refocus/pooled_post_onset/grouped_cv/selected_best_model_per_feature_set.csv"", ""report_v2/tables/loco_capacity.csv""], ""2"": [""main/reports/current_corrosion_metrics.csv"", ""main_4/outputs/data/master_table.csv"", ""main_4/outputs/diagnostics/tables/benchmark_best_model_robustness.csv | main_3/outputs/corrosion_regression_metrics.csv | main_3/outputs/damage_regression_metrics.csv"", ""main_4/outputs/models/proxy_rul/proxy_rul_estimates.csv"", ""main_4/outputs/ultimate_load_refocus/mesh_stratified/mesh_feature_set_comparison.csv""]}","An accurate visual corrosion model need not provide a transferable estimate of structural capacity. This study examines that boundary using saved experiments on 48 ferrocement specimens from two campaigns. The aligned photographic record contains 791 observations, while wire-area loss and ultimate load are each measured once per specimen at terminal testing. Campaign identity coincides with mesh configuration, chloride concentration, and terminal exposure. A focused terminal-load comparison uses specimen-disjoint, repeated five-fold evaluation and image-only, metadata-only, and combined feature families. Metadata-only Ridge achieves mean terminal-test MAE of 0.173\,kN with fold standard deviation 0.046\,kN. The tested image descriptors do not establish a reliable pooled improvement. A post-onset subset yields a limited MAE gain for a combined model without uniformly better rank correlation. Every selected feature-family model has negative mean test $R^2$ within each mesh group. Campaign exclusion provides a severe extrapolation stress test rather than a representative estimate of deployment error. The contribution is a bounded empirical account of how supervision, metadata controls, and evaluation regime constrain structural claims from images. Model-derived threshold analysis is not validated remaining-life prediction, and no performance result exists for the separate prepared four-class classifier."
report_v2/article/article.tex,report_v2/article/article.tex,38,scientific prose/table/caption,791 | 48 | 792 | 15 | 18,"{""791"": [""main_4/outputs/data/master_table.csv"", ""main_4/outputs/data/master_table.csv | main_4/outputs/features/image_features.csv""], ""48"": [""main_4/outputs/data/master_table.csv"", ""main_4/outputs/models/degradation/degradation_best_fits.csv"", ""main_4/outputs/models/proxy_rul/proxy_rul_summary.json | main_4/outputs/models/proxy_rul/proxy_rul_estimates.csv"", ""main_4/outputs/ultimate_load_refocus/data/specimen_summary_table.csv | main_4/outputs/ultimate_load_refocus/correlations/mesh_stratified_corrosion_vs_ultimate_load.csv"", ""main_4/outputs/ultimate_load_refocus/pooled_all_weeks/grouped_cv/experiments/hsv_only/CatBoost/fold_metrics.csv | main_4/outputs/ultimate_load_refocus/pooled_all_weeks/grouped_cv/experiments/hsv_only/CatBoost/terminal_fold_predictions.csv""], ""792"": [""Data/Images_dataset.zip"", ""main_2/reports/predictions_best_model.csv"", ""main_4/outputs/audit/verified_facts.json"", ""report_v2/evidence/paired_diagnostics.json""], ""15"": [""main_4/outputs/data/master_table.csv"", ""main_4/outputs/models/proxy_rul/proxy_rul_summary.json | main_4/outputs/models/proxy_rul/proxy_rul_estimates.csv"", ""report_v2/tables/interpretable_regime_winners.csv"", ""report_v2/tables/threshold_status.csv"", ""report_v2/tables/threshold_summary.csv""], ""18"": [""main_4/outputs/data/master_table.csv"", ""report_v2/tables/interpretable_regime_winners.csv""]}","The aligned basis consists of 791 readable photographs from 48 specimens. One of the 792 raw PNG files is unreadable, independently confirmed from the local archive. Each specimen has 15--18 retained photographs. Visible total-rust and peak-rust labels are available repeatedly, but each structural endpoint---wire-area loss and ultimate load---is measured only at the terminal observation."
report_v2/article/article.tex,report_v2/article/article.tex,40,scientific prose/table/caption,24 | 3.5 | 28 | 5.0 | 36,"{""24"": [""main_4/outputs/data/master_table.csv"", ""main_4/outputs/ultimate_load_refocus/data/specimen_summary_table.csv | main_4/outputs/ultimate_load_refocus/correlations/mesh_stratified_corrosion_vs_ultimate_load.csv"", ""main_4/outputs/ultimate_load_refocus/mesh_stratified/mesh_feature_set_comparison.csv"", ""report_v2/tables/campaign_design.csv"", ""report_v2/tables/correlations_recomputed.csv""], ""3.5"": [""main_4/outputs/data/master_table.csv"", ""report_v2/tables/campaign_design.csv""], ""28"": [""main_4/outputs/data/master_table.csv"", ""main_4/outputs/ultimate_load_refocus/residual_refinement/model_comparison.csv | main_4/outputs/ultimate_load_refocus/residual_refinement/best_model.csv"", ""report_v2/tables/campaign_design.csv""], ""5.0"": [""Data/splits/train_manifest.csv | Data/splits/val_manifest.csv | Data/splits/test_manifest.csv"", ""main_4/outputs/data/master_table.csv"", ""main_4/outputs/models/proxy_rul/proxy_rul_summary.json | main_4/outputs/models/proxy_rul/proxy_rul_estimates.csv"", ""report_v2/evidence/paired_diagnostics.json"", ""report_v2/tables/campaign_design.csv""], ""36"": [""main_4/outputs/data/master_table.csv"", ""main_4/outputs/ultimate_load_refocus/mesh_stratified/mesh_feature_set_comparison.csv"", ""main_4/outputs/ultimate_load_refocus/pooled_all_weeks/grouped_cv/feature_set_comparison.csv"", ""main_4/outputs/ultimate_load_refocus/pooled_all_weeks/leave_one_campaign_out/feature_set_comparison.csv"", ""main_4/outputs/ultimate_load_refocus/pooled_post_onset/grouped_cv/selected_best_model_per_feature_set.csv""]}","There are 24 specimens per campaign. One campaign uses seven mesh layers, 3.5\% NaCl, and terminal week 28; the other uses four mesh layers, 5.0\% NaCl, and terminal week 36. Treatment protocols vary within the campaigns. Thus the dataset has two jointly observed campaign-level combinations of the principal design/exposure variables, with no crossed combinations that isolate their separate effects."
report_v2/article/article.tex,report_v2/article/article.tex,57,scientific prose/table/caption,48 | 2,"{""48"": [""main_4/outputs/data/master_table.csv"", ""main_4/outputs/models/degradation/degradation_best_fits.csv"", ""main_4/outputs/models/proxy_rul/proxy_rul_summary.json | main_4/outputs/models/proxy_rul/proxy_rul_estimates.csv"", ""main_4/outputs/ultimate_load_refocus/data/specimen_summary_table.csv | main_4/outputs/ultimate_load_refocus/correlations/mesh_stratified_corrosion_vs_ultimate_load.csv"", ""main_4/outputs/ultimate_load_refocus/pooled_all_weeks/grouped_cv/experiments/hsv_only/CatBoost/fold_metrics.csv | main_4/outputs/ultimate_load_refocus/pooled_all_weeks/grouped_cv/experiments/hsv_only/CatBoost/terminal_fold_predictions.csv""], ""2"": [""main/reports/current_corrosion_metrics.csv"", ""main_4/outputs/data/master_table.csv"", ""main_4/outputs/diagnostics/tables/benchmark_best_model_robustness.csv | main_3/outputs/corrosion_regression_metrics.csv | main_3/outputs/damage_regression_metrics.csv"", ""main_4/outputs/models/proxy_rul/proxy_rul_estimates.csv"", ""main_4/outputs/ultimate_load_refocus/mesh_stratified/mesh_feature_set_comparison.csv""]}","The main analysis uses two repetitions of five specimen folds, stratified by mesh for the pooled experiment. All 48 specimens are tested in each repetition; individual terminal test folds contain nine or ten specimens. Tables report arithmetic mean fold MAE, $R^2$, and Spearman correlation, with sample fold SD where shown. Repeated folds share specimens and training data, so SD is descriptive and is not a confidence interval on deployment error."
report_v2/article/article.tex,report_v2/article/article.tex,59,scientific prose/table/caption,24,"{""24"": [""main_4/outputs/data/master_table.csv"", ""main_4/outputs/ultimate_load_refocus/data/specimen_summary_table.csv | main_4/outputs/ultimate_load_refocus/correlations/mesh_stratified_corrosion_vs_ultimate_load.csv"", ""main_4/outputs/ultimate_load_refocus/mesh_stratified/mesh_feature_set_comparison.csv"", ""report_v2/tables/campaign_design.csv"", ""report_v2/tables/correlations_recomputed.csv""]}","Within-mesh analyses repeat the comparison separately for the 24 specimens in each mesh group. Campaign exclusion trains on one campaign and tests on the other, giving two directions. Because the withheld campaign also changes mesh, chloride, and duration, leave-one-campaign-out (LOCO) is an extrapolation stress test."
report_v2/article/article.tex,report_v2/article/article.tex,61,scientific prose/table/caption,0.5 | 43,"{""0.5"": [""main_2/reports/model_comparison.csv"", ""main_4/outputs/diagnostics/tables/benchmark_best_model_robustness.csv | main_3/outputs/corrosion_regression_metrics.csv | main_3/outputs/damage_regression_metrics.csv"", ""main_4/outputs/ultimate_load_refocus/data/specimen_summary_table.csv | main_4/outputs/ultimate_load_refocus/correlations/mesh_stratified_corrosion_vs_ultimate_load.csv"", ""main_4/outputs/ultimate_load_refocus/mesh_stratified/mesh_feature_set_comparison.csv"", ""main_4/outputs/ultimate_load_refocus/pooled_all_weeks/grouped_cv/feature_set_comparison.csv""], ""43"": [""main_4/outputs/models/proxy_rul/proxy_rul_summary.json | main_4/outputs/models/proxy_rul/proxy_rul_estimates.csv"", ""main_4/outputs/ultimate_load_refocus/pooled_post_onset/grouped_cv/selected_best_model_per_feature_set.csv"", ""report_v2/tables/post_onset_capacity.csv"", ""report_v2/tables/threshold_status.csv"", ""report_v2/tables/threshold_summary.csv""]}","A post-onset sensitivity analysis retains observations at and after the first total-rust label of at least 0.5\%, leaving 43 terminal specimens. This is a pragmatic cutoff rather than a universal visibility threshold; later observations are retained even if their recorded rust falls below it. A separate specimen-summary experiment tests residual correction of metadata predictions using corrosion summaries within mesh groups."
report_v2/article/article.tex,report_v2/article/article.tex,64,scientific prose/table/caption,2,"{""2"": [""main/reports/current_corrosion_metrics.csv"", ""main_4/outputs/data/master_table.csv"", ""main_4/outputs/diagnostics/tables/benchmark_best_model_robustness.csv | main_3/outputs/corrosion_regression_metrics.csv | main_3/outputs/damage_regression_metrics.csv"", ""main_4/outputs/models/proxy_rul/proxy_rul_estimates.csv"", ""main_4/outputs/ultimate_load_refocus/mesh_stratified/mesh_feature_set_comparison.csv""]}","The same saved folds are used to select and report the feature-family winners. This limits confirmatory interpretation, especially for small differences. A per-regime best model also differs from a fixed-model robustness test: ratios across evaluation regimes are meaningful as model deterioration only when the same model is retained. Finally, negative test $R^2$ means error exceeds the test-set-mean reference under that score. In small, narrow-range groups, this score can be highly variable; it does not imply every prediction lacks useful rank information."
report_v2/article/article.tex,report_v2/article/article.tex,70,scientific prose/table/caption,791 | 0.9996 | 0.00023,"{""791"": [""main_4/outputs/data/master_table.csv"", ""main_4/outputs/data/master_table.csv | main_4/outputs/features/image_features.csv""], ""0.9996"": [""main_4/outputs/data/master_table.csv | main_4/outputs/features/image_features.csv""], ""0.00023"": [""main_4/outputs/data/master_table.csv | main_4/outputs/features/image_features.csv""]}","A more specific limit appears in the refined total-rust audit. Across 791 matched observations, the total-rust label and rust-area image feature have Spearman correlation 0.9996 and mean absolute difference approximately 0.00023 percentage points. This is near numerical reconstruction. It supports consistency of the visual measurement pipeline, but is not independent evidence that images recover hidden structural condition. The precise historical label-generation procedure is not established by the correlation alone."
report_v2/article/article.tex,report_v2/article/article.tex,73,scientific prose/table/caption,0.173 | 0.046 | 0.214 | 0.758 | 0.172711 | 0.173003 | 0.758 | 0.771,"{""0.173"": [""main_4/outputs/ultimate_load_refocus/pooled_all_weeks/grouped_cv/feature_set_comparison.csv"", ""main_4/outputs/ultimate_load_refocus/pooled_post_onset/grouped_cv/selected_best_model_per_feature_set.csv"", ""main_4/outputs/ultimate_load_refocus/residual_refinement/model_comparison.csv | main_4/outputs/ultimate_load_refocus/residual_refinement/best_model.csv"", ""report_v2/evidence/paired_diagnostics.json"", ""report_v2/tables/paired_specimen_errors.csv""], ""0.046"": [""main_4/outputs/ultimate_load_refocus/mesh_stratified/mesh_feature_set_comparison.csv"", ""main_4/outputs/ultimate_load_refocus/pooled_all_weeks/grouped_cv/feature_set_comparison.csv"", ""main_4/outputs/ultimate_load_refocus/pooled_all_weeks/leave_one_campaign_out/feature_set_comparison.csv"", ""main_4/outputs/ultimate_load_refocus/pooled_post_onset/grouped_cv/selected_best_model_per_feature_set.csv"", ""report_v2/tables/loco_capacity.csv""], ""0.214"": [""main_4/outputs/ultimate_load_refocus/mesh_stratified/mesh_feature_set_comparison.csv"", ""main_4/outputs/ultimate_load_refocus/pooled_all_weeks/grouped_cv/feature_set_comparison.csv"", ""main_4/outputs/ultimate_load_refocus/residual_refinement/model_comparison.csv | main_4/outputs/ultimate_load_refocus/residual_refinement/best_model.csv"", ""report_v2/tables/mesh_capacity.csv"", ""report_v2/tables/pooled_capacity.csv""], ""0.758"": [""main_4/outputs/diagnostics/tables/benchmark_best_model_robustness.csv | main_3/outputs/corrosion_regression_metrics.csv | main_3/outputs/damage_regression_metrics.csv"", ""main_4/outputs/ultimate_load_refocus/pooled_all_weeks/grouped_cv/feature_set_comparison.csv"", ""report_v2/tables/pooled_capacity.csv"", ""report_v2/tables/refined_robustness.csv"", ""report_v2/tables/robustness_ratios.csv""], ""0.172711"": [""main_4/outputs/ultimate_load_refocus/pooled_all_weeks/grouped_cv/feature_set_comparison.csv"", ""report_v2/tables/pooled_capacity.csv""], ""0.173003"": [""main_4/outputs/ultimate_load_refocus/pooled_all_weeks/grouped_cv/feature_set_comparison.csv"", ""report_v2/tables/pooled_capacity.csv""], ""0.771"": [""main_4/outputs/ultimate_load_refocus/pooled_all_weeks/grouped_cv/feature_set_comparison.csv"", ""report_v2/tables/pooled_capacity.csv""]}","Table~\ref{tab:ablation} reports all seven selected feature families. Metadata-only Ridge gives MAE 0.173\,kN, fold SD 0.046\,kN, RMSE 0.214\,kN, and mean Spearman 0.758. Adding HSV features changes unrounded MAE from 0.172711 to 0.173003\,kN and mean Spearman from 0.758 to 0.771. This is no observed MAE improvement, and the small difference does not establish equivalence."
report_v2/article/article.tex,report_v2/article/article.tex,75,scientific prose/table/caption,48 | 2,"{""48"": [""main_4/outputs/data/master_table.csv"", ""main_4/outputs/models/degradation/degradation_best_fits.csv"", ""main_4/outputs/models/proxy_rul/proxy_rul_summary.json | main_4/outputs/models/proxy_rul/proxy_rul_estimates.csv"", ""main_4/outputs/ultimate_load_refocus/data/specimen_summary_table.csv | main_4/outputs/ultimate_load_refocus/correlations/mesh_stratified_corrosion_vs_ultimate_load.csv"", ""main_4/outputs/ultimate_load_refocus/pooled_all_weeks/grouped_cv/experiments/hsv_only/CatBoost/fold_metrics.csv | main_4/outputs/ultimate_load_refocus/pooled_all_weeks/grouped_cv/experiments/hsv_only/CatBoost/terminal_fold_predictions.csv""], ""2"": [""main/reports/current_corrosion_metrics.csv"", ""main_4/outputs/data/master_table.csv"", ""main_4/outputs/diagnostics/tables/benchmark_best_model_robustness.csv | main_3/outputs/corrosion_regression_metrics.csv | main_3/outputs/damage_regression_metrics.csv"", ""main_4/outputs/models/proxy_rul/proxy_rul_estimates.csv"", ""main_4/outputs/ultimate_load_refocus/mesh_stratified/mesh_feature_set_comparison.csv""]}","\caption{Pooled terminal-load results: 48 specimens, ten grouped folds. MAE and sample fold SD are in kN; $R^2$ and $\rho$ are mean fold metrics. The same folds select and score the displayed configurations.}\label{tab:ablation}"
report_v2/article/article.tex,report_v2/article/article.tex,82,typographic/notation,.94,{},\includegraphics[width=.94\textwidth]{\shared/figures/confounding.pdf}
report_v2/article/article.tex,report_v2/article/article.tex,83,scientific prose/table/caption,48 | 24,"{""48"": [""main_4/outputs/data/master_table.csv"", ""main_4/outputs/models/degradation/degradation_best_fits.csv"", ""main_4/outputs/models/proxy_rul/proxy_rul_summary.json | main_4/outputs/models/proxy_rul/proxy_rul_estimates.csv"", ""main_4/outputs/ultimate_load_refocus/data/specimen_summary_table.csv | main_4/outputs/ultimate_load_refocus/correlations/mesh_stratified_corrosion_vs_ultimate_load.csv"", ""main_4/outputs/ultimate_load_refocus/pooled_all_weeks/grouped_cv/experiments/hsv_only/CatBoost/fold_metrics.csv | main_4/outputs/ultimate_load_refocus/pooled_all_weeks/grouped_cv/experiments/hsv_only/CatBoost/terminal_fold_predictions.csv""], ""24"": [""main_4/outputs/data/master_table.csv"", ""main_4/outputs/ultimate_load_refocus/data/specimen_summary_table.csv | main_4/outputs/ultimate_load_refocus/correlations/mesh_stratified_corrosion_vs_ultimate_load.csv"", ""main_4/outputs/ultimate_load_refocus/mesh_stratified/mesh_feature_set_comparison.csv"", ""report_v2/tables/campaign_design.csv"", ""report_v2/tables/correlations_recomputed.csv""]}","\caption{Observed campaign combinations and terminal total-rust/load associations. Orange denotes four-mesh specimens and blue denotes seven-mesh specimens. The pooled analysis uses one terminal observation for each of 48 specimens; within-mesh panels have 24 each. Correlations are recomputed from saved specimen summaries. The pooled positive association becomes approximately null for four meshes and negative for seven meshes. This demonstrates sensitivity to group structure, not a decomposition of causal effects.}\label{fig:confounding}"
report_v2/article/article.tex,report_v2/article/article.tex,87,scientific prose/table/caption,43 | 0.163 | 2 | 0.660 | 0.173 | 2 | 0.633 | 0.791 | 0.803,"{""43"": [""main_4/outputs/models/proxy_rul/proxy_rul_summary.json | main_4/outputs/models/proxy_rul/proxy_rul_estimates.csv"", ""main_4/outputs/ultimate_load_refocus/pooled_post_onset/grouped_cv/selected_best_model_per_feature_set.csv"", ""report_v2/tables/post_onset_capacity.csv"", ""report_v2/tables/threshold_status.csv"", ""report_v2/tables/threshold_summary.csv""], ""0.163"": [""main_4/outputs/ultimate_load_refocus/pooled_post_onset/grouped_cv/selected_best_model_per_feature_set.csv"", ""report_v2/tables/paired_specimen_errors.csv"", ""report_v2/tables/post_onset_capacity.csv""], ""2"": [""main/reports/current_corrosion_metrics.csv"", ""main_4/outputs/data/master_table.csv"", ""main_4/outputs/diagnostics/tables/benchmark_best_model_robustness.csv | main_3/outputs/corrosion_regression_metrics.csv | main_3/outputs/damage_regression_metrics.csv"", ""main_4/outputs/models/proxy_rul/proxy_rul_estimates.csv"", ""main_4/outputs/ultimate_load_refocus/mesh_stratified/mesh_feature_set_comparison.csv""], ""0.660"": [""main_4/outputs/ultimate_load_refocus/pooled_post_onset/grouped_cv/selected_best_model_per_feature_set.csv"", ""report_v2/tables/post_onset_capacity.csv""], ""0.173"": [""main_4/outputs/ultimate_load_refocus/pooled_all_weeks/grouped_cv/feature_set_comparison.csv"", ""main_4/outputs/ultimate_load_refocus/pooled_post_onset/grouped_cv/selected_best_model_per_feature_set.csv"", ""main_4/outputs/ultimate_load_refocus/residual_refinement/model_comparison.csv | main_4/outputs/ultimate_load_refocus/residual_refinement/best_model.csv"", ""report_v2/evidence/paired_diagnostics.json"", ""report_v2/tables/paired_specimen_errors.csv""], ""0.633"": [""main_4/outputs/ultimate_load_refocus/mesh_stratified/mesh_feature_set_comparison.csv"", ""main_4/outputs/ultimate_load_refocus/pooled_post_onset/grouped_cv/selected_best_model_per_feature_set.csv"", ""report_v2/tables/mesh_capacity.csv"", ""report_v2/tables/post_onset_capacity.csv""], ""0.791"": [""main_4/outputs/ultimate_load_refocus/pooled_post_onset/grouped_cv/selected_best_model_per_feature_set.csv"", ""report_v2/tables/post_onset_capacity.csv""], ""0.803"": [""main_4/outputs/ultimate_load_refocus/pooled_post_onset/grouped_cv/selected_best_model_per_feature_set.csv"", ""report_v2/tables/post_onset_capacity.csv""]}","In the 43-specimen post-onset subset, metadata+RGB+HSV CatBoost has MAE 0.163\,kN and mean $R^2=0.660$, versus metadata-only Ridge MAE 0.173\,kN and $R^2=0.633$. The corresponding Spearman values are 0.791 and 0.803. The combined configuration improves some metrics while metadata retains slightly higher rank correlation. This is a limited sensitivity result with a changed sample and selected model, not a demonstrated general benefit or an overturning of the pooled finding."
report_v2/article/article.tex,report_v2/article/article.tex,90,scientific prose/table/caption,0.462 | -0.046 | -0.401,"{""0.462"": [""main_4/outputs/ultimate_load_refocus/data/specimen_summary_table.csv | main_4/outputs/ultimate_load_refocus/correlations/mesh_stratified_corrosion_vs_ultimate_load.csv"", ""report_v2/tables/correlations_recomputed.csv"", ""report_v2/tables/paired_specimen_errors.csv""], ""-0.046"": [""main_4/outputs/ultimate_load_refocus/data/specimen_summary_table.csv | main_4/outputs/ultimate_load_refocus/correlations/mesh_stratified_corrosion_vs_ultimate_load.csv"", ""report_v2/tables/correlations_recomputed.csv""], ""-0.401"": [""main_4/outputs/ultimate_load_refocus/data/specimen_summary_table.csv | main_4/outputs/ultimate_load_refocus/correlations/mesh_stratified_corrosion_vs_ultimate_load.csv"", ""report_v2/tables/correlations_recomputed.csv""]}","Figure~\ref{fig:confounding} shows pooled Spearman 0.462 between terminal total rust and load, compared with $-0.046$ within the four-mesh family and $-0.401$ within the seven-mesh family. The change is compatible with strong influence of the between-group structure. It does not identify the separate physical contribution of mesh, corrosion, chloride, or duration."
report_v2/article/article.tex,report_v2/article/article.tex,92,scientific prose/table/caption,2 | -3.557 | -0.806 | -4.654 | -0.298 | 0.137 | 0.460 | 2 | -0.386,"{""2"": [""main/reports/current_corrosion_metrics.csv"", ""main_4/outputs/data/master_table.csv"", ""main_4/outputs/diagnostics/tables/benchmark_best_model_robustness.csv | main_3/outputs/corrosion_regression_metrics.csv | main_3/outputs/damage_regression_metrics.csv"", ""main_4/outputs/models/proxy_rul/proxy_rul_estimates.csv"", ""main_4/outputs/ultimate_load_refocus/mesh_stratified/mesh_feature_set_comparison.csv""], ""-3.557"": [""main_4/outputs/ultimate_load_refocus/mesh_stratified/mesh_feature_set_comparison.csv"", ""report_v2/tables/mesh_capacity.csv""], ""-0.806"": [""main_4/outputs/ultimate_load_refocus/mesh_stratified/mesh_feature_set_comparison.csv"", ""report_v2/tables/mesh_capacity.csv""], ""-4.654"": [""main_4/outputs/ultimate_load_refocus/mesh_stratified/mesh_feature_set_comparison.csv"", ""report_v2/tables/mesh_capacity.csv""], ""-0.298"": [""main_4/outputs/ultimate_load_refocus/mesh_stratified/mesh_feature_set_comparison.csv"", ""report_v2/tables/mesh_capacity.csv""], ""0.137"": [""main_4/outputs/ultimate_load_refocus/mesh_stratified/mesh_feature_set_comparison.csv"", ""report_v2/tables/mesh_capacity.csv""], ""0.460"": [""main_2/reports/model_comparison.csv"", ""main_4/outputs/ultimate_load_refocus/mesh_stratified/mesh_feature_set_comparison.csv"", ""report_v2/tables/embedding.csv"", ""report_v2/tables/mesh_capacity.csv""], ""-0.386"": [""main_4/outputs/ultimate_load_refocus/mesh_stratified/mesh_feature_set_comparison.csv"", ""report_v2/tables/mesh_capacity.csv""]}","Every selected feature-family model has negative mean test $R^2$ within either mesh group. Values range from $-3.557$ to $-0.806$ for four meshes and from $-4.654$ to $-0.298$ for seven meshes. Some absolute errors and rank correlations remain moderate: the selected seven-mesh HSV model gives MAE 0.137\,kN and Spearman 0.460, with mean $R^2=-0.386$. Thus the finding is weak and unstable capacity prediction under restricted design variation, not universally absent rank information."
report_v2/article/article.tex,report_v2/article/article.tex,94,scientific prose/table/caption,0.465 | 2 | -4.639 | 0.174 | 0.564 | 3.236,"{""0.465"": [""main_4/outputs/ultimate_load_refocus/pooled_all_weeks/leave_one_campaign_out/feature_set_comparison.csv"", ""report_v2/tables/loco_capacity.csv""], ""2"": [""main/reports/current_corrosion_metrics.csv"", ""main_4/outputs/data/master_table.csv"", ""main_4/outputs/diagnostics/tables/benchmark_best_model_robustness.csv | main_3/outputs/corrosion_regression_metrics.csv | main_3/outputs/damage_regression_metrics.csv"", ""main_4/outputs/models/proxy_rul/proxy_rul_estimates.csv"", ""main_4/outputs/ultimate_load_refocus/mesh_stratified/mesh_feature_set_comparison.csv""], ""-4.639"": [""main_4/outputs/ultimate_load_refocus/pooled_all_weeks/leave_one_campaign_out/feature_set_comparison.csv"", ""report_v2/tables/loco_capacity.csv""], ""0.174"": [""main_4/outputs/models/hidden_damage/best_models.csv"", ""main_4/outputs/ultimate_load_refocus/mesh_stratified/mesh_feature_set_comparison.csv"", ""report_v2/tables/mesh_capacity.csv"", ""report_v2/tables/refined_robustness.csv"", ""report_v2/tables/robust_structural_selection.csv""], ""0.564"": [""main_4/outputs/models/hidden_damage/best_models.csv"", ""report_v2/tables/refined_robustness.csv"", ""report_v2/tables/robust_structural_selection.csv""], ""3.236"": [""main_4/outputs/diagnostics/tables/benchmark_best_model_robustness.csv | main_3/outputs/corrosion_regression_metrics.csv | main_3/outputs/damage_regression_metrics.csv"", ""report_v2/tables/refined_robustness.csv"", ""report_v2/tables/robustness_ratios.csv""]}","Under campaign exclusion, the selected metadata-only model is GradientBoosting, with mean MAE 0.465\,kN and $R^2=-4.639$ over two directions. Because this model differs from pooled Ridge, a quotient of those two MAEs would not describe deterioration of one fixed model. A separate refined structural experiment does provide that fixed-model comparison: metadata-only RandomForest load MAE increases from 0.174 to 0.564\,kN under campaign exclusion, or 3.236 times its own grouped error. Both diagnostics constrain transfer claims, while answering different selection questions."
report_v2/article/article.tex,report_v2/article/article.tex,97,scientific prose/table/caption,0.173 | 0.749,"{""0.173"": [""main_4/outputs/ultimate_load_refocus/pooled_all_weeks/grouped_cv/feature_set_comparison.csv"", ""main_4/outputs/ultimate_load_refocus/pooled_post_onset/grouped_cv/selected_best_model_per_feature_set.csv"", ""main_4/outputs/ultimate_load_refocus/residual_refinement/model_comparison.csv | main_4/outputs/ultimate_load_refocus/residual_refinement/best_model.csv"", ""report_v2/evidence/paired_diagnostics.json"", ""report_v2/tables/paired_specimen_errors.csv""], ""0.749"": [""main_4/outputs/ultimate_load_refocus/residual_refinement/model_comparison.csv | main_4/outputs/ultimate_load_refocus/residual_refinement/best_model.csv""]}","The specimen-summary residual-refinement experiment selects no second-stage correction; its metadata-only Ridge baseline remains selected with MAE approximately 0.173\,kN and Spearman 0.749. This adds a negative result on the tested correction, not an independent external validation."
report_v2/article/article.tex,report_v2/article/article.tex,99,scientific prose/table/caption,48 | 144 | 97,"{""48"": [""main_4/outputs/data/master_table.csv"", ""main_4/outputs/models/degradation/degradation_best_fits.csv"", ""main_4/outputs/models/proxy_rul/proxy_rul_summary.json | main_4/outputs/models/proxy_rul/proxy_rul_estimates.csv"", ""main_4/outputs/ultimate_load_refocus/data/specimen_summary_table.csv | main_4/outputs/ultimate_load_refocus/correlations/mesh_stratified_corrosion_vs_ultimate_load.csv"", ""main_4/outputs/ultimate_load_refocus/pooled_all_weeks/grouped_cv/experiments/hsv_only/CatBoost/fold_metrics.csv | main_4/outputs/ultimate_load_refocus/pooled_all_weeks/grouped_cv/experiments/hsv_only/CatBoost/terminal_fold_predictions.csv""], ""97"": [""main_4/outputs/models/proxy_rul/proxy_rul_estimates.csv""]}","The downstream wire-loss threshold pipeline is diagnostic. Its refined outputs cover 48 specimens at three thresholds, producing 144 specimen--threshold combinations. Forty-five combinations are already crossed at baseline, two cross during observation, and 97 do not cross within the configured horizon; none crosses in the future after observation. The inputs are model-derived structural paths and lack longitudinal validation. These outputs do not validate remaining useful life. The separate four-class branch remains prepared and untrained."
report_v2/article/article.tex,report_v2/article/article.tex,110,scientific prose/table/caption,48,"{""48"": [""main_4/outputs/data/master_table.csv"", ""main_4/outputs/models/degradation/degradation_best_fits.csv"", ""main_4/outputs/models/proxy_rul/proxy_rul_summary.json | main_4/outputs/models/proxy_rul/proxy_rul_estimates.csv"", ""main_4/outputs/ultimate_load_refocus/data/specimen_summary_table.csv | main_4/outputs/ultimate_load_refocus/correlations/mesh_stratified_corrosion_vs_ultimate_load.csv"", ""main_4/outputs/ultimate_load_refocus/pooled_all_weeks/grouped_cv/experiments/hsv_only/CatBoost/fold_metrics.csv | main_4/outputs/ultimate_load_refocus/pooled_all_weeks/grouped_cv/experiments/hsv_only/CatBoost/terminal_fold_predictions.csv""]}","The independent structural sample size is 48, despite the dense photographic record. Campaign exclusion uses only two campaign-level combinations and is not a representative sample of future deployments. Within-mesh test sets are small and have restricted response variation. The image descriptors are only some of the possible representations, and the literature review is focused rather than exhaustive."
report_v2/article/article.tex,report_v2/article/article.tex,122,scientific prose/table/caption,16 | 2026,"{""16"": [""main_4/outputs/data/master_table.csv""]}","This manuscript is \draftversion\ of a report rebuild dated 16 September 2026. Primary results come from saved terminal-load predictions and feature-family summaries. The companion thesis appendix and the report's verification log provide exact paths, source hashes, figure provenance, and commands. No original experimental data, frozen report text, or historical trained models are overwritten by the rebuild."
report_v2/thesis/v2/thesis.tex,report_v2/thesis/v2/thesis.tex,31,typographic/notation,.3,"{"".3"": [""main_4/outputs/models/hidden_damage/best_models.csv"", ""main_4/outputs/models/proxy_rul/proxy_rul_summary.json | main_4/outputs/models/proxy_rul/proxy_rul_estimates.csv"", ""main_4/outputs/ultimate_load_refocus/mesh_stratified/mesh_feature_set_comparison.csv"", ""main_4/outputs/ultimate_load_refocus/pooled_all_weeks/grouped_cv/feature_set_comparison.csv"", ""main_4/outputs/ultimate_load_refocus/pooled_all_weeks/leave_one_campaign_out/feature_set_comparison.csv""]}",\pagestyle{fancy}\fancyhf{}\fancyhead[L]{\small\nouppercase{\leftmark}}\fancyfoot[C]{\thepage}\renewcommand{\headrulewidth}{.3pt}
report_v2/thesis/v2/thesis.tex,report_v2/thesis/v2/thesis.tex,44,typographic/notation,16 | 2026,"{""16"": [""main_4/outputs/data/master_table.csv""]}",{\draftversion\quad |\quad 16 September 2026\par}\vspace{8mm}
report_v2/thesis/v2/thesis.tex,report_v2/thesis/v2/chapters/00_abstract.tex,3,scientific prose/table/caption,48 | 791,"{""48"": [""main_4/outputs/data/master_table.csv"", ""main_4/outputs/models/degradation/degradation_best_fits.csv"", ""main_4/outputs/models/proxy_rul/proxy_rul_summary.json | main_4/outputs/models/proxy_rul/proxy_rul_estimates.csv"", ""main_4/outputs/ultimate_load_refocus/data/specimen_summary_table.csv | main_4/outputs/ultimate_load_refocus/correlations/mesh_stratified_corrosion_vs_ultimate_load.csv"", ""main_4/outputs/ultimate_load_refocus/pooled_all_weeks/grouped_cv/experiments/hsv_only/CatBoost/fold_metrics.csv | main_4/outputs/ultimate_load_refocus/pooled_all_weeks/grouped_cv/experiments/hsv_only/CatBoost/terminal_fold_predictions.csv""], ""791"": [""main_4/outputs/data/master_table.csv"", ""main_4/outputs/data/master_table.csv | main_4/outputs/features/image_features.csv""]}","Photographs can reveal visible corrosion without establishing either internal damage or remaining service life. This technical activity examines that distinction in ferrocement using a predecessor dataset of 48 specimens from two experimental campaigns. The current aligned basis contains 791 readable photographic observations, but wire-area loss and ultimate load are each measured only once per specimen, at terminal testing. Campaign identity is aligned with mesh configuration, chloride concentration, and terminal exposure duration."
report_v2/thesis/v2/thesis.tex,report_v2/thesis/v2/chapters/00_abstract.tex,5,scientific prose/table/caption,0.9996,"{""0.9996"": [""main_4/outputs/data/master_table.csv | main_4/outputs/features/image_features.csv""]}","Saved experiments are synthesized by scientific question and independently checked through their tables, predictions, and split manifests. Classical colour features, frozen residual-network embeddings, and interpretable image descriptors support visible-corrosion estimation under specimen-grouped evaluation. Some strong results are label-adjacent: total-rust coverage and a rust-area feature have Spearman correlation 0.9996. This limits their interpretation as independent predictive discovery."
report_v2/thesis/v2/thesis.tex,report_v2/thesis/v2/chapters/00_abstract.tex,7,scientific prose/table/caption,0.173 | 0.046 | 48 | 2,"{""0.173"": [""main_4/outputs/ultimate_load_refocus/pooled_all_weeks/grouped_cv/feature_set_comparison.csv"", ""main_4/outputs/ultimate_load_refocus/pooled_post_onset/grouped_cv/selected_best_model_per_feature_set.csv"", ""main_4/outputs/ultimate_load_refocus/residual_refinement/model_comparison.csv | main_4/outputs/ultimate_load_refocus/residual_refinement/best_model.csv"", ""report_v2/evidence/paired_diagnostics.json"", ""report_v2/tables/paired_specimen_errors.csv""], ""0.046"": [""main_4/outputs/ultimate_load_refocus/mesh_stratified/mesh_feature_set_comparison.csv"", ""main_4/outputs/ultimate_load_refocus/pooled_all_weeks/grouped_cv/feature_set_comparison.csv"", ""main_4/outputs/ultimate_load_refocus/pooled_all_weeks/leave_one_campaign_out/feature_set_comparison.csv"", ""main_4/outputs/ultimate_load_refocus/pooled_post_onset/grouped_cv/selected_best_model_per_feature_set.csv"", ""report_v2/tables/loco_capacity.csv""], ""48"": [""main_4/outputs/data/master_table.csv"", ""main_4/outputs/models/degradation/degradation_best_fits.csv"", ""main_4/outputs/models/proxy_rul/proxy_rul_summary.json | main_4/outputs/models/proxy_rul/proxy_rul_estimates.csv"", ""main_4/outputs/ultimate_load_refocus/data/specimen_summary_table.csv | main_4/outputs/ultimate_load_refocus/correlations/mesh_stratified_corrosion_vs_ultimate_load.csv"", ""main_4/outputs/ultimate_load_refocus/pooled_all_weeks/grouped_cv/experiments/hsv_only/CatBoost/fold_metrics.csv | main_4/outputs/ultimate_load_refocus/pooled_all_weeks/grouped_cv/experiments/hsv_only/CatBoost/terminal_fold_predictions.csv""], ""2"": [""main/reports/current_corrosion_metrics.csv"", ""main_4/outputs/data/master_table.csv"", ""main_4/outputs/diagnostics/tables/benchmark_best_model_robustness.csv | main_3/outputs/corrosion_regression_metrics.csv | main_3/outputs/damage_regression_metrics.csv"", ""main_4/outputs/models/proxy_rul/proxy_rul_estimates.csv"", ""main_4/outputs/ultimate_load_refocus/mesh_stratified/mesh_feature_set_comparison.csv""]}","The focused terminal-load experiment compares image-only, metadata-only, and combined feature families. Scoring uses held-out terminal photographs, not a fixed early observation horizon. A metadata-only Ridge model has mean terminal-test MAE of 0.173\,kN, with fold standard deviation 0.046\,kN, across ten folds covering 48 specimens. Adding image descriptors does not establish a reliable pooled improvement. A post-onset sensitivity analysis has a limited gain in MAE for a combined configuration, without uniformly better ranking. Within each mesh family, every selected feature-set model has negative mean test $R^2$. Campaign exclusion is a severe extrapolation stress test, not an ordinary estimate of deployment performance."
report_v2/thesis/v2/thesis.tex,report_v2/thesis/v2/chapters/03_dataset.tex,5,scientific prose/table/caption,791 | 48 | 792 | 15 | 18 | 16 | 0 | 36 | 25,"{""791"": [""main_4/outputs/data/master_table.csv"", ""main_4/outputs/data/master_table.csv | main_4/outputs/features/image_features.csv""], ""48"": [""main_4/outputs/data/master_table.csv"", ""main_4/outputs/models/degradation/degradation_best_fits.csv"", ""main_4/outputs/models/proxy_rul/proxy_rul_summary.json | main_4/outputs/models/proxy_rul/proxy_rul_estimates.csv"", ""main_4/outputs/ultimate_load_refocus/data/specimen_summary_table.csv | main_4/outputs/ultimate_load_refocus/correlations/mesh_stratified_corrosion_vs_ultimate_load.csv"", ""main_4/outputs/ultimate_load_refocus/pooled_all_weeks/grouped_cv/experiments/hsv_only/CatBoost/fold_metrics.csv | main_4/outputs/ultimate_load_refocus/pooled_all_weeks/grouped_cv/experiments/hsv_only/CatBoost/terminal_fold_predictions.csv""], ""792"": [""Data/Images_dataset.zip"", ""main_2/reports/predictions_best_model.csv"", ""main_4/outputs/audit/verified_facts.json"", ""report_v2/evidence/paired_diagnostics.json""], ""15"": [""main_4/outputs/data/master_table.csv"", ""main_4/outputs/models/proxy_rul/proxy_rul_summary.json | main_4/outputs/models/proxy_rul/proxy_rul_estimates.csv"", ""report_v2/tables/interpretable_regime_winners.csv"", ""report_v2/tables/threshold_status.csv"", ""report_v2/tables/threshold_summary.csv""], ""18"": [""main_4/outputs/data/master_table.csv"", ""report_v2/tables/interpretable_regime_winners.csv""], ""16"": [""main_4/outputs/data/master_table.csv""], ""0"": [""Data/splits/train_manifest.csv | Data/splits/val_manifest.csv | Data/splits/test_manifest.csv"", ""main_2/reports/model_comparison.csv"", ""main_4/outputs/data/master_table.csv"", ""main_4/outputs/data/master_table.csv | main_4/outputs/features/image_features.csv"", ""main_4/outputs/models/hidden_damage/best_models.csv""], ""36"": [""main_4/outputs/data/master_table.csv"", ""main_4/outputs/ultimate_load_refocus/mesh_stratified/mesh_feature_set_comparison.csv"", ""main_4/outputs/ultimate_load_refocus/pooled_all_weeks/grouped_cv/feature_set_comparison.csv"", ""main_4/outputs/ultimate_load_refocus/pooled_all_weeks/leave_one_campaign_out/feature_set_comparison.csv"", ""main_4/outputs/ultimate_load_refocus/pooled_post_onset/grouped_cv/selected_best_model_per_feature_set.csv""], ""25"": [""main_4/outputs/data/master_table.csv""]}","The current aligned dataset contains 791 photographic observations from 48 physical specimens. The raw archive contains 792 PNG files; one is unreadable. Independent archive verification reproduced the saved readability audit. Specimens have 15--18 retained observations, with a median of 16, across an overall range of weeks 0--36. These observations span 25 distinct week values, reflecting the combined schedules rather than a common uniformly sampled sequence."
report_v2/thesis/v2/thesis.tex,report_v2/thesis/v2/chapters/03_dataset.tex,9,scientific prose/table/caption,791 | 48,"{""791"": [""main_4/outputs/data/master_table.csv"", ""main_4/outputs/data/master_table.csv | main_4/outputs/features/image_features.csv""], ""48"": [""main_4/outputs/data/master_table.csv"", ""main_4/outputs/models/degradation/degradation_best_fits.csv"", ""main_4/outputs/models/proxy_rul/proxy_rul_summary.json | main_4/outputs/models/proxy_rul/proxy_rul_estimates.csv"", ""main_4/outputs/ultimate_load_refocus/data/specimen_summary_table.csv | main_4/outputs/ultimate_load_refocus/correlations/mesh_stratified_corrosion_vs_ultimate_load.csv"", ""main_4/outputs/ultimate_load_refocus/pooled_all_weeks/grouped_cv/experiments/hsv_only/CatBoost/fold_metrics.csv | main_4/outputs/ultimate_load_refocus/pooled_all_weeks/grouped_cv/experiments/hsv_only/CatBoost/terminal_fold_predictions.csv""]}","\fig{dataset_supervision}{.88}{Dataset and supervision structure on the current aligned basis. There are 791 readable photographs across 48 specimens. Visible total-rust and peak-rust labels accompany repeated observations; wire-area loss and ultimate load are each measured once per specimen at terminal testing. Arrows summarize acquisition and label availability, not a causal model. Counts are reproduced from the saved aligned table.}{fig:supervision}"
report_v2/thesis/v2/thesis.tex,report_v2/thesis/v2/chapters/03_dataset.tex,12,scientific prose/table/caption,24,"{""24"": [""main_4/outputs/data/master_table.csv"", ""main_4/outputs/ultimate_load_refocus/data/specimen_summary_table.csv | main_4/outputs/ultimate_load_refocus/correlations/mesh_stratified_corrosion_vs_ultimate_load.csv"", ""main_4/outputs/ultimate_load_refocus/mesh_stratified/mesh_feature_set_comparison.csv"", ""report_v2/tables/campaign_design.csv"", ""report_v2/tables/correlations_recomputed.csv""]}","There are two campaigns with 24 specimens each. Table~\ref{tab:design} records the observed combinations of the main design and exposure variables. Treatment protocols vary within campaigns, so these are two campaign-level combinations of selected factors, not two identical sets of specimens."
report_v2/thesis/v2/thesis.tex,report_v2/thesis/v2/chapters/03_dataset.tex,14,scientific prose/table/caption,48,"{""48"": [""main_4/outputs/data/master_table.csv"", ""main_4/outputs/models/degradation/degradation_best_fits.csv"", ""main_4/outputs/models/proxy_rul/proxy_rul_summary.json | main_4/outputs/models/proxy_rul/proxy_rul_estimates.csv"", ""main_4/outputs/ultimate_load_refocus/data/specimen_summary_table.csv | main_4/outputs/ultimate_load_refocus/correlations/mesh_stratified_corrosion_vs_ultimate_load.csv"", ""main_4/outputs/ultimate_load_refocus/pooled_all_weeks/grouped_cv/experiments/hsv_only/CatBoost/fold_metrics.csv | main_4/outputs/ultimate_load_refocus/pooled_all_weeks/grouped_cv/experiments/hsv_only/CatBoost/terminal_fold_predictions.csv""]}","\caption[Observed campaign design combinations]{Observed campaign-level design combinations for all 48 specimens. Mesh count, chloride concentration, and terminal exposure do not vary independently across campaigns. Exposure days here are derived from the recorded terminal week; they are not a claim about failure time.}\label{tab:design}"
report_v2/thesis/v2/thesis.tex,report_v2/thesis/v2/chapters/03_dataset.tex,17,typographic/notation,1 | 24 | 7 | 3.5 | 28 | 196,"{""1"": [""Data/splits/train_manifest.csv | Data/splits/val_manifest.csv | Data/splits/test_manifest.csv"", ""main/reports/current_corrosion_metrics.csv"", ""main_2/reports/model_comparison.csv"", ""main_4/outputs/data/master_table.csv"", ""main_4/outputs/data/master_table.csv | main_4/outputs/features/image_features.csv""], ""24"": [""main_4/outputs/data/master_table.csv"", ""main_4/outputs/ultimate_load_refocus/data/specimen_summary_table.csv | main_4/outputs/ultimate_load_refocus/correlations/mesh_stratified_corrosion_vs_ultimate_load.csv"", ""main_4/outputs/ultimate_load_refocus/mesh_stratified/mesh_feature_set_comparison.csv"", ""report_v2/tables/campaign_design.csv"", ""report_v2/tables/correlations_recomputed.csv""], ""7"": [""main_4/outputs/data/master_table.csv"", ""main_4/outputs/ultimate_load_refocus/pooled_all_weeks/leave_one_campaign_out/feature_set_comparison.csv"", ""report_v2/tables/campaign_design.csv"", ""report_v2/tables/interpretable_regime_winners.csv"", ""report_v2/tables/loco_capacity.csv""], ""3.5"": [""main_4/outputs/data/master_table.csv"", ""report_v2/tables/campaign_design.csv""], ""28"": [""main_4/outputs/data/master_table.csv"", ""main_4/outputs/ultimate_load_refocus/residual_refinement/model_comparison.csv | main_4/outputs/ultimate_load_refocus/residual_refinement/best_model.csv"", ""report_v2/tables/campaign_design.csv""], ""196"": [""main_4/outputs/data/master_table.csv"", ""report_v2/tables/campaign_design.csv""]}",1 & 24 & 7 & 3.5 & 28 (196)\\
report_v2/thesis/v2/thesis.tex,report_v2/thesis/v2/chapters/03_dataset.tex,18,typographic/notation,2 | 24 | 4 | 5.0 | 36 | 252,"{""2"": [""main/reports/current_corrosion_metrics.csv"", ""main_4/outputs/data/master_table.csv"", ""main_4/outputs/diagnostics/tables/benchmark_best_model_robustness.csv | main_3/outputs/corrosion_regression_metrics.csv | main_3/outputs/damage_regression_metrics.csv"", ""main_4/outputs/models/proxy_rul/proxy_rul_estimates.csv"", ""main_4/outputs/ultimate_load_refocus/mesh_stratified/mesh_feature_set_comparison.csv""], ""24"": [""main_4/outputs/data/master_table.csv"", ""main_4/outputs/ultimate_load_refocus/data/specimen_summary_table.csv | main_4/outputs/ultimate_load_refocus/correlations/mesh_stratified_corrosion_vs_ultimate_load.csv"", ""main_4/outputs/ultimate_load_refocus/mesh_stratified/mesh_feature_set_comparison.csv"", ""report_v2/tables/campaign_design.csv"", ""report_v2/tables/correlations_recomputed.csv""], ""4"": [""Data/splits/train_manifest.csv | Data/splits/val_manifest.csv | Data/splits/test_manifest.csv"", ""main/reports/current_corrosion_metrics.csv"", ""main_4/outputs/data/master_table.csv"", ""main_4/outputs/diagnostics/tables/benchmark_best_model_robustness.csv | main_3/outputs/corrosion_regression_metrics.csv | main_3/outputs/damage_regression_metrics.csv"", ""report_v2/evidence/paired_diagnostics.json""], ""5.0"": [""Data/splits/train_manifest.csv | Data/splits/val_manifest.csv | Data/splits/test_manifest.csv"", ""main_4/outputs/data/master_table.csv"", ""main_4/outputs/models/proxy_rul/proxy_rul_summary.json | main_4/outputs/models/proxy_rul/proxy_rul_estimates.csv"", ""report_v2/evidence/paired_diagnostics.json"", ""report_v2/tables/campaign_design.csv""], ""36"": [""main_4/outputs/data/master_table.csv"", ""main_4/outputs/ultimate_load_refocus/mesh_stratified/mesh_feature_set_comparison.csv"", ""main_4/outputs/ultimate_load_refocus/pooled_all_weeks/grouped_cv/feature_set_comparison.csv"", ""main_4/outputs/ultimate_load_refocus/pooled_all_weeks/leave_one_campaign_out/feature_set_comparison.csv"", ""main_4/outputs/ultimate_load_refocus/pooled_post_onset/grouped_cv/selected_best_model_per_feature_set.csv""], ""252"": [""main_4/outputs/data/master_table.csv"", ""report_v2/tables/campaign_design.csv""]}",2 & 24 & 4 & 5.0 & 36 (252)\\\bottomrule
report_v2/thesis/v2/thesis.tex,report_v2/thesis/v2/chapters/03_dataset.tex,26,scientific prose/table/caption,100,{},\textbf{Wire-area loss} is a terminal cross-sectional measurement reported as a fraction in the current aligned table. The workbook's percentage-like column name is misleading: multiplying the stored fraction by 100 produces percent. Comparisons with an earlier representation that uses percentage units require this conversion. MAE of a fraction and MAE in percentage points must not be placed on the same numerical scale without it.
report_v2/thesis/v2/thesis.tex,report_v2/thesis/v2/chapters/03_dataset.tex,31,scientific prose/table/caption,48,"{""48"": [""main_4/outputs/data/master_table.csv"", ""main_4/outputs/models/degradation/degradation_best_fits.csv"", ""main_4/outputs/models/proxy_rul/proxy_rul_summary.json | main_4/outputs/models/proxy_rul/proxy_rul_estimates.csv"", ""main_4/outputs/ultimate_load_refocus/data/specimen_summary_table.csv | main_4/outputs/ultimate_load_refocus/correlations/mesh_stratified_corrosion_vs_ultimate_load.csv"", ""main_4/outputs/ultimate_load_refocus/pooled_all_weeks/grouped_cv/experiments/hsv_only/CatBoost/fold_metrics.csv | main_4/outputs/ultimate_load_refocus/pooled_all_weeks/grouped_cv/experiments/hsv_only/CatBoost/terminal_fold_predictions.csv""]}","All retained image observations have the visible targets, whereas only 48 rows carry each measured structural endpoint. These structural rows coincide with the terminal observation for each specimen. There is no observed service-life endpoint, longitudinal structural trajectory, or time-to-failure supervision."
report_v2/thesis/v2/thesis.tex,report_v2/thesis/v2/chapters/03_dataset.tex,36,scientific prose/table/caption,792,"{""792"": [""Data/Images_dataset.zip"", ""main_2/reports/predictions_best_model.csv"", ""main_4/outputs/audit/verified_facts.json"", ""report_v2/evidence/paired_diagnostics.json""]}","Earlier modelling generations retained a 792-row basis and used fallback or imputed image features for the unreadable image. The current basis excludes that observation. Historical categorical schemas also differ: an earlier interpretable phase uses five categories, while the current total-rust schema has four. Consequently, historical classification metrics are not transferable to the current branch."
report_v2/thesis/v2/thesis.tex,report_v2/thesis/v2/chapters/03_dataset.tex,38,scientific prose/table/caption,658 | 99 | 20 | 14 | 1 | 4,"{""658"": [""main_4/outputs/data/master_table.csv""], ""99"": [""main_4/outputs/data/master_table.csv""], ""20"": [""main_4/outputs/data/master_table.csv"", ""report_v2/tables/split_checks.csv""], ""14"": [""main_4/outputs/data/master_table.csv""], ""1"": [""Data/splits/train_manifest.csv | Data/splits/val_manifest.csv | Data/splits/test_manifest.csv"", ""main/reports/current_corrosion_metrics.csv"", ""main_2/reports/model_comparison.csv"", ""main_4/outputs/data/master_table.csv"", ""main_4/outputs/data/master_table.csv | main_4/outputs/features/image_features.csv""], ""4"": [""Data/splits/train_manifest.csv | Data/splits/val_manifest.csv | Data/splits/test_manifest.csv"", ""main/reports/current_corrosion_metrics.csv"", ""main_4/outputs/data/master_table.csv"", ""main_4/outputs/diagnostics/tables/benchmark_best_model_robustness.csv | main_3/outputs/corrosion_regression_metrics.csv | main_3/outputs/damage_regression_metrics.csv"", ""report_v2/evidence/paired_diagnostics.json""]}","The current total-rust class counts are 658, 99, 20, and 14 for classes 1--4. This imbalance remains a design consideration even after uniform augmentation: generating the same number of transformed copies per original does not increase the number of independent specimens or equalize class frequencies. Chapter~\ref{ch:status} reports the actual retained split inventory."
report_v2/thesis/v2/thesis.tex,report_v2/thesis/v2/chapters/04_methods.tex,38,scientific prose/table/caption,18,"{""18"": [""main_4/outputs/data/master_table.csv"", ""report_v2/tables/interpretable_regime_winners.csv""]}",The earliest exploratory scripts demonstrate a workflow but supply no held-out benchmark used here. The classical benchmark uses colour statistics and threshold-derived mask descriptors with regression models. The deep representation uses a frozen ResNet-18 encoder and a learned regression head; its two configurations are image-only and image plus metadata. It has no metadata-only baseline.
report_v2/thesis/v2/thesis.tex,report_v2/thesis/v2/chapters/04_methods.tex,45,scientific prose/table/caption,48,"{""48"": [""main_4/outputs/data/master_table.csv"", ""main_4/outputs/models/degradation/degradation_best_fits.csv"", ""main_4/outputs/models/proxy_rul/proxy_rul_summary.json | main_4/outputs/models/proxy_rul/proxy_rul_estimates.csv"", ""main_4/outputs/ultimate_load_refocus/data/specimen_summary_table.csv | main_4/outputs/ultimate_load_refocus/correlations/mesh_stratified_corrosion_vs_ultimate_load.csv"", ""main_4/outputs/ultimate_load_refocus/pooled_all_weeks/grouped_cv/experiments/hsv_only/CatBoost/fold_metrics.csv | main_4/outputs/ultimate_load_refocus/pooled_all_weeks/grouped_cv/experiments/hsv_only/CatBoost/terminal_fold_predictions.csv""]}","The pooled load experiment uses two repetitions of five specimen folds, covering all 48 specimens in each repetition. Each held-out fold contains nine or ten terminal specimens. Training uses all retained image rows belonging to training specimens, while metrics use the terminal observations of test specimens. The resulting image-row objective weights specimens in proportion to the number of retained photographs unless explicitly corrected; the saved primary workflow does not apply such correction."
report_v2/thesis/v2/thesis.tex,report_v2/thesis/v2/chapters/04_methods.tex,49,scientific prose/table/caption,24 | 0.5 | 43,"{""24"": [""main_4/outputs/data/master_table.csv"", ""main_4/outputs/ultimate_load_refocus/data/specimen_summary_table.csv | main_4/outputs/ultimate_load_refocus/correlations/mesh_stratified_corrosion_vs_ultimate_load.csv"", ""main_4/outputs/ultimate_load_refocus/mesh_stratified/mesh_feature_set_comparison.csv"", ""report_v2/tables/campaign_design.csv"", ""report_v2/tables/correlations_recomputed.csv""], ""0.5"": [""main_2/reports/model_comparison.csv"", ""main_4/outputs/diagnostics/tables/benchmark_best_model_robustness.csv | main_3/outputs/corrosion_regression_metrics.csv | main_3/outputs/damage_regression_metrics.csv"", ""main_4/outputs/ultimate_load_refocus/data/specimen_summary_table.csv | main_4/outputs/ultimate_load_refocus/correlations/mesh_stratified_corrosion_vs_ultimate_load.csv"", ""main_4/outputs/ultimate_load_refocus/mesh_stratified/mesh_feature_set_comparison.csv"", ""main_4/outputs/ultimate_load_refocus/pooled_all_weeks/grouped_cv/feature_set_comparison.csv""], ""43"": [""main_4/outputs/models/proxy_rul/proxy_rul_summary.json | main_4/outputs/models/proxy_rul/proxy_rul_estimates.csv"", ""main_4/outputs/ultimate_load_refocus/pooled_post_onset/grouped_cv/selected_best_model_per_feature_set.csv"", ""report_v2/tables/post_onset_capacity.csv"", ""report_v2/tables/threshold_status.csv"", ""report_v2/tables/threshold_summary.csv""]}","Two sensitivity analyses constrain the pooled interpretation. The first repeats the comparison within each mesh family, leaving 24 independent structural specimens per family and only four or five terminal test specimens per fold. The second retains observations at and after a specimen's first recorded total-rust value of at least 0.5\%, leaving 43 specimens with eligible terminal observations and eight or nine terminal test specimens per fold. The threshold is a pragmatic sensitivity cutoff. The code retains all later observations once onset occurs; it does not require each later value to remain above the cutoff."
report_v2/thesis/v2/thesis.tex,report_v2/thesis/v2/chapters/04_methods.tex,56,scientific prose/table/caption,1,"{""1"": [""Data/splits/train_manifest.csv | Data/splits/val_manifest.csv | Data/splits/test_manifest.csv"", ""main/reports/current_corrosion_metrics.csv"", ""main_2/reports/model_comparison.csv"", ""main_4/outputs/data/master_table.csv"", ""main_4/outputs/data/master_table.csv | main_4/outputs/features/image_features.csv""]}","\operatorname{MAE}=\frac{1}{n}\sum_j |e_j|,\qquad"
report_v2/thesis/v2/thesis.tex,report_v2/thesis/v2/chapters/04_methods.tex,57,typographic/notation,1 | 2,"{""1"": [""Data/splits/train_manifest.csv | Data/splits/val_manifest.csv | Data/splits/test_manifest.csv"", ""main/reports/current_corrosion_metrics.csv"", ""main_2/reports/model_comparison.csv"", ""main_4/outputs/data/master_table.csv"", ""main_4/outputs/data/master_table.csv | main_4/outputs/features/image_features.csv""], ""2"": [""main/reports/current_corrosion_metrics.csv"", ""main_4/outputs/data/master_table.csv"", ""main_4/outputs/diagnostics/tables/benchmark_best_model_robustness.csv | main_3/outputs/corrosion_regression_metrics.csv | main_3/outputs/damage_regression_metrics.csv"", ""main_4/outputs/models/proxy_rul/proxy_rul_estimates.csv"", ""main_4/outputs/ultimate_load_refocus/mesh_stratified/mesh_feature_set_comparison.csv""]}",\operatorname{RMSE}=\sqrt{\frac{1}{n}\sum_j e_j^2}.
report_v2/thesis/v2/thesis.tex,report_v2/thesis/v2/chapters/04_methods.tex,61,scientific prose/table/caption,2 | 1 | 2 | 2,"{""2"": [""main/reports/current_corrosion_metrics.csv"", ""main_4/outputs/data/master_table.csv"", ""main_4/outputs/diagnostics/tables/benchmark_best_model_robustness.csv | main_3/outputs/corrosion_regression_metrics.csv | main_3/outputs/damage_regression_metrics.csv"", ""main_4/outputs/models/proxy_rul/proxy_rul_estimates.csv"", ""main_4/outputs/ultimate_load_refocus/mesh_stratified/mesh_feature_set_comparison.csv""], ""1"": [""Data/splits/train_manifest.csv | Data/splits/val_manifest.csv | Data/splits/test_manifest.csv"", ""main/reports/current_corrosion_metrics.csv"", ""main_2/reports/model_comparison.csv"", ""main_4/outputs/data/master_table.csv"", ""main_4/outputs/data/master_table.csv | main_4/outputs/features/image_features.csv""]}",R^2=1-\frac{\sum_j e_j^2}{\sum_j(y_j-\bar y_{\rm test})^2}.
report_v2/thesis/v2/thesis.tex,report_v2/thesis/v2/chapters/04_methods.tex,63,scientific prose/table/caption,2 | 2,"{""2"": [""main/reports/current_corrosion_metrics.csv"", ""main_4/outputs/data/master_table.csv"", ""main_4/outputs/diagnostics/tables/benchmark_best_model_robustness.csv | main_3/outputs/corrosion_regression_metrics.csv | main_3/outputs/damage_regression_metrics.csv"", ""main_4/outputs/models/proxy_rul/proxy_rul_estimates.csv"", ""main_4/outputs/ultimate_load_refocus/mesh_stratified/mesh_feature_set_comparison.csv""]}","Negative test $R^2$ means squared error exceeds the test-set-mean reference for that fold. That reference is a score definition, not a fitted deployable baseline. In small, narrow-range subgroups its denominator can be small, making fold $R^2$ unstable. Spearman correlation $\rho$ evaluates rank agreement and supplies complementary information, but is also variable in small folds."
report_v2/thesis/v2/thesis.tex,report_v2/thesis/v2/chapters/05_surface_results.tex,5,scientific prose/table/caption,2,"{""2"": [""main/reports/current_corrosion_metrics.csv"", ""main_4/outputs/data/master_table.csv"", ""main_4/outputs/diagnostics/tables/benchmark_best_model_robustness.csv | main_3/outputs/corrosion_regression_metrics.csv | main_3/outputs/damage_regression_metrics.csv"", ""main_4/outputs/models/proxy_rul/proxy_rul_estimates.csv"", ""main_4/outputs/ultimate_load_refocus/mesh_stratified/mesh_feature_set_comparison.csv""]}","The classical threshold-feature benchmark, frozen image embedding, and interpretable multi-family representation all give positive grouped-test $R^2$ for peak-rust estimation. Table~\ref{tab:surfacehistory} reports selected saved results with their own evaluation contexts. The rows are not an ordered competition: they differ in representation, fitting procedure, and selection."
report_v2/thesis/v2/thesis.tex,report_v2/thesis/v2/chapters/05_surface_results.tex,7,scientific prose/table/caption,792 | 48 | 159 | 159 | 159,"{""792"": [""Data/Images_dataset.zip"", ""main_2/reports/predictions_best_model.csv"", ""main_4/outputs/audit/verified_facts.json"", ""report_v2/evidence/paired_diagnostics.json""], ""48"": [""main_4/outputs/data/master_table.csv"", ""main_4/outputs/models/degradation/degradation_best_fits.csv"", ""main_4/outputs/models/proxy_rul/proxy_rul_summary.json | main_4/outputs/models/proxy_rul/proxy_rul_estimates.csv"", ""main_4/outputs/ultimate_load_refocus/data/specimen_summary_table.csv | main_4/outputs/ultimate_load_refocus/correlations/mesh_stratified_corrosion_vs_ultimate_load.csv"", ""main_4/outputs/ultimate_load_refocus/pooled_all_weeks/grouped_cv/experiments/hsv_only/CatBoost/fold_metrics.csv | main_4/outputs/ultimate_load_refocus/pooled_all_weeks/grouped_cv/experiments/hsv_only/CatBoost/terminal_fold_predictions.csv""], ""159"": [""main_2/reports/predictions_best_model.csv"", ""report_v2/evidence/paired_diagnostics.json"", ""report_v2/tables/interpretable_regime_winners.csv""]}","\caption[Historical peak-rust results and protocol scope]{Historical peak-rust estimation on the 792-row, 48-specimen basis. MAE and RMSE are in percentage points. The classical row is its selected current-corrosion model under grouped holdout, with 159 test observations from ten specimens reconstructed from the saved IDs and split definition; the embedding rows use the same held-out 159 observations from ten specimens; the interpretable row is its grouped-holdout winner on 159 observations. These protocols are not identical, so the table establishes signal across representations rather than a causal ranking of representations.}\label{tab:surfacehistory}"
report_v2/thesis/v2/thesis.tex,report_v2/thesis/v2/chapters/05_surface_results.tex,9,scientific prose/table/caption,2,"{""2"": [""main/reports/current_corrosion_metrics.csv"", ""main_4/outputs/data/master_table.csv"", ""main_4/outputs/diagnostics/tables/benchmark_best_model_robustness.csv | main_3/outputs/corrosion_regression_metrics.csv | main_3/outputs/damage_regression_metrics.csv"", ""main_4/outputs/models/proxy_rul/proxy_rul_estimates.csv"", ""main_4/outputs/ultimate_load_refocus/mesh_stratified/mesh_feature_set_comparison.csv""]}",Representation & Model & MAE & RMSE & $R^2$\\\midrule
report_v2/thesis/v2/thesis.tex,report_v2/thesis/v2/chapters/05_surface_results.tex,10,typographic/notation,2.379 | 4.254 | 0.900,"{""2.379"": [""main/reports/current_corrosion_metrics.csv"", ""report_v2/tables/classical.csv""], ""4.254"": [""main/reports/current_corrosion_metrics.csv"", ""report_v2/tables/classical.csv""], ""0.900"": [""main/reports/current_corrosion_metrics.csv"", ""report_v2/tables/classical.csv""]}",Classical + metadata & RandomForest & 2.379 & 4.254 & 0.900\\
report_v2/thesis/v2/thesis.tex,report_v2/thesis/v2/chapters/05_surface_results.tex,11,typographic/notation,5.626 | 9.264 | 0.524,"{""5.626"": [""main_2/reports/model_comparison.csv"", ""report_v2/tables/embedding.csv""], ""9.264"": [""main_2/reports/model_comparison.csv"", ""report_v2/tables/embedding.csv""], ""0.524"": [""main_2/reports/model_comparison.csv"", ""report_v2/tables/embedding.csv""]}",Frozen embedding & Image-only MLP & 5.626 & 9.264 & 0.524\\
report_v2/thesis/v2/thesis.tex,report_v2/thesis/v2/chapters/05_surface_results.tex,12,typographic/notation,5.748 | 9.865 | 0.460,"{""5.748"": [""main_2/reports/model_comparison.csv"", ""report_v2/tables/embedding.csv""], ""9.865"": [""main_2/reports/model_comparison.csv"", ""report_v2/tables/embedding.csv""], ""0.460"": [""main_2/reports/model_comparison.csv"", ""main_4/outputs/ultimate_load_refocus/mesh_stratified/mesh_feature_set_comparison.csv"", ""report_v2/tables/embedding.csv"", ""report_v2/tables/mesh_capacity.csv""]}",Embedding + metadata & Multimodal MLP & 5.748 & 9.865 & 0.460\\
report_v2/thesis/v2/thesis.tex,report_v2/thesis/v2/chapters/05_surface_results.tex,13,typographic/notation,4.209 | 6.234 | 0.784,"{""4.209"": [""report_v2/tables/interpretable_regime_winners.csv""], ""6.234"": [""report_v2/tables/interpretable_regime_winners.csv""], ""0.784"": [""report_v2/tables/interpretable_regime_winners.csv""]}",Interpretable mixed features & MLP regressor & 4.209 & 6.234 & 0.784\\\bottomrule
report_v2/thesis/v2/thesis.tex,report_v2/thesis/v2/chapters/05_surface_results.tex,21,scientific prose/table/caption,0.9996 | 791 | 0.00023 | 0.00050,"{""0.9996"": [""main_4/outputs/data/master_table.csv | main_4/outputs/features/image_features.csv""], ""791"": [""main_4/outputs/data/master_table.csv"", ""main_4/outputs/data/master_table.csv | main_4/outputs/features/image_features.csv""], ""0.00023"": [""main_4/outputs/data/master_table.csv | main_4/outputs/features/image_features.csv""], ""0.00050"": [""main_4/outputs/data/master_table.csv | main_4/outputs/features/image_features.csv""]}","In the refined feature audit, total surface-rust percentage and the independently named rust-area image feature have Spearman correlation 0.9996 across all 791 aligned observations. Their mean absolute difference is approximately 0.00023 percentage points, with a maximum of approximately 0.00050 percentage points. Figure~\ref{fig:adjacency} shows both the agreement and the small residuals."
report_v2/thesis/v2/thesis.tex,report_v2/thesis/v2/chapters/05_surface_results.tex,23,scientific prose/table/caption,791 | 0.9996,"{""791"": [""main_4/outputs/data/master_table.csv"", ""main_4/outputs/data/master_table.csv | main_4/outputs/features/image_features.csv""], ""0.9996"": [""main_4/outputs/data/master_table.csv | main_4/outputs/features/image_features.csv""]}",\fig{label_adjacency}{1}{Numerical alignment of the total surface-rust label and the rust-area feature on all 791 matched observations. The left panel compares the two percentages with an identity line; the right panel shows feature-minus-label residuals in percentage points. Spearman correlation is 0.9996. This is evidence of near label reconstruction; it does not independently verify that identical code or thresholds created the original label.}{fig:adjacency}
report_v2/thesis/v2/thesis.tex,report_v2/thesis/v2/chapters/05_surface_results.tex,30,scientific prose/table/caption,2 | 0.582 | -0.677 | 0.595 | -0.077 | 792 | 2,"{""2"": [""main/reports/current_corrosion_metrics.csv"", ""main_4/outputs/data/master_table.csv"", ""main_4/outputs/diagnostics/tables/benchmark_best_model_robustness.csv | main_3/outputs/corrosion_regression_metrics.csv | main_3/outputs/damage_regression_metrics.csv"", ""main_4/outputs/models/proxy_rul/proxy_rul_estimates.csv"", ""main_4/outputs/ultimate_load_refocus/mesh_stratified/mesh_feature_set_comparison.csv""], ""0.582"": [""report_v2/tables/interpretable_regime_winners.csv""], ""-0.677"": [""report_v2/tables/interpretable_regime_winners.csv""], ""0.595"": [""report_v2/tables/interpretable_regime_winners.csv""], ""-0.077"": [""report_v2/tables/interpretable_regime_winners.csv"", ""report_v2/tables/paired_specimen_errors.csv""], ""792"": [""Data/Images_dataset.zip"", ""main_2/reports/predictions_best_model.csv"", ""main_4/outputs/audit/verified_facts.json"", ""report_v2/evidence/paired_diagnostics.json""]}","For the earlier interpretable representation, the per-regime selected total-rust model has mean $R^2=0.582$ under campaign exclusion and $-0.677$ under treatment exclusion. Corresponding peak-rust values are $0.595$ and $-0.077$. These are means over two campaign folds and seven treatment folds, respectively, on the 792-row basis. Individual treatment test sets are small and uneven; averaging their $R^2$ values can amplify a poor low-variance fold."
report_v2/thesis/v2/thesis.tex,report_v2/thesis/v2/chapters/05_surface_results.tex,32,scientific prose/table/caption,0.549 | 0.758 | 2 | 0.995 | 0.957 | 0.989 | 0.972 | 791,"{""0.549"": [""main_4/outputs/diagnostics/tables/benchmark_best_model_robustness.csv | main_3/outputs/corrosion_regression_metrics.csv | main_3/outputs/damage_regression_metrics.csv"", ""report_v2/tables/refined_robustness.csv"", ""report_v2/tables/robustness_ratios.csv""], ""0.758"": [""main_4/outputs/diagnostics/tables/benchmark_best_model_robustness.csv | main_3/outputs/corrosion_regression_metrics.csv | main_3/outputs/damage_regression_metrics.csv"", ""main_4/outputs/ultimate_load_refocus/pooled_all_weeks/grouped_cv/feature_set_comparison.csv"", ""report_v2/tables/pooled_capacity.csv"", ""report_v2/tables/refined_robustness.csv"", ""report_v2/tables/robustness_ratios.csv""], ""2"": [""main/reports/current_corrosion_metrics.csv"", ""main_4/outputs/data/master_table.csv"", ""main_4/outputs/diagnostics/tables/benchmark_best_model_robustness.csv | main_3/outputs/corrosion_regression_metrics.csv | main_3/outputs/damage_regression_metrics.csv"", ""main_4/outputs/models/proxy_rul/proxy_rul_estimates.csv"", ""main_4/outputs/ultimate_load_refocus/mesh_stratified/mesh_feature_set_comparison.csv""], ""0.995"": [""main_4/outputs/models/surface/surface_total_rust_pct/leave_one_treatment_out/surface_total_rust_pct_fold_metrics.csv""], ""0.957"": [""main_4/outputs/models/surface/peak_rust_pct/leave_one_treatment_out/peak_rust_pct_fold_metrics.csv""], ""0.989"": [""report_v2/tables/refined_robustness.csv""], ""0.972"": [""report_v2/tables/refined_robustness.csv""], ""791"": [""main_4/outputs/data/master_table.csv"", ""main_4/outputs/data/master_table.csv | main_4/outputs/features/image_features.csv""]}","The refined surface experiment does not reproduce this treatment-level deterioration. Tracking its grouped winners, total-rust GradientBoosting has LOTO/grouped MAE ratio 0.549, while peak-rust RandomForest has ratio 0.758. Their mean treatment-fold $R^2$ values are 0.995 and 0.957 across nine folds. The corresponding LOTO Spearman values in the saved robustness table are 0.989 and 0.972. These results apply to the refined 791-row basis and its more specific treatment grouping."
report_v2/thesis/v2/thesis.tex,report_v2/thesis/v2/chapters/05_surface_results.tex,34,scientific prose/table/caption,2 | 2,"{""2"": [""main/reports/current_corrosion_metrics.csv"", ""main_4/outputs/data/master_table.csv"", ""main_4/outputs/diagnostics/tables/benchmark_best_model_robustness.csv | main_3/outputs/corrosion_regression_metrics.csv | main_3/outputs/damage_regression_metrics.csv"", ""main_4/outputs/models/proxy_rul/proxy_rul_estimates.csv"", ""main_4/outputs/ultimate_load_refocus/mesh_stratified/mesh_feature_set_comparison.csv""]}","Figure~\ref{fig:robustness} places the surface and structural patterns side by side using fixed models. Its ratios should not be confused with the reselected-model $R^2$ values above. For example, a positive campaign-out $R^2$ for the best available peak-rust model does not imply that its original grouped winner keeps the same absolute error."
report_v2/thesis/v2/thesis.tex,report_v2/thesis/v2/chapters/05_surface_results.tex,36,scientific prose/table/caption,48,"{""48"": [""main_4/outputs/data/master_table.csv"", ""main_4/outputs/models/degradation/degradation_best_fits.csv"", ""main_4/outputs/models/proxy_rul/proxy_rul_summary.json | main_4/outputs/models/proxy_rul/proxy_rul_estimates.csv"", ""main_4/outputs/ultimate_load_refocus/data/specimen_summary_table.csv | main_4/outputs/ultimate_load_refocus/correlations/mesh_stratified_corrosion_vs_ultimate_load.csv"", ""main_4/outputs/ultimate_load_refocus/pooled_all_weeks/grouped_cv/experiments/hsv_only/CatBoost/fold_metrics.csv | main_4/outputs/ultimate_load_refocus/pooled_all_weeks/grouped_cv/experiments/hsv_only/CatBoost/terminal_fold_predictions.csv""]}","\fig{robustness_synthesis}{1}{Evaluation-regime sensitivity expressed as MAE divided by each model's own grouped-holdout MAE. Values above one indicate larger error. For the interpretable representation, fixed grouped winners are RandomForest for total rust, wire-area loss, and ultimate load, and MLP for peak rust. For the refined representation they are GradientBoosting for total rust and RandomForest for the other targets; the wire-loss row is the diagnostic winner, not the final robustness-selected CatBoost. Earlier grouping uses one holdout, seven treatment folds, and two campaign folds; refined grouping uses five holdouts, nine treatment folds, and two campaign folds. Structural results have 48 independent terminal specimens. The generations are normalized separately.}{fig:robustness}"
report_v2/thesis/v2/thesis.tex,report_v2/thesis/v2/chapters/06_structural_results.tex,5,scientific prose/table/caption,3.899 | 2 | 0.310 | 0.121 | 2 | 0.385 | 48 | 38,"{""3.899"": [""report_v2/tables/interpretable_regime_winners.csv""], ""2"": [""main/reports/current_corrosion_metrics.csv"", ""main_4/outputs/data/master_table.csv"", ""main_4/outputs/diagnostics/tables/benchmark_best_model_robustness.csv | main_3/outputs/corrosion_regression_metrics.csv | main_3/outputs/damage_regression_metrics.csv"", ""main_4/outputs/models/proxy_rul/proxy_rul_estimates.csv"", ""main_4/outputs/ultimate_load_refocus/mesh_stratified/mesh_feature_set_comparison.csv""], ""0.310"": [""report_v2/tables/interpretable_regime_winners.csv""], ""0.121"": [""main_4/outputs/models/hidden_damage/best_models.csv"", ""main_4/outputs/ultimate_load_refocus/mesh_stratified/mesh_feature_set_comparison.csv"", ""report_v2/tables/interpretable_regime_winners.csv"", ""report_v2/tables/mesh_capacity.csv"", ""report_v2/tables/robust_structural_selection.csv""], ""0.385"": [""report_v2/tables/interpretable_regime_winners.csv""], ""48"": [""main_4/outputs/data/master_table.csv"", ""main_4/outputs/models/degradation/degradation_best_fits.csv"", ""main_4/outputs/models/proxy_rul/proxy_rul_summary.json | main_4/outputs/models/proxy_rul/proxy_rul_estimates.csv"", ""main_4/outputs/ultimate_load_refocus/data/specimen_summary_table.csv | main_4/outputs/ultimate_load_refocus/correlations/mesh_stratified_corrosion_vs_ultimate_load.csv"", ""main_4/outputs/ultimate_load_refocus/pooled_all_weeks/grouped_cv/experiments/hsv_only/CatBoost/fold_metrics.csv | main_4/outputs/ultimate_load_refocus/pooled_all_weeks/grouped_cv/experiments/hsv_only/CatBoost/terminal_fold_predictions.csv""], ""38"": [""Data/splits/train_manifest.csv | Data/splits/val_manifest.csv | Data/splits/test_manifest.csv"", ""main_3/outputs/canonical_dataset.csv"", ""report_v2/evidence/paired_diagnostics.json"", ""report_v2/tables/classification_splits.csv"", ""report_v2/tables/split_checks.csv""]}","In the earlier interpretable phase, grouped-holdout RandomForest gives wire-area-loss MAE 3.899 percentage points and $R^2=0.310$, while ultimate-load MAE is 0.121\,kN and $R^2=0.385$. These scores use ten test specimens from 48, with 38 training specimens. They show some within-mixture predictability, but do not establish stable transfer."
report_v2/thesis/v2/thesis.tex,report_v2/thesis/v2/chapters/06_structural_results.tex,7,scientific prose/table/caption,0.124 | 0.105,"{""0.124"": [""main_4/outputs/models/hidden_damage/best_models.csv"", ""report_v2/tables/paired_specimen_errors.csv"", ""report_v2/tables/refined_robustness.csv"", ""report_v2/tables/robust_structural_selection.csv""], ""0.105"": [""report_v2/tables/refined_robustness.csv""]}","The later robustness-weighted selection chooses metadata-only models for both endpoints (Table~\ref{tab:robustselection}). For wire-area loss the final selection is CatBoost, with grouped MAE 0.124 as a fraction. A separate diagnostic table follows a RandomForest with grouped MAE 0.105. Those rows must not be merged: the lower diagnostic number is not the final CatBoost model's score."
report_v2/thesis/v2/thesis.tex,report_v2/thesis/v2/chapters/06_structural_results.tex,9,scientific prose/table/caption,791 | 48,"{""791"": [""main_4/outputs/data/master_table.csv"", ""main_4/outputs/data/master_table.csv | main_4/outputs/features/image_features.csv""], ""48"": [""main_4/outputs/data/master_table.csv"", ""main_4/outputs/models/degradation/degradation_best_fits.csv"", ""main_4/outputs/models/proxy_rul/proxy_rul_summary.json | main_4/outputs/models/proxy_rul/proxy_rul_estimates.csv"", ""main_4/outputs/ultimate_load_refocus/data/specimen_summary_table.csv | main_4/outputs/ultimate_load_refocus/correlations/mesh_stratified_corrosion_vs_ultimate_load.csv"", ""main_4/outputs/ultimate_load_refocus/pooled_all_weeks/grouped_cv/experiments/hsv_only/CatBoost/fold_metrics.csv | main_4/outputs/ultimate_load_refocus/pooled_all_weeks/grouped_cv/experiments/hsv_only/CatBoost/terminal_fold_predictions.csv""]}","\caption[Final robustness-selected structural models]{Final robustness-selected structural configurations on the 791-image basis with 48 terminal specimens. Both use metadata only. Entries are mean MAE across five grouped holdouts, nine treatment folds, or two campaign folds; wire-loss error is a fraction, and load error is in kN. Selection weighs evidence across regimes, so these are not necessarily the smallest isolated grouped errors.}\label{tab:robustselection}"
report_v2/thesis/v2/thesis.tex,report_v2/thesis/v2/chapters/06_structural_results.tex,12,typographic/notation,0.124 | 0.116 | 0.121,"{""0.124"": [""main_4/outputs/models/hidden_damage/best_models.csv"", ""report_v2/tables/paired_specimen_errors.csv"", ""report_v2/tables/refined_robustness.csv"", ""report_v2/tables/robust_structural_selection.csv""], ""0.116"": [""main_4/outputs/models/hidden_damage/best_models.csv"", ""report_v2/tables/robust_structural_selection.csv""], ""0.121"": [""main_4/outputs/models/hidden_damage/best_models.csv"", ""main_4/outputs/ultimate_load_refocus/mesh_stratified/mesh_feature_set_comparison.csv"", ""report_v2/tables/interpretable_regime_winners.csv"", ""report_v2/tables/mesh_capacity.csv"", ""report_v2/tables/robust_structural_selection.csv""]}",Wire-area loss (fraction) & CatBoost & 0.124 & 0.116 & 0.121\\
report_v2/thesis/v2/thesis.tex,report_v2/thesis/v2/chapters/06_structural_results.tex,13,scientific prose/table/caption,0.174 | 0.203 | 0.564,"{""0.174"": [""main_4/outputs/models/hidden_damage/best_models.csv"", ""main_4/outputs/ultimate_load_refocus/mesh_stratified/mesh_feature_set_comparison.csv"", ""report_v2/tables/mesh_capacity.csv"", ""report_v2/tables/refined_robustness.csv"", ""report_v2/tables/robust_structural_selection.csv""], ""0.203"": [""main_4/outputs/models/hidden_damage/best_models.csv"", ""main_4/outputs/ultimate_load_refocus/mesh_stratified/mesh_feature_set_comparison.csv"", ""main_4/outputs/ultimate_load_refocus/pooled_all_weeks/grouped_cv/feature_set_comparison.csv"", ""main_4/outputs/ultimate_load_refocus/pooled_post_onset/grouped_cv/selected_best_model_per_feature_set.csv"", ""report_v2/tables/mesh_capacity.csv""], ""0.564"": [""main_4/outputs/models/hidden_damage/best_models.csv"", ""report_v2/tables/refined_robustness.csv"", ""report_v2/tables/robust_structural_selection.csv""]}",Ultimate load (kN) & RandomForest & 0.174 & 0.203 & 0.564\\\bottomrule
report_v2/thesis/v2/thesis.tex,report_v2/thesis/v2/chapters/06_structural_results.tex,16,scientific prose/table/caption,3.236 | 0.778 | 0.353 | -0.089,"{""3.236"": [""main_4/outputs/diagnostics/tables/benchmark_best_model_robustness.csv | main_3/outputs/corrosion_regression_metrics.csv | main_3/outputs/damage_regression_metrics.csv"", ""report_v2/tables/refined_robustness.csv"", ""report_v2/tables/robustness_ratios.csv""], ""0.778"": [""main/reports/current_corrosion_metrics.csv"", ""main_4/outputs/models/hidden_damage/best_models.csv"", ""report_v2/tables/classical.csv"", ""report_v2/tables/refined_robustness.csv"", ""report_v2/tables/robust_structural_selection.csv""], ""0.353"": [""report_v2/tables/paired_specimen_errors.csv"", ""report_v2/tables/refined_robustness.csv""], ""-0.089"": [""report_v2/tables/refined_robustness.csv""]}","The final load model's campaign-out MAE is 3.236 times its own grouped MAE, and its mean rank correlation falls from 0.778 to 0.353. The diagnostic wire-loss RandomForest has campaign-out Spearman $-0.089$. This combination of modest within-mixture error and poor transfer motivates the focused load study, rather than a direct image-to-life claim."
report_v2/thesis/v2/thesis.tex,report_v2/thesis/v2/chapters/06_structural_results.tex,19,scientific prose/table/caption,48 | 0.173 | 0.046 | 0.214 | 0.758,"{""48"": [""main_4/outputs/data/master_table.csv"", ""main_4/outputs/models/degradation/degradation_best_fits.csv"", ""main_4/outputs/models/proxy_rul/proxy_rul_summary.json | main_4/outputs/models/proxy_rul/proxy_rul_estimates.csv"", ""main_4/outputs/ultimate_load_refocus/data/specimen_summary_table.csv | main_4/outputs/ultimate_load_refocus/correlations/mesh_stratified_corrosion_vs_ultimate_load.csv"", ""main_4/outputs/ultimate_load_refocus/pooled_all_weeks/grouped_cv/experiments/hsv_only/CatBoost/fold_metrics.csv | main_4/outputs/ultimate_load_refocus/pooled_all_weeks/grouped_cv/experiments/hsv_only/CatBoost/terminal_fold_predictions.csv""], ""0.173"": [""main_4/outputs/ultimate_load_refocus/pooled_all_weeks/grouped_cv/feature_set_comparison.csv"", ""main_4/outputs/ultimate_load_refocus/pooled_post_onset/grouped_cv/selected_best_model_per_feature_set.csv"", ""main_4/outputs/ultimate_load_refocus/residual_refinement/model_comparison.csv | main_4/outputs/ultimate_load_refocus/residual_refinement/best_model.csv"", ""report_v2/evidence/paired_diagnostics.json"", ""report_v2/tables/paired_specimen_errors.csv""], ""0.046"": [""main_4/outputs/ultimate_load_refocus/mesh_stratified/mesh_feature_set_comparison.csv"", ""main_4/outputs/ultimate_load_refocus/pooled_all_weeks/grouped_cv/feature_set_comparison.csv"", ""main_4/outputs/ultimate_load_refocus/pooled_all_weeks/leave_one_campaign_out/feature_set_comparison.csv"", ""main_4/outputs/ultimate_load_refocus/pooled_post_onset/grouped_cv/selected_best_model_per_feature_set.csv"", ""report_v2/tables/loco_capacity.csv""], ""0.214"": [""main_4/outputs/ultimate_load_refocus/mesh_stratified/mesh_feature_set_comparison.csv"", ""main_4/outputs/ultimate_load_refocus/pooled_all_weeks/grouped_cv/feature_set_comparison.csv"", ""main_4/outputs/ultimate_load_refocus/residual_refinement/model_comparison.csv | main_4/outputs/ultimate_load_refocus/residual_refinement/best_model.csv"", ""report_v2/tables/mesh_capacity.csv"", ""report_v2/tables/pooled_capacity.csv""], ""0.758"": [""main_4/outputs/diagnostics/tables/benchmark_best_model_robustness.csv | main_3/outputs/corrosion_regression_metrics.csv | main_3/outputs/damage_regression_metrics.csv"", ""main_4/outputs/ultimate_load_refocus/pooled_all_weeks/grouped_cv/feature_set_comparison.csv"", ""report_v2/tables/pooled_capacity.csv"", ""report_v2/tables/refined_robustness.csv"", ""report_v2/tables/robustness_ratios.csv""]}","Table~\ref{tab:ablation} gives all seven selected feature families in the pooled terminal-load experiment. Metrics use terminal held-out observations, with 48 specimens covered in each of two five-fold repetitions. The metadata-only Ridge configuration has mean MAE 0.173\,kN, fold SD 0.046\,kN, mean RMSE 0.214\,kN, and mean Spearman 0.758."
report_v2/thesis/v2/thesis.tex,report_v2/thesis/v2/chapters/06_structural_results.tex,21,scientific prose/table/caption,48 | 2,"{""48"": [""main_4/outputs/data/master_table.csv"", ""main_4/outputs/models/degradation/degradation_best_fits.csv"", ""main_4/outputs/models/proxy_rul/proxy_rul_summary.json | main_4/outputs/models/proxy_rul/proxy_rul_estimates.csv"", ""main_4/outputs/ultimate_load_refocus/data/specimen_summary_table.csv | main_4/outputs/ultimate_load_refocus/correlations/mesh_stratified_corrosion_vs_ultimate_load.csv"", ""main_4/outputs/ultimate_load_refocus/pooled_all_weeks/grouped_cv/experiments/hsv_only/CatBoost/fold_metrics.csv | main_4/outputs/ultimate_load_refocus/pooled_all_weeks/grouped_cv/experiments/hsv_only/CatBoost/terminal_fold_predictions.csv""], ""2"": [""main/reports/current_corrosion_metrics.csv"", ""main_4/outputs/data/master_table.csv"", ""main_4/outputs/diagnostics/tables/benchmark_best_model_robustness.csv | main_3/outputs/corrosion_regression_metrics.csv | main_3/outputs/damage_regression_metrics.csv"", ""main_4/outputs/models/proxy_rul/proxy_rul_estimates.csv"", ""main_4/outputs/ultimate_load_refocus/mesh_stratified/mesh_feature_set_comparison.csv""]}","\caption[Pooled terminal-load feature-family results]{Pooled terminal-load comparison for 48 specimens across ten grouped folds. MAE and its sample SD are in kN; $R^2$ and Spearman $\rho$ are arithmetic means of fold metrics. Each feature family shows its selected model, chosen using the same saved folds. The table is an exploratory comparison, not a nested estimate of the model-selection procedure or a significance test.}\label{tab:ablation}"
report_v2/thesis/v2/thesis.tex,report_v2/thesis/v2/chapters/06_structural_results.tex,25,scientific prose/table/caption,0.172711 | 0.173003 | 0.758 | 0.771 | 0.000293,"{""0.172711"": [""main_4/outputs/ultimate_load_refocus/pooled_all_weeks/grouped_cv/feature_set_comparison.csv"", ""report_v2/tables/pooled_capacity.csv""], ""0.173003"": [""main_4/outputs/ultimate_load_refocus/pooled_all_weeks/grouped_cv/feature_set_comparison.csv"", ""report_v2/tables/pooled_capacity.csv""], ""0.758"": [""main_4/outputs/diagnostics/tables/benchmark_best_model_robustness.csv | main_3/outputs/corrosion_regression_metrics.csv | main_3/outputs/damage_regression_metrics.csv"", ""main_4/outputs/ultimate_load_refocus/pooled_all_weeks/grouped_cv/feature_set_comparison.csv"", ""report_v2/tables/pooled_capacity.csv"", ""report_v2/tables/refined_robustness.csv"", ""report_v2/tables/robustness_ratios.csv""], ""0.771"": [""main_4/outputs/ultimate_load_refocus/pooled_all_weeks/grouped_cv/feature_set_comparison.csv"", ""report_v2/tables/pooled_capacity.csv""], ""0.000293"": [""main_4/outputs/ultimate_load_refocus/pooled_all_weeks/grouped_cv/feature_set_comparison.csv (difference)""]}","Adding HSV descriptors to metadata changes mean MAE only from 0.172711 to 0.173003\,kN while increasing mean rank correlation from 0.758 to 0.771. The MAE change is about 0.000293\,kN. It is not evidence of an improvement, and the available comparison does not establish equivalence either. Image-only feature families have larger pooled MAE than the metadata anchor. The combined RGB+HSV configuration with metadata is also higher in MAE than the anchor."
report_v2/thesis/v2/thesis.tex,report_v2/thesis/v2/chapters/06_structural_results.tex,27,scientific prose/table/caption,48,"{""48"": [""main_4/outputs/data/master_table.csv"", ""main_4/outputs/models/degradation/degradation_best_fits.csv"", ""main_4/outputs/models/proxy_rul/proxy_rul_summary.json | main_4/outputs/models/proxy_rul/proxy_rul_estimates.csv"", ""main_4/outputs/ultimate_load_refocus/data/specimen_summary_table.csv | main_4/outputs/ultimate_load_refocus/correlations/mesh_stratified_corrosion_vs_ultimate_load.csv"", ""main_4/outputs/ultimate_load_refocus/pooled_all_weeks/grouped_cv/experiments/hsv_only/CatBoost/fold_metrics.csv | main_4/outputs/ultimate_load_refocus/pooled_all_weeks/grouped_cv/experiments/hsv_only/CatBoost/terminal_fold_predictions.csv""]}","\fig{capacity_ablation}{.90}{Pooled terminal-load results for selected feature-family models on 48 independent specimens across ten grouped folds. Points are arithmetic means and horizontal bars are sample standard deviations across folds, not confidence intervals. Terminal test sets contain nine or ten specimens. All training photographs share their specimen's terminal target; scoring is at terminal observations. Models are identified in Table~\ref{tab:ablation}. The figure summarizes the same saved comparison, not an additional experiment.}{fig:ablation}"
report_v2/thesis/v2/thesis.tex,report_v2/thesis/v2/chapters/06_structural_results.tex,36,scientific prose/table/caption,48,"{""48"": [""main_4/outputs/data/master_table.csv"", ""main_4/outputs/models/degradation/degradation_best_fits.csv"", ""main_4/outputs/models/proxy_rul/proxy_rul_summary.json | main_4/outputs/models/proxy_rul/proxy_rul_estimates.csv"", ""main_4/outputs/ultimate_load_refocus/data/specimen_summary_table.csv | main_4/outputs/ultimate_load_refocus/correlations/mesh_stratified_corrosion_vs_ultimate_load.csv"", ""main_4/outputs/ultimate_load_refocus/pooled_all_weeks/grouped_cv/experiments/hsv_only/CatBoost/fold_metrics.csv | main_4/outputs/ultimate_load_refocus/pooled_all_weeks/grouped_cv/experiments/hsv_only/CatBoost/terminal_fold_predictions.csv""]}","\fig{paired_specimen_errors}{.90}{Paired effect of adding HSV descriptors to a Ridge metadata model for 48 specimens. Each point is the change in that specimen's mean absolute terminal error across two held-out evaluations, using the same specimen partitions for both configurations. Negative values favour metadata+HSV; positive values favour metadata alone. There are \pairedImproved{} improvements and \pairedWorsened{} worsenings. The dashed line is the specimen-weighted mean, approximately $+\pairedMean$\,kN. Specimens are sorted for readability. This descriptive comparison retains the original model-selection limitations.}{fig:paired}"
report_v2/thesis/v2/thesis.tex,report_v2/thesis/v2/chapters/06_structural_results.tex,39,scientific prose/table/caption,43 | 0.5 | 0.163 | 2 | 0.660 | 0.173 | 2 | 0.633 | 0.791 | 0.803,"{""43"": [""main_4/outputs/models/proxy_rul/proxy_rul_summary.json | main_4/outputs/models/proxy_rul/proxy_rul_estimates.csv"", ""main_4/outputs/ultimate_load_refocus/pooled_post_onset/grouped_cv/selected_best_model_per_feature_set.csv"", ""report_v2/tables/post_onset_capacity.csv"", ""report_v2/tables/threshold_status.csv"", ""report_v2/tables/threshold_summary.csv""], ""0.5"": [""main_2/reports/model_comparison.csv"", ""main_4/outputs/diagnostics/tables/benchmark_best_model_robustness.csv | main_3/outputs/corrosion_regression_metrics.csv | main_3/outputs/damage_regression_metrics.csv"", ""main_4/outputs/ultimate_load_refocus/data/specimen_summary_table.csv | main_4/outputs/ultimate_load_refocus/correlations/mesh_stratified_corrosion_vs_ultimate_load.csv"", ""main_4/outputs/ultimate_load_refocus/mesh_stratified/mesh_feature_set_comparison.csv"", ""main_4/outputs/ultimate_load_refocus/pooled_all_weeks/grouped_cv/feature_set_comparison.csv""], ""0.163"": [""main_4/outputs/ultimate_load_refocus/pooled_post_onset/grouped_cv/selected_best_model_per_feature_set.csv"", ""report_v2/tables/paired_specimen_errors.csv"", ""report_v2/tables/post_onset_capacity.csv""], ""2"": [""main/reports/current_corrosion_metrics.csv"", ""main_4/outputs/data/master_table.csv"", ""main_4/outputs/diagnostics/tables/benchmark_best_model_robustness.csv | main_3/outputs/corrosion_regression_metrics.csv | main_3/outputs/damage_regression_metrics.csv"", ""main_4/outputs/models/proxy_rul/proxy_rul_estimates.csv"", ""main_4/outputs/ultimate_load_refocus/mesh_stratified/mesh_feature_set_comparison.csv""], ""0.660"": [""main_4/outputs/ultimate_load_refocus/pooled_post_onset/grouped_cv/selected_best_model_per_feature_set.csv"", ""report_v2/tables/post_onset_capacity.csv""], ""0.173"": [""main_4/outputs/ultimate_load_refocus/pooled_all_weeks/grouped_cv/feature_set_comparison.csv"", ""main_4/outputs/ultimate_load_refocus/pooled_post_onset/grouped_cv/selected_best_model_per_feature_set.csv"", ""main_4/outputs/ultimate_load_refocus/residual_refinement/model_comparison.csv | main_4/outputs/ultimate_load_refocus/residual_refinement/best_model.csv"", ""report_v2/evidence/paired_diagnostics.json"", ""report_v2/tables/paired_specimen_errors.csv""], ""0.633"": [""main_4/outputs/ultimate_load_refocus/mesh_stratified/mesh_feature_set_comparison.csv"", ""main_4/outputs/ultimate_load_refocus/pooled_post_onset/grouped_cv/selected_best_model_per_feature_set.csv"", ""report_v2/tables/mesh_capacity.csv"", ""report_v2/tables/post_onset_capacity.csv""], ""0.791"": [""main_4/outputs/ultimate_load_refocus/pooled_post_onset/grouped_cv/selected_best_model_per_feature_set.csv"", ""report_v2/tables/post_onset_capacity.csv""], ""0.803"": [""main_4/outputs/ultimate_load_refocus/pooled_post_onset/grouped_cv/selected_best_model_per_feature_set.csv"", ""report_v2/tables/post_onset_capacity.csv""]}","The post-onset sensitivity analysis retains 43 terminal specimens after the first total-rust observation of at least 0.5\%. Its metadata+RGB+HSV CatBoost configuration has mean MAE 0.163\,kN and $R^2=0.660$, compared with metadata-only Ridge MAE 0.173\,kN and $R^2=0.633$. Mean Spearman is 0.791 for the combined model and 0.803 for metadata alone. Thus the observed improvement is limited to some metrics, rather than a uniform increase in predictive quality."
report_v2/thesis/v2/thesis.tex,report_v2/thesis/v2/chapters/06_structural_results.tex,44,scientific prose/table/caption,0.462 | 48 | 24 | -0.046 | -0.401,"{""0.462"": [""main_4/outputs/ultimate_load_refocus/data/specimen_summary_table.csv | main_4/outputs/ultimate_load_refocus/correlations/mesh_stratified_corrosion_vs_ultimate_load.csv"", ""report_v2/tables/correlations_recomputed.csv"", ""report_v2/tables/paired_specimen_errors.csv""], ""48"": [""main_4/outputs/data/master_table.csv"", ""main_4/outputs/models/degradation/degradation_best_fits.csv"", ""main_4/outputs/models/proxy_rul/proxy_rul_summary.json | main_4/outputs/models/proxy_rul/proxy_rul_estimates.csv"", ""main_4/outputs/ultimate_load_refocus/data/specimen_summary_table.csv | main_4/outputs/ultimate_load_refocus/correlations/mesh_stratified_corrosion_vs_ultimate_load.csv"", ""main_4/outputs/ultimate_load_refocus/pooled_all_weeks/grouped_cv/experiments/hsv_only/CatBoost/fold_metrics.csv | main_4/outputs/ultimate_load_refocus/pooled_all_weeks/grouped_cv/experiments/hsv_only/CatBoost/terminal_fold_predictions.csv""], ""24"": [""main_4/outputs/data/master_table.csv"", ""main_4/outputs/ultimate_load_refocus/data/specimen_summary_table.csv | main_4/outputs/ultimate_load_refocus/correlations/mesh_stratified_corrosion_vs_ultimate_load.csv"", ""main_4/outputs/ultimate_load_refocus/mesh_stratified/mesh_feature_set_comparison.csv"", ""report_v2/tables/campaign_design.csv"", ""report_v2/tables/correlations_recomputed.csv""], ""-0.046"": [""main_4/outputs/ultimate_load_refocus/data/specimen_summary_table.csv | main_4/outputs/ultimate_load_refocus/correlations/mesh_stratified_corrosion_vs_ultimate_load.csv"", ""report_v2/tables/correlations_recomputed.csv""], ""-0.401"": [""main_4/outputs/ultimate_load_refocus/data/specimen_summary_table.csv | main_4/outputs/ultimate_load_refocus/correlations/mesh_stratified_corrosion_vs_ultimate_load.csv"", ""report_v2/tables/correlations_recomputed.csv""]}","Figure~\ref{fig:confounding} combines the campaign design with specimen-level terminal associations. Total surface rust and load have pooled Spearman correlation 0.462 for 48 specimens. Within the 24-specimen mesh groups, the corresponding correlations are $-0.046$ for four meshes and $-0.401$ for seven meshes. The first is approximately null; the second is negative. This demonstrates the sensitivity of the pooled association to the group structure without decomposing its causal components."
report_v2/thesis/v2/thesis.tex,report_v2/thesis/v2/chapters/06_structural_results.tex,46,scientific prose/table/caption,48 | 24 | 24,"{""48"": [""main_4/outputs/data/master_table.csv"", ""main_4/outputs/models/degradation/degradation_best_fits.csv"", ""main_4/outputs/models/proxy_rul/proxy_rul_summary.json | main_4/outputs/models/proxy_rul/proxy_rul_estimates.csv"", ""main_4/outputs/ultimate_load_refocus/data/specimen_summary_table.csv | main_4/outputs/ultimate_load_refocus/correlations/mesh_stratified_corrosion_vs_ultimate_load.csv"", ""main_4/outputs/ultimate_load_refocus/pooled_all_weeks/grouped_cv/experiments/hsv_only/CatBoost/fold_metrics.csv | main_4/outputs/ultimate_load_refocus/pooled_all_weeks/grouped_cv/experiments/hsv_only/CatBoost/terminal_fold_predictions.csv""], ""24"": [""main_4/outputs/data/master_table.csv"", ""main_4/outputs/ultimate_load_refocus/data/specimen_summary_table.csv | main_4/outputs/ultimate_load_refocus/correlations/mesh_stratified_corrosion_vs_ultimate_load.csv"", ""main_4/outputs/ultimate_load_refocus/mesh_stratified/mesh_feature_set_comparison.csv"", ""report_v2/tables/campaign_design.csv"", ""report_v2/tables/correlations_recomputed.csv""]}","\fig{confounding}{.92}{Campaign design and terminal surface-rust/load associations. The table shows the two observed combinations of mesh, chloride, and terminal exposure. Scatter plots use one terminal observation per specimen: pooled $n=48$, four-mesh $n=24$, seven-mesh $n=24$. Orange points are four-mesh specimens; blue points are seven-mesh specimens. Correlations are independently recomputed from the saved specimen summary. The pooled positive association does not establish an independent effect of rust on load.}{fig:confounding}"
report_v2/thesis/v2/thesis.tex,report_v2/thesis/v2/chapters/06_structural_results.tex,48,scientific prose/table/caption,2 | -3.557 | -0.806 | -4.654 | -0.298 | 0.137 | 0.460 | 2 | -0.386,"{""2"": [""main/reports/current_corrosion_metrics.csv"", ""main_4/outputs/data/master_table.csv"", ""main_4/outputs/diagnostics/tables/benchmark_best_model_robustness.csv | main_3/outputs/corrosion_regression_metrics.csv | main_3/outputs/damage_regression_metrics.csv"", ""main_4/outputs/models/proxy_rul/proxy_rul_estimates.csv"", ""main_4/outputs/ultimate_load_refocus/mesh_stratified/mesh_feature_set_comparison.csv""], ""-3.557"": [""main_4/outputs/ultimate_load_refocus/mesh_stratified/mesh_feature_set_comparison.csv"", ""report_v2/tables/mesh_capacity.csv""], ""-0.806"": [""main_4/outputs/ultimate_load_refocus/mesh_stratified/mesh_feature_set_comparison.csv"", ""report_v2/tables/mesh_capacity.csv""], ""-4.654"": [""main_4/outputs/ultimate_load_refocus/mesh_stratified/mesh_feature_set_comparison.csv"", ""report_v2/tables/mesh_capacity.csv""], ""-0.298"": [""main_4/outputs/ultimate_load_refocus/mesh_stratified/mesh_feature_set_comparison.csv"", ""report_v2/tables/mesh_capacity.csv""], ""0.137"": [""main_4/outputs/ultimate_load_refocus/mesh_stratified/mesh_feature_set_comparison.csv"", ""report_v2/tables/mesh_capacity.csv""], ""0.460"": [""main_2/reports/model_comparison.csv"", ""main_4/outputs/ultimate_load_refocus/mesh_stratified/mesh_feature_set_comparison.csv"", ""report_v2/tables/embedding.csv"", ""report_v2/tables/mesh_capacity.csv""], ""-0.386"": [""main_4/outputs/ultimate_load_refocus/mesh_stratified/mesh_feature_set_comparison.csv"", ""report_v2/tables/mesh_capacity.csv""]}","All selected feature-family configurations have negative mean test $R^2$ within either mesh family. In the four-mesh group, values range from $-3.557$ to $-0.806$; in the seven-mesh group they range from $-4.654$ to $-0.298$. Absolute MAE can still look moderate because the target range is narrower. For example, the selected seven-mesh HSV model has MAE 0.137\,kN and Spearman 0.460, but mean $R^2=-0.386$. Such a result does not justify the claim that every subgroup model contains no ranking information; it does limit a claim of reliably accurate capacity prediction. Full subgroup results are retained in Appendix~\ref{app:reproduction}."
report_v2/thesis/v2/thesis.tex,report_v2/thesis/v2/chapters/06_structural_results.tex,50,scientific prose/table/caption,0.465 | 2 | -4.639,"{""0.465"": [""main_4/outputs/ultimate_load_refocus/pooled_all_weeks/leave_one_campaign_out/feature_set_comparison.csv"", ""report_v2/tables/loco_capacity.csv""], ""2"": [""main/reports/current_corrosion_metrics.csv"", ""main_4/outputs/data/master_table.csv"", ""main_4/outputs/diagnostics/tables/benchmark_best_model_robustness.csv | main_3/outputs/corrosion_regression_metrics.csv | main_3/outputs/damage_regression_metrics.csv"", ""main_4/outputs/models/proxy_rul/proxy_rul_estimates.csv"", ""main_4/outputs/ultimate_load_refocus/mesh_stratified/mesh_feature_set_comparison.csv""], ""-4.639"": [""main_4/outputs/ultimate_load_refocus/pooled_all_weeks/leave_one_campaign_out/feature_set_comparison.csv"", ""report_v2/tables/loco_capacity.csv""]}","Under campaign exclusion, the best metadata-only family uses GradientBoosting, with mean MAE 0.465\,kN and mean $R^2=-4.639$ over the two directions. This differs from the pooled Ridge selection, so dividing these two scores would not be a fixed-model robustness ratio. The result shows poor performance even after choosing the best metadata-only model within this stress-test evaluation."
report_v2/thesis/v2/thesis.tex,report_v2/thesis/v2/chapters/06_structural_results.tex,53,scientific prose/table/caption,0.173 | 0.749,"{""0.173"": [""main_4/outputs/ultimate_load_refocus/pooled_all_weeks/grouped_cv/feature_set_comparison.csv"", ""main_4/outputs/ultimate_load_refocus/pooled_post_onset/grouped_cv/selected_best_model_per_feature_set.csv"", ""main_4/outputs/ultimate_load_refocus/residual_refinement/model_comparison.csv | main_4/outputs/ultimate_load_refocus/residual_refinement/best_model.csv"", ""report_v2/evidence/paired_diagnostics.json"", ""report_v2/tables/paired_specimen_errors.csv""], ""0.749"": [""main_4/outputs/ultimate_load_refocus/residual_refinement/model_comparison.csv | main_4/outputs/ultimate_load_refocus/residual_refinement/best_model.csv""]}","A specimen-summary refinement tests whether corrosion summaries can correct metadata-prediction residuals within mesh families. Its selected pipeline applies no residual correction: stage-one Ridge alone gives mean MAE approximately 0.173\,kN and mean Spearman 0.749. The attempted correction models do not improve that baseline in the saved comparison. This is a separate corroborating analysis within the same dataset, not external validation."
report_v2/thesis/v2/thesis.tex,report_v2/thesis/v2/chapters/07_proxy_status.tex,16,scientific prose/table/caption,48 | 27 | 21,"{""48"": [""main_4/outputs/data/master_table.csv"", ""main_4/outputs/models/degradation/degradation_best_fits.csv"", ""main_4/outputs/models/proxy_rul/proxy_rul_summary.json | main_4/outputs/models/proxy_rul/proxy_rul_estimates.csv"", ""main_4/outputs/ultimate_load_refocus/data/specimen_summary_table.csv | main_4/outputs/ultimate_load_refocus/correlations/mesh_stratified_corrosion_vs_ultimate_load.csv"", ""main_4/outputs/ultimate_load_refocus/pooled_all_weeks/grouped_cv/experiments/hsv_only/CatBoost/fold_metrics.csv | main_4/outputs/ultimate_load_refocus/pooled_all_weeks/grouped_cv/experiments/hsv_only/CatBoost/terminal_fold_predictions.csv""], ""27"": [""main_4/outputs/models/degradation/degradation_best_fits.csv""], ""21"": [""main_4/outputs/models/degradation/degradation_best_fits.csv""]}","The refined curve-selection output contains 48 fits: 27 linear and 21 monotone-isotonic. Smoothness or monotonicity is a modelling constraint, not evidence that the inferred path reproduces the specimen's actual hidden degradation. The structural models were refitted on available structural data before generating these trajectories; the saved degradation inputs are not fully out-of-fold structural predictions."
report_v2/thesis/v2/thesis.tex,report_v2/thesis/v2/chapters/07_proxy_status.tex,18,scientific prose/table/caption,144 | 0.20 | 0.30 | 0.40 | 365 | 45 | 97,"{""0.20"": [""main_4/outputs/models/hidden_damage/best_models.csv"", ""main_4/outputs/models/proxy_rul/proxy_rul_summary.json | main_4/outputs/models/proxy_rul/proxy_rul_estimates.csv"", ""main_4/outputs/ultimate_load_refocus/mesh_stratified/mesh_feature_set_comparison.csv"", ""main_4/outputs/ultimate_load_refocus/pooled_all_weeks/grouped_cv/feature_set_comparison.csv"", ""main_4/outputs/ultimate_load_refocus/pooled_all_weeks/leave_one_campaign_out/feature_set_comparison.csv""], ""0.30"": [""main_4/outputs/models/proxy_rul/proxy_rul_summary.json | main_4/outputs/models/proxy_rul/proxy_rul_estimates.csv"", ""main_4/outputs/ultimate_load_refocus/mesh_stratified/mesh_feature_set_comparison.csv"", ""main_4/outputs/ultimate_load_refocus/pooled_post_onset/grouped_cv/selected_best_model_per_feature_set.csv"", ""report_v2/tables/mesh_capacity.csv"", ""report_v2/tables/paired_specimen_errors.csv""], ""0.40"": [""main_4/outputs/models/proxy_rul/proxy_rul_summary.json | main_4/outputs/models/proxy_rul/proxy_rul_estimates.csv"", ""report_v2/tables/threshold_status.csv"", ""report_v2/tables/threshold_summary.csv""], ""45"": [""main_4/outputs/models/proxy_rul/proxy_rul_estimates.csv"", ""report_v2/tables/split_checks.csv""], ""97"": [""main_4/outputs/models/proxy_rul/proxy_rul_estimates.csv""]}","Figure~\ref{fig:thresholds} reports the status of all 144 specimen--threshold combinations for wire-area-loss thresholds 0.20, 0.30, and 0.40 and a 365-day projection horizon. There are zero future crossings at every threshold. Across threshold combinations, 45 are already crossed at baseline, two cross during observation, and 97 do not cross within the horizon. These counts are combinations, not counts of distinct specimens across all thresholds."
report_v2/thesis/v2/thesis.tex,report_v2/thesis/v2/chapters/07_proxy_status.tex,20,scientific prose/table/caption,48 | 365,"{""48"": [""main_4/outputs/data/master_table.csv"", ""main_4/outputs/models/degradation/degradation_best_fits.csv"", ""main_4/outputs/models/proxy_rul/proxy_rul_summary.json | main_4/outputs/models/proxy_rul/proxy_rul_estimates.csv"", ""main_4/outputs/ultimate_load_refocus/data/specimen_summary_table.csv | main_4/outputs/ultimate_load_refocus/correlations/mesh_stratified_corrosion_vs_ultimate_load.csv"", ""main_4/outputs/ultimate_load_refocus/pooled_all_weeks/grouped_cv/experiments/hsv_only/CatBoost/fold_metrics.csv | main_4/outputs/ultimate_load_refocus/pooled_all_weeks/grouped_cv/experiments/hsv_only/CatBoost/terminal_fold_predictions.csv""]}","\fig{threshold_status}{.90}{Refined threshold-status distribution from estimated wire-area-loss trajectories. Each horizontal bar contains 48 specimens at one exploratory threshold. Crossings already present at baseline and during observation are retained, while no crossing is forecast after the last observation within the 365-day horizon. Grey cases do not cross within that model horizon. These are downstream model statuses, not observed structural failures or calibrated survival outcomes.}{fig:thresholds}"
report_v2/thesis/v2/thesis.tex,report_v2/thesis/v2/chapters/09_limitations.tex,5,scientific prose/table/caption,48,"{""48"": [""main_4/outputs/data/master_table.csv"", ""main_4/outputs/models/degradation/degradation_best_fits.csv"", ""main_4/outputs/models/proxy_rul/proxy_rul_summary.json | main_4/outputs/models/proxy_rul/proxy_rul_estimates.csv"", ""main_4/outputs/ultimate_load_refocus/data/specimen_summary_table.csv | main_4/outputs/ultimate_load_refocus/correlations/mesh_stratified_corrosion_vs_ultimate_load.csv"", ""main_4/outputs/ultimate_load_refocus/pooled_all_weeks/grouped_cv/experiments/hsv_only/CatBoost/fold_metrics.csv | main_4/outputs/ultimate_load_refocus/pooled_all_weeks/grouped_cv/experiments/hsv_only/CatBoost/terminal_fold_predictions.csv""]}","There are only 48 independent specimens and two campaigns. Repeated photographs improve the visual record but do not increase the structural sample size. Mesh, chloride, and terminal duration are aligned with campaign, preventing identification of their separate effects in the pooled data. Treatment variation remains, but small and uneven groups further restrict transfer evaluation."
report_v2/thesis/v2/thesis.tex,report_v2/thesis/v2/chapters/09_limitations.tex,17,scientific prose/table/caption,2,"{""2"": [""main/reports/current_corrosion_metrics.csv"", ""main_4/outputs/data/master_table.csv"", ""main_4/outputs/diagnostics/tables/benchmark_best_model_robustness.csv | main_3/outputs/corrosion_regression_metrics.csv | main_3/outputs/damage_regression_metrics.csv"", ""main_4/outputs/models/proxy_rul/proxy_rul_estimates.csv"", ""main_4/outputs/ultimate_load_refocus/mesh_stratified/mesh_feature_set_comparison.csv""]}","Per-family model selection and reporting use the same evaluation folds. No untouched external confirmation set validates the selected structural pipeline. Fold standard deviations describe variation over dependent splits; they are not sampling confidence intervals. Small within-mesh test sets make $R^2$ and rank correlation unstable, and a mean over folds can hide asymmetric campaign or treatment failures."
report_v2/thesis/v2/thesis.tex,report_v2/thesis/v2/chapters/09_limitations.tex,19,scientific prose/table/caption,2,"{""2"": [""main/reports/current_corrosion_metrics.csv"", ""main_4/outputs/data/master_table.csv"", ""main_4/outputs/diagnostics/tables/benchmark_best_model_robustness.csv | main_3/outputs/corrosion_regression_metrics.csv | main_3/outputs/damage_regression_metrics.csv"", ""main_4/outputs/models/proxy_rul/proxy_rul_estimates.csv"", ""main_4/outputs/ultimate_load_refocus/mesh_stratified/mesh_feature_set_comparison.csv""]}","A negative mean $R^2$ is evidence of poor performance under that score and partitioning, not a theorem that every prediction is useless. Conversely, moderate pooled MAE does not establish calibration, useful ranking within a subgroup, or adequate performance for a structural decision."
report_v2/thesis/v2/thesis.tex,report_v2/thesis/v2/chapters/10_status_conclusions.tex,8,scientific prose/table/caption,48,"{""48"": [""main_4/outputs/data/master_table.csv"", ""main_4/outputs/models/degradation/degradation_best_fits.csv"", ""main_4/outputs/models/proxy_rul/proxy_rul_summary.json | main_4/outputs/models/proxy_rul/proxy_rul_estimates.csv"", ""main_4/outputs/ultimate_load_refocus/data/specimen_summary_table.csv | main_4/outputs/ultimate_load_refocus/correlations/mesh_stratified_corrosion_vs_ultimate_load.csv"", ""main_4/outputs/ultimate_load_refocus/pooled_all_weeks/grouped_cv/experiments/hsv_only/CatBoost/fold_metrics.csv | main_4/outputs/ultimate_load_refocus/pooled_all_weeks/grouped_cv/experiments/hsv_only/CatBoost/terminal_fold_predictions.csv""]}","\caption[Prepared four-class data splits]{Prepared four-class total-rust manifests. Counts come from the actual retained manifests, not the larger global augmentation inventory. All 48 specimens are assigned to disjoint splits; validation and test contain originals only. These are data-preparation counts and imply no classification performance.}\label{tab:classsplits}"
report_v2/thesis/v2/thesis.tex,report_v2/thesis/v2/chapters/10_status_conclusions.tex,11,scientific prose/table/caption,3 | 846 | 38 | 641 | 3 | 205 | 75 | 3 | 996,"{""3"": [""Data/splits/train_manifest.csv | Data/splits/val_manifest.csv | Data/splits/test_manifest.csv"", ""main/reports/current_corrosion_metrics.csv"", ""main_4/outputs/data/master_table.csv"", ""main_4/outputs/diagnostics/tables/benchmark_best_model_robustness.csv | main_3/outputs/corrosion_regression_metrics.csv | main_3/outputs/damage_regression_metrics.csv"", ""main_4/outputs/models/hidden_damage/best_models.csv""], ""38"": [""Data/splits/train_manifest.csv | Data/splits/val_manifest.csv | Data/splits/test_manifest.csv"", ""main_3/outputs/canonical_dataset.csv"", ""report_v2/evidence/paired_diagnostics.json"", ""report_v2/tables/classification_splits.csv"", ""report_v2/tables/split_checks.csv""], ""641"": [""Data/splits/train_manifest.csv | Data/splits/val_manifest.csv | Data/splits/test_manifest.csv"", ""report_v2/tables/classification_splits.csv""], ""75"": [""Data/splits/train_manifest.csv | Data/splits/val_manifest.csv | Data/splits/test_manifest.csv"", ""report_v2/tables/classification_splits.csv""]}","The training set contains 3,846 images from 38 specimens, comprising 641 originals and 3,205 augmented copies. Validation and test each contain 75 original images from five specimens. These numbers differ from the complete offline augmentation inventory because transformed copies from held-out specimens are excluded from training. The final retained manifests contain 3,996 images in total."
report_v2/thesis/v2/thesis.tex,report_v2/thesis/v2/chapters/11_reproducibility.tex,27,scientific prose/table/caption,11 | 11 | 41 | 36 | 88,"{""11"": [""main_4/outputs/ultimate_load_refocus/mesh_stratified/mesh_feature_set_comparison.csv"", ""main_4/outputs/ultimate_load_refocus/pooled_all_weeks/grouped_cv/feature_set_comparison.csv"", ""main_4/outputs/ultimate_load_refocus/pooled_all_weeks/leave_one_campaign_out/feature_set_comparison.csv"", ""main_4/outputs/ultimate_load_refocus/pooled_post_onset/grouped_cv/selected_best_model_per_feature_set.csv"", ""main_4/outputs/ultimate_load_refocus/residual_refinement/model_comparison.csv | main_4/outputs/ultimate_load_refocus/residual_refinement/best_model.csv""], ""41"": [""main_4/outputs/ultimate_load_refocus/mesh_stratified/mesh_feature_set_comparison.csv"", ""main_4/outputs/ultimate_load_refocus/pooled_all_weeks/grouped_cv/feature_set_comparison.csv"", ""main_4/outputs/ultimate_load_refocus/pooled_all_weeks/leave_one_campaign_out/feature_set_comparison.csv"", ""main_4/outputs/ultimate_load_refocus/pooled_post_onset/grouped_cv/selected_best_model_per_feature_set.csv"", ""report_v2/tables/loco_capacity.csv""], ""36"": [""main_4/outputs/data/master_table.csv"", ""main_4/outputs/ultimate_load_refocus/mesh_stratified/mesh_feature_set_comparison.csv"", ""main_4/outputs/ultimate_load_refocus/pooled_all_weeks/grouped_cv/feature_set_comparison.csv"", ""main_4/outputs/ultimate_load_refocus/pooled_all_weeks/leave_one_campaign_out/feature_set_comparison.csv"", ""main_4/outputs/ultimate_load_refocus/pooled_post_onset/grouped_cv/selected_best_model_per_feature_set.csv""], ""88"": [""main_4/outputs/ultimate_load_refocus/mesh_stratified/mesh_feature_set_comparison.csv"", ""main_4/outputs/ultimate_load_refocus/pooled_all_weeks/grouped_cv/feature_set_comparison.csv"", ""main_4/outputs/ultimate_load_refocus/pooled_all_weeks/leave_one_campaign_out/feature_set_comparison.csv"", ""main_4/outputs/ultimate_load_refocus/pooled_post_onset/grouped_cv/selected_best_model_per_feature_set.csv"", ""report_v2/tables/loco_capacity.csv""]}","The focused capacity metadata list contains campaign, series, treatment group, treatment protocol, coarse treatment, coarse treatment label, mesh count, chloride concentration, cover, observation week, and ageing days. These are 11 input columns before encoding, not necessarily 11 dimensions after one-hot encoding. RGB and HSV families contain 41 and 36 input columns, respectively. The combined metadata+RGB+HSV input contains 88 columns before encoding. These counts are taken from the saved feature-family comparison, not inferred from the number of displayed importances."
report_v2/thesis/v2/thesis.tex,report_v2/thesis/v2/chapters/11_reproducibility.tex,31,scientific prose/table/caption,42,"{""42"": [""report_v2/tables/split_checks.csv""]}","Saved configurations specify a random seed of 42 for the focused experiments, two repetitions of five folds, and mesh stratification in the pooled case. The original model families include tree ensembles and Ridge. Some numeric configuration fields are currently corrupted, so this appendix does not silently substitute guessed historical hyperparameter values. The saved results and exact current files are hashed in the verification tables. Historical training duration and complete environment metadata are not consistently available; the report does not invent them."
report_v2/thesis/v2/thesis.tex,report_v2/thesis/v2/chapters/11_reproducibility.tex,35,scientific prose/table/caption,43,"{""43"": [""main_4/outputs/models/proxy_rul/proxy_rul_summary.json | main_4/outputs/models/proxy_rul/proxy_rul_estimates.csv"", ""main_4/outputs/ultimate_load_refocus/pooled_post_onset/grouped_cv/selected_best_model_per_feature_set.csv"", ""report_v2/tables/post_onset_capacity.csv"", ""report_v2/tables/threshold_status.csv"", ""report_v2/tables/threshold_summary.csv""]}",\caption[Complete post-onset sensitivity results]{Selected post-onset configurations for 43 terminal specimens over ten grouped folds. MAE and sample SD are in kN; other columns are mean fold metrics. Input/model selection is exploratory and shares the evaluation folds.}\label{tab:postfull}
report_v2/thesis/v2/thesis.tex,report_v2/thesis/v2/chapters/11_reproducibility.tex,39,scientific prose/table/caption,24 | 2,"{""24"": [""main_4/outputs/data/master_table.csv"", ""main_4/outputs/ultimate_load_refocus/data/specimen_summary_table.csv | main_4/outputs/ultimate_load_refocus/correlations/mesh_stratified_corrosion_vs_ultimate_load.csv"", ""main_4/outputs/ultimate_load_refocus/mesh_stratified/mesh_feature_set_comparison.csv"", ""report_v2/tables/campaign_design.csv"", ""report_v2/tables/correlations_recomputed.csv""], ""2"": [""main/reports/current_corrosion_metrics.csv"", ""main_4/outputs/data/master_table.csv"", ""main_4/outputs/diagnostics/tables/benchmark_best_model_robustness.csv | main_3/outputs/corrosion_regression_metrics.csv | main_3/outputs/damage_regression_metrics.csv"", ""main_4/outputs/models/proxy_rul/proxy_rul_estimates.csv"", ""main_4/outputs/ultimate_load_refocus/mesh_stratified/mesh_feature_set_comparison.csv""]}","\caption[Complete within-mesh results]{All selected within-mesh feature families, with 24 terminal specimens per mesh group and ten grouped folds per analysis. MAE is in kN. Every row has negative mean test $R^2$; Spearman varies and is not uniformly null. Model choices differ by feature family.}\label{tab:meshfull}"
report_v2/thesis/v2/thesis.tex,report_v2/thesis/v2/chapters/11_reproducibility.tex,44,scientific prose/table/caption,48,"{""48"": [""main_4/outputs/data/master_table.csv"", ""main_4/outputs/models/degradation/degradation_best_fits.csv"", ""main_4/outputs/models/proxy_rul/proxy_rul_summary.json | main_4/outputs/models/proxy_rul/proxy_rul_estimates.csv"", ""main_4/outputs/ultimate_load_refocus/data/specimen_summary_table.csv | main_4/outputs/ultimate_load_refocus/correlations/mesh_stratified_corrosion_vs_ultimate_load.csv"", ""main_4/outputs/ultimate_load_refocus/pooled_all_weeks/grouped_cv/experiments/hsv_only/CatBoost/fold_metrics.csv | main_4/outputs/ultimate_load_refocus/pooled_all_weeks/grouped_cv/experiments/hsv_only/CatBoost/terminal_fold_predictions.csv""]}","The paired diagnostic added after first-draft review reads the metadata-only Ridge and metadata+HSV Ridge terminal-fold prediction files under the same pooled experiment. It verifies matching specimen/split keys and equal target values, averages absolute errors over each specimen's two held-out evaluations, and then weights the 48 specimen differences equally. The complete paired data and source hashes are saved in \path{report_v2/tables/paired_specimen_errors.csv} and \path{report_v2/evidence/paired_diagnostics.json}. This is a new aggregation of saved predictions, not a model refit."
report_v2/thesis/v2/thesis.tex,report_v2/thesis/v2/chapters/11_reproducibility.tex,47,scientific prose/table/caption,48 | 365,"{""48"": [""main_4/outputs/data/master_table.csv"", ""main_4/outputs/models/degradation/degradation_best_fits.csv"", ""main_4/outputs/models/proxy_rul/proxy_rul_summary.json | main_4/outputs/models/proxy_rul/proxy_rul_estimates.csv"", ""main_4/outputs/ultimate_load_refocus/data/specimen_summary_table.csv | main_4/outputs/ultimate_load_refocus/correlations/mesh_stratified_corrosion_vs_ultimate_load.csv"", ""main_4/outputs/ultimate_load_refocus/pooled_all_weeks/grouped_cv/experiments/hsv_only/CatBoost/fold_metrics.csv | main_4/outputs/ultimate_load_refocus/pooled_all_weeks/grouped_cv/experiments/hsv_only/CatBoost/terminal_fold_predictions.csv""]}","\caption[Threshold counts for model-derived wire loss]{Threshold status of model-derived wire-area-loss trajectories for 48 specimens per threshold. Values are counts, not measured failures. Thresholds are fractions expressed here as percentages. ``Not crossed'' means within the configured 365-day projection horizon; the term does not imply a validated survival observation. Future crossing count is zero at all thresholds.}\label{tab:thresholds}"
report_v2/thesis/v2/thesis.tex,report_v2/thesis/v2/chapters/11_reproducibility.tex,52,scientific prose/table/caption,168,"{""168"": [""main_4/configs/specimen_mapping.yaml | main_4/outputs/data/master_table.csv""]}","PyYAML parses the unquoted value \texttt{NO} as boolean false for ten no-treatment specimens. The saved coarse-treatment field contains the string \texttt{False} for 168 rows, while the raw treatment field retains \texttt{NO}. The report uses intended treatment semantics when describing the experiment, without modifying the historical modelling artifacts."
report_v2/article/v2/article.tex,report_v2/article/v2/article.tex,15,scientific prose/table/caption,48 | 791 | 0.173 | 0.046 | 2,"{""48"": [""main_4/outputs/data/master_table.csv"", ""main_4/outputs/models/degradation/degradation_best_fits.csv"", ""main_4/outputs/models/proxy_rul/proxy_rul_summary.json | main_4/outputs/models/proxy_rul/proxy_rul_estimates.csv"", ""main_4/outputs/ultimate_load_refocus/data/specimen_summary_table.csv | main_4/outputs/ultimate_load_refocus/correlations/mesh_stratified_corrosion_vs_ultimate_load.csv"", ""main_4/outputs/ultimate_load_refocus/pooled_all_weeks/grouped_cv/experiments/hsv_only/CatBoost/fold_metrics.csv | main_4/outputs/ultimate_load_refocus/pooled_all_weeks/grouped_cv/experiments/hsv_only/CatBoost/terminal_fold_predictions.csv""], ""791"": [""main_4/outputs/data/master_table.csv"", ""main_4/outputs/data/master_table.csv | main_4/outputs/features/image_features.csv""], ""0.173"": [""main_4/outputs/ultimate_load_refocus/pooled_all_weeks/grouped_cv/feature_set_comparison.csv"", ""main_4/outputs/ultimate_load_refocus/pooled_post_onset/grouped_cv/selected_best_model_per_feature_set.csv"", ""main_4/outputs/ultimate_load_refocus/residual_refinement/model_comparison.csv | main_4/outputs/ultimate_load_refocus/residual_refinement/best_model.csv"", ""report_v2/evidence/paired_diagnostics.json"", ""report_v2/tables/paired_specimen_errors.csv""], ""0.046"": [""main_4/outputs/ultimate_load_refocus/mesh_stratified/mesh_feature_set_comparison.csv"", ""main_4/outputs/ultimate_load_refocus/pooled_all_weeks/grouped_cv/feature_set_comparison.csv"", ""main_4/outputs/ultimate_load_refocus/pooled_all_weeks/leave_one_campaign_out/feature_set_comparison.csv"", ""main_4/outputs/ultimate_load_refocus/pooled_post_onset/grouped_cv/selected_best_model_per_feature_set.csv"", ""report_v2/tables/loco_capacity.csv""], ""2"": [""main/reports/current_corrosion_metrics.csv"", ""main_4/outputs/data/master_table.csv"", ""main_4/outputs/diagnostics/tables/benchmark_best_model_robustness.csv | main_3/outputs/corrosion_regression_metrics.csv | main_3/outputs/damage_regression_metrics.csv"", ""main_4/outputs/models/proxy_rul/proxy_rul_estimates.csv"", ""main_4/outputs/ultimate_load_refocus/mesh_stratified/mesh_feature_set_comparison.csv""]}","An accurate visual corrosion model need not provide a transferable estimate of structural capacity. This study examines that boundary using saved experiments on 48 ferrocement specimens from two campaigns. The aligned photographic record contains 791 observations, while wire-area loss and ultimate load are each measured once per specimen at terminal testing. Campaign identity coincides with mesh configuration, chloride concentration, and terminal exposure. A focused terminal-load comparison uses specimen-disjoint, repeated five-fold evaluation and image-only, metadata-only, and combined feature families. Scoring uses held-out terminal images, rather than a fixed early horizon. Metadata-only Ridge achieves mean terminal-test MAE of 0.173\,kN with fold standard deviation 0.046\,kN. The tested image descriptors do not establish a reliable pooled improvement. A post-onset subset yields a limited MAE gain for a combined model without uniformly better rank correlation. Every selected feature-family model has negative mean test $R^2$ within each mesh group. Campaign exclusion provides a severe extrapolation stress test rather than a representative estimate of deployment error. The contribution is a bounded empirical account of how supervision, metadata controls, and evaluation regime constrain structural claims from images. Model-derived threshold analysis is not validated remaining-life prediction, and no performance result exists for the separate prepared four-class classifier."
report_v2/article/v2/article.tex,report_v2/article/v2/article.tex,39,scientific prose/table/caption,791 | 48 | 792 | 15 | 18,"{""791"": [""main_4/outputs/data/master_table.csv"", ""main_4/outputs/data/master_table.csv | main_4/outputs/features/image_features.csv""], ""48"": [""main_4/outputs/data/master_table.csv"", ""main_4/outputs/models/degradation/degradation_best_fits.csv"", ""main_4/outputs/models/proxy_rul/proxy_rul_summary.json | main_4/outputs/models/proxy_rul/proxy_rul_estimates.csv"", ""main_4/outputs/ultimate_load_refocus/data/specimen_summary_table.csv | main_4/outputs/ultimate_load_refocus/correlations/mesh_stratified_corrosion_vs_ultimate_load.csv"", ""main_4/outputs/ultimate_load_refocus/pooled_all_weeks/grouped_cv/experiments/hsv_only/CatBoost/fold_metrics.csv | main_4/outputs/ultimate_load_refocus/pooled_all_weeks/grouped_cv/experiments/hsv_only/CatBoost/terminal_fold_predictions.csv""], ""792"": [""Data/Images_dataset.zip"", ""main_2/reports/predictions_best_model.csv"", ""main_4/outputs/audit/verified_facts.json"", ""report_v2/evidence/paired_diagnostics.json""], ""15"": [""main_4/outputs/data/master_table.csv"", ""main_4/outputs/models/proxy_rul/proxy_rul_summary.json | main_4/outputs/models/proxy_rul/proxy_rul_estimates.csv"", ""report_v2/tables/interpretable_regime_winners.csv"", ""report_v2/tables/threshold_status.csv"", ""report_v2/tables/threshold_summary.csv""], ""18"": [""main_4/outputs/data/master_table.csv"", ""report_v2/tables/interpretable_regime_winners.csv""]}","The aligned basis consists of 791 readable photographs from 48 specimens. One of the 792 raw PNG files is unreadable, independently confirmed from the local archive. Each specimen has 15--18 retained photographs. Visible total-rust and peak-rust labels are available repeatedly, but each structural endpoint---wire-area loss and ultimate load---is measured only at the terminal observation."
report_v2/article/v2/article.tex,report_v2/article/v2/article.tex,41,scientific prose/table/caption,24 | 3.5 | 28 | 5.0 | 36,"{""24"": [""main_4/outputs/data/master_table.csv"", ""main_4/outputs/ultimate_load_refocus/data/specimen_summary_table.csv | main_4/outputs/ultimate_load_refocus/correlations/mesh_stratified_corrosion_vs_ultimate_load.csv"", ""main_4/outputs/ultimate_load_refocus/mesh_stratified/mesh_feature_set_comparison.csv"", ""report_v2/tables/campaign_design.csv"", ""report_v2/tables/correlations_recomputed.csv""], ""3.5"": [""main_4/outputs/data/master_table.csv"", ""report_v2/tables/campaign_design.csv""], ""28"": [""main_4/outputs/data/master_table.csv"", ""main_4/outputs/ultimate_load_refocus/residual_refinement/model_comparison.csv | main_4/outputs/ultimate_load_refocus/residual_refinement/best_model.csv"", ""report_v2/tables/campaign_design.csv""], ""5.0"": [""Data/splits/train_manifest.csv | Data/splits/val_manifest.csv | Data/splits/test_manifest.csv"", ""main_4/outputs/data/master_table.csv"", ""main_4/outputs/models/proxy_rul/proxy_rul_summary.json | main_4/outputs/models/proxy_rul/proxy_rul_estimates.csv"", ""report_v2/evidence/paired_diagnostics.json"", ""report_v2/tables/campaign_design.csv""], ""36"": [""main_4/outputs/data/master_table.csv"", ""main_4/outputs/ultimate_load_refocus/mesh_stratified/mesh_feature_set_comparison.csv"", ""main_4/outputs/ultimate_load_refocus/pooled_all_weeks/grouped_cv/feature_set_comparison.csv"", ""main_4/outputs/ultimate_load_refocus/pooled_all_weeks/leave_one_campaign_out/feature_set_comparison.csv"", ""main_4/outputs/ultimate_load_refocus/pooled_post_onset/grouped_cv/selected_best_model_per_feature_set.csv""]}","There are 24 specimens per campaign. One campaign uses seven mesh layers, 3.5\% NaCl, and terminal week 28; the other uses four mesh layers, 5.0\% NaCl, and terminal week 36. Treatment protocols vary within the campaigns. Thus the dataset has two jointly observed campaign-level combinations of the principal design/exposure variables, with no crossed combinations that isolate their separate effects."
report_v2/article/v2/article.tex,report_v2/article/v2/article.tex,46,typographic/notation,.94,{},\includegraphics[width=.94\textwidth]{\shared/figures/confounding.pdf}
report_v2/article/v2/article.tex,report_v2/article/v2/article.tex,47,scientific prose/table/caption,48 | 24,"{""48"": [""main_4/outputs/data/master_table.csv"", ""main_4/outputs/models/degradation/degradation_best_fits.csv"", ""main_4/outputs/models/proxy_rul/proxy_rul_summary.json | main_4/outputs/models/proxy_rul/proxy_rul_estimates.csv"", ""main_4/outputs/ultimate_load_refocus/data/specimen_summary_table.csv | main_4/outputs/ultimate_load_refocus/correlations/mesh_stratified_corrosion_vs_ultimate_load.csv"", ""main_4/outputs/ultimate_load_refocus/pooled_all_weeks/grouped_cv/experiments/hsv_only/CatBoost/fold_metrics.csv | main_4/outputs/ultimate_load_refocus/pooled_all_weeks/grouped_cv/experiments/hsv_only/CatBoost/terminal_fold_predictions.csv""], ""24"": [""main_4/outputs/data/master_table.csv"", ""main_4/outputs/ultimate_load_refocus/data/specimen_summary_table.csv | main_4/outputs/ultimate_load_refocus/correlations/mesh_stratified_corrosion_vs_ultimate_load.csv"", ""main_4/outputs/ultimate_load_refocus/mesh_stratified/mesh_feature_set_comparison.csv"", ""report_v2/tables/campaign_design.csv"", ""report_v2/tables/correlations_recomputed.csv""]}","\caption{Observed campaign combinations and terminal total-rust/load associations. Orange denotes four-mesh specimens and blue denotes seven-mesh specimens. The pooled analysis uses one terminal observation for each of 48 specimens; within-mesh panels have 24 each. Correlations are recomputed from saved specimen summaries. The pooled positive association becomes approximately null for four meshes and negative for seven meshes. This demonstrates sensitivity to group structure, not a decomposition of causal effects.}\label{fig:confounding}"
report_v2/article/v2/article.tex,report_v2/article/v2/article.tex,63,scientific prose/table/caption,48 | 2,"{""48"": [""main_4/outputs/data/master_table.csv"", ""main_4/outputs/models/degradation/degradation_best_fits.csv"", ""main_4/outputs/models/proxy_rul/proxy_rul_summary.json | main_4/outputs/models/proxy_rul/proxy_rul_estimates.csv"", ""main_4/outputs/ultimate_load_refocus/data/specimen_summary_table.csv | main_4/outputs/ultimate_load_refocus/correlations/mesh_stratified_corrosion_vs_ultimate_load.csv"", ""main_4/outputs/ultimate_load_refocus/pooled_all_weeks/grouped_cv/experiments/hsv_only/CatBoost/fold_metrics.csv | main_4/outputs/ultimate_load_refocus/pooled_all_weeks/grouped_cv/experiments/hsv_only/CatBoost/terminal_fold_predictions.csv""], ""2"": [""main/reports/current_corrosion_metrics.csv"", ""main_4/outputs/data/master_table.csv"", ""main_4/outputs/diagnostics/tables/benchmark_best_model_robustness.csv | main_3/outputs/corrosion_regression_metrics.csv | main_3/outputs/damage_regression_metrics.csv"", ""main_4/outputs/models/proxy_rul/proxy_rul_estimates.csv"", ""main_4/outputs/ultimate_load_refocus/mesh_stratified/mesh_feature_set_comparison.csv""]}","The main analysis uses two repetitions of five specimen folds, stratified by mesh for the pooled experiment. All 48 specimens are tested in each repetition; individual terminal test folds contain nine or ten specimens. Tables report arithmetic mean fold MAE, $R^2$, and Spearman correlation, with sample fold SD where shown. Repeated folds share specimens and training data, so SD is descriptive and is not a confidence interval on deployment error."
report_v2/article/v2/article.tex,report_v2/article/v2/article.tex,65,scientific prose/table/caption,24,"{""24"": [""main_4/outputs/data/master_table.csv"", ""main_4/outputs/ultimate_load_refocus/data/specimen_summary_table.csv | main_4/outputs/ultimate_load_refocus/correlations/mesh_stratified_corrosion_vs_ultimate_load.csv"", ""main_4/outputs/ultimate_load_refocus/mesh_stratified/mesh_feature_set_comparison.csv"", ""report_v2/tables/campaign_design.csv"", ""report_v2/tables/correlations_recomputed.csv""]}","Within-mesh analyses repeat the comparison separately for the 24 specimens in each mesh group, with four or five terminal test specimens per fold. Campaign exclusion trains on one campaign and tests on the other, giving two directions. Because the withheld campaign also changes mesh, chloride, and duration, leave-one-campaign-out (LOCO) is an extrapolation stress test."
report_v2/article/v2/article.tex,report_v2/article/v2/article.tex,67,scientific prose/table/caption,0.5 | 43,"{""0.5"": [""main_2/reports/model_comparison.csv"", ""main_4/outputs/diagnostics/tables/benchmark_best_model_robustness.csv | main_3/outputs/corrosion_regression_metrics.csv | main_3/outputs/damage_regression_metrics.csv"", ""main_4/outputs/ultimate_load_refocus/data/specimen_summary_table.csv | main_4/outputs/ultimate_load_refocus/correlations/mesh_stratified_corrosion_vs_ultimate_load.csv"", ""main_4/outputs/ultimate_load_refocus/mesh_stratified/mesh_feature_set_comparison.csv"", ""main_4/outputs/ultimate_load_refocus/pooled_all_weeks/grouped_cv/feature_set_comparison.csv""], ""43"": [""main_4/outputs/models/proxy_rul/proxy_rul_summary.json | main_4/outputs/models/proxy_rul/proxy_rul_estimates.csv"", ""main_4/outputs/ultimate_load_refocus/pooled_post_onset/grouped_cv/selected_best_model_per_feature_set.csv"", ""report_v2/tables/post_onset_capacity.csv"", ""report_v2/tables/threshold_status.csv"", ""report_v2/tables/threshold_summary.csv""]}","A post-onset sensitivity analysis retains observations at and after the first total-rust label of at least 0.5\%, leaving 43 terminal specimens and eight or nine terminal test specimens per fold. This is a pragmatic cutoff rather than a universal visibility threshold; later observations are retained even if their recorded rust falls below it. A separate specimen-summary experiment tests residual correction of metadata predictions using corrosion summaries within mesh groups."
report_v2/article/v2/article.tex,report_v2/article/v2/article.tex,70,scientific prose/table/caption,2,"{""2"": [""main/reports/current_corrosion_metrics.csv"", ""main_4/outputs/data/master_table.csv"", ""main_4/outputs/diagnostics/tables/benchmark_best_model_robustness.csv | main_3/outputs/corrosion_regression_metrics.csv | main_3/outputs/damage_regression_metrics.csv"", ""main_4/outputs/models/proxy_rul/proxy_rul_estimates.csv"", ""main_4/outputs/ultimate_load_refocus/mesh_stratified/mesh_feature_set_comparison.csv""]}","The same saved folds are used to select and report the feature-family winners. This limits confirmatory interpretation, especially for small differences. A per-regime best model also differs from a fixed-model robustness test: ratios across evaluation regimes are meaningful as model deterioration only when the same model is retained. Finally, negative test $R^2$ means error exceeds the test-set-mean reference under that score. In small, narrow-range groups, this score can be highly variable; it does not imply every prediction lacks useful rank information."
report_v2/article/v2/article.tex,report_v2/article/v2/article.tex,76,scientific prose/table/caption,791 | 0.9996 | 0.00023,"{""791"": [""main_4/outputs/data/master_table.csv"", ""main_4/outputs/data/master_table.csv | main_4/outputs/features/image_features.csv""], ""0.9996"": [""main_4/outputs/data/master_table.csv | main_4/outputs/features/image_features.csv""], ""0.00023"": [""main_4/outputs/data/master_table.csv | main_4/outputs/features/image_features.csv""]}","A more specific limit appears in the refined total-rust audit. Across 791 matched observations, the total-rust label and rust-area image feature have Spearman correlation 0.9996 and mean absolute difference approximately 0.00023 percentage points. This is near numerical reconstruction. It supports consistency of the visual measurement pipeline, but is not independent evidence that images recover hidden structural condition. The precise historical label-generation procedure is not established by the correlation alone."
report_v2/article/v2/article.tex,report_v2/article/v2/article.tex,79,scientific prose/table/caption,0.173 | 0.046 | 0.214 | 0.758 | 0.172711 | 0.173003 | 0.758 | 0.771,"{""0.173"": [""main_4/outputs/ultimate_load_refocus/pooled_all_weeks/grouped_cv/feature_set_comparison.csv"", ""main_4/outputs/ultimate_load_refocus/pooled_post_onset/grouped_cv/selected_best_model_per_feature_set.csv"", ""main_4/outputs/ultimate_load_refocus/residual_refinement/model_comparison.csv | main_4/outputs/ultimate_load_refocus/residual_refinement/best_model.csv"", ""report_v2/evidence/paired_diagnostics.json"", ""report_v2/tables/paired_specimen_errors.csv""], ""0.046"": [""main_4/outputs/ultimate_load_refocus/mesh_stratified/mesh_feature_set_comparison.csv"", ""main_4/outputs/ultimate_load_refocus/pooled_all_weeks/grouped_cv/feature_set_comparison.csv"", ""main_4/outputs/ultimate_load_refocus/pooled_all_weeks/leave_one_campaign_out/feature_set_comparison.csv"", ""main_4/outputs/ultimate_load_refocus/pooled_post_onset/grouped_cv/selected_best_model_per_feature_set.csv"", ""report_v2/tables/loco_capacity.csv""], ""0.214"": [""main_4/outputs/ultimate_load_refocus/mesh_stratified/mesh_feature_set_comparison.csv"", ""main_4/outputs/ultimate_load_refocus/pooled_all_weeks/grouped_cv/feature_set_comparison.csv"", ""main_4/outputs/ultimate_load_refocus/residual_refinement/model_comparison.csv | main_4/outputs/ultimate_load_refocus/residual_refinement/best_model.csv"", ""report_v2/tables/mesh_capacity.csv"", ""report_v2/tables/pooled_capacity.csv""], ""0.758"": [""main_4/outputs/diagnostics/tables/benchmark_best_model_robustness.csv | main_3/outputs/corrosion_regression_metrics.csv | main_3/outputs/damage_regression_metrics.csv"", ""main_4/outputs/ultimate_load_refocus/pooled_all_weeks/grouped_cv/feature_set_comparison.csv"", ""report_v2/tables/pooled_capacity.csv"", ""report_v2/tables/refined_robustness.csv"", ""report_v2/tables/robustness_ratios.csv""], ""0.172711"": [""main_4/outputs/ultimate_load_refocus/pooled_all_weeks/grouped_cv/feature_set_comparison.csv"", ""report_v2/tables/pooled_capacity.csv""], ""0.173003"": [""main_4/outputs/ultimate_load_refocus/pooled_all_weeks/grouped_cv/feature_set_comparison.csv"", ""report_v2/tables/pooled_capacity.csv""], ""0.771"": [""main_4/outputs/ultimate_load_refocus/pooled_all_weeks/grouped_cv/feature_set_comparison.csv"", ""report_v2/tables/pooled_capacity.csv""]}","Table~\ref{tab:ablation} reports all seven selected feature families. Metadata-only Ridge gives MAE 0.173\,kN, fold SD 0.046\,kN, RMSE 0.214\,kN, and mean Spearman 0.758. Adding HSV features changes unrounded MAE from 0.172711 to 0.173003\,kN and mean Spearman from 0.758 to 0.771. This is no observed MAE improvement, and the small difference does not establish equivalence."
report_v2/article/v2/article.tex,report_v2/article/v2/article.tex,81,scientific prose/table/caption,48 | 2,"{""48"": [""main_4/outputs/data/master_table.csv"", ""main_4/outputs/models/degradation/degradation_best_fits.csv"", ""main_4/outputs/models/proxy_rul/proxy_rul_summary.json | main_4/outputs/models/proxy_rul/proxy_rul_estimates.csv"", ""main_4/outputs/ultimate_load_refocus/data/specimen_summary_table.csv | main_4/outputs/ultimate_load_refocus/correlations/mesh_stratified_corrosion_vs_ultimate_load.csv"", ""main_4/outputs/ultimate_load_refocus/pooled_all_weeks/grouped_cv/experiments/hsv_only/CatBoost/fold_metrics.csv | main_4/outputs/ultimate_load_refocus/pooled_all_weeks/grouped_cv/experiments/hsv_only/CatBoost/terminal_fold_predictions.csv""], ""2"": [""main/reports/current_corrosion_metrics.csv"", ""main_4/outputs/data/master_table.csv"", ""main_4/outputs/diagnostics/tables/benchmark_best_model_robustness.csv | main_3/outputs/corrosion_regression_metrics.csv | main_3/outputs/damage_regression_metrics.csv"", ""main_4/outputs/models/proxy_rul/proxy_rul_estimates.csv"", ""main_4/outputs/ultimate_load_refocus/mesh_stratified/mesh_feature_set_comparison.csv""]}","\caption{Pooled terminal-load results: 48 specimens, ten grouped folds. MAE and sample fold SD are in kN; $R^2$ and $\rho$ are mean fold metrics. The same folds select and score the displayed configurations.}\label{tab:ablation}"
report_v2/article/v2/article.tex,report_v2/article/v2/article.tex,94,scientific prose/table/caption,.89,"{"".89"": [""main/reports/current_corrosion_metrics.csv"", ""report_v2/tables/classical.csv""]}",\includegraphics[width=.89\textwidth]{\shared/figures/paired_specimen_errors.pdf}
report_v2/article/v2/article.tex,report_v2/article/v2/article.tex,95,scientific prose/table/caption,48,"{""48"": [""main_4/outputs/data/master_table.csv"", ""main_4/outputs/models/degradation/degradation_best_fits.csv"", ""main_4/outputs/models/proxy_rul/proxy_rul_summary.json | main_4/outputs/models/proxy_rul/proxy_rul_estimates.csv"", ""main_4/outputs/ultimate_load_refocus/data/specimen_summary_table.csv | main_4/outputs/ultimate_load_refocus/correlations/mesh_stratified_corrosion_vs_ultimate_load.csv"", ""main_4/outputs/ultimate_load_refocus/pooled_all_weeks/grouped_cv/experiments/hsv_only/CatBoost/fold_metrics.csv | main_4/outputs/ultimate_load_refocus/pooled_all_weeks/grouped_cv/experiments/hsv_only/CatBoost/terminal_fold_predictions.csv""]}","\caption{Paired change in mean absolute terminal error when adding HSV descriptors to Ridge metadata inputs. The same specimen/split keys are paired, and two held-out evaluations are averaged for each of 48 specimens. Negative values favour the image-enhanced model. There are \pairedImproved{} improvements and \pairedWorsened{} worsenings; the dashed line is the specimen-weighted mean. This is descriptive analysis after selection, not a confidence interval, significance test, or equivalence analysis.}\label{fig:paired}"
report_v2/article/v2/article.tex,report_v2/article/v2/article.tex,100,scientific prose/table/caption,43 | 0.163 | 2 | 0.660 | 0.173 | 2 | 0.633 | 0.791 | 0.803,"{""43"": [""main_4/outputs/models/proxy_rul/proxy_rul_summary.json | main_4/outputs/models/proxy_rul/proxy_rul_estimates.csv"", ""main_4/outputs/ultimate_load_refocus/pooled_post_onset/grouped_cv/selected_best_model_per_feature_set.csv"", ""report_v2/tables/post_onset_capacity.csv"", ""report_v2/tables/threshold_status.csv"", ""report_v2/tables/threshold_summary.csv""], ""0.163"": [""main_4/outputs/ultimate_load_refocus/pooled_post_onset/grouped_cv/selected_best_model_per_feature_set.csv"", ""report_v2/tables/paired_specimen_errors.csv"", ""report_v2/tables/post_onset_capacity.csv""], ""2"": [""main/reports/current_corrosion_metrics.csv"", ""main_4/outputs/data/master_table.csv"", ""main_4/outputs/diagnostics/tables/benchmark_best_model_robustness.csv | main_3/outputs/corrosion_regression_metrics.csv | main_3/outputs/damage_regression_metrics.csv"", ""main_4/outputs/models/proxy_rul/proxy_rul_estimates.csv"", ""main_4/outputs/ultimate_load_refocus/mesh_stratified/mesh_feature_set_comparison.csv""], ""0.660"": [""main_4/outputs/ultimate_load_refocus/pooled_post_onset/grouped_cv/selected_best_model_per_feature_set.csv"", ""report_v2/tables/post_onset_capacity.csv""], ""0.173"": [""main_4/outputs/ultimate_load_refocus/pooled_all_weeks/grouped_cv/feature_set_comparison.csv"", ""main_4/outputs/ultimate_load_refocus/pooled_post_onset/grouped_cv/selected_best_model_per_feature_set.csv"", ""main_4/outputs/ultimate_load_refocus/residual_refinement/model_comparison.csv | main_4/outputs/ultimate_load_refocus/residual_refinement/best_model.csv"", ""report_v2/evidence/paired_diagnostics.json"", ""report_v2/tables/paired_specimen_errors.csv""], ""0.633"": [""main_4/outputs/ultimate_load_refocus/mesh_stratified/mesh_feature_set_comparison.csv"", ""main_4/outputs/ultimate_load_refocus/pooled_post_onset/grouped_cv/selected_best_model_per_feature_set.csv"", ""report_v2/tables/mesh_capacity.csv"", ""report_v2/tables/post_onset_capacity.csv""], ""0.791"": [""main_4/outputs/ultimate_load_refocus/pooled_post_onset/grouped_cv/selected_best_model_per_feature_set.csv"", ""report_v2/tables/post_onset_capacity.csv""], ""0.803"": [""main_4/outputs/ultimate_load_refocus/pooled_post_onset/grouped_cv/selected_best_model_per_feature_set.csv"", ""report_v2/tables/post_onset_capacity.csv""]}","In the 43-specimen post-onset subset, metadata+RGB+HSV CatBoost has MAE 0.163\,kN and mean $R^2=0.660$, versus metadata-only Ridge MAE 0.173\,kN and $R^2=0.633$. The corresponding Spearman values are 0.791 and 0.803. The combined configuration improves some metrics while metadata retains slightly higher rank correlation. This is a limited sensitivity result with a changed sample and selected model, not a demonstrated general benefit or an overturning of the pooled finding."
report_v2/article/v2/article.tex,report_v2/article/v2/article.tex,103,scientific prose/table/caption,0.462 | -0.046 | -0.401,"{""0.462"": [""main_4/outputs/ultimate_load_refocus/data/specimen_summary_table.csv | main_4/outputs/ultimate_load_refocus/correlations/mesh_stratified_corrosion_vs_ultimate_load.csv"", ""report_v2/tables/correlations_recomputed.csv"", ""report_v2/tables/paired_specimen_errors.csv""], ""-0.046"": [""main_4/outputs/ultimate_load_refocus/data/specimen_summary_table.csv | main_4/outputs/ultimate_load_refocus/correlations/mesh_stratified_corrosion_vs_ultimate_load.csv"", ""report_v2/tables/correlations_recomputed.csv""], ""-0.401"": [""main_4/outputs/ultimate_load_refocus/data/specimen_summary_table.csv | main_4/outputs/ultimate_load_refocus/correlations/mesh_stratified_corrosion_vs_ultimate_load.csv"", ""report_v2/tables/correlations_recomputed.csv""]}","Figure~\ref{fig:confounding} shows pooled Spearman 0.462 between terminal total rust and load, compared with $-0.046$ within the four-mesh family and $-0.401$ within the seven-mesh family. The change is compatible with strong influence of the between-group structure. It does not identify the separate physical contribution of mesh, corrosion, chloride, or duration."
report_v2/article/v2/article.tex,report_v2/article/v2/article.tex,105,scientific prose/table/caption,2 | -3.557 | -0.806 | -4.654 | -0.298 | 0.137 | 0.460 | 2 | -0.386,"{""2"": [""main/reports/current_corrosion_metrics.csv"", ""main_4/outputs/data/master_table.csv"", ""main_4/outputs/diagnostics/tables/benchmark_best_model_robustness.csv | main_3/outputs/corrosion_regression_metrics.csv | main_3/outputs/damage_regression_metrics.csv"", ""main_4/outputs/models/proxy_rul/proxy_rul_estimates.csv"", ""main_4/outputs/ultimate_load_refocus/mesh_stratified/mesh_feature_set_comparison.csv""], ""-3.557"": [""main_4/outputs/ultimate_load_refocus/mesh_stratified/mesh_feature_set_comparison.csv"", ""report_v2/tables/mesh_capacity.csv""], ""-0.806"": [""main_4/outputs/ultimate_load_refocus/mesh_stratified/mesh_feature_set_comparison.csv"", ""report_v2/tables/mesh_capacity.csv""], ""-4.654"": [""main_4/outputs/ultimate_load_refocus/mesh_stratified/mesh_feature_set_comparison.csv"", ""report_v2/tables/mesh_capacity.csv""], ""-0.298"": [""main_4/outputs/ultimate_load_refocus/mesh_stratified/mesh_feature_set_comparison.csv"", ""report_v2/tables/mesh_capacity.csv""], ""0.137"": [""main_4/outputs/ultimate_load_refocus/mesh_stratified/mesh_feature_set_comparison.csv"", ""report_v2/tables/mesh_capacity.csv""], ""0.460"": [""main_2/reports/model_comparison.csv"", ""main_4/outputs/ultimate_load_refocus/mesh_stratified/mesh_feature_set_comparison.csv"", ""report_v2/tables/embedding.csv"", ""report_v2/tables/mesh_capacity.csv""], ""-0.386"": [""main_4/outputs/ultimate_load_refocus/mesh_stratified/mesh_feature_set_comparison.csv"", ""report_v2/tables/mesh_capacity.csv""]}","Every selected feature-family model has negative mean test $R^2$ within either mesh group. Values range from $-3.557$ to $-0.806$ for four meshes and from $-4.654$ to $-0.298$ for seven meshes. Some absolute errors and rank correlations remain moderate: the selected seven-mesh HSV model gives MAE 0.137\,kN and Spearman 0.460, with mean $R^2=-0.386$. Thus the finding is weak and unstable capacity prediction under restricted design variation, not universally absent rank information."
report_v2/article/v2/article.tex,report_v2/article/v2/article.tex,107,scientific prose/table/caption,0.465 | 2 | -4.639 | 0.174 | 0.564 | 3.236,"{""0.465"": [""main_4/outputs/ultimate_load_refocus/pooled_all_weeks/leave_one_campaign_out/feature_set_comparison.csv"", ""report_v2/tables/loco_capacity.csv""], ""2"": [""main/reports/current_corrosion_metrics.csv"", ""main_4/outputs/data/master_table.csv"", ""main_4/outputs/diagnostics/tables/benchmark_best_model_robustness.csv | main_3/outputs/corrosion_regression_metrics.csv | main_3/outputs/damage_regression_metrics.csv"", ""main_4/outputs/models/proxy_rul/proxy_rul_estimates.csv"", ""main_4/outputs/ultimate_load_refocus/mesh_stratified/mesh_feature_set_comparison.csv""], ""-4.639"": [""main_4/outputs/ultimate_load_refocus/pooled_all_weeks/leave_one_campaign_out/feature_set_comparison.csv"", ""report_v2/tables/loco_capacity.csv""], ""0.174"": [""main_4/outputs/models/hidden_damage/best_models.csv"", ""main_4/outputs/ultimate_load_refocus/mesh_stratified/mesh_feature_set_comparison.csv"", ""report_v2/tables/mesh_capacity.csv"", ""report_v2/tables/refined_robustness.csv"", ""report_v2/tables/robust_structural_selection.csv""], ""0.564"": [""main_4/outputs/models/hidden_damage/best_models.csv"", ""report_v2/tables/refined_robustness.csv"", ""report_v2/tables/robust_structural_selection.csv""], ""3.236"": [""main_4/outputs/diagnostics/tables/benchmark_best_model_robustness.csv | main_3/outputs/corrosion_regression_metrics.csv | main_3/outputs/damage_regression_metrics.csv"", ""report_v2/tables/refined_robustness.csv"", ""report_v2/tables/robustness_ratios.csv""]}","Under campaign exclusion, the selected metadata-only model is GradientBoosting, with mean MAE 0.465\,kN and $R^2=-4.639$ over two directions. Because this model differs from pooled Ridge, a quotient of those two MAEs would not describe deterioration of one fixed model. A separate refined structural experiment does provide that fixed-model comparison: metadata-only RandomForest load MAE increases from 0.174 to 0.564\,kN under campaign exclusion, or 3.236 times its own grouped error. Both diagnostics constrain transfer claims, while answering different selection questions."
report_v2/article/v2/article.tex,report_v2/article/v2/article.tex,111,scientific prose/table/caption,24 | 48 | 2,"{""24"": [""main_4/outputs/data/master_table.csv"", ""main_4/outputs/ultimate_load_refocus/data/specimen_summary_table.csv | main_4/outputs/ultimate_load_refocus/correlations/mesh_stratified_corrosion_vs_ultimate_load.csv"", ""main_4/outputs/ultimate_load_refocus/mesh_stratified/mesh_feature_set_comparison.csv"", ""report_v2/tables/campaign_design.csv"", ""report_v2/tables/correlations_recomputed.csv""], ""48"": [""main_4/outputs/data/master_table.csv"", ""main_4/outputs/models/degradation/degradation_best_fits.csv"", ""main_4/outputs/models/proxy_rul/proxy_rul_summary.json | main_4/outputs/models/proxy_rul/proxy_rul_estimates.csv"", ""main_4/outputs/ultimate_load_refocus/data/specimen_summary_table.csv | main_4/outputs/ultimate_load_refocus/correlations/mesh_stratified_corrosion_vs_ultimate_load.csv"", ""main_4/outputs/ultimate_load_refocus/pooled_all_weeks/grouped_cv/experiments/hsv_only/CatBoost/fold_metrics.csv | main_4/outputs/ultimate_load_refocus/pooled_all_weeks/grouped_cv/experiments/hsv_only/CatBoost/terminal_fold_predictions.csv""], ""2"": [""main/reports/current_corrosion_metrics.csv"", ""main_4/outputs/data/master_table.csv"", ""main_4/outputs/diagnostics/tables/benchmark_best_model_robustness.csv | main_3/outputs/corrosion_regression_metrics.csv | main_3/outputs/damage_regression_metrics.csv"", ""main_4/outputs/models/proxy_rul/proxy_rul_estimates.csv"", ""main_4/outputs/ultimate_load_refocus/mesh_stratified/mesh_feature_set_comparison.csv""]}",\caption{Selected controls for terminal load. Each within-mesh row uses 24 specimens over ten folds. LOCO uses 48 specimens over two directions. The full within-mesh comparison has seven feature families per subset; all selected families have negative mean test $R^2$. MAE is in kN.}\label{tab:controls}
report_v2/article/v2/article.tex,report_v2/article/v2/article.tex,114,scientific prose/table/caption,2,"{""2"": [""main/reports/current_corrosion_metrics.csv"", ""main_4/outputs/data/master_table.csv"", ""main_4/outputs/diagnostics/tables/benchmark_best_model_robustness.csv | main_3/outputs/corrosion_regression_metrics.csv | main_3/outputs/damage_regression_metrics.csv"", ""main_4/outputs/models/proxy_rul/proxy_rul_estimates.csv"", ""main_4/outputs/ultimate_load_refocus/mesh_stratified/mesh_feature_set_comparison.csv""]}",Subset & Features / model & MAE & $R^2$ & $\rho$\\\midrule
report_v2/article/v2/article.tex,report_v2/article/v2/article.tex,115,typographic/notation,4 | .208 | -1.476 | .301,"{""4"": [""Data/splits/train_manifest.csv | Data/splits/val_manifest.csv | Data/splits/test_manifest.csv"", ""main/reports/current_corrosion_metrics.csv"", ""main_4/outputs/data/master_table.csv"", ""main_4/outputs/diagnostics/tables/benchmark_best_model_robustness.csv | main_3/outputs/corrosion_regression_metrics.csv | main_3/outputs/damage_regression_metrics.csv"", ""report_v2/evidence/paired_diagnostics.json""], "".208"": [""main_4/outputs/ultimate_load_refocus/mesh_stratified/mesh_feature_set_comparison.csv"", ""main_4/outputs/ultimate_load_refocus/pooled_post_onset/grouped_cv/selected_best_model_per_feature_set.csv"", ""report_v2/tables/mesh_capacity.csv"", ""report_v2/tables/paired_specimen_errors.csv"", ""report_v2/tables/post_onset_capacity.csv""], ""-1.476"": [""main_4/outputs/ultimate_load_refocus/mesh_stratified/mesh_feature_set_comparison.csv"", ""report_v2/tables/mesh_capacity.csv""], "".301"": [""main_4/outputs/ultimate_load_refocus/mesh_stratified/mesh_feature_set_comparison.csv"", ""report_v2/tables/mesh_capacity.csv""]}",4 meshes & Metadata / Ridge & .208 & -1.476 & .301\\
report_v2/article/v2/article.tex,report_v2/article/v2/article.tex,116,typographic/notation,4 | .194 | -.998 | .081,"{""4"": [""Data/splits/train_manifest.csv | Data/splits/val_manifest.csv | Data/splits/test_manifest.csv"", ""main/reports/current_corrosion_metrics.csv"", ""main_4/outputs/data/master_table.csv"", ""main_4/outputs/diagnostics/tables/benchmark_best_model_robustness.csv | main_3/outputs/corrosion_regression_metrics.csv | main_3/outputs/damage_regression_metrics.csv"", ""report_v2/evidence/paired_diagnostics.json""], "".194"": [""main_4/outputs/ultimate_load_refocus/mesh_stratified/mesh_feature_set_comparison.csv"", ""report_v2/tables/mesh_capacity.csv""], ""-.998"": [""main_4/outputs/ultimate_load_refocus/mesh_stratified/mesh_feature_set_comparison.csv"", ""report_v2/tables/mesh_capacity.csv""], "".081"": [""main_4/outputs/ultimate_load_refocus/mesh_stratified/mesh_feature_set_comparison.csv"", ""report_v2/tables/mesh_capacity.csv""]}",4 meshes & All / CatBoost & .194 & -.998 & .081\\
report_v2/article/v2/article.tex,report_v2/article/v2/article.tex,117,typographic/notation,7 | .216 | -3.093 | -.050,"{""7"": [""main_4/outputs/data/master_table.csv"", ""main_4/outputs/ultimate_load_refocus/pooled_all_weeks/leave_one_campaign_out/feature_set_comparison.csv"", ""report_v2/tables/campaign_design.csv"", ""report_v2/tables/interpretable_regime_winners.csv"", ""report_v2/tables/loco_capacity.csv""], "".216"": [""main_4/outputs/ultimate_load_refocus/mesh_stratified/mesh_feature_set_comparison.csv"", ""report_v2/tables/mesh_capacity.csv""], ""-3.093"": [""main_4/outputs/ultimate_load_refocus/mesh_stratified/mesh_feature_set_comparison.csv"", ""report_v2/tables/mesh_capacity.csv""], ""-.050"": [""main_4/outputs/ultimate_load_refocus/mesh_stratified/mesh_feature_set_comparison.csv"", ""report_v2/tables/mesh_capacity.csv""]}",7 meshes & Metadata / Ridge & .216 & -3.093 & -.050\\
report_v2/article/v2/article.tex,report_v2/article/v2/article.tex,118,typographic/notation,7 | .137 | -.386 | .460,"{""7"": [""main_4/outputs/data/master_table.csv"", ""main_4/outputs/ultimate_load_refocus/pooled_all_weeks/leave_one_campaign_out/feature_set_comparison.csv"", ""report_v2/tables/campaign_design.csv"", ""report_v2/tables/interpretable_regime_winners.csv"", ""report_v2/tables/loco_capacity.csv""], "".137"": [""main_4/outputs/ultimate_load_refocus/mesh_stratified/mesh_feature_set_comparison.csv"", ""report_v2/tables/mesh_capacity.csv""], ""-.386"": [""main_4/outputs/ultimate_load_refocus/mesh_stratified/mesh_feature_set_comparison.csv"", ""report_v2/tables/mesh_capacity.csv""], "".460"": [""main_2/reports/model_comparison.csv"", ""main_4/outputs/ultimate_load_refocus/mesh_stratified/mesh_feature_set_comparison.csv"", ""report_v2/tables/embedding.csv"", ""report_v2/tables/mesh_capacity.csv""]}",7 meshes & HSV / CatBoost & .137 & -.386 & .460\\
report_v2/article/v2/article.tex,report_v2/article/v2/article.tex,119,typographic/notation,.465 | -4.639 | .217,"{"".465"": [""main_4/outputs/ultimate_load_refocus/pooled_all_weeks/leave_one_campaign_out/feature_set_comparison.csv"", ""report_v2/tables/loco_capacity.csv""], ""-4.639"": [""main_4/outputs/ultimate_load_refocus/pooled_all_weeks/leave_one_campaign_out/feature_set_comparison.csv"", ""report_v2/tables/loco_capacity.csv""], "".217"": [""main_4/outputs/ultimate_load_refocus/pooled_all_weeks/leave_one_campaign_out/feature_set_comparison.csv"", ""report_v2/tables/loco_capacity.csv""]}",LOCO & Metadata / GB & .465 & -4.639 & .217\\\bottomrule
report_v2/article/v2/article.tex,report_v2/article/v2/article.tex,125,scientific prose/table/caption,0.173 | 0.749,"{""0.173"": [""main_4/outputs/ultimate_load_refocus/pooled_all_weeks/grouped_cv/feature_set_comparison.csv"", ""main_4/outputs/ultimate_load_refocus/pooled_post_onset/grouped_cv/selected_best_model_per_feature_set.csv"", ""main_4/outputs/ultimate_load_refocus/residual_refinement/model_comparison.csv | main_4/outputs/ultimate_load_refocus/residual_refinement/best_model.csv"", ""report_v2/evidence/paired_diagnostics.json"", ""report_v2/tables/paired_specimen_errors.csv""], ""0.749"": [""main_4/outputs/ultimate_load_refocus/residual_refinement/model_comparison.csv | main_4/outputs/ultimate_load_refocus/residual_refinement/best_model.csv""]}","The specimen-summary residual-refinement experiment selects no second-stage correction; its metadata-only Ridge baseline remains selected with MAE approximately 0.173\,kN and Spearman 0.749. This adds a negative result on the tested correction, not an independent external validation."
report_v2/article/v2/article.tex,report_v2/article/v2/article.tex,127,scientific prose/table/caption,48 | 144 | 97,"{""48"": [""main_4/outputs/data/master_table.csv"", ""main_4/outputs/models/degradation/degradation_best_fits.csv"", ""main_4/outputs/models/proxy_rul/proxy_rul_summary.json | main_4/outputs/models/proxy_rul/proxy_rul_estimates.csv"", ""main_4/outputs/ultimate_load_refocus/data/specimen_summary_table.csv | main_4/outputs/ultimate_load_refocus/correlations/mesh_stratified_corrosion_vs_ultimate_load.csv"", ""main_4/outputs/ultimate_load_refocus/pooled_all_weeks/grouped_cv/experiments/hsv_only/CatBoost/fold_metrics.csv | main_4/outputs/ultimate_load_refocus/pooled_all_weeks/grouped_cv/experiments/hsv_only/CatBoost/terminal_fold_predictions.csv""], ""97"": [""main_4/outputs/models/proxy_rul/proxy_rul_estimates.csv""]}","The downstream wire-loss threshold pipeline is diagnostic. Its refined outputs cover 48 specimens at three thresholds, producing 144 specimen--threshold combinations. Forty-five combinations are already crossed at baseline, two cross during observation, and 97 do not cross within the configured horizon; none crosses in the future after observation. The inputs are model-derived structural paths and lack longitudinal validation. These outputs do not validate remaining useful life. The separate four-class branch remains prepared and untrained."
report_v2/article/v2/article.tex,report_v2/article/v2/article.tex,138,scientific prose/table/caption,48,"{""48"": [""main_4/outputs/data/master_table.csv"", ""main_4/outputs/models/degradation/degradation_best_fits.csv"", ""main_4/outputs/models/proxy_rul/proxy_rul_summary.json | main_4/outputs/models/proxy_rul/proxy_rul_estimates.csv"", ""main_4/outputs/ultimate_load_refocus/data/specimen_summary_table.csv | main_4/outputs/ultimate_load_refocus/correlations/mesh_stratified_corrosion_vs_ultimate_load.csv"", ""main_4/outputs/ultimate_load_refocus/pooled_all_weeks/grouped_cv/experiments/hsv_only/CatBoost/fold_metrics.csv | main_4/outputs/ultimate_load_refocus/pooled_all_weeks/grouped_cv/experiments/hsv_only/CatBoost/terminal_fold_predictions.csv""]}","The independent structural sample size is 48, despite the dense photographic record. Campaign exclusion uses only two campaign-level combinations and is not a representative sample of future deployments. Within-mesh test sets are small and have restricted response variation. The image descriptors are only some of the possible representations, and the literature review is focused rather than exhaustive."
report_v2/article/v2/article.tex,report_v2/article/v2/article.tex,150,scientific prose/table/caption,16 | 2026,"{""16"": [""main_4/outputs/data/master_table.csv""]}","This manuscript is \draftversion\ of a report rebuild dated 16 September 2026. Primary results come from saved terminal-load predictions and feature-family summaries. The companion thesis appendix and the report's verification log provide exact paths, source hashes, figure provenance, and commands. No original experimental data, frozen report text, or historical trained models are overwritten by the rebuild."
