feature,importance,importance_abs,importance_kind,direction,split_name,repeat_id,fold_id,split_id
nacl_pct,0.44591033458709717,0.44591033458709717,feature_importance,positive,grouped_cv,0,0,grouped_cv_repeat0_fold0
n_steel_mesh,0.2413920909166336,0.2413920909166336,feature_importance,positive,grouped_cv,0,0,grouped_cv_repeat0_fold0
treatment_protocol,0.08314274658459908,0.08314274658459908,feature_importance,positive,grouped_cv,0,0,grouped_cv_repeat0_fold0
split_group_treatment,0.06171753597300267,0.06171753597300267,feature_importance,positive,grouped_cv,0,0,grouped_cv_repeat0_fold0
series_id,0.05633564577874495,0.05633564577874495,feature_importance,positive,grouped_cv,0,0,grouped_cv_repeat0_fold0
img_hsv_v_hist_bin_7,0.031795185059309006,0.031795185059309006,feature_importance,positive,grouped_cv,0,0,grouped_cv_repeat0_fold0
img_contrast,0.018792111426591873,0.018792111426591873,feature_importance,positive,grouped_cv,0,0,grouped_cv_repeat0_fold0
img_r_mean,0.011463883332908154,0.011463883332908154,feature_importance,positive,grouped_cv,0,0,grouped_cv_repeat0_fold0
cover_mm,0.006319612264633179,0.006319612264633179,feature_importance,positive,grouped_cv,0,0,grouped_cv_repeat0_fold0
img_glcm_homogeneity,0.004586827475577593,0.004586827475577593,feature_importance,positive,grouped_cv,0,0,grouped_cv_repeat0_fold0
img_hsv_v_hist_bin_3,0.00436943955719471,0.00436943955719471,feature_importance,positive,grouped_cv,0,0,grouped_cv_repeat0_fold0
img_gray_hist_bin_2,0.0037813640665262938,0.0037813640665262938,feature_importance,positive,grouped_cv,0,0,grouped_cv_repeat0_fold0
img_hsv_s_std,0.002771852072328329,0.002771852072328329,feature_importance,positive,grouped_cv,0,0,grouped_cv_repeat0_fold0
img_rust_center_of_mass_cm,0.0026245468761771917,0.0026245468761771917,feature_importance,positive,grouped_cv,0,0,grouped_cv_repeat0_fold0
img_gray_hist_bin_3,0.002081182086840272,0.002081182086840272,feature_importance,positive,grouped_cv,0,0,grouped_cv_repeat0_fold0
img_brightness_std,0.001977776177227497,0.001977776177227497,feature_importance,positive,grouped_cv,0,0,grouped_cv_repeat0_fold0
img_g_std,0.0015748545993119478,0.0015748545993119478,feature_importance,positive,grouped_cv,0,0,grouped_cv_repeat0_fold0
img_hsv_v_hist_bin_6,0.0012440956197679043,0.0012440956197679043,feature_importance,positive,grouped_cv,0,0,grouped_cv_repeat0_fold0
img_hsv_v_hist_bin_4,0.001055580098181963,0.001055580098181963,feature_importance,positive,grouped_cv,0,0,grouped_cv_repeat0_fold0
img_edge_to_center_rust_ratio,0.0010483970399945974,0.0010483970399945974,feature_importance,positive,grouped_cv,0,0,grouped_cv_repeat0_fold0
img_strip_rust_max_pct,0.0010344224283471704,0.0010344224283471704,feature_importance,positive,grouped_cv,0,0,grouped_cv_repeat0_fold0
img_strip_peak_location_cm,0.0009481729357503355,0.0009481729357503355,feature_importance,positive,grouped_cv,0,0,grouped_cv_repeat0_fold0
img_gray_hist_bin_4,0.0008464382262900472,0.0008464382262900472,feature_importance,positive,grouped_cv,0,0,grouped_cv_repeat0_fold0
img_strip_rust_std_pct,0.000708526000380516,0.000708526000380516,feature_importance,positive,grouped_cv,0,0,grouped_cv_repeat0_fold0
img_rust_blob_mean_ratio_pct,0.0006234365864656866,0.0006234365864656866,feature_importance,positive,grouped_cv,0,0,grouped_cv_repeat0_fold0
img_hsv_h_hist_bin_1,0.0006128053064458072,0.0006128053064458072,feature_importance,positive,grouped_cv,0,0,grouped_cv_repeat0_fold0
img_lbp_mean,0.000536581501364708,0.000536581501364708,feature_importance,positive,grouped_cv,0,0,grouped_cv_repeat0_fold0
img_rust_blob_eccentricity_mean,0.000511552148964256,0.000511552148964256,feature_importance,positive,grouped_cv,0,0,grouped_cv_repeat0_fold0
img_glcm_contrast,0.0004823061462957412,0.0004823061462957412,feature_importance,positive,grouped_cv,0,0,grouped_cv_repeat0_fold0
img_gray_hist_bin_6,0.000445995683548972,0.000445995683548972,feature_importance,positive,grouped_cv,0,0,grouped_cv_repeat0_fold0
img_hsv_v_hist_bin_5,0.00044317662832327187,0.00044317662832327187,feature_importance,positive,grouped_cv,0,0,grouped_cv_repeat0_fold0
img_hsv_s_p10,0.0004314561083447188,0.0004314561083447188,feature_importance,positive,grouped_cv,0,0,grouped_cv_repeat0_fold0
img_hsv_h_p10,0.0004310865479055792,0.0004310865479055792,feature_importance,positive,grouped_cv,0,0,grouped_cv_repeat0_fold0
img_hsv_v_hist_bin_2,0.00039975784602575004,0.00039975784602575004,feature_importance,positive,grouped_cv,0,0,grouped_cv_repeat0_fold0
img_hsv_s_hist_bin_5,0.0003569981490727514,0.0003569981490727514,feature_importance,positive,grouped_cv,0,0,grouped_cv_repeat0_fold0
img_hsv_h_hist_bin_7,0.0003388600889593363,0.0003388600889593363,feature_importance,positive,grouped_cv,0,0,grouped_cv_repeat0_fold0
img_hsv_h_hist_bin_6,0.0003268596774432808,0.0003268596774432808,feature_importance,positive,grouped_cv,0,0,grouped_cv_repeat0_fold0
img_rust_blob_largest_ratio_pct,0.0003126136143691838,0.0003126136143691838,feature_importance,positive,grouped_cv,0,0,grouped_cv_repeat0_fold0
img_strip_rust_p90_pct,0.0003066524222958833,0.0003066524222958833,feature_importance,positive,grouped_cv,0,0,grouped_cv_repeat0_fold0
img_hsv_h_p90,0.0002862730179913342,0.0002862730179913342,feature_importance,positive,grouped_cv,0,0,grouped_cv_repeat0_fold0
img_gray_hist_bin_0,0.00026672950480133295,0.00026672950480133295,feature_importance,positive,grouped_cv,0,0,grouped_cv_repeat0_fold0
img_brightness_mean,0.00026581541169434786,0.00026581541169434786,feature_importance,positive,grouped_cv,0,0,grouped_cv_repeat0_fold0
img_rust_blob_count,0.0002565173781476915,0.0002565173781476915,feature_importance,positive,grouped_cv,0,0,grouped_cv_repeat0_fold0
img_gray_mask_ratio_pct,0.00024756495258770883,0.00024756495258770883,feature_importance,positive,grouped_cv,0,0,grouped_cv_repeat0_fold0
img_hsv_s_hist_bin_1,0.00024071703955996782,0.00024071703955996782,feature_importance,positive,grouped_cv,0,0,grouped_cv_repeat0_fold0
treatment_coarse,0.00020929984748363495,0.00020929984748363495,feature_importance,positive,grouped_cv,0,0,grouped_cv_repeat0_fold0
img_hsv_h_hist_bin_0,0.00020868045976385474,0.00020868045976385474,feature_importance,positive,grouped_cv,0,0,grouped_cv_repeat0_fold0
img_glcm_energy,0.00020785424567293376,0.00020785424567293376,feature_importance,positive,grouped_cv,0,0,grouped_cv_repeat0_fold0
img_rust_area_ratio_pct,0.00019577296916395426,0.00019577296916395426,feature_importance,positive,grouped_cv,0,0,grouped_cv_repeat0_fold0
img_hsv_h_std,0.00018519084551371634,0.00018519084551371634,feature_importance,positive,grouped_cv,0,0,grouped_cv_repeat0_fold0
img_brightness_p90,0.00017314018623437732,0.00017314018623437732,feature_importance,positive,grouped_cv,0,0,grouped_cv_repeat0_fold0
img_gray_hist_bin_5,0.00017123686848208308,0.00017123686848208308,feature_importance,positive,grouped_cv,0,0,grouped_cv_repeat0_fold0
img_b_std,0.00016276953101623803,0.00016276953101623803,feature_importance,positive,grouped_cv,0,0,grouped_cv_repeat0_fold0
img_hsv_h_hist_bin_2,0.00016240301192738116,0.00016240301192738116,feature_importance,positive,grouped_cv,0,0,grouped_cv_repeat0_fold0
img_hsv_s_p90,0.0001620275725144893,0.0001620275725144893,feature_importance,positive,grouped_cv,0,0,grouped_cv_repeat0_fold0
img_rust_blob_eccentricity_max,0.00015891125076450408,0.00015891125076450408,feature_importance,positive,grouped_cv,0,0,grouped_cv_repeat0_fold0
img_hsv_h_mean,0.00015520445595029742,0.00015520445595029742,feature_importance,positive,grouped_cv,0,0,grouped_cv_repeat0_fold0
img_lbp_std,0.00015345358406193554,0.00015345358406193554,feature_importance,positive,grouped_cv,0,0,grouped_cv_repeat0_fold0
img_hsv_h_hist_bin_4,0.0001518617500551045,0.0001518617500551045,feature_importance,positive,grouped_cv,0,0,grouped_cv_repeat0_fold0
img_hsv_s_hist_bin_3,0.00015141593758016825,0.00015141593758016825,feature_importance,positive,grouped_cv,0,0,grouped_cv_repeat0_fold0
img_hsv_s_hist_bin_2,0.00013392687833402306,0.00013392687833402306,feature_importance,positive,grouped_cv,0,0,grouped_cv_repeat0_fold0
img_b_mean,0.00012321639223955572,0.00012321639223955572,feature_importance,positive,grouped_cv,0,0,grouped_cv_repeat0_fold0
img_strip_high_count,0.0001198214667965658,0.0001198214667965658,feature_importance,positive,grouped_cv,0,0,grouped_cv_repeat0_fold0
img_hsv_h_hist_bin_5,0.00011502201232360676,0.00011502201232360676,feature_importance,positive,grouped_cv,0,0,grouped_cv_repeat0_fold0
img_hsv_v_p10,0.0001093202008632943,0.0001093202008632943,feature_importance,positive,grouped_cv,0,0,grouped_cv_repeat0_fold0
img_hsv_s_hist_bin_4,0.00010740944708231837,0.00010740944708231837,feature_importance,positive,grouped_cv,0,0,grouped_cv_repeat0_fold0
img_hsv_s_hist_bin_6,0.00010140284575754777,0.00010140284575754777,feature_importance,positive,grouped_cv,0,0,grouped_cv_repeat0_fold0
img_hsv_s_hist_bin_0,9.087168291443959e-05,9.087168291443959e-05,feature_importance,positive,grouped_cv,0,0,grouped_cv_repeat0_fold0
img_hsv_s_hist_bin_7,8.22698711999692e-05,8.22698711999692e-05,feature_importance,positive,grouped_cv,0,0,grouped_cv_repeat0_fold0
img_gray_hist_bin_1,8.019858069019392e-05,8.019858069019392e-05,feature_importance,positive,grouped_cv,0,0,grouped_cv_repeat0_fold0
img_hsv_v_mean,7.50995022826828e-05,7.50995022826828e-05,feature_importance,positive,grouped_cv,0,0,grouped_cv_repeat0_fold0
img_hsv_v_std,7.33320412109606e-05,7.33320412109606e-05,feature_importance,positive,grouped_cv,0,0,grouped_cv_repeat0_fold0
img_hsv_s_mean,7.034368172753602e-05,7.034368172753602e-05,feature_importance,positive,grouped_cv,0,0,grouped_cv_repeat0_fold0
treatment_label_coarse,6.406739703379571e-05,6.406739703379571e-05,feature_importance,positive,grouped_cv,0,0,grouped_cv_repeat0_fold0
img_r_std,6.203742668731138e-05,6.203742668731138e-05,feature_importance,positive,grouped_cv,0,0,grouped_cv_repeat0_fold0
img_hsv_v_hist_bin_0,5.283704012981616e-05,5.283704012981616e-05,feature_importance,positive,grouped_cv,0,0,grouped_cv_repeat0_fold0
img_hsv_h_hist_bin_3,5.019966556574218e-05,5.019966556574218e-05,feature_importance,positive,grouped_cv,0,0,grouped_cv_repeat0_fold0
img_hsv_v_hist_bin_1,4.610135511029512e-05,4.610135511029512e-05,feature_importance,positive,grouped_cv,0,0,grouped_cv_repeat0_fold0
img_g_mean,4.253541919752024e-05,4.253541919752024e-05,feature_importance,positive,grouped_cv,0,0,grouped_cv_repeat0_fold0
week,3.4627544664544985e-05,3.4627544664544985e-05,feature_importance,positive,grouped_cv,0,0,grouped_cv_repeat0_fold0
img_brightness_p10,2.4317258066730574e-05,2.4317258066730574e-05,feature_importance,positive,grouped_cv,0,0,grouped_cv_repeat0_fold0
img_strip_rust_mean_pct,2.2293890651781112e-05,2.2293890651781112e-05,feature_importance,positive,grouped_cv,0,0,grouped_cv_repeat0_fold0
img_hsv_v_p90,2.0756338926730677e-05,2.0756338926730677e-05,feature_importance,positive,grouped_cv,0,0,grouped_cv_repeat0_fold0
img_gray_hist_bin_7,2.0117566236876883e-05,2.0117566236876883e-05,feature_importance,positive,grouped_cv,0,0,grouped_cv_repeat0_fold0
img_black_mask_ratio_pct,1.4147156434773933e-05,1.4147156434773933e-05,feature_importance,positive,grouped_cv,0,0,grouped_cv_repeat0_fold0
ageing_days,8.161794539773837e-06,8.161794539773837e-06,feature_importance,positive,grouped_cv,0,0,grouped_cv_repeat0_fold0
img_strip_count,0.0,0.0,feature_importance,positive,grouped_cv,0,0,grouped_cv_repeat0_fold0
campaign_id,0.0,0.0,feature_importance,positive,grouped_cv,0,0,grouped_cv_repeat0_fold0
nacl_pct,0.33330491185188293,0.33330491185188293,feature_importance,positive,grouped_cv,0,1,grouped_cv_repeat0_fold1
n_steel_mesh,0.25498324632644653,0.25498324632644653,feature_importance,positive,grouped_cv,0,1,grouped_cv_repeat0_fold1
split_group_treatment,0.10901062712218845,0.10901062712218845,feature_importance,positive,grouped_cv,0,1,grouped_cv_repeat0_fold1
series_id,0.10783546534366906,0.10783546534366906,feature_importance,positive,grouped_cv,0,1,grouped_cv_repeat0_fold1
campaign_id,0.061484239995479584,0.061484239995479584,feature_importance,positive,grouped_cv,0,1,grouped_cv_repeat0_fold1
treatment_label_coarse,0.020650325604947284,0.020650325604947284,feature_importance,positive,grouped_cv,0,1,grouped_cv_repeat0_fold1
img_hsv_v_hist_bin_7,0.013023762963712215,0.013023762963712215,feature_importance,positive,grouped_cv,0,1,grouped_cv_repeat0_fold1
img_r_mean,0.012090741656720638,0.012090741656720638,feature_importance,positive,grouped_cv,0,1,grouped_cv_repeat0_fold1
treatment_protocol,0.011961773125221953,0.011961773125221953,feature_importance,positive,grouped_cv,0,1,grouped_cv_repeat0_fold1
img_glcm_energy,0.008534531109035015,0.008534531109035015,feature_importance,positive,grouped_cv,0,1,grouped_cv_repeat0_fold1
img_hsv_s_std,0.007453279569745064,0.007453279569745064,feature_importance,positive,grouped_cv,0,1,grouped_cv_repeat0_fold1
cover_mm,0.005605077836662531,0.005605077836662531,feature_importance,positive,grouped_cv,0,1,grouped_cv_repeat0_fold1
img_glcm_homogeneity,0.003936266526579857,0.003936266526579857,feature_importance,positive,grouped_cv,0,1,grouped_cv_repeat0_fold1
img_strip_rust_std_pct,0.003698922460898757,0.003698922460898757,feature_importance,positive,grouped_cv,0,1,grouped_cv_repeat0_fold1
img_lbp_mean,0.003684244118630886,0.003684244118630886,feature_importance,positive,grouped_cv,0,1,grouped_cv_repeat0_fold1
img_rust_center_of_mass_cm,0.0031616424676030874,0.0031616424676030874,feature_importance,positive,grouped_cv,0,1,grouped_cv_repeat0_fold1
img_brightness_p90,0.0028903225902467966,0.0028903225902467966,feature_importance,positive,grouped_cv,0,1,grouped_cv_repeat0_fold1
img_hsv_v_hist_bin_2,0.002451677341014147,0.002451677341014147,feature_importance,positive,grouped_cv,0,1,grouped_cv_repeat0_fold1
img_hsv_v_hist_bin_3,0.0019403023179620504,0.0019403023179620504,feature_importance,positive,grouped_cv,0,1,grouped_cv_repeat0_fold1
img_gray_mask_ratio_pct,0.0017930406611412764,0.0017930406611412764,feature_importance,positive,grouped_cv,0,1,grouped_cv_repeat0_fold1
img_hsv_h_p10,0.0017429371364414692,0.0017429371364414692,feature_importance,positive,grouped_cv,0,1,grouped_cv_repeat0_fold1
img_hsv_v_hist_bin_5,0.0016910068225115538,0.0016910068225115538,feature_importance,positive,grouped_cv,0,1,grouped_cv_repeat0_fold1
treatment_coarse,0.001622406045498792,0.001622406045498792,feature_importance,positive,grouped_cv,0,1,grouped_cv_repeat0_fold1
img_edge_to_center_rust_ratio,0.0016139412764459848,0.0016139412764459848,feature_importance,positive,grouped_cv,0,1,grouped_cv_repeat0_fold1
img_brightness_p10,0.0015821473207324743,0.0015821473207324743,feature_importance,positive,grouped_cv,0,1,grouped_cv_repeat0_fold1
img_hsv_v_hist_bin_1,0.0015719500370323658,0.0015719500370323658,feature_importance,positive,grouped_cv,0,1,grouped_cv_repeat0_fold1
img_brightness_std,0.0014756664168089628,0.0014756664168089628,feature_importance,positive,grouped_cv,0,1,grouped_cv_repeat0_fold1
img_gray_hist_bin_2,0.0014464358100667596,0.0014464358100667596,feature_importance,positive,grouped_cv,0,1,grouped_cv_repeat0_fold1
img_hsv_s_hist_bin_6,0.001413149875588715,0.001413149875588715,feature_importance,positive,grouped_cv,0,1,grouped_cv_repeat0_fold1
img_glcm_contrast,0.0012912205420434475,0.0012912205420434475,feature_importance,positive,grouped_cv,0,1,grouped_cv_repeat0_fold1
img_hsv_s_hist_bin_2,0.0011992655927315354,0.0011992655927315354,feature_importance,positive,grouped_cv,0,1,grouped_cv_repeat0_fold1
img_g_std,0.0011589834466576576,0.0011589834466576576,feature_importance,positive,grouped_cv,0,1,grouped_cv_repeat0_fold1
img_hsv_v_p10,0.0011174747487530112,0.0011174747487530112,feature_importance,positive,grouped_cv,0,1,grouped_cv_repeat0_fold1
img_rust_blob_eccentricity_mean,0.0010261873248964548,0.0010261873248964548,feature_importance,positive,grouped_cv,0,1,grouped_cv_repeat0_fold1
img_strip_peak_location_cm,0.001003658282570541,0.001003658282570541,feature_importance,positive,grouped_cv,0,1,grouped_cv_repeat0_fold1
img_gray_hist_bin_3,0.0008159545250236988,0.0008159545250236988,feature_importance,positive,grouped_cv,0,1,grouped_cv_repeat0_fold1
img_hsv_s_p90,0.0008130638743750751,0.0008130638743750751,feature_importance,positive,grouped_cv,0,1,grouped_cv_repeat0_fold1
img_rust_blob_largest_ratio_pct,0.0006974965799599886,0.0006974965799599886,feature_importance,positive,grouped_cv,0,1,grouped_cv_repeat0_fold1
img_rust_blob_mean_ratio_pct,0.0006111981347203255,0.0006111981347203255,feature_importance,positive,grouped_cv,0,1,grouped_cv_repeat0_fold1
img_strip_rust_max_pct,0.0005304871592670679,0.0005304871592670679,feature_importance,positive,grouped_cv,0,1,grouped_cv_repeat0_fold1
img_gray_hist_bin_4,0.00044246643665246665,0.00044246643665246665,feature_importance,positive,grouped_cv,0,1,grouped_cv_repeat0_fold1
img_hsv_v_hist_bin_6,0.00041884247912093997,0.00041884247912093997,feature_importance,positive,grouped_cv,0,1,grouped_cv_repeat0_fold1
img_b_std,0.00038435126771219075,0.00038435126771219075,feature_importance,positive,grouped_cv,0,1,grouped_cv_repeat0_fold1
img_hsv_h_hist_bin_2,0.00037313514621928334,0.00037313514621928334,feature_importance,positive,grouped_cv,0,1,grouped_cv_repeat0_fold1
img_gray_hist_bin_0,0.0003052392276003957,0.0003052392276003957,feature_importance,positive,grouped_cv,0,1,grouped_cv_repeat0_fold1
img_hsv_s_hist_bin_1,0.00025856777210719883,0.00025856777210719883,feature_importance,positive,grouped_cv,0,1,grouped_cv_repeat0_fold1
img_hsv_h_p90,0.0002451125765219331,0.0002451125765219331,feature_importance,positive,grouped_cv,0,1,grouped_cv_repeat0_fold1
img_hsv_v_hist_bin_4,0.00024199912149924785,0.00024199912149924785,feature_importance,positive,grouped_cv,0,1,grouped_cv_repeat0_fold1
img_hsv_h_hist_bin_0,0.00022465639631263912,0.00022465639631263912,feature_importance,positive,grouped_cv,0,1,grouped_cv_repeat0_fold1
img_hsv_s_p10,0.00022384701878763735,0.00022384701878763735,feature_importance,positive,grouped_cv,0,1,grouped_cv_repeat0_fold1
img_hsv_v_hist_bin_0,0.00019587382848840207,0.00019587382848840207,feature_importance,positive,grouped_cv,0,1,grouped_cv_repeat0_fold1
img_gray_hist_bin_5,0.0001852673158282414,0.0001852673158282414,feature_importance,positive,grouped_cv,0,1,grouped_cv_repeat0_fold1
img_b_mean,0.0001826886145863682,0.0001826886145863682,feature_importance,positive,grouped_cv,0,1,grouped_cv_repeat0_fold1
img_rust_area_ratio_pct,0.00017823243979364634,0.00017823243979364634,feature_importance,positive,grouped_cv,0,1,grouped_cv_repeat0_fold1
img_hsv_v_std,0.00015472489758394659,0.00015472489758394659,feature_importance,positive,grouped_cv,0,1,grouped_cv_repeat0_fold1
img_hsv_h_std,0.00014807826664764434,0.00014807826664764434,feature_importance,positive,grouped_cv,0,1,grouped_cv_repeat0_fold1
ageing_days,0.0001221460261149332,0.0001221460261149332,feature_importance,positive,grouped_cv,0,1,grouped_cv_repeat0_fold1
img_strip_rust_p90_pct,0.00011875701602548361,0.00011875701602548361,feature_importance,positive,grouped_cv,0,1,grouped_cv_repeat0_fold1
img_hsv_h_hist_bin_1,0.00011653023830149323,0.00011653023830149323,feature_importance,positive,grouped_cv,0,1,grouped_cv_repeat0_fold1
img_gray_hist_bin_6,0.00011535290832398459,0.00011535290832398459,feature_importance,positive,grouped_cv,0,1,grouped_cv_repeat0_fold1
img_hsv_s_hist_bin_4,0.00010992393072228879,0.00010992393072228879,feature_importance,positive,grouped_cv,0,1,grouped_cv_repeat0_fold1
img_hsv_s_mean,9.532913099974394e-05,9.532913099974394e-05,feature_importance,positive,grouped_cv,0,1,grouped_cv_repeat0_fold1
week,9.502457396592945e-05,9.502457396592945e-05,feature_importance,positive,grouped_cv,0,1,grouped_cv_repeat0_fold1
img_hsv_s_hist_bin_7,9.066525672096759e-05,9.066525672096759e-05,feature_importance,positive,grouped_cv,0,1,grouped_cv_repeat0_fold1
img_hsv_s_hist_bin_3,8.897431689547375e-05,8.897431689547375e-05,feature_importance,positive,grouped_cv,0,1,grouped_cv_repeat0_fold1
img_hsv_h_hist_bin_7,7.594686758238822e-05,7.594686758238822e-05,feature_importance,positive,grouped_cv,0,1,grouped_cv_repeat0_fold1
img_rust_blob_count,7.478235056623816e-05,7.478235056623816e-05,feature_importance,positive,grouped_cv,0,1,grouped_cv_repeat0_fold1
img_hsv_s_hist_bin_0,7.128704601200297e-05,7.128704601200297e-05,feature_importance,positive,grouped_cv,0,1,grouped_cv_repeat0_fold1
img_hsv_s_hist_bin_5,7.005536463111639e-05,7.005536463111639e-05,feature_importance,positive,grouped_cv,0,1,grouped_cv_repeat0_fold1
img_r_std,5.8781588450074196e-05,5.8781588450074196e-05,feature_importance,positive,grouped_cv,0,1,grouped_cv_repeat0_fold1
img_lbp_std,5.817858254886232e-05,5.817858254886232e-05,feature_importance,positive,grouped_cv,0,1,grouped_cv_repeat0_fold1
img_g_mean,5.520932609215379e-05,5.520932609215379e-05,feature_importance,positive,grouped_cv,0,1,grouped_cv_repeat0_fold1
img_gray_hist_bin_1,4.986075873603113e-05,4.986075873603113e-05,feature_importance,positive,grouped_cv,0,1,grouped_cv_repeat0_fold1
img_hsv_v_mean,4.9022299208445475e-05,4.9022299208445475e-05,feature_importance,positive,grouped_cv,0,1,grouped_cv_repeat0_fold1
img_hsv_h_mean,4.520385846262798e-05,4.520385846262798e-05,feature_importance,positive,grouped_cv,0,1,grouped_cv_repeat0_fold1
img_black_mask_ratio_pct,4.364661072031595e-05,4.364661072031595e-05,feature_importance,positive,grouped_cv,0,1,grouped_cv_repeat0_fold1
img_brightness_mean,4.31169755756855e-05,4.31169755756855e-05,feature_importance,positive,grouped_cv,0,1,grouped_cv_repeat0_fold1
img_hsv_h_hist_bin_4,4.2296840547351167e-05,4.2296840547351167e-05,feature_importance,positive,grouped_cv,0,1,grouped_cv_repeat0_fold1
img_hsv_v_p90,4.2101921280846e-05,4.2101921280846e-05,feature_importance,positive,grouped_cv,0,1,grouped_cv_repeat0_fold1
img_gray_hist_bin_7,3.8887075788807124e-05,3.8887075788807124e-05,feature_importance,positive,grouped_cv,0,1,grouped_cv_repeat0_fold1
img_strip_high_count,3.768819078686647e-05,3.768819078686647e-05,feature_importance,positive,grouped_cv,0,1,grouped_cv_repeat0_fold1
img_hsv_h_hist_bin_3,3.630259379860945e-05,3.630259379860945e-05,feature_importance,positive,grouped_cv,0,1,grouped_cv_repeat0_fold1
img_contrast,2.9999557227711193e-05,2.9999557227711193e-05,feature_importance,positive,grouped_cv,0,1,grouped_cv_repeat0_fold1
img_hsv_h_hist_bin_6,2.0848217900493182e-05,2.0848217900493182e-05,feature_importance,positive,grouped_cv,0,1,grouped_cv_repeat0_fold1
img_hsv_h_hist_bin_5,1.7893755284603685e-05,1.7893755284603685e-05,feature_importance,positive,grouped_cv,0,1,grouped_cv_repeat0_fold1
img_rust_blob_eccentricity_max,4.057915248267818e-06,4.057915248267818e-06,feature_importance,positive,grouped_cv,0,1,grouped_cv_repeat0_fold1
img_strip_rust_mean_pct,0.0,0.0,feature_importance,positive,grouped_cv,0,1,grouped_cv_repeat0_fold1
img_strip_count,0.0,0.0,feature_importance,positive,grouped_cv,0,1,grouped_cv_repeat0_fold1
nacl_pct,0.4446026682853699,0.4446026682853699,feature_importance,positive,grouped_cv,0,2,grouped_cv_repeat0_fold2
n_steel_mesh,0.32359594106674194,0.32359594106674194,feature_importance,positive,grouped_cv,0,2,grouped_cv_repeat0_fold2
campaign_id,0.06788995116949081,0.06788995116949081,feature_importance,positive,grouped_cv,0,2,grouped_cv_repeat0_fold2
series_id,0.039904226432554424,0.039904226432554424,feature_importance,positive,grouped_cv,0,2,grouped_cv_repeat0_fold2
img_glcm_homogeneity,0.019058337435126305,0.019058337435126305,feature_importance,positive,grouped_cv,0,2,grouped_cv_repeat0_fold2
treatment_protocol,0.01884611328569008,0.01884611328569008,feature_importance,positive,grouped_cv,0,2,grouped_cv_repeat0_fold2
split_group_treatment,0.010674075107090175,0.010674075107090175,feature_importance,positive,grouped_cv,0,2,grouped_cv_repeat0_fold2
img_hsv_v_hist_bin_7,0.010126680135726929,0.010126680135726929,feature_importance,positive,grouped_cv,0,2,grouped_cv_repeat0_fold2
cover_mm,0.00640896474942565,0.00640896474942565,feature_importance,positive,grouped_cv,0,2,grouped_cv_repeat0_fold2
treatment_coarse,0.006211389089003205,0.006211389089003205,feature_importance,positive,grouped_cv,0,2,grouped_cv_repeat0_fold2
img_hsv_v_hist_bin_5,0.004874185658991337,0.004874185658991337,feature_importance,positive,grouped_cv,0,2,grouped_cv_repeat0_fold2
img_hsv_s_std,0.0046320208348333836,0.0046320208348333836,feature_importance,positive,grouped_cv,0,2,grouped_cv_repeat0_fold2
img_lbp_mean,0.004191040527075529,0.004191040527075529,feature_importance,positive,grouped_cv,0,2,grouped_cv_repeat0_fold2
img_strip_rust_max_pct,0.0039915586821734905,0.0039915586821734905,feature_importance,positive,grouped_cv,0,2,grouped_cv_repeat0_fold2
img_gray_hist_bin_2,0.002968252170830965,0.002968252170830965,feature_importance,positive,grouped_cv,0,2,grouped_cv_repeat0_fold2
img_glcm_contrast,0.0027015607338398695,0.0027015607338398695,feature_importance,positive,grouped_cv,0,2,grouped_cv_repeat0_fold2
img_strip_peak_location_cm,0.0020629707723855972,0.0020629707723855972,feature_importance,positive,grouped_cv,0,2,grouped_cv_repeat0_fold2
img_hsv_v_hist_bin_3,0.002061534905806184,0.002061534905806184,feature_importance,positive,grouped_cv,0,2,grouped_cv_repeat0_fold2
img_edge_to_center_rust_ratio,0.001898930175229907,0.001898930175229907,feature_importance,positive,grouped_cv,0,2,grouped_cv_repeat0_fold2
img_hsv_s_hist_bin_2,0.0018749423325061798,0.0018749423325061798,feature_importance,positive,grouped_cv,0,2,grouped_cv_repeat0_fold2
treatment_label_coarse,0.0017555838567204773,0.0017555838567204773,feature_importance,positive,grouped_cv,0,2,grouped_cv_repeat0_fold2
img_g_mean,0.0017367409309372306,0.0017367409309372306,feature_importance,positive,grouped_cv,0,2,grouped_cv_repeat0_fold2
img_hsv_v_hist_bin_2,0.0016862335614860058,0.0016862335614860058,feature_importance,positive,grouped_cv,0,2,grouped_cv_repeat0_fold2
img_gray_mask_ratio_pct,0.0012586730299517512,0.0012586730299517512,feature_importance,positive,grouped_cv,0,2,grouped_cv_repeat0_fold2
img_hsv_s_hist_bin_5,0.0011137721594423056,0.0011137721594423056,feature_importance,positive,grouped_cv,0,2,grouped_cv_repeat0_fold2
img_glcm_energy,0.0010963886743411422,0.0010963886743411422,feature_importance,positive,grouped_cv,0,2,grouped_cv_repeat0_fold2
img_hsv_v_hist_bin_0,0.0009900559671223164,0.0009900559671223164,feature_importance,positive,grouped_cv,0,2,grouped_cv_repeat0_fold2
img_r_std,0.0009678400820121169,0.0009678400820121169,feature_importance,positive,grouped_cv,0,2,grouped_cv_repeat0_fold2
img_hsv_h_p10,0.0008708805544301867,0.0008708805544301867,feature_importance,positive,grouped_cv,0,2,grouped_cv_repeat0_fold2
img_rust_center_of_mass_cm,0.0008614656399004161,0.0008614656399004161,feature_importance,positive,grouped_cv,0,2,grouped_cv_repeat0_fold2
img_hsv_v_hist_bin_4,0.0007649713079445064,0.0007649713079445064,feature_importance,positive,grouped_cv,0,2,grouped_cv_repeat0_fold2
img_hsv_h_std,0.0006497338763438165,0.0006497338763438165,feature_importance,positive,grouped_cv,0,2,grouped_cv_repeat0_fold2
img_rust_blob_eccentricity_mean,0.00047404211363755167,0.00047404211363755167,feature_importance,positive,grouped_cv,0,2,grouped_cv_repeat0_fold2
img_hsv_v_std,0.0004230925696901977,0.0004230925696901977,feature_importance,positive,grouped_cv,0,2,grouped_cv_repeat0_fold2
img_gray_hist_bin_3,0.00041280625737272203,0.00041280625737272203,feature_importance,positive,grouped_cv,0,2,grouped_cv_repeat0_fold2
img_hsv_h_hist_bin_3,0.0003968228411395103,0.0003968228411395103,feature_importance,positive,grouped_cv,0,2,grouped_cv_repeat0_fold2
img_rust_blob_mean_ratio_pct,0.00039654411375522614,0.00039654411375522614,feature_importance,positive,grouped_cv,0,2,grouped_cv_repeat0_fold2
img_gray_hist_bin_1,0.00034322586725465953,0.00034322586725465953,feature_importance,positive,grouped_cv,0,2,grouped_cv_repeat0_fold2
img_hsv_v_hist_bin_6,0.0003292886249255389,0.0003292886249255389,feature_importance,positive,grouped_cv,0,2,grouped_cv_repeat0_fold2
img_gray_hist_bin_4,0.00025736395036801696,0.00025736395036801696,feature_importance,positive,grouped_cv,0,2,grouped_cv_repeat0_fold2
img_hsv_s_hist_bin_1,0.00022949847334530205,0.00022949847334530205,feature_importance,positive,grouped_cv,0,2,grouped_cv_repeat0_fold2
img_brightness_p90,0.000225486874114722,0.000225486874114722,feature_importance,positive,grouped_cv,0,2,grouped_cv_repeat0_fold2
img_gray_hist_bin_7,0.00021927010675426573,0.00021927010675426573,feature_importance,positive,grouped_cv,0,2,grouped_cv_repeat0_fold2
img_hsv_v_hist_bin_1,0.0002130696375388652,0.0002130696375388652,feature_importance,positive,grouped_cv,0,2,grouped_cv_repeat0_fold2
img_rust_area_ratio_pct,0.00020874926121905446,0.00020874926121905446,feature_importance,positive,grouped_cv,0,2,grouped_cv_repeat0_fold2
img_rust_blob_largest_ratio_pct,0.00020538871467579156,0.00020538871467579156,feature_importance,positive,grouped_cv,0,2,grouped_cv_repeat0_fold2
img_brightness_mean,0.00017238326836377382,0.00017238326836377382,feature_importance,positive,grouped_cv,0,2,grouped_cv_repeat0_fold2
img_hsv_h_hist_bin_0,0.00014669772644992918,0.00014669772644992918,feature_importance,positive,grouped_cv,0,2,grouped_cv_repeat0_fold2
img_hsv_s_p10,0.00014090283366385847,0.00014090283366385847,feature_importance,positive,grouped_cv,0,2,grouped_cv_repeat0_fold2
img_gray_hist_bin_5,0.00014050162280909717,0.00014050162280909717,feature_importance,positive,grouped_cv,0,2,grouped_cv_repeat0_fold2
img_hsv_h_p90,0.00013367556675802916,0.00013367556675802916,feature_importance,positive,grouped_cv,0,2,grouped_cv_repeat0_fold2
img_strip_rust_p90_pct,0.00013361086894292384,0.00013361086894292384,feature_importance,positive,grouped_cv,0,2,grouped_cv_repeat0_fold2
img_hsv_h_mean,0.00012879716814495623,0.00012879716814495623,feature_importance,positive,grouped_cv,0,2,grouped_cv_repeat0_fold2
img_brightness_std,0.0001261892612092197,0.0001261892612092197,feature_importance,positive,grouped_cv,0,2,grouped_cv_repeat0_fold2
img_hsv_s_hist_bin_6,0.00011297778110019863,0.00011297778110019863,feature_importance,positive,grouped_cv,0,2,grouped_cv_repeat0_fold2
img_r_mean,0.0001122227477026172,0.0001122227477026172,feature_importance,positive,grouped_cv,0,2,grouped_cv_repeat0_fold2
img_black_mask_ratio_pct,0.0001089621291612275,0.0001089621291612275,feature_importance,positive,grouped_cv,0,2,grouped_cv_repeat0_fold2
img_contrast,0.00010617891530273482,0.00010617891530273482,feature_importance,positive,grouped_cv,0,2,grouped_cv_repeat0_fold2
img_lbp_std,0.00010125754488399252,0.00010125754488399252,feature_importance,positive,grouped_cv,0,2,grouped_cv_repeat0_fold2
img_hsv_s_mean,9.955412679119036e-05,9.955412679119036e-05,feature_importance,positive,grouped_cv,0,2,grouped_cv_repeat0_fold2
img_hsv_s_hist_bin_3,9.844205487752333e-05,9.844205487752333e-05,feature_importance,positive,grouped_cv,0,2,grouped_cv_repeat0_fold2
img_hsv_s_hist_bin_0,9.573846182320267e-05,9.573846182320267e-05,feature_importance,positive,grouped_cv,0,2,grouped_cv_repeat0_fold2
img_hsv_s_hist_bin_7,9.307524305768311e-05,9.307524305768311e-05,feature_importance,positive,grouped_cv,0,2,grouped_cv_repeat0_fold2
img_gray_hist_bin_0,9.224423411069438e-05,9.224423411069438e-05,feature_importance,positive,grouped_cv,0,2,grouped_cv_repeat0_fold2
img_hsv_s_hist_bin_4,9.018780110636726e-05,9.018780110636726e-05,feature_importance,positive,grouped_cv,0,2,grouped_cv_repeat0_fold2
img_b_mean,8.493170753354207e-05,8.493170753354207e-05,feature_importance,positive,grouped_cv,0,2,grouped_cv_repeat0_fold2
img_brightness_p10,8.437280484940857e-05,8.437280484940857e-05,feature_importance,positive,grouped_cv,0,2,grouped_cv_repeat0_fold2
img_strip_high_count,7.915087189758196e-05,7.915087189758196e-05,feature_importance,positive,grouped_cv,0,2,grouped_cv_repeat0_fold2
img_b_std,7.849905523471534e-05,7.849905523471534e-05,feature_importance,positive,grouped_cv,0,2,grouped_cv_repeat0_fold2
img_gray_hist_bin_6,7.420368638122454e-05,7.420368638122454e-05,feature_importance,positive,grouped_cv,0,2,grouped_cv_repeat0_fold2
img_hsv_h_hist_bin_7,7.07098952261731e-05,7.07098952261731e-05,feature_importance,positive,grouped_cv,0,2,grouped_cv_repeat0_fold2
img_hsv_h_hist_bin_6,7.058550545480102e-05,7.058550545480102e-05,feature_importance,positive,grouped_cv,0,2,grouped_cv_repeat0_fold2
img_hsv_h_hist_bin_1,6.945693894522265e-05,6.945693894522265e-05,feature_importance,positive,grouped_cv,0,2,grouped_cv_repeat0_fold2
img_strip_rust_std_pct,6.179365300340578e-05,6.179365300340578e-05,feature_importance,positive,grouped_cv,0,2,grouped_cv_repeat0_fold2
img_rust_blob_count,6.050823867553845e-05,6.050823867553845e-05,feature_importance,positive,grouped_cv,0,2,grouped_cv_repeat0_fold2
img_hsv_h_hist_bin_2,5.6570461310911924e-05,5.6570461310911924e-05,feature_importance,positive,grouped_cv,0,2,grouped_cv_repeat0_fold2
img_hsv_h_hist_bin_4,4.854353392147459e-05,4.854353392147459e-05,feature_importance,positive,grouped_cv,0,2,grouped_cv_repeat0_fold2
img_hsv_s_p90,4.6275883505586535e-05,4.6275883505586535e-05,feature_importance,positive,grouped_cv,0,2,grouped_cv_repeat0_fold2
img_hsv_h_hist_bin_5,4.618563616531901e-05,4.618563616531901e-05,feature_importance,positive,grouped_cv,0,2,grouped_cv_repeat0_fold2
img_hsv_v_p90,4.470279600354843e-05,4.470279600354843e-05,feature_importance,positive,grouped_cv,0,2,grouped_cv_repeat0_fold2
img_hsv_v_p10,3.2879725040402263e-05,3.2879725040402263e-05,feature_importance,positive,grouped_cv,0,2,grouped_cv_repeat0_fold2
img_hsv_v_mean,3.0884759325999767e-05,3.0884759325999767e-05,feature_importance,positive,grouped_cv,0,2,grouped_cv_repeat0_fold2
img_g_std,2.841278546839021e-05,2.841278546839021e-05,feature_importance,positive,grouped_cv,0,2,grouped_cv_repeat0_fold2
week,2.089252302539535e-05,2.089252302539535e-05,feature_importance,positive,grouped_cv,0,2,grouped_cv_repeat0_fold2
ageing_days,1.4529129657603335e-05,1.4529129657603335e-05,feature_importance,positive,grouped_cv,0,2,grouped_cv_repeat0_fold2
img_strip_rust_mean_pct,0.0,0.0,feature_importance,positive,grouped_cv,0,2,grouped_cv_repeat0_fold2
img_strip_count,0.0,0.0,feature_importance,positive,grouped_cv,0,2,grouped_cv_repeat0_fold2
img_rust_blob_eccentricity_max,0.0,0.0,feature_importance,positive,grouped_cv,0,2,grouped_cv_repeat0_fold2
nacl_pct,0.4324690103530884,0.4324690103530884,feature_importance,positive,grouped_cv,0,3,grouped_cv_repeat0_fold3
n_steel_mesh,0.2961488962173462,0.2961488962173462,feature_importance,positive,grouped_cv,0,3,grouped_cv_repeat0_fold3
campaign_id,0.05238652601838112,0.05238652601838112,feature_importance,positive,grouped_cv,0,3,grouped_cv_repeat0_fold3
img_r_mean,0.04125545173883438,0.04125545173883438,feature_importance,positive,grouped_cv,0,3,grouped_cv_repeat0_fold3
series_id,0.03208919818280265,0.03208919818280265,feature_importance,positive,grouped_cv,0,3,grouped_cv_repeat0_fold3
split_group_treatment,0.02419201232987689,0.02419201232987689,feature_importance,positive,grouped_cv,0,3,grouped_cv_repeat0_fold3
img_gray_hist_bin_7,0.013330125249922276,0.013330125249922276,feature_importance,positive,grouped_cv,0,3,grouped_cv_repeat0_fold3
treatment_coarse,0.009285097199608572,0.009285097199608572,feature_importance,positive,grouped_cv,0,3,grouped_cv_repeat0_fold3
img_hsv_s_std,0.008613958023488522,0.008613958023488522,feature_importance,positive,grouped_cv,0,3,grouped_cv_repeat0_fold3
img_glcm_homogeneity,0.007529381662607193,0.007529381662607193,feature_importance,positive,grouped_cv,0,3,grouped_cv_repeat0_fold3
img_gray_hist_bin_2,0.006225119810551405,0.006225119810551405,feature_importance,positive,grouped_cv,0,3,grouped_cv_repeat0_fold3
img_g_mean,0.005532692186534405,0.005532692186534405,feature_importance,positive,grouped_cv,0,3,grouped_cv_repeat0_fold3
treatment_protocol,0.005204157816478983,0.005204157816478983,feature_importance,positive,grouped_cv,0,3,grouped_cv_repeat0_fold3
img_hsv_h_p10,0.005109798163175583,0.005109798163175583,feature_importance,positive,grouped_cv,0,3,grouped_cv_repeat0_fold3
img_hsv_v_hist_bin_2,0.004719873890280724,0.004719873890280724,feature_importance,positive,grouped_cv,0,3,grouped_cv_repeat0_fold3
img_hsv_h_hist_bin_2,0.004598123487085104,0.004598123487085104,feature_importance,positive,grouped_cv,0,3,grouped_cv_repeat0_fold3
cover_mm,0.004270107951015234,0.004270107951015234,feature_importance,positive,grouped_cv,0,3,grouped_cv_repeat0_fold3
treatment_label_coarse,0.0037909130405751057,0.0037909130405751057,feature_importance,positive,grouped_cv,0,3,grouped_cv_repeat0_fold3
img_glcm_energy,0.003287750529125333,0.003287750529125333,feature_importance,positive,grouped_cv,0,3,grouped_cv_repeat0_fold3
img_strip_high_count,0.0032108062878251076,0.0032108062878251076,feature_importance,positive,grouped_cv,0,3,grouped_cv_repeat0_fold3
img_gray_hist_bin_3,0.00312842451967299,0.00312842451967299,feature_importance,positive,grouped_cv,0,3,grouped_cv_repeat0_fold3
img_edge_to_center_rust_ratio,0.002993069589138031,0.002993069589138031,feature_importance,positive,grouped_cv,0,3,grouped_cv_repeat0_fold3
img_hsv_v_hist_bin_3,0.0020426965784281492,0.0020426965784281492,feature_importance,positive,grouped_cv,0,3,grouped_cv_repeat0_fold3
img_rust_blob_count,0.001811186783015728,0.001811186783015728,feature_importance,positive,grouped_cv,0,3,grouped_cv_repeat0_fold3
img_hsv_v_hist_bin_1,0.0016673282952979207,0.0016673282952979207,feature_importance,positive,grouped_cv,0,3,grouped_cv_repeat0_fold3
img_hsv_v_hist_bin_7,0.0015426288591697812,0.0015426288591697812,feature_importance,positive,grouped_cv,0,3,grouped_cv_repeat0_fold3
img_hsv_v_p10,0.0015226085670292377,0.0015226085670292377,feature_importance,positive,grouped_cv,0,3,grouped_cv_repeat0_fold3
img_hsv_v_hist_bin_5,0.0013997192727401853,0.0013997192727401853,feature_importance,positive,grouped_cv,0,3,grouped_cv_repeat0_fold3
img_hsv_v_hist_bin_4,0.001364873256534338,0.001364873256534338,feature_importance,positive,grouped_cv,0,3,grouped_cv_repeat0_fold3
img_glcm_contrast,0.001254873350262642,0.001254873350262642,feature_importance,positive,grouped_cv,0,3,grouped_cv_repeat0_fold3
img_strip_rust_max_pct,0.0012039036955684423,0.0012039036955684423,feature_importance,positive,grouped_cv,0,3,grouped_cv_repeat0_fold3
img_rust_blob_mean_ratio_pct,0.0010914987651631236,0.0010914987651631236,feature_importance,positive,grouped_cv,0,3,grouped_cv_repeat0_fold3
img_rust_center_of_mass_cm,0.0010842112824320793,0.0010842112824320793,feature_importance,positive,grouped_cv,0,3,grouped_cv_repeat0_fold3
img_lbp_mean,0.0009641241631470621,0.0009641241631470621,feature_importance,positive,grouped_cv,0,3,grouped_cv_repeat0_fold3
img_hsv_s_hist_bin_5,0.0009344530408270657,0.0009344530408270657,feature_importance,positive,grouped_cv,0,3,grouped_cv_repeat0_fold3
img_brightness_p90,0.0009123232448473573,0.0009123232448473573,feature_importance,positive,grouped_cv,0,3,grouped_cv_repeat0_fold3
img_brightness_std,0.0008019923116080463,0.0008019923116080463,feature_importance,positive,grouped_cv,0,3,grouped_cv_repeat0_fold3
img_gray_hist_bin_1,0.0007211682386696339,0.0007211682386696339,feature_importance,positive,grouped_cv,0,3,grouped_cv_repeat0_fold3
img_strip_peak_location_cm,0.0006763654528185725,0.0006763654528185725,feature_importance,positive,grouped_cv,0,3,grouped_cv_repeat0_fold3
img_hsv_v_mean,0.0005134121747687459,0.0005134121747687459,feature_importance,positive,grouped_cv,0,3,grouped_cv_repeat0_fold3
img_hsv_v_hist_bin_0,0.0004923578817397356,0.0004923578817397356,feature_importance,positive,grouped_cv,0,3,grouped_cv_repeat0_fold3
img_hsv_s_p90,0.000491877319291234,0.000491877319291234,feature_importance,positive,grouped_cv,0,3,grouped_cv_repeat0_fold3
img_gray_mask_ratio_pct,0.0004405423242133111,0.0004405423242133111,feature_importance,positive,grouped_cv,0,3,grouped_cv_repeat0_fold3
img_r_std,0.0003585943195503205,0.0003585943195503205,feature_importance,positive,grouped_cv,0,3,grouped_cv_repeat0_fold3
img_lbp_std,0.0003557266609277576,0.0003557266609277576,feature_importance,positive,grouped_cv,0,3,grouped_cv_repeat0_fold3
img_gray_hist_bin_4,0.0003446708433330059,0.0003446708433330059,feature_importance,positive,grouped_cv,0,3,grouped_cv_repeat0_fold3
img_rust_blob_eccentricity_mean,0.0003309351159259677,0.0003309351159259677,feature_importance,positive,grouped_cv,0,3,grouped_cv_repeat0_fold3
img_hsv_h_std,0.00032477028435096145,0.00032477028435096145,feature_importance,positive,grouped_cv,0,3,grouped_cv_repeat0_fold3
img_rust_blob_largest_ratio_pct,0.0003085719363298267,0.0003085719363298267,feature_importance,positive,grouped_cv,0,3,grouped_cv_repeat0_fold3
img_b_std,0.0003083430929109454,0.0003083430929109454,feature_importance,positive,grouped_cv,0,3,grouped_cv_repeat0_fold3
ageing_days,0.0002928158501163125,0.0002928158501163125,feature_importance,positive,grouped_cv,0,3,grouped_cv_repeat0_fold3
img_brightness_mean,0.00027651787968352437,0.00027651787968352437,feature_importance,positive,grouped_cv,0,3,grouped_cv_repeat0_fold3
img_rust_blob_eccentricity_max,0.0002674091956578195,0.0002674091956578195,feature_importance,positive,grouped_cv,0,3,grouped_cv_repeat0_fold3
img_hsv_s_hist_bin_1,0.0002637499710544944,0.0002637499710544944,feature_importance,positive,grouped_cv,0,3,grouped_cv_repeat0_fold3
img_hsv_h_hist_bin_0,0.0002595745900180191,0.0002595745900180191,feature_importance,positive,grouped_cv,0,3,grouped_cv_repeat0_fold3
img_hsv_s_hist_bin_6,0.00019900027837138623,0.00019900027837138623,feature_importance,positive,grouped_cv,0,3,grouped_cv_repeat0_fold3
img_brightness_p10,0.000193206244148314,0.000193206244148314,feature_importance,positive,grouped_cv,0,3,grouped_cv_repeat0_fold3
img_contrast,0.00019099979544989765,0.00019099979544989765,feature_importance,positive,grouped_cv,0,3,grouped_cv_repeat0_fold3
img_hsv_h_hist_bin_1,0.00017650531663093716,0.00017650531663093716,feature_importance,positive,grouped_cv,0,3,grouped_cv_repeat0_fold3
img_hsv_h_hist_bin_6,0.0001751273957779631,0.0001751273957779631,feature_importance,positive,grouped_cv,0,3,grouped_cv_repeat0_fold3
img_hsv_s_p10,0.00017467289580963552,0.00017467289580963552,feature_importance,positive,grouped_cv,0,3,grouped_cv_repeat0_fold3
img_hsv_h_p90,0.00015991552209015936,0.00015991552209015936,feature_importance,positive,grouped_cv,0,3,grouped_cv_repeat0_fold3
img_g_std,0.00015247213013935834,0.00015247213013935834,feature_importance,positive,grouped_cv,0,3,grouped_cv_repeat0_fold3
img_hsv_h_hist_bin_4,0.00015156979497987777,0.00015156979497987777,feature_importance,positive,grouped_cv,0,3,grouped_cv_repeat0_fold3
img_hsv_v_hist_bin_6,0.00014312697749119252,0.00014312697749119252,feature_importance,positive,grouped_cv,0,3,grouped_cv_repeat0_fold3
img_strip_rust_std_pct,0.00013717285764869303,0.00013717285764869303,feature_importance,positive,grouped_cv,0,3,grouped_cv_repeat0_fold3
img_gray_hist_bin_0,0.00013571111776400357,0.00013571111776400357,feature_importance,positive,grouped_cv,0,3,grouped_cv_repeat0_fold3
img_hsv_s_mean,0.00013266403402667493,0.00013266403402667493,feature_importance,positive,grouped_cv,0,3,grouped_cv_repeat0_fold3
img_black_mask_ratio_pct,0.00012819581024814397,0.00012819581024814397,feature_importance,positive,grouped_cv,0,3,grouped_cv_repeat0_fold3
img_hsv_s_hist_bin_2,0.00012677880295086652,0.00012677880295086652,feature_importance,positive,grouped_cv,0,3,grouped_cv_repeat0_fold3
img_rust_area_ratio_pct,0.00012559391325339675,0.00012559391325339675,feature_importance,positive,grouped_cv,0,3,grouped_cv_repeat0_fold3
img_hsv_h_hist_bin_3,0.00012078787403879687,0.00012078787403879687,feature_importance,positive,grouped_cv,0,3,grouped_cv_repeat0_fold3
img_hsv_h_hist_bin_7,0.00012031487858621404,0.00012031487858621404,feature_importance,positive,grouped_cv,0,3,grouped_cv_repeat0_fold3
img_hsv_s_hist_bin_3,0.00011836271005449817,0.00011836271005449817,feature_importance,positive,grouped_cv,0,3,grouped_cv_repeat0_fold3
img_strip_rust_p90_pct,0.0001171537660411559,0.0001171537660411559,feature_importance,positive,grouped_cv,0,3,grouped_cv_repeat0_fold3
img_hsv_v_std,0.00011645921767922118,0.00011645921767922118,feature_importance,positive,grouped_cv,0,3,grouped_cv_repeat0_fold3
img_hsv_s_hist_bin_0,0.000115910021122545,0.000115910021122545,feature_importance,positive,grouped_cv,0,3,grouped_cv_repeat0_fold3
img_gray_hist_bin_6,0.00011542155698407441,0.00011542155698407441,feature_importance,positive,grouped_cv,0,3,grouped_cv_repeat0_fold3
img_hsv_s_hist_bin_4,0.00011454134073574096,0.00011454134073574096,feature_importance,positive,grouped_cv,0,3,grouped_cv_repeat0_fold3
img_strip_rust_mean_pct,0.00011103141150670126,0.00011103141150670126,feature_importance,positive,grouped_cv,0,3,grouped_cv_repeat0_fold3
img_gray_hist_bin_5,0.00010590852616587654,0.00010590852616587654,feature_importance,positive,grouped_cv,0,3,grouped_cv_repeat0_fold3
img_hsv_s_hist_bin_7,9.498026338405907e-05,9.498026338405907e-05,feature_importance,positive,grouped_cv,0,3,grouped_cv_repeat0_fold3
img_hsv_h_mean,8.481828990625218e-05,8.481828990625218e-05,feature_importance,positive,grouped_cv,0,3,grouped_cv_repeat0_fold3
img_hsv_v_p90,5.906910519115627e-05,5.906910519115627e-05,feature_importance,positive,grouped_cv,0,3,grouped_cv_repeat0_fold3
img_b_mean,5.7950241171056405e-05,5.7950241171056405e-05,feature_importance,positive,grouped_cv,0,3,grouped_cv_repeat0_fold3
week,4.815829379367642e-05,4.815829379367642e-05,feature_importance,positive,grouped_cv,0,3,grouped_cv_repeat0_fold3
img_strip_count,0.0,0.0,feature_importance,positive,grouped_cv,0,3,grouped_cv_repeat0_fold3
img_hsv_h_hist_bin_5,0.0,0.0,feature_importance,positive,grouped_cv,0,3,grouped_cv_repeat0_fold3
nacl_pct,0.3929028809070587,0.3929028809070587,feature_importance,positive,grouped_cv,0,4,grouped_cv_repeat0_fold4
n_steel_mesh,0.24484853446483612,0.24484853446483612,feature_importance,positive,grouped_cv,0,4,grouped_cv_repeat0_fold4
split_group_treatment,0.0996724409487797,0.0996724409487797,feature_importance,positive,grouped_cv,0,4,grouped_cv_repeat0_fold4
campaign_id,0.06498301774263382,0.06498301774263382,feature_importance,positive,grouped_cv,0,4,grouped_cv_repeat0_fold4
series_id,0.06367042992496863,0.06367042992496863,feature_importance,positive,grouped_cv,0,4,grouped_cv_repeat0_fold4
img_hsv_v_mean,0.049337681382894516,0.049337681382894516,feature_importance,positive,grouped_cv,0,4,grouped_cv_repeat0_fold4
img_glcm_homogeneity,0.01661766692996025,0.01661766692996025,feature_importance,positive,grouped_cv,0,4,grouped_cv_repeat0_fold4
img_hsv_v_hist_bin_7,0.00954360980540514,0.00954360980540514,feature_importance,positive,grouped_cv,0,4,grouped_cv_repeat0_fold4
img_hsv_s_std,0.007251940667629242,0.007251940667629242,feature_importance,positive,grouped_cv,0,4,grouped_cv_repeat0_fold4
cover_mm,0.006448584143072367,0.006448584143072367,feature_importance,positive,grouped_cv,0,4,grouped_cv_repeat0_fold4
treatment_label_coarse,0.0028580863217939623,0.0028580863217939623,feature_importance,positive,grouped_cv,0,4,grouped_cv_repeat0_fold4
img_r_mean,0.002778977155685425,0.002778977155685425,feature_importance,positive,grouped_cv,0,4,grouped_cv_repeat0_fold4
img_hsv_v_hist_bin_3,0.002700699958950281,0.002700699958950281,feature_importance,positive,grouped_cv,0,4,grouped_cv_repeat0_fold4
img_strip_rust_max_pct,0.0024653966538608074,0.0024653966538608074,feature_importance,positive,grouped_cv,0,4,grouped_cv_repeat0_fold4
treatment_coarse,0.002324683533515781,0.002324683533515781,feature_importance,positive,grouped_cv,0,4,grouped_cv_repeat0_fold4
img_gray_hist_bin_2,0.0020849464926868677,0.0020849464926868677,feature_importance,positive,grouped_cv,0,4,grouped_cv_repeat0_fold4
img_lbp_mean,0.0019005408976227045,0.0019005408976227045,feature_importance,positive,grouped_cv,0,4,grouped_cv_repeat0_fold4
img_hsv_v_hist_bin_5,0.001857579918578267,0.001857579918578267,feature_importance,positive,grouped_cv,0,4,grouped_cv_repeat0_fold4
img_glcm_contrast,0.0016144197434186935,0.0016144197434186935,feature_importance,positive,grouped_cv,0,4,grouped_cv_repeat0_fold4
img_hsv_v_hist_bin_2,0.00161171134095639,0.00161171134095639,feature_importance,positive,grouped_cv,0,4,grouped_cv_repeat0_fold4
treatment_protocol,0.001561137309181504,0.001561137309181504,feature_importance,positive,grouped_cv,0,4,grouped_cv_repeat0_fold4
img_g_std,0.0014853904722258449,0.0014853904722258449,feature_importance,positive,grouped_cv,0,4,grouped_cv_repeat0_fold4
img_glcm_energy,0.0013627238804474473,0.0013627238804474473,feature_importance,positive,grouped_cv,0,4,grouped_cv_repeat0_fold4
img_r_std,0.0011823639506474137,0.0011823639506474137,feature_importance,positive,grouped_cv,0,4,grouped_cv_repeat0_fold4
img_edge_to_center_rust_ratio,0.0011154931271448731,0.0011154931271448731,feature_importance,positive,grouped_cv,0,4,grouped_cv_repeat0_fold4
img_gray_hist_bin_5,0.0009680066723376513,0.0009680066723376513,feature_importance,positive,grouped_cv,0,4,grouped_cv_repeat0_fold4
img_hsv_v_p10,0.000797395478002727,0.000797395478002727,feature_importance,positive,grouped_cv,0,4,grouped_cv_repeat0_fold4
img_hsv_s_mean,0.0007713059312663972,0.0007713059312663972,feature_importance,positive,grouped_cv,0,4,grouped_cv_repeat0_fold4
img_strip_rust_std_pct,0.0006961530307307839,0.0006961530307307839,feature_importance,positive,grouped_cv,0,4,grouped_cv_repeat0_fold4
img_strip_peak_location_cm,0.0006884529138915241,0.0006884529138915241,feature_importance,positive,grouped_cv,0,4,grouped_cv_repeat0_fold4
img_hsv_s_hist_bin_5,0.0006762015400454402,0.0006762015400454402,feature_importance,positive,grouped_cv,0,4,grouped_cv_repeat0_fold4
img_hsv_h_std,0.0006320096435956657,0.0006320096435956657,feature_importance,positive,grouped_cv,0,4,grouped_cv_repeat0_fold4
img_hsv_s_p10,0.0006183634977787733,0.0006183634977787733,feature_importance,positive,grouped_cv,0,4,grouped_cv_repeat0_fold4
img_hsv_h_hist_bin_1,0.0005553080700337887,0.0005553080700337887,feature_importance,positive,grouped_cv,0,4,grouped_cv_repeat0_fold4
img_brightness_std,0.0005501032574102283,0.0005501032574102283,feature_importance,positive,grouped_cv,0,4,grouped_cv_repeat0_fold4
img_hsv_h_p90,0.0005201321910135448,0.0005201321910135448,feature_importance,positive,grouped_cv,0,4,grouped_cv_repeat0_fold4
img_rust_blob_largest_ratio_pct,0.00047205144073814154,0.00047205144073814154,feature_importance,positive,grouped_cv,0,4,grouped_cv_repeat0_fold4
img_rust_center_of_mass_cm,0.0003653321473393589,0.0003653321473393589,feature_importance,positive,grouped_cv,0,4,grouped_cv_repeat0_fold4
img_hsv_v_hist_bin_4,0.0003594995359890163,0.0003594995359890163,feature_importance,positive,grouped_cv,0,4,grouped_cv_repeat0_fold4
img_hsv_h_hist_bin_0,0.00035254968679510057,0.00035254968679510057,feature_importance,positive,grouped_cv,0,4,grouped_cv_repeat0_fold4
img_b_std,0.0003521164180710912,0.0003521164180710912,feature_importance,positive,grouped_cv,0,4,grouped_cv_repeat0_fold4
img_gray_hist_bin_1,0.00034534887527115643,0.00034534887527115643,feature_importance,positive,grouped_cv,0,4,grouped_cv_repeat0_fold4
img_hsv_v_hist_bin_6,0.00032927977736108005,0.00032927977736108005,feature_importance,positive,grouped_cv,0,4,grouped_cv_repeat0_fold4
img_rust_blob_eccentricity_mean,0.0003267581050749868,0.0003267581050749868,feature_importance,positive,grouped_cv,0,4,grouped_cv_repeat0_fold4
img_hsv_s_hist_bin_7,0.0003153708530589938,0.0003153708530589938,feature_importance,positive,grouped_cv,0,4,grouped_cv_repeat0_fold4
img_rust_blob_eccentricity_max,0.0002682245394680649,0.0002682245394680649,feature_importance,positive,grouped_cv,0,4,grouped_cv_repeat0_fold4
img_gray_hist_bin_4,0.00026790687115862966,0.00026790687115862966,feature_importance,positive,grouped_cv,0,4,grouped_cv_repeat0_fold4
img_strip_high_count,0.00025579420616850257,0.00025579420616850257,feature_importance,positive,grouped_cv,0,4,grouped_cv_repeat0_fold4
img_hsv_h_hist_bin_2,0.0002473920176271349,0.0002473920176271349,feature_importance,positive,grouped_cv,0,4,grouped_cv_repeat0_fold4
img_lbp_std,0.0002462439297232777,0.0002462439297232777,feature_importance,positive,grouped_cv,0,4,grouped_cv_repeat0_fold4
img_gray_mask_ratio_pct,0.00023826358665246516,0.00023826358665246516,feature_importance,positive,grouped_cv,0,4,grouped_cv_repeat0_fold4
img_contrast,0.00022497768804896623,0.00022497768804896623,feature_importance,positive,grouped_cv,0,4,grouped_cv_repeat0_fold4
img_rust_area_ratio_pct,0.00021811228361912072,0.00021811228361912072,feature_importance,positive,grouped_cv,0,4,grouped_cv_repeat0_fold4
img_hsv_v_hist_bin_0,0.00020180174033157527,0.00020180174033157527,feature_importance,positive,grouped_cv,0,4,grouped_cv_repeat0_fold4
img_hsv_v_hist_bin_1,0.0001991890894714743,0.0001991890894714743,feature_importance,positive,grouped_cv,0,4,grouped_cv_repeat0_fold4
img_rust_blob_mean_ratio_pct,0.00019224655989091843,0.00019224655989091843,feature_importance,positive,grouped_cv,0,4,grouped_cv_repeat0_fold4
img_hsv_s_hist_bin_4,0.0001884144003270194,0.0001884144003270194,feature_importance,positive,grouped_cv,0,4,grouped_cv_repeat0_fold4
img_strip_rust_p90_pct,0.00018614386499393731,0.00018614386499393731,feature_importance,positive,grouped_cv,0,4,grouped_cv_repeat0_fold4
img_hsv_s_hist_bin_3,0.00017613160889595747,0.00017613160889595747,feature_importance,positive,grouped_cv,0,4,grouped_cv_repeat0_fold4
img_hsv_h_mean,0.00016594212502241135,0.00016594212502241135,feature_importance,positive,grouped_cv,0,4,grouped_cv_repeat0_fold4
img_hsv_s_hist_bin_1,0.00015383426216430962,0.00015383426216430962,feature_importance,positive,grouped_cv,0,4,grouped_cv_repeat0_fold4
img_g_mean,0.00013713382941205055,0.00013713382941205055,feature_importance,positive,grouped_cv,0,4,grouped_cv_repeat0_fold4
img_hsv_s_hist_bin_0,0.00012168647663202137,0.00012168647663202137,feature_importance,positive,grouped_cv,0,4,grouped_cv_repeat0_fold4
img_gray_hist_bin_3,0.00011153211380587891,0.00011153211380587891,feature_importance,positive,grouped_cv,0,4,grouped_cv_repeat0_fold4
img_hsv_s_hist_bin_6,0.0001075262698577717,0.0001075262698577717,feature_importance,positive,grouped_cv,0,4,grouped_cv_repeat0_fold4
img_hsv_s_hist_bin_2,0.00010170628229388967,0.00010170628229388967,feature_importance,positive,grouped_cv,0,4,grouped_cv_repeat0_fold4
img_gray_hist_bin_6,0.00010012795246439055,0.00010012795246439055,feature_importance,positive,grouped_cv,0,4,grouped_cv_repeat0_fold4
img_b_mean,9.746915748110041e-05,9.746915748110041e-05,feature_importance,positive,grouped_cv,0,4,grouped_cv_repeat0_fold4
img_strip_rust_mean_pct,9.72260459093377e-05,9.72260459093377e-05,feature_importance,positive,grouped_cv,0,4,grouped_cv_repeat0_fold4
img_hsv_h_hist_bin_7,8.175419498002157e-05,8.175419498002157e-05,feature_importance,positive,grouped_cv,0,4,grouped_cv_repeat0_fold4
img_hsv_h_hist_bin_6,8.15042803878896e-05,8.15042803878896e-05,feature_importance,positive,grouped_cv,0,4,grouped_cv_repeat0_fold4
img_hsv_v_p90,7.058014307403937e-05,7.058014307403937e-05,feature_importance,positive,grouped_cv,0,4,grouped_cv_repeat0_fold4
img_hsv_h_hist_bin_3,6.849228520877659e-05,6.849228520877659e-05,feature_importance,positive,grouped_cv,0,4,grouped_cv_repeat0_fold4
img_gray_hist_bin_0,6.443091115215793e-05,6.443091115215793e-05,feature_importance,positive,grouped_cv,0,4,grouped_cv_repeat0_fold4
img_hsv_h_p10,6.0486330767162144e-05,6.0486330767162144e-05,feature_importance,positive,grouped_cv,0,4,grouped_cv_repeat0_fold4
img_brightness_p10,5.308766048983671e-05,5.308766048983671e-05,feature_importance,positive,grouped_cv,0,4,grouped_cv_repeat0_fold4
img_gray_hist_bin_7,4.7969504521461204e-05,4.7969504521461204e-05,feature_importance,positive,grouped_cv,0,4,grouped_cv_repeat0_fold4
img_hsv_s_p90,4.520693619269878e-05,4.520693619269878e-05,feature_importance,positive,grouped_cv,0,4,grouped_cv_repeat0_fold4
img_rust_blob_count,4.260193964000791e-05,4.260193964000791e-05,feature_importance,positive,grouped_cv,0,4,grouped_cv_repeat0_fold4
img_brightness_p90,3.9772698073647916e-05,3.9772698073647916e-05,feature_importance,positive,grouped_cv,0,4,grouped_cv_repeat0_fold4
img_brightness_mean,3.357378955115564e-05,3.357378955115564e-05,feature_importance,positive,grouped_cv,0,4,grouped_cv_repeat0_fold4
week,3.305941936559975e-05,3.305941936559975e-05,feature_importance,positive,grouped_cv,0,4,grouped_cv_repeat0_fold4
ageing_days,2.763796510407701e-05,2.763796510407701e-05,feature_importance,positive,grouped_cv,0,4,grouped_cv_repeat0_fold4
img_hsv_h_hist_bin_5,2.602162567200139e-05,2.602162567200139e-05,feature_importance,positive,grouped_cv,0,4,grouped_cv_repeat0_fold4
img_hsv_v_std,2.4208298782468773e-05,2.4208298782468773e-05,feature_importance,positive,grouped_cv,0,4,grouped_cv_repeat0_fold4
img_hsv_h_hist_bin_4,1.4702134649269283e-05,1.4702134649269283e-05,feature_importance,positive,grouped_cv,0,4,grouped_cv_repeat0_fold4
img_black_mask_ratio_pct,7.171742709033424e-06,7.171742709033424e-06,feature_importance,positive,grouped_cv,0,4,grouped_cv_repeat0_fold4
img_strip_count,0.0,0.0,feature_importance,positive,grouped_cv,0,4,grouped_cv_repeat0_fold4
nacl_pct,0.439469575881958,0.439469575881958,feature_importance,positive,grouped_cv,1,0,grouped_cv_repeat1_fold0
n_steel_mesh,0.24302460253238678,0.24302460253238678,feature_importance,positive,grouped_cv,1,0,grouped_cv_repeat1_fold0
campaign_id,0.06009591370820999,0.06009591370820999,feature_importance,positive,grouped_cv,1,0,grouped_cv_repeat1_fold0
split_group_treatment,0.05130378876128816,0.05130378876128816,feature_importance,positive,grouped_cv,1,0,grouped_cv_repeat1_fold0
series_id,0.034704638266703114,0.034704638266703114,feature_importance,positive,grouped_cv,1,0,grouped_cv_repeat1_fold0
img_hsv_v_mean,0.025034060701727867,0.025034060701727867,feature_importance,positive,grouped_cv,1,0,grouped_cv_repeat1_fold0
img_hsv_s_std,0.015624896623194218,0.015624896623194218,feature_importance,positive,grouped_cv,1,0,grouped_cv_repeat1_fold0
treatment_protocol,0.014450974529609084,0.014450974529609084,feature_importance,positive,grouped_cv,1,0,grouped_cv_repeat1_fold0
img_hsv_v_hist_bin_7,0.012463049963116646,0.012463049963116646,feature_importance,positive,grouped_cv,1,0,grouped_cv_repeat1_fold0
img_hsv_v_hist_bin_5,0.009856240823864937,0.009856240823864937,feature_importance,positive,grouped_cv,1,0,grouped_cv_repeat1_fold0
img_r_mean,0.007288609631359577,0.007288609631359577,feature_importance,positive,grouped_cv,1,0,grouped_cv_repeat1_fold0
cover_mm,0.0068664271384477615,0.0068664271384477615,feature_importance,positive,grouped_cv,1,0,grouped_cv_repeat1_fold0
img_lbp_mean,0.005204467568546534,0.005204467568546534,feature_importance,positive,grouped_cv,1,0,grouped_cv_repeat1_fold0
treatment_label_coarse,0.004054004384670407,0.004054004384670407,feature_importance,positive,grouped_cv,1,0,grouped_cv_repeat1_fold0
img_glcm_homogeneity,0.0038186456076800823,0.0038186456076800823,feature_importance,positive,grouped_cv,1,0,grouped_cv_repeat1_fold0
img_glcm_energy,0.003780191531404853,0.003780191531404853,feature_importance,positive,grouped_cv,1,0,grouped_cv_repeat1_fold0
img_gray_mask_ratio_pct,0.0034784458111971617,0.0034784458111971617,feature_importance,positive,grouped_cv,1,0,grouped_cv_repeat1_fold0
img_strip_rust_max_pct,0.003361480077728629,0.003361480077728629,feature_importance,positive,grouped_cv,1,0,grouped_cv_repeat1_fold0
img_hsv_s_hist_bin_5,0.003103255294263363,0.003103255294263363,feature_importance,positive,grouped_cv,1,0,grouped_cv_repeat1_fold0
img_hsv_s_hist_bin_6,0.002928793663159013,0.002928793663159013,feature_importance,positive,grouped_cv,1,0,grouped_cv_repeat1_fold0
treatment_coarse,0.0026948918239213526,0.0026948918239213526,feature_importance,positive,grouped_cv,1,0,grouped_cv_repeat1_fold0
img_b_std,0.0024515558034181595,0.0024515558034181595,feature_importance,positive,grouped_cv,1,0,grouped_cv_repeat1_fold0
img_edge_to_center_rust_ratio,0.002061912091448903,0.002061912091448903,feature_importance,positive,grouped_cv,1,0,grouped_cv_repeat1_fold0
img_hsv_v_hist_bin_6,0.0020424239337444305,0.0020424239337444305,feature_importance,positive,grouped_cv,1,0,grouped_cv_repeat1_fold0
img_hsv_v_hist_bin_2,0.002039103303104639,0.002039103303104639,feature_importance,positive,grouped_cv,1,0,grouped_cv_repeat1_fold0
img_hsv_v_hist_bin_3,0.0018956742715090513,0.0018956742715090513,feature_importance,positive,grouped_cv,1,0,grouped_cv_repeat1_fold0
img_hsv_h_p10,0.001892500906251371,0.001892500906251371,feature_importance,positive,grouped_cv,1,0,grouped_cv_repeat1_fold0
img_gray_hist_bin_2,0.0018857576651498675,0.0018857576651498675,feature_importance,positive,grouped_cv,1,0,grouped_cv_repeat1_fold0
img_hsv_v_std,0.0017546633025631309,0.0017546633025631309,feature_importance,positive,grouped_cv,1,0,grouped_cv_repeat1_fold0
img_brightness_p10,0.0017317933961749077,0.0017317933961749077,feature_importance,positive,grouped_cv,1,0,grouped_cv_repeat1_fold0
img_rust_center_of_mass_cm,0.001726160873658955,0.001726160873658955,feature_importance,positive,grouped_cv,1,0,grouped_cv_repeat1_fold0
img_gray_hist_bin_3,0.0016413507983088493,0.0016413507983088493,feature_importance,positive,grouped_cv,1,0,grouped_cv_repeat1_fold0
img_hsv_h_hist_bin_6,0.0015695103211328387,0.0015695103211328387,feature_importance,positive,grouped_cv,1,0,grouped_cv_repeat1_fold0
img_strip_peak_location_cm,0.0013321972219273448,0.0013321972219273448,feature_importance,positive,grouped_cv,1,0,grouped_cv_repeat1_fold0
img_gray_hist_bin_4,0.001227532746270299,0.001227532746270299,feature_importance,positive,grouped_cv,1,0,grouped_cv_repeat1_fold0
img_hsv_h_hist_bin_2,0.0012223586672917008,0.0012223586672917008,feature_importance,positive,grouped_cv,1,0,grouped_cv_repeat1_fold0
img_strip_rust_std_pct,0.0011668548686429858,0.0011668548686429858,feature_importance,positive,grouped_cv,1,0,grouped_cv_repeat1_fold0
img_brightness_p90,0.0011237423168495297,0.0011237423168495297,feature_importance,positive,grouped_cv,1,0,grouped_cv_repeat1_fold0
img_rust_blob_largest_ratio_pct,0.0010481277713552117,0.0010481277713552117,feature_importance,positive,grouped_cv,1,0,grouped_cv_repeat1_fold0
img_rust_blob_eccentricity_mean,0.000990188797004521,0.000990188797004521,feature_importance,positive,grouped_cv,1,0,grouped_cv_repeat1_fold0
img_hsv_s_hist_bin_2,0.0009636194445192814,0.0009636194445192814,feature_importance,positive,grouped_cv,1,0,grouped_cv_repeat1_fold0
img_hsv_v_p10,0.0009514825069345534,0.0009514825069345534,feature_importance,positive,grouped_cv,1,0,grouped_cv_repeat1_fold0
img_gray_hist_bin_1,0.0009317234507761896,0.0009317234507761896,feature_importance,positive,grouped_cv,1,0,grouped_cv_repeat1_fold0
img_lbp_std,0.0009187586256302893,0.0009187586256302893,feature_importance,positive,grouped_cv,1,0,grouped_cv_repeat1_fold0
img_glcm_contrast,0.0008238452719524503,0.0008238452719524503,feature_importance,positive,grouped_cv,1,0,grouped_cv_repeat1_fold0
img_hsv_s_hist_bin_0,0.0008019154774956405,0.0008019154774956405,feature_importance,positive,grouped_cv,1,0,grouped_cv_repeat1_fold0
img_rust_blob_eccentricity_max,0.0007659116527065635,0.0007659116527065635,feature_importance,positive,grouped_cv,1,0,grouped_cv_repeat1_fold0
img_strip_rust_p90_pct,0.0007628081948496401,0.0007628081948496401,feature_importance,positive,grouped_cv,1,0,grouped_cv_repeat1_fold0
img_hsv_h_std,0.0006954002310521901,0.0006954002310521901,feature_importance,positive,grouped_cv,1,0,grouped_cv_repeat1_fold0
img_hsv_s_hist_bin_7,0.0006008629570715129,0.0006008629570715129,feature_importance,positive,grouped_cv,1,0,grouped_cv_repeat1_fold0
img_hsv_v_hist_bin_4,0.0006002559675835073,0.0006002559675835073,feature_importance,positive,grouped_cv,1,0,grouped_cv_repeat1_fold0
img_gray_hist_bin_0,0.0005927939200773835,0.0005927939200773835,feature_importance,positive,grouped_cv,1,0,grouped_cv_repeat1_fold0
img_g_std,0.000571849406696856,0.000571849406696856,feature_importance,positive,grouped_cv,1,0,grouped_cv_repeat1_fold0
img_hsv_s_p90,0.0004641036211978644,0.0004641036211978644,feature_importance,positive,grouped_cv,1,0,grouped_cv_repeat1_fold0
img_hsv_h_hist_bin_0,0.0004351146926637739,0.0004351146926637739,feature_importance,positive,grouped_cv,1,0,grouped_cv_repeat1_fold0
img_rust_blob_count,0.0003999770269729197,0.0003999770269729197,feature_importance,positive,grouped_cv,1,0,grouped_cv_repeat1_fold0
img_hsv_s_hist_bin_3,0.0003997570020146668,0.0003997570020146668,feature_importance,positive,grouped_cv,1,0,grouped_cv_repeat1_fold0
img_hsv_v_p90,0.0003652513260021806,0.0003652513260021806,feature_importance,positive,grouped_cv,1,0,grouped_cv_repeat1_fold0
img_r_std,0.00035702530294656754,0.00035702530294656754,feature_importance,positive,grouped_cv,1,0,grouped_cv_repeat1_fold0
img_hsv_v_hist_bin_1,0.00031567979021929204,0.00031567979021929204,feature_importance,positive,grouped_cv,1,0,grouped_cv_repeat1_fold0
img_hsv_h_mean,0.0003015940310433507,0.0003015940310433507,feature_importance,positive,grouped_cv,1,0,grouped_cv_repeat1_fold0
week,0.0002972119546029717,0.0002972119546029717,feature_importance,positive,grouped_cv,1,0,grouped_cv_repeat1_fold0
img_gray_hist_bin_5,0.00028244080021977425,0.00028244080021977425,feature_importance,positive,grouped_cv,1,0,grouped_cv_repeat1_fold0
img_rust_blob_mean_ratio_pct,0.0002692564739845693,0.0002692564739845693,feature_importance,positive,grouped_cv,1,0,grouped_cv_repeat1_fold0
img_hsv_h_hist_bin_7,0.0002246600342914462,0.0002246600342914462,feature_importance,positive,grouped_cv,1,0,grouped_cv_repeat1_fold0
img_hsv_h_p90,0.0001983027468668297,0.0001983027468668297,feature_importance,positive,grouped_cv,1,0,grouped_cv_repeat1_fold0
img_hsv_s_hist_bin_1,0.00019262429850641638,0.00019262429850641638,feature_importance,positive,grouped_cv,1,0,grouped_cv_repeat1_fold0
img_hsv_v_hist_bin_0,0.00017679555458016694,0.00017679555458016694,feature_importance,positive,grouped_cv,1,0,grouped_cv_repeat1_fold0
img_contrast,0.00016990848234854639,0.00016990848234854639,feature_importance,positive,grouped_cv,1,0,grouped_cv_repeat1_fold0
img_hsv_s_hist_bin_4,0.00014680928143206984,0.00014680928143206984,feature_importance,positive,grouped_cv,1,0,grouped_cv_repeat1_fold0
img_gray_hist_bin_7,0.0001392080885125324,0.0001392080885125324,feature_importance,positive,grouped_cv,1,0,grouped_cv_repeat1_fold0
img_g_mean,0.0001379857858410105,0.0001379857858410105,feature_importance,positive,grouped_cv,1,0,grouped_cv_repeat1_fold0
img_hsv_s_p10,0.00013596899225376546,0.00013596899225376546,feature_importance,positive,grouped_cv,1,0,grouped_cv_repeat1_fold0
img_hsv_h_hist_bin_1,0.0001350523525616154,0.0001350523525616154,feature_importance,positive,grouped_cv,1,0,grouped_cv_repeat1_fold0
img_brightness_std,0.00012934618280269206,0.00012934618280269206,feature_importance,positive,grouped_cv,1,0,grouped_cv_repeat1_fold0
img_gray_hist_bin_6,0.00012543874618131667,0.00012543874618131667,feature_importance,positive,grouped_cv,1,0,grouped_cv_repeat1_fold0
img_rust_area_ratio_pct,0.00012359149695839733,0.00012359149695839733,feature_importance,positive,grouped_cv,1,0,grouped_cv_repeat1_fold0
img_b_mean,0.00011627698404481634,0.00011627698404481634,feature_importance,positive,grouped_cv,1,0,grouped_cv_repeat1_fold0
img_brightness_mean,0.00010673948418116197,0.00010673948418116197,feature_importance,positive,grouped_cv,1,0,grouped_cv_repeat1_fold0
img_strip_high_count,9.069756924873218e-05,9.069756924873218e-05,feature_importance,positive,grouped_cv,1,0,grouped_cv_repeat1_fold0
ageing_days,7.795842975610867e-05,7.795842975610867e-05,feature_importance,positive,grouped_cv,1,0,grouped_cv_repeat1_fold0
img_hsv_h_hist_bin_3,6.937122816452757e-05,6.937122816452757e-05,feature_importance,positive,grouped_cv,1,0,grouped_cv_repeat1_fold0
img_black_mask_ratio_pct,6.936051067896187e-05,6.936051067896187e-05,feature_importance,positive,grouped_cv,1,0,grouped_cv_repeat1_fold0
img_hsv_s_mean,6.816193490521982e-05,6.816193490521982e-05,feature_importance,positive,grouped_cv,1,0,grouped_cv_repeat1_fold0
img_hsv_h_hist_bin_5,5.554017479880713e-05,5.554017479880713e-05,feature_importance,positive,grouped_cv,1,0,grouped_cv_repeat1_fold0
img_hsv_h_hist_bin_4,3.122831549262628e-05,3.122831549262628e-05,feature_importance,positive,grouped_cv,1,0,grouped_cv_repeat1_fold0
img_strip_rust_mean_pct,0.0,0.0,feature_importance,positive,grouped_cv,1,0,grouped_cv_repeat1_fold0
img_strip_count,0.0,0.0,feature_importance,positive,grouped_cv,1,0,grouped_cv_repeat1_fold0
nacl_pct,0.411765456199646,0.411765456199646,feature_importance,positive,grouped_cv,1,1,grouped_cv_repeat1_fold1
n_steel_mesh,0.29727810621261597,0.29727810621261597,feature_importance,positive,grouped_cv,1,1,grouped_cv_repeat1_fold1
campaign_id,0.07809609174728394,0.07809609174728394,feature_importance,positive,grouped_cv,1,1,grouped_cv_repeat1_fold1
series_id,0.030668329723994248,0.030668329723994248,feature_importance,positive,grouped_cv,1,1,grouped_cv_repeat1_fold1
split_group_treatment,0.027416823082603514,0.027416823082603514,feature_importance,positive,grouped_cv,1,1,grouped_cv_repeat1_fold1
img_hsv_v_hist_bin_7,0.020406872034072876,0.020406872034072876,feature_importance,positive,grouped_cv,1,1,grouped_cv_repeat1_fold1
img_glcm_homogeneity,0.017942268401384354,0.017942268401384354,feature_importance,positive,grouped_cv,1,1,grouped_cv_repeat1_fold1
treatment_label_coarse,0.017681004479527473,0.017681004479527473,feature_importance,positive,grouped_cv,1,1,grouped_cv_repeat1_fold1
img_lbp_mean,0.01456758938729763,0.01456758938729763,feature_importance,positive,grouped_cv,1,1,grouped_cv_repeat1_fold1
treatment_protocol,0.01050032617058605,0.01050032617058605,feature_importance,positive,grouped_cv,1,1,grouped_cv_repeat1_fold1
img_g_std,0.008285491727292538,0.008285491727292538,feature_importance,positive,grouped_cv,1,1,grouped_cv_repeat1_fold1
img_r_mean,0.008066845126450062,0.008066845126450062,feature_importance,positive,grouped_cv,1,1,grouped_cv_repeat1_fold1
cover_mm,0.004884640220552683,0.004884640220552683,feature_importance,positive,grouped_cv,1,1,grouped_cv_repeat1_fold1
img_rust_center_of_mass_cm,0.004416251089423895,0.004416251089423895,feature_importance,positive,grouped_cv,1,1,grouped_cv_repeat1_fold1
img_hsv_v_hist_bin_3,0.004006199538707733,0.004006199538707733,feature_importance,positive,grouped_cv,1,1,grouped_cv_repeat1_fold1
img_hsv_v_p10,0.0034539757762104273,0.0034539757762104273,feature_importance,positive,grouped_cv,1,1,grouped_cv_repeat1_fold1
img_glcm_contrast,0.0032160331029444933,0.0032160331029444933,feature_importance,positive,grouped_cv,1,1,grouped_cv_repeat1_fold1
img_hsv_s_std,0.003029717830941081,0.003029717830941081,feature_importance,positive,grouped_cv,1,1,grouped_cv_repeat1_fold1
img_r_std,0.002308774972334504,0.002308774972334504,feature_importance,positive,grouped_cv,1,1,grouped_cv_repeat1_fold1
img_gray_hist_bin_3,0.0020853355526924133,0.0020853355526924133,feature_importance,positive,grouped_cv,1,1,grouped_cv_repeat1_fold1
img_hsv_v_hist_bin_5,0.001987402094528079,0.001987402094528079,feature_importance,positive,grouped_cv,1,1,grouped_cv_repeat1_fold1
img_strip_peak_location_cm,0.0018683176022022963,0.0018683176022022963,feature_importance,positive,grouped_cv,1,1,grouped_cv_repeat1_fold1
img_hsv_v_hist_bin_2,0.0017391403671354055,0.0017391403671354055,feature_importance,positive,grouped_cv,1,1,grouped_cv_repeat1_fold1
img_gray_hist_bin_2,0.0014512584311887622,0.0014512584311887622,feature_importance,positive,grouped_cv,1,1,grouped_cv_repeat1_fold1
img_glcm_energy,0.0011714824941009283,0.0011714824941009283,feature_importance,positive,grouped_cv,1,1,grouped_cv_repeat1_fold1
img_gray_hist_bin_4,0.0010985396802425385,0.0010985396802425385,feature_importance,positive,grouped_cv,1,1,grouped_cv_repeat1_fold1
img_strip_rust_std_pct,0.0009785285219550133,0.0009785285219550133,feature_importance,positive,grouped_cv,1,1,grouped_cv_repeat1_fold1
img_hsv_s_hist_bin_3,0.000938175362534821,0.000938175362534821,feature_importance,positive,grouped_cv,1,1,grouped_cv_repeat1_fold1
img_hsv_h_p10,0.0008653926779516041,0.0008653926779516041,feature_importance,positive,grouped_cv,1,1,grouped_cv_repeat1_fold1
img_gray_hist_bin_5,0.0008630629163235426,0.0008630629163235426,feature_importance,positive,grouped_cv,1,1,grouped_cv_repeat1_fold1
img_gray_hist_bin_1,0.0008448334992863238,0.0008448334992863238,feature_importance,positive,grouped_cv,1,1,grouped_cv_repeat1_fold1
img_hsv_v_hist_bin_1,0.0008393882890231907,0.0008393882890231907,feature_importance,positive,grouped_cv,1,1,grouped_cv_repeat1_fold1
img_hsv_h_hist_bin_7,0.0007956834160722792,0.0007956834160722792,feature_importance,positive,grouped_cv,1,1,grouped_cv_repeat1_fold1
img_rust_blob_mean_ratio_pct,0.0007478048210032284,0.0007478048210032284,feature_importance,positive,grouped_cv,1,1,grouped_cv_repeat1_fold1
img_strip_rust_max_pct,0.0006854211678728461,0.0006854211678728461,feature_importance,positive,grouped_cv,1,1,grouped_cv_repeat1_fold1
img_edge_to_center_rust_ratio,0.0006341999978758395,0.0006341999978758395,feature_importance,positive,grouped_cv,1,1,grouped_cv_repeat1_fold1
img_hsv_v_hist_bin_4,0.0005932313506491482,0.0005932313506491482,feature_importance,positive,grouped_cv,1,1,grouped_cv_repeat1_fold1
img_hsv_s_hist_bin_5,0.0005878000520169735,0.0005878000520169735,feature_importance,positive,grouped_cv,1,1,grouped_cv_repeat1_fold1
img_gray_hist_bin_6,0.0005603620084002614,0.0005603620084002614,feature_importance,positive,grouped_cv,1,1,grouped_cv_repeat1_fold1
img_rust_blob_count,0.0005537744727917016,0.0005537744727917016,feature_importance,positive,grouped_cv,1,1,grouped_cv_repeat1_fold1
img_hsv_v_hist_bin_6,0.000536043313331902,0.000536043313331902,feature_importance,positive,grouped_cv,1,1,grouped_cv_repeat1_fold1
img_hsv_h_hist_bin_2,0.000511770136654377,0.000511770136654377,feature_importance,positive,grouped_cv,1,1,grouped_cv_repeat1_fold1
img_gray_hist_bin_0,0.0005058064707554877,0.0005058064707554877,feature_importance,positive,grouped_cv,1,1,grouped_cv_repeat1_fold1
img_gray_hist_bin_7,0.00048187311040237546,0.00048187311040237546,feature_importance,positive,grouped_cv,1,1,grouped_cv_repeat1_fold1
img_hsv_h_hist_bin_0,0.0004628468013834208,0.0004628468013834208,feature_importance,positive,grouped_cv,1,1,grouped_cv_repeat1_fold1
img_rust_blob_eccentricity_max,0.00038692966336384416,0.00038692966336384416,feature_importance,positive,grouped_cv,1,1,grouped_cv_repeat1_fold1
img_hsv_v_hist_bin_0,0.0003650507715065032,0.0003650507715065032,feature_importance,positive,grouped_cv,1,1,grouped_cv_repeat1_fold1
img_rust_area_ratio_pct,0.0003476540732663125,0.0003476540732663125,feature_importance,positive,grouped_cv,1,1,grouped_cv_repeat1_fold1
img_hsv_s_hist_bin_1,0.00032734713749960065,0.00032734713749960065,feature_importance,positive,grouped_cv,1,1,grouped_cv_repeat1_fold1
img_strip_high_count,0.000322817504638806,0.000322817504638806,feature_importance,positive,grouped_cv,1,1,grouped_cv_repeat1_fold1
img_hsv_h_p90,0.0003068908699788153,0.0003068908699788153,feature_importance,positive,grouped_cv,1,1,grouped_cv_repeat1_fold1
img_brightness_std,0.00030668548424728215,0.00030668548424728215,feature_importance,positive,grouped_cv,1,1,grouped_cv_repeat1_fold1
img_hsv_h_hist_bin_3,0.00030158687150105834,0.00030158687150105834,feature_importance,positive,grouped_cv,1,1,grouped_cv_repeat1_fold1
img_hsv_s_hist_bin_0,0.00029368794639594853,0.00029368794639594853,feature_importance,positive,grouped_cv,1,1,grouped_cv_repeat1_fold1
img_gray_mask_ratio_pct,0.0002830656012520194,0.0002830656012520194,feature_importance,positive,grouped_cv,1,1,grouped_cv_repeat1_fold1
img_g_mean,0.00026488801813684404,0.00026488801813684404,feature_importance,positive,grouped_cv,1,1,grouped_cv_repeat1_fold1
img_hsv_s_hist_bin_4,0.00021741908858530223,0.00021741908858530223,feature_importance,positive,grouped_cv,1,1,grouped_cv_repeat1_fold1
img_b_mean,0.00021600590844172984,0.00021600590844172984,feature_importance,positive,grouped_cv,1,1,grouped_cv_repeat1_fold1
img_rust_blob_eccentricity_mean,0.00021576523431576788,0.00021576523431576788,feature_importance,positive,grouped_cv,1,1,grouped_cv_repeat1_fold1
img_strip_rust_p90_pct,0.00020116557425353676,0.00020116557425353676,feature_importance,positive,grouped_cv,1,1,grouped_cv_repeat1_fold1
img_hsv_s_hist_bin_6,0.00020081772527191788,0.00020081772527191788,feature_importance,positive,grouped_cv,1,1,grouped_cv_repeat1_fold1
img_hsv_s_hist_bin_2,0.00019481437630020082,0.00019481437630020082,feature_importance,positive,grouped_cv,1,1,grouped_cv_repeat1_fold1
img_strip_rust_mean_pct,0.0001920290378620848,0.0001920290378620848,feature_importance,positive,grouped_cv,1,1,grouped_cv_repeat1_fold1
img_hsv_h_hist_bin_6,0.00018687201372813433,0.00018687201372813433,feature_importance,positive,grouped_cv,1,1,grouped_cv_repeat1_fold1
img_rust_blob_largest_ratio_pct,0.00018127333896700293,0.00018127333896700293,feature_importance,positive,grouped_cv,1,1,grouped_cv_repeat1_fold1
img_hsv_s_p10,0.0001675266248639673,0.0001675266248639673,feature_importance,positive,grouped_cv,1,1,grouped_cv_repeat1_fold1
img_black_mask_ratio_pct,0.0001655896776355803,0.0001655896776355803,feature_importance,positive,grouped_cv,1,1,grouped_cv_repeat1_fold1
img_hsv_h_std,0.00015677972987759858,0.00015677972987759858,feature_importance,positive,grouped_cv,1,1,grouped_cv_repeat1_fold1
img_brightness_p10,0.0001459893537685275,0.0001459893537685275,feature_importance,positive,grouped_cv,1,1,grouped_cv_repeat1_fold1
treatment_coarse,0.0001444875670131296,0.0001444875670131296,feature_importance,positive,grouped_cv,1,1,grouped_cv_repeat1_fold1
img_hsv_h_mean,0.00013789521472062916,0.00013789521472062916,feature_importance,positive,grouped_cv,1,1,grouped_cv_repeat1_fold1
img_b_std,0.0001338508736807853,0.0001338508736807853,feature_importance,positive,grouped_cv,1,1,grouped_cv_repeat1_fold1
img_hsv_s_p90,0.0001302182354265824,0.0001302182354265824,feature_importance,positive,grouped_cv,1,1,grouped_cv_repeat1_fold1
img_hsv_s_mean,0.00012975360732525587,0.00012975360732525587,feature_importance,positive,grouped_cv,1,1,grouped_cv_repeat1_fold1
img_hsv_s_hist_bin_7,0.00012215365131851286,0.00012215365131851286,feature_importance,positive,grouped_cv,1,1,grouped_cv_repeat1_fold1
img_hsv_h_hist_bin_1,0.00011802054359577596,0.00011802054359577596,feature_importance,positive,grouped_cv,1,1,grouped_cv_repeat1_fold1
img_brightness_p90,0.00011411072773626074,0.00011411072773626074,feature_importance,positive,grouped_cv,1,1,grouped_cv_repeat1_fold1
img_brightness_mean,0.00011145426833536476,0.00011145426833536476,feature_importance,positive,grouped_cv,1,1,grouped_cv_repeat1_fold1
img_hsv_v_mean,0.00010522772208787501,0.00010522772208787501,feature_importance,positive,grouped_cv,1,1,grouped_cv_repeat1_fold1
img_lbp_std,7.834779535187408e-05,7.834779535187408e-05,feature_importance,positive,grouped_cv,1,1,grouped_cv_repeat1_fold1
img_contrast,6.709150329697877e-05,6.709150329697877e-05,feature_importance,positive,grouped_cv,1,1,grouped_cv_repeat1_fold1
img_hsv_h_hist_bin_4,6.15350654697977e-05,6.15350654697977e-05,feature_importance,positive,grouped_cv,1,1,grouped_cv_repeat1_fold1
week,5.622865865007043e-05,5.622865865007043e-05,feature_importance,positive,grouped_cv,1,1,grouped_cv_repeat1_fold1
img_hsv_v_std,4.72320789413061e-05,4.72320789413061e-05,feature_importance,positive,grouped_cv,1,1,grouped_cv_repeat1_fold1
img_hsv_v_p90,4.117536445846781e-05,4.117536445846781e-05,feature_importance,positive,grouped_cv,1,1,grouped_cv_repeat1_fold1
ageing_days,3.757339436560869e-05,3.757339436560869e-05,feature_importance,positive,grouped_cv,1,1,grouped_cv_repeat1_fold1
img_hsv_h_hist_bin_5,3.662499148049392e-05,3.662499148049392e-05,feature_importance,positive,grouped_cv,1,1,grouped_cv_repeat1_fold1
img_strip_count,0.0,0.0,feature_importance,positive,grouped_cv,1,1,grouped_cv_repeat1_fold1
nacl_pct,0.3978234529495239,0.3978234529495239,feature_importance,positive,grouped_cv,1,2,grouped_cv_repeat1_fold2
n_steel_mesh,0.30522090196609497,0.30522090196609497,feature_importance,positive,grouped_cv,1,2,grouped_cv_repeat1_fold2
campaign_id,0.061331406235694885,0.061331406235694885,feature_importance,positive,grouped_cv,1,2,grouped_cv_repeat1_fold2
img_r_mean,0.04846300929784775,0.04846300929784775,feature_importance,positive,grouped_cv,1,2,grouped_cv_repeat1_fold2
series_id,0.04440049221739173,0.04440049221739173,feature_importance,positive,grouped_cv,1,2,grouped_cv_repeat1_fold2
split_group_treatment,0.03658637399348663,0.03658637399348663,feature_importance,positive,grouped_cv,1,2,grouped_cv_repeat1_fold2
img_gray_hist_bin_7,0.01668110489845276,0.01668110489845276,feature_importance,positive,grouped_cv,1,2,grouped_cv_repeat1_fold2
img_glcm_homogeneity,0.010494842194020748,0.010494842194020748,feature_importance,positive,grouped_cv,1,2,grouped_cv_repeat1_fold2
img_hsv_s_std,0.009396541863679886,0.009396541863679886,feature_importance,positive,grouped_cv,1,2,grouped_cv_repeat1_fold2
img_hsv_v_p10,0.00774758867919445,0.00774758867919445,feature_importance,positive,grouped_cv,1,2,grouped_cv_repeat1_fold2
cover_mm,0.006105627864599228,0.006105627864599228,feature_importance,positive,grouped_cv,1,2,grouped_cv_repeat1_fold2
img_strip_high_count,0.005793228279799223,0.005793228279799223,feature_importance,positive,grouped_cv,1,2,grouped_cv_repeat1_fold2
img_strip_rust_max_pct,0.00496128061786294,0.00496128061786294,feature_importance,positive,grouped_cv,1,2,grouped_cv_repeat1_fold2
treatment_protocol,0.004542890004813671,0.004542890004813671,feature_importance,positive,grouped_cv,1,2,grouped_cv_repeat1_fold2
img_hsv_v_hist_bin_3,0.004196810070425272,0.004196810070425272,feature_importance,positive,grouped_cv,1,2,grouped_cv_repeat1_fold2
img_glcm_energy,0.002505993004888296,0.002505993004888296,feature_importance,positive,grouped_cv,1,2,grouped_cv_repeat1_fold2
img_gray_hist_bin_2,0.002263294532895088,0.002263294532895088,feature_importance,positive,grouped_cv,1,2,grouped_cv_repeat1_fold2
img_rust_center_of_mass_cm,0.002067362889647484,0.002067362889647484,feature_importance,positive,grouped_cv,1,2,grouped_cv_repeat1_fold2
img_hsv_h_p10,0.002016613492742181,0.002016613492742181,feature_importance,positive,grouped_cv,1,2,grouped_cv_repeat1_fold2
img_brightness_std,0.0018587051890790462,0.0018587051890790462,feature_importance,positive,grouped_cv,1,2,grouped_cv_repeat1_fold2
img_hsv_v_hist_bin_5,0.0016055781161412597,0.0016055781161412597,feature_importance,positive,grouped_cv,1,2,grouped_cv_repeat1_fold2
img_hsv_v_hist_bin_4,0.0015888543566688895,0.0015888543566688895,feature_importance,positive,grouped_cv,1,2,grouped_cv_repeat1_fold2
img_edge_to_center_rust_ratio,0.0013768518110737205,0.0013768518110737205,feature_importance,positive,grouped_cv,1,2,grouped_cv_repeat1_fold2
img_hsv_v_hist_bin_7,0.001368220429867506,0.001368220429867506,feature_importance,positive,grouped_cv,1,2,grouped_cv_repeat1_fold2
img_lbp_mean,0.0013410761021077633,0.0013410761021077633,feature_importance,positive,grouped_cv,1,2,grouped_cv_repeat1_fold2
img_hsv_s_hist_bin_4,0.0012984346831217408,0.0012984346831217408,feature_importance,positive,grouped_cv,1,2,grouped_cv_repeat1_fold2
img_strip_rust_std_pct,0.0012951248791068792,0.0012951248791068792,feature_importance,positive,grouped_cv,1,2,grouped_cv_repeat1_fold2
img_rust_blob_mean_ratio_pct,0.0011715492000803351,0.0011715492000803351,feature_importance,positive,grouped_cv,1,2,grouped_cv_repeat1_fold2
img_strip_peak_location_cm,0.0008605847833678126,0.0008605847833678126,feature_importance,positive,grouped_cv,1,2,grouped_cv_repeat1_fold2
img_b_std,0.0008597057312726974,0.0008597057312726974,feature_importance,positive,grouped_cv,1,2,grouped_cv_repeat1_fold2
img_gray_hist_bin_5,0.0007851662812754512,0.0007851662812754512,feature_importance,positive,grouped_cv,1,2,grouped_cv_repeat1_fold2
img_gray_hist_bin_4,0.0007557127973996103,0.0007557127973996103,feature_importance,positive,grouped_cv,1,2,grouped_cv_repeat1_fold2
img_hsv_v_hist_bin_2,0.0006425987230613828,0.0006425987230613828,feature_importance,positive,grouped_cv,1,2,grouped_cv_repeat1_fold2
img_hsv_h_hist_bin_2,0.0006172481225803494,0.0006172481225803494,feature_importance,positive,grouped_cv,1,2,grouped_cv_repeat1_fold2
img_hsv_v_hist_bin_6,0.0006132237031124532,0.0006132237031124532,feature_importance,positive,grouped_cv,1,2,grouped_cv_repeat1_fold2
img_strip_rust_p90_pct,0.0006015671533532441,0.0006015671533532441,feature_importance,positive,grouped_cv,1,2,grouped_cv_repeat1_fold2
img_glcm_contrast,0.0005495591321960092,0.0005495591321960092,feature_importance,positive,grouped_cv,1,2,grouped_cv_repeat1_fold2
img_hsv_s_hist_bin_5,0.000525507319252938,0.000525507319252938,feature_importance,positive,grouped_cv,1,2,grouped_cv_repeat1_fold2
img_hsv_v_p90,0.0004167184524703771,0.0004167184524703771,feature_importance,positive,grouped_cv,1,2,grouped_cv_repeat1_fold2
week,0.0003769534232560545,0.0003769534232560545,feature_importance,positive,grouped_cv,1,2,grouped_cv_repeat1_fold2
img_hsv_v_mean,0.00036512556835077703,0.00036512556835077703,feature_importance,positive,grouped_cv,1,2,grouped_cv_repeat1_fold2
img_hsv_s_hist_bin_2,0.0003650349681265652,0.0003650349681265652,feature_importance,positive,grouped_cv,1,2,grouped_cv_repeat1_fold2
img_hsv_h_hist_bin_0,0.00033890828490257263,0.00033890828490257263,feature_importance,positive,grouped_cv,1,2,grouped_cv_repeat1_fold2
treatment_coarse,0.00031748942274134606,0.00031748942274134606,feature_importance,positive,grouped_cv,1,2,grouped_cv_repeat1_fold2
img_rust_blob_count,0.0002674228744581342,0.0002674228744581342,feature_importance,positive,grouped_cv,1,2,grouped_cv_repeat1_fold2
img_hsv_s_hist_bin_0,0.0002402889949735254,0.0002402889949735254,feature_importance,positive,grouped_cv,1,2,grouped_cv_repeat1_fold2
img_hsv_h_hist_bin_6,0.00023618133855052292,0.00023618133855052292,feature_importance,positive,grouped_cv,1,2,grouped_cv_repeat1_fold2
img_gray_hist_bin_3,0.00022922773496247828,0.00022922773496247828,feature_importance,positive,grouped_cv,1,2,grouped_cv_repeat1_fold2
img_rust_blob_eccentricity_max,0.00022057384194340557,0.00022057384194340557,feature_importance,positive,grouped_cv,1,2,grouped_cv_repeat1_fold2
img_hsv_h_std,0.00020210331422276795,0.00020210331422276795,feature_importance,positive,grouped_cv,1,2,grouped_cv_repeat1_fold2
img_hsv_h_hist_bin_7,0.0001840678451117128,0.0001840678451117128,feature_importance,positive,grouped_cv,1,2,grouped_cv_repeat1_fold2
img_hsv_h_mean,0.0001819118915591389,0.0001819118915591389,feature_importance,positive,grouped_cv,1,2,grouped_cv_repeat1_fold2
img_hsv_v_hist_bin_1,0.00017470680177211761,0.00017470680177211761,feature_importance,positive,grouped_cv,1,2,grouped_cv_repeat1_fold2
img_rust_blob_largest_ratio_pct,0.00017386356194037944,0.00017386356194037944,feature_importance,positive,grouped_cv,1,2,grouped_cv_repeat1_fold2
img_rust_blob_eccentricity_mean,0.0001654226944083348,0.0001654226944083348,feature_importance,positive,grouped_cv,1,2,grouped_cv_repeat1_fold2
treatment_label_coarse,0.00015966677165124565,0.00015966677165124565,feature_importance,positive,grouped_cv,1,2,grouped_cv_repeat1_fold2
img_hsv_h_hist_bin_1,0.00015659679775126278,0.00015659679775126278,feature_importance,positive,grouped_cv,1,2,grouped_cv_repeat1_fold2
img_hsv_h_p90,0.0001508993882453069,0.0001508993882453069,feature_importance,positive,grouped_cv,1,2,grouped_cv_repeat1_fold2
img_hsv_s_hist_bin_7,0.00014812286826781929,0.00014812286826781929,feature_importance,positive,grouped_cv,1,2,grouped_cv_repeat1_fold2
img_lbp_std,0.0001439381012460217,0.0001439381012460217,feature_importance,positive,grouped_cv,1,2,grouped_cv_repeat1_fold2
img_contrast,0.00014339476183522493,0.00014339476183522493,feature_importance,positive,grouped_cv,1,2,grouped_cv_repeat1_fold2
img_hsv_v_hist_bin_0,0.00014209469372872263,0.00014209469372872263,feature_importance,positive,grouped_cv,1,2,grouped_cv_repeat1_fold2
img_gray_hist_bin_0,0.00013514701277017593,0.00013514701277017593,feature_importance,positive,grouped_cv,1,2,grouped_cv_repeat1_fold2
img_rust_area_ratio_pct,0.00012590194819495082,0.00012590194819495082,feature_importance,positive,grouped_cv,1,2,grouped_cv_repeat1_fold2
img_strip_rust_mean_pct,0.00012280304508749396,0.00012280304508749396,feature_importance,positive,grouped_cv,1,2,grouped_cv_repeat1_fold2
img_hsv_h_hist_bin_3,0.000122465513413772,0.000122465513413772,feature_importance,positive,grouped_cv,1,2,grouped_cv_repeat1_fold2
img_r_std,0.0001224497245857492,0.0001224497245857492,feature_importance,positive,grouped_cv,1,2,grouped_cv_repeat1_fold2
img_hsv_v_std,0.00011546676250873134,0.00011546676250873134,feature_importance,positive,grouped_cv,1,2,grouped_cv_repeat1_fold2
img_hsv_s_hist_bin_6,0.0001147461953223683,0.0001147461953223683,feature_importance,positive,grouped_cv,1,2,grouped_cv_repeat1_fold2
img_hsv_s_p90,0.00011380846262909472,0.00011380846262909472,feature_importance,positive,grouped_cv,1,2,grouped_cv_repeat1_fold2
img_gray_hist_bin_6,0.00010812291293404996,0.00010812291293404996,feature_importance,positive,grouped_cv,1,2,grouped_cv_repeat1_fold2
img_gray_mask_ratio_pct,0.00010509065032238141,0.00010509065032238141,feature_importance,positive,grouped_cv,1,2,grouped_cv_repeat1_fold2
img_g_std,0.00010172464681090787,0.00010172464681090787,feature_importance,positive,grouped_cv,1,2,grouped_cv_repeat1_fold2
img_hsv_s_hist_bin_1,9.69935572356917e-05,9.69935572356917e-05,feature_importance,positive,grouped_cv,1,2,grouped_cv_repeat1_fold2
img_hsv_s_hist_bin_3,9.669667633716017e-05,9.669667633716017e-05,feature_importance,positive,grouped_cv,1,2,grouped_cv_repeat1_fold2
img_b_mean,8.567354234401137e-05,8.567354234401137e-05,feature_importance,positive,grouped_cv,1,2,grouped_cv_repeat1_fold2
img_brightness_p10,8.091320341918617e-05,8.091320341918617e-05,feature_importance,positive,grouped_cv,1,2,grouped_cv_repeat1_fold2
ageing_days,8.090472692856565e-05,8.090472692856565e-05,feature_importance,positive,grouped_cv,1,2,grouped_cv_repeat1_fold2
img_brightness_mean,7.689012272749096e-05,7.689012272749096e-05,feature_importance,positive,grouped_cv,1,2,grouped_cv_repeat1_fold2
img_brightness_p90,7.644516881555319e-05,7.644516881555319e-05,feature_importance,positive,grouped_cv,1,2,grouped_cv_repeat1_fold2
img_hsv_s_mean,7.627661398146302e-05,7.627661398146302e-05,feature_importance,positive,grouped_cv,1,2,grouped_cv_repeat1_fold2
img_hsv_h_hist_bin_4,6.127582310000435e-05,6.127582310000435e-05,feature_importance,positive,grouped_cv,1,2,grouped_cv_repeat1_fold2
img_gray_hist_bin_1,5.4960026318440214e-05,5.4960026318440214e-05,feature_importance,positive,grouped_cv,1,2,grouped_cv_repeat1_fold2
img_g_mean,4.7236011596396565e-05,4.7236011596396565e-05,feature_importance,positive,grouped_cv,1,2,grouped_cv_repeat1_fold2
img_hsv_s_p10,3.9553655369672924e-05,3.9553655369672924e-05,feature_importance,positive,grouped_cv,1,2,grouped_cv_repeat1_fold2
img_black_mask_ratio_pct,2.3635104298591614e-05,2.3635104298591614e-05,feature_importance,positive,grouped_cv,1,2,grouped_cv_repeat1_fold2
img_hsv_h_hist_bin_5,0.0,0.0,feature_importance,positive,grouped_cv,1,2,grouped_cv_repeat1_fold2
img_strip_count,0.0,0.0,feature_importance,positive,grouped_cv,1,2,grouped_cv_repeat1_fold2
nacl_pct,0.39283379912376404,0.39283379912376404,feature_importance,positive,grouped_cv,1,3,grouped_cv_repeat1_fold3
n_steel_mesh,0.25729209184646606,0.25729209184646606,feature_importance,positive,grouped_cv,1,3,grouped_cv_repeat1_fold3
series_id,0.09435136476531625,0.09435136476531625,feature_importance,positive,grouped_cv,1,3,grouped_cv_repeat1_fold3
split_group_treatment,0.0750953648275754,0.0750953648275754,feature_importance,positive,grouped_cv,1,3,grouped_cv_repeat1_fold3
campaign_id,0.060619041323661804,0.060619041323661804,feature_importance,positive,grouped_cv,1,3,grouped_cv_repeat1_fold3
img_g_mean,0.015043145045638084,0.015043145045638084,feature_importance,positive,grouped_cv,1,3,grouped_cv_repeat1_fold3
img_r_mean,0.012522077187895775,0.012522077187895775,feature_importance,positive,grouped_cv,1,3,grouped_cv_repeat1_fold3
img_rust_blob_largest_ratio_pct,0.007594373542815447,0.007594373542815447,feature_importance,positive,grouped_cv,1,3,grouped_cv_repeat1_fold3
treatment_coarse,0.006945872999494895,0.006945872999494895,feature_importance,positive,grouped_cv,1,3,grouped_cv_repeat1_fold3
treatment_protocol,0.00648896541679278,0.00648896541679278,feature_importance,positive,grouped_cv,1,3,grouped_cv_repeat1_fold3
img_hsv_s_std,0.005916092544794083,0.005916092544794083,feature_importance,positive,grouped_cv,1,3,grouped_cv_repeat1_fold3
img_strip_rust_max_pct,0.005369471851736307,0.005369471851736307,feature_importance,positive,grouped_cv,1,3,grouped_cv_repeat1_fold3
img_brightness_p10,0.005177353974431753,0.005177353974431753,feature_importance,positive,grouped_cv,1,3,grouped_cv_repeat1_fold3
img_glcm_homogeneity,0.004471978638321161,0.004471978638321161,feature_importance,positive,grouped_cv,1,3,grouped_cv_repeat1_fold3
cover_mm,0.004323299042880535,0.004323299042880535,feature_importance,positive,grouped_cv,1,3,grouped_cv_repeat1_fold3
img_hsv_v_hist_bin_7,0.003923958167433739,0.003923958167433739,feature_importance,positive,grouped_cv,1,3,grouped_cv_repeat1_fold3
img_hsv_s_hist_bin_5,0.0030686003156006336,0.0030686003156006336,feature_importance,positive,grouped_cv,1,3,grouped_cv_repeat1_fold3
img_gray_hist_bin_7,0.002943546511232853,0.002943546511232853,feature_importance,positive,grouped_cv,1,3,grouped_cv_repeat1_fold3
img_lbp_mean,0.002327190013602376,0.002327190013602376,feature_importance,positive,grouped_cv,1,3,grouped_cv_repeat1_fold3
img_edge_to_center_rust_ratio,0.0022636333014816046,0.0022636333014816046,feature_importance,positive,grouped_cv,1,3,grouped_cv_repeat1_fold3
img_hsv_s_p90,0.0022125504910945892,0.0022125504910945892,feature_importance,positive,grouped_cv,1,3,grouped_cv_repeat1_fold3
img_hsv_h_p10,0.0017105890437960625,0.0017105890437960625,feature_importance,positive,grouped_cv,1,3,grouped_cv_repeat1_fold3
img_gray_hist_bin_0,0.0016873523127287626,0.0016873523127287626,feature_importance,positive,grouped_cv,1,3,grouped_cv_repeat1_fold3
img_gray_hist_bin_2,0.0015819043619558215,0.0015819043619558215,feature_importance,positive,grouped_cv,1,3,grouped_cv_repeat1_fold3
img_gray_hist_bin_1,0.0015132998814806342,0.0015132998814806342,feature_importance,positive,grouped_cv,1,3,grouped_cv_repeat1_fold3
img_glcm_energy,0.001491982489824295,0.001491982489824295,feature_importance,positive,grouped_cv,1,3,grouped_cv_repeat1_fold3
img_rust_center_of_mass_cm,0.0014754036674275994,0.0014754036674275994,feature_importance,positive,grouped_cv,1,3,grouped_cv_repeat1_fold3
img_hsv_v_p10,0.0014197654090821743,0.0014197654090821743,feature_importance,positive,grouped_cv,1,3,grouped_cv_repeat1_fold3
img_strip_peak_location_cm,0.001369767589494586,0.001369767589494586,feature_importance,positive,grouped_cv,1,3,grouped_cv_repeat1_fold3
img_strip_high_count,0.0012147873640060425,0.0012147873640060425,feature_importance,positive,grouped_cv,1,3,grouped_cv_repeat1_fold3
img_glcm_contrast,0.001198120997287333,0.001198120997287333,feature_importance,positive,grouped_cv,1,3,grouped_cv_repeat1_fold3
img_g_std,0.0010850703110918403,0.0010850703110918403,feature_importance,positive,grouped_cv,1,3,grouped_cv_repeat1_fold3
img_r_std,0.000955404422711581,0.000955404422711581,feature_importance,positive,grouped_cv,1,3,grouped_cv_repeat1_fold3
img_hsv_v_hist_bin_5,0.0009234015014953911,0.0009234015014953911,feature_importance,positive,grouped_cv,1,3,grouped_cv_repeat1_fold3
img_hsv_v_hist_bin_2,0.0008690936956554651,0.0008690936956554651,feature_importance,positive,grouped_cv,1,3,grouped_cv_repeat1_fold3
img_hsv_v_hist_bin_3,0.0007302763406187296,0.0007302763406187296,feature_importance,positive,grouped_cv,1,3,grouped_cv_repeat1_fold3
treatment_label_coarse,0.0006755569197594014,0.0006755569197594014,feature_importance,positive,grouped_cv,1,3,grouped_cv_repeat1_fold3
img_rust_blob_mean_ratio_pct,0.0006040614098310471,0.0006040614098310471,feature_importance,positive,grouped_cv,1,3,grouped_cv_repeat1_fold3
img_hsv_v_hist_bin_4,0.0005148148629814386,0.0005148148629814386,feature_importance,positive,grouped_cv,1,3,grouped_cv_repeat1_fold3
img_b_std,0.00048499039257876575,0.00048499039257876575,feature_importance,positive,grouped_cv,1,3,grouped_cv_repeat1_fold3
img_hsv_v_hist_bin_0,0.000470345257781446,0.000470345257781446,feature_importance,positive,grouped_cv,1,3,grouped_cv_repeat1_fold3
img_hsv_s_hist_bin_1,0.0004524335963651538,0.0004524335963651538,feature_importance,positive,grouped_cv,1,3,grouped_cv_repeat1_fold3
img_hsv_s_hist_bin_6,0.0003859279677271843,0.0003859279677271843,feature_importance,positive,grouped_cv,1,3,grouped_cv_repeat1_fold3
img_hsv_h_hist_bin_2,0.0003843152953777462,0.0003843152953777462,feature_importance,positive,grouped_cv,1,3,grouped_cv_repeat1_fold3
img_rust_blob_eccentricity_mean,0.00035286531783640385,0.00035286531783640385,feature_importance,positive,grouped_cv,1,3,grouped_cv_repeat1_fold3
img_hsv_v_hist_bin_1,0.00033252788125537336,0.00033252788125537336,feature_importance,positive,grouped_cv,1,3,grouped_cv_repeat1_fold3
img_strip_rust_std_pct,0.00030848552705720067,0.00030848552705720067,feature_importance,positive,grouped_cv,1,3,grouped_cv_repeat1_fold3
img_brightness_std,0.00029782686033286154,0.00029782686033286154,feature_importance,positive,grouped_cv,1,3,grouped_cv_repeat1_fold3
img_black_mask_ratio_pct,0.00028942961944267154,0.00028942961944267154,feature_importance,positive,grouped_cv,1,3,grouped_cv_repeat1_fold3
img_gray_hist_bin_5,0.0002828744181897491,0.0002828744181897491,feature_importance,positive,grouped_cv,1,3,grouped_cv_repeat1_fold3
img_hsv_v_std,0.00027317542117089033,0.00027317542117089033,feature_importance,positive,grouped_cv,1,3,grouped_cv_repeat1_fold3
img_hsv_h_std,0.0002165561745641753,0.0002165561745641753,feature_importance,positive,grouped_cv,1,3,grouped_cv_repeat1_fold3
img_strip_rust_mean_pct,0.00021398812532424927,0.00021398812532424927,feature_importance,positive,grouped_cv,1,3,grouped_cv_repeat1_fold3
img_gray_hist_bin_3,0.0001942320668604225,0.0001942320668604225,feature_importance,positive,grouped_cv,1,3,grouped_cv_repeat1_fold3
img_hsv_h_hist_bin_3,0.0001919241767609492,0.0001919241767609492,feature_importance,positive,grouped_cv,1,3,grouped_cv_repeat1_fold3
img_gray_hist_bin_4,0.0001781432656571269,0.0001781432656571269,feature_importance,positive,grouped_cv,1,3,grouped_cv_repeat1_fold3
img_gray_mask_ratio_pct,0.00017652787209954113,0.00017652787209954113,feature_importance,positive,grouped_cv,1,3,grouped_cv_repeat1_fold3
img_b_mean,0.00017201808805111796,0.00017201808805111796,feature_importance,positive,grouped_cv,1,3,grouped_cv_repeat1_fold3
img_hsv_s_hist_bin_4,0.0001676302490523085,0.0001676302490523085,feature_importance,positive,grouped_cv,1,3,grouped_cv_repeat1_fold3
img_strip_rust_p90_pct,0.0001599120005266741,0.0001599120005266741,feature_importance,positive,grouped_cv,1,3,grouped_cv_repeat1_fold3
img_hsv_h_hist_bin_0,0.000159317089128308,0.000159317089128308,feature_importance,positive,grouped_cv,1,3,grouped_cv_repeat1_fold3
img_lbp_std,0.00015418992552440614,0.00015418992552440614,feature_importance,positive,grouped_cv,1,3,grouped_cv_repeat1_fold3
img_hsv_v_hist_bin_6,0.0001502274681115523,0.0001502274681115523,feature_importance,positive,grouped_cv,1,3,grouped_cv_repeat1_fold3
img_hsv_h_hist_bin_1,0.00012902783055324107,0.00012902783055324107,feature_importance,positive,grouped_cv,1,3,grouped_cv_repeat1_fold3
img_hsv_s_hist_bin_7,0.00012706579582300037,0.00012706579582300037,feature_importance,positive,grouped_cv,1,3,grouped_cv_repeat1_fold3
img_hsv_s_hist_bin_0,0.00012261424853932112,0.00012261424853932112,feature_importance,positive,grouped_cv,1,3,grouped_cv_repeat1_fold3
img_hsv_s_hist_bin_3,0.00011991940846201032,0.00011991940846201032,feature_importance,positive,grouped_cv,1,3,grouped_cv_repeat1_fold3
img_hsv_h_hist_bin_7,0.00010469653352629393,0.00010469653352629393,feature_importance,positive,grouped_cv,1,3,grouped_cv_repeat1_fold3
week,9.94824367808178e-05,9.94824367808178e-05,feature_importance,positive,grouped_cv,1,3,grouped_cv_repeat1_fold3
img_hsv_h_p90,9.331370529253036e-05,9.331370529253036e-05,feature_importance,positive,grouped_cv,1,3,grouped_cv_repeat1_fold3
img_hsv_s_p10,8.68071656441316e-05,8.68071656441316e-05,feature_importance,positive,grouped_cv,1,3,grouped_cv_repeat1_fold3
img_rust_blob_count,8.171596709871665e-05,8.171596709871665e-05,feature_importance,positive,grouped_cv,1,3,grouped_cv_repeat1_fold3
img_hsv_h_mean,8.158135460689664e-05,8.158135460689664e-05,feature_importance,positive,grouped_cv,1,3,grouped_cv_repeat1_fold3
img_hsv_h_hist_bin_4,7.652484782738611e-05,7.652484782738611e-05,feature_importance,positive,grouped_cv,1,3,grouped_cv_repeat1_fold3
img_hsv_v_mean,7.316351548070088e-05,7.316351548070088e-05,feature_importance,positive,grouped_cv,1,3,grouped_cv_repeat1_fold3
img_hsv_v_p90,7.046108657959849e-05,7.046108657959849e-05,feature_importance,positive,grouped_cv,1,3,grouped_cv_repeat1_fold3
img_rust_blob_eccentricity_max,6.343152927001938e-05,6.343152927001938e-05,feature_importance,positive,grouped_cv,1,3,grouped_cv_repeat1_fold3
img_brightness_mean,5.724658694816753e-05,5.724658694816753e-05,feature_importance,positive,grouped_cv,1,3,grouped_cv_repeat1_fold3
img_gray_hist_bin_6,5.6265271268785e-05,5.6265271268785e-05,feature_importance,positive,grouped_cv,1,3,grouped_cv_repeat1_fold3
img_brightness_p90,5.226433859206736e-05,5.226433859206736e-05,feature_importance,positive,grouped_cv,1,3,grouped_cv_repeat1_fold3
img_hsv_s_hist_bin_2,4.7549223381793126e-05,4.7549223381793126e-05,feature_importance,positive,grouped_cv,1,3,grouped_cv_repeat1_fold3
img_hsv_h_hist_bin_6,4.568224903778173e-05,4.568224903778173e-05,feature_importance,positive,grouped_cv,1,3,grouped_cv_repeat1_fold3
img_contrast,4.564129267237149e-05,4.564129267237149e-05,feature_importance,positive,grouped_cv,1,3,grouped_cv_repeat1_fold3
img_hsv_s_mean,4.378182711661793e-05,4.378182711661793e-05,feature_importance,positive,grouped_cv,1,3,grouped_cv_repeat1_fold3
img_hsv_h_hist_bin_5,2.510176091163885e-05,2.510176091163885e-05,feature_importance,positive,grouped_cv,1,3,grouped_cv_repeat1_fold3
ageing_days,2.252030753879808e-05,2.252030753879808e-05,feature_importance,positive,grouped_cv,1,3,grouped_cv_repeat1_fold3
img_rust_area_ratio_pct,1.9913763026124798e-05,1.9913763026124798e-05,feature_importance,positive,grouped_cv,1,3,grouped_cv_repeat1_fold3
img_strip_count,0.0,0.0,feature_importance,positive,grouped_cv,1,3,grouped_cv_repeat1_fold3
nacl_pct,0.4545126259326935,0.4545126259326935,feature_importance,positive,grouped_cv,1,4,grouped_cv_repeat1_fold4
n_steel_mesh,0.3753608763217926,0.3753608763217926,feature_importance,positive,grouped_cv,1,4,grouped_cv_repeat1_fold4
img_hsv_v_hist_bin_7,0.03583947569131851,0.03583947569131851,feature_importance,positive,grouped_cv,1,4,grouped_cv_repeat1_fold4
img_glcm_homogeneity,0.02587038464844227,0.02587038464844227,feature_importance,positive,grouped_cv,1,4,grouped_cv_repeat1_fold4
series_id,0.024249353315099142,0.024249353315099142,feature_importance,positive,grouped_cv,1,4,grouped_cv_repeat1_fold4
treatment_protocol,0.015769191057188436,0.015769191057188436,feature_importance,positive,grouped_cv,1,4,grouped_cv_repeat1_fold4
cover_mm,0.009363831020891666,0.009363831020891666,feature_importance,positive,grouped_cv,1,4,grouped_cv_repeat1_fold4
img_hsv_v_hist_bin_1,0.005548402201384306,0.005548402201384306,feature_importance,positive,grouped_cv,1,4,grouped_cv_repeat1_fold4
treatment_coarse,0.004920213366858661,0.004920213366858661,feature_importance,positive,grouped_cv,1,4,grouped_cv_repeat1_fold4
treatment_label_coarse,0.003912553715053946,0.003912553715053946,feature_importance,positive,grouped_cv,1,4,grouped_cv_repeat1_fold4
img_strip_rust_max_pct,0.0035369587130844593,0.0035369587130844593,feature_importance,positive,grouped_cv,1,4,grouped_cv_repeat1_fold4
img_r_mean,0.003442221088334918,0.003442221088334918,feature_importance,positive,grouped_cv,1,4,grouped_cv_repeat1_fold4
split_group_treatment,0.0031135854551394004,0.0031135854551394004,feature_importance,positive,grouped_cv,1,4,grouped_cv_repeat1_fold4
img_hsv_v_hist_bin_2,0.0028048702515661716,0.0028048702515661716,feature_importance,positive,grouped_cv,1,4,grouped_cv_repeat1_fold4
img_glcm_contrast,0.0027828174643218517,0.0027828174643218517,feature_importance,positive,grouped_cv,1,4,grouped_cv_repeat1_fold4
img_gray_mask_ratio_pct,0.0022264737635850906,0.0022264737635850906,feature_importance,positive,grouped_cv,1,4,grouped_cv_repeat1_fold4
img_hsv_v_p10,0.0020375733729451895,0.0020375733729451895,feature_importance,positive,grouped_cv,1,4,grouped_cv_repeat1_fold4
img_lbp_mean,0.0018771110335364938,0.0018771110335364938,feature_importance,positive,grouped_cv,1,4,grouped_cv_repeat1_fold4
img_hsv_s_hist_bin_2,0.001624090364202857,0.001624090364202857,feature_importance,positive,grouped_cv,1,4,grouped_cv_repeat1_fold4
img_g_std,0.0015709759900346398,0.0015709759900346398,feature_importance,positive,grouped_cv,1,4,grouped_cv_repeat1_fold4
img_hsv_v_hist_bin_5,0.0015060527948662639,0.0015060527948662639,feature_importance,positive,grouped_cv,1,4,grouped_cv_repeat1_fold4
img_edge_to_center_rust_ratio,0.001437493017874658,0.001437493017874658,feature_importance,positive,grouped_cv,1,4,grouped_cv_repeat1_fold4
img_rust_blob_largest_ratio_pct,0.0012798443203791976,0.0012798443203791976,feature_importance,positive,grouped_cv,1,4,grouped_cv_repeat1_fold4
img_hsv_s_std,0.001252140267752111,0.001252140267752111,feature_importance,positive,grouped_cv,1,4,grouped_cv_repeat1_fold4
img_rust_center_of_mass_cm,0.0010451094713062048,0.0010451094713062048,feature_importance,positive,grouped_cv,1,4,grouped_cv_repeat1_fold4
img_gray_hist_bin_2,0.0008551353821530938,0.0008551353821530938,feature_importance,positive,grouped_cv,1,4,grouped_cv_repeat1_fold4
img_strip_peak_location_cm,0.0008191794040612876,0.0008191794040612876,feature_importance,positive,grouped_cv,1,4,grouped_cv_repeat1_fold4
img_strip_rust_p90_pct,0.0007893650908954442,0.0007893650908954442,feature_importance,positive,grouped_cv,1,4,grouped_cv_repeat1_fold4
img_b_std,0.0006053138640709221,0.0006053138640709221,feature_importance,positive,grouped_cv,1,4,grouped_cv_repeat1_fold4
img_hsv_v_hist_bin_3,0.0005604500765912235,0.0005604500765912235,feature_importance,positive,grouped_cv,1,4,grouped_cv_repeat1_fold4
img_hsv_s_hist_bin_7,0.0005531175993382931,0.0005531175993382931,feature_importance,positive,grouped_cv,1,4,grouped_cv_repeat1_fold4
img_glcm_energy,0.0005316564929671586,0.0005316564929671586,feature_importance,positive,grouped_cv,1,4,grouped_cv_repeat1_fold4
img_gray_hist_bin_1,0.0005139631684869528,0.0005139631684869528,feature_importance,positive,grouped_cv,1,4,grouped_cv_repeat1_fold4
img_black_mask_ratio_pct,0.00047237443504855037,0.00047237443504855037,feature_importance,positive,grouped_cv,1,4,grouped_cv_repeat1_fold4
img_g_mean,0.0004527355486061424,0.0004527355486061424,feature_importance,positive,grouped_cv,1,4,grouped_cv_repeat1_fold4
img_gray_hist_bin_4,0.0004300698929000646,0.0004300698929000646,feature_importance,positive,grouped_cv,1,4,grouped_cv_repeat1_fold4
img_hsv_h_hist_bin_1,0.0003627814003266394,0.0003627814003266394,feature_importance,positive,grouped_cv,1,4,grouped_cv_repeat1_fold4
img_rust_blob_mean_ratio_pct,0.0002797944180201739,0.0002797944180201739,feature_importance,positive,grouped_cv,1,4,grouped_cv_repeat1_fold4
img_brightness_std,0.0002694689610507339,0.0002694689610507339,feature_importance,positive,grouped_cv,1,4,grouped_cv_repeat1_fold4
img_rust_blob_eccentricity_mean,0.00026490146410651505,0.00026490146410651505,feature_importance,positive,grouped_cv,1,4,grouped_cv_repeat1_fold4
img_hsv_v_hist_bin_0,0.0002574100799392909,0.0002574100799392909,feature_importance,positive,grouped_cv,1,4,grouped_cv_repeat1_fold4
img_lbp_std,0.0002533954393584281,0.0002533954393584281,feature_importance,positive,grouped_cv,1,4,grouped_cv_repeat1_fold4
img_hsv_h_hist_bin_2,0.00023713315022177994,0.00023713315022177994,feature_importance,positive,grouped_cv,1,4,grouped_cv_repeat1_fold4
img_hsv_h_hist_bin_0,0.00023345819499809295,0.00023345819499809295,feature_importance,positive,grouped_cv,1,4,grouped_cv_repeat1_fold4
img_strip_rust_mean_pct,0.0002330930292373523,0.0002330930292373523,feature_importance,positive,grouped_cv,1,4,grouped_cv_repeat1_fold4
img_hsv_v_hist_bin_6,0.00022894552967045456,0.00022894552967045456,feature_importance,positive,grouped_cv,1,4,grouped_cv_repeat1_fold4
img_hsv_s_hist_bin_3,0.00021995366842020303,0.00021995366842020303,feature_importance,positive,grouped_cv,1,4,grouped_cv_repeat1_fold4
img_hsv_s_hist_bin_1,0.00021358902449719608,0.00021358902449719608,feature_importance,positive,grouped_cv,1,4,grouped_cv_repeat1_fold4
img_hsv_v_hist_bin_4,0.00019914607401005924,0.00019914607401005924,feature_importance,positive,grouped_cv,1,4,grouped_cv_repeat1_fold4
img_b_mean,0.00019665129366330802,0.00019665129366330802,feature_importance,positive,grouped_cv,1,4,grouped_cv_repeat1_fold4
img_hsv_s_mean,0.00018440840358380228,0.00018440840358380228,feature_importance,positive,grouped_cv,1,4,grouped_cv_repeat1_fold4
img_gray_hist_bin_0,0.0001758034632075578,0.0001758034632075578,feature_importance,positive,grouped_cv,1,4,grouped_cv_repeat1_fold4
img_hsv_h_p10,0.0001714184181764722,0.0001714184181764722,feature_importance,positive,grouped_cv,1,4,grouped_cv_repeat1_fold4
img_brightness_mean,0.00015656054893042892,0.00015656054893042892,feature_importance,positive,grouped_cv,1,4,grouped_cv_repeat1_fold4
img_hsv_s_hist_bin_5,0.0001534090406494215,0.0001534090406494215,feature_importance,positive,grouped_cv,1,4,grouped_cv_repeat1_fold4
img_hsv_s_hist_bin_4,0.00014004755939822644,0.00014004755939822644,feature_importance,positive,grouped_cv,1,4,grouped_cv_repeat1_fold4
img_hsv_h_hist_bin_6,0.00013537191262003034,0.00013537191262003034,feature_importance,positive,grouped_cv,1,4,grouped_cv_repeat1_fold4
img_gray_hist_bin_6,0.00013490926357917488,0.00013490926357917488,feature_importance,positive,grouped_cv,1,4,grouped_cv_repeat1_fold4
img_gray_hist_bin_5,0.00012271542800590396,0.00012271542800590396,feature_importance,positive,grouped_cv,1,4,grouped_cv_repeat1_fold4
img_hsv_h_hist_bin_5,0.00011030006862711161,0.00011030006862711161,feature_importance,positive,grouped_cv,1,4,grouped_cv_repeat1_fold4
img_hsv_s_hist_bin_0,0.00011025749699911103,0.00011025749699911103,feature_importance,positive,grouped_cv,1,4,grouped_cv_repeat1_fold4
img_hsv_h_mean,0.0001079780631698668,0.0001079780631698668,feature_importance,positive,grouped_cv,1,4,grouped_cv_repeat1_fold4
img_hsv_h_std,0.00010503393423277885,0.00010503393423277885,feature_importance,positive,grouped_cv,1,4,grouped_cv_repeat1_fold4
img_r_std,0.00010341533197788522,0.00010341533197788522,feature_importance,positive,grouped_cv,1,4,grouped_cv_repeat1_fold4
img_hsv_h_hist_bin_7,0.00010087112605106086,0.00010087112605106086,feature_importance,positive,grouped_cv,1,4,grouped_cv_repeat1_fold4
img_rust_blob_count,9.899034193949774e-05,9.899034193949774e-05,feature_importance,positive,grouped_cv,1,4,grouped_cv_repeat1_fold4
img_hsv_s_hist_bin_6,9.485753253102303e-05,9.485753253102303e-05,feature_importance,positive,grouped_cv,1,4,grouped_cv_repeat1_fold4
img_rust_area_ratio_pct,8.491986955050379e-05,8.491986955050379e-05,feature_importance,positive,grouped_cv,1,4,grouped_cv_repeat1_fold4
img_brightness_p10,8.456554496660829e-05,8.456554496660829e-05,feature_importance,positive,grouped_cv,1,4,grouped_cv_repeat1_fold4
img_gray_hist_bin_3,7.76226443122141e-05,7.76226443122141e-05,feature_importance,positive,grouped_cv,1,4,grouped_cv_repeat1_fold4
img_hsv_h_hist_bin_4,6.770436448277906e-05,6.770436448277906e-05,feature_importance,positive,grouped_cv,1,4,grouped_cv_repeat1_fold4
img_hsv_s_p90,6.345237488858402e-05,6.345237488858402e-05,feature_importance,positive,grouped_cv,1,4,grouped_cv_repeat1_fold4
img_hsv_s_p10,6.120081525295973e-05,6.120081525295973e-05,feature_importance,positive,grouped_cv,1,4,grouped_cv_repeat1_fold4
week,5.8517100114841014e-05,5.8517100114841014e-05,feature_importance,positive,grouped_cv,1,4,grouped_cv_repeat1_fold4
img_hsv_h_p90,5.6797460274538025e-05,5.6797460274538025e-05,feature_importance,positive,grouped_cv,1,4,grouped_cv_repeat1_fold4
img_contrast,5.1243310736026615e-05,5.1243310736026615e-05,feature_importance,positive,grouped_cv,1,4,grouped_cv_repeat1_fold4
img_hsv_v_mean,5.101022543385625e-05,5.101022543385625e-05,feature_importance,positive,grouped_cv,1,4,grouped_cv_repeat1_fold4
img_hsv_v_p90,5.085366137791425e-05,5.085366137791425e-05,feature_importance,positive,grouped_cv,1,4,grouped_cv_repeat1_fold4
img_strip_rust_std_pct,4.4594296923605725e-05,4.4594296923605725e-05,feature_importance,positive,grouped_cv,1,4,grouped_cv_repeat1_fold4
img_gray_hist_bin_7,4.337525388109498e-05,4.337525388109498e-05,feature_importance,positive,grouped_cv,1,4,grouped_cv_repeat1_fold4
img_brightness_p90,2.591931479400955e-05,2.591931479400955e-05,feature_importance,positive,grouped_cv,1,4,grouped_cv_repeat1_fold4
img_strip_high_count,2.0220246369717643e-05,2.0220246369717643e-05,feature_importance,positive,grouped_cv,1,4,grouped_cv_repeat1_fold4
ageing_days,1.7808872144087218e-05,1.7808872144087218e-05,feature_importance,positive,grouped_cv,1,4,grouped_cv_repeat1_fold4
img_hsv_h_hist_bin_3,1.0241318705084268e-05,1.0241318705084268e-05,feature_importance,positive,grouped_cv,1,4,grouped_cv_repeat1_fold4
img_rust_blob_eccentricity_max,6.252942512219306e-06,6.252942512219306e-06,feature_importance,positive,grouped_cv,1,4,grouped_cv_repeat1_fold4
img_strip_count,0.0,0.0,feature_importance,positive,grouped_cv,1,4,grouped_cv_repeat1_fold4
img_hsv_v_std,0.0,0.0,feature_importance,positive,grouped_cv,1,4,grouped_cv_repeat1_fold4
campaign_id,0.0,0.0,feature_importance,positive,grouped_cv,1,4,grouped_cv_repeat1_fold4
