ID,img_r_mean,img_g_mean,img_b_mean,img_r_std,img_g_std,img_h_mean,img_s_mean,img_b_std,img_v_mean,img_h_std,img_s_std,img_v_std,img_rg_diff_mean,img_red_dominance_pct,img_rust_mask_pct,img_black_mask_pct,img_gray_mask_pct,img_rust_to_black_ratio,image_corrupted,image_error
D01-20240110-0W,0.9551145434379578,0.9161152243614197,0.832094669342041,0.04357464239001274,0.05104256793856621,0.11281809955835342,0.1280689835548401,0.056350529193878174,0.9551145434379578,0.013189156539738178,0.024401219561696053,0.04357464239001274,0.03899931162595749,0.1337826617826618,3.2017365350698685e-05,0.0,8.357075023741691e-05,32.01736535069869,False,
D01-20240124-2W,0.9609573483467102,0.9395114779472351,0.914212703704834,0.06273261457681656,0.07239677757024765,0.08815029263496399,0.04882458224892616,0.07841115444898605,0.9609573483467102,0.04732310399413109,0.0317050963640213,0.06273261457681656,0.021445829421281815,0.04798317731651065,0.0,0.0,1.1396011396011395e-05,0.0,False,
D01-20240207-4W,0.8917017579078674,0.8529611825942993,0.7995657324790955,0.07921471446752548,0.08593384176492691,0.09530757367610931,0.10355597734451294,0.09303697198629379,0.8917017579078674,0.014522851444780827,0.03570320084691048,0.07921472191810608,0.038740452378988266,0.1515533848867182,6.240672907339574e-05,0.0,0.00012806946140279474,62.406729073395745,False,
D01-20240221-6W,0.9620113968849182,0.9493312835693359,0.9324949383735657,0.0635918453335762,0.0754774883389473,0.0676703229546547,0.03160069137811661,0.087473064661026,0.9620286226272583,0.07470155507326126,0.03910554572939873,0.06358304619789124,0.01268002949655056,0.019863790530457198,4.884004884004884e-06,0.0,3.798670465337132e-05,4.8840048840048835,False,
D01-20240306-8W,0.9696100950241089,0.9531882405281067,0.9134053587913513,0.0538179986178875,0.07678952068090439,0.1142226830124855,0.05939408764243126,0.10243367403745651,0.969628095626831,0.0520351380109787,0.07831086218357086,0.05381553992629051,0.01642191782593727,0.036288156288156286,0.0008107448107448108,0.0,2.1164021164021164e-05,810.7448107448108,False,
D01-20240320-10W,0.9356224536895752,0.9085817337036133,0.8450291752815247,0.07986266165971756,0.1064172089099884,0.12015166133642197,0.10023807734251022,0.13666267693042755,0.9356224536895752,0.0351351723074913,0.10211464762687683,0.07986266165971756,0.027040677145123482,0.04675349342016009,0.005650250983584317,0.0,3.0389363722697055e-05,5650.2509835843175,False,
D01-20240405-12W,0.9458960890769958,0.9428543448448181,0.9186902046203613,0.07643953710794449,0.09213884174823761,0.12242723256349564,0.035027358680963516,0.1172424852848053,0.9503058195114136,0.10999240726232529,0.0813543051481247,0.07421553134918213,0.0030417367815971375,0.02997964997964998,0.0019373219373219374,0.0,5.20960520960521e-05,1937.3219373219374,False,
D01-20240417-14W,0.8769257664680481,0.8342475891113281,0.7300519347190857,0.09387685358524323,0.1066402792930603,0.11822250485420227,0.16954916715621948,0.11416970193386078,0.8769257664680481,0.011518658138811588,0.07333485037088394,0.09387685358524323,0.042678192257881165,0.1354567901234568,0.00675674942341609,0.0,0.0002306335639668973,6756.74942341609,False,
D01-20240508-17W,0.8038489818572998,0.7782039046287537,0.6944678425788879,0.149921715259552,0.15697862207889557,0.13160978257656097,0.1408691257238388,0.16355827450752258,0.8039546608924866,0.02278914861381054,0.08671106398105621,0.1498214453458786,0.02564510703086853,0.04981305114638448,0.009595984262650929,0.0,0.0032348392348392346,9595.984262650929,False,
D01-20240522-19W,0.8434578776359558,0.8220089673995972,0.714480996131897,0.08967454731464386,0.10048425197601318,0.15036436915397644,0.15715362131595612,0.11153513193130493,0.8472414612770081,0.03364432603120804,0.09757868200540543,0.08721329271793365,0.021448902785778046,0.0586303079636413,0.008930674264007597,0.0,0.00029683896350563016,8930.674264007597,False,
D01-20240529-20W,0.9317364692687988,0.9059274792671204,0.8170351386070251,0.08708229660987854,0.11195661127567291,0.1275356113910675,0.12761160731315613,0.1372884213924408,0.9317368268966675,0.03944551199674606,0.09415494650602341,0.08708223700523376,0.025809025391936302,0.07535802469135802,0.006545651878985212,0.0,0.0002957536290869624,6545.6518789852125,False,
D01-20240619-23W,0.7817459106445312,0.7574644088745117,0.6274749040603638,0.10885726660490036,0.11778484284877777,0.14294010400772095,0.20061565935611725,0.12043789774179459,0.7820030450820923,0.01531000342220068,0.09198640286922455,0.1087004542350769,0.024281516671180725,0.05843060643060643,0.011971238637905305,0.0,0.0029342016008682675,11971.238637905306,False,
D01-20240626-24W,0.8113065958023071,0.7850800156593323,0.7365445494651794,0.07765064388513565,0.09972028434276581,0.11307429522275925,0.09543680399656296,0.11216198652982712,0.8113200664520264,0.018720902502536774,0.088539257645607,0.07764970511198044,0.02622660994529724,0.06489377289377289,0.015551214217880884,0.0,0.0008802062135395469,15551.214217880884,False,
D01-20240710-26W,0.8233351111412048,0.7705289125442505,0.5731852054595947,0.08185083419084549,0.09698121249675751,0.13065490126609802,0.3071000576019287,0.09766993671655655,0.8233351111412048,0.010863423347473145,0.0710897445678711,0.08185083419084549,0.05280618742108345,0.337050061050061,0.0100328313661647,0.0,0.001304571971238638,10032.8313661647,False,
D01-20240724-28W,0.8401595950126648,0.7668086886405945,0.5848572850227356,0.09042169153690338,0.11180943995714188,0.11836626380681992,0.3096828758716583,0.11624985933303833,0.8401595950126648,0.010824269615113735,0.09578695148229599,0.09042169153690338,0.0733509361743927,0.8845187898521232,0.020625152625152625,0.0,0.0005345272011938679,20625.152625152627,False,
D01-20240807-30W,0.9066397547721863,0.8415354490280151,0.6946050524711609,0.1113903596997261,0.13238292932510376,0.11665845662355423,0.23765988647937775,0.13236328959465027,0.9066397547721863,0.018895074725151062,0.0877554640173912,0.1113903596997261,0.06510419398546219,0.7211314611314611,0.010774114774114774,0.0,0.001072310405643739,10774.114774114774,False,
D01-20240902-33W,0.8535023927688599,0.7945339679718018,0.662912905216217,0.11343322694301605,0.1300237774848938,0.11509600281715393,0.22798965871334076,0.13142149150371552,0.8535023927688599,0.014738502912223339,0.08601304143667221,0.11343322694301605,0.0589684396982193,0.6531233211233212,0.015862162528829195,0.0,0.0019449192782526115,15862.162528829196,False,
D01-20240918-36W,0.8340924382209778,0.7697572708129883,0.5651057958602905,0.08530076593160629,0.09555176645517349,0.12542755901813507,0.32369542121887207,0.08898988366127014,0.8340924382209778,0.01042238064110279,0.06678538024425507,0.08530076593160629,0.0643351748585701,0.7494635734635735,0.009433184099850767,0.0,0.0016855243521910188,9433.184099850767,False,
D02-20240110-0W,0.9447079300880432,0.9029050469398499,0.8097543120384216,0.05543942004442215,0.06171327829360962,0.11360370367765427,0.1423928588628769,0.06515578925609589,0.9447099566459656,0.010203509591519833,0.023730812594294548,0.05543411523103714,0.04180280119180679,0.19640157373490708,0.0003234296567629901,0.0,0.00014652014652014652,323.42965676299013,False,
D02-20240124-2W,0.9186390042304993,0.8874053955078125,0.8460915684700012,0.08573224395513535,0.09557287395000458,0.09552687406539917,0.0799703598022461,0.10333750396966934,0.9186390042304993,0.03452472761273384,0.033958807587623596,0.08573224395513535,0.031233571469783783,0.08079066612399946,3.256003256003256e-06,0.0,0.0002349749016415683,3.256003256003256,False,
D02-20240207-4W,0.8482431769371033,0.7993285059928894,0.7213968634605408,0.09498060494661331,0.10432036966085434,0.10071641951799393,0.1521178036928177,0.11439218372106552,0.8482431769371033,0.010943703353404999,0.048121076077222824,0.09498060494661331,0.04891462251543999,0.43583774250440915,0.00029955229955229954,0.0,0.00024474291140957807,299.55229955229953,False,
D02-20240221-6W,0.9171408414840698,0.8891952037811279,0.85279381275177,0.08177842199802399,0.09702523797750473,0.08633100986480713,0.07198605686426163,0.11190539598464966,0.9171409010887146,0.04353519156575203,0.05079256743192673,0.08177843689918518,0.027945632115006447,0.16170506037172705,0.00021001221001221002,0.0,0.0002870709537376204,210.01221001221003,False,
D02-20240306-8W,0.9766510725021362,0.9554203152656555,0.9100491404533386,0.06383539736270905,0.10406919568777084,0.12492576986551285,0.07267583161592484,0.12992285192012787,0.9766511917114258,0.04582308977842331,0.1015404462814331,0.06383533775806427,0.021230697631835938,0.077675756342423,0.006921720255053589,0.0,0.00013349613349613348,6921.7202550535885,False,
D02-20240320-10W,0.9144863486289978,0.872463047504425,0.7886601686477661,0.10615911334753036,0.14921391010284424,0.11928330361843109,0.1481473296880722,0.179764062166214,0.9144863486289978,0.029270492494106293,0.14030010998249054,0.10615911334753036,0.04202328249812126,0.1602610229276896,0.027221815221815222,0.0,0.0012920906254239588,27221.815221815225,False,
D02-20240405-12W,0.9124107956886292,0.8918944597244263,0.8464657664299011,0.1094798743724823,0.15324024856090546,0.1413821578025818,0.084926538169384,0.17996731400489807,0.9155339598655701,0.07830365747213364,0.13178037106990814,0.1095532774925232,0.020516276359558105,0.12718057251390585,0.02330430063763397,0.0,0.003474698141364808,23304.300637633973,False,
D02-20240417-14W,0.8474138975143433,0.7991375923156738,0.6851709485054016,0.1170240268111229,0.14084278047084808,0.11800886690616608,0.1996781826019287,0.1463717520236969,0.8474141955375671,0.016522128134965897,0.10611514747142792,0.11702393740415573,0.04827642813324928,0.2086262379595713,0.031134445801112468,0.0,0.009292633292633292,31134.44580111247,False,
D02-20240508-17W,0.82256680727005,0.7932908535003662,0.7116426825523376,0.16841359436511993,0.1893615573644638,0.12255503982305527,0.1485462486743927,0.20687204599380493,0.8229289054870605,0.04905344545841217,0.11940686404705048,0.1680392622947693,0.02927599661052227,0.1641107041107041,0.02825505358838692,0.0,0.01275864875864876,28255.053588386923,False,
D02-20240522-19W,0.7949899435043335,0.7555394172668457,0.6168462038040161,0.11896143853664398,0.13684183359146118,0.1350049376487732,0.2302459329366684,0.13318821787834167,0.7960458397865295,0.026482049375772476,0.10643426328897476,0.11818303912878036,0.039450593292713165,0.18519929453262787,0.029158051824718492,0.0,0.010883190883190882,29158.051824718492,False,
D02-20240529-20W,0.8705390095710754,0.8182660341262817,0.6890978217124939,0.09555410593748093,0.12453867495059967,0.12120792269706726,0.21232770383358002,0.12621423602104187,0.8705392479896545,0.02084539271891117,0.09186100214719772,0.09555414319038391,0.052273016422986984,0.2824322344322344,0.011205535205535206,0.0,0.004533984533984534,11205.535205535207,False,
D02-20240619-23W,0.7071529626846313,0.6501820683479309,0.4850237965583801,0.14331819117069244,0.15218843519687653,0.12383982539176941,0.32308968901634216,0.13721564412117004,0.7071529626846313,0.016556229442358017,0.0999838262796402,0.14331817626953125,0.056970857083797455,0.4840689187355854,0.04682186948853616,0.0,0.01663980463980464,46821.86948853616,False,
D02-20240626-24W,0.7335507869720459,0.6964285969734192,0.613290548324585,0.1107083186507225,0.13422459363937378,0.11893903464078903,0.1732282191514969,0.1364070177078247,0.7335575819015503,0.03162891045212746,0.09925226122140884,0.11071423441171646,0.03712223097681999,0.16791642924976258,0.042134310134310134,0.0,0.012804775471442138,42134.31013431014,False,
D02-20240710-26W,0.7934945821762085,0.737834095954895,0.5324596166610718,0.11286897212266922,0.1263958215713501,0.12939848005771637,0.33374911546707153,0.10974683612585068,0.7934945821762085,0.014134982600808144,0.06773976236581802,0.11286897212266922,0.05566054582595825,0.37838339438339436,0.012706552706552706,0.0,0.033529778863112196,12706.552706552708,False,
D02-20240724-28W,0.7686240673065186,0.6895856857299805,0.4937443435192108,0.10922693461179733,0.12596337497234344,0.11722337454557419,0.36421388387680054,0.10855639725923538,0.7686240673065186,0.015617492608726025,0.0816163420677185,0.10922693461179733,0.07903836667537689,0.929363722697056,0.04430986297652964,0.0,0.00988739655406322,44309.86297652964,False,
D02-20240807-30W,0.8859241604804993,0.8256320953369141,0.7111954689025879,0.11594422161579132,0.14215226471424103,0.11702024936676025,0.20185957849025726,0.13522441685199738,0.8859241604804993,0.06930685043334961,0.07528410851955414,0.11594422161579132,0.06029210612177849,0.5169957943291277,0.00414977614977615,0.0,0.004097680097680098,4149.77614977615,False,
D02-20240902-33W,0.8599097728729248,0.7883155345916748,0.6344254612922668,0.11759915947914124,0.14112941920757294,0.11344733089208603,0.26878246665000916,0.13536377251148224,0.8599097728729248,0.017562374472618103,0.08828765153884888,0.11759915947914124,0.07159426808357239,0.8512001085334419,0.03146275946275946,0.0,0.007763939763939764,31462.759462759463,False,
D02-20240918-36W,0.8232875466346741,0.7569112181663513,0.5379738807678223,0.10830160230398178,0.11944227665662766,0.12626813352108002,0.3483094871044159,0.09675602614879608,0.8232875466346741,0.014690317213535309,0.06492261588573456,0.10830160230398178,0.06637641042470932,0.7105196038529372,0.014550535883869217,0.0,0.019153981820648487,14550.535883869217,False,
D03-20240110-0W,0.9256852269172668,0.8868532180786133,0.7923744320869446,0.04908556863665581,0.05234507471323013,0.11615830659866333,0.14282403886318207,0.055106718093156815,0.9256853461265564,0.006738937459886074,0.01787652261555195,0.04908505082130432,0.03883197531104088,0.06996119929453262,0.0,0.0,1.4652014652014653e-05,0.0,False,
D03-20240124-2W,0.9458525776863098,0.9205799102783203,0.8831918239593506,0.06542955338954926,0.07255291938781738,0.10082220286130905,0.06587524712085724,0.07581896334886551,0.9458525776863098,0.03610146418213844,0.02728711999952793,0.06542955338954926,0.025272635743021965,0.01560927960927961,5.42667209333876e-07,0.0,7.543074209740877e-05,0.542667209333876,False,
D03-20240207-4W,0.8573271632194519,0.8071871995925903,0.7272399663925171,0.08862626552581787,0.09550866484642029,0.10074654221534729,0.15299412608146667,0.10187282413244247,0.8573271632194519,0.010949215851724148,0.038105688989162445,0.08862626552581787,0.050139956176280975,0.4912087912087912,8.085741419074752e-05,0.0,4.015737349070682e-05,80.85741419074753,False,
D03-20240221-6W,0.9427153468132019,0.9235467314720154,0.894336462020874,0.0727701261639595,0.08123574405908585,0.09237845987081528,0.051676344126462936,0.08909251540899277,0.9427153468132019,0.04678518697619438,0.031361427158117294,0.0727701261639595,0.019168613478541374,0.0013257359924026592,0.0,0.0,7.054673721340387e-05,0.0,False,
D03-20240306-8W,0.9789232015609741,0.968044638633728,0.9253664612770081,0.044646255671978,0.053375981748104095,0.13401910662651062,0.05483458936214447,0.061540503054857254,0.978923499584198,0.035043902695178986,0.03231319785118103,0.04464593157172203,0.010878577828407288,0.0047092660425993756,0.00022574955908289242,0.0,4.938271604938271e-05,225.74955908289243,False,
D03-20240320-10W,0.9404131174087524,0.9179056286811829,0.8513695597648621,0.06893501430749893,0.07762663811445236,0.1265312135219574,0.09496093541383743,0.08491751551628113,0.9404131174087524,0.021083932369947433,0.036685653030872345,0.06893501430749893,0.022507479414343834,0.005375118708452042,0.0006881020214353548,0.0,6.077872744539411e-05,688.1020214353548,False,
D03-20240405-12W,0.9498110413551331,0.9519240260124207,0.9175229668617249,0.054733823984861374,0.055096738040447235,0.17528794705867767,0.03744762763381004,0.05904726684093475,0.9540448784828186,0.04213569685816765,0.01797362044453621,0.05389663204550743,-0.002112956717610359,0.002029575362908696,1.628001628001628e-06,0.0,0.00016171482838149505,1.628001628001628,False,
D03-20240417-14W,0.8460142612457275,0.8108780384063721,0.7130929231643677,0.06575554609298706,0.06655492633581161,0.12069420516490936,0.15624310076236725,0.06546635180711746,0.8460142612457275,0.005985647905617952,0.022642483934760094,0.06575554609298706,0.03513611480593681,0.013480938814272148,0.0005106498439831774,0.0,0.00032885632885632887,510.6498439831774,False,
D03-20240508-17W,0.6167823672294617,0.6084064841270447,0.5202268362045288,0.1268320083618164,0.1178836077451706,0.1536344438791275,0.15687528252601624,0.10582637041807175,0.618484616279602,0.018585197627544403,0.025765186175704002,0.12531904876232147,0.008375906385481358,0.004533984533984534,0.0009008275674942342,0.0,0.02321041921041921,900.8275674942342,False,
D03-20240522-19W,0.788642942905426,0.7657433748245239,0.636654794216156,0.09048404544591904,0.08247754722833633,0.1433594822883606,0.19222098588943481,0.0765966922044754,0.7900506854057312,0.01805734820663929,0.0390341617166996,0.08931393176317215,0.022899504750967026,0.01840944240944241,0.00041079907746574415,0.0,0.00037389770723104054,410.7990774657442,False,
D03-20240529-20W,0.8572010397911072,0.8201607465744019,0.7039850950241089,0.07785838097333908,0.07906121760606766,0.12502312660217285,0.17822982370853424,0.07859279960393906,0.8572027683258057,0.008367417380213737,0.030422180891036987,0.07785866409540176,0.03704031929373741,0.15042789309455976,0.00028869895536562205,0.0,0.00038149504816171483,288.69895536562206,False,
D03-20240619-23W,0.750148355960846,0.6976452469825745,0.5324845910072327,0.10462503135204315,0.10058757662773132,0.12516337633132935,0.29132142663002014,0.0918823853135109,0.750148355960846,0.006542704533785582,0.042201995849609375,0.10462503135204315,0.05250309407711029,0.557407678741012,0.0007146927146927147,0.0,0.0019525166191832859,714.6927146927147,False,
D03-20240626-24W,0.8209801912307739,0.773104190826416,0.671796441078186,0.09183617681264877,0.09968251734972,0.11147838085889816,0.18403324484825134,0.10669320821762085,0.8209801912307739,0.007177203893661499,0.049971576780080795,0.09183617681264877,0.047875966876745224,0.48122208655541987,0.0008150861484194818,0.0,0.0004932844932844933,815.0861484194818,False,
D03-20240710-26W,0.8209812641143799,0.7787964940071106,0.5794927477836609,0.0860062837600708,0.08697281777858734,0.1360713541507721,0.2950109541416168,0.08484450727701187,0.8209812641143799,0.0061299665831029415,0.048989780247211456,0.0860062837600708,0.042184751480817795,0.2552022792022792,0.000840591507258174,0.0,0.0012242572242572242,840.591507258174,False,
D03-20240724-28W,0.7811627984046936,0.7093522548675537,0.5156492590904236,0.06703142076730728,0.06772086024284363,0.11978474259376526,0.340103417634964,0.0650116354227066,0.7811627984046936,0.0047536506317555904,0.039359282702207565,0.06703142076730728,0.07181057333946228,0.9729892823226156,0.0007950074616741283,0.0,0.0006235246235246235,795.0074616741283,False,
D03-20240807-30W,0.8923128247261047,0.8433576822280884,0.7307734489440918,0.09652245044708252,0.10410895198583603,0.11587852984666824,0.18296276032924652,0.10790354758501053,0.8923128247261047,0.014011811465024948,0.041161444038152695,0.09652245044708252,0.04895510524511337,0.6124514991181658,0.00018396418396418398,0.0,0.0003527336860670194,183.96418396418397,False,
D03-20240902-33W,0.8821845054626465,0.8332015872001648,0.6939435601234436,0.09317430853843689,0.09828948974609375,0.12175066024065018,0.2156209796667099,0.1056978702545166,0.8821845054626465,0.009102513082325459,0.045725904405117035,0.09317430853843689,0.04898284748196602,0.592429249762583,0.0003907203907203907,0.0,0.00028869895536562205,390.72039072039075,False,
D03-20240918-36W,0.806067943572998,0.754426896572113,0.5449643135070801,0.0792953297495842,0.07556385546922684,0.13189351558685303,0.3229824900627136,0.06218656152486801,0.806067943572998,0.004824440460652113,0.026555350050330162,0.0792953297495842,0.0516410768032074,0.5130782797449465,0.0004433591100257767,0.0,0.00048297381630714963,443.3591100257767,False,
D04-20240110-0W,0.845973789691925,0.7729730010032654,0.6358553767204285,0.0562872476875782,0.06228167563676834,0.10701439529657364,0.24808378517627716,0.0645088255405426,0.845973789691925,0.00538587523624301,0.033257465809583664,0.0562872476875782,0.07300084829330444,0.988014652014652,0.0008167141500474834,0.0,7.543074209740877e-05,816.7141500474835,False,
D04-20240124-2W,0.8958151340484619,0.8454042077064514,0.7898130416870117,0.07179087400436401,0.07732243090867996,0.08702577650547028,0.11781831085681915,0.08103007078170776,0.8958151340484619,0.01622510701417923,0.03284880518913269,0.07179087400436401,0.0504109151661396,0.7250799077465744,2.6590693257359923e-05,0.0,1.7365350698684032e-05,26.590693257359924,False,
D04-20240207-4W,0.7882719039916992,0.7072932720184326,0.5927529335021973,0.09026944637298584,0.09806474298238754,0.09599779546260834,0.24984358251094818,0.10159596055746078,0.7882719039916992,0.008081172592937946,0.06776457279920578,0.09026944637298584,0.0809786394238472,0.9789407136073802,0.0053517840184506855,0.0,8.14000814000814e-05,5351.784018450686,False,
D04-20240221-6W,0.8590885400772095,0.7793974876403809,0.7036388516426086,0.09769127517938614,0.12297220528125763,0.08128555864095688,0.18505358695983887,0.14022372663021088,0.8590885400772095,0.01818949729204178,0.10535690933465958,0.09769127517938614,0.07969094812870026,0.9120586080586081,0.008154660154660154,0.0,0.0002686202686202686,8154.660154660154,False,
D04-20240306-8W,0.8194124698638916,0.7190839648246765,0.5971487164497375,0.10373986512422562,0.13672947883605957,0.09268034994602203,0.27726730704307556,0.15641841292381287,0.8194124698638916,0.01677487976849079,0.13724148273468018,0.10373986512422562,0.10032845288515091,0.9139150725817392,0.023534391534391533,0.0,0.0004129697463030796,23534.391534391532,False,
D04-20240320-10W,0.8104429244995117,0.6412282586097717,0.44743940234184265,0.1105581596493721,0.19430547952651978,0.09366229921579361,0.465675413608551,0.24198490381240845,0.8104429244995117,0.020563550293445587,0.2516987919807434,0.1105581596493721,0.16921475529670715,0.9239614706281373,0.15047130647130647,0.0,2.9304029304029305e-05,150471.30647130648,False,
D04-20240405-12W,0.7639737725257874,0.5927161574363708,0.4560990035533905,0.11169254034757614,0.18738636374473572,0.08069691807031631,0.4157302677631378,0.20701241493225098,0.7639737725257874,0.0277112890034914,0.2207433581352234,0.11169254034757614,0.17125749588012695,0.7658564645231312,0.19675376475376474,0.0,0.0006729073395740062,196753.76475376476,False,
D04-20240417-14W,0.5937644839286804,0.4637310802936554,0.3191331624984741,0.12509307265281677,0.17044217884540558,0.08922781050205231,0.4912159740924835,0.17221376299858093,0.5937644839286804,0.022451238706707954,0.20000387728214264,0.12509307265281677,0.13003340363502502,0.9375346628679962,0.35885985619318955,0.0,0.024401031067697733,358859.85619318957,False,
D04-20240508-17W,0.5403400659561157,0.4282405376434326,0.3062417507171631,0.22238974273204803,0.19433964788913727,0.09483224898576736,0.41785791516304016,0.1470237374305725,0.5403445363044739,0.03500615805387497,0.1644415259361267,0.2223854959011078,0.11209950596094131,0.7020550807217474,0.2964346764346764,0.0,0.31403337403337406,296434.67643467645,False,
D04-20240522-19W,0.5629084706306458,0.4231609106063843,0.2588094174861908,0.10868629068136215,0.14743667840957642,0.09554256498813629,0.5552912950515747,0.14524409174919128,0.562915563583374,0.030225422233343124,0.21381591260433197,0.10868874937295914,0.13974754512310028,0.7917813051146384,0.4062721476054809,0.0,0.02041025641025641,406272.1476054809,False,
D04-20240529-20W,0.7160080075263977,0.5490576028823853,0.4038569927215576,0.11393125355243683,0.1576356738805771,0.07962065935134888,0.44431692361831665,0.15064215660095215,0.7160080075263977,0.025997886434197426,0.14848700165748596,0.11393125355243683,0.16695037484169006,0.980983312983313,0.17020160086826752,0.0,0.015907203907203907,170201.60086826753,False,
D04-20240619-23W,0.5285611748695374,0.3744673430919647,0.20560695230960846,0.12473568320274353,0.14910346269607544,0.08590267598628998,0.6315883994102478,0.12326287478208542,0.5285611748695374,0.02333613857626915,0.163494274020195,0.12473568320274353,0.15409383177757263,0.998967846967847,0.5291146384479718,0.0,0.030001356668023334,529114.6384479718,False,
D04-20240626-24W,0.513096809387207,0.3606869578361511,0.24241049587726593,0.111394964158535,0.1387462317943573,0.07221175730228424,0.5465664267539978,0.12000595033168793,0.513096809387207,0.028029151260852814,0.15783430635929108,0.111394964158535,0.1524098813533783,0.9968205128205129,0.5341153167819834,0.0,0.030763261429928097,534115.3167819835,False,
D04-20240710-26W,0.5741071105003357,0.4339117109775543,0.25839459896087646,0.11136563867330551,0.13259786367416382,0.09049654006958008,0.557116687297821,0.09727135300636292,0.5741071105003357,0.02284562587738037,0.1030055359005928,0.11136563867330551,0.14019536972045898,0.9958339438339439,0.3405817392484059,0.0,0.10279039479039478,340581.7392484059,False,
D04-20240724-28W,0.5728931427001953,0.41562992334365845,0.2597689628601074,0.13097672164440155,0.1589004546403885,0.08102510124444962,0.5634722113609314,0.127929225564003,0.5728931427001953,0.024075450375676155,0.1308567225933075,0.13097672164440155,0.15726318955421448,0.9978629765296432,0.4736453669787003,0.0,0.04531379731379731,473645.36697870033,False,
D04-20240807-30W,0.7225561141967773,0.5250140428543091,0.41589078307151794,0.14875411987304688,0.17979878187179565,0.08395639806985855,0.42782729864120483,0.1344229131937027,0.7225561141967773,0.1588195115327835,0.10352426767349243,0.14875411987304688,0.19754202663898468,0.9979801926468593,0.16467073667073667,0.0,0.02949124949124949,164670.7366707367,False,
D04-20240902-33W,0.7231354117393494,0.5051118731498718,0.3294014036655426,0.15065184235572815,0.19011104106903076,0.07319483160972595,0.5502355694770813,0.1393629014492035,0.7231354117393494,0.04608047381043434,0.13266228139400482,0.15065184235572815,0.21802356839179993,0.9981180301180301,0.3501256274589608,0.0,0.006241215574548908,350125.6274589608,False,
D04-20240918-36W,0.6405966877937317,0.4812792241573334,0.29704606533050537,0.14810919761657715,0.16771602630615234,0.08532098680734634,0.5418907999992371,0.11463949829339981,0.6405966877937317,0.02443484589457512,0.09961988031864166,0.14810919761657715,0.15931744873523712,0.9995381902048569,0.3139541446208113,0.0,0.07878388278388278,313954.1446208113,False,
D05-20240110-0W,0.945472002029419,0.9085491299629211,0.8340484499931335,0.04743209853768349,0.051675986498594284,0.10936024785041809,0.11683531850576401,0.05516302213072777,0.945472002029419,0.010951041243970394,0.018865561112761497,0.04743209853768349,0.036922886967659,0.051876271876271876,0.0,0.0,0.0,0.0,False,
D05-20240124-2W,0.9634298086166382,0.9496297836303711,0.9320154786109924,0.06245153769850731,0.07096779346466064,0.07921716570854187,0.03284072130918503,0.07752560079097748,0.9634300470352173,0.05635945498943329,0.030007729306817055,0.0624513253569603,0.013800024054944515,0.010402387735721068,0.0,0.0,0.0,0.0,False,
D05-20240207-4W,0.9256718158721924,0.8888762593269348,0.8303467631340027,0.0740584060549736,0.08584152907133102,0.10326700657606125,0.10342814773321152,0.09846950322389603,0.9256718158721924,0.020238885655999184,0.05929218977689743,0.074058398604393,0.036795489490032196,0.1195354768688102,0.0010788224121557454,0.0,6.512006512006512e-06,1078.8224121557455,False,
D05-20240221-6W,0.9675477147102356,0.9489566087722778,0.9224973320960999,0.06096959114074707,0.08504746854305267,0.07321939617395401,0.04837266728281975,0.11247461289167404,0.9675477147102356,0.059602439403533936,0.0844440683722496,0.06096958741545677,0.018591100350022316,0.06261836928503595,0.000568715235381902,0.0,0.0,568.7152353819021,False,
D05-20240306-8W,0.9578999280929565,0.8756940960884094,0.7783052921295166,0.07589317858219147,0.19743824005126953,0.10592880845069885,0.2015896588563919,0.2685477137565613,0.9579001665115356,0.053728919476270676,0.2535530924797058,0.07589320093393326,0.0822058841586113,0.3028560575227242,0.05280477547144214,0.0,0.0,52804.775471442146,False,
D05-20240320-10W,0.9013974070549011,0.8028362393379211,0.6791782379150391,0.12898030877113342,0.23246988654136658,0.10889574140310287,0.27247506380081177,0.28479471802711487,0.9013974070549011,0.03971726447343826,0.2666970491409302,0.12898030877113342,0.09856118261814117,0.39243467643467644,0.10883245149911816,0.0,7.543074209740877e-05,108832.45149911816,False,
D05-20240405-12W,0.8924224376678467,0.8079100251197815,0.7257019877433777,0.12007732689380646,0.22727717459201813,0.1282518059015274,0.2109004557132721,0.2694340944290161,0.8949651122093201,0.07485690712928772,0.2443132996559143,0.12036730349063873,0.0845123678445816,0.3625825532492199,0.10806403473070139,0.0,2.8218694885361552e-05,108064.0347307014,False,
D05-20240417-14W,0.814164400100708,0.7116113901138306,0.5669520497322083,0.15749488770961761,0.21507835388183594,0.10249731689691544,0.3298080861568451,0.22202123701572418,0.814164400100708,0.024425501003861427,0.19769780337810516,0.15749488770961761,0.10255306214094162,0.6545890652557319,0.141664360331027,0.0,0.003654320987654321,141664.360331027,False,
D05-20240508-17W,0.7392224669456482,0.6733695268630981,0.5689749121665955,0.22687655687332153,0.2521972358226776,0.11378032714128494,0.25624963641166687,0.2608846127986908,0.7399922609329224,0.04936513304710388,0.19198662042617798,0.2260882556438446,0.06585289537906647,0.3736947496947497,0.12550535883869218,0.0,0.04635191968525302,125505.35883869219,False,
D05-20240522-19W,0.822813868522644,0.7189707159996033,0.5541912913322449,0.14991340041160583,0.2250838726758957,0.11362803727388382,0.3555538058280945,0.24513299763202667,0.8228351473808289,0.03405245020985603,0.2283160239458084,0.1499103307723999,0.10384321957826614,0.49287857821191156,0.13279500746167414,0.0,0.00038095238095238096,132795.00746167413,False,
D05-20240529-20W,0.808652937412262,0.7064228057861328,0.5660504102706909,0.13207587599754333,0.19033990800380707,0.10447821766138077,0.31457123160362244,0.19528569281101227,0.8086536526679993,0.031294360756874084,0.17212331295013428,0.13207651674747467,0.10223019123077393,0.5561416361416361,0.09235816035816036,0.0,0.013379460046126713,92358.16035816036,False,
D05-20240619-23W,0.6971245408058167,0.5860254764556885,0.4074578881263733,0.16156640648841858,0.20267832279205322,0.10447926074266434,0.44529956579208374,0.18990913033485413,0.6971245408058167,0.026188747957348824,0.19104045629501343,0.16156640648841858,0.11109908670186996,0.8574310134310135,0.20138760005426673,0.0,0.005652421652421653,201387.60005426675,False,
D05-20240626-24W,0.7919021844863892,0.6539497375488281,0.5304518342018127,0.1546153575181961,0.21051444113254547,0.08227527141571045,0.35521331429481506,0.22021803259849548,0.7919021844863892,0.021448636427521706,0.1993803083896637,0.1546153575181961,0.13795249164104462,0.8788761362094696,0.1598013838013838,0.0,0.0018000271333604666,159801.3838013838,False,
D05-20240710-26W,0.7546142935752869,0.6273972988128662,0.39323803782463074,0.14809225499629974,0.18205894529819489,0.10858718305826187,0.49520280957221985,0.16098570823669434,0.7546142935752869,0.02284422516822815,0.14789749681949615,0.14809225499629974,0.12721696496009827,0.855635870302537,0.1351539818206485,0.0,0.018194003527336862,135153.9818206485,False,
D05-20240724-28W,0.7657179236412048,0.5923228859901428,0.36724069714546204,0.16012759506702423,0.19729718565940857,0.09323260933160782,0.5415862798690796,0.16927243769168854,0.7657179236412048,0.02147529646754265,0.15101265907287598,0.16012759506702423,0.1733950823545456,0.9991490978157644,0.19174331840998507,0.0,0.002210826210826211,191743.31840998508,False,
D05-20240807-30W,0.8793433904647827,0.7040733098983765,0.46683645248413086,0.15637433528900146,0.21811720728874207,0.09900589287281036,0.47884654998779297,0.1854826807975769,0.8793433904647827,0.05606578662991524,0.15377575159072876,0.15637433528900146,0.17527008056640625,0.8834698141364808,0.11856844390177723,0.0,0.006371455704789038,118568.44390177724,False,
D05-20240902-33W,0.8444737195968628,0.6613613963127136,0.4077368974685669,0.16932187974452972,0.2287147343158722,0.0973147377371788,0.5354719758033752,0.20577257871627808,0.8444737195968628,0.03077213652431965,0.1795722246170044,0.16932187974452972,0.18311233818531036,0.9279962013295346,0.16881237281237282,0.0,0.0011477411477411477,168812.37281237284,False,
D05-20240918-36W,0.8043484091758728,0.6429029107093811,0.3899119198322296,0.14415158331394196,0.17889831960201263,0.10007519274950027,0.5247482657432556,0.14295348525047302,0.8043484091758728,0.02256515622138977,0.11736492067575455,0.14415158331394196,0.16144542396068573,0.9987486094152761,0.10998941798941798,0.0,0.015233753900420567,109989.41798941798,False,
D06-20240110-0W,0.8938519358634949,0.845164954662323,0.741163432598114,0.08626409620046616,0.09280192106962204,0.11204904317855835,0.17159119248390198,0.09464286267757416,0.8938519358634949,0.009701217524707317,0.03258039429783821,0.08626409620046616,0.04868695139884949,0.47653832587165923,3.798670465337132e-05,0.0,9.71374304707638e-05,37.986704653371326,False,
D06-20240124-2W,0.9179928302764893,0.891108512878418,0.853995144367218,0.0915515273809433,0.10175003856420517,0.09757183492183685,0.0708727091550827,0.10849051177501678,0.9179928302764893,0.03801446780562401,0.03597961366176605,0.0915515273809433,0.02688424661755562,0.029114095780762447,4.341337674671008e-06,0.0,9.768009768009767e-06,4.341337674671008,False,
D06-20240207-4W,0.815581202507019,0.7592781186103821,0.67320716381073,0.10876098275184631,0.11859717965126038,0.09902697801589966,0.17828238010406494,0.1275695264339447,0.815581202507019,0.010830364190042019,0.06904508173465729,0.10876098275184631,0.056303106248378754,0.6061457061457062,0.0030823497490164156,0.0,7.326007326007326e-05,3082.349749016416,False,
D06-20240221-6W,0.8908828496932983,0.8409298658370972,0.7702625393867493,0.10432039201259613,0.12343128770589828,0.09798284620046616,0.1381578892469406,0.1433410942554474,0.8908828496932983,0.03198297694325447,0.0958537831902504,0.10432039201259613,0.04995301738381386,0.4642735042735043,0.00182010582010582,0.0,4.938271604938271e-05,1820.1058201058202,False,
D06-20240306-8W,0.9239389300346375,0.8822052478790283,0.7970976233482361,0.09281344711780548,0.13701318204402924,0.12425844371318817,0.1432981789112091,0.16840671002864838,0.9239389300346375,0.027778727933764458,0.139506995677948,0.09281344711780548,0.04173368588089943,0.17608845475512142,0.01601953601953602,0.0,3.744403744403744e-05,16019.53601953602,False,
D06-20240320-10W,0.8693114519119263,0.809820830821991,0.7009295225143433,0.11477088928222656,0.1548815369606018,0.11359140276908875,0.20190824568271637,0.18151339888572693,0.8693114519119263,0.020661823451519012,0.15546932816505432,0.11477088928222656,0.05949050188064575,0.2649398996065663,0.029931352598019264,0.0,8.14000814000814e-05,29931.352598019264,False,
D06-20240405-12W,0.8207829594612122,0.7812708020210266,0.7005467414855957,0.12053685635328293,0.15263186395168304,0.1359071582555771,0.1529095470905304,0.1730332225561142,0.8216760754585266,0.0508187860250473,0.1514662504196167,0.12081066519021988,0.03951217606663704,0.20088563288563288,0.031557726224392894,0.0,0.0004949124949124949,31557.726224392896,False,
D06-20240417-14W,0.7232227921485901,0.6622821092605591,0.5271881222724915,0.13928011059761047,0.16098962724208832,0.11565563827753067,0.2848943769931793,0.1662796288728714,0.7232227921485901,0.018340783193707466,0.1407177746295929,0.13928011059761047,0.060940731316804886,0.4200721747388414,0.05401872201872202,0.0,0.006455026455026455,54018.72201872202,False,
D06-20240508-17W,0.7312572002410889,0.6735678315162659,0.5407061576843262,0.1809532344341278,0.18212634325027466,0.12298201024532318,0.26279208064079285,0.1662660837173462,0.7318530082702637,0.029045946896076202,0.12855367362499237,0.17995744943618774,0.057689424604177475,0.42807271740605074,0.04747849681183015,0.0,0.044941527608194275,47478.49681183015,False,
D06-20240522-19W,0.658833920955658,0.6034947633743286,0.45481887459754944,0.13777820765972137,0.1552092581987381,0.12482569366693497,0.3241085410118103,0.15773823857307434,0.6589186787605286,0.02146291919052601,0.1559387743473053,0.13774234056472778,0.05533924326300621,0.3581717541717542,0.06472174738841406,0.0,0.02259015059015059,64721.74738841406,False,
D06-20240529-20W,0.7482042908668518,0.6795834898948669,0.5369887948036194,0.10896922647953033,0.12489288300275803,0.11567210406064987,0.2838123142719269,0.1265188604593277,0.7482042908668518,0.02163570746779442,0.11337091773748398,0.10896922647953033,0.06862077116966248,0.482974358974359,0.01672934472934473,0.0,0.0030259123592456926,16729.34472934473,False,
D06-20240619-23W,0.6326686143875122,0.5551331043243408,0.3826752007007599,0.13239651918411255,0.14501333236694336,0.11475210636854172,0.4064996540546417,0.1335793286561966,0.6326686143875122,0.0170754324644804,0.13162285089492798,0.13239651918411255,0.07753551006317139,0.776630579297246,0.07835300501967168,0.0,0.04381115181115181,78353.00501967169,False,
D06-20240626-24W,0.6708822250366211,0.5713596343994141,0.4396016001701355,0.14031384885311127,0.1585172712802887,0.09396552294492722,0.36343950033187866,0.1587337702512741,0.6708822250366211,0.014000659808516502,0.15978406369686127,0.14031384885311127,0.09952264279127121,0.991718898385565,0.10223741690408357,0.0,0.014223850223850225,102237.41690408357,False,
D06-20240710-26W,0.6480752825737,0.563389778137207,0.35597822070121765,0.11744321137666702,0.1375218629837036,0.11867648363113403,0.462105929851532,0.1309119164943695,0.6480752825737,0.01752709411084652,0.14288510382175446,0.11744321137666702,0.08468550443649292,0.734374711708045,0.0999343372676706,0.0,0.012905711572378239,99934.3372676706,False,
D06-20240724-28W,0.6543581485748291,0.5347016453742981,0.3378440737724304,0.1279253214597702,0.15034909546375275,0.10318255424499512,0.4986131489276886,0.13758592307567596,0.6543581485748291,0.017509153112769127,0.14804677665233612,0.1279253214597702,0.1196565106511116,0.9907160493827161,0.15507366707366707,0.0,0.008397775064441731,155073.66707366708,False,
D06-20240807-30W,0.863831639289856,0.6904939413070679,0.3815809488296509,0.12531888484954834,0.16825036704540253,0.10636937618255615,0.5592578053474426,0.14774081110954285,0.863831639289856,0.0258924700319767,0.146274596452713,0.12531888484954834,0.17333769798278809,0.9665185185185186,0.06782309048975715,0.0,0.0027925654592321257,67823.09048975716,False,
D06-20240902-33W,0.8021281957626343,0.6652039885520935,0.44580715894699097,0.1208953931927681,0.16575470566749573,0.10438291728496552,0.4504769444465637,0.1610565185546875,0.8021281957626343,0.027429886162281036,0.16095206141471863,0.1208953931927681,0.13692420721054077,0.8967098087098088,0.08442219508886176,0.0,0.0034410527743861078,84422.19508886176,False,
D06-20240918-36W,0.7301627993583679,0.613939106464386,0.37967705726623535,0.12134376168251038,0.1461084485054016,0.10975421220064163,0.4869162142276764,0.11981723457574844,0.7301627993583679,0.020005762577056885,0.10758014023303986,0.12134376168251038,0.1162237673997879,0.9886897300230634,0.08498602631935966,0.0,0.017246506579839914,84986.02631935966,False,
E01-20240110-0W,0.8563323616981506,0.7796136140823364,0.6408915519714355,0.054996099323034286,0.05797743424773216,0.10536099225282669,0.2506992816925049,0.05658484250307083,0.8563469648361206,0.0052373153157532215,0.021344292908906937,0.05492032319307327,0.07671864330768585,0.9974380681047348,1.085334418667752e-06,0.0,8.682675349342016e-06,1.085334418667752,False,
E01-20240124-2W,0.8912937641143799,0.8304479122161865,0.7695601582527161,0.07678589224815369,0.08005473762750626,0.0826154351234436,0.1359666883945465,0.08107910305261612,0.8912937641143799,0.015603145584464073,0.027741869911551476,0.07678589224815369,0.06084588170051575,0.9234692714692715,0.0,0.0,8.682675349342016e-06,0.0,False,
E01-20240207-4W,0.8056249618530273,0.7240931987762451,0.6067505478858948,0.0783032700419426,0.08255951851606369,0.09616139531135559,0.24752509593963623,0.0825645923614502,0.8056249618530273,0.0067847552709281445,0.03935319930315018,0.0783032700419426,0.08153171092271805,0.9932492199158865,4.341337674671008e-06,0.0,4.3956043956043955e-05,4.341337674671008,False,
E01-20240221-6W,0.8732163906097412,0.8068080544471741,0.7405452728271484,0.08363515883684158,0.09024704992771149,0.08175666630268097,0.15227439999580383,0.0968426987528801,0.8732163906097412,0.015355999581515789,0.04795468971133232,0.08363515883684158,0.0664084330201149,0.950348663681997,0.0004042870709537376,0.0,1.1938678605345272e-05,404.2870709537376,False,
E01-20240306-8W,0.885304868221283,0.8324532508850098,0.7520610690116882,0.07857876271009445,0.10237950086593628,0.10265832394361496,0.15244698524475098,0.12252216786146164,0.885304868221283,0.0178823322057724,0.094661183655262,0.07857876271009445,0.05285152047872543,0.33848270248270246,0.006591778591778592,0.0,4.884004884004884e-06,6591.778591778592,False,
E01-20240320-10W,0.8211804628372192,0.7491771578788757,0.6461123824119568,0.09230347722768784,0.10598168522119522,0.09705398976802826,0.21564210951328278,0.11747407168149948,0.8211804628372192,0.01024039089679718,0.08763675391674042,0.09230347722768784,0.07200322300195694,0.9643646723646724,0.010491385158051824,0.0,8.736942070275403e-05,10491.385158051824,False,
E01-20240405-12W,0.7767806649208069,0.7285339832305908,0.6534143090248108,0.08739802986383438,0.10026703029870987,0.10263662785291672,0.16051523387432098,0.1099793091416359,0.7767806649208069,0.019665084779262543,0.08474507182836533,0.08739802986383438,0.04824672266840935,0.2745250305250305,0.010808845475512143,0.0,0.00012806946140279474,10808.845475512144,False,
E01-20240417-14W,0.6894436478614807,0.625192403793335,0.5053327679634094,0.08531108498573303,0.09123911708593369,0.10693857818841934,0.2699286937713623,0.09234123677015305,0.6894436478614807,0.006941704545170069,0.067927286028862,0.08531108498573303,0.06425119936466217,0.9963831230497897,0.011625559625559626,0.0,0.0026585266585266586,11625.559625559627,False,
E01-20240508-17W,0.8233351111412048,0.7730398178100586,0.6692996025085449,0.09020020067691803,0.10366632789373398,0.11349654197692871,0.1832287609577179,0.11190539598464966,0.8233351111412048,0.01622510701417923,0.06773976236581802,0.09020020067691803,0.04357802867889404,0.22152326685660018,0.0034491927825261158,0.0,0.0020795007461674128,1600.9146073344475,True,cannot identify image file '/Users/youseffayyaz/Documents/Proj_corrosion/Data/Images_dataset/E01-20240508-17W.png'
E01-20240522-19W,0.6430330276489258,0.5955407619476318,0.47199660539627075,0.09154394268989563,0.09002280235290527,0.12274651229381561,0.2647741436958313,0.09214793890714645,0.6430367231369019,0.014722635969519615,0.09257403761148453,0.09154845029115677,0.04749223589897156,0.40716917650250983,0.01207977207977208,0.0,0.004609415276081942,12079.772079772081,False,
E01-20240529-20W,0.6369229555130005,0.5934395790100098,0.48934751749038696,0.0578734315931797,0.06671140342950821,0.11805539578199387,0.23195034265518188,0.07187213003635406,0.6369233727455139,0.01222036313265562,0.07141296565532684,0.05787360668182373,0.0434834323823452,0.1839728666395333,0.009454890788224122,0.0,0.004557861891195224,9454.890788224122,False,
E01-20240619-23W,0.6397830247879028,0.5793780088424683,0.42019888758659363,0.0871882513165474,0.09580637514591217,0.1212974339723587,0.34617429971694946,0.09519530087709427,0.6397830843925476,0.013644714839756489,0.10454348474740982,0.0871882289648056,0.06040497496724129,0.6026324786324786,0.03329534662867996,0.0,0.007021028354361688,33295.34662867996,False,
E01-20240626-24W,0.6402581930160522,0.5529713034629822,0.4504474401473999,0.08390185981988907,0.09677264094352722,0.08889739215373993,0.30223700404167175,0.10310795158147812,0.6402581930160522,0.008839530870318413,0.10644441097974777,0.08390185981988907,0.08728688210248947,0.9980632207298874,0.04771564238230905,0.0,0.0066210826210826215,47715.64238230905,False,
E01-20240710-26W,0.6109136939048767,0.5521296858787537,0.38201260566711426,0.06530224531888962,0.07878907024860382,0.12367396056652069,0.3778219521045685,0.08130557090044022,0.6109136939048767,0.012436093762516975,0.09400265663862228,0.06530224531888962,0.058784011751413345,0.4715560982227649,0.03044308777642111,0.0,0.01580681047347714,30443.08777642111,False,
E01-20240724-28W,0.669789731502533,0.5715065002441406,0.39236894249916077,0.08212801069021225,0.10028616338968277,0.10673439502716064,0.421402245759964,0.10251269489526749,0.669789731502533,0.010536884889006615,0.10585510730743408,0.08212801069021225,0.09828320145606995,0.9999891466558133,0.04921448921448921,0.0,0.0043516483516483516,49214.489214489215,False,
E01-20240807-30W,0.7895516157150269,0.6730291843414307,0.4410478174686432,0.12499670684337616,0.14363931119441986,0.11011731624603271,0.44587647914886475,0.12596990168094635,0.7895516157150269,0.01859966106712818,0.10732651501893997,0.12499670684337616,0.11652243882417679,0.965661104327771,0.04181088047754714,0.0,0.0008899742233075567,41810.88047754714,False,
E01-20240902-33W,0.8167892694473267,0.7275192141532898,0.5388038754463196,0.10076563060283661,0.130834698677063,0.11442629992961884,0.3464629352092743,0.14194893836975098,0.8167892694473267,0.019253211095929146,0.13023577630519867,0.10076563060283661,0.08927004784345627,0.8741771808438475,0.03129887396554063,0.0,0.0005063085063085063,31298.87396554063,False,
E01-20240918-36W,0.7745320200920105,0.6835501194000244,0.46376359462738037,0.08779434114694595,0.10789952427148819,0.11663994193077087,0.4049988090991974,0.0996687039732933,0.7745320200920105,0.013613499701023102,0.08634405583143234,0.08779434114694595,0.0909818634390831,0.9988603988603989,0.027072039072039072,0.0,0.00704382037715371,27072.03907203907,False,
E02-20240110-0W,0.8803751468658447,0.8268680572509766,0.7130870819091797,0.0780453011393547,0.08236466348171234,0.11161719262599945,0.19039367139339447,0.08489828556776047,0.8803751468658447,0.007803164888173342,0.03272949531674385,0.0780453011393547,0.053507037460803986,0.7096111789445123,0.0006631393298059965,0.0,0.0002962962962962963,663.1393298059966,False,
E02-20240124-2W,0.9375890493392944,0.9081916809082031,0.869486391544342,0.08243311941623688,0.09084181487560272,0.09767208993434906,0.072914719581604,0.09355334937572479,0.9375890493392944,0.03598526120185852,0.03012889064848423,0.08243311941623688,0.02939734235405922,0.07556695156695156,4.558404558404558e-05,0.0,0.0003576176909510243,45.58404558404558,False,
E02-20240207-4W,0.8232539892196655,0.7580961585044861,0.6630604267120361,0.1119881272315979,0.122707299888134,0.097552090883255,0.19853147864341736,0.12896274030208588,0.8232539892196655,0.012018576264381409,0.0633380189538002,0.1119881272315979,0.06515781581401825,0.7638198344865011,0.0010652557319223985,0.0,0.0003038936372269706,1065.2557319223986,False,
E02-20240221-6W,0.9150871634483337,0.8802767395973206,0.8382021188735962,0.09163743257522583,0.10503967106342316,0.09273096919059753,0.08569227904081345,0.1133047342300415,0.9150871634483337,0.03571300581097603,0.049946129322052,0.09163744002580643,0.03481033816933632,0.2129708316374983,0.0007315153981820649,0.0,0.0005242165242165242,731.5153981820649,False,
E02-20240306-8W,0.9223305583000183,0.8806326389312744,0.8093863725662231,0.10340616106987,0.1303613930940628,0.11349654197692871,0.12755484879016876,0.14590005576610565,0.9223305583000183,0.030165953561663628,0.09638042002916336,0.10340616106987,0.04169788584113121,0.29484249084249087,0.009841269841269842,0.0,0.0006327499660832995,9841.269841269843,False,
E02-20240320-10W,0.9003032445907593,0.848310112953186,0.7544835209846497,0.12410209327936172,0.16364872455596924,0.11530061811208725,0.17387545108795166,0.19112595915794373,0.9003032445907593,0.02465313859283924,0.1484362781047821,0.12410209327936172,0.051993172615766525,0.26271930538597205,0.027687423687423687,0.0,0.0011754171754171754,27687.42368742369,False,
E02-20240405-12W,0.86612468957901,0.8244929909706116,0.7518985271453857,0.12926793098449707,0.1701636016368866,0.12640711665153503,0.14447055757045746,0.19206444919109344,0.8666678071022034,0.037536073476076126,0.14461758732795715,0.12938371300697327,0.04163166135549545,0.24429466829466828,0.03580843847510514,0.0,0.003964726631393298,35808.43847510514,False,
E02-20240417-14W,0.8323608636856079,0.7762340307235718,0.6484018564224243,0.14916227757930756,0.17007920145988464,0.11649102717638016,0.23356284201145172,0.16995638608932495,0.8323608636856079,0.01863178238272667,0.11768173426389694,0.14916227757930756,0.05612684786319733,0.35920010853344186,0.041500474833808164,0.0,0.009433184099850767,41500.47483380816,False,
E02-20240508-17W,0.7758072018623352,0.725615918636322,0.610505223274231,0.15188464522361755,0.16729547083377838,0.1195395365357399,0.2209443897008896,0.1625245362520218,0.7758247256278992,0.025879299268126488,0.10901012271642685,0.15188083052635193,0.050191331654787064,0.3141994301994302,0.03185727852394519,0.0,0.03134391534391534,31857.27852394519,False,
E02-20240522-19W,0.7284178733825684,0.6718489527702332,0.5225377678871155,0.1745276302099228,0.18814347684383392,0.12372090667486191,0.2998568117618561,0.1782190352678299,0.7284573316574097,0.022538863122463226,0.15081216394901276,0.17449577152729034,0.05656884238123894,0.3632652285985619,0.06689730023063356,9.225342558675892e-05,0.027673314339981006,717.3709685162743,False,
E02-20240529-20W,0.7529177665710449,0.7022003531455994,0.5825456380844116,0.11891014128923416,0.1410830169916153,0.12058136612176895,0.23234929144382477,0.13913889229297638,0.7529351115226746,0.025408625602722168,0.10942289978265762,0.11891283839941025,0.050717439502477646,0.31134608601275265,0.030129968796635462,0.0,0.021701804368471037,30129.968796635465,False,
E02-20240619-23W,0.7512419819831848,0.6722251772880554,0.4831407964229584,0.15195702016353607,0.16538144648075104,0.11739049851894379,0.3689887523651123,0.15029920637607574,0.7512421607971191,0.01841059885919094,0.12540191411972046,0.1519562005996704,0.0790167897939682,0.7485063085063085,0.06320173653506987,0.00010310676977343644,0.013242707909374577,607.0857512207264,False,
E02-20240626-24W,0.7707400918006897,0.6734773516654968,0.5508387088775635,0.1721571981906891,0.18433719873428345,0.09191817790269852,0.29952070116996765,0.17452068626880646,0.7707400918006897,0.02071605809032917,0.11994685977697372,0.1721571981906891,0.09726272523403168,0.975650522317189,0.06941256274589608,4.341337674671008e-06,0.015461674128340794,12995.351908765335,False,
E02-20240710-26W,0.7405470609664917,0.6736407279968262,0.47265493869781494,0.1393909603357315,0.15178711712360382,0.12391190230846405,0.370033860206604,0.13051244616508484,0.7405470609664917,0.016438955441117287,0.0990365669131279,0.1393909603357315,0.06690636277198792,0.6221630714964048,0.043425858092524756,0.0,0.0331982091982092,43425.85809252476,False,
E02-20240724-28W,0.7377339005470276,0.6186466813087463,0.40570980310440063,0.14987309277057648,0.16099992394447327,0.10486415028572083,0.46544045209884644,0.1355150043964386,0.7377339601516724,0.015880465507507324,0.11512695252895355,0.14987269043922424,0.11908723413944244,0.999676570343237,0.09456084656084657,2.279202279202279e-05,0.008168226834893502,3974.4769659749904,False,
E02-20240807-30W,0.878410279750824,0.748874843120575,0.4719058871269226,0.14767351746559143,0.17764219641685486,0.11137036979198456,0.4704305827617645,0.14546321332454681,0.878410279750824,0.022856062278151512,0.1122046485543251,0.14767351746559143,0.12953530251979828,0.9492524759191426,0.06552055352055353,0.0,0.00581305114638448,65520.55352055353,False,
E02-20240902-33W,0.8573374152183533,0.7485893964767456,0.5289385318756104,0.14955371618270874,0.17903681099414825,0.11056198924779892,0.3946843445301056,0.16456051170825958,0.8573374152183533,0.02199835330247879,0.12635068595409393,0.14955371618270874,0.10874800384044647,0.9517916157916158,0.06544892144892145,0.0,0.009506986840320173,65448.92144892145,False,
E02-20240918-36W,0.839156985282898,0.7409130334854126,0.49751949310302734,0.14653675258159637,0.15947920083999634,0.11635205894708633,0.4115368127822876,0.12580205500125885,0.839156985282898,0.017044445499777794,0.08476296812295914,0.1465366929769516,0.09824389219284058,0.9811406864740198,0.031776963776963776,0.0,0.03249057115723782,31776.963776963777,False,
E03-20240110-0W,0.8756470680236816,0.830620288848877,0.7358351945877075,0.05864761024713516,0.06340557336807251,0.1111658364534378,0.1588800698518753,0.06479808688163757,0.8756543397903442,0.008070847019553185,0.023329950869083405,0.05861859768629074,0.04502679407596588,0.265038665038665,0.00012698412698412698,0.0,9.49667616334283e-05,126.98412698412699,False,
E03-20240124-2W,0.9308241605758667,0.9124239087104797,0.8905881643295288,0.08389370143413544,0.09029421955347061,0.0976857841014862,0.04326190426945686,0.09383662790060043,0.9308328628540039,0.09383362531661987,0.03139891102910042,0.08388614654541016,0.01840026304125786,0.052218152218152215,3.961470628137295e-05,0.0,3.744403744403744e-05,39.61470628137295,False,
E03-20240207-4W,0.8958583474159241,0.8535875678062439,0.7892633676528931,0.0938897654414177,0.10473236441612244,0.10040433704853058,0.12085283547639847,0.114246666431427,0.895858645439148,0.017327172681689262,0.054325465112924576,0.09388966113328934,0.04227090999484062,0.24529480396147063,0.0015172975172975172,0.0,0.00010364943698277032,1517.2975172975173,False,
E03-20240221-6W,0.9342433214187622,0.9126825332641602,0.8833242654800415,0.09136771410703659,0.10899358987808228,0.0834890753030777,0.057281963527202606,0.12451290339231491,0.9342570900917053,0.05567576363682747,0.06556783616542816,0.09136586636304855,0.02156073972582817,0.0939639126305793,0.0017690951024284358,0.0,0.000411341744675078,1769.095102428436,False,
E03-20240306-8W,0.9552915692329407,0.9059589505195618,0.8332374095916748,0.0791161060333252,0.15577037632465363,0.10766073316335678,0.13727542757987976,0.21257473528385162,0.9553314447402954,0.054869744926691055,0.19170856475830078,0.07910867035388947,0.04933254420757294,0.21042897842897842,0.01937701804368471,0.0,1.628001628001628e-06,19377.01804368471,False,
E03-20240320-10W,0.9059069156646729,0.841914176940918,0.7469143867492676,0.11278374493122101,0.1761758178472519,0.11268575489521027,0.1879328489303589,0.22176308929920197,0.9059069156646729,0.03413696214556694,0.1992892324924469,0.11278374493122101,0.06399273127317429,0.26607515940849275,0.039226699226699226,0.0,0.0007846967846967847,39226.699226699224,False,
E03-20240405-12W,0.8751237988471985,0.8228925466537476,0.7540697455406189,0.12514322996139526,0.18962815403938293,0.1455872803926468,0.15383748710155487,0.22528819739818573,0.8782815337181091,0.0798998773097992,0.201055109500885,0.12522494792938232,0.052231207489967346,0.26185917785917784,0.05747551214217881,0.0,0.0015248948582281916,57475.51214217881,False,
E03-20240417-14W,0.8210200071334839,0.7523889541625977,0.6377475261688232,0.15177743136882782,0.19025826454162598,0.1092149168252945,0.24055680632591248,0.2020924985408783,0.8210200071334839,0.021989993751049042,0.16605450212955475,0.15177743136882782,0.06863106787204742,0.3566153846153846,0.07392429792429793,0.0,0.006087640754307421,73924.29792429793,False,
E03-20240508-17W,0.7337397933006287,0.6868748068809509,0.5797021985054016,0.17811018228530884,0.1843518316745758,0.12834039330482483,0.21618986129760742,0.18857263028621674,0.7340763211250305,0.02673880197107792,0.14310570061206818,0.17741811275482178,0.04686503857374191,0.26640998507665176,0.03211504544837878,4.341337674671008e-06,0.08195360195360195,6012.54730639303,False,
E03-20240522-19W,0.7442213892936707,0.6865906715393066,0.5531731843948364,0.14028452336788177,0.17811889946460724,0.13188081979751587,0.27790138125419617,0.1988646388053894,0.7456755638122559,0.0341067872941494,0.21265636384487152,0.1396799236536026,0.05763077735900879,0.34929697463030795,0.08434025234025234,5.42667209333876e-07,0.004847646180979514,54671.708732741194,False,
E03-20240529-20W,0.798782229423523,0.7354893684387207,0.6113337278366089,0.12000445276498795,0.16253715753555298,0.12453383207321167,0.24642188847064972,0.1815885603427887,0.7995140552520752,0.03310716897249222,0.16954027116298676,0.12009187042713165,0.06329294294118881,0.3882404015737349,0.05150454483787817,0.0,0.010943426943426943,51504.54483787817,False,
E03-20240619-23W,0.7900047302246094,0.7061814069747925,0.5235797166824341,0.14880622923374176,0.1846519112586975,0.11958634853363037,0.35467445850372314,0.18880249559879303,0.7901253700256348,0.025657659396529198,0.1800542026758194,0.14880578219890594,0.08382327109575272,0.6506655813322479,0.08752516619183286,0.0,0.0060230633563966894,87525.16619183286,False,
E03-20240626-24W,0.7937445640563965,0.6905728578567505,0.5605441331863403,0.13736304640769958,0.17716476321220398,0.09580422192811966,0.31101757287979126,0.18976157903671265,0.7937445640563965,0.017455177381634712,0.17434684932231903,0.13736304640769958,0.10317173600196838,0.765978021978022,0.08907393840727174,0.0,0.0033607380274046942,89073.93840727174,False,
E03-20240710-26W,0.76961350440979,0.694223940372467,0.4954257309436798,0.12322384119033813,0.15952911972999573,0.12401083111763,0.37030836939811707,0.16316726803779602,0.7696135640144348,0.021700097247958183,0.15660208463668823,0.12322384864091873,0.07538961619138718,0.4957433184099851,0.06631827431827432,0.0,0.013361552028218695,66318.27431827433,False,
E03-20240724-28W,0.7953276634216309,0.6675399541854858,0.46345970034599304,0.16012459993362427,0.20184412598609924,0.1037680134177208,0.4430859684944153,0.19448359310626984,0.7953276634216309,0.020250333473086357,0.180457204580307,0.16012459993362427,0.12778770923614502,0.9635740062406729,0.13176719576719575,0.0,0.002490299823633157,131767.19576719575,False,
E03-20240807-30W,0.8924413919448853,0.7343329191207886,0.44426119327545166,0.13453716039657593,0.1978655755519867,0.10989699512720108,0.5092025995254517,0.1935289353132248,0.8924413919448853,0.029292084276676178,0.18592821061611176,0.13453716039657593,0.15810847282409668,0.8882170668837336,0.09019291819291819,0.0,0.002376339709673043,90192.9181929182,False,
E03-20240902-33W,0.8667885065078735,0.7091120481491089,0.4094269573688507,0.14527200162410736,0.20835869014263153,0.11153922230005264,0.539754331111908,0.21661213040351868,0.8667885065078735,0.026370903477072716,0.21932362020015717,0.14527200162410736,0.15767647325992584,0.9091699905033238,0.1132975172975173,0.0,0.0018852258852258851,113297.5172975173,False,
E03-20240918-36W,0.8427740931510925,0.7188069224357605,0.47869813442230225,0.14237534999847412,0.18125708401203156,0.11014865338802338,0.4430253803730011,0.164951890707016,0.8427740931510925,0.022616174072027206,0.13929061591625214,0.14237534999847412,0.12396714836359024,0.9211596798263465,0.073672500339167,0.0,0.012856328856328857,73672.500339167,False,
E04-20240110-0W,0.8707507848739624,0.8281685709953308,0.7409206628799438,0.060602396726608276,0.06487007439136505,0.10987068712711334,0.14837820827960968,0.06714355200529099,0.8707507848739624,0.008497202768921852,0.022902073338627815,0.060602396726608276,0.04258227348327637,0.1762740469407136,0.0,0.0,5.42667209333876e-07,0.0,False,
E04-20240124-2W,0.9532182812690735,0.9360381364822388,0.9167579412460327,0.06833269447088242,0.07859011739492416,0.07933292537927628,0.03884335979819298,0.08686946332454681,0.9532182812690735,0.0774185061454773,0.03159083053469658,0.06833265721797943,0.01718015782535076,0.039571292904626236,0.0,0.0,0.0,0.0,False,
E04-20240207-4W,0.8998785614967346,0.8637666702270508,0.8062094449996948,0.08747200667858124,0.09637735784053802,0.10225354135036469,0.1051766574382782,0.10399828851222992,0.8998787999153137,0.017861297354102135,0.03686882182955742,0.08747207373380661,0.03611196577548981,0.1457414190747524,1.1938678605345272e-05,0.0,0.0,11.938678605345272,False,
E04-20240221-6W,0.9295056462287903,0.909471869468689,0.8836916089057922,0.08919824659824371,0.10108663886785507,0.07960941642522812,0.050910018384456635,0.11281789839267731,0.9295056462287903,0.04954104498028755,0.043140217661857605,0.08919823914766312,0.02003377303481102,0.08255867589200923,0.0,0.0,0.0,0.0,False,
E04-20240306-8W,0.9617533683776855,0.9421402812004089,0.9039624333381653,0.062258537858724594,0.08899230509996414,0.09875844419002533,0.06248132139444351,0.11609924584627151,0.9617533683776855,0.05575999990105629,0.08812496066093445,0.062258534133434296,0.019613107666373253,0.04164916564916565,0.004659340659340659,0.0,0.0,4659.340659340659,False,
E04-20240320-10W,0.8907501101493835,0.8580014109611511,0.7944483757019043,0.11097843199968338,0.13090631365776062,0.11136467754840851,0.11291751265525818,0.15353286266326904,0.8907501101493835,0.03097108006477356,0.10535071790218353,0.11097843199968338,0.03274864703416824,0.10260697327363993,0.008258309591642926,0.0,0.0001557454890788224,8258.309591642927,False,
E04-20240405-12W,0.872938871383667,0.8665875792503357,0.8303045034408569,0.10719247907400131,0.12139305472373962,0.17129077017307281,0.05561621114611626,0.140355184674263,0.8774109482765198,0.0700371265411377,0.09416098892688751,0.10703146457672119,0.006351315416395664,0.04920255053588387,0.00695699362366029,0.0,0.000328313661646995,6956.99362366029,False,
E04-20240417-14W,0.7838357090950012,0.7465773820877075,0.663573145866394,0.11401998996734619,0.12047279626131058,0.11439088732004166,0.15597261488437653,0.12526795268058777,0.7838357090950012,0.009600678458809853,0.0759110376238823,0.11401999741792679,0.03725828975439072,0.06091439424772758,0.007784561117894451,0.0,0.0032489485822819156,7784.561117894451,False,
E04-20240508-17W,0.5884076952934265,0.577508270740509,0.49256083369255066,0.20036152005195618,0.19554860889911652,0.15147382020950317,0.1784563511610031,0.1906680166721344,0.5906711220741272,0.024138785898685455,0.0807700976729393,0.19820670783519745,0.010899331420660019,0.03476000542667209,0.019185999185999187,0.0,0.25125925925925924,19185.99918599919,False,
E04-20240522-19W,0.7251428365707397,0.7042980790138245,0.5973555445671082,0.10331402719020844,0.10807805508375168,0.14586244523525238,0.1800495982170105,0.11508981138467789,0.7272982597351074,0.02459116093814373,0.09561387449502945,0.10273733735084534,0.02084483951330185,0.06738570071903405,0.008294668294668295,2.170668837335504e-06,0.004430877764211098,2616.0626417354842,False,
E04-20240529-20W,0.8384432792663574,0.806656002998352,0.7090796232223511,0.11963342875242233,0.12367230653762817,0.13309550285339355,0.15454930067062378,0.12440983206033707,0.8394080996513367,0.02632681280374527,0.08197618275880814,0.1191561222076416,0.031787291169166565,0.16161443494776828,0.002419753086419753,0.0,0.001592728259394926,2419.7530864197533,False,
E04-20240619-23W,0.8041505813598633,0.763795793056488,0.6386227011680603,0.13231609761714935,0.1573328822851181,0.1377297043800354,0.21723824739456177,0.17001423239707947,0.805579423904419,0.029991332441568375,0.1472201943397522,0.1320399045944214,0.04035480320453644,0.2372703839370506,0.033207434540767876,0.0,0.005861348528015195,33207.43454076788,False,
E04-20240626-24W,0.8465198874473572,0.7746875882148743,0.7113205790519714,0.13336217403411865,0.16707982122898102,0.07850581407546997,0.17435650527477264,0.1878701001405716,0.8465198874473572,0.012157337740063667,0.14281658828258514,0.13336217403411865,0.0718323141336441,0.7657023470356804,0.045664360331027,0.0,0.00205670872337539,45664.360331027,False,
E04-20240710-26W,0.7735257744789124,0.7266148924827576,0.5721545219421387,0.11182001978158951,0.13839814066886902,0.130515456199646,0.2694805860519409,0.1440732479095459,0.7735261917114258,0.019386766478419304,0.11839091777801514,0.11182022839784622,0.0469108484685421,0.21843603310269977,0.027394383394383395,0.0,0.013854293854293855,27394.383394383396,False,
E04-20240724-28W,0.8209040760993958,0.7271477580070496,0.5418581366539001,0.12490429729223251,0.1586567461490631,0.11132878065109253,0.35362035036087036,0.15662942826747894,0.8209040760993958,0.016283422708511353,0.1339338719844818,0.12490429729223251,0.09375638514757156,0.9533496133496133,0.06245068511735179,0.0,0.002011667345000678,62450.685117351786,False,
E04-20240807-30W,0.8885201215744019,0.7820801734924316,0.5783985257148743,0.13841871917247772,0.1915033608675003,0.11288809776306152,0.3640650510787964,0.22259077429771423,0.8885201215744019,0.033082738518714905,0.19226667284965515,0.13841871917247772,0.10644000768661499,0.7890923890923891,0.05742341609008276,0.0,0.002879392212725546,57423.41609008276,False,
E04-20240902-33W,0.8804927468299866,0.7904896140098572,0.570448100566864,0.14023438096046448,0.19658465683460236,0.12393740564584732,0.36931923031806946,0.2189932018518448,0.8804927468299866,0.026152174919843674,0.1951669305562973,0.14023438096046448,0.09000315517187119,0.6471051417718084,0.0677595984262651,0.0,0.0032462352462352463,67759.5984262651,False,
E04-20240918-36W,0.8616774678230286,0.7713693976402283,0.5547208189964294,0.11122690141201019,0.14548075199127197,0.11779938638210297,0.3643583357334137,0.14285650849342346,0.8616774678230286,0.01689646765589714,0.1142173558473587,0.11122690141201019,0.09030808508396149,0.8722246642246643,0.0327353140686474,0.0,0.007004205670872337,32735.314068647403,False,
E05-20240110-0W,0.7826826572418213,0.7232565879821777,0.6197436451911926,0.08267246931791306,0.08460306376218796,0.10398495197296143,0.20820482075214386,0.08145548403263092,0.7826826572418213,0.008003653027117252,0.029508525505661964,0.08267246931791306,0.059426043182611465,0.8407353140686474,0.00036955636955636955,0.0,0.0001986161986161986,369.5563695563696,False,
E05-20240124-2W,0.9152557849884033,0.8863429427146912,0.8527286648750305,0.07940901070833206,0.08664114028215408,0.0880964994430542,0.06808511167764664,0.09013263881206512,0.9152557849884033,0.03582533821463585,0.030256647616624832,0.07940901070833206,0.02891279198229313,0.07007407407407408,0.0,0.0,3.4730701397368064e-05,0.0,False,
E05-20240207-4W,0.7769313454627991,0.7219485640525818,0.6417112946510315,0.10333335399627686,0.11093346774578094,0.09766051173210144,0.1762843132019043,0.11353211849927902,0.7769313454627991,0.012223840691149235,0.04577735811471939,0.10333335399627686,0.054982710629701614,0.6522599375932709,0.0001584588251254918,0.0,0.00023334690001356668,158.4588251254918,False,
E05-20240221-6W,0.8556392788887024,0.81364905834198,0.7704154253005981,0.1036597341299057,0.11538979411125183,0.08240589499473572,0.10157519578933716,0.12475021928548813,0.8556395173072815,0.02932354062795639,0.05329315364360809,0.10365975648164749,0.041990235447883606,0.44079717813051145,0.000205670872337539,0.0,0.0004455297788631122,205.670872337539,False,
E05-20240306-8W,0.9058830738067627,0.8755759000778198,0.8187201023101807,0.09636500477790833,0.11274141818284988,0.11304271221160889,0.09883124381303787,0.12333875894546509,0.9058830738067627,0.02919968217611313,0.06455229222774506,0.09636500477790833,0.0303071066737175,0.11757264957264957,0.0017848324514991181,0.0,0.0002485415818749152,1784.8324514991182,False,
E05-20240320-10W,0.8309083580970764,0.7853990197181702,0.7101649641990662,0.11767109483480453,0.13798055052757263,0.10663531720638275,0.15192387998104095,0.1574113368988037,0.8309084177017212,0.02301594242453575,0.10289014130830765,0.11767110973596573,0.04550939053297043,0.36389960656627324,0.008374440374440375,0.0,0.001571564238230905,8374.440374440375,False,
E05-20240405-12W,0.8143817186355591,0.7904087901115417,0.7424452304840088,0.11768887937068939,0.13815359771251678,0.13634788990020752,0.0946602150797844,0.15907686948776245,0.8159171938896179,0.06233890354633331,0.10974358767271042,0.11801576614379883,0.023972896859049797,0.11073341473341473,0.006758377425044091,0.0,0.0017294803961470629,6758.377425044092,False,
E05-20240417-14W,0.7566676139831543,0.7128458023071289,0.6151410937309265,0.13435503840446472,0.14577454328536987,0.11496948450803757,0.19549055397510529,0.14902018010616302,0.7566676139831543,0.01209304016083479,0.09486373513936996,0.13435503840446472,0.043821804225444794,0.21260344593677927,0.020498711165377832,0.0,0.006912494912494913,20498.711165377834,False,
E05-20240508-17W,0.5483455061912537,0.5339533686637878,0.4526461362838745,0.1169472336769104,0.11740045994520187,0.1467335820198059,0.1836691051721573,0.11778471618890762,0.5504562258720398,0.029545562341809273,0.08597344160079956,0.11654295027256012,0.01439216360449791,0.056979514312847646,0.01888698955365622,0.0,0.1423915343915344,18886.98955365622,False,
E05-20240522-19W,0.673031747341156,0.6359462738037109,0.5307517051696777,0.14301539957523346,0.15602639317512512,0.12488889694213867,0.22493064403533936,0.16364070773124695,0.6731756925582886,0.020733794197440147,0.11498630046844482,0.14315465092658997,0.03708547726273537,0.15830253696920363,0.029595441595441595,1.085334418667752e-06,0.032843304843304846,14192.180079370242,False,
E05-20240529-20W,0.8128566145896912,0.7527158856391907,0.6394344568252563,0.11837700754404068,0.13507790863513947,0.10957936197519302,0.21989309787750244,0.13760359585285187,0.8128566145896912,0.015182648785412312,0.09013564139604568,0.11837700009346008,0.06014062836766243,0.6265727852394519,0.02118844118844119,0.0,0.004370099036765703,21188.44118844119,False,
E05-20240619-23W,0.695901095867157,0.6567662358283997,0.5122828483581543,0.11608105897903442,0.12652058899402618,0.13322018086910248,0.26951345801353455,0.12585705518722534,0.6959741115570068,0.016560601070523262,0.10982463508844376,0.11611678451299667,0.03913482651114464,0.2409290462623796,0.021331705331705333,0.0,0.006699769366436033,21331.705331705332,False,
E05-20240626-24W,0.7227776646614075,0.6565417647361755,0.5505992770195007,0.1336085945367813,0.14298905432224274,0.10202944278717041,0.24750080704689026,0.1391083002090454,0.7227776646614075,0.011763498187065125,0.09734922647476196,0.1336085945367813,0.06623589247465134,0.7703416090082756,0.03614000814000814,0.0,0.006277031610364944,36140.00814000814,False,
E05-20240710-26W,0.688050389289856,0.6491241455078125,0.49075281620025635,0.1132361888885498,0.12269892543554306,0.13309015333652496,0.2927877604961395,0.11427189409732819,0.6880517601966858,0.012993943877518177,0.07637300342321396,0.113236203789711,0.03892623633146286,0.12053561253561254,0.016967032967032968,0.0,0.012889974223307557,16967.032967032967,False,
E05-20240724-28W,0.686957061290741,0.6044570803642273,0.43051764369010925,0.11230543255805969,0.12514156103134155,0.11176797747612,0.38365429639816284,0.11686143279075623,0.686957061290741,0.012396124191582203,0.09908492863178253,0.11230543255805969,0.08250004798173904,0.9944740198073532,0.047699905033238364,0.0,0.009367521367521368,47699.90503323836,False,
E05-20240807-30W,0.7531655430793762,0.6865581274032593,0.5414685010910034,0.12388481944799423,0.1407354474067688,0.11698376387357712,0.28812330961227417,0.136977881193161,0.7531655430793762,0.04346846044063568,0.0982954278588295,0.12388481944799423,0.06660740822553635,0.6431295617962285,0.03563044363044363,0.0,0.006642789309455976,35630.44363044363,False,
E05-20240902-33W,0.8469743728637695,0.7690936326980591,0.5547019839286804,0.11106891185045242,0.14208362996578217,0.12347041815519333,0.35228294134140015,0.1515141874551773,0.8469743728637695,0.01882338710129261,0.12647244334220886,0.11106891185045242,0.07788074761629105,0.7179579432912766,0.026460995794329128,0.0,0.0013838013838013837,26460.99579432913,False,
E05-20240918-36W,0.7816236019134521,0.7127953171730042,0.5143857598304749,0.12215729057788849,0.13492603600025177,0.12234348803758621,0.34811973571777344,0.12098520249128342,0.7816236019134521,0.013552993535995483,0.0803774818778038,0.12215729057788849,0.06882825493812561,0.8814581467914802,0.02385293718627052,0.0,0.011075837742504408,23852.937186270523,False,
E06-20240110-0W,0.9191238880157471,0.8621369004249573,0.7623215913772583,0.07879414409399033,0.08665845543146133,0.10463575273752213,0.17134183645248413,0.08997833728790283,0.9191238880157471,0.010631122626364231,0.03427380695939064,0.07879414409399033,0.056986939162015915,0.7510991724325058,0.0003478496811830145,0.0,0.00013512413512413514,347.8496811830145,False,
E06-20240124-2W,0.9527289271354675,0.931072473526001,0.8994024991989136,0.07221617549657822,0.08490898460149765,0.10172782093286514,0.056895315647125244,0.09213560819625854,0.9527289271354675,0.04941347613930702,0.034090470522642136,0.07221617549657822,0.021656455472111702,0.045200922534255866,0.0,0.0,3.798670465337132e-05,0.0,False,
E06-20240207-4W,0.877583920955658,0.8279359936714172,0.7385468482971191,0.09868397563695908,0.10523682832717896,0.10555926710367203,0.1596813201904297,0.1061805859208107,0.877583920955658,0.01113851647824049,0.035608164966106415,0.0986839309334755,0.04964786022901535,0.4669086962420296,2.71333604666938e-05,0.0,0.0003440510107176774,27.1333604666938,False,
E06-20240221-6W,0.9267852306365967,0.8995707631111145,0.8593953251838684,0.09383269399404526,0.10527960956096649,0.10054429620504379,0.07419880479574203,0.11214789003133774,0.9267852306365967,0.040845856070518494,0.038928255438804626,0.09383269399404526,0.027214618399739265,0.19378428978428977,1.2481345814679148e-05,0.0,0.00040862840862840864,12.481345814679148,False,
E06-20240306-8W,0.9359799027442932,0.914495050907135,0.8605247139930725,0.08777585625648499,0.09794925898313522,0.12497339397668839,0.08188775181770325,0.10368222743272781,0.9359799027442932,0.029761558398604393,0.03412509709596634,0.08777585625648499,0.02148497849702835,0.0384669651336318,0.0002235788902455569,0.0,7.326007326007326e-05,223.57889024555692,False,
E06-20240320-10W,0.9034734964370728,0.8728222250938416,0.808515727519989,0.10861343890428543,0.11709355562925339,0.11482042819261551,0.10714942216873169,0.12159914523363113,0.9034734964370728,0.024707304313778877,0.03756091743707657,0.10861343890428543,0.030651265755295753,0.0393992673992674,0.00034730701397368065,0.0,0.0003972323972323972,347.3070139736807,False,
E06-20240405-12W,0.8235161900520325,0.8114410638809204,0.771673321723938,0.10482137650251389,0.10561186075210571,0.13093875348567963,0.06312530487775803,0.10720931738615036,0.8241077065467834,0.02743612229824066,0.026270853355526924,0.10486941784620285,0.012075163424015045,0.00202306335639669,0.0005464658797992132,0.0,0.0001899335232668566,546.4658797992132,False,
E06-20240417-14W,0.7535353302955627,0.7173118591308594,0.6229317784309387,0.10737938433885574,0.10813870280981064,0.11837808042764664,0.17497171461582184,0.10527386516332626,0.7535353302955627,0.006578781176358461,0.03711884468793869,0.10737938433885574,0.03622348606586456,0.01821082621082621,0.0007027540360873694,0.0,0.001414190747524081,702.7540360873694,False,
E06-20240508-17W,0.6188549995422363,0.6056045293807983,0.5206868052482605,0.11241479218006134,0.1086103692650795,0.14317470788955688,0.16076642274856567,0.10539816319942474,0.6192753911018372,0.019063761457800865,0.03322739899158478,0.11242631077766418,0.013250408694148064,0.01633428300094967,0.0009089675756342423,5.42667209333876e-07,0.0385999185999186,589.2181866150735,False,
E06-20240522-19W,0.6810358166694641,0.6489311456680298,0.5357764959335327,0.13763819634914398,0.14705590903759003,0.13049274682998657,0.22425231337547302,0.14622962474822998,0.6810497045516968,0.014939991757273674,0.10906775295734406,0.13763821125030518,0.03210468217730522,0.07435409035409035,0.023974494641161307,0.0,0.021910731244064577,23974.49464116131,False,
E06-20240529-20W,0.7994663119316101,0.7590885162353516,0.653386116027832,0.12270333617925644,0.12661264836788177,0.12311665713787079,0.18501394987106323,0.12335600703954697,0.7997548580169678,0.02327868901193142,0.06943856924772263,0.12250544130802155,0.04037775471806526,0.3504702211368878,0.011541988875322208,0.0,0.006160900827567494,11541.98887532221,False,
E06-20240619-23W,0.7387155294418335,0.6865828037261963,0.5246124267578125,0.1262034922838211,0.13440288603305817,0.1264229267835617,0.29650071263313293,0.12762944400310516,0.7387209534645081,0.016399826854467392,0.09370436519384384,0.12620145082473755,0.052132684737443924,0.5436174196174196,0.021340930674264007,0.0,0.0033943833943833944,21340.930674264007,False,
E06-20240626-24W,0.6682626605033875,0.5953566431999207,0.4928673207759857,0.12057618051767349,0.12990111112594604,0.095970019698143,0.271749347448349,0.12658701837062836,0.6682626605033875,0.01300057116895914,0.09958264976739883,0.12057618051767349,0.07290604710578918,0.9787708587708588,0.03536670736670737,0.0,0.024036901370234703,35366.70736670737,False,
E06-20240710-26W,0.7029629349708557,0.6616415977478027,0.4912278652191162,0.13095003366470337,0.13996349275112152,0.133550226688385,0.3082062005996704,0.12754638493061066,0.7029630541801453,0.015070849098265171,0.0861709788441658,0.13095003366470337,0.04132145270705223,0.1390324243657577,0.020163342830009496,0.0,0.018811016144349477,20163.342830009497,False,
E06-20240724-28W,0.7046393752098083,0.6168395280838013,0.4303779602050781,0.10673084110021591,0.11746446043252945,0.11197900027036667,0.3957972526550293,0.10678974539041519,0.7046393752098083,0.013543397188186646,0.08740444481372833,0.10673084110021591,0.08779994398355484,0.9936187762854429,0.03535911002577669,0.0,0.006461538461538461,35359.110025776696,False,
E06-20240807-30W,0.7811938524246216,0.7101958990097046,0.542488157749176,0.1199314072728157,0.13441768288612366,0.11929895728826523,0.30995070934295654,0.12503288686275482,0.7811951637268066,0.045556433498859406,0.08424030989408493,0.11992707848548889,0.07099797576665878,0.6934510921177588,0.021627458960792295,0.0,0.00736996336996337,21627.458960792297,False,
E06-20240902-33W,0.832843005657196,0.747530460357666,0.5518382787704468,0.12452934682369232,0.1518968790769577,0.11576451361179352,0.3466785252094269,0.14948713779449463,0.832843005657196,0.018294937908649445,0.11605501174926758,0.12452934682369232,0.085312619805336,0.9837845611178945,0.0432326685660019,0.0,0.0015607108940442274,43232.6685660019,False,
E06-20240918-36W,0.7899790406227112,0.7082211971282959,0.48773375153541565,0.10927468538284302,0.12368837743997574,0.11986354738473892,0.38637641072273254,0.10487858206033707,0.7899790406227112,0.014452716335654259,0.07615773379802704,0.10927468538284302,0.08175782859325409,0.9898222764889432,0.026377967711301045,0.0,0.010455569122235789,26377.967711301048,False,
F01-20240110-0W,0.8656937479972839,0.7958760857582092,0.662466824054718,0.05789093300700188,0.06610730290412903,0.10783781111240387,0.2348552793264389,0.0731300562620163,0.8656937479972839,0.006748321000486612,0.034553248435258865,0.05789093300700188,0.0698176920413971,0.9495438882105549,1.085334418667752e-06,0.0,1.5737349070682402e-05,1.085334418667752,False,
F01-20240124-2W,0.8934696316719055,0.8406346440315247,0.7820068001747131,0.07317506521940231,0.07775170356035233,0.08733577281236649,0.12395704537630081,0.07961522787809372,0.8934696316719055,0.020537391304969788,0.031316258013248444,0.07317506521940231,0.05283506214618683,0.6970522317188984,0.0,0.0,5.969339302672636e-06,0.0,False,
F01-20240207-4W,0.7446872591972351,0.6631433963775635,0.5479462742805481,0.08888807147741318,0.09245944023132324,0.0954974815249443,0.2665574848651886,0.09482267498970032,0.7446872591972351,0.0069639128632843494,0.047972824424505234,0.08888807147741318,0.08154385536909103,0.9868229548229548,1.085334418667752e-05,0.0,2.5505358838692173e-05,10.853344186677521,False,
F01-20240221-6W,0.8453818559646606,0.7760219573974609,0.707359254360199,0.08190812915563583,0.08616065233945847,0.08139502257108688,0.16331243515014648,0.0884382426738739,0.8453818559646606,0.012895775027573109,0.03252660110592842,0.08190812915563583,0.06935984641313553,0.964334825668159,0.0,0.0,1.5737349070682402e-05,0.0,False,
F01-20240306-8W,0.9557325839996338,0.9384044408798218,0.905375599861145,0.061017896980047226,0.07775955647230148,0.0974268764257431,0.054449111223220825,0.10190557688474655,0.9557327628135681,0.054881878197193146,0.05892148241400719,0.06101786717772484,0.017328139394521713,0.07222357889024555,0.0,0.0,2.71333604666938e-06,0.0,False,
F01-20240320-10W,0.8943841457366943,0.8677211999893188,0.8162831664085388,0.09231670945882797,0.10819465667009354,0.1107935681939125,0.09057039767503738,0.1311493217945099,0.8943849802017212,0.02989323064684868,0.07434520125389099,0.09231686592102051,0.02666298672556877,0.07490055623388957,0.0010571157237823905,0.0,5.698005698005698e-05,1057.1157237823907,False,
F01-20240405-12W,0.8636268973350525,0.8516585230827332,0.8141317963600159,0.10163245350122452,0.11555634438991547,0.15463224053382874,0.06402077525854111,0.13283203542232513,0.8673005104064941,0.07670655101537704,0.06555847078561783,0.10270906239748001,0.011968369595706463,0.10099199565866232,0.0002691629358296025,0.0,8.628408628408628e-05,269.1629358296025,False,
F01-20240417-14W,0.7895234227180481,0.7567118406295776,0.6692996025085449,0.12287041544914246,0.13348819315433502,0.12081369012594223,0.1587056666612625,0.14296485483646393,0.7895234227180481,0.011398409493267536,0.07201143354177475,0.12287043780088425,0.03281155228614807,0.12106091439424772,0.003172432505765839,0.0,0.0010131596798263465,3172.4325057658393,False,
F01-20240508-17W,0.6587937474250793,0.6537960767745972,0.5706568360328674,0.11421816796064377,0.12505316734313965,0.15955667197704315,0.1451193243265152,0.12273790687322617,0.6641156077384949,0.031629208475351334,0.0564633309841156,0.11723870038986206,0.00499768927693367,0.015646723646723648,0.0011965811965811966,1.085334418667752e-06,0.028118301451634783,573.8078199206298,False,
F01-20240522-19W,0.7352449893951416,0.7128821015357971,0.6167206764221191,0.16024620831012726,0.1691775768995285,0.13689225912094116,0.17265768349170685,0.17478662729263306,0.7354696989059448,0.016683587804436684,0.09017501771450043,0.1602095663547516,0.022362863644957542,0.063668430335097,0.007059557726224393,5.42667209333876e-07,0.027644010310676977,4576.202620701786,False,
F01-20240529-20W,0.7117346525192261,0.6824477910995483,0.5892984867095947,0.12117136269807816,0.11473982781171799,0.1302344650030136,0.1715998500585556,0.10950077325105667,0.7122623920440674,0.02196291647851467,0.05179360508918762,0.121001236140728,0.029286900535225868,0.09750156016822684,0.0012850359517026183,0.0,0.002437118437118437,1285.0359517026184,False,
F01-20240619-23W,0.6904838681221008,0.6469336152076721,0.4955401122570038,0.11951381713151932,0.12167701125144958,0.131015345454216,0.2861032783985138,0.11704474687576294,0.691012442111969,0.01705806702375412,0.0876786857843399,0.11958067119121552,0.043550193309783936,0.37786894586894587,0.008725003391670058,0.0,0.006908153574820241,8725.003391670058,False,
F01-20240626-24W,0.7988945841789246,0.7472897171974182,0.6477277278900146,0.14167295396327972,0.15394216775894165,0.10953176021575928,0.1979788988828659,0.15793077647686005,0.7988945841789246,0.01149915810674429,0.08859161287546158,0.14167295396327972,0.051604852080345154,0.4604498711165378,0.01008329941663275,0.0,0.007588658255324922,10083.29941663275,False,
F01-20240710-26W,0.6891065835952759,0.6590844988822937,0.49167579412460327,0.13325177133083344,0.14140111207962036,0.1415599286556244,0.29332396388053894,0.13063757121562958,0.6891666650772095,0.014378284104168415,0.09020856022834778,0.13325832784175873,0.030022012069821358,0.11951811151811152,0.009000135666802333,0.0,0.019118165784832452,9000.135666802335,False,
F01-20240724-28W,0.7043322324752808,0.6264943480491638,0.4466981291770935,0.10758603364229202,0.12094833701848984,0.11548997461795807,0.3743486702442169,0.11829421669244766,0.7043322324752808,0.010799641720950603,0.10610734671354294,0.10758603364229202,0.07783794403076172,0.9195588115588116,0.03230552163885497,0.0,0.0036396689730023063,32305.521638854974,False,
F01-20240807-30W,0.7644253373146057,0.68514084815979,0.5060985088348389,0.1135062724351883,0.11905322968959808,0.11773989349603653,0.33921852707862854,0.1199037954211235,0.7644253373146057,0.017533302307128906,0.10781823098659515,0.1135062724351883,0.07928451895713806,0.6458298738298738,0.016966490299823632,0.0,0.0008042328042328043,16966.490299823632,False,
F01-20240902-33W,0.8512938618659973,0.7722351551055908,0.5442972779273987,0.10669724643230438,0.13427740335464478,0.1257937252521515,0.36626285314559937,0.16266994178295135,0.8512938618659973,0.015592864714562893,0.14919276535511017,0.10669724643230438,0.0790586769580841,0.7090359517026184,0.016483516483516484,0.0,0.000148690815357482,16483.516483516483,False,
F01-20240918-36W,0.8214027881622314,0.7568903565406799,0.5565991997718811,0.09737786650657654,0.11598563194274902,0.12558375298976898,0.32712578773498535,0.11796563118696213,0.8214027881622314,0.011889620684087276,0.08930899947881699,0.09737786650657654,0.06451234966516495,0.6360868267534934,0.011320037986704654,0.0,0.0017316510649843984,11320.037986704654,False,
F02-20240110-0W,0.9214628338813782,0.8724009394645691,0.7656594514846802,0.04768121987581253,0.053866736590862274,0.11269044131040573,0.16829118132591248,0.060427989810705185,0.9214628338813782,0.008088204078376293,0.028224291279911995,0.04768121987581253,0.049061842262744904,0.48066910866910867,0.0,0.0,0.0,0.0,False,
F02-20240124-2W,0.9231417775154114,0.8886779546737671,0.8447765111923218,0.07211499661207199,0.08278968930244446,0.09496665000915527,0.08507371693849564,0.08844861388206482,0.9231417775154114,0.034182265400886536,0.03384797275066376,0.07211499661207199,0.03446388989686966,0.21537159137159137,0.0,0.0,0.0,0.0,False,
F02-20240207-4W,0.7905594706535339,0.7179262042045593,0.6096374988555908,0.08458679169416428,0.08712988346815109,0.09784451127052307,0.2295801043510437,0.08835164457559586,0.7905594706535339,0.007328031584620476,0.03811684623360634,0.08458679169416428,0.07263325154781342,0.9535921855921856,0.0,0.0,7.597340930674264e-06,0.0,False,
F02-20240221-6W,0.9097030162811279,0.8674947619438171,0.8198373913764954,0.07259588688611984,0.08273713290691376,0.08988317102193832,0.09895393997430801,0.0878060832619667,0.9097030162811279,0.02595740742981434,0.030364347621798515,0.07259588688611984,0.04220828413963318,0.39124026590693256,0.0,0.0,0.0,0.0,False,
F02-20240306-8W,0.9713996648788452,0.954448401927948,0.9138127565383911,0.048638489097356796,0.056507132947444916,0.11940789222717285,0.05911945551633835,0.06297707557678223,0.97139972448349,0.034501660615205765,0.030945757403969765,0.0486384816467762,0.016951320692896843,0.0033341473341473343,0.0002740469407136074,0.0,0.0,274.0469407136074,False,
F02-20240320-10W,0.86235111951828,0.8187842965126038,0.746202290058136,0.10226668417453766,0.11162896454334259,0.10479457676410675,0.13703607022762299,0.11905210465192795,0.86235111951828,0.017519457265734673,0.04652651026844978,0.10226668417453766,0.043566856533288956,0.336653371320038,0.0005936779270112603,0.0,2.279202279202279e-05,593.6779270112603,False,
F02-20240405-12W,0.8118758201599121,0.7921634912490845,0.7438462376594543,0.0971037745475769,0.0997578576207161,0.11739855259656906,0.08386768400669098,0.10321364551782608,0.8118898272514343,0.013326359912753105,0.03664104640483856,0.09709963202476501,0.019712382927536964,0.00815954415954416,0.0015248948582281916,0.0,5.155338488671822e-05,1524.8948582281917,False,
F02-20240417-14W,0.7836240530014038,0.7435972094535828,0.6525817513465881,0.09700263291597366,0.09876430779695511,0.11369664967060089,0.1682865172624588,0.09813632071018219,0.7836240530014038,0.006366306450217962,0.03853675350546837,0.09700263291597366,0.04002689942717552,0.038767060100393436,0.0020458553791887126,0.0,0.0013105413105413105,2045.8553791887127,False,
F02-20240508-17W,0.7273232936859131,0.7074147462844849,0.6205273270606995,0.1238923892378807,0.13534748554229736,0.1353917270898819,0.15057623386383057,0.12936268746852875,0.7273889780044556,0.023564331233501434,0.06002973020076752,0.1239483579993248,0.01990848407149315,0.03383530050196717,0.0063644010310676975,5.42667209333876e-07,0.006144078144078144,4125.582622460645,False,
F02-20240522-19W,0.7894347906112671,0.7648849487304688,0.6775460839271545,0.14288662374019623,0.15732628107070923,0.13111381232738495,0.15216395258903503,0.170588880777359,0.7898935079574585,0.033102430403232574,0.09679706394672394,0.14278936386108398,0.024549853056669235,0.06507556640889975,0.016273504273504272,0.0,0.007726495726495726,16273.504273504273,False,
F02-20240529-20W,0.7980020642280579,0.7568948864936829,0.6409827470779419,0.1236787885427475,0.12249455600976944,0.12522229552268982,0.19656935334205627,0.11819329112768173,0.7982146143913269,0.02044288069009781,0.0686817392706871,0.12342569977045059,0.041107211261987686,0.34081725681725683,0.0029971509971509973,0.0,0.00982987382987383,2997.1509971509972,False,
F02-20240619-23W,0.7220742106437683,0.6709710359573364,0.5114256143569946,0.12893103063106537,0.13956734538078308,0.12697529792785645,0.29970261454582214,0.13614240288734436,0.7220807075500488,0.015792621299624443,0.11005409061908722,0.12892509996891022,0.051103148609399796,0.4278062678062678,0.03719278252611586,0.0,0.008995794329127662,37192.782526115865,False,
F02-20240626-24W,0.8066585063934326,0.7343396544456482,0.6050461530685425,0.1534329503774643,0.1786017119884491,0.10817202180624008,0.2655589282512665,0.18453890085220337,0.8066585063934326,0.019026421010494232,0.13084127008914948,0.1534329503774643,0.0723189041018486,0.7611705331705332,0.048500339167005836,0.0,0.007840998507665174,48500.33916700584,False,
F02-20240710-26W,0.6923860907554626,0.645526647567749,0.4688120484352112,0.14749674499034882,0.16462646424770355,0.1308729201555252,0.3373904526233673,0.1506199687719345,0.6923860907554626,0.018484095111489296,0.11777612566947937,0.1474967896938324,0.04685937240719795,0.25017446750780087,0.06674535341202008,0.0,0.021508614841948177,66745.35341202008,False,
F02-20240724-28W,0.7306521534919739,0.6369287967681885,0.43622732162475586,0.12256281077861786,0.1419392079114914,0.11222106963396072,0.4135848581790924,0.12964671850204468,0.7306521534919739,0.014740152284502983,0.11111871898174286,0.12256281077861786,0.09372342377901077,0.9860643060643061,0.06941202007868674,0.0,0.00771021571021571,69412.02007868675,False,
F02-20240807-30W,0.8081636428833008,0.7161343097686768,0.5255318880081177,0.12486948817968369,0.1487995684146881,0.11287572979927063,0.3546155095100403,0.14018231630325317,0.8081636428833008,0.022268425673246384,0.11661269515752792,0.12486948817968369,0.09202935546636581,0.8768845475512143,0.041513498846832184,0.0,0.013902591235924569,41513.49884683218,False,
F02-20240902-33W,0.8687865138053894,0.7902754545211792,0.6060777902603149,0.13037775456905365,0.1761101335287094,0.1200939267873764,0.3148162364959717,0.18886932730674744,0.8687865138053894,0.024141471832990646,0.1570601612329483,0.13037775456905365,0.07851101458072662,0.5407391127391128,0.057359924026590695,0.0,0.006444715778049111,57359.9240265907,False,
F02-20240918-36W,0.8404696583747864,0.7475053668022156,0.5205601453781128,0.1181357279419899,0.1393211930990219,0.11703895032405853,0.38536372780799866,0.12647168338298798,0.8404696583747864,0.015648962929844856,0.09980319440364838,0.1181357279419899,0.09296433627605438,0.991982091982092,0.03388576855243522,0.0,0.021736535069868404,33885.76855243522,False,
F03-20240110-0W,0.9466549754142761,0.9094468951225281,0.8184685707092285,0.05443756282329559,0.06302916258573532,0.11765085905790329,0.1353149265050888,0.07011795043945312,0.9466549754142761,0.012759503908455372,0.029835864901542664,0.05443756282329559,0.03720802068710327,0.1384105277438611,0.00037444037444037446,0.0,0.00038800705467372133,374.44037444037446,False,
F03-20240124-2W,0.954177737236023,0.9323808550834656,0.9050058126449585,0.06789617985486984,0.07821480184793472,0.08944732695817947,0.05190378427505493,0.08519050478935242,0.954177737236023,0.047492001205682755,0.03350986912846565,0.06789613515138626,0.02179683931171894,0.04130348663681997,0.0,0.0,4.884004884004884e-05,0.0,False,
F03-20240207-4W,0.8841063380241394,0.8356385827064514,0.7534801959991455,0.08724095672369003,0.09529710561037064,0.1034170389175415,0.14866578578948975,0.10449407994747162,0.8841063380241394,0.013764319941401482,0.05360109359025955,0.08724093437194824,0.04846786707639694,0.4072760819427486,0.00035110568443901777,0.0,0.0006197259530592864,351.1056844390178,False,
F03-20240221-6W,0.94803386926651,0.9194121956825256,0.879998505115509,0.06983693689107895,0.09537233412265778,0.08639486134052277,0.07272983342409134,0.126333549618721,0.94803386926651,0.048019252717494965,0.10244279354810715,0.06983693689107895,0.028621651232242584,0.06292551892551893,0.0004140550807217474,0.0,0.00021164021164021165,414.0550807217474,False,
F03-20240306-8W,0.9734285473823547,0.9182668328285217,0.8316194415092468,0.055455826222896576,0.13977618515491486,0.1090976819396019,0.1510290503501892,0.21262386441230774,0.9734285473823547,0.05224591866135597,0.20221680402755737,0.055455781519412994,0.05516169220209122,0.23024338624338625,0.01881969881969882,0.0,5.42667209333876e-07,18819.69881969882,False,
F03-20240320-10W,0.9305122494697571,0.8643451929092407,0.7642279267311096,0.07941211014986038,0.15069492161273956,0.1132720485329628,0.18472076952457428,0.2129761278629303,0.9305122494697571,0.029432572424411774,0.20546451210975647,0.07941211014986038,0.06616704910993576,0.26153412020078687,0.028832451499118165,0.0,8.519875186541854e-05,28832.451499118168,False,
F03-20240405-12W,0.8485753536224365,0.7956883311271667,0.7245003581047058,0.09371045231819153,0.14957447350025177,0.1355288028717041,0.15045911073684692,0.1930689513683319,0.850166380405426,0.04999542236328125,0.2027655690908432,0.09404552727937698,0.05288701504468918,0.24260588793922128,0.038767060100393436,0.0,0.0019232125898792567,38767.060100393435,False,
F03-20240417-14W,0.8031231164932251,0.7361379861831665,0.6115381121635437,0.11015963554382324,0.14441564679145813,0.11255131661891937,0.2477174699306488,0.16540049016475677,0.8031231164932251,0.016182176768779755,0.15727943181991577,0.11015963554382324,0.06698517501354218,0.3010359517026184,0.04413349613349613,0.0,0.0015807895807895807,44133.49613349613,False,
F03-20240508-17W,0.7691710591316223,0.7101077437400818,0.5768840312957764,0.10228539258241653,0.13252051174640656,0.12266872078180313,0.25532808899879456,0.14844265580177307,0.7691710591316223,0.02086278796195984,0.1547633409500122,0.10228538513183594,0.0590633898973465,0.27107149640482975,0.04708126441459775,0.0,0.003168091168091168,47081.264414597754,False,
F03-20240522-19W,0.8424966931343079,0.7900314927101135,0.6700252890586853,0.1654779314994812,0.19677972793579102,0.12112655490636826,0.21647454798221588,0.23231986165046692,0.842604398727417,0.045479170978069305,0.1942422091960907,0.16535541415214539,0.05246521905064583,0.23162718762718762,0.03588766788766789,2.71333604666938e-06,0.00495346628679962,9664.535457235761,False,
F03-20240529-20W,0.7441367506980896,0.6982693672180176,0.5862151384353638,0.17178747057914734,0.16986048221588135,0.13968633115291595,0.2134592980146408,0.16383019089698792,0.7471884489059448,0.04112162068486214,0.15053676068782806,0.16945818066596985,0.04586739093065262,0.2718480531813865,0.049480396147062816,0.0,0.0120336453669787,49480.39614706282,False,
F03-20240619-23W,0.80687016248703,0.7335516214370728,0.5470899343490601,0.12166935205459595,0.14443522691726685,0.1234615221619606,0.32729655504226685,0.15394218266010284,0.80687016248703,0.01806986704468727,0.15300102531909943,0.12166935950517654,0.07331857830286026,0.5610283543616877,0.04185863519196852,0.0,0.0023426943426943427,41858.635191968526,False,
F03-20240626-24W,0.7760668992996216,0.6964758038520813,0.5808694958686829,0.15951743721961975,0.18536168336868286,0.10148662328720093,0.270126074552536,0.1987360119819641,0.7760668992996216,0.016522077843546867,0.1731368601322174,0.15951743721961975,0.07959102094173431,0.5367125220458554,0.07124732058065392,0.0,0.004904083570750237,71247.32058065392,False,
F03-20240710-26W,0.7422196865081787,0.6786143183708191,0.49231424927711487,0.13291287422180176,0.16053952276706696,0.12723641097545624,0.3486452102661133,0.15759499371051788,0.7422196865081787,0.021164366975426674,0.1466815322637558,0.13291287422180176,0.06360548734664917,0.35048867182200516,0.06694288427621761,0.0,0.011511056844390178,66942.88427621762,False,
F03-20240724-28W,0.8131736516952515,0.7013624310493469,0.4997091591358185,0.10630513727664948,0.14301566779613495,0.10791376978158951,0.39651837944984436,0.14852385222911835,0.8131736516952515,0.014639806002378464,0.14107631146907806,0.10630513727664948,0.11181119084358215,0.999712386379053,0.05853371320037987,0.0,0.0010918464251797584,58533.71320037987,False,
F03-20240807-30W,0.863074541091919,0.7483494877815247,0.5169112086296082,0.12478630244731903,0.16755132377147675,0.11630528420209885,0.40485334396362305,0.18255822360515594,0.863074541091919,0.024399977177381516,0.18323278427124023,0.12478630244731903,0.1147250309586525,0.7692671279337946,0.05033129833129833,0.0,0.003310269976936644,50331.298331298334,False,
F03-20240902-33W,0.8981572985649109,0.7878719568252563,0.5250453948974609,0.11539129167795181,0.18135285377502441,0.12263225764036179,0.4226714074611664,0.21488304436206818,0.8981572985649109,0.025232911109924316,0.21502172946929932,0.11539129167795181,0.11028534919023514,0.6752489485822819,0.0646376339709673,0.0,0.0010533170533170533,64637.63397096731,False,
F03-20240918-36W,0.8568499088287354,0.7614670991897583,0.5419931411743164,0.105162113904953,0.1431693136692047,0.11669856309890747,0.3756093382835388,0.14466488361358643,0.8568499088287354,0.017330661416053772,0.12388046085834503,0.105162113904953,0.09538279473781586,0.9461706688373355,0.04205887939221273,0.0,0.002601003934337268,42058.87939221273,False,
F04-20240110-0W,0.9390418529510498,0.905871570110321,0.8172034621238708,0.0571453720331192,0.06404154747724533,0.11996077746152878,0.12936177849769592,0.06943760812282562,0.9390418529510498,0.011211240664124489,0.02923385053873062,0.0571453720331192,0.033170249313116074,0.03581603581603582,0.00036738570071903403,0.0,0.0,367.38570071903405,False,
F04-20240124-2W,0.9340982437133789,0.9100410342216492,0.8849453330039978,0.08612652122974396,0.09991265833377838,0.080037921667099,0.05411608889698982,0.10875657200813293,0.9340989589691162,0.04830026626586914,0.0423138365149498,0.0861264318227768,0.02405715547502041,0.17701912901912903,0.0004791751458418125,0.0,0.000205670872337539,479.17514584181254,False,
F04-20240207-4W,0.8522103428840637,0.8129367828369141,0.7515326738357544,0.11190036684274673,0.12213154137134552,0.10108036547899246,0.12138817459344864,0.13132192194461823,0.8522104024887085,0.014559520408511162,0.053371962159872055,0.11190039664506912,0.039273545145988464,0.20773355040021707,0.0012188305521638855,0.0,5.9150725817392484e-05,1218.8305521638856,False,
F04-20240221-6W,0.9333553910255432,0.9134470224380493,0.8923460841178894,0.08701155334711075,0.10586529970169067,0.07405517995357513,0.046696700155735016,0.12083058059215546,0.9333553910255432,0.08219289779663086,0.0547589547932148,0.08701157569885254,0.01990833505988121,0.04135504002170669,7.597340930674264e-06,0.0,0.0,7.597340930674264,False,
F04-20240306-8W,0.9594011902809143,0.9296618103981018,0.8837210536003113,0.07250301539897919,0.1205410435795784,0.09918368607759476,0.08519910275936127,0.15944594144821167,0.9594011902809143,0.056731171905994415,0.1275438517332077,0.07250301539897919,0.029739389196038246,0.12589879256545924,0.006984126984126984,0.0,0.0,6984.126984126984,False,
F04-20240320-10W,0.8963653445243835,0.8234848976135254,0.7297043800354004,0.11081302165985107,0.18339619040489197,0.10469292104244232,0.20038597285747528,0.2357577383518219,0.8963653445243835,0.03309465944766998,0.21558023989200592,0.11081302165985107,0.07288049161434174,0.30980274046940715,0.050756206756206755,0.0,2.6590693257359923e-05,50756.20675620676,False,
F04-20240405-12W,0.8118538856506348,0.7519465088844299,0.6770131587982178,0.11905631422996521,0.18232601881027222,0.14483791589736938,0.18183434009552002,0.22445210814476013,0.8145096302032471,0.0658363476395607,0.2197079360485077,0.12042149156332016,0.05990733578801155,0.30093610093610096,0.06984018450685117,0.0,0.00023009089675756343,69840.18450685118,False,
F04-20240417-14W,0.746155858039856,0.6688833236694336,0.5494402647018433,0.14434275031089783,0.18109840154647827,0.10547110438346863,0.28328222036361694,0.19401812553405762,0.746155858039856,0.01962137222290039,0.17256224155426025,0.1443428099155426,0.07727251946926117,0.43119522452855785,0.09463899063899064,0.0,0.01165432098765432,94638.99063899065,False,
F04-20240508-17W,0.738166868686676,0.6761829853057861,0.5474214553833008,0.1455329805612564,0.18493737280368805,0.12472963333129883,0.2778182923793793,0.20059776306152344,0.7381832599639893,0.030367879197001457,0.1893119066953659,0.1455335021018982,0.06198391318321228,0.3811580518247185,0.0898342151675485,0.0,0.010588522588522588,89834.21516754851,False,
F04-20240522-19W,0.8422922492027283,0.764103353023529,0.6125112175941467,0.13424549996852875,0.18602533638477325,0.1273687183856964,0.2867009937763214,0.21267077326774597,0.8435059785842896,0.03591839224100113,0.20994092524051666,0.13404250144958496,0.07818885147571564,0.394364943698277,0.06764943698277032,0.0,0.001037037037037037,67649.43698277032,False,
F04-20240529-20W,0.7458734512329102,0.6874108910560608,0.5711540579795837,0.12121737003326416,0.16508539021015167,0.13426202535629272,0.25032839179039,0.18430063128471375,0.7491215467453003,0.0455208458006382,0.1841963231563568,0.12165740132331848,0.05846254900097847,0.37562067562067564,0.0754345407678741,0.0,0.01293664360331027,75434.5407678741,False,
F04-20240619-23W,0.7589176297187805,0.6811538338661194,0.5065703988075256,0.14088501036167145,0.18242891132831573,0.12224908173084259,0.35150259733200073,0.1945578157901764,0.7589212656021118,0.0258027296513319,0.19439515471458435,0.14088685810565948,0.07776377350091934,0.502654185320852,0.09827594627594628,0.0,0.00878958078958079,98275.94627594629,False,
F04-20240626-24W,0.7435229420661926,0.6488064527511597,0.5140907764434814,0.12939399480819702,0.17556191980838776,0.10195010900497437,0.3295510411262512,0.18950308859348297,0.7435229420661926,0.021426759660243988,0.18757173418998718,0.12939399480819702,0.09471643716096878,0.6606951566951567,0.11834812101478769,0.0,0.004075430742097408,118348.12101478768,False,
F04-20240710-26W,0.6756249070167542,0.6027523875236511,0.4267160892486572,0.1277434527873993,0.15872663259506226,0.1216149628162384,0.38217753171920776,0.15386487543582916,0.6756249070167542,0.024737760424613953,0.16241465508937836,0.1277434527873993,0.07287242263555527,0.49142260208926875,0.10880694614027947,0.0,0.025910188576855245,108806.94614027947,False,
F04-20240724-28W,0.7713311910629272,0.6447334289550781,0.44602149724960327,0.14059732854366302,0.17954978346824646,0.10243634134531021,0.43982458114624023,0.16866865754127502,0.7713311910629272,0.02057236060500145,0.15701183676719666,0.14059732854366302,0.12659771740436554,0.9764395604395605,0.12656355989689322,0.0,0.003526251526251526,126563.55989689322,False,
F04-20240807-30W,0.8752375245094299,0.7307513356208801,0.48198026418685913,0.1501154601573944,0.21636751294136047,0.10897272080183029,0.4635201692581177,0.22582094371318817,0.8752375245094299,0.031405895948410034,0.2077459990978241,0.1501154601573944,0.14448626339435577,0.8595056301722969,0.10801302401302401,0.0,0.002971645638312305,108013.02401302401,False,
F04-20240902-33W,0.824618935585022,0.7041664719581604,0.5206186771392822,0.1576431393623352,0.19993171095848083,0.10653817653656006,0.37735193967819214,0.1970495730638504,0.824618935585022,0.040653541684150696,0.1852402687072754,0.1576431393623352,0.12045246362686157,0.6574272147605481,0.09888264821598156,0.0,0.00437932437932438,98882.64821598156,False,
F04-20240918-36W,0.7793564200401306,0.6651649475097656,0.4531020224094391,0.12886066734790802,0.15652529895305634,0.10907647013664246,0.42542457580566406,0.1455935835838318,0.7793564200401306,0.02102937549352646,0.14044690132141113,0.12886066734790802,0.11419132351875305,0.8925882512549179,0.07360955094288428,0.0,0.014148419481752815,73609.55094288428,False,
F05-20240110-0W,0.9404151439666748,0.8981114029884338,0.8085785508155823,0.05911651626229286,0.06780090183019638,0.11214553564786911,0.14003658294677734,0.07229238748550415,0.9404151439666748,0.012927968055009842,0.027438228949904442,0.05911649763584137,0.042303722351789474,0.24564428164428165,1.7365350698684032e-05,0.0,4.7212047212047214e-05,17.365350698684033,False,
F05-20240124-2W,0.9307627081871033,0.9020622968673706,0.8700886964797974,0.08596460521221161,0.09793665260076523,0.09009959548711777,0.06609217077493668,0.10420895367860794,0.9307627081871033,0.040671542286872864,0.04039498791098595,0.08596460521221161,0.028700489550828934,0.18861646994980327,8.14000814000814e-06,0.0,1.5737349070682402e-05,8.14000814000814,False,
F05-20240207-4W,0.8098486065864563,0.748630166053772,0.6582407355308533,0.10247353464365005,0.1111024022102356,0.09808234870433807,0.18989616632461548,0.11731180548667908,0.8098486065864563,0.012389960698783398,0.05800582095980644,0.10247357189655304,0.06121845915913582,0.7527738434405101,0.001645366978700312,0.0,8.57414190747524e-05,1645.366978700312,False,
F05-20240221-6W,0.9212520718574524,0.8940970301628113,0.8650289177894592,0.09173055738210678,0.1157856434583664,0.0788075253367424,0.06507723778486252,0.13209164142608643,0.9212520718574524,0.04688502103090286,0.06841526925563812,0.09173056483268738,0.027155058458447456,0.14531813865147197,0.0013349613349613349,0.0,0.00017311083977750643,1334.9613349613348,False,
F05-20240306-8W,0.9571283459663391,0.9295613765716553,0.8837814331054688,0.08839231729507446,0.13317300379276276,0.11514907330274582,0.08460792154073715,0.16121652722358704,0.9571284055709839,0.049670908600091934,0.12029731273651123,0.08839230984449387,0.027567006647586823,0.11673639940306607,0.013959028625695293,0.0,0.00023931623931623932,13959.028625695293,False,
F05-20240320-10W,0.8805050849914551,0.8349984884262085,0.7663536667823792,0.11664928495883942,0.15528182685375214,0.10756799578666687,0.14064650237560272,0.1751309037208557,0.8805050849914551,0.021205201745033264,0.13027574121952057,0.11664928495883942,0.045506592839956284,0.180333197666531,0.03460588793922127,0.0,0.0019877899877899876,34605.88793922128,False,
F05-20240405-12W,0.7993884682655334,0.7730398178100586,0.7287980318069458,0.12940867245197296,0.16398611664772034,0.1367478221654892,0.10202140361070633,0.17902366816997528,0.8010177612304688,0.04845873638987541,0.13848166167736053,0.12981556355953217,0.026348650455474854,0.14715669515669516,0.04513851580518247,0.0,0.005913987247320581,45138.51580518248,False,
F05-20240417-14W,0.7771544456481934,0.7323911190032959,0.6452308893203735,0.14468957483768463,0.16163398325443268,0.11060088872909546,0.18144159018993378,0.1637246310710907,0.7771545648574829,0.015732189640402794,0.10687439143657684,0.14468957483768463,0.044763319194316864,0.15854131054131054,0.040754307420974085,0.0,0.013415276081942748,40754.30742097409,False,
F05-20240508-17W,0.6615716814994812,0.6305450797080994,0.5228612422943115,0.12293161451816559,0.14088553190231323,0.13161900639533997,0.22207720577716827,0.13881365954875946,0.6615766286849976,0.021199747920036316,0.11060021817684174,0.12293444573879242,0.03102654591202736,0.13236467236467236,0.04799457332790666,1.085334418667752e-06,0.028663139329805996,23015.28853034936,False,
F05-20240522-19W,0.6849244236946106,0.643305242061615,0.5248176455497742,0.14416714012622833,0.164714515209198,0.12819278240203857,0.25255653262138367,0.16537697613239288,0.685371458530426,0.025457141920924187,0.14685381948947906,0.14439396560192108,0.0416191890835762,0.2588093881427215,0.06271170804504138,0.0,0.021413105413105413,62711.70804504138,False,
F05-20240529-20W,0.6961363554000854,0.6653873324394226,0.5660778284072876,0.10068737715482712,0.12317754328250885,0.13213808834552765,0.1938425600528717,0.12497174739837646,0.6963105201721191,0.02511260099709034,0.10027125477790833,0.10076864808797836,0.03074912540614605,0.1574863654863655,0.024966490299823632,0.0,0.030840320173653506,24966.490299823632,False,
F05-20240619-23W,0.6806595325469971,0.6288059949874878,0.47516143321990967,0.13377782702445984,0.14550717175006866,0.12547631561756134,0.3110969066619873,0.13461729884147644,0.6806623339653015,0.017597001045942307,0.11793665587902069,0.13377544283866882,0.051853589713573456,0.42052313118979784,0.053623117623117625,0.0,0.021684981684981685,53623.11762311763,False,
F05-20240626-24W,0.7184757590293884,0.6558898091316223,0.544272780418396,0.14148280024528503,0.15755033493041992,0.10727742314338684,0.25588372349739075,0.15268763899803162,0.7184757590293884,0.017099829390645027,0.12281697243452072,0.14148280024528503,0.06258594244718552,0.5350156016822684,0.06124921991588658,0.0,0.017281779948446613,61249.219915886584,False,
F05-20240710-26W,0.6416547298431396,0.5912197232246399,0.42441481351852417,0.1342090666294098,0.14164309203624725,0.1269417703151703,0.3476746082305908,0.12215539813041687,0.6416547894477844,0.01558289211243391,0.0932898074388504,0.13420908153057098,0.050435058772563934,0.3267746574413241,0.05226156559489893,0.0,0.05060914394247728,52261.56559489894,False,
F05-20240724-28W,0.7051365971565247,0.6068039536476135,0.417377769947052,0.12508326768875122,0.13723786175251007,0.1079045981168747,0.41908201575279236,0.11790838092565536,0.7051365971565247,0.01369944866746664,0.10186992585659027,0.12508326768875122,0.09833263605833054,0.9984371184371185,0.07526414326414327,0.0,0.015066069732736399,75264.14326414328,False,
F05-20240807-30W,0.8482828736305237,0.773790180683136,0.6252328753471375,0.13378125429153442,0.16413292288780212,0.11441097408533096,0.2707495391368866,0.15630991756916046,0.8482828736305237,0.04476439207792282,0.10792278498411179,0.13378125429153442,0.07449270784854889,0.6424664224664225,0.037557454890788225,0.0,0.012371184371184372,37557.45489078823,False,
F05-20240902-33W,0.8270570635795593,0.7533776760101318,0.5959093570709229,0.13913613557815552,0.16946916282176971,0.11594550311565399,0.2900589406490326,0.16566888988018036,0.8270570635795593,0.028826437890529633,0.1266828179359436,0.13913613557815552,0.07367923855781555,0.5513118979785646,0.05633428300094967,0.0,0.006851173517840184,56334.283000949676,False,
F05-20240918-36W,0.7842888832092285,0.7087722420692444,0.5104519724845886,0.12908637523651123,0.14302296936511993,0.11916058510541916,0.3551345765590668,0.12265422940254211,0.7842888832092285,0.015919359400868416,0.08748968690633774,0.12908637523651123,0.07551667094230652,0.8925063085063085,0.03593705060371727,0.0,0.024980599647266313,35937.05060371727,False,
F06-20240110-0W,0.9139329195022583,0.8685788512229919,0.7633987069129944,0.07645446062088013,0.0868527889251709,0.11575958132743835,0.16564729809761047,0.09175647050142288,0.9139329195022583,0.013496855273842812,0.036255426704883575,0.07645446062088013,0.04535415768623352,0.4193623660290327,6.729073395740062e-05,0.0,6.403473070139737e-05,67.29073395740062,False,
F06-20240124-2W,0.9088500738143921,0.8789573907852173,0.8427053093910217,0.10269629955291748,0.11393620818853378,0.08980007469654083,0.07432910799980164,0.1208702027797699,0.9088500738143921,0.04185142740607262,0.0424434132874012,0.10269621759653091,0.029892679303884506,0.3187936507936508,5.263871930538597e-05,0.0,0.00012969746303079636,52.638719305385976,False,
F06-20240207-4W,0.8394936919212341,0.7887868881225586,0.709557294845581,0.10841478407382965,0.11556965112686157,0.1001153215765953,0.1566811203956604,0.11825694888830185,0.8394936919212341,0.013232402503490448,0.04609408229589462,0.10841470211744308,0.05070683732628822,0.48640998507665173,0.0003098629765296432,0.0,9.876543209876543e-05,309.8629765296432,False,
F06-20240221-6W,0.9121156334877014,0.8826959729194641,0.845916211605072,0.08973931521177292,0.10243992507457733,0.0882195234298706,0.07381925731897354,0.11342605948448181,0.9121156334877014,0.039544399827718735,0.0540458969771862,0.08973931521177292,0.02941969409584999,0.11803988603988604,0.00035110568443901777,0.0,6.891873558540225e-05,351.1056844390178,False,
F06-20240306-8W,0.9187783598899841,0.8846201300621033,0.8262642621994019,0.09567009657621384,0.1306115686893463,0.11160878092050552,0.10624774545431137,0.1591838300228119,0.9187783598899841,0.040725722908973694,0.11975564062595367,0.09567009657621384,0.03415829315781593,0.12588956722290057,0.011663003663003662,0.0,5.0468050468050466e-05,11663.003663003663,False,
F06-20240320-10W,0.8653333783149719,0.8226032853126526,0.7480031251907349,0.11732291430234909,0.14513838291168213,0.11361909657716751,0.14089837670326233,0.16540208458900452,0.8653333783149719,0.022181779146194458,0.12817001342773438,0.11732291430234909,0.04273016378283501,0.14160520960520961,0.018637362637362636,0.0,0.00024365757699091033,18637.362637362636,False,
F06-20240405-12W,0.770656943321228,0.7408927083015442,0.6831348538398743,0.12458913028240204,0.1464444100856781,0.1316913366317749,0.11892226338386536,0.161136195063591,0.7714391946792603,0.03562260791659355,0.13596244156360626,0.12467978149652481,0.029764210805296898,0.134314475647809,0.028945326278659613,0.0,0.0005464658797992132,28945.326278659613,False,
F06-20240417-14W,0.7266618609428406,0.6764934062957764,0.5642753839492798,0.13122379779815674,0.1464930921792984,0.1160953938961029,0.23318473994731903,0.14961102604866028,0.7266618609428406,0.01421939954161644,0.11523246765136719,0.13122379779815674,0.050168413668870926,0.2599940306606973,0.0348386921720255,0.0,0.008192646859313526,34838.692172025505,False,
F06-20240508-17W,0.6498734354972839,0.6034901142120361,0.47896018624305725,0.12513171136379242,0.13691601157188416,0.12202558666467667,0.27149683237075806,0.13245053589344025,0.6498734354972839,0.01566760428249836,0.10420647263526917,0.12513171136379242,0.046383336186409,0.220994708994709,0.03728829195495862,0.0,0.022210283543616878,37288.29195495862,False,
F06-20240522-19W,0.6104573607444763,0.5651339292526245,0.4381883144378662,0.12578512728214264,0.1386565864086151,0.12467478960752487,0.29269373416900635,0.13605856895446777,0.6104703545570374,0.017971498891711235,0.1348559707403183,0.1258004903793335,0.0453234538435936,0.2212465065798399,0.050660697327363995,0.0,0.05266151132817799,50660.697327363996,False,
F06-20240529-20W,0.7157987356185913,0.6531884670257568,0.5203110575675964,0.11241170018911362,0.12606605887413025,0.11430211365222931,0.27727633714675903,0.12294121086597443,0.7157987356185913,0.0162223931401968,0.10002293437719345,0.11241170018911362,0.06261029839515686,0.5013984533984533,0.027324921991588657,0.0,0.011254917921584588,27324.921991588657,False,
F06-20240619-23W,0.684122622013092,0.6229867339134216,0.4505774676799774,0.12413186579942703,0.14075994491577148,0.12365857511758804,0.35145679116249084,0.13588087260723114,0.6841226816177368,0.016771165654063225,0.11941830068826675,0.12413186579942703,0.061135973781347275,0.4890478903812237,0.04807380274046941,0.0,0.013257359924026591,48073.80274046941,False,
F06-20240626-24W,0.6752497553825378,0.5977727174758911,0.4766906201839447,0.14835195243358612,0.16551648080348969,0.10145793110132217,0.3113885521888733,0.16520051658153534,0.6752497553825378,0.016265645623207092,0.13445714116096497,0.14835195243358612,0.07747707515954971,0.8678399131732465,0.07123972323972325,0.0,0.022074074074074072,71239.72323972324,False,
F06-20240710-26W,0.6285989880561829,0.5723608732223511,0.39624834060668945,0.13048608601093292,0.14352983236312866,0.12668487429618835,0.3808188736438751,0.13339143991470337,0.6285989880561829,0.018284345045685768,0.120155468583107,0.13048610091209412,0.0562380850315094,0.3584946411613078,0.05972920906254239,0.0,0.04034893501560168,59729.209062542395,False,
F06-20240724-28W,0.6771790981292725,0.5779268741607666,0.39622607827186584,0.12703002989292145,0.14382141828536987,0.10681929439306259,0.42761069536209106,0.13133341073989868,0.6771790981292725,0.016007740050554276,0.12042252719402313,0.12703002989292145,0.09925229847431183,0.9941679555012888,0.0861641568308235,0.0,0.01304571971238638,86164.1568308235,False,
F06-20240807-30W,0.8205209374427795,0.7167956829071045,0.5323758721351624,0.13768060505390167,0.1605989634990692,0.10844150930643082,0.35552388429641724,0.14695625007152557,0.8205214738845825,0.03994579613208771,0.11584704369306564,0.13767839968204498,0.10372522473335266,0.9556646316646317,0.04412047212047212,0.0,0.009862433862433862,44120.47212047212,False,
F06-20240902-33W,0.8024930357933044,0.7054772973060608,0.517716109752655,0.1261136382818222,0.1681823581457138,0.11402273923158646,0.3670491576194763,0.1744193136692047,0.8024930357933044,0.04779159277677536,0.15800757706165314,0.1261136382818222,0.09701573848724365,0.7866010039343373,0.07047239180572513,0.0,0.004261565594898928,70472.39180572514,False,
F06-20240918-36W,0.7282124757766724,0.6411153078079224,0.43891045451164246,0.12546461820602417,0.14579680562019348,0.11510512977838516,0.4067738354206085,0.12932483851909637,0.7282124757766724,0.01729484461247921,0.10210181772708893,0.12546461820602417,0.08709707111120224,0.9742710622710623,0.0555658662325329,0.0,0.02217989417989418,55565.866232532906,False,
G01-20240110-0W,1.0,1.0,1.0,0.0,0.0,8.938048381423869e-07,4.256213514963747e-08,2.1618254322675057e-05,1.0,0.00038368493551388383,2.161821430490818e-05,0.0,0.0,0.0,0.0,0.0,0.0,0.0,False,
G01-20240124-2W,0.9999921917915344,0.9999917149543762,0.9999914765357971,0.0008951493073254824,0.0009655228350311518,0.00010032533464254811,4.1498083191982005e-06,0.001094356644898653,0.9999938011169434,0.007607923820614815,0.00034487646189518273,0.0008716675220057368,4.4903052298650437e-07,0.0,0.0,0.0,0.0,0.0,False,
G01-20240207-4W,0.9895263910293579,0.9824399948120117,0.964554488658905,0.01854570396244526,0.022974830120801926,0.11316724866628647,0.02499791979789734,0.02796720713376999,0.9895337224006653,0.05156179517507553,0.014284046366810799,0.018539782613515854,0.007086424622684717,8.682675349342016e-05,0.0,0.0,0.0,0.0,False,
G01-20240221-6W,0.9999770522117615,0.9999766945838928,0.9999730587005615,0.002144001191481948,0.0021684220992028713,2.394758485024795e-05,4.6541699703084305e-06,0.0024440139532089233,0.9999771118164062,0.0019397109281271696,0.0003974510182160884,0.0021349822636693716,3.3411274102945754e-07,0.0,0.0,0.0,0.0,0.0,False,
G01-20240306-8W,0.9999814033508301,0.9999775290489197,0.9999667406082153,0.0016257395036518574,0.0018418444087728858,6.419221608666703e-05,1.550113120174501e-05,0.0022628745064139366,0.9999815225601196,0.003064908552914858,0.0008711589616723359,0.0016214795177802444,3.824207396974089e-06,0.0,0.0,0.0,0.0,0.0,False,
G01-20240320-10W,0.9999300837516785,0.999886155128479,0.9993239045143127,0.0025618348736315966,0.0029777514282613993,0.004825994838029146,0.0006076468853279948,0.005603919271379709,0.9999301433563232,0.02745075896382332,0.0042940955609083176,0.0025602292735129595,4.3956039007753134e-05,0.0,0.0,0.0,0.0,0.0,False,
G01-20240405-12W,0.8780502676963806,0.8966717720031738,0.8769678473472595,0.029634257778525352,0.030391033738851547,0.32006317377090454,0.023224344477057457,0.03177223727107048,0.8966720104217529,0.06127021834254265,0.0060674455016851425,0.030390668660402298,-0.018621476367115974,0.0,0.0,0.0,0.0,0.0,False,
G01-20240417-14W,0.9999004006385803,0.9993888735771179,0.9553227424621582,0.0036847221199423075,0.0056268745101988316,0.1458974927663803,0.04459094628691673,0.034354183822870255,0.9999004006385803,0.05150293558835983,0.03392355516552925,0.0036847221199423075,0.0005115287494845688,0.00013675213675213676,0.0,0.0,0.0,0.0,False,
G01-20240508-17W,0.9748950600624084,0.9700783491134644,0.9025357365608215,0.03801218047738075,0.0410519503057003,0.14263540506362915,0.07434076070785522,0.06558436155319214,0.9748988151550293,0.04533012956380844,0.03966040909290314,0.03800887241959572,0.004816659260541201,9.171075837742504e-05,0.0,0.0,9.225342558675892e-06,0.0,False,
G01-20240522-19W,0.9694068431854248,0.9726910591125488,0.8882918953895569,0.03747912123799324,0.03487849608063698,0.17168529331684113,0.08739007264375687,0.0385860912501812,0.9743090271949768,0.020173687487840652,0.018866710364818573,0.034225426614284515,-0.003284238977357745,8.411341744675078e-05,0.0,0.0,0.0,0.0,False,
G01-20240529-20W,0.9969984889030457,0.9948529601097107,0.9331501722335815,0.01230662688612938,0.015706434845924377,0.15405650436878204,0.064011350274086,0.039028216153383255,0.996999204158783,0.03404032811522484,0.0335463210940361,0.012305861338973045,0.0021456549875438213,2.3334690001356667e-05,0.0,0.0,0.0,0.0,False,
G01-20240619-23W,0.9441096186637878,0.9149373769760132,0.7519016861915588,0.06760963797569275,0.06086016073822975,0.1420334428548813,0.20045210421085358,0.04359906166791916,0.9442447423934937,0.013022780418395996,0.04565916582942009,0.06732827425003052,0.02917221188545227,0.21505413105413104,6.512006512006512e-06,0.0,5.42667209333876e-06,6.512006512006512,False,
G01-20240626-24W,0.6654764413833618,0.6688299179077148,0.5801976919174194,0.0813390463590622,0.08041789382696152,0.16814570128917694,0.13503365218639374,0.08938872814178467,0.6701529026031494,0.026481831446290016,0.02745687961578369,0.08074788004159927,-0.003353476757183671,2.9304029304029305e-05,0.0,0.0,2.3877357210690543e-05,0.0,False,
G01-20240710-26W,0.9977946281433105,0.9954552054405212,0.860649049282074,0.01217726618051529,0.01703253947198391,0.16281156241893768,0.13751742243766785,0.047633830457925797,0.9977946281433105,0.006453128065913916,0.04328855127096176,0.01217715349048376,0.0023392955772578716,2.3334690001356667e-05,3.798670465337132e-06,0.0,1.1396011396011395e-05,3.798670465337132,False,
G01-20240724-28W,0.995659351348877,0.9614282250404358,0.7544130086898804,0.012077812105417252,0.04288641735911369,0.145388662815094,0.2423221915960312,0.06491786241531372,0.995659351348877,0.019049005582928658,0.06034329533576965,0.012077812105417252,0.034231141209602356,0.3691097544430878,0.0,0.0,5.42667209333876e-07,0.0,False,
G01-20240807-30W,0.9844170808792114,0.960268497467041,0.8059391379356384,0.04230804368853569,0.06739795953035355,0.14766260981559753,0.18305885791778564,0.10530687123537064,0.9844170808792114,0.025514431297779083,0.08595404773950577,0.04230804368853569,0.024148615077137947,0.2761237281237281,0.0,0.0,5.42667209333876e-07,0.0,False,
G01-20240902-33W,0.9802200794219971,0.9518135190010071,0.7677069306373596,0.04399435594677925,0.06542487442493439,0.14653265476226807,0.2183525264263153,0.10569385439157486,0.9802200794219971,0.021448403596878052,0.08664774894714355,0.04399435594677925,0.0284065343439579,0.34834188034188035,0.0,0.0,0.0,0.0,False,
G01-20240918-36W,0.9996702671051025,0.9892054796218872,0.7362245321273804,0.00414278544485569,0.02014942839741707,0.15898917615413666,0.2635336220264435,0.0322488397359848,0.9996702671051025,0.00972557719796896,0.03151598200201988,0.00414278544485569,0.010464812628924847,0.063006919006919,0.0,0.0,0.0,0.0,False,
G02-20240110-0W,0.9996992349624634,0.9995866417884827,0.999565839767456,0.010789696127176285,0.01345342118293047,0.0006127499509602785,0.00020890346786472946,0.01309664361178875,0.9996992349624634,0.022054532542824745,0.005950673017650843,0.010789696127176285,0.00011261515464866534,0.0011803011803011804,7.054673721340387e-05,0.0,4.884004884004884e-05,70.54673721340387,False,
G02-20240124-2W,0.9993690848350525,0.9993395805358887,0.9993150234222412,0.015813983976840973,0.01642717234790325,0.000522394897416234,0.00010553281754255295,0.01684391312301159,0.9993781447410583,0.01725481078028679,0.0029751078691333532,0.015660632401704788,2.9506196369766258e-05,3.527336860670194e-05,4.884004884004884e-06,0.0,6.403473070139737e-05,4.8840048840048835,False,
G02-20240207-4W,0.9990065097808838,0.9986428022384644,0.9968691468238831,0.022572696208953857,0.025033894926309586,0.015869807451963425,0.0024154777638614178,0.027690015733242035,0.9990118741989136,0.05109252408146858,0.016933603212237358,0.02247760072350502,0.000363753002602607,0.00135666802333469,0.00041025641025641023,0.0,0.00014326414326414327,410.2564102564103,False,
G02-20240221-6W,0.9994472861289978,0.9976460337638855,0.9905504584312439,0.013287314213812351,0.024177294224500656,0.007691416423767805,0.009019137360155582,0.055714890360832214,0.9994473457336426,0.033843573182821274,0.05378818139433861,0.013287058100104332,0.0018012465443462133,0.010690001356668023,0.00010473477140143806,0.0,0.0,104.73477140143807,False,
G02-20240306-8W,0.9981769919395447,0.982029139995575,0.952759861946106,0.019279781728982925,0.07338246703147888,0.01655135490000248,0.04646081104874611,0.1561211794614792,0.9981769919395447,0.04482894018292427,0.15372151136398315,0.019279781728982925,0.016147788614034653,0.06686202686202686,0.00047591914258580926,0.0,5.698005698005698e-05,475.91914258580925,False,
G02-20240320-10W,0.9924845099449158,0.9654715061187744,0.926464855670929,0.042455192655324936,0.11968228220939636,0.029081620275974274,0.07125941663980484,0.19977547228336334,0.9924854636192322,0.05734774097800255,0.19289973378181458,0.042448148131370544,0.027013029903173447,0.09947849681183014,0.011796499796499797,0.0,0.00017908017908017907,11796.499796499798,False,
G02-20240405-12W,0.8928956985473633,0.8684779405593872,0.8118622899055481,0.05718988552689552,0.1358979344367981,0.2782770097255707,0.1155913919210434,0.19639603793621063,0.9058035612106323,0.14818227291107178,0.2012140303850174,0.0590185783803463,0.02441776543855667,0.14744810744810743,0.027184371184371184,0.0,0.0003923483923483924,27184.371184371186,False,
G02-20240417-14W,0.9542765021324158,0.9105192422866821,0.7909210920333862,0.12278932332992554,0.1795739084482193,0.13826866447925568,0.1884264498949051,0.21679715812206268,0.9542765021324158,0.037626247853040695,0.17723052203655243,0.12278931587934494,0.04375721514225006,0.29817012617012617,0.03732247998914666,0.0,0.0032158458825125493,37322.47998914666,False,
G02-20240508-17W,0.9201276898384094,0.8693023920059204,0.7668430209159851,0.1263708770275116,0.18737256526947021,0.11260207742452621,0.18732309341430664,0.23584000766277313,0.9201358556747437,0.052349451929330826,0.19971831142902374,0.1263728141784668,0.05082525312900543,0.2818613485280152,0.049485280151946816,0.0,0.0014234160900827568,49485.28015194682,False,
G02-20240522-19W,0.9119755625724792,0.8647066354751587,0.7146473526954651,0.12448214739561081,0.1889888346195221,0.1466813087463379,0.23989062011241913,0.22118711471557617,0.915968120098114,0.038904689252376556,0.20949186384677887,0.12456537783145905,0.047268934547901154,0.22126278659611992,0.05849409849409849,9.225342558675892e-06,0.0009171075837742504,5720.5025805681225,False,
G02-20240529-20W,0.9671070575714111,0.9197630286216736,0.7990572452545166,0.09921254217624664,0.1768008917570114,0.1400458961725235,0.1877792328596115,0.21988460421562195,0.9671071171760559,0.04076577350497246,0.19116947054862976,0.09921254217624664,0.047343943268060684,0.22568769502102837,0.033277438610771946,0.0,0.003251661918328585,33277.43861077195,False,
G02-20240619-23W,0.9243391752243042,0.8471209406852722,0.6381603479385376,0.11303666979074478,0.16877004504203796,0.1271822303533554,0.32090798020362854,0.18627361953258514,0.9243391752243042,0.021915307268500328,0.18312592804431915,0.11303664743900299,0.0772182047367096,0.49629738163071496,0.05009632342965676,0.0,0.0004932844932844933,50096.32342965676,False,
G02-20240626-24W,0.9574520587921143,0.9035103917121887,0.7360299229621887,0.10899601876735687,0.17756815254688263,0.13795997202396393,0.24538837373256683,0.19901509582996368,0.9574520587921143,0.029254352673888206,0.17685005068778992,0.10899601876735687,0.05394168570637703,0.2372253425586759,0.04447863247863248,0.0,0.0007081807081807082,44478.63247863248,False,
G02-20240710-26W,0.9623912572860718,0.9223607182502747,0.7398720383644104,0.10792675614356995,0.172652006149292,0.14829932153224945,0.24471519887447357,0.20116722583770752,0.9623912572860718,0.029164720326662064,0.1689286082983017,0.10792675614356995,0.040030527859926224,0.19872201872201872,0.027230497897164564,0.0,0.006230904897571565,27230.497897164565,False,
G02-20240724-28W,0.9582246541976929,0.8859987258911133,0.6749827861785889,0.11814051866531372,0.18988080322742462,0.1344984471797943,0.31136491894721985,0.2015453726053238,0.9582246541976929,0.032473139464855194,0.17469842731952667,0.11814051866531372,0.07222597301006317,0.47144973544973545,0.05212047212047212,0.0,0.0009458689458689459,52120.47212047212,False,
G02-20240807-30W,0.979293704032898,0.9190464019775391,0.691312313079834,0.07248680293560028,0.16615119576454163,0.1453554779291153,0.3015860319137573,0.2274983823299408,0.979293704032898,0.03177490830421448,0.21704968810081482,0.07248680293560028,0.06024734675884247,0.2870758377425044,0.031666802333469,0.0,0.00037389770723104054,31666.802333469004,False,
G02-20240902-33W,0.9715481400489807,0.9109069108963013,0.6985533833503723,0.07718505710363388,0.158604696393013,0.14063376188278198,0.28888341784477234,0.19786283373832703,0.9715481400489807,0.030477985739707947,0.1833336055278778,0.07718505710363388,0.06064128875732422,0.306668837335504,0.028040700040700042,0.0,0.00035164835164835164,28040.700040700045,False,
G02-20240918-36W,0.9665611386299133,0.9147541522979736,0.660789430141449,0.10274969786405563,0.17036636173725128,0.14458996057510376,0.3257819712162018,0.1694946438074112,0.9665611386299133,0.03033243864774704,0.14104685187339783,0.10274969786405563,0.05180692672729492,0.2811119251119251,0.02512983312983313,0.0,0.004317460317460317,25129.833129833132,False,
G03-20240110-0W,0.9999799132347107,0.9999393820762634,0.9995684623718262,0.0007613971247337759,0.0014185627223923802,0.0036198541056364775,0.0004114715848118067,0.003763329703360796,0.9999799132347107,0.023822937160730362,0.0034090732224285603,0.0007611673208884895,4.0485101635567844e-05,0.0,0.0,0.0,0.0,0.0,False,
G03-20240124-2W,0.9999016523361206,0.999908447265625,0.9999435544013977,0.0022996473126113415,0.0021980509627610445,0.0019600947853177786,4.439018084667623e-05,0.0016424119239673018,0.9999443888664246,0.035560306161642075,0.0009051353554241359,0.0016358254943042994,-6.731200755893951e-06,0.0,0.0,0.0,0.0,0.0,False,
G03-20240207-4W,0.9956880807876587,0.9945142865180969,0.9899981021881104,0.014413056895136833,0.016115181148052216,0.04429306462407112,0.0057256692089140415,0.021154779940843582,0.9957107305526733,0.07409436255693436,0.010061203502118587,0.014378906227648258,0.0011737699387595057,2.71333604666938e-06,0.0,0.0,0.0,0.0,False,
G03-20240221-6W,0.9998545050621033,0.9998685121536255,0.9998792409896851,0.0031425654888153076,0.0029618481639772654,0.0016735984245315194,4.7978170186979696e-05,0.0027796088252216578,0.999891459941864,0.030021239072084427,0.0008669431554153562,0.0026596523821353912,-1.3962507182441186e-05,0.0,0.0,0.0,0.0,0.0,False,
G03-20240306-8W,0.9998248815536499,0.9998270273208618,0.9997418522834778,0.0035487287677824497,0.003522780491039157,0.001310475287027657,9.637983748689294e-05,0.004175873938947916,0.9998355507850647,0.01692778244614601,0.0012825694866478443,0.003454153425991535,-2.113210030074697e-06,0.0,0.0,0.0,0.0,0.0,False,
G03-20240320-10W,0.9982149004936218,0.9983038902282715,0.9966023564338684,0.011626583524048328,0.011281494982540607,0.015830479562282562,0.0017853390891104937,0.01532418467104435,0.9983828663825989,0.050523970276117325,0.006323992274701595,0.011082662269473076,-8.904423157218844e-05,0.0,0.0,0.0,0.0,0.0,False,
G03-20240405-12W,0.9808058738708496,0.9840192794799805,0.9773037433624268,0.039172206073999405,0.03635520488023758,0.10028571635484695,0.006986611057072878,0.042238038033246994,0.9840617179870605,0.1282949298620224,0.009863041341304779,0.03630446642637253,-0.0032134472858160734,0.0,0.0,0.0,0.0,0.0,False,
G03-20240417-14W,0.9982309341430664,0.9960545301437378,0.9597167372703552,0.009098924696445465,0.013564394786953926,0.13718625903129578,0.038582611829042435,0.03524085879325867,0.9982312917709351,0.057233769446611404,0.03130849823355675,0.009098310023546219,0.0021764272823929787,0.00042165242165242164,0.0,0.0,0.0,0.0,False,
G03-20240508-17W,0.8918696045875549,0.8898712396621704,0.8285916447639465,0.07790150493383408,0.07654618471860886,0.1610504388809204,0.07204867154359818,0.07764279842376709,0.8941900730133057,0.0246871504932642,0.017464233562350273,0.07708975672721863,0.001998339081183076,1.3024013024013025e-05,1.628001628001628e-06,0.0,4.884004884004884e-06,1.628001628001628,False,
G03-20240522-19W,0.9705435037612915,0.9710386395454407,0.8942157626152039,0.049184806644916534,0.04543875902891159,0.16013264656066895,0.08056903630495071,0.060830775648355484,0.9728292226791382,0.03483818471431732,0.032886847853660583,0.04496024549007416,-0.0004952146555297077,0.0,0.0,0.0,0.0,0.0,False,
G03-20240529-20W,0.991818368434906,0.9863443374633789,0.9229216575622559,0.021228119730949402,0.02602926455438137,0.14725585281848907,0.0693439245223999,0.04409130662679672,0.991831362247467,0.036002177745103836,0.03255173936486244,0.021212490275502205,0.005474022589623928,0.00014597747931081265,0.0,0.0,0.0,0.0,False,
G03-20240619-23W,0.930795431137085,0.8953627347946167,0.7275110483169556,0.05997080355882645,0.05354724079370499,0.1383199542760849,0.21538017690181732,0.04942616447806358,0.930881142616272,0.011961945332586765,0.051429860293865204,0.059793345630168915,0.03543265536427498,0.29996743996743996,1.628001628001628e-06,0.0,2.71333604666938e-06,1.628001628001628,False,
G03-20240626-24W,0.7569758296012878,0.743588387966156,0.6213958263397217,0.07000843435525894,0.07715599983930588,0.14946451783180237,0.17917533218860626,0.07750467211008072,0.7569872736930847,0.011160480789840221,0.04160909727215767,0.07001764327287674,0.01338747888803482,0.0073683353683353684,2.170668837335504e-06,0.0,1.628001628001628e-06,2.170668837335504,False,
G03-20240710-26W,0.9878014922142029,0.980746865272522,0.8312709331512451,0.03014044277369976,0.048537302762269974,0.16012780368328094,0.1592114269733429,0.07579678297042847,0.9878533482551575,0.01036644447594881,0.06316505372524261,0.030056968331336975,0.007054588291794062,0.012709266042599376,0.0,0.0,0.0,0.0,False,
G03-20240724-28W,0.9853705167770386,0.9443488121032715,0.7415430545806885,0.03008466772735119,0.06580503284931183,0.14137835800647736,0.24839401245117188,0.08430036902427673,0.9853705167770386,0.020135674625635147,0.07164889574050903,0.03008466772735119,0.041021764278411865,0.4519375932709266,0.00017528150861484195,0.0,1.628001628001628e-06,175.28150861484195,False,
G03-20240807-30W,0.9822151064872742,0.9511234760284424,0.7948012351989746,0.041500430554151535,0.07585486769676208,0.14413240551948547,0.19240354001522064,0.11709794402122498,0.9822151064872742,0.0261901393532753,0.10155996680259705,0.041500430554151535,0.03109162114560604,0.33140903540903544,2.5505358838692173e-05,0.0,0.0,25.505358838692175,False,
G03-20240902-33W,0.9805912375450134,0.9522173404693604,0.7644271850585938,0.04107743129134178,0.06979424506425858,0.1483551412820816,0.2220180630683899,0.11745540052652359,0.9805912375450134,0.01908647082746029,0.10230371356010437,0.04107743129134178,0.02837393246591091,0.28684954551621217,1.2481345814679148e-05,0.0,0.0,12.481345814679148,False,
G03-20240918-36W,0.9923275113105774,0.9595422744750977,0.7129387259483337,0.02497594803571701,0.05413214862346649,0.14715564250946045,0.28213733434677124,0.061575036495923996,0.9923275113105774,0.014502832666039467,0.05284964293241501,0.02497594803571701,0.03278517350554466,0.2903513770180437,0.0,0.0,0.0,0.0,False,
G04-20240110-0W,0.999969482421875,0.9999468326568604,0.9992954730987549,0.0034060715697705746,0.004085096530616283,0.007838117890059948,0.0006802280549891293,0.00587029242888093,0.999969482421875,0.034973520785570145,0.004264336545020342,0.0034060508478432894,2.2753714802092873e-05,7.217473884140551e-05,0.0,0.0,1.6822683489350155e-05,0.0,False,
G04-20240124-2W,0.9999960660934448,0.9999957084655762,0.9999977350234985,0.0004601376422215253,0.00046726191067136824,0.00015382167475763708,2.189821998399566e-06,0.0004059892089571804,0.9999978542327881,0.010314282961189747,0.0001650049234740436,0.00040273909689858556,3.192159852005716e-07,0.0,0.0,0.0,0.0,0.0,False,
G04-20240207-4W,0.999704122543335,0.9995255470275879,0.9984018206596375,0.0030033541843295097,0.003946100827306509,0.011970369145274162,0.0013045698869973421,0.007242423016577959,0.9997060298919678,0.04147583618760109,0.005275160074234009,0.0029939545784145594,0.00017855451733339578,6.512006512006512e-06,0.0,0.0,0.0,0.0,False,
G04-20240221-6W,0.9999951124191284,0.999995231628418,0.9999942779541016,0.0005048338789492846,0.0005028300220146775,2.7324889742885716e-05,1.3598604482467636e-06,0.0005274375434964895,0.9999954104423523,0.0028202806133776903,0.00013120577204972506,0.0004977691569365561,-4.256213159692379e-08,0.0,0.0,0.0,0.0,0.0,False,
G04-20240306-8W,0.9999877214431763,0.9999868869781494,0.9999790787696838,0.0010389222297817469,0.00107539480086416,8.984015585156158e-05,8.748647815082222e-06,0.0012971129035577178,0.999987781047821,0.0037454129196703434,0.00041279211291112006,0.0010384685592725873,8.959328283708601e-07,0.0,0.0,0.0,0.0,0.0,False,
G04-20240320-10W,0.999856173992157,0.9998589754104614,0.9995920658111572,0.0037438252475112677,0.003718154039233923,0.0024611682165414095,0.0002787266857922077,0.005342001095414162,0.9998694658279419,0.020250583067536354,0.0028052565176039934,0.0036297563929110765,-2.766539410004043e-06,0.0,0.0,0.0,0.0,0.0,False,
G04-20240405-12W,0.9917262196540833,0.9942039251327515,0.9887264966964722,0.019714366644620895,0.01640971750020981,0.0751553550362587,0.00584576278924942,0.023428842425346375,0.9942624568939209,0.12100043147802353,0.010147537104785442,0.016276994720101357,-0.0024776607751846313,0.0,0.0,0.0,0.0,0.0,False,
G04-20240417-14W,0.9994394183158875,0.9979451894760132,0.9594513177871704,0.005287667270749807,0.009583051316440105,0.14121957123279572,0.04002274572849274,0.03523360565304756,0.9994394183158875,0.055092643946409225,0.03360931947827339,0.005287667270749807,0.0014942031120881438,0.0003098629765296432,0.0,0.0,0.0,0.0,False,
G04-20240508-17W,0.8736030459403992,0.8747373223304749,0.8078371286392212,0.08175612986087799,0.07633809000253677,0.16936738789081573,0.08012751489877701,0.08110417425632477,0.8792044520378113,0.027781927958130836,0.017273733392357826,0.07906148582696915,-0.0011342893121764064,2.170668837335504e-06,5.969339302672636e-06,0.0,3.2017365350698685e-05,5.969339302672636,False,
G04-20240522-19W,0.9697285294532776,0.9747067093849182,0.9230067133903503,0.0536104291677475,0.04487120732665062,0.15358197689056396,0.053729649633169174,0.0670485645532608,0.9752737879753113,0.06807854771614075,0.03795062378048897,0.04464353621006012,-0.004978077486157417,0.0003261429928096595,0.0,0.0,3.256003256003256e-06,0.0,False,
G04-20240529-20W,0.9972413778305054,0.9938445091247559,0.941651463508606,0.011327461339533329,0.01660686731338501,0.14400312304496765,0.05573544278740883,0.04096430912613869,0.9972602128982544,0.04758179560303688,0.03596023470163345,0.011295054107904434,0.003396783722564578,0.002695970695970696,0.0,0.0,5.42667209333876e-07,0.0,False,
G04-20240619-23W,0.9343652129173279,0.895199716091156,0.7215383648872375,0.06235060840845108,0.05068369209766388,0.13668003678321838,0.22382919490337372,0.03997858241200447,0.9344102740287781,0.011214422062039375,0.054594479501247406,0.06226043030619621,0.03916547819972038,0.35949640482973816,1.628001628001628e-06,0.0,4.341337674671008e-06,1.628001628001628,False,
G04-20240626-24W,0.9704458117485046,0.9582765102386475,0.8555722832679749,0.04389446601271629,0.04742714762687683,0.14879219233989716,0.11754383146762848,0.046842966228723526,0.9704477190971375,0.013779599219560623,0.024866841733455658,0.04389110580086708,0.01216928381472826,0.010679148012481345,0.0,0.0,0.0,0.0,False,
G04-20240710-26W,0.9960128664970398,0.992804229259491,0.8434116244316101,0.014893381856381893,0.02027382329106331,0.16238775849342346,0.1532450169324875,0.05060340464115143,0.996039092540741,0.006116284057497978,0.04510273039340973,0.01483380887657404,0.003208697307854891,0.008688102021435355,0.0,0.0,2.170668837335504e-06,0.0,False,
G04-20240724-28W,0.9919469356536865,0.9532546401023865,0.7441177368164062,0.019609075039625168,0.05176279693841934,0.14367158710956573,0.2501574456691742,0.0770215392112732,0.9919469356536865,0.019595133140683174,0.06877288222312927,0.019609075039625168,0.038692228496074677,0.4122013295346629,0.0,0.0,0.0,0.0,False,
G04-20240807-30W,0.9951951503753662,0.9815388917922974,0.8444421291351318,0.018498530611395836,0.037509985268116,0.15390676259994507,0.15185528993606567,0.07809183746576309,0.9951951503753662,0.021169885993003845,0.07113590836524963,0.018498530611395836,0.013656306080520153,0.14110704110704111,0.0,0.0,0.0,0.0,False,
G04-20240902-33W,0.9932394027709961,0.9810230731964111,0.8116328120231628,0.02100595086812973,0.03558554872870445,0.1564444899559021,0.18324194848537445,0.07748393714427948,0.9932394027709961,0.014054997824132442,0.06901521980762482,0.02100595086812973,0.012216314673423767,0.04121286121286121,0.0,0.0,0.0,0.0,False,
G04-20240918-36W,0.9965658783912659,0.9758827686309814,0.7216596007347107,0.014314827509224415,0.03406602516770363,0.15360106527805328,0.27593499422073364,0.042689528316259384,0.9965658783912659,0.01257981825619936,0.0373474545776844,0.014314827509224415,0.02068309113383293,0.18111246777913445,2.71333604666938e-06,0.0,1.628001628001628e-06,2.7133360466693803,False,
G05-20240110-0W,0.9997699856758118,0.9997087121009827,0.9995719194412231,0.010537971742451191,0.01232997514307499,0.0013695048401132226,0.00026107614394277334,0.013325555250048637,0.9997700452804565,0.018459612503647804,0.006594379432499409,0.01053386740386486,6.126393418526277e-05,0.0005578618911952245,0.00010582010582010582,0.0,5.42667209333876e-05,105.82010582010582,False,
G05-20240124-2W,0.9998019337654114,0.9997870326042175,0.9997849464416504,0.007818877696990967,0.008366774767637253,0.0005709582474082708,4.804839409189299e-05,0.008701525628566742,0.9998108744621277,0.01968815177679062,0.0020277034491300583,0.007712595630437136,1.4954205653339159e-05,0.00010310676977343644,0.0,0.0,0.0,0.0,False,
G05-20240207-4W,0.9985398054122925,0.9971556663513184,0.9913330674171448,0.014885086566209793,0.017233064398169518,0.05599634721875191,0.0073067806661129,0.02133931592106819,0.9985479116439819,0.07569300383329391,0.01319845300167799,0.01486931648105383,0.0013840780593454838,0.0005291005291005291,0.0001899335232668566,0.0,7.326007326007326e-05,189.9335232668566,False,
G05-20240221-6W,0.9997305274009705,0.99971604347229,0.9996981024742126,0.010291190817952156,0.010817003436386585,0.00018561560136731714,5.072981366538443e-05,0.011199874803423882,0.999731719493866,0.007303931284695864,0.0020436595659703016,0.010283862240612507,1.4358336557052098e-05,6.5662732329399e-05,4.884004884004884e-06,0.0,6.837606837606838e-05,4.8840048840048835,False,
G05-20240306-8W,0.9997530579566956,0.9996973276138306,0.9994251132011414,0.009072775021195412,0.009748956188559532,0.0006214284221641719,0.0003493031836114824,0.012447747401893139,0.9997544288635254,0.009662182070314884,0.00710328621789813,0.009050706401467323,5.573298767558299e-05,0.00023606023606023607,0.0,0.0,7.054673721340388e-06,0.0,False,
G05-20240320-10W,0.9993665218353271,0.9992881417274475,0.9987671971321106,0.012594979256391525,0.013215395621955395,0.0026166646275669336,0.0006464975303970277,0.016446145251393318,0.9993835687637329,0.02063840441405773,0.008413786999881268,0.01251585315912962,7.830581307644024e-05,0.0005980192646859314,1.085334418667752e-06,0.0,4.884004884004884e-05,1.085334418667752,False,
G05-20240405-12W,0.9946001172065735,0.995479166507721,0.9913267493247986,0.022219298407435417,0.02135429158806801,0.04105561226606369,0.004458392038941383,0.028050925582647324,0.9956814050674438,0.08764103055000305,0.0128523213788867,0.02056950144469738,-0.0008791016880422831,0.0015645095645095645,1.628001628001628e-06,0.0,0.00012264278930945597,1.628001628001628,False,
G05-20240417-14W,0.9989028573036194,0.9977197051048279,0.9543179273605347,0.01865537278354168,0.023059606552124023,0.14028151333332062,0.04485006257891655,0.04591774567961693,0.9989028573036194,0.05728132277727127,0.040642231702804565,0.01865537278354168,0.0011831186711788177,0.004977886311219645,0.00026048026048026046,0.0,0.00011667345000678334,260.4802604802605,False,
G05-20240508-17W,0.8998951315879822,0.9016440510749817,0.8743539452552795,0.12376976013183594,0.11708756536245346,0.1495392918586731,0.03393811360001564,0.1272551715373993,0.9043809771537781,0.08457472920417786,0.03374214097857475,0.11739982664585114,-0.0017489525489509106,0.006354090354090354,0.00037389770723104054,1.628001628001628e-06,0.00038637905304571973,142.27453409736202,False,
G05-20240522-19W,0.9911933541297913,0.9874598383903503,0.9363787174224854,0.029034173116087914,0.03631917014718056,0.13039042055606842,0.05592946335673332,0.07189597934484482,0.9912068843841553,0.062069643288850784,0.05903133377432823,0.029017532244324684,0.003733460558578372,0.007295617962284629,0.00021652421652421653,3.798670465337132e-06,0.00014814814814814815,45.12170987532159,False,
G05-20240529-20W,0.9978111386299133,0.9948964715003967,0.9475858211517334,0.01876339502632618,0.027343127876520157,0.1382424235343933,0.050586264580488205,0.053974200040102005,0.9978111982345581,0.05709380656480789,0.04771195352077484,0.018763313069939613,0.002914686454460025,0.009727852394519062,0.00010636277302943969,0.0,0.0001606294939628273,106.3627730294397,False,
G05-20240619-23W,0.9388107657432556,0.9116849899291992,0.7531762719154358,0.06047013774514198,0.056564778089523315,0.14405477046966553,0.19584228098392487,0.05596907064318657,0.9394254088401794,0.014995334669947624,0.05713915452361107,0.05948542430996895,0.027125779539346695,0.1961969881969882,0.0004341337674671008,0.0,0.00012318545651878986,434.1337674671008,False,
G05-20240626-24W,0.7362757921218872,0.7207258343696594,0.615278959274292,0.04163595288991928,0.0467517115175724,0.14441075921058655,0.16313467919826508,0.049843929708004,0.7362784743309021,0.009440893307328224,0.040600862354040146,0.041637320071458817,0.015549962408840656,0.017323565323565323,0.001024013024013024,1.085334418667752e-06,0.0003250576583909917,491.05458330622605,False,
G05-20240710-26W,0.9965007305145264,0.9925729632377625,0.862719714641571,0.023489132523536682,0.03578653931617737,0.16233457624912262,0.13487890362739563,0.06941724568605423,0.996526837348938,0.008053472265601158,0.061992060393095016,0.02346872352063656,0.003927803598344326,0.016156288156288157,0.00025668159001492334,0.0,0.00010093610093610093,256.68159001492336,False,
G05-20240724-28W,0.9991599321365356,0.9980220198631287,0.9541066288948059,0.014452818781137466,0.019293081015348434,0.14115481078624725,0.04524124786257744,0.04380718246102333,0.9991599321365356,0.056441448628902435,0.04000301659107208,0.014452818781137466,0.0011379113420844078,0.004795550128883462,0.00012318545651878986,0.0,5.698005698005698e-05,123.18545651878986,False,
G05-20240807-30W,0.989079475402832,0.9706036448478699,0.8461880087852478,0.0411139652132988,0.06750290095806122,0.14684616029262543,0.1464240550994873,0.11879533529281616,0.989079475402832,0.034792713820934296,0.1053292527794838,0.0411139652132988,0.018475914373993874,0.17298222764889432,0.000621353954687288,0.0,0.0005128205128205128,621.353954687288,False,
G05-20240902-33W,0.9921795129776001,0.9780446887016296,0.8215771317481995,0.03199054300785065,0.054761867970228195,0.15593773126602173,0.17328543961048126,0.1106218546628952,0.9921795129776001,0.017421530559659004,0.10189525783061981,0.03199054300785065,0.014134827069938183,0.07073884140550807,0.000407000407000407,0.0,0.00016985483652150318,407.000407000407,False,
G05-20240918-36W,0.9962692856788635,0.9797759056091309,0.7495888471603394,0.025551779195666313,0.05204164609313011,0.15657135844230652,0.24849537014961243,0.07634405046701431,0.9962692856788635,0.013752649538218975,0.07015407085418701,0.025551779195666313,0.016493404284119606,0.122993894993895,0.0005209605209605209,0.0,3.8529371862705196e-05,520.960520960521,False,
G06-20240110-0W,0.9998409152030945,0.999807596206665,0.9997081160545349,0.00908570270985365,0.010209613479673862,0.0007469080155715346,0.00017192124505527318,0.010855439119040966,0.9998409152030945,0.012375560589134693,0.004939379636198282,0.00908570270985365,3.331125481054187e-05,0.0002479989146655813,6.186406186406186e-05,0.0,5.860805860805861e-05,61.86406186406187,False,
G06-20240124-2W,0.9998762607574463,0.9998642206192017,0.9998601078987122,0.006719662807881832,0.007326401304453611,0.0001445644156774506,2.7588775992626324e-05,0.007531639188528061,0.9998767375946045,0.010180734097957611,0.0015835510566830635,0.00671404181048274,1.2098285878892057e-05,8.194274860941527e-05,0.0,0.0,0.0,0.0,False,
G06-20240207-4W,0.9997565746307373,0.9996532201766968,0.9991264939308167,0.009543903172016144,0.010608671233057976,0.00489211967214942,0.0006661272491328418,0.01174961868673563,0.9997568130493164,0.028090061619877815,0.005688866600394249,0.009543306194245815,0.00010327913332730532,0.00019753086419753085,4.28707095373762e-05,0.0,7.217473884140551e-05,42.8707095373762,False,
G06-20240221-6W,0.9998481869697571,0.9998406767845154,0.9998347163200378,0.008025593124330044,0.00842575915157795,0.00016708830662537366,2.3953967684064992e-05,0.008571866899728775,0.9998486042022705,0.009671088308095932,0.0012484065955504775,0.008017810061573982,7.514345725212479e-06,2.007868674535341e-05,0.0,0.0,2.71333604666938e-06,0.0,False,
G06-20240306-8W,0.9998403191566467,0.9992826581001282,0.9968969225883484,0.007275835145264864,0.012680509127676487,0.0018648769473657012,0.002960936864838004,0.03442801907658577,0.9998404383659363,0.017240013927221298,0.0333905853331089,0.007275112438946962,0.0005577044212259352,0.0034122914122914124,0.0,0.0,0.0,0.0,False,
G06-20240320-10W,0.9988445043563843,0.995452880859375,0.9883254170417786,0.014645708724856377,0.035719070583581924,0.007470909971743822,0.01103129331022501,0.0729462131857872,0.9988990426063538,0.035272255539894104,0.06988110393285751,0.014475677162408829,0.003391687059774995,0.019415004748338082,9.27960927960928e-05,0.0,3.4730701397368064e-05,92.79609279609281,False,
G06-20240405-12W,0.9837672114372253,0.9855928421020508,0.9749841094017029,0.03576257824897766,0.04473613575100899,0.12792301177978516,0.018501756712794304,0.07802533358335495,0.9897063970565796,0.19225731492042542,0.06931987404823303,0.029528755694627762,-0.0018257349729537964,0.023827431827431828,6.023606023606024e-05,0.0,0.00021381088047754714,60.23606023606024,False,
G06-20240417-14W,0.9972791075706482,0.990474283695221,0.9570568203926086,0.02394312433898449,0.05274477228522301,0.10602860897779465,0.041587721556425095,0.0988396629691124,0.9972791075706482,0.07681882381439209,0.09230197966098785,0.02394312433898449,0.006804852280765772,0.037461945461945464,0.0005106498439831774,0.0,4.7212047212047214e-05,510.6498439831774,False,
G06-20240508-17W,0.912708580493927,0.9079739451408386,0.8483610153198242,0.13267581164836884,0.1365913301706314,0.14918014407157898,0.07941830903291702,0.16970840096473694,0.9187115430831909,0.07390272617340088,0.11350959539413452,0.12707772850990295,0.004734636750072241,0.059233211233211236,0.0024696784696784696,5.42667209333876e-07,8.954008954008954e-05,1600.9146073344475,False,
G06-20240522-19W,0.9792254567146301,0.9697773456573486,0.900380551815033,0.04558954015374184,0.08282721042633057,0.1382712721824646,0.08736468851566315,0.14840002357959747,0.9840525984764099,0.07570351660251617,0.14168807864189148,0.040282242000103,0.009448143653571606,0.06692226292226293,0.0029222629222629224,1.1938678605345272e-05,0.0001264414597747931,225.85481959924925,False,
G06-20240529-20W,0.9937479496002197,0.9758768677711487,0.9197683334350586,0.03182189166545868,0.08220651000738144,0.11599375307559967,0.0767836645245552,0.13961242139339447,0.9937484860420227,0.0690324455499649,0.13120251893997192,0.031821515411138535,0.017871031537652016,0.08493664360331027,0.0016399403066069732,0.0,7.651607651607651e-05,1639.9403066069733,False,
G06-20240619-23W,0.9534415006637573,0.9144901633262634,0.726974606513977,0.06394578516483307,0.10643946379423141,0.14404338598251343,0.240081325173378,0.1389777809381485,0.9534444212913513,0.019273487851023674,0.13478095829486847,0.06394398957490921,0.03895139694213867,0.20154171754171754,0.006242300908967576,0.0,0.00015357482024148692,6242.300908967576,False,
G06-20240626-24W,0.8461372256278992,0.7920973300933838,0.6787366271018982,0.05382818356156349,0.08406265825033188,0.11610287427902222,0.19856756925582886,0.11297261714935303,0.8461372256278992,0.013217802159488201,0.11915427446365356,0.05382818356156349,0.05403992161154747,0.26145706145706143,0.00883028083028083,0.0,9.442409442409443e-05,8830.28083028083,False,
G06-20240710-26W,0.9868938326835632,0.952579140663147,0.7357656955718994,0.045393817126750946,0.10254950076341629,0.15175580978393555,0.2579387128353119,0.15455509722232819,0.9868941903114319,0.021363336592912674,0.14449536800384521,0.04539375752210617,0.03431473672389984,0.19005453805453806,0.001527065527065527,0.0,0.00040211640211640213,1527.065527065527,False,
G06-20240724-28W,0.9963556528091431,0.9876813888549805,0.9516492486000061,0.027918096631765366,0.06186741963028908,0.10599887371063232,0.04665370285511017,0.11139766871929169,0.9963556528091431,0.07642590254545212,0.10362213104963303,0.027918096631765366,0.008674283511936665,0.04686799620132953,0.0008107448107448108,0.0,5.1010717677384346e-05,810.7448107448108,False,
G06-20240807-30W,0.9891654253005981,0.9289169311523438,0.646914541721344,0.038263946771621704,0.13009406626224518,0.14740021526813507,0.34794357419013977,0.24003952741622925,0.9891654253005981,0.025989847257733345,0.23741185665130615,0.038263946771621704,0.060248542577028275,0.32630579297245965,0.0073200379867046535,0.0,0.00010256410256410256,7320.037986704654,False,
G06-20240902-33W,0.9952165484428406,0.9487653374671936,0.6407133340835571,0.02731192670762539,0.10552667081356049,0.15244780480861664,0.35790717601776123,0.23036450147628784,0.9952165484428406,0.018862459808588028,0.22940203547477722,0.02731192670762539,0.046451132744550705,0.27133740333740336,0.004930674264007597,0.0,2.170668837335504e-05,4930.674264007597,False,
G06-20240918-36W,0.991235613822937,0.9499571323394775,0.6737974286079407,0.042676474899053574,0.1103549599647522,0.15097709000110626,0.3231636583805084,0.14414845407009125,0.991235613822937,0.023382917046546936,0.13642890751361847,0.042676474899053574,0.04127847030758858,0.2246490299823633,0.00343996743996744,0.0,8.302808302808303e-05,3439.96743996744,False,
S1MI01-20220518-0W,0.7301228046417236,0.6917063593864441,0.6062596440315247,0.08365824818611145,0.08697839081287384,0.11248511075973511,0.17120182514190674,0.08692469447851181,0.7301228046417236,0.006070873700082302,0.03280934691429138,0.08365824818611145,0.03841641917824745,0.03930809930809931,0.0011200651200651201,0.0,0.009940577940577941,1120.0651200651203,False,
S1MI01-20220603-2W,0.8233692646026611,0.7809886336326599,0.6823223233222961,0.09064894914627075,0.0960916131734848,0.114976666867733,0.17310550808906555,0.09821663051843643,0.8233692646026611,0.006547730416059494,0.04040315002202988,0.09064889699220657,0.04238072410225868,0.18462732329398995,0.0011748745082078415,0.0,0.0036754850088183424,1174.8745082078415,False,
S1MI01-20220609-3W,0.8424596786499023,0.8043714165687561,0.7205722332000732,0.10731716454029083,0.11167813092470169,0.11237644404172897,0.14741069078445435,0.11509201675653458,0.8424596786499023,0.007467683404684067,0.04483167082071304,0.10731702297925949,0.038088276982307434,0.07809035409035409,0.0028045041378374712,0.0,0.006359517026183693,2804.5041378374713,False,
S1MI01-20220616-4W,0.8475565910339355,0.8040421605110168,0.7149812579154968,0.08932965993881226,0.0942515954375267,0.10994825512170792,0.15741640329360962,0.09758453816175461,0.8475565910339355,0.007678453344851732,0.040602125227451324,0.08932965993881226,0.04351441189646721,0.17769110293734452,0.0008261538588132678,0.0,0.002259580175598838,826.1538588132679,False,
S1MI01-20220623-5W,0.8401235938072205,0.7990260720252991,0.6983394622802734,0.10021410882472992,0.10662008076906204,0.11708511412143707,0.17146694660186768,0.10965095460414886,0.8401235938072205,0.00877930037677288,0.048079196363687515,0.10021410882472992,0.04109756276011467,0.18975064441731107,0.002595034595034595,0.0,0.0047814407814407815,2595.034595034595,False,
S1MI01-20220630-6W,0.870749831199646,0.8311266303062439,0.7348811626434326,0.11569146811962128,0.12278944253921509,0.11702460795640945,0.16039308905601501,0.1270270198583603,0.870749831199646,0.012417366728186607,0.05795884504914284,0.11569128185510635,0.039623089134693146,0.1814174467507801,0.004702211368878035,5.42667209333876e-07,0.0073200379867046535,3048.10482807141,False,
S1MI01-20220708-7W,0.8582912683486938,0.8169755935668945,0.7201969623565674,0.10507681220769882,0.11027894169092178,0.1152731403708458,0.16360405087471008,0.1128348782658577,0.8582912683486938,0.010445097461342812,0.04914633184671402,0.10507679730653763,0.04131569713354111,0.15590720390720392,0.003923483923483923,0.0,0.006093610093610094,3923.4839234839233,False,
S1MI01-20220714-8W,0.8252176642417908,0.7800746560096741,0.6720714569091797,0.11574117094278336,0.1214408352971077,0.11664073914289474,0.19095149636268616,0.12556889653205872,0.8252646923065186,0.011435465887188911,0.06708313524723053,0.11570636183023453,0.045142922550439835,0.31767358567358567,0.006349206349206349,2.604802604802605e-05,0.007436168769502103,234.73825180191702,False,
S1MI01-20220721-9W,0.7382127642631531,0.696425199508667,0.6044653654098511,0.10318397730588913,0.10712316632270813,0.11298290640115738,0.1846579909324646,0.1050884947180748,0.7383993268013,0.014094117097556591,0.055721260607242584,0.10304637253284454,0.04178760573267937,0.16651146384479718,0.006257495590828924,1.5194681861348528e-05,0.014237416904083571,386.39200475827465,False,
S1MI01-20220802-10W,0.7589972615242004,0.7126138806343079,0.6132325530052185,0.09765185415744781,0.10230520367622375,0.11223753541707993,0.19448590278625488,0.10090047121047974,0.7590634822845459,0.01183241605758667,0.051366839557886124,0.09762544929981232,0.0463833250105381,0.30369013702347036,0.004475376475376476,5.42667209333876e-07,0.008726088726088726,2901.0641104564247,False,
S1MI01-20220822-13W,0.7932737469673157,0.7468445301055908,0.6454007029533386,0.09449714422225952,0.09834715723991394,0.11306549608707428,0.18786174058914185,0.09647441655397415,0.7933000326156616,0.01077724527567625,0.04855099320411682,0.09448352456092834,0.046429283916950226,0.3125942205942206,0.0044884004884004885,1.085334418667752e-06,0.005859177859177859,2152.364842885954,False,
S1MI01-20220906-15W,0.7520253658294678,0.7097366452217102,0.6041895747184753,0.11201843619346619,0.12009941041469574,0.11882968246936798,0.20252971351146698,0.1202758252620697,0.7521845698356628,0.014231756329536438,0.07557062059640884,0.11195209622383118,0.042288701981306076,0.23607326007326007,0.0102330755664089,3.635870302536969e-05,0.014521231854565188,273.9141013396473,False,
S1MI01-20221102-24W,0.6325943470001221,0.577083170413971,0.46085938811302185,0.1046738401055336,0.11666861176490784,0.11389073729515076,0.28066176176071167,0.11241603642702103,0.6326663494110107,0.018097590655088425,0.10707343369722366,0.10461537539958954,0.055511124432086945,0.48877004477004476,0.04058770858770859,0.00031746031746031746,0.023339574006240673,127.44981513361117,False,
S1MI01-20221110-25W,0.760960578918457,0.7067853808403015,0.6065037846565247,0.11651105433702469,0.13774877786636353,0.1111678034067154,0.2109333872795105,0.14139504730701447,0.7610726356506348,0.0194419976323843,0.11021962016820908,0.11644726246595383,0.05417518690228462,0.30422195088861753,0.030769773436440103,1.085334418667752e-05,0.004852530185863519,2595.872772430211,False,
S1MI01-20221206-28W,0.7159147262573242,0.6538228988647461,0.5168311595916748,0.12576697766780853,0.14929033815860748,0.11724461615085602,0.29108095169067383,0.14785651862621307,0.7161301374435425,0.02115943469107151,0.130442813038826,0.12578871846199036,0.062091875821352005,0.5211998544273676,0.05111391058481005,7.446600039192632e-05,0.010396685423140449,677.3104486703186,False,
S1MI02-20220518-0W,0.8060342073440552,0.7591062188148499,0.6448825001716614,0.0895862951874733,0.09384439885616302,0.11664670705795288,0.2025860697031021,0.0963047668337822,0.8060389757156372,0.00687100226059556,0.048579975962638855,0.08957226574420929,0.046928003430366516,0.40674535341202006,0.0034231447564780897,1.085334418667752e-05,0.0036244742911409576,288.79147543235166,False,
S1MI02-20220603-2W,0.8433288335800171,0.8044840693473816,0.7147468328475952,0.08774735033512115,0.09299511462450027,0.11437315493822098,0.15401150286197662,0.09722733497619629,0.8433305025100708,0.008478915318846703,0.03883957862854004,0.08774584531784058,0.03884483501315117,0.10502184235517568,0.001877628544295211,0.0,0.0031051417718084384,1877.628544295211,False,
S1MI02-20220609-3W,0.8272022604942322,0.7800180315971375,0.6755517721176147,0.07848697900772095,0.08476963639259338,0.1137876808643341,0.1845707893371582,0.09098407626152039,0.8272022604942322,0.00786163005977869,0.05296294763684273,0.07848697900772095,0.04718426987528801,0.326681861348528,0.002086012752679419,0.0,0.0030595577262243928,2086.0127526794195,False,
S1MI02-20220616-4W,0.8272022604942322,0.7800180315971375,0.6755517721176147,0.07848697900772095,0.08476963639259338,0.1137876808643341,0.1845707893371582,0.09098407626152039,0.8272022604942322,0.00786163005977869,0.05296294763684273,0.07848697900772095,0.04718426987528801,0.326681861348528,0.002086012752679419,0.0,0.0030595577262243928,2086.0127526794195,False,
S1MI02-20220623-5W,0.8017409443855286,0.759845495223999,0.6528158783912659,0.08429411798715591,0.08972769975662231,0.11911163479089737,0.18742412328720093,0.09550762921571732,0.8017415404319763,0.007928187027573586,0.055803969502449036,0.08429470658302307,0.041895393282175064,0.16411884411884411,0.0026400759734093067,0.0,0.0029255189255189256,2640.0759734093067,False,
S1MI02-20220630-6W,0.7603741884231567,0.7167961001396179,0.613241970539093,0.08786841481924057,0.09400057792663574,0.11649575084447861,0.19645705819129944,0.10027504712343216,0.7603757977485657,0.00879620760679245,0.06473875045776367,0.08786877244710922,0.04357802867889404,0.20367548500881835,0.003989689323022657,5.42667209333876e-06,0.003667345000678334,620.8017563488211,False,
S1MI02-20220708-7W,0.82433021068573,0.7810453176498413,0.6809012293815613,0.08787846565246582,0.0934409350156784,0.11525574326515198,0.17578014731407166,0.09888014197349548,0.8243303298950195,0.008272244594991207,0.05342785269021988,0.08787853270769119,0.04328494146466255,0.17304517704517705,0.0030714964048297383,0.0,0.0038350291683625017,3071.4964048297384,False,
S1MI02-20220714-8W,0.7998497486114502,0.743582010269165,0.6293042898178101,0.08690604567527771,0.09221597015857697,0.11013765633106232,0.215278759598732,0.09636203199625015,0.799849808216095,0.008318476378917694,0.05452954024076462,0.0869060754776001,0.05626780167222023,0.7863394383394383,0.0030215710215710217,0.0,0.003155609822276489,3021.571021571022,False,
S1MI02-20220721-9W,0.8094378113746643,0.7636730670928955,0.6640072464942932,0.0794924944639206,0.0844411551952362,0.11291871964931488,0.18047687411308289,0.08880531042814255,0.8094388842582703,0.008247504010796547,0.0503571555018425,0.07949420064687729,0.0457647331058979,0.25151702618369287,0.0018309591642924976,0.0,0.0024653371320037987,1830.9591642924977,False,
S1MI02-20220802-10W,0.7402850389480591,0.6923779845237732,0.589785635471344,0.08626048266887665,0.08859404921531677,0.1122177317738533,0.20401127636432648,0.08735425025224686,0.7402850389480591,0.008219815790653229,0.047136999666690826,0.08626050502061844,0.047907017171382904,0.35989526522859855,0.0024664224664224664,0.0,0.003511056844390178,2466.4224664224666,False,
S1MI02-20220822-13W,0.7408552169799805,0.6911672949790955,0.600484311580658,0.07409659028053284,0.07606742531061172,0.10595446825027466,0.1892247349023819,0.07487892359495163,0.7408552169799805,0.008213975466787815,0.039517927914857864,0.07409662753343582,0.049688007682561874,0.4080933387600054,0.0014098494098494097,0.0,0.003522452855786189,1409.8494098494098,False,
S1MI02-20220906-15W,0.7251943349838257,0.676210343837738,0.5710409879684448,0.10449821501970291,0.10624964535236359,0.11241026222705841,0.2158827781677246,0.10639511793851852,0.7251943945884705,0.008859462104737759,0.060756511986255646,0.10449784249067307,0.048983946442604065,0.4437927011260345,0.004782526115859449,2.1164021164021164e-05,0.006167955501288834,215.77881019275145,False,
S1MI02-20221102-24W,0.555010199546814,0.48211222887039185,0.3579432964324951,0.10261812061071396,0.12155356258153915,0.10537955909967422,0.3695264458656311,0.11653607338666916,0.5550103187561035,0.01870155893266201,0.1350376456975937,0.10261767357587814,0.07289796322584152,0.8873976393976394,0.09584425451092118,4.341337674671008e-05,0.08774277574277574,2158.004221510152,False,
S1MI02-20221110-25W,0.7376589179039001,0.6653672456741333,0.5461753010749817,0.10346786677837372,0.13308021426200867,0.10779876261949539,0.2665480375289917,0.1415291577577591,0.7376589179039001,0.01955985277891159,0.1434512734413147,0.10346782952547073,0.07229170203208923,0.500754307420974,0.04579785646452313,4.341337674671008e-06,0.0030194003527336862,8574.229763023546,False,
S1MI02-20221206-28W,0.6655950546264648,0.5781543850898743,0.43043941259384155,0.11389331519603729,0.14304395020008087,0.10712072998285294,0.3650180399417877,0.1414325088262558,0.6655950546264648,0.02184460125863552,0.1522287279367447,0.1138932928442955,0.08744067698717117,0.8826308506308507,0.08317785917785918,6.512006512006512e-06,0.0049740876407543076,11072.655361109606,False,
S1MI03-20220518-0W,0.8554266691207886,0.8029955625534058,0.686934769153595,0.09523764252662659,0.10010997951030731,0.11345434933900833,0.1991308480501175,0.09842479228973389,0.8554266691207886,0.009088650345802307,0.041374705731868744,0.09523722529411316,0.05243103206157684,0.5266308506308506,0.003555012888346222,4.341337674671008e-06,0.005348528015194682,665.5660257549974,False,
S1MI03-20220603-2W,0.7319581508636475,0.6844048500061035,0.5717350840568542,0.09073905646800995,0.09524068981409073,0.11575969308614731,0.22283998131752014,0.09499452263116837,0.7319581508636475,0.006954458076506853,0.05583512410521507,0.09073905646800995,0.04755329340696335,0.40560412427079096,0.007584316917650251,5.42667209333876e-06,0.011764482431149097,1180.1313039623399,False,
S1MI03-20220609-3W,0.8747632503509521,0.833107054233551,0.7409826517105103,0.1039935052394867,0.11121684312820435,0.11331821233034134,0.15640777349472046,0.11775120347738266,0.8747632503509521,0.008390911854803562,0.05637730658054352,0.1039935052394867,0.04165622591972351,0.15578021978021978,0.004626780626780627,5.42667209333876e-07,0.00737701804368471,2999.208512883652,False,
S1MI03-20220616-4W,0.8817623257637024,0.837733805179596,0.7394891977310181,0.09340788424015045,0.10013507306575775,0.11360292881727219,0.16357162594795227,0.10543008148670197,0.8817623257637024,0.007529741153120995,0.04924990236759186,0.09340788424015045,0.04402850195765495,0.18364997964997964,0.003029168362501696,0.0,0.0058217338217338216,3029.168362501696,False,
S1MI03-20220623-5W,0.816471517086029,0.7726190686225891,0.6645772457122803,0.1006615087389946,0.10606031864881516,0.1174871027469635,0.18916407227516174,0.10864581912755966,0.816471517086029,0.006898303981870413,0.05485928803682327,0.1006615087389946,0.04385243356227875,0.20042545109211776,0.004706552706552706,0.0,0.0067328720662054,4706.552706552707,False,
S1MI03-20220630-6W,0.8421769142150879,0.7994934320449829,0.6960920095443726,0.10555865615606308,0.11199720948934555,0.116653211414814,0.17827533185482025,0.11910471320152283,0.8421769142150879,0.007820607163012028,0.06738593429327011,0.10555858165025711,0.042683497071266174,0.18611260344593678,0.006863654863654864,2.5505358838692173e-05,0.007292904626237959,258.9534782541933,False,
S1MI03-20220708-7W,0.8294992446899414,0.787756085395813,0.6862755417823792,0.08224219083786011,0.08940384536981583,0.11689209192991257,0.17452962696552277,0.09569855779409409,0.8294992446899414,0.006811513099819422,0.05173078924417496,0.08224219083786011,0.04174325615167618,0.1503052503052503,0.002823497490164157,0.0,0.004388549721883055,2823.497490164157,False,
S1MI03-20220714-8W,0.8030961751937866,0.7473270297050476,0.633538544178009,0.08696828037500381,0.09197322279214859,0.11035914719104767,0.2130913883447647,0.09561009705066681,0.8030961751937866,0.008389292284846306,0.05471751093864441,0.08696828782558441,0.055769190192222595,0.779021571021571,0.003440510107176774,0.0,0.0032142178808845477,3440.510107176774,False,
S1MI03-20220721-9W,0.8123604655265808,0.7684428095817566,0.6763228178024292,0.08772321790456772,0.09503519535064697,0.111274354159832,0.16996651887893677,0.10040200501680374,0.8123610019683838,0.009121016599237919,0.05897508189082146,0.08772235363721848,0.043917641043663025,0.18479392212725546,0.005282322615655949,1.085334418667752e-06,0.005300773300773301,2533.081777372975,False,
S1MI03-20220802-10W,0.7835339307785034,0.7371573448181152,0.6368134617805481,0.09988860785961151,0.1059952825307846,0.11267472058534622,0.19117392599582672,0.10833605378866196,0.7835343480110168,0.009569121524691582,0.06778392940759659,0.09988753497600555,0.046376559883356094,0.2881812508479175,0.007832315832315832,7.597340930674264e-06,0.007370506037172704,911.0160799103691,False,
S1MI03-20220822-13W,0.8042379021644592,0.7537164688110352,0.6499831676483154,0.07915333658456802,0.08533056825399399,0.1107654720544815,0.192945197224617,0.08743900060653687,0.804237961769104,0.00860574096441269,0.050716061145067215,0.07915312051773071,0.05052144452929497,0.47788142721476057,0.003711843711843712,0.0,0.005377289377289377,3711.843711843712,False,
S1MI03-20220906-15W,0.7080507278442383,0.6580352783203125,0.5546278953552246,0.11158093065023422,0.11623775959014893,0.11120373755693436,0.2249421924352646,0.11708231270313263,0.7080512642860413,0.011451751925051212,0.08886691927909851,0.11157803237438202,0.05001542344689369,0.43349179215845884,0.013989960656627323,0.000201329534662868,0.016609957943291277,69.14443153313293,False,
S1MI03-20221102-24W,0.609992265701294,0.5396087169647217,0.4155809283256531,0.1000007838010788,0.1269397735595703,0.10806641727685928,0.3345184922218323,0.12434478104114532,0.6099927425384521,0.020405570045113564,0.1479998379945755,0.09999807178974152,0.07038357108831406,0.7476027676027676,0.08145597612264278,0.00018342151675485008,0.028581739248405916,441.68369047154897,False,
S1MI03-20221110-25W,0.6809901595115662,0.5982633829116821,0.4736417233943939,0.11654204875230789,0.1487785130739212,0.10473772138357162,0.31728971004486084,0.14617179334163666,0.6809905767440796,0.024034278467297554,0.16434337198734283,0.11653976142406464,0.08272674679756165,0.6038301451634785,0.088993080993081,0.0001514041514041514,0.00981847781847782,583.9281946925815,False,
S1MI03-20221206-28W,0.643722414970398,0.5514238476753235,0.40315309166908264,0.11581631749868393,0.15190273523330688,0.10545316338539124,0.3909045159816742,0.14392437040805817,0.6437228322029114,0.02552851475775242,0.17147444188594818,0.11581435054540634,0.09229856729507446,0.8102612942612942,0.12771998371998372,0.0001514041514041514,0.012457468457468458,838.0348077349336,False,
S1MI04-20220518-0W,0.7258319854736328,0.6831868886947632,0.5915313959121704,0.07543734461069107,0.07873979955911636,0.1117226630449295,0.18637406826019287,0.07721453905105591,0.7258320450782776,0.0070479982532560825,0.03319010138511658,0.07543756067752838,0.04264509677886963,0.08728747795414463,0.002961877628544295,0.0,0.01307231040564374,2961.877628544295,False,
S1MI04-20220603-2W,0.8358880877494812,0.791361391544342,0.6828572154045105,0.10173831880092621,0.10807092487812042,0.1172042116522789,0.18738971650600433,0.11107617616653442,0.8358880877494812,0.0071985009126365185,0.06340866535902023,0.10173831880092621,0.0445265993475914,0.18636005969339303,0.006357346357346357,4.341337674671008e-06,0.009173789173789174,1190.2161489421148,False,
S1MI04-20220609-3W,0.8758204579353333,0.8332100510597229,0.740338146686554,0.11304590106010437,0.12310659140348434,0.11363939940929413,0.15945197641849518,0.12927111983299255,0.8758204579353333,0.012021465227007866,0.07094129920005798,0.11304590106010437,0.04261033236980438,0.1392408085741419,0.006291140957807625,0.0,0.009116266449599782,6291.1409578076245,False,
S1MI04-20220616-4W,0.8664072751998901,0.8203060626983643,0.7243732213973999,0.08375734090805054,0.09458089619874954,0.1117602065205574,0.16598521173000336,0.10178929567337036,0.8664072751998901,0.008676962926983833,0.06296433508396149,0.08375734090805054,0.046101219952106476,0.1780632207298874,0.003962013295346629,0.0,0.003803011803011803,3962.0132953466286,False,
S1MI04-20220623-5W,0.8433831930160522,0.7958480715751648,0.6850641965866089,0.10368248075246811,0.11541260033845901,0.11644919216632843,0.19294613599777222,0.12299591302871704,0.8433831930160522,0.009335421957075596,0.08157996833324432,0.10368248075246811,0.04753514751791954,0.2522952109618776,0.008543752543752543,0.0,0.007216931216931217,8543.752543752544,False,
S1MI04-20220630-6W,0.7611960172653198,0.7177222371101379,0.6173771619796753,0.0881325826048851,0.10107211023569107,0.11638621240854263,0.19291788339614868,0.10795284807682037,0.7611960172653198,0.010294252075254917,0.08524592965841293,0.0881325826048851,0.043473877012729645,0.16463926197259532,0.009935693935693936,0.0,0.012217609550942884,9935.693935693937,False,
S1MI04-20220708-7W,0.8299872279167175,0.7845638394355774,0.6824163794517517,0.10733547806739807,0.11828872561454773,0.11550919711589813,0.18236757814884186,0.12401242554187775,0.8299872279167175,0.010425694286823273,0.08207488059997559,0.10733547806739807,0.04542339965701103,0.18759571292904625,0.009541717541717542,0.0,0.009046262379595714,9541.717541717542,False,
S1MI04-20220714-8W,0.8169856071472168,0.7643958926200867,0.65302973985672,0.10258243978023529,0.11700600385665894,0.11401000618934631,0.2056989073753357,0.12558020651340485,0.8169856071472168,0.01035168208181858,0.09577208757400513,0.10258243978023529,0.05258971080183983,0.3053707773707774,0.012313118979785646,5.42667209333876e-07,0.007242979242979243,7981.707853311055,False,
S1MI04-20220721-9W,0.812307596206665,0.7612190842628479,0.6651289463043213,0.10391907393932343,0.11820249259471893,0.10916630178689957,0.18578480184078217,0.1262633502483368,0.8123077154159546,0.011033452115952969,0.0938153937458992,0.10391904413700104,0.051088619977235794,0.22851064984398317,0.012340795007461674,1.085334418667752e-06,0.008242572242572242,5917.897339145144,False,
S1MI04-20220802-10W,0.7623760104179382,0.7034642696380615,0.5906952023506165,0.11311779916286469,0.12923632562160492,0.11048372089862823,0.23257385194301605,0.13458000123500824,0.7623760104179382,0.012662727385759354,0.10959287732839584,0.11311767250299454,0.05891178548336029,0.4741326821326821,0.022778456111789445,1.7365350698684032e-05,0.011755799755799755,1240.2951887775077,False,
S1MI04-20220822-13W,0.7878749370574951,0.72428297996521,0.6101939082145691,0.07386927306652069,0.0938645675778389,0.10755942016839981,0.22793559730052948,0.10067100077867508,0.7878749370574951,0.011905510909855366,0.08406729996204376,0.07386927306652069,0.06359191983938217,0.687320580653914,0.011699362366029033,0.0,0.002612399945733279,11699.362366029034,False,
S1MI04-20220906-15W,0.7386349439620972,0.6703677773475647,0.5506369471549988,0.11170341074466705,0.13842329382896423,0.10877836495637894,0.26559415459632874,0.14881323277950287,0.7386350631713867,0.01813374273478985,0.14205047488212585,0.11170271784067154,0.06826705485582352,0.5382292768959436,0.0425006105006105,1.5737349070682402e-05,0.010924433591100258,2539.267737150546,False,
S1MI04-20221102-24W,0.6113911271095276,0.4808932840824127,0.33744126558303833,0.10906688123941422,0.15510058403015137,0.09015368670225143,0.4657207727432251,0.13894329965114594,0.6113911271095276,0.027884460985660553,0.1698383092880249,0.10906685888767242,0.1304977983236313,0.9546086012752679,0.24222602089268755,7.597340930674264e-06,0.018669380002713336,28174.52778084613,False,
S1MI04-20221110-25W,0.7541348934173584,0.604998767375946,0.43989554047584534,0.1416623890399933,0.19394856691360474,0.09183699637651443,0.4345170259475708,0.18107867240905762,0.7541350722312927,0.031616631895303726,0.1846385896205902,0.14166246354579926,0.14913615584373474,0.8608188848188848,0.16734500067833402,0.0,0.0036825396825396826,167345.00067833404,False,
S1MI04-20221206-28W,0.6570061445236206,0.4875118136405945,0.30936771631240845,0.14099803566932678,0.18991436064243317,0.08637960255146027,0.5509019494056702,0.1544916331768036,0.6570062637329102,0.031323716044425964,0.17111335694789886,0.14099788665771484,0.1694943755865097,0.9551794871794872,0.32041296974630307,2.8218694885361552e-05,0.005196038529371862,10966.026066647784,False,
S1MI05-20220518-0W,0.7400911450386047,0.7001245617866516,0.6123473048210144,0.07406903803348541,0.0776156336069107,0.11229740083217621,0.173493891954422,0.07711004465818405,0.7400911450386047,0.006895255297422409,0.031176108866930008,0.0740690752863884,0.03996659070253372,0.04435273368606702,0.0024105277438610773,3.798670465337132e-06,0.0052877492877492875,502.33241921347997,False,
S1MI05-20220603-2W,0.7218392491340637,0.6759515404701233,0.5745384097099304,0.1041242778301239,0.10707444697618484,0.11312411725521088,0.20888856053352356,0.10735608637332916,0.7218393087387085,0.007906432263553143,0.05519695580005646,0.10412364453077316,0.045887600630521774,0.3449805996472663,0.005293175959842626,5.42667209333876e-05,0.011488264821598156,95.77510426613578,False,
S1MI05-20220609-3W,0.8350640535354614,0.7920053601264954,0.7020726203918457,0.0977453887462616,0.10399715602397919,0.11099426448345184,0.1619623303413391,0.10760125517845154,0.8350640535354614,0.008863658644258976,0.04737964645028114,0.0977453887462616,0.043058693408966064,0.14897028897028897,0.004154117487450821,0.0,0.0038610771944105277,4154.117487450821,False,
S1MI05-20220616-4W,0.8495522141456604,0.8015843033790588,0.6988951563835144,0.0931805819272995,0.1010684221982956,0.1121482253074646,0.17987971007823944,0.10493121296167374,0.8495522141456604,0.00868973508477211,0.04994766786694527,0.0931805819272995,0.047967903316020966,0.44527418260751594,0.004151404151404151,0.0,0.0033015873015873015,4151.404151404152,False,
S1MI05-20220623-5W,0.6446041464805603,0.603956937789917,0.50640869140625,0.08464028686285019,0.08875828236341476,0.11620375514030457,0.2179192155599594,0.08712799102067947,0.6446041464805603,0.007968084886670113,0.05571935698390007,0.0846402645111084,0.0406472310423851,0.0868641975308642,0.008331569664902998,4.341337674671008e-06,0.014519061185727853,1559.8283000177796,False,
S1MI05-20220630-6W,0.7110560536384583,0.6676706671714783,0.5647651553153992,0.10172572731971741,0.10603044927120209,0.11613915860652924,0.21045039594173431,0.10544662177562714,0.7110560536384583,0.008483584970235825,0.06165787950158119,0.10172572731971741,0.043385379016399384,0.16560575227241894,0.007951702618369284,1.085334418667752e-05,0.008022249355582689,670.840439047281,False,
S1MI05-20220708-7W,0.8081884980201721,0.7651967406272888,0.6648028492927551,0.08990416675806046,0.09606990963220596,0.11544844508171082,0.1794341653585434,0.0981728732585907,0.8081884980201721,0.007940919138491154,0.04552463814616203,0.08990416675806046,0.0429917573928833,0.15885714285714286,0.0036461809795143127,0.0,0.0033227513227513227,3646.180979514313,False,
S1MI05-20220714-8W,0.8088511228561401,0.7575840950012207,0.6457775235176086,0.10304540395736694,0.11158570647239685,0.11348434537649155,0.20588985085487366,0.11607739329338074,0.8088522553443909,0.009192082099616528,0.0682055652141571,0.10304346680641174,0.05126696079969406,0.4783036223036223,0.006948853615520282,2.71333604666938e-06,0.004274046940713608,1871.3236637316868,False,
S1MI05-20220721-9W,0.7772684097290039,0.7282734513282776,0.633758008480072,0.08512609452009201,0.09593982249498367,0.10909135639667511,0.18705756962299347,0.10372310131788254,0.7772684097290039,0.010298815555870533,0.07470819354057312,0.08512602001428604,0.04899492859840393,0.28298901098901097,0.007161036494369828,3.256003256003256e-06,0.0024924704924704924,1682.5730770456792,False,
S1MI05-20220802-10W,0.791484534740448,0.7384237051010132,0.6359275579452515,0.10989207774400711,0.12125995755195618,0.10980118811130524,0.20150509476661682,0.1276191622018814,0.7914845943450928,0.011651492677628994,0.08867000043392181,0.10989192873239517,0.053060803562402725,0.3984631664631665,0.011554470221136887,1.1938678605345272e-05,0.005147741147741147,893.0177936689349,False,
S1MI05-20220822-13W,0.7689229249954224,0.7051281929016113,0.5947194695472717,0.07380319386720657,0.08940080553293228,0.10540618747472763,0.2280939519405365,0.09499657154083252,0.7689229249954224,0.0109448516741395,0.07981139421463013,0.07380319386720657,0.06379478424787521,0.7105847239180573,0.010668837335504002,0.0,0.0022026862026862026,10668.837335504002,False,
S1MI05-20220906-15W,0.6516475081443787,0.58359694480896,0.4606039822101593,0.09883967787027359,0.11801935732364655,0.10894431173801422,0.3008650839328766,0.12245012819766998,0.6516475081443787,0.015457040630280972,0.1295686513185501,0.09883946180343628,0.06805058568716049,0.6663741690408357,0.04937566137566138,4.28707095373762e-05,0.013770180436847104,1125.4812583688706,False,
S1MI05-20221102-24W,0.5645166039466858,0.44235000014305115,0.2909896671772003,0.11886295676231384,0.1509343534708023,0.09290844947099686,0.5037791132926941,0.13319361209869385,0.5645166039466858,0.02556006610393524,0.16250960528850555,0.11886295676231384,0.12216659635305405,0.967715642382309,0.27656166056166054,1.3024013024013025e-05,0.051139329805996475,19720.579272716717,False,
S1MI05-20221110-25W,0.6648224592208862,0.5261507034301758,0.3651579022407532,0.12539884448051453,0.16271790862083435,0.09122554957866669,0.46523839235305786,0.14183779060840607,0.6648226380348206,0.029163025319576263,0.15616147220134735,0.12539826333522797,0.13867177069187164,0.9459449192782526,0.18451390584723917,7.543074209740877e-05,0.005038122371455705,2414.1320728258997,False,
S1MI05-20221206-28W,0.6386168599128723,0.4629235565662384,0.27125853300094604,0.12822818756103516,0.16843566298484802,0.08644317090511322,0.5880530476570129,0.12730401754379272,0.6386171579360962,0.03100750781595707,0.146251380443573,0.12822723388671875,0.17569339275360107,0.9851211504544838,0.3426943426943427,7.597340930674265e-05,0.00273992673992674,4452.113343826173,False,
S1MI06-20220518-0W,0.7780812382698059,0.7385562062263489,0.6507315039634705,0.06762402504682541,0.06960397213697433,0.11260893940925598,0.16367389261722565,0.06981455534696579,0.7780812382698059,0.0068147010169923306,0.026860453188419342,0.06762402504682541,0.03952493891119957,0.03509211775878442,0.0017294803961470629,0.0,0.003868674535341202,1729.480396147063,False,
S1MI06-20220603-2W,0.8689758777618408,0.8311453461647034,0.7324967980384827,0.07029779255390167,0.07393717765808105,0.11866042762994766,0.15736331045627594,0.07696365565061569,0.8689758777618408,0.0053773606196045876,0.031179996207356453,0.07029779255390167,0.037830524146556854,0.04491059557726224,0.0014955908289241622,0.0,0.0028121014787681454,1495.5908289241622,False,
S1MI06-20220609-3W,0.8860812783241272,0.8483846187591553,0.7748221158981323,0.08298642933368683,0.08630190789699554,0.10780759900808334,0.1262599378824234,0.08958916366100311,0.8860812783241272,0.010084371082484722,0.03259402886033058,0.08298642933368683,0.03769664838910103,0.03919793786460453,0.002389363722697056,0.0,0.004133496133496134,2389.3637226970563,False,
S1MI06-20220616-4W,0.8793070316314697,0.838981568813324,0.7458029985427856,0.07885164022445679,0.08191374689340591,0.11432816088199615,0.1523996740579605,0.08371227234601974,0.8793070316314697,0.006707461085170507,0.033510416746139526,0.07885164022445679,0.040325477719306946,0.07037525437525438,0.002415411748745082,0.0,0.0038209198209198207,2415.411748745082,False,
S1MI06-20220623-5W,0.7962438464164734,0.7564037442207336,0.6618188619613647,0.062205538153648376,0.06607095152139664,0.11534074693918228,0.16871340572834015,0.06649985909461975,0.7962438464164734,0.005471685901284218,0.02809489518404007,0.062205538153648376,0.03984016180038452,0.05718192918192918,0.0012085198751865419,0.0,0.003339574006240673,1208.5198751865419,False,
S1MI06-20220630-6W,0.8618096709251404,0.8247004747390747,0.7319730520248413,0.08188804984092712,0.08572974056005478,0.1169283539056778,0.15192773938179016,0.08905956149101257,0.8618096709251404,0.006160151679068804,0.04025948420166969,0.08188804984092712,0.037109196186065674,0.05619156152489486,0.002631393298059965,0.0,0.0038909238909238908,2631.3932980599648,False,
S1MI06-20220708-7W,0.8402361869812012,0.8022009134292603,0.7138589024543762,0.08887352049350739,0.09199704974889755,0.11418788135051727,0.15178737044334412,0.09367948770523071,0.8402361869812012,0.006790952291339636,0.037710949778556824,0.0888734832406044,0.03803534805774689,0.05648243114909782,0.0030970017636684304,0.0,0.004858499525166191,3097.0017636684306,False,
S1MI06-20220714-8W,0.8030656576156616,0.7539621591567993,0.648207426071167,0.07804790884256363,0.08261732012033463,0.1122775599360466,0.19416747987270355,0.0832303836941719,0.8030656576156616,0.008672199212014675,0.04271281138062477,0.07804790884256363,0.04910348728299141,0.4872147605480939,0.003094288427621761,2.170668837335504e-06,0.004363587030253697,975.9103162038424,False,
S1MI06-20220721-9W,0.7902523875236511,0.7466785907745361,0.6545182466506958,0.07783012837171555,0.08179131150245667,0.11126486957073212,0.17286327481269836,0.08175355941057205,0.7902523875236511,0.007331539876759052,0.0410623624920845,0.07783012837171555,0.043573763221502304,0.14040482973816307,0.0032804232804232803,4.884004884004884e-06,0.00474345407678741,557.5153904682853,False,
S1MI06-20220802-10W,0.8094457983970642,0.7629793882369995,0.6707509160041809,0.0894918143749237,0.09270927309989929,0.10899077355861664,0.17259559035301208,0.09323632717132568,0.8094457983970642,0.008100640028715134,0.03840380907058716,0.0894918143749237,0.046466466039419174,0.26883245149911816,0.0027898521231854564,0.0,0.0037020757020757022,2789.8521231854565,False,
S1MI06-20220822-13W,0.8071945309638977,0.7590364813804626,0.6576137542724609,0.06648539751768112,0.06902531534433365,0.11129745095968246,0.18456235527992249,0.06541740894317627,0.8071945309638977,0.007882582023739815,0.02893209457397461,0.06648539751768112,0.04815807566046715,0.402678605345272,0.0013338760005426672,0.0,0.0027903947903947903,1333.8760005426673,False,
S1MI06-20220906-15W,0.7177464962005615,0.6708194017410278,0.5663056969642639,0.09902597963809967,0.1015777736902237,0.11380601674318314,0.21511349081993103,0.09866632521152496,0.7177468538284302,0.009273537434637547,0.06376893818378448,0.09902363270521164,0.046927113085985184,0.3387269027269027,0.008797178130511464,0.00010310676977343644,0.009573192239858907,84.50149927479667,False,
S1MI06-20221102-24W,0.5946106910705566,0.5311959981918335,0.41937336325645447,0.08800545334815979,0.10366632789373398,0.10661928355693817,0.30486467480659485,0.10064531117677689,0.5946109294891357,0.015700552612543106,0.11144862323999405,0.08800435066223145,0.06341472268104553,0.7743486636819971,0.050662325328991994,0.00013295346628679962,0.03317378917378917,378.208393805368,False,
S1MI06-20221110-25W,0.6974425315856934,0.6385454535484314,0.5356508493423462,0.10770858079195023,0.1288750320672989,0.10808825492858887,0.2420402318239212,0.12895308434963226,0.6974428296089172,0.019014954566955566,0.11937201768159866,0.10770773142576218,0.05889716371893883,0.3582379595712929,0.04887912087912088,0.00012969746303079636,0.010573870573870573,373.9867610712799,False,
S1MI06-20221206-28W,0.7025914788246155,0.6260316371917725,0.48898962140083313,0.10686813294887543,0.13286302983760834,0.10761378705501556,0.3153097331523895,0.129335418343544,0.702591598033905,0.01812666468322277,0.12418419122695923,0.10686781257390976,0.07655991613864899,0.9407624474291141,0.06321476054809388,5.1010717677384346e-05,0.00830660697327364,1215.417963278391,False,
S1MI07-20220518-0W,0.7352626323699951,0.6915090084075928,0.6044809222221375,0.10409611463546753,0.11208675801753998,0.10907792299985886,0.1824483573436737,0.11387569457292557,0.7352626323699951,0.008883538655936718,0.049319323152303696,0.10409611463546753,0.04375356063246727,0.2538401845068512,0.002380681047347714,2.170668837335504e-06,0.012949667616334284,750.8450643960463,False,
S1MI07-20220603-2W,0.7043519020080566,0.6632584929466248,0.5647814273834229,0.1255049854516983,0.132026806473732,0.11613744497299194,0.207594096660614,0.13340367376804352,0.7043519020080566,0.008931919932365417,0.06876761466264725,0.12550486624240875,0.04109341651201248,0.2158317731651065,0.009756613756613757,2.007868674535341e-05,0.0426992266992267,462.86630066099855,False,
S1MI07-20220609-3W,0.8672435879707336,0.829608678817749,0.7542178630828857,0.12956903874874115,0.13916896283626556,0.11065748333930969,0.13617348670959473,0.14826704561710358,0.8672441244125366,0.017004868015646935,0.05628497898578644,0.12956911325454712,0.0376349575817585,0.181014245014245,0.002338353005019672,5.42667209333876e-07,0.009200379867046533,1515.7857708205086,False,
S1MI07-20220616-4W,0.8786544799804688,0.8351158499717712,0.7525795102119446,0.11264405399560928,0.12203208357095718,0.10800571739673615,0.14750950038433075,0.1296275407075882,0.8786544799804688,0.013127298094332218,0.05060478299856186,0.11264405399560928,0.04353862628340721,0.26710839777506445,0.0013935693935693935,0.0,0.0051271197937864605,1393.5693935693937,False,
S1MI07-20220623-5W,0.8198700547218323,0.7797286510467529,0.6905127763748169,0.12348368763923645,0.1318391114473343,0.11341598629951477,0.1639552265405655,0.13874436914920807,0.8198700547218323,0.008288969285786152,0.05999346077442169,0.12348368763923645,0.040141381323337555,0.22152326685660018,0.003488807488807489,0.0,0.010740469407136074,3488.807488807489,False,
S1MI07-20220630-6W,0.8383007049560547,0.7981630563735962,0.7115648984909058,0.13584303855895996,0.1449051946401596,0.11286850273609161,0.15889638662338257,0.15377502143383026,0.8383007049560547,0.012214921414852142,0.06541134417057037,0.13584303855895996,0.0401376336812973,0.23758675892009226,0.004027133360466693,3.256003256003256e-06,0.012821055487722154,946.2242198208535,False,
S1MI07-20220708-7W,0.8321189284324646,0.7940835952758789,0.7057406902313232,0.1211443543434143,0.12821008265018463,0.115031398832798,0.1570281833410263,0.13532862067222595,0.8321189284324646,0.010388839058578014,0.05355626344680786,0.1211443543434143,0.03803526610136032,0.15045448378781712,0.0022824582824582823,5.42667209333876e-07,0.009941120607787275,1479.5532494943277,False,
S1MI07-20220714-8W,0.7811314463615417,0.732011616230011,0.632679283618927,0.1277914196252823,0.1356484740972519,0.11011826246976852,0.19791729748249054,0.140125572681427,0.7811314463615417,0.008721297606825829,0.06707902252674103,0.12779131531715393,0.04911985248327255,0.42625478225478225,0.0055688509021842355,4.341337674671008e-06,0.01754280287613621,1042.5948032816032,False,
S1MI07-20220721-9W,0.7470676898956299,0.7006350755691528,0.6034437417984009,0.12421540170907974,0.13060854375362396,0.11115933954715729,0.20000526309013367,0.13365229964256287,0.7470676898956299,0.00833155494183302,0.06791888922452927,0.12421536445617676,0.04643261432647705,0.3604211097544431,0.006926604259937593,1.899335232668566e-05,0.02404178537511871,346.44536577752746,False,
S1MI07-20220802-10W,0.7210125923156738,0.6729651093482971,0.5757346749305725,0.12438647449016571,0.12825019657611847,0.1098531037569046,0.2084755301475525,0.12705227732658386,0.7210125923156738,0.008282478898763657,0.0617799311876297,0.12438638508319855,0.04804743081331253,0.39401329534662866,0.0078990638990639,3.635870302536969e-05,0.029429928096594764,211.43838675822803,False,
S1MI07-20220822-13W,0.8150888085365295,0.7660683989524841,0.6686302423477173,0.10479242354631424,0.11098882555961609,0.10926612466573715,0.1827489286661148,0.11300502717494965,0.8150888085365295,0.0077534886077046394,0.04531582444906235,0.10479242354631424,0.049020376056432724,0.37765567765567765,0.0015200108533441866,0.0,0.006377425044091711,1520.0108533441867,False,
S1MI07-20220906-15W,0.6917213201522827,0.6444140672683716,0.5451698303222656,0.15064755082130432,0.1549353301525116,0.11126390844583511,0.22508764266967773,0.15453261137008667,0.6917216181755066,0.009724305011332035,0.08185885846614838,0.15064656734466553,0.047307319939136505,0.3817180843847511,0.012619183285849952,0.00013078279744946412,0.06463980463980463,95.75743974238473,False,
S1MI07-20221102-24W,0.6041514277458191,0.557649552822113,0.4558027982711792,0.11380035430192947,0.11449800431728363,0.11328639090061188,0.25419309735298157,0.11095859855413437,0.6041519045829773,0.011828411370515823,0.07686688005924225,0.11379781365394592,0.04650183394551277,0.3404259937593271,0.018815900149233483,0.00029412562745896077,0.05124894858228191,63.75556169499364,False,
S1MI07-20221110-25W,0.7432019114494324,0.6960258483886719,0.6062188744544983,0.14138373732566833,0.14767032861709595,0.10856961458921432,0.19170241057872772,0.1473924219608307,0.7432020306587219,0.010897638276219368,0.08070816844701767,0.14138364791870117,0.04717610403895378,0.22640347307013975,0.013932437932437933,1.790801790801791e-05,0.015595170261836929,736.8534343586542,False,
S1MI07-20221206-28W,0.7362716197967529,0.6766886711120605,0.5513765215873718,0.1446625143289566,0.15287411212921143,0.11236687004566193,0.2638663351535797,0.15273825824260712,0.7362720966339111,0.01159131620079279,0.10231413692235947,0.14466026425361633,0.05958293378353119,0.7689453262786596,0.02019047619047619,0.0001921041921041921,0.022744810744810745,104.55742037739984,False,
S2SA01-20220518-0W,0.7606011629104614,0.7205669283866882,0.6312277913093567,0.05149563029408455,0.052671756595373154,0.11268731951713562,0.16942568123340607,0.05189690738916397,0.7606011629104614,0.0061395675875246525,0.019157057628035545,0.05149563029408455,0.04003418982028961,0.022964590964590966,0.0009816849816849816,0.0,0.002200515533848867,981.6849816849816,False,
S2SA01-20220603-2W,0.8186444044113159,0.7794011831283569,0.6738829612731934,0.06224507465958595,0.06360737234354019,0.1203296110033989,0.1766899973154068,0.06371935456991196,0.8186444044113159,0.004697719123214483,0.0309282373636961,0.062244802713394165,0.03924325853586197,0.01687640754307421,0.0022987382987382987,1.628001628001628e-06,0.0022162528829195497,874.709617469413,False,
S2SA01-20220609-3W,0.8615720868110657,0.8234586119651794,0.7532271146774292,0.07021027058362961,0.07304482907056808,0.1055053099989891,0.12574373185634613,0.07785575836896896,0.8615720868110657,0.008329329080879688,0.03302384912967682,0.07021027058362961,0.03811342641711235,0.01897761497761498,0.0015428028761362094,0.0,0.0021022927689594356,1542.8028761362095,False,
S2SA01-20220616-4W,0.8721020221710205,0.8318416476249695,0.7360795736312866,0.06197797507047653,0.06492014229297638,0.11551985144615173,0.15537038445472717,0.06705150008201599,0.8721020221710205,0.005169864743947983,0.027541982010006905,0.06197797507047653,0.04026036337018013,0.045861891195224526,0.0006642246642246642,0.0,0.0016616469949803283,664.2246642246643,False,
S2SA01-20220623-5W,0.7517727613449097,0.7098374962806702,0.6041702628135681,0.05276240035891533,0.05483398213982582,0.11814190447330475,0.1955036222934723,0.0536927655339241,0.7517727613449097,0.00519509706646204,0.025462394580245018,0.05276240035891533,0.041935235261917114,0.07461945461945461,0.0012611585944919278,0.0,0.0017294803961470629,1261.1585944919277,False,
S2SA01-20220630-6W,0.7984609007835388,0.7547349333763123,0.6605211496353149,0.07463099807500839,0.07815984636545181,0.1121520921587944,0.1737331748008728,0.08051297068595886,0.7984609007835388,0.007192723918706179,0.04084545373916626,0.0746309757232666,0.043726079165935516,0.10066693800027134,0.0031360738027404692,1.628001628001628e-06,0.003254917921584588,1193.3302359196737,False,
S2SA01-20220708-7W,0.860493004322052,0.8235061764717102,0.7310550808906555,0.08237174898386002,0.08525107800960541,0.11696131527423859,0.15114901959896088,0.08771079778671265,0.860493004322052,0.005558801349252462,0.034652840346097946,0.08237174898386002,0.036986853927373886,0.024363587030253698,0.0021864061864061866,0.0,0.0029000135666802335,2186.406186406187,False,
S2SA01-20220714-8W,0.7599281072616577,0.7057336568832397,0.6004989147186279,0.08670073002576828,0.09070654958486557,0.10845509171485901,0.21218711137771606,0.09288658201694489,0.7599281072616577,0.008150584995746613,0.06050187349319458,0.08670058846473694,0.05419442430138588,0.6782612942612942,0.005353412020078687,1.5194681861348528e-05,0.004706552706552706,330.5660503807458,False,
S2SA01-20220721-9W,0.8107523322105408,0.7651183009147644,0.6707586646080017,0.06691320240497589,0.07117735594511032,0.11088189482688904,0.17250221967697144,0.07531537115573883,0.8107597827911377,0.007410834543406963,0.04603270813822746,0.06692558526992798,0.045634038746356964,0.16075810609143942,0.0014576041242707909,0.0,0.001614977614977615,1457.6041242707909,False,
S2SA01-20220802-10W,0.7930240631103516,0.7427605390548706,0.6385360360145569,0.08093501627445221,0.08582781255245209,0.11138547956943512,0.1956225484609604,0.08782412111759186,0.7930291891098022,0.008762819692492485,0.057134609669446945,0.08094295114278793,0.05026351287961006,0.4113992673992674,0.0036917650250983584,5.42667209333876e-07,0.0027502374169040837,2393.1052677864745,False,
S2SA01-20220822-13W,0.7366082668304443,0.6828102469444275,0.5828254818916321,0.08087534457445145,0.08354280889034271,0.10707522928714752,0.20950204133987427,0.08347000926733017,0.7366083264350891,0.008467775769531727,0.05283404514193535,0.08087551593780518,0.05379800125956535,0.5572638719305386,0.0041389228055894725,3.798670465337132e-06,0.004288698955365622,862.5144892708716,False,
S2SA01-20220906-15W,0.6988130807876587,0.6371572613716125,0.5221537947654724,0.08264755457639694,0.09307733178138733,0.10843976587057114,0.2556866407394409,0.09796450287103653,0.6988131999969482,0.010734119452536106,0.09534302353858948,0.0826466903090477,0.061655838042497635,0.7421912901912902,0.01650576583909917,6.674806674806674e-05,0.00632967032967033,243.63449219117652,False,
S2SA01-20221102-24W,0.587351381778717,0.5008093118667603,0.367836058139801,0.09734179079532623,0.1282498985528946,0.10241454094648361,0.38787922263145447,0.12420884519815445,0.587351381778717,0.021958639845252037,0.14792893826961517,0.09734179079532623,0.08654208481311798,0.9705092931759598,0.11931515398182065,1.628001628001628e-06,0.035788359788359786,45401.47643384441,False,
S2SA01-20221110-25W,0.7414108514785767,0.6506100296974182,0.5138617157936096,0.08544935286045074,0.13300390541553497,0.10496141761541367,0.31515997648239136,0.14174534380435944,0.7414108514785767,0.02258547581732273,0.1528058797121048,0.08544910699129105,0.09080082178115845,0.7193867860534527,0.06519603852937186,2.4962691629358297e-05,0.002205942205942206,2511.143276672014,False,
S2SA01-20221206-28W,0.6848629117012024,0.5856639742851257,0.42675796151161194,0.09108410775661469,0.13887076079845428,0.10677735507488251,0.38665467500686646,0.13686129450798035,0.6848629117012024,0.02610163576900959,0.16105857491493225,0.09108403325080872,0.09919898957014084,0.8056730430063763,0.11093257359924026,8.14000814000814e-06,0.0037058743725410393,12137.032254234016,False,
S2SA02-20220518-0W,0.7218522429466248,0.6815595626831055,0.5937178134918213,0.05387699976563454,0.054182276129722595,0.1118907555937767,0.1768878698348999,0.05336921662092209,0.7218522429466248,0.005911286920309067,0.020885515958070755,0.05387699976563454,0.04029269516468048,0.018934201600868266,0.0008471035137701805,1.085334418667752e-06,0.0014261294261294262,406.21950426127125,False,
S2SA02-20220603-2W,0.6385266184806824,0.6003181338310242,0.508247971534729,0.06057102605700493,0.06080899387598038,0.11540547758340836,0.20453773438930511,0.059356845915317535,0.6385267972946167,0.006075143814086914,0.0334152914583683,0.06056889146566391,0.03820846974849701,0.01600705467372134,0.001877628544295211,7.000407000407001e-05,0.005204178537511871,26.443956581468978,False,
S2SA02-20220609-3W,0.8525186777114868,0.8137201070785522,0.7305851578712463,0.05776938796043396,0.06040355563163757,0.11147859692573547,0.14244969189167023,0.06355024874210358,0.8525329232215881,0.007697656750679016,0.026642393320798874,0.05777539312839508,0.038798604160547256,0.04415791615791616,0.0008742368742368742,1.085334418667752e-06,0.0009556369556369557,419.2310194522152,False,
S2SA02-20220616-4W,0.8125113248825073,0.7726327776908875,0.6776739358901978,0.058912280946969986,0.06214761734008789,0.11563367396593094,0.16559483110904694,0.06432118266820908,0.8125320672988892,0.007127170450985432,0.03157476708292961,0.05892154201865196,0.03987859562039375,0.08365215031881698,0.001186270519603853,0.0,0.0011580518247184914,1186.270519603853,False,
S2SA02-20220623-5W,0.8007054924964905,0.7644110321998596,0.666843056678772,0.07329560071229935,0.07629118859767914,0.12011514604091644,0.16777388751506805,0.07774324715137482,0.8007312417030334,0.007984801195561886,0.03840663284063339,0.07330185174942017,0.03629452362656593,0.033753357753357756,0.0016442816442816444,1.085334418667752e-05,0.0016990910324243657,138.71879685479163,False,
S2SA02-20220630-6W,0.8233668208122253,0.7832347750663757,0.6874448657035828,0.06979397684335709,0.07317288964986801,0.11584924161434174,0.16547855734825134,0.07691354304552078,0.8233829736709595,0.008006412535905838,0.040009766817092896,0.06979571282863617,0.040132075548172,0.09946113146113146,0.0016242029575362909,9.225342558675892e-06,0.0012356532356532356,158.8409335155431,False,
S2SA02-20220708-7W,0.8338481783866882,0.7983694076538086,0.708904504776001,0.05696871131658554,0.06125739589333534,0.11743254214525223,0.14951050281524658,0.06609948724508286,0.8338540196418762,0.007188484072685242,0.03548735752701759,0.05696962773799896,0.0354788601398468,0.040955636955636955,0.0014478361145027813,0.0,0.0008704382037715371,1447.8361145027814,False,
S2SA02-20220714-8W,0.8296335935592651,0.7808248400688171,0.6738951206207275,0.07529786229133606,0.07959447801113129,0.11320146173238754,0.1887093335390091,0.08225905895233154,0.8296339511871338,0.007718160282820463,0.044805508106946945,0.07529769837856293,0.04880866780877113,0.47103025369692036,0.0023871930538597206,9.768009768009767e-06,0.0021516754850088183,221.69306169759736,False,
S2SA02-20220721-9W,0.7933909296989441,0.7525962591171265,0.6550167798995972,0.06776732206344604,0.07148788124322891,0.11593939363956451,0.1748782843351364,0.07388290017843246,0.7933955788612366,0.007100447081029415,0.04087936878204346,0.06776794046163559,0.040794651955366135,0.1238654185320852,0.001855921855921856,1.628001628001628e-05,0.0013832587165920499,107.40278399321667,False,
S2SA02-20220802-10W,0.742115318775177,0.697554886341095,0.6028119921684265,0.06915099173784256,0.07243921607732773,0.1118348091840744,0.1880558580160141,0.07371697574853897,0.7421165108680725,0.007573846261948347,0.04423648118972778,0.06915248185396194,0.04456045478582382,0.18359571292904625,0.002613485280151947,0.0,0.0012139465472798805,2613.485280151947,False,
S2SA02-20220822-13W,0.7587210536003113,0.710893988609314,0.6122884154319763,0.06636384129524231,0.06960447877645493,0.11071436107158661,0.19298069179058075,0.06974834203720093,0.758723795413971,0.008498018607497215,0.04176076501607895,0.06636524200439453,0.047827042639255524,0.33115343915343914,0.0018494098494098493,5.42667209333876e-06,0.001912359245692579,287.77099913449155,False,
S2SA02-20220906-15W,0.7091326713562012,0.6595064997673035,0.5503994822502136,0.07749003171920776,0.08279792964458466,0.11373383551836014,0.2255816012620926,0.08422663807868958,0.7091385126113892,0.009760714136064053,0.06877518445253372,0.07749269157648087,0.04962621256709099,0.3848053181386515,0.006462623795957129,7.108940442273775e-05,0.003410120743454077,89.64734620444096,False,
S2SA02-20221102-24W,0.6582449078559875,0.5955464839935303,0.47081488370895386,0.1389676332473755,0.1510695219039917,0.11063717305660248,0.3000187873840332,0.14816388487815857,0.6582455635070801,0.013398648239672184,0.11805732548236847,0.13896726071834564,0.0626983791589737,0.7318713878713878,0.04474074074074074,1.899335232668566e-05,0.0717742504409171,2237.78083883532,False,
S2SA02-20221110-25W,0.7667340636253357,0.7065320611000061,0.5942147374153137,0.11400792002677917,0.1320802867412567,0.1092262789607048,0.23359911143779755,0.1414145529270172,0.7667359709739685,0.013104183599352837,0.11292087286710739,0.11400768905878067,0.06020205840468407,0.4759278252611586,0.022468593135259802,7.705874372541039e-05,0.006146791480124814,287.84210535463205,False,
S2SA02-20221206-28W,0.747733473777771,0.669576108455658,0.5157063007354736,0.1042841449379921,0.13060325384140015,0.11180111765861511,0.31898900866508484,0.1399756222963333,0.7477337718009949,0.015042767859995365,0.13465845584869385,0.10428399592638016,0.07815741002559662,0.8609002849002849,0.03600868267534934,2.1164021164021164e-05,0.00250332383665717,1624.6457449608558,False,
S2SA03-20220518-0W,0.7500747442245483,0.7141091227531433,0.6290071606636047,0.066693976521492,0.06869446486234665,0.11452538520097733,0.16131454706192017,0.06857205927371979,0.7500747442245483,0.005080609582364559,0.025206254795193672,0.066693976521492,0.03596556559205055,0.017237281237281236,0.0014424094424094424,0.0,0.0030617283950617282,1442.4094424094424,False,
S2SA03-20220603-2W,0.7729964852333069,0.7293506860733032,0.6304587125778198,0.08832922577857971,0.0920766070485115,0.11421046406030655,0.18626932799816132,0.09459090232849121,0.7729964852333069,0.006483794655650854,0.054319415241479874,0.08832911401987076,0.043645747005939484,0.1441199294532628,0.00403635870302537,3.256003256003256e-06,0.0031311897978564644,948.3918268464505,False,
S2SA03-20220609-3W,0.8183693289756775,0.7738226652145386,0.680199921131134,0.07879801094532013,0.08661908656358719,0.11159861087799072,0.17014509439468384,0.09288210421800613,0.8183693289756775,0.008222147822380066,0.0572986900806427,0.07879801094532013,0.044546645134687424,0.16027513227513226,0.002771944105277439,0.0,0.002778998778998779,2771.944105277439,False,
S2SA03-20220616-4W,0.8108403086662292,0.7663478255271912,0.6688845753669739,0.07475672662258148,0.08224819600582123,0.1132395789027214,0.17601200938224792,0.0877922996878624,0.8108403086662292,0.007537584286183119,0.05635404586791992,0.07475672662258148,0.044492416083812714,0.14721747388414055,0.0032022792022792022,0.0,0.0030297110297110297,3202.2792022792023,False,
S2SA03-20220623-5W,0.7213587164878845,0.6795388460159302,0.5827422738075256,0.07572907954454422,0.08223015815019608,0.11498454958200455,0.19384144246578217,0.08554007858037949,0.7213587164878845,0.0074310596100986,0.05886971578001976,0.07572907954454422,0.04181986674666405,0.11920282186948854,0.004812372812372813,5.42667209333876e-07,0.003400352733686067,3119.51455456864,False,
S2SA03-20220630-6W,0.8317369818687439,0.7831295728683472,0.677405834197998,0.09081064164638519,0.10318756848573685,0.11410784721374512,0.18881756067276,0.11530990153551102,0.8317369818687439,0.009914027526974678,0.08718929439783096,0.09081064164638519,0.0486074723303318,0.24727065527065528,0.0072880206213539545,2.170668837335504e-06,0.0035642382309048976,2298.5751572461595,False,
S2SA03-20220708-7W,0.7819085717201233,0.7349278330802917,0.6316933035850525,0.0732470452785492,0.08485142141580582,0.11443651467561722,0.19357556104660034,0.09366635233163834,0.7819085717201233,0.009869719855487347,0.07650742679834366,0.0732470452785492,0.04698062688112259,0.20190584723918056,0.006150047483380817,0.0,0.0028956722290055625,6150.047483380817,False,
S2SA03-20220714-8W,0.7755006551742554,0.7204861044883728,0.6102238297462463,0.091517873108387,0.10286705940961838,0.11120328307151794,0.21646638214588165,0.1113874763250351,0.7755006551742554,0.010284870862960815,0.09052684158086777,0.091517873108387,0.05501459166407585,0.4379177859177859,0.009966083299416633,5.42667209333876e-06,0.003860534527201194,1550.7377931645944,False,
S2SA03-20220721-9W,0.7629173994064331,0.711230456829071,0.6023592352867126,0.09020020067691803,0.10084030777215958,0.11310902237892151,0.21356821060180664,0.10874537378549576,0.7629173994064331,0.009977596811950207,0.08930479735136032,0.09020020067691803,0.051686931401491165,0.3193688780355447,0.009927553927553928,4.884004884004884e-06,0.0039028625695292363,1687.2103479283394,False,
S2SA03-20220802-10W,0.7892864346504211,0.7278934121131897,0.6134588718414307,0.10300467163324356,0.11455985903739929,0.10834796726703644,0.22706708312034607,0.12267512828111649,0.7892864346504211,0.010277708992362022,0.092603899538517,0.10300464183092117,0.06139301508665085,0.6867089947089947,0.010484873151539818,3.798670465337132e-06,0.0037134717134717134,2184.953775691951,False,
S2SA03-20220822-13W,0.7161086797714233,0.6591491103172302,0.5514382719993591,0.08211447298526764,0.09209468215703964,0.10873451828956604,0.23284724354743958,0.09639979153871536,0.7161086797714233,0.010055476799607277,0.07821342349052429,0.08211447298526764,0.056959621608257294,0.533373490706824,0.01165432098765432,0.0,0.0045486365486365485,11654.32098765432,False,
S2SA03-20220906-15W,0.6586500406265259,0.5933606028556824,0.47058865427970886,0.11287332326173782,0.122830830514431,0.10889685899019241,0.29477429389953613,0.12525013089179993,0.658650279045105,0.012687035836279392,0.11645364761352539,0.11287194490432739,0.06528939306735992,0.7597975851309184,0.031235381902048567,0.00012318545651878986,0.0338293311626645,251.52206045417648,False,
S2SA03-20221102-24W,0.6173919439315796,0.49061986804008484,0.3356730043888092,0.1038009375333786,0.14780044555664062,0.0942547619342804,0.4712967276573181,0.13444238901138306,0.6173920631408691,0.02576090209186077,0.16810894012451172,0.10379994660615921,0.12677204608917236,0.9690793650793651,0.2169919956586623,9.71374304707638e-05,0.007207705874372541,2211.1032927778415,False,
S2SA03-20221110-25W,0.7477672100067139,0.593529999256134,0.4371846318244934,0.11275316774845123,0.17112934589385986,0.08972203731536865,0.426373153924942,0.16431090235710144,0.7477672100067139,0.03201895207166672,0.1785876303911209,0.11275295913219452,0.15423718094825745,0.8262672636005969,0.1514871794871795,1.1938678605345272e-05,0.0013772893772893773,11708.087364083422,False,
S2SA03-20221206-28W,0.6087958216667175,0.41689810156822205,0.24457022547721863,0.1253938227891922,0.17230163514614105,0.07913833856582642,0.6182782053947449,0.13634924590587616,0.6087959408760071,0.029953178018331528,0.1647605299949646,0.12539322674274445,0.19189773499965668,0.9889111382444716,0.4317682811016144,7.000407000407001e-05,0.0064485144485144485,6080.89481457704,False,
S2SA04-20220518-0W,0.75918048620224,0.7231985926628113,0.6353586912155151,0.07945045083761215,0.08054542541503906,0.1156809851527214,0.1636875420808792,0.07962063699960709,0.75918048620224,0.0054529267363250256,0.030225036665797234,0.07945045083761215,0.0359819121658802,0.013456518789852124,0.002167412834079501,5.42667209333876e-06,0.003840998507665174,337.25274957252327,False,
S2SA04-20220603-2W,0.815467357635498,0.774612545967102,0.6766372323036194,0.07980016618967056,0.08156696707010269,0.11606673896312714,0.17070773243904114,0.0819946676492691,0.815467357635498,0.005697263404726982,0.03154390677809715,0.07980016618967056,0.040854860097169876,0.06331026997693665,0.00161986161986162,5.42667209333876e-06,0.0023546330212996878,252.05294378417176,False,
S2SA04-20220609-3W,0.8370167016983032,0.7990853190422058,0.7095160484313965,0.08390594273805618,0.08683206140995026,0.11475773900747299,0.1530119776725769,0.0886351466178894,0.8370167016983032,0.007040718570351601,0.03218754753470421,0.08390594273805618,0.037931378930807114,0.04486718220051553,0.0013181386514719848,0.0,0.0027464387464387462,1318.138651471985,False,
S2SA04-20220616-4W,0.8481624126434326,0.8067206740379333,0.7071230411529541,0.06388892233371735,0.06710795313119888,0.11603739112615585,0.16586782038211823,0.06942413002252579,0.8481624126434326,0.0057527064345777035,0.02908368781208992,0.06388892233371735,0.04144171252846718,0.14631176231176232,0.0005128205128205128,0.0,0.0013778320444987112,512.8205128205128,False,
S2SA04-20220623-5W,0.779812216758728,0.7349814772605896,0.6293866634368896,0.08870118856430054,0.09059368073940277,0.1156529113650322,0.1940988153219223,0.09003374725580215,0.779812216758728,0.006614335346966982,0.0367891788482666,0.08870118856430054,0.04483076557517052,0.24813566680233348,0.001986161986161986,5.42667209333876e-07,0.002609143942477276,1287.4857092603993,False,
S2SA04-20220630-6W,0.7687587738037109,0.7233562469482422,0.6172834634780884,0.06841027736663818,0.07017175853252411,0.11542432010173798,0.19703957438468933,0.07131501287221909,0.7687587738037109,0.006890777964144945,0.029564574360847473,0.06841027736663818,0.04540249705314636,0.2564726631393298,0.000271333604666938,0.0,0.0017734364401031067,271.333604666938,False,
S2SA04-20220708-7W,0.8072327971458435,0.7692774534225464,0.6731972098350525,0.06923157721757889,0.07196177542209625,0.11757271736860275,0.166062593460083,0.07382109016180038,0.8072327971458435,0.005492023192346096,0.029431214556097984,0.06923157721757889,0.03795541077852249,0.047671143671143675,0.00072663139329806,0.0,0.00200352733686067,726.63139329806,False,
S2SA04-20220714-8W,0.7961381077766418,0.7458922863006592,0.639682948589325,0.1024046316742897,0.10651382803916931,0.11172166466712952,0.19952841103076935,0.10704749822616577,0.7961381077766418,0.008680293336510658,0.048164911568164825,0.1024046316742897,0.050245802849531174,0.5443256003256003,0.0030259123592456926,1.085334418667752e-06,0.0037823904490571158,1451.0441740940732,False,
S2SA04-20220721-9W,0.7762224078178406,0.7316897511482239,0.6420949697494507,0.07993783056735992,0.08338804543018341,0.10943984985351562,0.17361672222614288,0.0836281031370163,0.7762224078178406,0.0072847576811909676,0.03753219172358513,0.07993783056735992,0.04453270509839058,0.18850033916700584,0.0020415140415140417,0.0,0.0026661239994573327,2041.5140415140418,False,
S2SA04-20220802-10W,0.7100642919540405,0.6631842255592346,0.5625100135803223,0.07630137354135513,0.07917192578315735,0.11228461563587189,0.20863203704357147,0.07754552364349365,0.7100642919540405,0.007486472837626934,0.042337361723184586,0.07630137354135513,0.04687996953725815,0.2884145977479311,0.003381902048568715,0.0,0.003296160629493963,3381.902048568715,False,
S2SA04-20220822-13W,0.7180736660957336,0.6707569360733032,0.5783007740974426,0.07606139034032822,0.07781009376049042,0.10857662558555603,0.19524626433849335,0.07656849920749664,0.7180736660957336,0.007088287267833948,0.03947596251964569,0.07606139034032822,0.047316774725914,0.22866368199701534,0.003696649029982363,0.0,0.0036217609550942883,3696.649029982363,False,
S2SA04-20220906-15W,0.6620556712150574,0.6103054285049438,0.5023089647293091,0.07236260175704956,0.07422266155481339,0.11142760515213013,0.24217060208320618,0.07339771836996078,0.6620556712150574,0.007571478374302387,0.05302697792649269,0.07236260175704956,0.05175020918250084,0.5592418939085606,0.005953601953601954,5.969339302672636e-06,0.0037492877492877495,854.256292460727,False,
S2SA04-20221102-24W,0.5650795698165894,0.5054886341094971,0.39620453119277954,0.07371488213539124,0.08251848816871643,0.10687358677387238,0.3047666549682617,0.0819081962108612,0.5650795698165894,0.010887980461120605,0.08384272456169128,0.07371458411216736,0.059590891003608704,0.7964672364672365,0.031185999185999187,2.604802604802605e-05,0.05099823633156966,1152.9861414147495,False,
S2SA04-20221110-25W,0.6948128938674927,0.6317485570907593,0.5217220783233643,0.10002859681844711,0.1154317557811737,0.10699087381362915,0.2560901939868927,0.11869291216135025,0.6948131322860718,0.014272626489400864,0.10773996263742447,0.10002748668193817,0.06306439638137817,0.5727868674535341,0.030743725410392077,7.651607651607651e-05,0.0065087505087505085,396.6109585540744,False,
S2SA04-20221206-28W,0.5710573792457581,0.4818081557750702,0.33905309438705444,0.1011209636926651,0.1267467439174652,0.10311370342969894,0.4220728576183319,0.11933211982250214,0.5710574984550476,0.019953113049268723,0.14175716042518616,0.10112014412879944,0.08924920111894608,0.9722420295753629,0.13995170261836928,7.326007326007326e-05,0.06369339302672636,1884.6157359450904,False,
S2SA05-20220518-0W,0.7612406611442566,0.7284849286079407,0.6502060890197754,0.05736295133829117,0.05834931135177612,0.11486438661813736,0.14486394822597504,0.057943880558013916,0.7612406611442566,0.005343220662325621,0.019821977242827415,0.05736295133829117,0.032755784690380096,0.0035908289241622575,0.0006349206349206349,0.0,0.0015281508614841948,634.9206349206349,False,
S2SA05-20220603-2W,0.8215413093566895,0.7867961525917053,0.6899895668029785,0.06976013630628586,0.0709494948387146,0.12081340700387955,0.1599006950855255,0.07195563614368439,0.8215413093566895,0.006092147435992956,0.023680025711655617,0.06976013630628586,0.0347452312707901,0.005710487043820377,0.0009420702754036087,0.0,0.0012199158865825533,942.0702754036088,False,
S2SA05-20220609-3W,0.7851271629333496,0.7553022503852844,0.6801926493644714,0.06489909440279007,0.0656905546784401,0.117447629570961,0.13286785781383514,0.06622201204299927,0.7851272821426392,0.007644193712621927,0.023682134225964546,0.06489904969930649,0.02982499822974205,0.003940306606973274,0.0007798127798127798,0.0,0.0014011667345000679,779.8127798127799,False,
S2SA05-20220616-4W,0.8451492190361023,0.808445394039154,0.7176940441131592,0.05297134816646576,0.05420650914311409,0.11616568267345428,0.14966121315956116,0.05474421754479408,0.8451492190361023,0.004210929851979017,0.017045916989445686,0.05297134816646576,0.03670385107398033,0.009395740062406729,0.00024094424094424095,0.0,0.0009458689458689459,240.94424094424096,False,
S2SA05-20220623-5W,0.7961044907569885,0.7574617862701416,0.6598946452140808,0.06291414052248001,0.06489010900259018,0.1177297905087471,0.17058704793453217,0.06479612737894058,0.7961047291755676,0.00475446367636323,0.022419139742851257,0.06291463226079941,0.03864273056387901,0.019135531135531136,0.0006468593135259802,0.0,0.0009355582688916022,646.8593135259803,False,
S2SA05-20220630-6W,0.8278369307518005,0.7931679487228394,0.7003352046012878,0.07789769768714905,0.07948118448257446,0.11921055614948273,0.154152050614357,0.08057548105716705,0.827837347984314,0.006652558222413063,0.028572900220751762,0.07789814472198486,0.034668974578380585,0.012032560032560032,0.0009371862705196039,1.085334418667752e-06,0.0013843440510107176,449.4177346952053,False,
S2SA05-20220708-7W,0.8348104953765869,0.8022253513336182,0.7187543511390686,0.06385469436645508,0.06568222492933273,0.11739826947450638,0.13841676712036133,0.06808001548051834,0.8348104953765869,0.00572777446359396,0.022764479741454124,0.06385469436645508,0.03258517384529114,0.0064843304843304845,0.00037606837606837606,0.0,0.0009171075837742504,376.0683760683761,False,
S2SA05-20220714-8W,0.7962820529937744,0.7535682916641235,0.6610350012779236,0.07483982294797897,0.07769405841827393,0.11203286051750183,0.17001552879810333,0.07777870446443558,0.7962820529937744,0.006245682016015053,0.027020074427127838,0.07483982294797897,0.0427137091755867,0.11368009768009768,0.0008064034730701397,0.0,0.0011954958621625288,806.4034730701397,False,
S2SA05-20220721-9W,0.7751638889312744,0.7320801615715027,0.6387425065040588,0.06544378399848938,0.06807958334684372,0.11205755174160004,0.17567721009254456,0.06758338958024979,0.7751638889312744,0.006582606118172407,0.02606653794646263,0.06544379144906998,0.04308366775512695,0.14354361687695022,0.0006886446886446887,0.0,0.0011602224935558269,688.6446886446887,False,
S2SA05-20220802-10W,0.7941819429397583,0.7520748972892761,0.6570835113525391,0.09034425765275955,0.09224052727222443,0.11361848562955856,0.17330420017242432,0.09174109995365143,0.7941819429397583,0.006333415862172842,0.028120873495936394,0.09034425765275955,0.042107127606868744,0.12119441052774386,0.0007157780491113824,0.0,0.00119006919006919,715.7780491113824,False,
S2SA05-20220822-13W,0.7673996686935425,0.7205307483673096,0.6283773183822632,0.08893293887376785,0.09030216932296753,0.10833767801523209,0.18124619126319885,0.08622274547815323,0.7673996686935425,0.007823960855603218,0.02568422071635723,0.08893293887376785,0.046868860721588135,0.3066004612671279,0.0004314204314204314,0.0,0.0012193732193732194,431.42043142043144,False,
S2SA05-20220906-15W,0.6503611207008362,0.6020888686180115,0.4986310601234436,0.08664121478796005,0.08575370907783508,0.11181189864873886,0.23506684601306915,0.08218272775411606,0.6503611207008362,0.00708219176158309,0.036956172436475754,0.08664111793041229,0.04827231541275978,0.45858580925247594,0.0023405236738570073,5.969339302672636e-06,0.015028625695292362,335.83150026279424,False,
S2SA05-20221102-24W,0.6406185030937195,0.5850679278373718,0.46856889128685,0.07545358687639236,0.08244134485721588,0.1117854118347168,0.2723390758037567,0.08433402329683304,0.6406185030937195,0.008754673413932323,0.07022080570459366,0.07545357197523117,0.055550627410411835,0.7011754171754172,0.014666123999457333,7.597340930674264e-06,0.011437796771130104,1705.890707105774,False,
S2SA05-20221110-25W,0.7062878012657166,0.6398179531097412,0.5252230763435364,0.0796244814991951,0.10258691757917404,0.10726135969161987,0.26110535860061646,0.11042933166027069,0.7062878012657166,0.01459409948438406,0.10845396667718887,0.07962444424629211,0.06646991521120071,0.608669651336318,0.031629358296024965,7.054673721340388e-06,0.0032787952787952787,3926.8329655892608,False,
S2SA05-20221206-28W,0.5832524299621582,0.508111298084259,0.3771894574165344,0.08251092582941055,0.1084865927696228,0.10689021646976471,0.362414687871933,0.10293949395418167,0.583252489566803,0.02025754377245903,0.12189143896102905,0.08251084387302399,0.07514114677906036,0.8197595984262651,0.09945679012345679,1.0310676977343644e-05,0.025766381766381765,8793.177483777332,False,
S2SA06-20220518-0W,0.7180280685424805,0.6812740564346313,0.5989933609962463,0.0682632252573967,0.06857699155807495,0.11258354783058167,0.16546179354190826,0.06809138506650925,0.7180280685424805,0.005297583062201738,0.02205851674079895,0.0682632252573967,0.036754023283720016,0.008735856735856735,0.0005638312304978971,1.628001628001628e-06,0.0007553927553927554,214.54751948789425,False,
S2SA06-20220603-2W,0.7199975848197937,0.6774331331253052,0.5809689164161682,0.06816288083791733,0.06925398111343384,0.11394412070512772,0.19294695556163788,0.06752367317676544,0.7199975848197937,0.005394240841269493,0.022616997361183167,0.06816288083791733,0.0425645112991333,0.07908234974901641,0.0005111925111925112,0.0,0.0008004341337674671,511.19251119251123,False,
S2SA06-20220609-3W,0.7160869240760803,0.6797348856925964,0.596971869468689,0.07372697442770004,0.07400473952293396,0.11318093538284302,0.1662389487028122,0.07212416082620621,0.7160869836807251,0.005692685022950172,0.024549294263124466,0.07372687011957169,0.03635203093290329,0.013349070682404016,0.0006273232939899607,3.798670465337132e-06,0.0013165106498439832,130.728562947047,False,
S2SA06-20220616-4W,0.8563250303268433,0.8144246339797974,0.7175909876823425,0.06295891106128693,0.06460464745759964,0.11447495222091675,0.1612156182527542,0.06661241501569748,0.8563250303268433,0.005412622354924679,0.023090733215212822,0.06295891106128693,0.041900385171175,0.12068376068376069,0.00021815221815221815,0.0,0.0005258445258445258,218.15221815221815,False,
S2SA06-20220623-5W,0.7321547269821167,0.6849641799926758,0.5809807181358337,0.06449581682682037,0.065346859395504,0.11305183917284012,0.20597392320632935,0.06313667446374893,0.7321547269821167,0.007109453435987234,0.024778226390480995,0.06449581682682037,0.0471905879676342,0.3802577669244336,0.0004325057658390992,0.0,0.0007635327635327635,432.5057658390992,False,
S2SA06-20220630-6W,0.8481148481369019,0.8029876947402954,0.6929835677146912,0.07712282240390778,0.08026332408189774,0.11700502038002014,0.1832287609577179,0.08360179513692856,0.8481148481369019,0.005971542559564114,0.036314211785793304,0.07712282240390778,0.045127127319574356,0.2340474833808167,0.0004997964997964998,0.0,0.0005491792158458825,499.79649979649986,False,
S2SA06-20220708-7W,0.6644192934036255,0.6218242049217224,0.5306069254875183,0.05928882211446762,0.062017329037189484,0.11179683357477188,0.20126932859420776,0.06183990463614464,0.6644192934036255,0.00713704340159893,0.03667963668704033,0.05928882211446762,0.04259510338306427,0.12422574955908289,0.001947089947089947,0.0,0.001155881155881156,1947.0899470899471,False,
S2SA06-20220714-8W,0.8197411298751831,0.7646957635879517,0.6549344658851624,0.09968259185552597,0.10505274683237076,0.10951459407806396,0.20337960124015808,0.10756900906562805,0.8197411298751831,0.007969317026436329,0.04822387546300888,0.09968256950378418,0.05504530295729637,0.7346275946275946,0.0013051146384479718,2.170668837335504e-06,0.001014787681454348,411.62123999828844,False,
S2SA06-20220721-9W,0.7687134742736816,0.7178723216056824,0.6235737204551697,0.07011159509420395,0.07458523660898209,0.10664316266775131,0.18856020271778107,0.07520824670791626,0.7687134742736816,0.007791060023009777,0.0425768606364727,0.07011159509420395,0.05084104835987091,0.4505695292361959,0.0009708316374983042,0.0,0.00045095645095645097,970.8316374983042,False,
S2SA06-20220802-10W,0.7092872858047485,0.6558499336242676,0.5578467845916748,0.0936613604426384,0.0955805703997612,0.10619493573904037,0.21477392315864563,0.09246992319822311,0.7092872858047485,0.007996867410838604,0.04368084296584129,0.0936613604426384,0.05343739688396454,0.6044270790937457,0.0020512820512820513,0.0,0.002720933387600054,2051.2820512820513,False,
S2SA06-20220822-13W,0.7490488886833191,0.6935806274414062,0.5845849514007568,0.06940120458602905,0.07053659111261368,0.10882618278265,0.21874825656414032,0.06728135049343109,0.7490488886833191,0.006717565935105085,0.03942389041185379,0.06940120458602905,0.05546823516488075,0.7287977207977208,0.0011368878035544702,0.0,0.0005106498439831774,1136.8878035544703,False,
S2SA06-20220906-15W,0.5966234803199768,0.5422889590263367,0.4325200915336609,0.08389806002378464,0.08596336096525192,0.11022188514471054,0.2781524360179901,0.08365307748317719,0.5966235399246216,0.008797192014753819,0.06420543789863586,0.0838974192738533,0.05433443561196327,0.6568243114909782,0.011267399267399267,5.969339302672636e-05,0.044937186270519604,185.64457687243922,False,
S2SA06-20221102-24W,0.6100702285766602,0.5397637486457825,0.4203989505767822,0.08663126826286316,0.10006257891654968,0.10457693785429001,0.3181658983230591,0.1007680594921112,0.6100702285766602,0.012091880664229393,0.0978752076625824,0.08663088828325272,0.07030642777681351,0.9496421109754443,0.044846018179351514,2.984669651336318e-05,0.04381549314882648,1453.835361589649,False,
S2SA06-20221110-25W,0.6983417272567749,0.6160791516304016,0.4915000796318054,0.07439707219600677,0.10472432523965836,0.10339875519275665,0.3007347285747528,0.11404326558113098,0.6983417272567749,0.017432063817977905,0.12491562217473984,0.07439707219600677,0.08226259797811508,0.7067643467643467,0.04464414597747931,1.0310676977343644e-05,0.003948989282322616,3947.0799198762156,False,
S2SA06-20221206-28W,0.6351804137229919,0.4963590204715729,0.3188343644142151,0.08765564858913422,0.1279434859752655,0.09445593506097794,0.5091045498847961,0.11943042278289795,0.6351804137229919,0.020930403843522072,0.14229129254817963,0.08765529841184616,0.13882142305374146,0.9996559489892823,0.2088764075430742,2.007868674535341e-05,0.007276624609957943,9909.365325575558,False,
S2SA07-20220518-0W,0.656451404094696,0.6233430504798889,0.5542619228363037,0.05070851743221283,0.04972345754504204,0.11061643809080124,0.15484069287776947,0.05041469633579254,0.656451404094696,0.0069580418057739735,0.016549063846468925,0.05070851743221283,0.03310839831829071,0.0017137430470763803,0.00026807760141093475,0.0,0.0007163207163207163,268.0776014109348,False,
S2SA07-20220603-2W,0.8361659049987793,0.7967693209648132,0.6952797174453735,0.056751348078250885,0.057813771069049835,0.11849475651979446,0.16756515204906464,0.059892360121011734,0.8361659049987793,0.0041509345173835754,0.02201610989868641,0.056751348078250885,0.03939666599035263,0.038195631528964866,0.00024528557861891193,0.0,0.0002170668837335504,245.28557861891196,False,
S2SA07-20220609-3W,0.7756715416908264,0.7386142611503601,0.655002772808075,0.06037593260407448,0.061476416885852814,0.11285565048456192,0.15485860407352448,0.06196281313896179,0.7756715416908264,0.0047390959225595,0.02150600217282772,0.06037593260407448,0.037057310342788696,0.0162675349342016,0.0003429656762990096,0.0,0.00042816442816442815,342.9656762990096,False,
S2SA07-20220616-4W,0.8751052618026733,0.8332599997520447,0.7368711829185486,0.053701743483543396,0.05499782785773277,0.1143929734826088,0.15679432451725006,0.05769835412502289,0.8751052618026733,0.005495391320437193,0.023316562175750732,0.053701743483543396,0.04184532165527344,0.12265798399131732,0.00023931623931623932,0.0,0.0002854429521096188,239.31623931623932,False,
S2SA07-20220623-5W,0.8387182354927063,0.7997467517852783,0.7012288570404053,0.05774495750665665,0.05940735712647438,0.1177123561501503,0.1630008965730667,0.06082605943083763,0.8387182354927063,0.004374966025352478,0.02230183221399784,0.05774495750665665,0.03897147998213768,0.05425261158594492,0.00018613485280151947,0.0,0.0003093203093203093,186.1348528015195,False,
S2SA07-20220630-6W,0.843070387840271,0.7999576926231384,0.6975354552268982,0.04731525480747223,0.05002016946673393,0.11553863435983658,0.17172463238239288,0.05696185678243637,0.843070387840271,0.005425201263278723,0.03011363185942173,0.04731525480747223,0.04311273992061615,0.1764325057658391,0.00015900149233482566,0.0,0.00025668159001492334,159.00149233482568,False,
S2SA07-20220708-7W,0.7862189412117004,0.7494797706604004,0.6592003703117371,0.05440785363316536,0.056966476142406464,0.11616604030132294,0.16094277799129486,0.06011395528912544,0.7862189412117004,0.004994135815650225,0.02918611280620098,0.05440785363316536,0.03673915937542915,0.030951024284357618,0.0006468593135259802,0.0,0.00034513634513634513,646.8593135259803,False,
S2SA07-20220714-8W,0.8068884611129761,0.7604972124099731,0.6585031747817993,0.05652901902794838,0.0608578696846962,0.11307970434427261,0.18331469595432281,0.06338931620121002,0.8068884611129761,0.006807534955441952,0.03192419931292534,0.05652901902794838,0.04639127478003502,0.29570750237416904,0.0005963912630579298,0.0,0.0004411884411884412,596.3912630579298,False,
S2SA07-20220721-9W,0.7877702713012695,0.7438868284225464,0.6574271321296692,0.05989690497517586,0.06305817514657974,0.1082831546664238,0.16466853022575378,0.06422756612300873,0.7877702713012695,0.007169909775257111,0.03389524668455124,0.05989690497517586,0.043883342295885086,0.1700936100936101,0.0006658526658526658,0.0,0.0003055216388549722,665.8526658526658,False,
S2SA07-20220802-10W,0.7909237742424011,0.7467830181121826,0.6458234786987305,0.07598579674959183,0.07700963318347931,0.11447267979383469,0.18296685814857483,0.0755644291639328,0.7909237742424011,0.00637785904109478,0.0334932804107666,0.07598579674959183,0.044140711426734924,0.22035924569257903,0.0008465608465608466,5.42667209333876e-07,0.0004661511328177995,548.764400668367,False,
S2SA07-20220822-13W,0.7642181515693665,0.7169560194015503,0.6215751767158508,0.054690901190042496,0.056304290890693665,0.10958153754472733,0.18539325892925262,0.05406145751476288,0.7642181515693665,0.0071779703721404076,0.027832655236124992,0.054690901190042496,0.04726215451955795,0.32541690408357077,0.0003131189797856465,0.0,0.0003576176909510243,313.1189797856465,False,
S2SA07-20220906-15W,0.6721103191375732,0.6235055327415466,0.5188811421394348,0.07625751942396164,0.07824539393186569,0.11244285106658936,0.22891375422477722,0.07728496938943863,0.6721103191375732,0.0075178323313593864,0.04864480718970299,0.07625751942396164,0.048604708164930344,0.37620458553791886,0.003746031746031746,3.798670465337132e-06,0.004518789852123186,780.6395069407141,False,
S2SA07-20221102-24W,0.6741283535957336,0.6001949310302734,0.47022438049316406,0.08018509298563004,0.11187232285737991,0.10817224532365799,0.31050223112106323,0.1202293336391449,0.6741283535957336,0.015891792252659798,0.13733960688114166,0.08018509298563004,0.0739334300160408,0.7218532085198752,0.0617316510649844,1.085334418667752e-06,0.0027339574006240673,29602.75844122048,False,
S2SA07-20221110-25W,0.7250226736068726,0.6360119581222534,0.5097187161445618,0.08369152247905731,0.1329144388437271,0.10358762741088867,0.3050406277179718,0.14834176003932953,0.7250226736068726,0.02154938504099846,0.16284038126468658,0.08369152247905731,0.08901076763868332,0.5587475240808574,0.07607977207977208,4.884004884004884e-06,0.0006805046805046805,12929.930137649582,False,
S2SA07-20221206-28W,0.6901975870132446,0.5747905969619751,0.42249858379364014,0.09428238868713379,0.15408416092395782,0.10016997903585434,0.40061822533607483,0.15878981351852417,0.6901975870132446,0.024906501173973083,0.18205700814723969,0.09428238868713379,0.11540703475475311,0.9532014652014652,0.15037525437525437,1.085334418667752e-06,0.0018271604938271606,72110.85810942684,False,
S3PA01-20220518-0W,0.9788032174110413,0.9658710956573486,0.9193880558013916,0.06300130486488342,0.06740424036979675,0.13259795308113098,0.061015110462903976,0.07196269929409027,0.9788051843643188,0.024002697318792343,0.025362057611346245,0.06299886107444763,0.01293205190449953,0.0005095645095645095,0.00018396418396418398,0.0,0.0013561253561253561,183.96418396418397,False,
S3PA01-20220603-2W,0.9892627596855164,0.9862683415412903,0.9476853609085083,0.058785390108823776,0.06729821115732193,0.14968572556972504,0.043955642729997635,0.08312832564115524,0.9892627596855164,0.04204832389950752,0.04562738910317421,0.058785390108823776,0.002994491020217538,0.011290191290191291,0.0005318138651471985,0.0,0.0008916022249355583,531.8138651471985,False,
S3PA01-20220609-3W,0.9416067004203796,0.9157662391662598,0.8578930497169495,0.05982065200805664,0.06472700834274292,0.11445356905460358,0.08845710754394531,0.06884540617465973,0.9416069984436035,0.012464864179491997,0.03333251550793648,0.05982058867812157,0.02584044262766838,0.010485415818749151,0.0012367385700719033,0.0,0.0013848867182200515,1236.7385700719035,False,
S3PA01-20220616-4W,0.9883459210395813,0.9750576615333557,0.903875470161438,0.050612740218639374,0.061578214168548584,0.14422570168972015,0.08655192703008652,0.07093364745378494,0.9883459210395813,0.02259894832968712,0.041705816984176636,0.050612740218639374,0.013288244605064392,0.021528693528693528,0.000581739248405915,0.0,0.0007488807488807489,581.7392484059151,False,
S3PA01-20220623-5W,0.9550032615661621,0.9292183518409729,0.8625943660736084,0.07510899752378464,0.08182408660650253,0.11979740858078003,0.0977780818939209,0.08930779993534088,0.9550034999847412,0.012513226829469204,0.04932369291782379,0.07510881125926971,0.025784846395254135,0.021094559761226428,0.0020816714150047482,2.71333604666938e-06,0.002665581332247999,560.5933287055643,False,
S3PA01-20220630-6W,0.9660653471946716,0.9358273148536682,0.8453668355941772,0.0685226246714592,0.08034677803516388,0.1250266432762146,0.12657621502876282,0.09448085725307465,0.9660653471946716,0.0138606121763587,0.0663110539317131,0.0685226246714592,0.030237985774874687,0.03848107448107448,0.002619997286663953,0.0,0.0015341202007868675,2619.997286663953,False,
S3PA01-20220708-7W,0.955156147480011,0.9270105957984924,0.8476018309593201,0.0769757628440857,0.08953224867582321,0.12460469454526901,0.11426325142383575,0.10460513085126877,0.955156683921814,0.015038693323731422,0.07255063951015472,0.07697557657957077,0.028145620599389076,0.04660534527201194,0.0036640889974223307,0.0,0.0020458553791887126,3664.088997422331,False,
S3PA01-20220714-8W,0.9910457730293274,0.9821669459342957,0.9200555086135864,0.05274132639169693,0.07447244226932526,0.15209004282951355,0.07417809963226318,0.10462617129087448,0.9910457730293274,0.03223615512251854,0.08617183566093445,0.05274132639169693,0.008878905326128006,0.04044010310676977,0.0025896079229412563,0.0,0.0006794193460860127,2589.607922941256,False,
S3PA01-20220721-9W,0.949992835521698,0.9111831784248352,0.8229469656944275,0.06994131207466125,0.08540359139442444,0.1152271032333374,0.13506677746772766,0.10326386988162994,0.949992835521698,0.007284306455403566,0.07592839002609253,0.06994131207466125,0.03880966082215309,0.08206105006105006,0.002831094831094831,0.0,0.0004927418260751594,2831.094831094831,False,
S3PA01-20220802-10W,0.9288129806518555,0.8860679268836975,0.7901785969734192,0.08743365854024887,0.10061885416507721,0.11443684995174408,0.15182630717754364,0.11349037289619446,0.9288129806518555,0.007560113910585642,0.07949018478393555,0.08743365854024887,0.04274502769112587,0.095327092660426,0.00505982905982906,0.0,0.0021174874508207843,5059.8290598290605,False,
S3PA01-20220822-13W,0.9614283442497253,0.921667218208313,0.8129246830940247,0.0664808377623558,0.08440621197223663,0.12262091040611267,0.15607529878616333,0.09979400038719177,0.9614283442497253,0.010601961985230446,0.07227656245231628,0.0664808377623558,0.03976112976670265,0.0910275403608737,0.00257332790666124,0.0,0.0004574684574684575,2573.32790666124,False,
S3PA01-20220906-15W,0.9573531150817871,0.9151108860969543,0.8013941049575806,0.0860474705696106,0.1087174192070961,0.1231030523777008,0.16750885546207428,0.12834541499614716,0.9573531150817871,0.011884039267897606,0.10182388871908188,0.0860474705696106,0.042242176830768585,0.121661104327771,0.00848297381630715,5.969339302672636e-06,0.0034855514855514857,1217.1847929765822,False,
S3PA01-20221102-24W,0.976035475730896,0.9290030002593994,0.7694058418273926,0.09572242945432663,0.14910247921943665,0.1403719186782837,0.22132031619548798,0.18403755128383636,0.976035475730896,0.02621796727180481,0.16750192642211914,0.09572242945432663,0.047032423317432404,0.270683489350156,0.022123456790123456,3.798670465337132e-06,0.003099172432505766,4610.330496734613,False,
S3PA01-20221110-25W,0.969517171382904,0.906852126121521,0.760492205619812,0.0940026268362999,0.1632038801908493,0.13291673362255096,0.22521144151687622,0.20557813346385956,0.969517171382904,0.030065130442380905,0.18766255676746368,0.0940026193857193,0.0626649335026741,0.32081345814679146,0.02611097544430878,0.0,0.0018982498982498981,26110.97544430878,False,
S3PA01-20221206-28W,0.9589759707450867,0.8409711718559265,0.6125158667564392,0.1076696366071701,0.21019388735294342,0.12661483883857727,0.3753306269645691,0.2591833770275116,0.9589759707450867,0.03583807498216629,0.244557186961174,0.1076696366071701,0.11800479888916016,0.5108462895129562,0.0549667616334283,0.0,0.0004949124949124949,54966.7616334283,False,
S3PA02-20220518-0W,0.9347119927406311,0.9118050336837769,0.8625890612602234,0.08618204295635223,0.08950553089380264,0.1115272045135498,0.07715030759572983,0.09074375778436661,0.9347122311592102,0.012773801572620869,0.026729270815849304,0.08618182688951492,0.022906985133886337,0.005401709401709402,0.0014597747931081265,0.0,0.003940849274182608,1459.7747931081267,False,
S3PA02-20220603-2W,0.9249318838119507,0.8904510736465454,0.8196587562561035,0.10490937530994415,0.10740704089403152,0.10988245904445648,0.11586245149374008,0.10993373394012451,0.9249318838119507,0.007935820147395134,0.039350103586912155,0.10490937530994415,0.034480802714824677,0.011132817799484466,0.0025999185999185997,5.969339302672636e-06,0.009102157102157102,373.0509431391252,False,
S3PA02-20220609-3W,0.9343547821044922,0.9141553640365601,0.8552302122116089,0.1033882424235344,0.10928163677453995,0.1235065832734108,0.08703213930130005,0.11570041626691818,0.9343553781509399,0.013024224899709225,0.04646604508161545,0.10338801145553589,0.02019944228231907,0.01185456518789852,0.001365350698684032,3.798670465337132e-06,0.004993080993080993,284.5268722965141,False,
S3PA02-20220616-4W,0.9741554856300354,0.9591572880744934,0.8974922895431519,0.0819426104426384,0.09114757925271988,0.13730378448963165,0.08076368272304535,0.0986369326710701,0.9741557240486145,0.022586945444345474,0.04100127890706062,0.0819418653845787,0.014998146332800388,0.014555419888753222,0.0003169176502509836,0.0,0.0010625423958757292,316.9176502509836,False,
S3PA02-20220623-5W,0.9794881343841553,0.9756863117218018,0.9625294804573059,0.08210654556751251,0.0938016027212143,0.047722697257995605,0.0215199775993824,0.11692478507757187,0.9794881343841553,0.07142627239227295,0.05842573195695877,0.08210654556751251,0.0038017756305634975,0.028022792022792023,0.0006549993216659883,0.0,0.001929724596391263,654.9993216659883,False,
S3PA02-20220630-6W,0.9193167686462402,0.892833948135376,0.8248801231384277,0.10627171397209167,0.11072961241006851,0.11907555162906647,0.10505104809999466,0.11487676203250885,0.919316828250885,0.01073160208761692,0.048404451459646225,0.1062716618180275,0.026482855901122093,0.015271197937864604,0.0031360738027404692,2.170668837335504e-06,0.008208384208384208,989.0890419750972,False,
S3PA02-20220708-7W,0.9599635004997253,0.9351779818534851,0.8584784269332886,0.09179713577032089,0.09741076827049255,0.12593859434127808,0.10736392438411713,0.10167870670557022,0.9599636197090149,0.016787078231573105,0.040926750749349594,0.0917971059679985,0.02478547766804695,0.015597883597883598,0.0017891737891737893,0.0,0.0028685388685388683,1789.1737891737894,False,
S3PA02-20220714-8W,0.9774124026298523,0.9674471020698547,0.9120134115219116,0.08731145411729813,0.09833529591560364,0.14720672369003296,0.07007648050785065,0.10893379151821136,0.9774125218391418,0.02804265357553959,0.05186554417014122,0.08731145411729813,0.009965435601770878,0.02111735178401845,0.0016182336182336183,0.0,0.002130511463844797,1618.2336182336185,False,
S3PA02-20220721-9W,0.909170389175415,0.8767524361610413,0.8079811334609985,0.11011812090873718,0.11409229785203934,0.11154813319444656,0.11367650330066681,0.11741413921117783,0.909170389175415,0.006907852366566658,0.04848615452647209,0.11011812090873718,0.03241801634430885,0.02205508072174739,0.002748609415276082,5.42667209333876e-07,0.011462759462759462,1781.7254419136402,False,
S3PA02-20220802-10W,0.9128022789955139,0.8792444467544556,0.8022450804710388,0.1182481199502945,0.122198186814785,0.11419560015201569,0.12413042038679123,0.1247764527797699,0.9128022789955139,0.006191568449139595,0.053302280604839325,0.11824808269739151,0.0335577055811882,0.026158187491520823,0.0035088861755528424,0.0,0.012818342151675485,3508.8861755528424,False,
S3PA02-20220822-13W,0.902755081653595,0.8605368733406067,0.7757210731506348,0.09491237998008728,0.09842801094055176,0.10920801013708115,0.14116260409355164,0.09790149331092834,0.902755081653595,0.007741372566670179,0.04190191999077797,0.09491237998008728,0.042218130081892014,0.06698249898249899,0.002141364808031475,0.0,0.005272011938678605,2141.364808031475,False,
S3PA02-20220906-15W,0.9448028802871704,0.9075155854225159,0.8096102476119995,0.09986519813537598,0.10537925362586975,0.11938206851482391,0.14551542699337006,0.10910720378160477,0.9448030591011047,0.007148622069507837,0.05705953389406204,0.09986385703086853,0.03728717193007469,0.042913037579704244,0.003936507936507937,1.5194681861348528e-05,0.009008275674942341,243.074113478148,False,
S3PA02-20221102-24W,0.9445615410804749,0.9065258502960205,0.8015814423561096,0.128347709774971,0.14525142312049866,0.12517112493515015,0.15914709866046906,0.15811105072498322,0.9445615410804749,0.0171084925532341,0.10531144589185715,0.12834742665290833,0.03803558647632599,0.11151539818206485,0.012357617690951025,2.170668837335504e-06,0.015952787952787952,3897.479782636601,False,
S3PA02-20221110-25W,0.9560487866401672,0.9266684055328369,0.8376967906951904,0.12412304431200027,0.15451347827911377,0.13861297070980072,0.13115590810775757,0.17615678906440735,0.9560487866401672,0.02767409384250641,0.12528948485851288,0.12412304431200027,0.029380375519394875,0.09804911138244471,0.010938000271333605,0.0,0.007864333197666532,10938.000271333605,False,
S3PA02-20221206-28W,0.9331101775169373,0.864460289478302,0.7248428463935852,0.14271092414855957,0.19038501381874084,0.12098582834005356,0.23760083317756653,0.22257067263126373,0.9331101775169373,0.022024132311344147,0.19201038777828217,0.14271080493927002,0.06864987313747406,0.2930598290598291,0.03800407000407,3.907203907203907e-05,0.020156288156288157,948.3937150228019,False,
S3PA03-20220518-0W,0.9355267882347107,0.917518138885498,0.8666986227035522,0.11311116069555283,0.11959715932607651,0.12285961955785751,0.07644613832235336,0.1261381059885025,0.9355295300483704,0.017914950847625732,0.03947574645280838,0.11311013996601105,0.018008682876825333,0.004875322208655542,0.0004417311083977751,0.0,0.0023741690408357074,441.7311083977751,False,
S3PA03-20220603-2W,0.9185746908187866,0.8847793936729431,0.8085108995437622,0.11420728266239166,0.11785339564085007,0.11351612955331802,0.1233237162232399,0.12255171686410904,0.9185746908187866,0.007297302130609751,0.04811122268438339,0.11420728266239166,0.03379523754119873,0.033086962420295754,0.0024930131596798263,0.0,0.010025234025234026,2493.0131596798265,False,
S3PA03-20220609-3W,0.9224604964256287,0.9018276929855347,0.8436436653137207,0.12440570443868637,0.13355332612991333,0.123347207903862,0.09102007746696472,0.1437741219997406,0.9224727153778076,0.020012017339468002,0.05542760714888573,0.12438251823186874,0.020632902160286903,0.032955636955636955,0.0010923890923890923,0.0,0.007252747252747253,1092.3890923890924,False,
S3PA03-20220616-4W,0.959768533706665,0.9424837231636047,0.8847103714942932,0.09800971299409866,0.1095680221915245,0.13206754624843597,0.0821368545293808,0.12125184386968613,0.9597764015197754,0.026229357346892357,0.0492483451962471,0.09799588471651077,0.017284821718931198,0.0504718491385158,0.0002740469407136074,0.0,0.0010907610907610907,274.0469407136074,False,
S3PA03-20220623-5W,0.9685054421424866,0.9586124420166016,0.9182179570198059,0.09361456334590912,0.10710487514734268,0.13011378049850464,0.056778889149427414,0.1271062195301056,0.9685176610946655,0.0510219931602478,0.0628914088010788,0.09359673410654068,0.009892967529594898,0.05386406186406186,0.0011124677791344458,0.0,0.002801248134581468,1112.467779134446,False,
S3PA03-20220630-6W,0.9183850884437561,0.8966528177261353,0.8236133456230164,0.12731117010116577,0.13680611550807953,0.12867628037929535,0.10948760062456131,0.1489177942276001,0.9183953404426575,0.01567939668893814,0.06740376353263855,0.1272996962070465,0.021732250228524208,0.05617202550535884,0.0021326821326821325,1.085334418667752e-06,0.007309184642517976,1022.7050940081972,False,
S3PA03-20220708-7W,0.9410698413848877,0.9167497158050537,0.848530650138855,0.10706216096878052,0.11691766232252121,0.12426391988992691,0.10191720724105835,0.12883026897907257,0.9410781264305115,0.01983794756233692,0.060575805604457855,0.10704837739467621,0.024320220574736595,0.03991914258580925,0.0015704789038122372,0.0,0.003091032424365758,1570.4789038122374,False,
S3PA03-20220714-8W,0.9407495856285095,0.9113143682479858,0.8438494205474854,0.10605292022228241,0.11773458868265152,0.11753915995359421,0.10681262612342834,0.1316046565771103,0.9407590627670288,0.016874250024557114,0.0691358745098114,0.1060396134853363,0.029435286298394203,0.08337104870438204,0.0019085605752272418,0.0,0.0023616876950210285,1908.560575227242,False,
S3PA03-20220721-9W,0.9304723739624023,0.8882514834403992,0.7998870015144348,0.11217213422060013,0.12336214631795883,0.11202844232320786,0.1444670557975769,0.13557498157024384,0.9304789900779724,0.00899294763803482,0.0758642926812172,0.11216320842504501,0.04222084954380989,0.14437226970560305,0.0023405236738570073,0.0,0.001912359245692579,2340.5236738570075,False,
S3PA03-20220802-10W,0.9500535726547241,0.9161843061447144,0.8276597261428833,0.10472549498081207,0.12182412296533585,0.1237410306930542,0.13327917456626892,0.13664788007736206,0.950060248374939,0.021159814670681953,0.08547518402338028,0.10471625626087189,0.03386924788355827,0.11152028218694886,0.0037650250983584316,1.628001628001628e-06,0.0029819563152896486,1432.6570646843218,False,
S3PA03-20220822-13W,0.9145240783691406,0.8672194480895996,0.7760374546051025,0.0929860770702362,0.10326589643955231,0.10896115750074387,0.1529390513896942,0.11152167618274689,0.9145285487174988,0.009715124033391476,0.06777128577232361,0.09297844022512436,0.04730464145541191,0.18645665445665446,0.002980870980870981,0.0,0.001610636277302944,2980.870980870981,False,
S3PA03-20220906-15W,0.9556564688682556,0.9232949614524841,0.8246816396713257,0.10860200971364975,0.12884001433849335,0.130956768989563,0.14261804521083832,0.1473725587129593,0.9556640386581421,0.022403240203857422,0.09814166277647018,0.10859270393848419,0.032361455261707306,0.13413322479989145,0.004672364672364673,0.0,0.003666259666259666,4672.3646723646725,False,
S3PA03-20221102-24W,0.929236650466919,0.8493181467056274,0.6934662461280823,0.1355327069759369,0.19999761879444122,0.1225026547908783,0.2679472863674164,0.23505352437496185,0.929236650466919,0.0273143220692873,0.20848895609378815,0.1355327069759369,0.07991848886013031,0.45115506715506715,0.045794600461267126,5.42667209333876e-07,0.00823660290326957,29685.339899744966,False,
S3PA03-20221110-25W,0.9233689308166504,0.8351742625236511,0.6888493299484253,0.1484992355108261,0.22578008472919464,0.1237264946103096,0.27112218737602234,0.26233598589897156,0.9233689308166504,0.03671206161379814,0.23370110988616943,0.14849922060966492,0.08819466829299927,0.42064088997422333,0.06525356125356126,2.170668837335504e-06,0.013509700176366842,20580.37739078345,False,
S3PA03-20221206-28W,0.9297922849655151,0.8182347416877747,0.6303026080131531,0.1443036049604416,0.24689562618732452,0.12758934497833252,0.3404276967048645,0.2898591160774231,0.9297922849655151,0.040980927646160126,0.26884934306144714,0.1443036049604416,0.1115574985742569,0.4550253696920364,0.08861538461538461,0.0,0.009633970967304301,88615.38461538461,False,
S3PA04-20220518-0W,0.9568317532539368,0.9305504560470581,0.8847123980522156,0.08644598722457886,0.09081529080867767,0.1061784103512764,0.07653537392616272,0.09338696300983429,0.9568321704864502,0.02122475951910019,0.03507527336478233,0.08644527941942215,0.026281267404556274,0.012158458825125491,0.002363858363858364,1.35666802333469e-05,0.006094152760819428,162.27845507632415,False,
S3PA04-20220603-2W,0.9063814878463745,0.8722657561302185,0.801342248916626,0.07185244560241699,0.07416896522045135,0.11083516478538513,0.115354023873806,0.07841379195451736,0.9063814878463745,0.0076240054331719875,0.04227273911237717,0.07185244560241699,0.03411579877138138,0.019692307692307693,0.001544430877764211,0.0,0.002328042328042328,1544.4308777642111,False,
S3PA04-20220609-3W,0.9205169081687927,0.899558961391449,0.8426421284675598,0.07251967489719391,0.0785050094127655,0.1215265616774559,0.08424725383520126,0.08673332631587982,0.9205185174942017,0.01055917888879776,0.0549309216439724,0.07251658290624619,0.02095794677734375,0.015618504951838285,0.0016334283000949668,8.682675349342016e-06,0.0020192646859313527,168.69596895097447,False,
S3PA04-20220616-4W,0.9917859435081482,0.986711859703064,0.9603840708732605,0.04708847776055336,0.06073044613003731,0.10963423550128937,0.03282734751701355,0.08497584611177444,0.991786003112793,0.07373353838920593,0.06434926390647888,0.04708847030997276,0.005074038170278072,0.017763668430335097,0.0008156288156288157,0.0,0.0006951566951566952,815.6288156288157,False,
S3PA04-20220623-5W,0.9815886616706848,0.9663984775543213,0.9000847339630127,0.05303484573960304,0.06855721771717072,0.14105886220932007,0.08390701562166214,0.08559530228376389,0.9815889000892639,0.02131229266524315,0.06385619938373566,0.05303458496928215,0.015190185979008675,0.02207624474291141,0.001304029304029304,0.0,0.0005529778863112197,1304.029304029304,False,
S3PA04-20220630-6W,0.9721059799194336,0.9534902572631836,0.8938673138618469,0.07491353899240494,0.08841703087091446,0.13236600160598755,0.08223067224025726,0.10308465361595154,0.9721060991287231,0.025402067229151726,0.0683155357837677,0.07491336762905121,0.01861577481031418,0.024844932844932846,0.002568443901777235,1.085334418667752e-06,0.0020795007461674128,1231.6700279747577,False,
S3PA04-20220708-7W,0.9257888793945312,0.8975841999053955,0.8221098184585571,0.06990748643875122,0.07922729849815369,0.12211634963750839,0.1118042841553688,0.08927679806947708,0.9257890582084656,0.012198064476251602,0.061929307878017426,0.06990691274404526,0.028204767033457756,0.024155745489078822,0.0024875864875864876,0.0,0.0013984533984533986,2487.5864875864877,False,
S3PA04-20220714-8W,0.9235572218894958,0.8885639905929565,0.8226541876792908,0.07383959740400314,0.08394840359687805,0.10858263075351715,0.10964303463697433,0.09432180970907211,0.9235572218894958,0.009934022091329098,0.06652186810970306,0.07383948564529419,0.03499329090118408,0.03023036223036223,0.0037053317053317054,9.225342558675892e-06,0.0020453127119793788,362.36748882196065,False,
S3PA04-20220721-9W,0.9092523455619812,0.8753593564033508,0.8094544410705566,0.0796671211719513,0.08741942793130875,0.1100485622882843,0.11006098240613937,0.09700405597686768,0.9092523455619812,0.010710918344557285,0.06715883314609528,0.07966706901788712,0.03389294072985649,0.035146927146927145,0.0033677927011260345,2.170668837335504e-06,0.0035756342423009088,1062.1710667066022,False,
S3PA04-20220802-10W,0.925430178642273,0.8877013921737671,0.8118430972099304,0.09070149809122086,0.09721249341964722,0.11038372665643692,0.12349807471036911,0.10394002497196198,0.9254302382469177,0.009731709957122803,0.0657736137509346,0.09070145338773727,0.03772887960076332,0.04012589879256546,0.0034491927825261158,9.225342558675892e-06,0.004972459639126306,337.3180666304016,False,
S3PA04-20220822-13W,0.9124966859817505,0.8701632022857666,0.7807169556617737,0.08145555853843689,0.08803296834230423,0.11184181272983551,0.1446717530488968,0.09257736802101135,0.9124966859817505,0.0078993896022439,0.0548885241150856,0.08145555853843689,0.04233342781662941,0.07577804911138245,0.0024615384615384616,0.0,0.0025700719034052366,2461.538461538462,False,
S3PA04-20220906-15W,0.9686132669448853,0.9384439587593079,0.8460869193077087,0.0751262903213501,0.08851610124111176,0.12711676955223083,0.1281965672969818,0.09912389516830444,0.9686132669448853,0.018808167427778244,0.06745836138725281,0.07512623071670532,0.03016931377351284,0.04429412562745896,0.0024696784696784696,1.628001628001628e-06,0.002538597205263872,939.755304320892,False,
S3PA04-20221102-24W,0.9429855346679688,0.8809989094734192,0.7374072670936584,0.11441782861948013,0.14650818705558777,0.11928495019674301,0.22824221849441528,0.16916657984256744,0.9429855346679688,0.015096606686711311,0.14343300461769104,0.11441782861948013,0.06198662146925926,0.48213756613756614,0.021616605616605618,5.42667209333876e-06,0.007638583638583638,3363.576871925862,False,
S3PA04-20221110-25W,0.9353988766670227,0.8653116822242737,0.7293018102645874,0.10975143313407898,0.15561948716640472,0.11535714566707611,0.23037515580654144,0.19112443923950195,0.9353988766670227,0.01717301830649376,0.17033790051937103,0.1097513884305954,0.07008710503578186,0.36680776014109345,0.025053859720526386,0.0,0.007762311762311762,25053.859720526387,False,
S3PA04-20221206-28W,0.9354166388511658,0.8403354287147522,0.6678168773651123,0.11897486448287964,0.19063834846019745,0.11632565408945084,0.30308791995048523,0.2347942441701889,0.9354166388511658,0.023707270622253418,0.21907736361026764,0.11897477507591248,0.09508123248815536,0.49846316646316646,0.0499687966354633,1.5737349070682402e-05,0.004040700040700041,2985.466600740855,False,
S4SAVF01-20220518-0W,0.5818285346031189,0.5475439429283142,0.4709058403968811,0.053052227944135666,0.052251461893320084,0.11284612119197845,0.19011080265045166,0.050969380885362625,0.5818285346031189,0.006583978421986103,0.02514468878507614,0.053052227944135666,0.03428464010357857,0.0058537511870845205,0.0013007733007733009,0.0,0.003479039479039479,1300.773300773301,False,
S4SAVF01-20220603-2W,0.7080280780792236,0.665443480014801,0.5608008503913879,0.07582497596740723,0.07781825214624405,0.11714156717061996,0.20949365198612213,0.07801749557256699,0.7080280780792236,0.005201092455536127,0.04022485390305519,0.07582473009824753,0.042584601789712906,0.1262602089268756,0.0018575498575498575,5.42667209333876e-06,0.0053360466693800025,289.0375968419497,False,
S4SAVF01-20220609-3W,0.751581072807312,0.7133952379226685,0.629599392414093,0.07497791945934296,0.07958004623651505,0.11206910759210587,0.1634228676557541,0.08129799365997314,0.751581072807312,0.005852666217833757,0.03597082942724228,0.07497791945934296,0.03818577900528908,0.07947524080857414,0.0013707773707773707,0.0,0.0033422873422873423,1370.7773707773708,False,
S4SAVF01-20220616-4W,0.8559871315956116,0.815009355545044,0.7178599834442139,0.05548745393753052,0.06011692062020302,0.11531130224466324,0.16082274913787842,0.06496931612491608,0.8559871315956116,0.005006812512874603,0.030559824779629707,0.05548745393753052,0.040977682918310165,0.14644797178130511,0.0004390177723511057,0.0,0.0008167141500474834,439.0177723511057,False,
S4SAVF01-20220623-5W,0.813557505607605,0.7740354537963867,0.6743894815444946,0.05980449169874191,0.06322356313467026,0.11758648604154587,0.1706765592098236,0.06626074016094208,0.813557505607605,0.004855448380112648,0.031198257580399513,0.05980449169874191,0.039522070437669754,0.10718979785646453,0.0005670872337539004,0.0,0.0008199701533034866,567.0872337539005,False,
S4SAVF01-20220630-6W,0.8156481981277466,0.7761385440826416,0.6746053695678711,0.07019238919019699,0.07346835732460022,0.11799538880586624,0.17351095378398895,0.07971295714378357,0.8156481981277466,0.005061378702521324,0.040492549538612366,0.07019238919019699,0.03950975090265274,0.12322507122507123,0.0011043277709944376,2.170668837335504e-06,0.0009578076244742912,348.2948953831671,False,
S4SAVF01-20220708-7W,0.7792080044746399,0.7383515238761902,0.6389622688293457,0.07104286551475525,0.07311878353357315,0.11617465317249298,0.17990347743034363,0.07342369109392166,0.7792080044746399,0.006238043308258057,0.03174659609794617,0.07104286551475525,0.0408564917743206,0.127000407000407,0.0009225342558675892,0.0,0.0012285985619318953,922.5342558675892,False,
S4SAVF01-20220714-8W,0.7783170342445374,0.7275546193122864,0.6225133538246155,0.09977927803993225,0.10196922719478607,0.11028305441141129,0.2017720341682434,0.09945502132177353,0.7783170342445374,0.007799583487212658,0.03677676245570183,0.09977927803993225,0.05076246336102486,0.6094912494912494,0.001027811694478361,0.0,0.002445801112467779,1027.8116944783612,False,
S4SAVF01-20220721-9W,0.7597877383232117,0.7144753932952881,0.6214200258255005,0.06567531824111938,0.06804461777210236,0.10980522632598877,0.1815148890018463,0.06627612560987473,0.7597877383232117,0.007154054939746857,0.032590970396995544,0.06567531824111938,0.045312415808439255,0.20468213268213267,0.0008856328856328856,0.0,0.0009176502509835843,885.6328856328856,False,
S4SAVF01-20220802-10W,0.7522812485694885,0.7015159130096436,0.5928970575332642,0.09407304227352142,0.0952344462275505,0.11159584671258926,0.21280507743358612,0.09051252901554108,0.7522812485694885,0.007484711240977049,0.03825441747903824,0.09407304227352142,0.05076521635055542,0.582290055623389,0.0015731922398589066,2.170668837335504e-06,0.0014673721340388007,496.17046767361256,False,
S4SAVF01-20220822-13W,0.7385186553001404,0.6922934651374817,0.5845474600791931,0.05940055102109909,0.05878761038184166,0.1149226725101471,0.20700518786907196,0.05340458080172539,0.7385186553001404,0.006099392659962177,0.02928163856267929,0.05940055102109909,0.04622519388794899,0.2929426129426129,0.0009198209198209199,0.0,0.0011097544430877764,919.8209198209199,False,
S4SAVF01-20220906-15W,0.758719265460968,0.7047715187072754,0.5901191234588623,0.07811722159385681,0.07987990975379944,0.11193633079528809,0.22197331488132477,0.07917455583810806,0.758719265460968,0.0070451232604682446,0.05733471363782883,0.07811722159385681,0.05394769087433815,0.5798409985076651,0.002909781576448243,4.884004884004884e-06,0.0011672771672771674,494.52399068502,False,
S4SAVF01-20221102-24W,0.5488949418067932,0.49479201436042786,0.38699474930763245,0.08258122205734253,0.0953417718410492,0.11155734211206436,0.30232858657836914,0.09337349236011505,0.5488950610160828,0.01551765389740467,0.10946831107139587,0.08258046209812164,0.05410294607281685,0.3255042735042735,0.049480938814272145,0.00017365350698684033,0.07337511870845204,283.30916262677965,False,
S4SAVF01-20221110-25W,0.6608901023864746,0.6057080626487732,0.5000802278518677,0.09045591205358505,0.1041732057929039,0.11085973680019379,0.2469167411327362,0.10280773788690567,0.6608901023864746,0.015743033960461617,0.0994391143321991,0.09045544266700745,0.055181972682476044,0.28991344458011126,0.03137104870438204,5.806539139872473e-05,0.004321258987925654,531.1240298504035,False,
S4SAVF01-20221206-28W,0.6537277102470398,0.5816022157669067,0.4609471559524536,0.09933249652385712,0.11863040179014206,0.10519974678754807,0.30219751596450806,0.11619725078344345,0.6537277102470398,0.01571495458483696,0.11736492812633514,0.09933247417211533,0.07212553918361664,0.8363375390042057,0.05601682268348935,3.310269976936644e-05,0.005951431284764618,1642.5920253330735,False,
S4SAVF02-20220518-0W,0.7746238112449646,0.7715599536895752,0.7423735857009888,0.09226859360933304,0.10043929517269135,0.17335666716098785,0.04736217483878136,0.10994073748588562,0.7779176235198975,0.05238979682326317,0.04093867912888527,0.09305772185325623,0.003063822165131569,0.0008807488807488807,1.085334418667752e-05,1.628001628001628e-06,8.899742233075567e-05,4.129884879458985,False,
S4SAVF02-20220603-2W,0.866965115070343,0.8521701097488403,0.7976034283638,0.08527328073978424,0.09390060603618622,0.13541017472743988,0.081680066883564,0.10881799459457397,0.8670039176940918,0.02365299127995968,0.046503085643053055,0.08528836816549301,0.014795005321502686,0.010111518111518112,1.085334418667752e-05,2.170668837335504e-06,7.868674535341202e-05,3.4230456548714217,False,
S4SAVF02-20220609-3W,0.7747483253479004,0.7561172842979431,0.7188513875007629,0.08413112163543701,0.09760589897632599,0.1243273988366127,0.0758051797747612,0.11260882765054703,0.7753590941429138,0.04471265897154808,0.05404392257332802,0.08471226692199707,0.018631085753440857,0.020502509835843168,1.3024013024013025e-05,0.0,0.00016551349884683217,13.024013024013025,False,
S4SAVF02-20220616-4W,0.8080365657806396,0.7871502637863159,0.7355724573135376,0.0733213797211647,0.08417826890945435,0.1251104176044464,0.09173595905303955,0.10079818964004517,0.8084141612052917,0.02593442238867283,0.05340973660349846,0.07357911765575409,0.020886307582259178,0.01890381223714557,1.899335232668566e-05,0.0,2.007868674535341e-05,18.993352326685663,False,
S4SAVF02-20220623-5W,0.8331504464149475,0.8190518021583557,0.7693867683410645,0.0929514542222023,0.10642735660076141,0.15460754930973053,0.08283345401287079,0.12837234139442444,0.8355963230133057,0.06166352704167366,0.06267493218183517,0.09449002891778946,0.014098672196269035,0.019464930131596798,2.279202279202279e-05,0.0,3.256003256003256e-05,22.79202279202279,False,
S4SAVF02-20220630-6W,0.8173043727874756,0.8011379837989807,0.7391191124916077,0.08997183293104172,0.10169297456741333,0.14123769104480743,0.0997990295290947,0.11982450634241104,0.8182225227355957,0.029123591259121895,0.057443298399448395,0.09061433374881744,0.016166402027010918,0.011941934608601275,2.1164021164021164e-05,0.0,5.535205535205535e-05,21.164021164021165,False,
S4SAVF02-20220708-7W,0.8338403105735779,0.8141070604324341,0.7531837224960327,0.0885140597820282,0.09876155853271484,0.13073314726352692,0.099300317466259,0.11429353803396225,0.8340484499931335,0.02340478077530861,0.05210278183221817,0.08865295350551605,0.019733313471078873,0.017157509157509156,4.7212047212047214e-05,1.085334418667752e-06,0.00010527743861077194,22.640036432242535,False,
S4SAVF02-20220714-8W,0.8706828951835632,0.8491432666778564,0.7872452735900879,0.0968477874994278,0.10918699949979782,0.1278400868177414,0.09932112693786621,0.12801353633403778,0.8708622455596924,0.028211809694767,0.057688213884830475,0.09698054939508438,0.021539654582738876,0.03327689594356261,3.961470628137295e-05,0.0,9.008275674942342e-05,39.61470628137295,False,
S4SAVF02-20220721-9W,0.784744143486023,0.7612346410751343,0.7061545252799988,0.09325943887233734,0.10616111755371094,0.12473161518573761,0.10447698831558228,0.12549498677253723,0.7852055430412292,0.028624605387449265,0.07114174216985703,0.09357381612062454,0.02350950427353382,0.06417094017094017,4.829738163071497e-05,5.42667209333876e-07,0.0007673314339981007,31.307712602233757,False,
S4SAVF02-20220802-10W,0.810409665107727,0.7821624875068665,0.7152900695800781,0.10266454517841339,0.11528023332357407,0.1217004656791687,0.12215007841587067,0.13536103069782257,0.8105728030204773,0.02280765399336815,0.07478274405002594,0.10275237262248993,0.028247175738215446,0.11431773165106499,0.00011178944512277845,4.884004884004884e-06,0.0010310676977343643,18.998870212815014,False,
S4SAVF02-20220822-13W,0.7952584624290466,0.7604233026504517,0.6903150677680969,0.07246392965316772,0.08367805182933807,0.11123842746019363,0.1338915228843689,0.10021179914474487,0.7952609062194824,0.010700349695980549,0.05877205356955528,0.0724666640162468,0.03483521193265915,0.11618993352326686,4.992538325871659e-05,0.0,0.0001264414597747931,49.92538325871659,False,
S4SAVF02-20220906-15W,0.7592539191246033,0.7278155088424683,0.660247802734375,0.1041308045387268,0.12068885564804077,0.12316340953111649,0.13704483211040497,0.14204545319080353,0.7597013711929321,0.02948571927845478,0.08918111771345139,0.10439952462911606,0.03143848106265068,0.28096811830145163,0.00041893908560575226,0.0,0.0008384208384208384,418.93908560575227,False,
S4SAVF02-20221102-24W,0.6697447896003723,0.6222878694534302,0.5211347937583923,0.08612946420907974,0.09466607123613358,0.11333370953798294,0.22479835152626038,0.10165240615606308,0.6697449684143066,0.010689055547118187,0.07812270522117615,0.08612983673810959,0.04745694249868393,0.2800613213946547,0.010928232261565595,1.1396011396011395e-05,0.0038431691765025097,881.5926278578543,False,
S4SAVF02-20221110-25W,0.7844619750976562,0.7436366677284241,0.6627700328826904,0.159428671002388,0.1783991903066635,0.11532129347324371,0.16680191457271576,0.19617414474487305,0.7845402359962463,0.026252800598740578,0.1151546835899353,0.15947064757347107,0.04082520306110382,0.22050739384072718,0.013009903676570343,0.0,0.006262379595712929,13009.903676570344,False,
S4SAVF02-20221206-28W,0.7320264577865601,0.6737873554229736,0.5704507231712341,0.17099805176258087,0.2000163048505783,0.11763183772563934,0.24011051654815674,0.21868199110031128,0.7322607636451721,0.028364062309265137,0.17448540031909943,0.1711682230234146,0.05823909491300583,0.38762773029439695,0.05425749559082892,2.170668837335504e-06,0.017829331162664497,17112.31868555047,False,
S4SAVF03-20220518-0W,0.7944007515907288,0.7888205647468567,0.7657462954521179,0.08922610431909561,0.09913908690214157,0.1915738433599472,0.0430430993437767,0.11030745506286621,0.7972041964530945,0.1620778739452362,0.04567662999033928,0.0900270938873291,0.005580232013016939,0.007232125898792565,4.341337674671008e-06,0.0,0.0005660018993352327,4.341337674671008,False,
S4SAVF03-20220603-2W,0.852835476398468,0.8295713663101196,0.7714190483093262,0.08995450288057327,0.09800133854150772,0.11859765648841858,0.09818640351295471,0.11718627065420151,0.8528414964675903,0.011296643875539303,0.05975979194045067,0.08995272219181061,0.023264097049832344,0.027925111925111924,6.620539953873288e-05,0.0,6.620539953873288e-05,66.20539953873288,False,
S4SAVF03-20220609-3W,0.9211949706077576,0.9122462272644043,0.8645917773246765,0.0885852798819542,0.10033424943685532,0.15156660974025726,0.06498097628355026,0.12256262451410294,0.9220906496047974,0.0327853262424469,0.06453423947095871,0.08873667567968369,0.008948707021772861,0.017915615248948583,0.0004905711572378239,0.0,8.519875186541854e-05,490.5711572378239,False,
S4SAVF03-20220616-4W,0.9023493528366089,0.876756489276886,0.8195937871932983,0.07993368804454803,0.09095680713653564,0.11560795456171036,0.09353364259004593,0.11095403134822845,0.9023527503013611,0.012647369876503944,0.060769498348236084,0.07993089407682419,0.02559283934533596,0.03942043142043142,0.0007505087505087505,0.0,1.6822683489350155e-05,750.5087505087505,False,
S4SAVF03-20220623-5W,0.8688435554504395,0.8559353947639465,0.8067394495010376,0.09121347963809967,0.10301315784454346,0.14421895146369934,0.07524120062589645,0.1241721510887146,0.8697749376296997,0.032621223479509354,0.06900142878293991,0.09134593605995178,0.012908206321299076,0.019398724732058066,0.0009789716456383123,0.0,0.00012481345814679149,978.9716456383123,False,
S4SAVF03-20220630-6W,0.866479218006134,0.8449634313583374,0.7755509614944458,0.08880890160799026,0.10341949760913849,0.13179072737693787,0.10801622271537781,0.12520763278007507,0.8665059208869934,0.018304912373423576,0.08024893701076508,0.08881241083145142,0.021515803411602974,0.04891493691493692,0.002371455704789038,0.0,0.0002442002442002442,2371.455704789038,False,
S4SAVF03-20220708-7W,0.829914927482605,0.8030211925506592,0.7292657494544983,0.08193471282720566,0.09837710857391357,0.1254349946975708,0.12442729622125626,0.118517205119133,0.8299238085746765,0.015695039182901382,0.08196910470724106,0.08193886280059814,0.026893772184848785,0.05538244471577805,0.004457468457468457,0.0,0.0001199294532627866,4457.468457468457,False,
S4SAVF03-20220714-8W,0.8947317600250244,0.8668140172958374,0.8082489371299744,0.08792936056852341,0.10496671497821808,0.1156911700963974,0.1001606211066246,0.13236361742019653,0.894736111164093,0.016614766791462898,0.08676151931285858,0.08792749047279358,0.027917809784412384,0.07202062135395469,0.003120879120879121,0.0,5.480938814272148e-05,3120.8791208791213,False,
S4SAVF03-20220721-9W,0.819240391254425,0.7891849875450134,0.7358488440513611,0.09128366410732269,0.10848411172628403,0.10949167609214783,0.10615360736846924,0.1322600543498993,0.8192492127418518,0.016612203791737556,0.09212026745080948,0.0912855938076973,0.03005542978644371,0.08450576583909918,0.005735449735449735,0.0,0.0002729616062949396,5735.449735449735,False,
S4SAVF03-20220802-10W,0.8706241250038147,0.8387494087219238,0.7706352472305298,0.10438704490661621,0.12407397478818893,0.11745675653219223,0.12034092098474503,0.14849278330802917,0.8706312775611877,0.016788961365818977,0.10141795873641968,0.10438352078199387,0.03187475726008415,0.10945272011938678,0.007504002170668838,0.0,0.0006940713607380274,7504.002170668838,False,
S4SAVF03-20220822-13W,0.823055624961853,0.7876864671707153,0.7120825052261353,0.08865489065647125,0.10460115224123001,0.11515087634325027,0.13834986090660095,0.1222851350903511,0.8230559825897217,0.011799965053796768,0.0811762735247612,0.08865461498498917,0.035369180142879486,0.09979107312440645,0.005650793650793651,0.0,0.0006294939628272961,5650.793650793651,False,
S4SAVF03-20220906-15W,0.8263003826141357,0.7871382236480713,0.7064030170440674,0.11101773381233215,0.13978436589241028,0.12172824889421463,0.15369783341884613,0.16918706893920898,0.8264131546020508,0.02353648841381073,0.1367909014225006,0.11102284491062164,0.03916209563612938,0.21612806946140278,0.018340523673857006,0.0,0.0017875457875457875,18340.523673857006,False,
S4SAVF03-20221102-24W,0.6812174916267395,0.543572723865509,0.3761421740055084,0.13063083589076996,0.18612515926361084,0.0959150418639183,0.4662851095199585,0.18190820515155792,0.6812174916267395,0.03015044704079628,0.19805923104286194,0.13063080608844757,0.13764475286006927,0.8078865825532492,0.2289067969067969,1.628001628001628e-06,0.001837471170804504,87102.98900418151,False,
S4SAVF03-20221110-25W,0.8069658279418945,0.6541033983230591,0.4791281521320343,0.17039616405963898,0.23562979698181152,0.09620948880910873,0.42946505546569824,0.23602016270160675,0.8069929480552673,0.03544231876730919,0.21305683255195618,0.17041616141796112,0.15286247432231903,0.7974082214082214,0.1837037037037037,5.42667209333876e-07,0.0021695835029168363,119081.87494503563,False,
S4SAVF03-20221206-28W,0.7774127125740051,0.6007120609283447,0.40183746814727783,0.18489709496498108,0.24673008918762207,0.09151416271924973,0.5105842351913452,0.22486107051372528,0.7774601578712463,0.034495431929826736,0.20711280405521393,0.18494091928005219,0.176700621843338,0.8796412969746303,0.2527966354633021,1.085334418667752e-06,0.0013772893772893773,121225.94496129073,False,
S5VF01-20220518-0W,0.7362637519836426,0.69486403465271,0.6067955493927002,0.08653418719768524,0.09171705693006516,0.11137673258781433,0.17773260176181793,0.0920431986451149,0.7362637519836426,0.007721580099314451,0.03921759873628616,0.08653418719768524,0.04139969125390053,0.15168796635463302,0.0008975715642382309,0.0,0.004551892551892552,897.571564238231,False,
S5VF01-20220603-2W,0.7245108485221863,0.6715867519378662,0.5544941425323486,0.0797208622097969,0.08496036380529404,0.1131899356842041,0.23722043633460999,0.08740571141242981,0.7245108485221863,0.006214587949216366,0.04644337296485901,0.0797208622097969,0.05292408540844917,0.7268859042192376,0.0007749287749287749,0.0,0.0044004884004884,774.9287749287749,False,
S5VF01-20220609-3W,0.6807261109352112,0.6412257552146912,0.5574861168861389,0.07765242457389832,0.08360182493925095,0.11123143136501312,0.18360602855682373,0.08710628747940063,0.6807261109352112,0.007088211365044117,0.04871651530265808,0.07765242457389832,0.0395004078745842,0.11408221408221408,0.0011102971102971103,0.0,0.013480938814272148,1110.2971102971103,False,
S5VF01-20220616-4W,0.8773108124732971,0.8329655528068542,0.7379024624824524,0.0753406286239624,0.08415431529283524,0.11226288229227066,0.15998952090740204,0.09076175838708878,0.8773108124732971,0.0077519468031823635,0.04121401533484459,0.0753406286239624,0.04434530436992645,0.22278225478225477,0.0008335368335368336,0.0,0.0008286528286528287,833.5368335368336,False,
S5VF01-20220623-5W,0.7360851764678955,0.69231778383255,0.5945237278938293,0.08409357815980911,0.09300819784402847,0.11374817043542862,0.19556377828121185,0.09806136786937714,0.7360851764678955,0.007600480690598488,0.05369838699698448,0.08409357815980911,0.043767355382442474,0.23961199294532629,0.002678605345272012,0.0,0.002642789309455976,2678.605345272012,False,
S5VF01-20220630-6W,0.7752227187156677,0.7291058301925659,0.6302330493927002,0.07739944756031036,0.086721271276474,0.11237481236457825,0.18945449590682983,0.0925755575299263,0.7752227187156677,0.007819837890565395,0.05323604866862297,0.07739944756031036,0.04611687362194061,0.30881074481074483,0.0033824447157780493,1.085334418667752e-06,0.002345407678741012,1622.0154837030773,False,
S5VF01-20220708-7W,0.8573575615882874,0.8151349425315857,0.7156720161437988,0.07483568787574768,0.08683452755212784,0.11625511199235916,0.1667037159204483,0.09545715153217316,0.8573575615882874,0.008584833703935146,0.05526651442050934,0.07483568787574768,0.04222257807850838,0.16206864740198074,0.0027985347985347987,0.0,0.0005052231718898386,2798.534798534799,False,
S5VF01-20220714-8W,0.7886635661125183,0.7401981949806213,0.6391924023628235,0.08833234757184982,0.1002122312784195,0.11191065609455109,0.19289353489875793,0.109085813164711,0.7886635661125183,0.008463706821203232,0.06882689148187637,0.08833234757184982,0.048465460538864136,0.3501196581196581,0.004466693800027133,0.0,0.0023915343915343916,4466.693800027133,False,
S5VF01-20220721-9W,0.8135939240455627,0.7667209506034851,0.6794089078903198,0.07443654537200928,0.08704724162817001,0.10711868852376938,0.1672382652759552,0.10103009641170502,0.8135939240455627,0.008107325062155724,0.06487719714641571,0.07443654537200928,0.04687296599149704,0.24045584045584045,0.002931488264821598,0.0,0.00042924976258309594,2931.4882648215985,False,
S5VF01-20220802-10W,0.7586901783943176,0.7086057662963867,0.6074461340904236,0.09466912597417831,0.10736571997404099,0.11078080534934998,0.20394183695316315,0.11483278125524521,0.7586901783943176,0.009806729853153229,0.07444781810045242,0.09466912597417831,0.0500844307243824,0.36074562474562477,0.007970695970695971,0.0,0.0020767874101207434,7970.6959706959715,False,
S5VF01-20220822-13W,0.7879519462585449,0.730384349822998,0.6197085976600647,0.07433319836854935,0.08650010824203491,0.10918189585208893,0.21483133733272552,0.09251546859741211,0.7879519462585449,0.009767322801053524,0.06686992943286896,0.07433319836854935,0.057567670941352844,0.6335314068647402,0.005343101343101343,0.0,0.0012703839370506037,5343.101343101343,False,
S5VF01-20220906-15W,0.7594680786132812,0.6937845349311829,0.5689564943313599,0.09575219452381134,0.11388127505779266,0.10969887673854828,0.2562989890575409,0.12558519840240479,0.7594680786132812,0.010946935042738914,0.10326890647411346,0.09575219452381134,0.06568353623151779,0.736702211368878,0.014504409171075837,0.0,0.003233211233211233,14504.409171075837,False,
S5VF01-20221102-24W,0.7217593193054199,0.6294716596603394,0.47575730085372925,0.1425205022096634,0.16786044836044312,0.10702413320541382,0.35198548436164856,0.16420812904834747,0.7217593193054199,0.021304909139871597,0.1547507345676422,0.142520472407341,0.09228771179914474,0.7746151132817799,0.07513824447157781,8.14000814000814e-06,0.009290462623795957,8220.807172225439,False,
S5VF01-20221110-25W,0.7563254833221436,0.6559949517250061,0.5167251825332642,0.12437868863344193,0.1635696440935135,0.10235608369112015,0.32464805245399475,0.16979332268238068,0.7563255429267883,0.02348593808710575,0.17545102536678314,0.12437866628170013,0.10033044964075089,0.6344533984533984,0.08206430606430606,3.256003256003256e-06,0.005718627051960385,19282.012049344936,False,
S5VF01-20221206-28W,0.7139566540718079,0.597421407699585,0.4244508147239685,0.13300317525863647,0.17076538503170013,0.10329769551753998,0.41573774814605713,0.16096597909927368,0.7139566540718079,0.025600742548704147,0.17145998775959015,0.13300317525863647,0.1165352389216423,0.8019666259666259,0.12534907068240403,1.085334418667752e-06,0.007358567358567359,60109.81718821158,False,
S5VF02-20220518-0W,0.7730624079704285,0.7388745546340942,0.6614758372306824,0.0734361931681633,0.07982184737920761,0.11348943412303925,0.1458454430103302,0.08790690451860428,0.7730624675750732,0.006528226658701897,0.04027712717652321,0.0734362006187439,0.03418787941336632,0.04462026862026862,0.0007038393705060371,0.0,0.0034898928232261566,703.8393705060372,False,
S5VF02-20220603-2W,0.7951781153678894,0.7569845914840698,0.652862012386322,0.07299203425645828,0.07748277485370636,0.12023314088582993,0.18033455312252045,0.08574467897415161,0.7951781153678894,0.0060172067023813725,0.040763162076473236,0.07299203425645828,0.03819357231259346,0.07983394383394384,0.0004661511328177995,0.0,0.0018369285035951702,466.1511328177995,False,
S5VF02-20220609-3W,0.8132121562957764,0.7802121639251709,0.7057979106903076,0.0897284597158432,0.0961846262216568,0.11402343958616257,0.134422168135643,0.10537674278020859,0.8132121562957764,0.00718572735786438,0.0502263680100441,0.089728444814682,0.032999902963638306,0.05415330348663682,0.001640482973816307,0.0,0.00304653371320038,1640.482973816307,False,
S5VF02-20220616-4W,0.877160370349884,0.840710461139679,0.7570087909698486,0.0651085302233696,0.07218794524669647,0.1143399104475975,0.1372661292552948,0.08224599808454514,0.877160370349884,0.0055527463555336,0.04143015295267105,0.0651085302233696,0.036449845880270004,0.07192891059557727,0.0002935829602496269,0.0,0.0005698005698005698,293.5829602496269,False,
S5VF02-20220623-5W,0.8532193303108215,0.8170940279960632,0.734908938407898,0.08633292466402054,0.09493140876293182,0.11455569416284561,0.14082130789756775,0.1058845967054367,0.8532193303108215,0.0069624618627130985,0.05424880236387253,0.08633292466402054,0.03612525388598442,0.09106824040157374,0.0014711708045041377,0.0,0.0016171482838149504,1471.1708045041378,False,
S5VF02-20220630-6W,0.854417622089386,0.8189001679420471,0.7338087558746338,0.09440126270055771,0.10315851122140884,0.1167450025677681,0.14399734139442444,0.11678338795900345,0.854417622089386,0.008767638355493546,0.06297410279512405,0.09440124034881592,0.03551745414733887,0.10190204856871524,0.0017891737891737893,1.085334418667752e-06,0.0020800434133767466,857.9793116908464,False,
S5VF02-20220708-7W,0.8266353011131287,0.7852808237075806,0.6867977380752563,0.07929965853691101,0.08833540976047516,0.11635629832744598,0.17076753079891205,0.09688404947519302,0.8266353011131287,0.007667652331292629,0.05540027841925621,0.07929965853691101,0.041354577988386154,0.13464658797992132,0.0018179351512684846,5.42667209333876e-07,0.0017045177045177046,1178.436373230147,False,
S5VF02-20220714-8W,0.8709123730659485,0.8268232941627502,0.7385032176971436,0.08651944994926453,0.09819544106721878,0.11011900752782822,0.15445658564567566,0.11216935515403748,0.8709123730659485,0.009006616659462452,0.06452242285013199,0.08651944994926453,0.044089075177907944,0.1757096730430064,0.0016697870031203365,5.42667209333876e-07,0.0012226292226292226,1082.4026031131827,False,
S5VF02-20220721-9W,0.8238465785980225,0.7798289656639099,0.6931917071342468,0.08569231629371643,0.09997320175170898,0.11051967740058899,0.16116228699684143,0.11474024504423141,0.8238465785980225,0.009603233076632023,0.08121545612812042,0.08569231629371643,0.04401760175824165,0.14513525980192646,0.004249626916293583,2.170668837335504e-06,0.001518382851716185,1340.2935261649052,False,
S5VF02-20220802-10W,0.7842763066291809,0.7372424602508545,0.6437709927558899,0.09101639688014984,0.10475419461727142,0.11091910302639008,0.18253245949745178,0.11393948644399643,0.7842763066291809,0.010731711983680725,0.08093694597482681,0.09101632237434387,0.047033846378326416,0.1989569936236603,0.0074367114367114365,5.42667209333876e-07,0.0027035680369013704,4820.684196640577,False,
S5VF02-20220822-13W,0.7848266959190369,0.7316768169403076,0.625194251537323,0.0675068274140358,0.08485656976699829,0.11164957284927368,0.20455990731716156,0.0916920006275177,0.7848266959190369,0.011252937838435173,0.07387083768844604,0.0675068274140358,0.05314984545111656,0.33273585673585676,0.007185456518789852,0.0,0.0008297381630714964,7185.456518789852,False,
S5VF02-20220906-15W,0.7436248660087585,0.6839436292648315,0.5710886716842651,0.10090409964323044,0.12127713859081268,0.11093169450759888,0.23835913836956024,0.13373348116874695,0.7436248660087585,0.012893671169877052,0.11860420554876328,0.10090379416942596,0.05968125909566879,0.4350644417311084,0.02357129290462624,2.170668837335504e-05,0.006593949260615927,1038.077086233577,False,
S5VF02-20221102-24W,0.6282144784927368,0.5115788578987122,0.35821956396102905,0.08058071881532669,0.12958268821239471,0.0972808301448822,0.43876564502716064,0.11920817941427231,0.6282144784927368,0.02496957778930664,0.15111961960792542,0.08058071881532669,0.11663565039634705,0.9812074345407679,0.15765567765567765,1.628001628001628e-06,0.005756071089404423,59990.707759021214,False,
S5VF02-20221110-25W,0.7727466225624084,0.6357092261314392,0.4770802855491638,0.1292015016078949,0.1844359040260315,0.09429700672626495,0.3946467936038971,0.18264319002628326,0.7727466225624084,0.027612604200839996,0.18336348235607147,0.12920135259628296,0.1370375007390976,0.8791100257766924,0.1322897842897843,3.798670465337132e-06,0.003432370099036766,27568.00768991547,False,
S5VF02-20221206-28W,0.7119618654251099,0.5469781160354614,0.3690868318080902,0.13434788584709167,0.1899009793996811,0.08850041776895523,0.49660542607307434,0.1678597778081894,0.7119618654251099,0.029241276904940605,0.18034666776657104,0.13434788584709167,0.16498374938964844,0.9649377289377289,0.2314860941527608,0.0,0.002048026048026048,231486.0941527608,False,
S5VF03-20220518-0W,0.7283429503440857,0.6916779279708862,0.6177266240119934,0.07391434907913208,0.07480709254741669,0.10894013941287994,0.15201035141944885,0.07550722360610962,0.7283432483673096,0.007890374399721622,0.031471408903598785,0.07391399890184402,0.0366649366915226,0.01946764346764347,0.001150454483787817,6.512006512006512e-06,0.004802604802604802,153.14876018132233,False,
S5VF03-20220603-2W,0.8869614005088806,0.8495132327079773,0.7641976475715637,0.05435743182897568,0.05656888335943222,0.1133386567234993,0.13758675754070282,0.061585430055856705,0.8869614005088806,0.005279613193124533,0.02126159705221653,0.05435743182897568,0.037448231130838394,0.019668430335097003,2.984669651336318e-05,0.0,0.00021815221815221815,29.84669651336318,False,
S5VF03-20220609-3W,0.7782877683639526,0.7474955916404724,0.687696099281311,0.06882431358098984,0.07185850292444229,0.10843866318464279,0.11638932675123215,0.07498130202293396,0.7782877683639526,0.008986607193946838,0.024727005511522293,0.06882432103157043,0.030792148783802986,0.0034605887939221274,0.0002821869488536155,1.628001628001628e-06,0.0020908967575634244,107.3770068659336,False,
S5VF03-20220616-4W,0.8810795545578003,0.844235360622406,0.7656285166740417,0.04529690369963646,0.0481574647128582,0.11094993352890015,0.13001874089241028,0.05565223470330238,0.8810795545578003,0.006392323412001133,0.0230625718832016,0.04529690369963646,0.036844223737716675,0.024662596662596663,1.085334418667752e-06,0.0,1.3024013024013025e-05,1.085334418667752,False,
S5VF03-20220623-5W,0.8785052299499512,0.8433348536491394,0.7616739869117737,0.06046845763921738,0.0635133609175682,0.11415725201368332,0.13241340219974518,0.06848099827766418,0.8785052299499512,0.0062112449668347836,0.024303574115037918,0.06046846881508827,0.035170361399650574,0.02005155338488672,8.248541581874915e-05,0.0,0.00018342151675485008,82.48541581874916,False,
S5VF03-20220630-6W,0.8223583102226257,0.788615882396698,0.7045930027961731,0.06159060820937157,0.06410425901412964,0.11649847030639648,0.14293204247951508,0.06987421959638596,0.8223583102226257,0.005552930757403374,0.027292992919683456,0.06159057095646858,0.03374244645237923,0.010127255460588794,8.845475512142179e-05,0.0,0.0005117351784018451,88.4547551214218,False,
S5VF03-20220708-7W,0.8376525640487671,0.8004745841026306,0.7100299596786499,0.06756844371557236,0.0693378895521164,0.11576437950134277,0.1520010530948639,0.07294467836618423,0.8376525640487671,0.004836027976125479,0.027917491272091866,0.06756844371557236,0.03717799484729767,0.024761904761904763,0.00023606023606023607,0.0,0.0007857821191154525,236.0602360602361,False,
S5VF03-20220714-8W,0.8814641237258911,0.8438249826431274,0.7652349472045898,0.06979385018348694,0.06975211948156357,0.11002574115991592,0.13218747079372406,0.0751696228981018,0.8818888664245605,0.012347428128123283,0.03424777835607529,0.0671297162771225,0.03763910010457039,0.02835816035816036,0.0002170668837335504,0.0,0.0005198751865418532,217.0668837335504,False,
S5VF03-20220721-9W,0.8335945010185242,0.7952300906181335,0.7109382748603821,0.05604447051882744,0.061493970453739166,0.11257351189851761,0.14667287468910217,0.07050926983356476,0.8335945010185242,0.007067570928484201,0.042230114340782166,0.05604447051882744,0.038364384323358536,0.058802333469000136,0.0005915072581739249,0.0,0.00027458960792294126,591.5072581739249,False,
S5VF03-20220802-10W,0.827508270740509,0.7895780801773071,0.713161051273346,0.048885226249694824,0.05351997911930084,0.10928286612033844,0.13698279857635498,0.05859460309147835,0.827508270740509,0.007630242966115475,0.037820588797330856,0.048885226249694824,0.03793012350797653,0.037210147876814544,0.000262650929317596,0.0,0.00016659883326549993,262.65092931759597,False,
S5VF03-20220822-13W,0.8089883327484131,0.7691931128501892,0.6726083755493164,0.04609186574816704,0.04973408952355385,0.11652522534132004,0.1673341989517212,0.05380972847342491,0.8089883327484131,0.005396284628659487,0.03391308709979057,0.04609186574816704,0.039795175194740295,0.05765187898521232,0.00011775878442545109,0.0,0.00046940713607380275,117.7587844254511,False,
S5VF03-20220906-15W,0.7757506370544434,0.7334249019622803,0.6333252787590027,0.07492342591285706,0.07824628800153732,0.11595722287893295,0.18361593782901764,0.08102715760469437,0.7757506370544434,0.006748921703547239,0.048535190522670746,0.07492341846227646,0.04232583940029144,0.17425098358431693,0.0011130104463437796,2.170668837335504e-06,0.002267806267806268,351.0333319070643,False,
S5VF03-20221102-24W,0.6512567400932312,0.5943110585212708,0.4791467487812042,0.10212821513414383,0.11748713999986649,0.1122235432267189,0.2715064585208893,0.11844605952501297,0.6512567400932312,0.013776318170130253,0.11071783304214478,0.10212821513414383,0.056945621967315674,0.46807597340930673,0.03502374169040836,0.0,0.017277438610771943,35023.74169040836,False,
S5VF03-20221110-25W,0.786216676235199,0.7298707365989685,0.6357747912406921,0.08897918462753296,0.1247275248169899,0.10902874916791916,0.1978807896375656,0.14657364785671234,0.7862172722816467,0.015792982652783394,0.13690268993377686,0.08897988498210907,0.056345902383327484,0.26862840862840864,0.026806132139465474,5.42667209333876e-07,0.0016562203228869896,17376.484038343155,False,
S5VF03-20221206-28W,0.725484311580658,0.648807168006897,0.5245859026908875,0.10874351859092712,0.1480301022529602,0.10808820277452469,0.2886529862880707,0.162512868642807,0.725484311580658,0.01896548643708229,0.16871720552444458,0.10874345898628235,0.07667714357376099,0.5014684574684575,0.0658325871659205,1.6822683489350155e-05,0.006707909374576041,3693.7528069360815,False,
