split_group_treatment,day,predicted_wire_area_loss_frac
D_NO,0.0,0.22137154507177842
D_NO,1.0,0.22137154507177842
D_NO,2.0,0.22137154507177842
D_NO,3.0,0.22137154507177842
D_NO,4.0,0.22137154507177842
D_NO,5.0,0.22137154507177842
D_NO,6.0,0.22137154507177842
D_NO,7.0,0.22137154507177842
D_NO,8.0,0.22137154507177842
D_NO,9.0,0.22137154507177842
D_NO,10.0,0.22137154507177842
D_NO,11.0,0.22137154507177842
D_NO,12.0,0.22137154507177842
D_NO,13.0,0.22137154507177842
D_NO,14.0,0.22137154507177842
D_NO,15.0,0.22137154507177842
D_NO,16.0,0.22137154507177842
D_NO,17.0,0.22137154507177842
D_NO,18.0,0.22137154507177842
D_NO,19.0,0.22137154507177842
D_NO,20.0,0.22137154507177842
D_NO,21.0,0.22137154507177842
D_NO,22.0,0.22137154507177842
D_NO,23.0,0.22137154507177842
D_NO,24.0,0.22137154507177842
D_NO,25.0,0.22137154507177842
D_NO,26.0,0.22137154507177842
D_NO,27.0,0.22137154507177842
D_NO,28.0,0.22137154507177842
D_NO,29.0,0.22137154507177842
D_NO,30.0,0.22137154507177842
D_NO,31.0,0.22137154507177842
D_NO,32.0,0.22137154507177842
D_NO,33.0,0.22137154507177842
D_NO,34.0,0.22137154507177842
D_NO,35.0,0.22137154507177842
D_NO,36.0,0.22137154507177842
D_NO,37.0,0.22137154507177842
D_NO,38.0,0.22137154507177842
D_NO,39.0,0.22137154507177842
D_NO,40.0,0.22137154507177842
D_NO,41.0,0.22137154507177842
D_NO,42.0,0.22137154507177842
D_NO,43.0,0.22137154507177842
D_NO,44.0,0.22137154507177842
D_NO,45.0,0.22137154507177842
D_NO,46.0,0.22137154507177842
D_NO,47.0,0.22137154507177842
D_NO,48.0,0.22137154507177842
D_NO,49.0,0.22137154507177842
D_NO,50.0,0.22137154507177842
D_NO,51.0,0.22137154507177842
D_NO,52.0,0.22137154507177842
D_NO,53.0,0.22137154507177842
D_NO,54.0,0.22137154507177842
D_NO,55.0,0.22137154507177842
D_NO,56.0,0.22137154507177842
D_NO,57.0,0.22137154507177842
D_NO,58.0,0.22137154507177842
D_NO,59.0,0.22137154507177842
D_NO,60.0,0.22137154507177842
D_NO,61.0,0.22137154507177842
D_NO,62.0,0.22137154507177842
D_NO,63.0,0.22137154507177842
D_NO,64.0,0.22137154507177842
D_NO,65.0,0.22137154507177842
D_NO,66.0,0.22137154507177842
D_NO,67.0,0.22137154507177842
D_NO,68.0,0.22137154507177842
D_NO,69.0,0.22137154507177842
D_NO,70.0,0.22137154507177842
D_NO,71.0,0.22137154507177842
D_NO,72.0,0.22137154507177842
D_NO,73.0,0.22137154507177842
D_NO,74.0,0.22137154507177842
D_NO,75.0,0.22137154507177842
D_NO,76.0,0.22137154507177842
D_NO,77.0,0.22137154507177842
D_NO,78.0,0.22137154507177842
D_NO,79.0,0.22137154507177842
D_NO,80.0,0.22137154507177842
D_NO,81.0,0.22137154507177842
D_NO,82.0,0.22137154507177842
D_NO,83.0,0.22137154507177842
D_NO,84.0,0.22137154507177842
D_NO,85.0,0.22137154507177842
D_NO,86.0,0.22137154507177842
D_NO,87.0,0.22137154507177842
D_NO,88.0,0.22137154507177842
D_NO,89.0,0.22137154507177842
D_NO,90.0,0.22137154507177842
D_NO,91.0,0.22137154507177842
D_NO,92.0,0.22137154507177842
D_NO,93.0,0.22137154507177842
D_NO,94.0,0.22137154507177842
D_NO,95.0,0.22137154507177842
D_NO,96.0,0.22137154507177842
D_NO,97.0,0.22137154507177842
D_NO,98.0,0.22137154507177842
D_NO,99.0,0.22137154507177842
D_NO,100.0,0.22137154507177842
D_NO,101.0,0.22137154507177842
D_NO,102.0,0.22137154507177842
D_NO,103.0,0.22137154507177842
D_NO,104.0,0.22137154507177842
D_NO,105.0,0.22137154507177842
D_NO,106.0,0.22137154507177842
D_NO,107.0,0.22137154507177842
D_NO,108.0,0.22137154507177842
D_NO,109.0,0.22137154507177842
D_NO,110.0,0.22137154507177842
D_NO,111.0,0.22137154507177842
D_NO,112.0,0.22137154507177842
D_NO,113.0,0.22137154507177842
D_NO,114.0,0.22137154507177842
D_NO,115.0,0.22137154507177842
D_NO,116.0,0.22137154507177842
D_NO,117.0,0.22137154507177842
D_NO,118.0,0.22137154507177842
D_NO,119.0,0.22137154507177842
D_NO,120.0,0.22137154507177842
D_NO,121.0,0.22137154507177842
D_NO,122.0,0.22137154507177842
D_NO,123.0,0.22137154507177842
D_NO,124.0,0.22137154507177842
D_NO,125.0,0.22137154507177842
D_NO,126.0,0.22137154507177842
D_NO,127.0,0.22137154507177842
D_NO,128.0,0.22137154507177842
D_NO,129.0,0.22137154507177842
D_NO,130.0,0.22137154507177842
D_NO,131.0,0.22137154507177842
D_NO,132.0,0.22137154507177842
D_NO,133.0,0.22137154507177842
D_NO,134.0,0.22137154507177842
D_NO,135.0,0.22137154507177842
D_NO,136.0,0.22137154507177842
D_NO,137.0,0.22137154507177842
D_NO,138.0,0.22137154507177842
D_NO,139.0,0.22137154507177842
D_NO,140.0,0.22137154507177842
D_NO,141.0,0.22137154507177842
D_NO,142.0,0.22137154507177842
D_NO,143.0,0.22137154507177842
D_NO,144.0,0.22137154507177842
D_NO,145.0,0.22137154507177842
D_NO,146.0,0.22137154507177842
D_NO,147.0,0.22137154507177842
D_NO,148.0,0.22137154507177842
D_NO,149.0,0.22137154507177842
D_NO,150.0,0.22137154507177842
D_NO,151.0,0.22137154507177842
D_NO,152.0,0.22137154507177842
D_NO,153.0,0.22137154507177842
D_NO,154.0,0.22137154507177842
D_NO,155.0,0.22137154507177842
D_NO,156.0,0.22137154507177842
D_NO,157.0,0.22137154507177842
D_NO,158.0,0.22137154507177842
D_NO,159.0,0.22137154507177842
D_NO,160.0,0.22137154507177842
D_NO,161.0,0.22137154507177842
D_NO,162.0,0.22137154507177842
D_NO,163.0,0.22137154507177842
D_NO,164.0,0.22137154507177842
D_NO,165.0,0.22137154507177845
D_NO,166.0,0.22137154507177845
D_NO,167.0,0.22137154507177845
D_NO,168.0,0.22137154507177845
D_NO,169.0,0.22137154507177845
D_NO,170.0,0.22137154507177845
D_NO,171.0,0.22137154507177845
D_NO,172.0,0.22137154507177845
D_NO,173.0,0.22137154507177845
D_NO,174.0,0.22137154507177845
D_NO,175.0,0.22137154507177845
D_NO,176.0,0.22137154507177845
D_NO,177.0,0.22137154507177845
D_NO,178.0,0.22137154507177845
D_NO,179.0,0.22137154507177845
D_NO,180.0,0.22137154507177845
D_NO,181.0,0.22137154507177845
D_NO,182.0,0.22137154507177845
D_NO,183.0,0.22137154507177845
D_NO,184.0,0.22137154507177845
D_NO,185.0,0.22137154507177845
D_NO,186.0,0.22137154507177845
D_NO,187.0,0.22137154507177845
D_NO,188.0,0.22137154507177845
D_NO,189.0,0.22137154507177845
D_NO,190.0,0.22137154507177845
D_NO,191.0,0.22137154507177845
D_NO,192.0,0.22137154507177845
D_NO,193.0,0.22137154507177845
D_NO,194.0,0.22137154507177845
D_NO,195.0,0.22137154507177845
D_NO,196.0,0.22137154507177845
D_NO,197.0,0.22137154507177845
D_NO,198.0,0.22137154507177845
D_NO,199.0,0.22137154507177845
D_NO,200.0,0.22137154507177845
D_NO,201.0,0.22137154507177845
D_NO,202.0,0.22137154507177845
D_NO,203.0,0.22137154507177845
D_NO,204.0,0.22137154507177845
D_NO,205.0,0.22137154507177845
D_NO,206.0,0.22137154507177845
D_NO,207.0,0.22137154507177845
D_NO,208.0,0.22137154507177845
D_NO,209.0,0.22137154507177845
D_NO,210.0,0.22137154507177845
D_NO,211.0,0.22192024064856405
D_NO,212.0,0.2224689362253496
D_NO,213.0,0.22301763180213519
D_NO,214.0,0.2235663273789208
D_NO,215.0,0.22411502295570634
D_NO,216.0,0.22466371853249195
D_NO,217.0,0.22521241410927756
D_NO,218.0,0.2257611096860631
D_NO,219.0,0.22630980526284872
D_NO,220.0,0.22685850083963424
D_NO,221.0,0.2274071964164199
D_NO,222.0,0.22795589199320543
D_NO,223.0,0.22850458756999104
D_NO,224.0,0.2290532831467766
D_NO,225.0,0.2296019787235622
D_NO,226.0,0.2301506743003478
D_NO,227.0,0.23069936987713335
D_NO,228.0,0.23124806545391896
D_NO,229.0,0.2317967610307045
D_NO,230.0,0.23234545660749015
D_NO,231.0,0.2328941521842757
D_NO,232.0,0.2328941521842757
D_NO,233.0,0.2328941521842757
D_NO,234.0,0.2328941521842757
D_NO,235.0,0.2328941521842757
D_NO,236.0,0.2328941521842757
D_NO,237.0,0.2328941521842757
D_NO,238.0,0.2328941521842757
D_NO,239.0,0.2328941521842757
D_NO,240.0,0.2328941521842757
D_NO,241.0,0.2328941521842757
D_NO,242.0,0.2328941521842757
D_NO,243.0,0.2328941521842757
D_NO,244.0,0.2328941521842757
D_NO,245.0,0.2328941521842757
D_NO,246.0,0.2328941521842757
D_NO,247.0,0.2328941521842757
D_NO,248.0,0.2328941521842757
D_NO,249.0,0.2328941521842757
D_NO,250.0,0.2328941521842757
D_NO,251.0,0.2328941521842757
D_NO,252.0,0.2328941521842757
D_NO,253.0,0.2328941521842757
D_NO,254.0,0.2328941521842757
D_NO,255.0,0.2328941521842757
D_NO,256.0,0.2328941521842757
D_NO,257.0,0.2328941521842757
D_NO,258.0,0.2328941521842757
D_NO,259.0,0.2328941521842757
D_NO,260.0,0.2328941521842757
D_NO,261.0,0.2328941521842757
D_NO,262.0,0.2328941521842757
D_NO,263.0,0.2328941521842757
D_NO,264.0,0.2328941521842757
D_NO,265.0,0.2328941521842757
D_NO,266.0,0.2328941521842757
D_NO,267.0,0.2328941521842757
D_NO,268.0,0.2328941521842757
D_NO,269.0,0.2328941521842757
D_NO,270.0,0.2328941521842757
D_NO,271.0,0.2328941521842757
D_NO,272.0,0.2328941521842757
D_NO,273.0,0.2328941521842757
D_NO,274.0,0.2328941521842757
D_NO,275.0,0.2328941521842757
D_NO,276.0,0.2328941521842757
D_NO,277.0,0.2328941521842757
D_NO,278.0,0.2328941521842757
D_NO,279.0,0.2328941521842757
D_NO,280.0,0.2328941521842757
D_NO,281.0,0.2328941521842757
D_NO,282.0,0.2328941521842757
D_NO,283.0,0.2328941521842757
D_NO,284.0,0.2328941521842757
D_NO,285.0,0.2328941521842757
D_NO,286.0,0.2328941521842757
D_NO,287.0,0.2328941521842757
D_NO,288.0,0.2328941521842757
D_NO,289.0,0.2328941521842757
D_NO,290.0,0.2328941521842757
D_NO,291.0,0.2328941521842757
D_NO,292.0,0.2328941521842757
D_NO,293.0,0.2328941521842757
D_NO,294.0,0.2328941521842757
D_NO,295.0,0.2328941521842757
D_NO,296.0,0.2328941521842757
D_NO,297.0,0.2328941521842757
D_NO,298.0,0.2328941521842757
D_NO,299.0,0.2328941521842757
D_NO,300.0,0.2328941521842757
D_NO,301.0,0.2328941521842757
D_NO,302.0,0.2328941521842757
D_NO,303.0,0.2328941521842757
D_NO,304.0,0.2328941521842757
D_NO,305.0,0.2328941521842757
D_NO,306.0,0.2328941521842757
D_NO,307.0,0.2328941521842757
D_NO,308.0,0.2328941521842757
D_NO,309.0,0.2328941521842757
D_NO,310.0,0.2328941521842757
D_NO,311.0,0.2328941521842757
D_NO,312.0,0.2328941521842757
D_NO,313.0,0.2328941521842757
D_NO,314.0,0.2328941521842757
D_NO,315.0,0.2328941521842757
D_NO,316.0,0.2328941521842757
D_NO,317.0,0.2328941521842757
D_NO,318.0,0.2328941521842757
D_NO,319.0,0.2328941521842757
D_NO,320.0,0.2328941521842757
D_NO,321.0,0.2328941521842757
D_NO,322.0,0.2328941521842757
D_NO,323.0,0.2328941521842757
D_NO,324.0,0.2328941521842757
D_NO,325.0,0.2328941521842757
D_NO,326.0,0.2328941521842757
D_NO,327.0,0.2328941521842757
D_NO,328.0,0.2328941521842757
D_NO,329.0,0.2328941521842757
D_NO,330.0,0.2328941521842757
D_NO,331.0,0.2328941521842757
D_NO,332.0,0.2328941521842757
D_NO,333.0,0.2328941521842757
D_NO,334.0,0.2328941521842757
D_NO,335.0,0.2328941521842757
D_NO,336.0,0.2328941521842757
D_NO,337.0,0.2328941521842757
D_NO,338.0,0.2328941521842757
D_NO,339.0,0.2328941521842757
D_NO,340.0,0.2328941521842757
D_NO,341.0,0.2328941521842757
D_NO,342.0,0.2328941521842757
D_NO,343.0,0.2328941521842757
D_NO,344.0,0.2328941521842757
D_NO,345.0,0.2328941521842757
D_NO,346.0,0.2328941521842757
D_NO,347.0,0.2328941521842757
D_NO,348.0,0.2328941521842757
D_NO,349.0,0.2328941521842757
D_NO,350.0,0.2328941521842757
D_NO,351.0,0.2328941521842757
D_NO,352.0,0.2328941521842757
D_NO,353.0,0.2328941521842757
D_NO,354.0,0.2328941521842757
D_NO,355.0,0.2328941521842757
D_NO,356.0,0.2328941521842757
D_NO,357.0,0.2328941521842757
D_NO,358.0,0.2328941521842757
D_NO,359.0,0.2328941521842757
D_NO,360.0,0.2328941521842757
D_NO,361.0,0.2328941521842757
D_NO,362.0,0.2328941521842757
D_NO,363.0,0.2328941521842757
D_NO,364.0,0.2328941521842757
D_NO,365.0,0.2328941521842757
E_SA_SPRAY,0.0,0.2787759481458339
E_SA_SPRAY,1.0,0.2787759481458339
E_SA_SPRAY,2.0,0.2787759481458339
E_SA_SPRAY,3.0,0.2787759481458339
E_SA_SPRAY,4.0,0.2787759481458339
E_SA_SPRAY,5.0,0.2787759481458339
E_SA_SPRAY,6.0,0.2787759481458339
E_SA_SPRAY,7.0,0.2787759481458339
E_SA_SPRAY,8.0,0.2787759481458339
E_SA_SPRAY,9.0,0.2787759481458339
E_SA_SPRAY,10.0,0.2787759481458339
E_SA_SPRAY,11.0,0.2787759481458339
E_SA_SPRAY,12.0,0.2787759481458339
E_SA_SPRAY,13.0,0.2787759481458339
E_SA_SPRAY,14.0,0.2787759481458339
E_SA_SPRAY,15.0,0.2787759481458339
E_SA_SPRAY,16.0,0.2787759481458339
E_SA_SPRAY,17.0,0.2787759481458339
E_SA_SPRAY,18.0,0.2787759481458339
E_SA_SPRAY,19.0,0.2787759481458339
E_SA_SPRAY,20.0,0.2787759481458339
E_SA_SPRAY,21.0,0.2787759481458339
E_SA_SPRAY,22.0,0.2787759481458339
E_SA_SPRAY,23.0,0.2787759481458339
E_SA_SPRAY,24.0,0.2787759481458339
E_SA_SPRAY,25.0,0.2787759481458339
E_SA_SPRAY,26.0,0.2787759481458339
E_SA_SPRAY,27.0,0.2787759481458339
E_SA_SPRAY,28.0,0.2787759481458339
E_SA_SPRAY,29.0,0.2787759481458339
E_SA_SPRAY,30.0,0.2787759481458339
E_SA_SPRAY,31.0,0.2787759481458339
E_SA_SPRAY,32.0,0.2787759481458339
E_SA_SPRAY,33.0,0.2787759481458339
E_SA_SPRAY,34.0,0.2787759481458339
E_SA_SPRAY,35.0,0.2787759481458339
E_SA_SPRAY,36.0,0.2787759481458339
E_SA_SPRAY,37.0,0.2787759481458339
E_SA_SPRAY,38.0,0.2787759481458339
E_SA_SPRAY,39.0,0.2787759481458339
E_SA_SPRAY,40.0,0.2787759481458339
E_SA_SPRAY,41.0,0.2787759481458339
E_SA_SPRAY,42.0,0.2787759481458339
E_SA_SPRAY,43.0,0.2787759481458339
E_SA_SPRAY,44.0,0.2787759481458339
E_SA_SPRAY,45.0,0.2787759481458339
E_SA_SPRAY,46.0,0.2787759481458339
E_SA_SPRAY,47.0,0.2787759481458339
E_SA_SPRAY,48.0,0.2787759481458339
E_SA_SPRAY,49.0,0.2787759481458339
E_SA_SPRAY,50.0,0.2787759481458339
E_SA_SPRAY,51.0,0.2787759481458339
E_SA_SPRAY,52.0,0.2787759481458339
E_SA_SPRAY,53.0,0.2787759481458339
E_SA_SPRAY,54.0,0.2787759481458339
E_SA_SPRAY,55.0,0.2787759481458339
E_SA_SPRAY,56.0,0.2787759481458339
E_SA_SPRAY,57.0,0.2787759481458339
E_SA_SPRAY,58.0,0.2787759481458339
E_SA_SPRAY,59.0,0.2787759481458339
E_SA_SPRAY,60.0,0.2787759481458339
E_SA_SPRAY,61.0,0.2787759481458339
E_SA_SPRAY,62.0,0.2787759481458339
E_SA_SPRAY,63.0,0.2787759481458339
E_SA_SPRAY,64.0,0.2787759481458339
E_SA_SPRAY,65.0,0.2787759481458339
E_SA_SPRAY,66.0,0.2787759481458339
E_SA_SPRAY,67.0,0.2787759481458339
E_SA_SPRAY,68.0,0.2787759481458339
E_SA_SPRAY,69.0,0.2787759481458339
E_SA_SPRAY,70.0,0.2787759481458339
E_SA_SPRAY,71.0,0.2787759481458339
E_SA_SPRAY,72.0,0.2787759481458339
E_SA_SPRAY,73.0,0.2787759481458339
E_SA_SPRAY,74.0,0.2787759481458339
E_SA_SPRAY,75.0,0.2787759481458339
E_SA_SPRAY,76.0,0.2787759481458339
E_SA_SPRAY,77.0,0.2787759481458339
E_SA_SPRAY,78.0,0.2787759481458339
E_SA_SPRAY,79.0,0.2787759481458339
E_SA_SPRAY,80.0,0.2787759481458339
E_SA_SPRAY,81.0,0.2787759481458339
E_SA_SPRAY,82.0,0.2787759481458339
E_SA_SPRAY,83.0,0.2787759481458339
E_SA_SPRAY,84.0,0.2787759481458339
E_SA_SPRAY,85.0,0.2787759481458339
E_SA_SPRAY,86.0,0.2787759481458339
E_SA_SPRAY,87.0,0.2787759481458339
E_SA_SPRAY,88.0,0.2787759481458339
E_SA_SPRAY,89.0,0.2787759481458339
E_SA_SPRAY,90.0,0.2787759481458339
E_SA_SPRAY,91.0,0.2787759481458339
E_SA_SPRAY,92.0,0.2787759481458339
E_SA_SPRAY,93.0,0.2787759481458339
E_SA_SPRAY,94.0,0.2787759481458339
E_SA_SPRAY,95.0,0.2787759481458339
E_SA_SPRAY,96.0,0.2787759481458339
E_SA_SPRAY,97.0,0.2787759481458339
E_SA_SPRAY,98.0,0.2787759481458339
E_SA_SPRAY,99.0,0.2787759481458339
E_SA_SPRAY,100.0,0.2787759481458339
E_SA_SPRAY,101.0,0.2787759481458339
E_SA_SPRAY,102.0,0.2787759481458339
E_SA_SPRAY,103.0,0.2787759481458339
E_SA_SPRAY,104.0,0.2787759481458339
E_SA_SPRAY,105.0,0.2787759481458339
E_SA_SPRAY,106.0,0.2787759481458339
E_SA_SPRAY,107.0,0.2787759481458339
E_SA_SPRAY,108.0,0.2787759481458339
E_SA_SPRAY,109.0,0.2787759481458339
E_SA_SPRAY,110.0,0.2787759481458339
E_SA_SPRAY,111.0,0.2787759481458339
E_SA_SPRAY,112.0,0.2787759481458339
E_SA_SPRAY,113.0,0.2787759481458339
E_SA_SPRAY,114.0,0.2787759481458339
E_SA_SPRAY,115.0,0.2787759481458339
E_SA_SPRAY,116.0,0.2787759481458339
E_SA_SPRAY,117.0,0.2787759481458339
E_SA_SPRAY,118.0,0.2787759481458339
E_SA_SPRAY,119.0,0.2787759481458339
E_SA_SPRAY,120.0,0.2787759481458339
E_SA_SPRAY,121.0,0.2787759481458339
E_SA_SPRAY,122.0,0.2787759481458339
E_SA_SPRAY,123.0,0.2787759481458339
E_SA_SPRAY,124.0,0.2787759481458339
E_SA_SPRAY,125.0,0.2787759481458339
E_SA_SPRAY,126.0,0.2787759481458339
E_SA_SPRAY,127.0,0.2787759481458339
E_SA_SPRAY,128.0,0.2787759481458339
E_SA_SPRAY,129.0,0.2787759481458339
E_SA_SPRAY,130.0,0.2787759481458339
E_SA_SPRAY,131.0,0.2787759481458339
E_SA_SPRAY,132.0,0.2787759481458339
E_SA_SPRAY,133.0,0.2787759481458339
E_SA_SPRAY,134.0,0.2787759481458339
E_SA_SPRAY,135.0,0.2787759481458339
E_SA_SPRAY,136.0,0.2787759481458339
E_SA_SPRAY,137.0,0.2787759481458339
E_SA_SPRAY,138.0,0.2787759481458339
E_SA_SPRAY,139.0,0.2787759481458339
E_SA_SPRAY,140.0,0.2787759481458339
E_SA_SPRAY,141.0,0.2787759481458339
E_SA_SPRAY,142.0,0.2787759481458339
E_SA_SPRAY,143.0,0.2787759481458339
E_SA_SPRAY,144.0,0.2787759481458339
E_SA_SPRAY,145.0,0.2787759481458339
E_SA_SPRAY,146.0,0.2787759481458339
E_SA_SPRAY,147.0,0.2787759481458339
E_SA_SPRAY,148.0,0.2787759481458339
E_SA_SPRAY,149.0,0.2787759481458339
E_SA_SPRAY,150.0,0.2787759481458339
E_SA_SPRAY,151.0,0.2787759481458339
E_SA_SPRAY,152.0,0.2787759481458339
E_SA_SPRAY,153.0,0.2787759481458339
E_SA_SPRAY,154.0,0.2787759481458339
E_SA_SPRAY,155.0,0.2787759481458339
E_SA_SPRAY,156.0,0.2787759481458339
E_SA_SPRAY,157.0,0.2787759481458339
E_SA_SPRAY,158.0,0.2787759481458339
E_SA_SPRAY,159.0,0.2787759481458339
E_SA_SPRAY,160.0,0.2787759481458339
E_SA_SPRAY,161.0,0.2787759481458339
E_SA_SPRAY,162.0,0.2787759481458339
E_SA_SPRAY,163.0,0.2787759481458339
E_SA_SPRAY,164.0,0.2787759481458339
E_SA_SPRAY,165.0,0.2787759481458339
E_SA_SPRAY,166.0,0.2787759481458339
E_SA_SPRAY,167.0,0.2787759481458339
E_SA_SPRAY,168.0,0.2787759481458339
E_SA_SPRAY,169.0,0.2787759481458339
E_SA_SPRAY,170.0,0.2787759481458339
E_SA_SPRAY,171.0,0.2787759481458339
E_SA_SPRAY,172.0,0.2787759481458339
E_SA_SPRAY,173.0,0.2787759481458339
E_SA_SPRAY,174.0,0.2787759481458339
E_SA_SPRAY,175.0,0.2787759481458339
E_SA_SPRAY,176.0,0.2787759481458339
E_SA_SPRAY,177.0,0.2787759481458339
E_SA_SPRAY,178.0,0.2787759481458339
E_SA_SPRAY,179.0,0.2787759481458339
E_SA_SPRAY,180.0,0.2787759481458339
E_SA_SPRAY,181.0,0.2787759481458339
E_SA_SPRAY,182.0,0.2787759481458339
E_SA_SPRAY,183.0,0.2787759481458339
E_SA_SPRAY,184.0,0.2787759481458339
E_SA_SPRAY,185.0,0.2787759481458339
E_SA_SPRAY,186.0,0.2787759481458339
E_SA_SPRAY,187.0,0.2787759481458339
E_SA_SPRAY,188.0,0.2787759481458339
E_SA_SPRAY,189.0,0.2787759481458339
E_SA_SPRAY,190.0,0.2787759481458339
E_SA_SPRAY,191.0,0.2787759481458339
E_SA_SPRAY,192.0,0.2787759481458339
E_SA_SPRAY,193.0,0.2787759481458339
E_SA_SPRAY,194.0,0.2787759481458339
E_SA_SPRAY,195.0,0.2787759481458339
E_SA_SPRAY,196.0,0.2787759481458339
E_SA_SPRAY,197.0,0.2787759481458339
E_SA_SPRAY,198.0,0.2787759481458339
E_SA_SPRAY,199.0,0.2787759481458339
E_SA_SPRAY,200.0,0.2787759481458339
E_SA_SPRAY,201.0,0.2787759481458339
E_SA_SPRAY,202.0,0.2787759481458339
E_SA_SPRAY,203.0,0.2787759481458339
E_SA_SPRAY,204.0,0.2787759481458339
E_SA_SPRAY,205.0,0.2787759481458339
E_SA_SPRAY,206.0,0.2787759481458339
E_SA_SPRAY,207.0,0.2787759481458339
E_SA_SPRAY,208.0,0.2787759481458339
E_SA_SPRAY,209.0,0.2787759481458339
E_SA_SPRAY,210.0,0.2787759481458339
E_SA_SPRAY,211.0,0.27986167235390474
E_SA_SPRAY,212.0,0.28094739656197565
E_SA_SPRAY,213.0,0.2820331207700465
E_SA_SPRAY,214.0,0.2831188449781173
E_SA_SPRAY,215.0,0.28420456918618814
E_SA_SPRAY,216.0,0.28529029339425893
E_SA_SPRAY,217.0,0.2863760176023298
E_SA_SPRAY,218.0,0.28746174181040063
E_SA_SPRAY,219.0,0.2885474660184715
E_SA_SPRAY,220.0,0.2896331902265423
E_SA_SPRAY,221.0,0.2907189144346132
E_SA_SPRAY,222.0,0.291804638642684
E_SA_SPRAY,223.0,0.29289036285075487
E_SA_SPRAY,224.0,0.29397608705882566
E_SA_SPRAY,225.0,0.2950618112668965
E_SA_SPRAY,226.0,0.29614753547496736
E_SA_SPRAY,227.0,0.2972332596830382
E_SA_SPRAY,228.0,0.298318983891109
E_SA_SPRAY,229.0,0.29940470809917985
E_SA_SPRAY,230.0,0.3004904323072507
E_SA_SPRAY,231.0,0.30157615651532155
E_SA_SPRAY,232.0,0.30157615651532155
E_SA_SPRAY,233.0,0.30157615651532155
E_SA_SPRAY,234.0,0.30157615651532155
E_SA_SPRAY,235.0,0.30157615651532155
E_SA_SPRAY,236.0,0.30157615651532155
E_SA_SPRAY,237.0,0.30157615651532155
E_SA_SPRAY,238.0,0.30157615651532155
E_SA_SPRAY,239.0,0.30157615651532155
E_SA_SPRAY,240.0,0.30157615651532155
E_SA_SPRAY,241.0,0.30157615651532155
E_SA_SPRAY,242.0,0.30157615651532155
E_SA_SPRAY,243.0,0.30157615651532155
E_SA_SPRAY,244.0,0.30157615651532155
E_SA_SPRAY,245.0,0.30157615651532155
E_SA_SPRAY,246.0,0.30157615651532155
E_SA_SPRAY,247.0,0.30157615651532155
E_SA_SPRAY,248.0,0.30157615651532155
E_SA_SPRAY,249.0,0.30157615651532155
E_SA_SPRAY,250.0,0.30157615651532155
E_SA_SPRAY,251.0,0.30157615651532155
E_SA_SPRAY,252.0,0.30157615651532155
E_SA_SPRAY,253.0,0.30157615651532155
E_SA_SPRAY,254.0,0.30157615651532155
E_SA_SPRAY,255.0,0.30157615651532155
E_SA_SPRAY,256.0,0.30157615651532155
E_SA_SPRAY,257.0,0.30157615651532155
E_SA_SPRAY,258.0,0.30157615651532155
E_SA_SPRAY,259.0,0.30157615651532155
E_SA_SPRAY,260.0,0.30157615651532155
E_SA_SPRAY,261.0,0.30157615651532155
E_SA_SPRAY,262.0,0.30157615651532155
E_SA_SPRAY,263.0,0.30157615651532155
E_SA_SPRAY,264.0,0.30157615651532155
E_SA_SPRAY,265.0,0.30157615651532155
E_SA_SPRAY,266.0,0.30157615651532155
E_SA_SPRAY,267.0,0.30157615651532155
E_SA_SPRAY,268.0,0.30157615651532155
E_SA_SPRAY,269.0,0.30157615651532155
E_SA_SPRAY,270.0,0.30157615651532155
E_SA_SPRAY,271.0,0.30157615651532155
E_SA_SPRAY,272.0,0.30157615651532155
E_SA_SPRAY,273.0,0.30157615651532155
E_SA_SPRAY,274.0,0.30157615651532155
E_SA_SPRAY,275.0,0.30157615651532155
E_SA_SPRAY,276.0,0.30157615651532155
E_SA_SPRAY,277.0,0.30157615651532155
E_SA_SPRAY,278.0,0.30157615651532155
E_SA_SPRAY,279.0,0.30157615651532155
E_SA_SPRAY,280.0,0.30157615651532155
E_SA_SPRAY,281.0,0.30157615651532155
E_SA_SPRAY,282.0,0.30157615651532155
E_SA_SPRAY,283.0,0.30157615651532155
E_SA_SPRAY,284.0,0.30157615651532155
E_SA_SPRAY,285.0,0.30157615651532155
E_SA_SPRAY,286.0,0.30157615651532155
E_SA_SPRAY,287.0,0.30157615651532155
E_SA_SPRAY,288.0,0.30157615651532155
E_SA_SPRAY,289.0,0.30157615651532155
E_SA_SPRAY,290.0,0.30157615651532155
E_SA_SPRAY,291.0,0.30157615651532155
E_SA_SPRAY,292.0,0.30157615651532155
E_SA_SPRAY,293.0,0.30157615651532155
E_SA_SPRAY,294.0,0.30157615651532155
E_SA_SPRAY,295.0,0.30157615651532155
E_SA_SPRAY,296.0,0.30157615651532155
E_SA_SPRAY,297.0,0.30157615651532155
E_SA_SPRAY,298.0,0.30157615651532155
E_SA_SPRAY,299.0,0.30157615651532155
E_SA_SPRAY,300.0,0.30157615651532155
E_SA_SPRAY,301.0,0.30157615651532155
E_SA_SPRAY,302.0,0.30157615651532155
E_SA_SPRAY,303.0,0.30157615651532155
E_SA_SPRAY,304.0,0.30157615651532155
E_SA_SPRAY,305.0,0.30157615651532155
E_SA_SPRAY,306.0,0.30157615651532155
E_SA_SPRAY,307.0,0.30157615651532155
E_SA_SPRAY,308.0,0.30157615651532155
E_SA_SPRAY,309.0,0.30157615651532155
E_SA_SPRAY,310.0,0.30157615651532155
E_SA_SPRAY,311.0,0.30157615651532155
E_SA_SPRAY,312.0,0.30157615651532155
E_SA_SPRAY,313.0,0.30157615651532155
E_SA_SPRAY,314.0,0.30157615651532155
E_SA_SPRAY,315.0,0.30157615651532155
E_SA_SPRAY,316.0,0.30157615651532155
E_SA_SPRAY,317.0,0.30157615651532155
E_SA_SPRAY,318.0,0.30157615651532155
E_SA_SPRAY,319.0,0.30157615651532155
E_SA_SPRAY,320.0,0.30157615651532155
E_SA_SPRAY,321.0,0.30157615651532155
E_SA_SPRAY,322.0,0.30157615651532155
E_SA_SPRAY,323.0,0.30157615651532155
E_SA_SPRAY,324.0,0.30157615651532155
E_SA_SPRAY,325.0,0.30157615651532155
E_SA_SPRAY,326.0,0.30157615651532155
E_SA_SPRAY,327.0,0.30157615651532155
E_SA_SPRAY,328.0,0.30157615651532155
E_SA_SPRAY,329.0,0.30157615651532155
E_SA_SPRAY,330.0,0.30157615651532155
E_SA_SPRAY,331.0,0.30157615651532155
E_SA_SPRAY,332.0,0.30157615651532155
E_SA_SPRAY,333.0,0.30157615651532155
E_SA_SPRAY,334.0,0.30157615651532155
E_SA_SPRAY,335.0,0.30157615651532155
E_SA_SPRAY,336.0,0.30157615651532155
E_SA_SPRAY,337.0,0.30157615651532155
E_SA_SPRAY,338.0,0.30157615651532155
E_SA_SPRAY,339.0,0.30157615651532155
E_SA_SPRAY,340.0,0.30157615651532155
E_SA_SPRAY,341.0,0.30157615651532155
E_SA_SPRAY,342.0,0.30157615651532155
E_SA_SPRAY,343.0,0.30157615651532155
E_SA_SPRAY,344.0,0.30157615651532155
E_SA_SPRAY,345.0,0.30157615651532155
E_SA_SPRAY,346.0,0.30157615651532155
E_SA_SPRAY,347.0,0.30157615651532155
E_SA_SPRAY,348.0,0.30157615651532155
E_SA_SPRAY,349.0,0.30157615651532155
E_SA_SPRAY,350.0,0.30157615651532155
E_SA_SPRAY,351.0,0.30157615651532155
E_SA_SPRAY,352.0,0.30157615651532155
E_SA_SPRAY,353.0,0.30157615651532155
E_SA_SPRAY,354.0,0.30157615651532155
E_SA_SPRAY,355.0,0.30157615651532155
E_SA_SPRAY,356.0,0.30157615651532155
E_SA_SPRAY,357.0,0.30157615651532155
E_SA_SPRAY,358.0,0.30157615651532155
E_SA_SPRAY,359.0,0.30157615651532155
E_SA_SPRAY,360.0,0.30157615651532155
E_SA_SPRAY,361.0,0.30157615651532155
E_SA_SPRAY,362.0,0.30157615651532155
E_SA_SPRAY,363.0,0.30157615651532155
E_SA_SPRAY,364.0,0.30157615651532155
E_SA_SPRAY,365.0,0.30157615651532155
F_SA_BRUSH,0.0,0.2904620060901503
F_SA_BRUSH,1.0,0.2904620060901503
F_SA_BRUSH,2.0,0.2904620060901503
F_SA_BRUSH,3.0,0.2904620060901503
F_SA_BRUSH,4.0,0.2904620060901503
F_SA_BRUSH,5.0,0.2904620060901503
F_SA_BRUSH,6.0,0.2904620060901503
F_SA_BRUSH,7.0,0.2904620060901503
F_SA_BRUSH,8.0,0.2904620060901503
F_SA_BRUSH,9.0,0.2904620060901503
F_SA_BRUSH,10.0,0.2904620060901503
F_SA_BRUSH,11.0,0.2904620060901503
F_SA_BRUSH,12.0,0.2904620060901503
F_SA_BRUSH,13.0,0.2904620060901503
F_SA_BRUSH,14.0,0.2904620060901503
F_SA_BRUSH,15.0,0.2904620060901503
F_SA_BRUSH,16.0,0.2904620060901503
F_SA_BRUSH,17.0,0.2904620060901503
F_SA_BRUSH,18.0,0.2904620060901503
F_SA_BRUSH,19.0,0.2904620060901503
F_SA_BRUSH,20.0,0.2904620060901503
F_SA_BRUSH,21.0,0.2904620060901503
F_SA_BRUSH,22.0,0.2904620060901503
F_SA_BRUSH,23.0,0.2904620060901503
F_SA_BRUSH,24.0,0.2904620060901503
F_SA_BRUSH,25.0,0.2904620060901503
F_SA_BRUSH,26.0,0.2904620060901503
F_SA_BRUSH,27.0,0.2904620060901503
F_SA_BRUSH,28.0,0.2904620060901503
F_SA_BRUSH,29.0,0.2904620060901503
F_SA_BRUSH,30.0,0.2904620060901503
F_SA_BRUSH,31.0,0.2904620060901503
F_SA_BRUSH,32.0,0.2904620060901503
F_SA_BRUSH,33.0,0.2904620060901503
F_SA_BRUSH,34.0,0.2904620060901503
F_SA_BRUSH,35.0,0.2904620060901503
F_SA_BRUSH,36.0,0.2904620060901503
F_SA_BRUSH,37.0,0.2904620060901503
F_SA_BRUSH,38.0,0.2904620060901503
F_SA_BRUSH,39.0,0.2904620060901503
F_SA_BRUSH,40.0,0.2904620060901503
F_SA_BRUSH,41.0,0.2904620060901503
F_SA_BRUSH,42.0,0.2904620060901503
F_SA_BRUSH,43.0,0.2904620060901503
F_SA_BRUSH,44.0,0.2904620060901503
F_SA_BRUSH,45.0,0.2904620060901503
F_SA_BRUSH,46.0,0.2904620060901503
F_SA_BRUSH,47.0,0.2904620060901503
F_SA_BRUSH,48.0,0.2904620060901503
F_SA_BRUSH,49.0,0.2904620060901503
F_SA_BRUSH,50.0,0.2904620060901503
F_SA_BRUSH,51.0,0.2904620060901503
F_SA_BRUSH,52.0,0.2904620060901503
F_SA_BRUSH,53.0,0.2904620060901503
F_SA_BRUSH,54.0,0.2904620060901503
F_SA_BRUSH,55.0,0.2904620060901503
F_SA_BRUSH,56.0,0.2904620060901503
F_SA_BRUSH,57.0,0.2904620060901503
F_SA_BRUSH,58.0,0.2904620060901503
F_SA_BRUSH,59.0,0.2904620060901503
F_SA_BRUSH,60.0,0.2904620060901503
F_SA_BRUSH,61.0,0.2904620060901503
F_SA_BRUSH,62.0,0.2904620060901503
F_SA_BRUSH,63.0,0.2904620060901503
F_SA_BRUSH,64.0,0.2904620060901503
F_SA_BRUSH,65.0,0.2904620060901503
F_SA_BRUSH,66.0,0.2904620060901503
F_SA_BRUSH,67.0,0.2904620060901503
F_SA_BRUSH,68.0,0.2904620060901503
F_SA_BRUSH,69.0,0.2904620060901503
F_SA_BRUSH,70.0,0.2904620060901503
F_SA_BRUSH,71.0,0.2904620060901503
F_SA_BRUSH,72.0,0.2904620060901503
F_SA_BRUSH,73.0,0.2904620060901503
F_SA_BRUSH,74.0,0.2904620060901503
F_SA_BRUSH,75.0,0.2904620060901503
F_SA_BRUSH,76.0,0.2904620060901503
F_SA_BRUSH,77.0,0.2904620060901503
F_SA_BRUSH,78.0,0.2904620060901503
F_SA_BRUSH,79.0,0.2904620060901503
F_SA_BRUSH,80.0,0.2904620060901503
F_SA_BRUSH,81.0,0.2904620060901503
F_SA_BRUSH,82.0,0.2904620060901503
F_SA_BRUSH,83.0,0.2904620060901503
F_SA_BRUSH,84.0,0.2904620060901503
F_SA_BRUSH,85.0,0.2904620060901503
F_SA_BRUSH,86.0,0.2904620060901503
F_SA_BRUSH,87.0,0.2904620060901503
F_SA_BRUSH,88.0,0.2904620060901503
F_SA_BRUSH,89.0,0.2904620060901503
F_SA_BRUSH,90.0,0.2904620060901503
F_SA_BRUSH,91.0,0.2904620060901503
F_SA_BRUSH,92.0,0.2904620060901503
F_SA_BRUSH,93.0,0.2904620060901503
F_SA_BRUSH,94.0,0.2904620060901503
F_SA_BRUSH,95.0,0.2904620060901503
F_SA_BRUSH,96.0,0.2904620060901503
F_SA_BRUSH,97.0,0.2904620060901503
F_SA_BRUSH,98.0,0.2904620060901503
F_SA_BRUSH,99.0,0.2904620060901503
F_SA_BRUSH,100.0,0.2904620060901503
F_SA_BRUSH,101.0,0.2904620060901503
F_SA_BRUSH,102.0,0.2904620060901503
F_SA_BRUSH,103.0,0.2904620060901503
F_SA_BRUSH,104.0,0.2904620060901503
F_SA_BRUSH,105.0,0.2904620060901503
F_SA_BRUSH,106.0,0.2904620060901503
F_SA_BRUSH,107.0,0.2904620060901503
F_SA_BRUSH,108.0,0.2904620060901503
F_SA_BRUSH,109.0,0.2904620060901503
F_SA_BRUSH,110.0,0.2904620060901503
F_SA_BRUSH,111.0,0.2904620060901503
F_SA_BRUSH,112.0,0.2904620060901503
F_SA_BRUSH,113.0,0.2904620060901503
F_SA_BRUSH,114.0,0.2904620060901503
F_SA_BRUSH,115.0,0.2904620060901503
F_SA_BRUSH,116.0,0.2904620060901503
F_SA_BRUSH,117.0,0.2904620060901503
F_SA_BRUSH,118.0,0.2904620060901503
F_SA_BRUSH,119.0,0.2904620060901503
F_SA_BRUSH,120.0,0.2904620060901503
F_SA_BRUSH,121.0,0.2904620060901503
F_SA_BRUSH,122.0,0.2904620060901503
F_SA_BRUSH,123.0,0.2904620060901503
F_SA_BRUSH,124.0,0.2904620060901503
F_SA_BRUSH,125.0,0.2904620060901503
F_SA_BRUSH,126.0,0.2904620060901503
F_SA_BRUSH,127.0,0.2904620060901503
F_SA_BRUSH,128.0,0.2904620060901503
F_SA_BRUSH,129.0,0.2904620060901503
F_SA_BRUSH,130.0,0.2904620060901503
F_SA_BRUSH,131.0,0.2904620060901503
F_SA_BRUSH,132.0,0.2904620060901503
F_SA_BRUSH,133.0,0.2904620060901503
F_SA_BRUSH,134.0,0.2904620060901503
F_SA_BRUSH,135.0,0.2904620060901503
F_SA_BRUSH,136.0,0.2904620060901503
F_SA_BRUSH,137.0,0.2904620060901503
F_SA_BRUSH,138.0,0.2904620060901503
F_SA_BRUSH,139.0,0.2904620060901503
F_SA_BRUSH,140.0,0.2904620060901503
F_SA_BRUSH,141.0,0.2904620060901503
F_SA_BRUSH,142.0,0.2904620060901503
F_SA_BRUSH,143.0,0.2904620060901503
F_SA_BRUSH,144.0,0.2904620060901503
F_SA_BRUSH,145.0,0.2904620060901503
F_SA_BRUSH,146.0,0.2904620060901503
F_SA_BRUSH,147.0,0.2904620060901503
F_SA_BRUSH,148.0,0.2904620060901503
F_SA_BRUSH,149.0,0.2904620060901503
F_SA_BRUSH,150.0,0.2904620060901503
F_SA_BRUSH,151.0,0.2904620060901503
F_SA_BRUSH,152.0,0.2904620060901503
F_SA_BRUSH,153.0,0.2904620060901503
F_SA_BRUSH,154.0,0.2904620060901503
F_SA_BRUSH,155.0,0.2904620060901503
F_SA_BRUSH,156.0,0.2904620060901503
F_SA_BRUSH,157.0,0.2904620060901503
F_SA_BRUSH,158.0,0.2904620060901503
F_SA_BRUSH,159.0,0.2904620060901503
F_SA_BRUSH,160.0,0.2904620060901503
F_SA_BRUSH,161.0,0.2904620060901503
F_SA_BRUSH,162.0,0.2904620060901503
F_SA_BRUSH,163.0,0.2904620060901503
F_SA_BRUSH,164.0,0.2904620060901503
F_SA_BRUSH,165.0,0.2904620060901503
F_SA_BRUSH,166.0,0.2904620060901503
F_SA_BRUSH,167.0,0.2904620060901503
F_SA_BRUSH,168.0,0.2904620060901503
F_SA_BRUSH,169.0,0.2904620060901503
F_SA_BRUSH,170.0,0.2904620060901503
F_SA_BRUSH,171.0,0.2904620060901503
F_SA_BRUSH,172.0,0.2904620060901503
F_SA_BRUSH,173.0,0.2904620060901503
F_SA_BRUSH,174.0,0.2904620060901503
F_SA_BRUSH,175.0,0.2904620060901503
F_SA_BRUSH,176.0,0.2904620060901503
F_SA_BRUSH,177.0,0.2904620060901503
F_SA_BRUSH,178.0,0.2904620060901503
F_SA_BRUSH,179.0,0.2904620060901503
F_SA_BRUSH,180.0,0.2904620060901503
F_SA_BRUSH,181.0,0.2904620060901503
F_SA_BRUSH,182.0,0.2904620060901503
F_SA_BRUSH,183.0,0.2904620060901503
F_SA_BRUSH,184.0,0.2904620060901503
F_SA_BRUSH,185.0,0.2904620060901503
F_SA_BRUSH,186.0,0.2904620060901503
F_SA_BRUSH,187.0,0.2904620060901503
F_SA_BRUSH,188.0,0.2904620060901503
F_SA_BRUSH,189.0,0.2904620060901503
F_SA_BRUSH,190.0,0.2904620060901503
F_SA_BRUSH,191.0,0.2904620060901503
F_SA_BRUSH,192.0,0.2904620060901503
F_SA_BRUSH,193.0,0.2904620060901503
F_SA_BRUSH,194.0,0.2904620060901503
F_SA_BRUSH,195.0,0.2904620060901503
F_SA_BRUSH,196.0,0.2904620060901503
F_SA_BRUSH,197.0,0.2904620060901503
F_SA_BRUSH,198.0,0.2904620060901503
F_SA_BRUSH,199.0,0.2904620060901503
F_SA_BRUSH,200.0,0.2904620060901503
F_SA_BRUSH,201.0,0.2904620060901503
F_SA_BRUSH,202.0,0.2904620060901503
F_SA_BRUSH,203.0,0.2904620060901503
F_SA_BRUSH,204.0,0.2904620060901503
F_SA_BRUSH,205.0,0.2904620060901503
F_SA_BRUSH,206.0,0.2904620060901503
F_SA_BRUSH,207.0,0.2904620060901503
F_SA_BRUSH,208.0,0.2904620060901503
F_SA_BRUSH,209.0,0.2904620060901503
F_SA_BRUSH,210.0,0.2904620060901503
F_SA_BRUSH,211.0,0.2916724408864069
F_SA_BRUSH,212.0,0.29288287568266347
F_SA_BRUSH,213.0,0.29409331047892007
F_SA_BRUSH,214.0,0.29530374527517667
F_SA_BRUSH,215.0,0.29651418007143326
F_SA_BRUSH,216.0,0.29772461486768986
F_SA_BRUSH,217.0,0.2989350496639464
F_SA_BRUSH,218.0,0.30014548446020295
F_SA_BRUSH,219.0,0.30135591925645955
F_SA_BRUSH,220.0,0.3025663540527161
F_SA_BRUSH,221.0,0.3037767888489727
F_SA_BRUSH,222.0,0.30498722364522923
F_SA_BRUSH,223.0,0.30619765844148583
F_SA_BRUSH,224.0,0.30740809323774243
F_SA_BRUSH,225.0,0.308618528033999
F_SA_BRUSH,226.0,0.30982896283025557
F_SA_BRUSH,227.0,0.3110393976265121
F_SA_BRUSH,228.0,0.3122498324227687
F_SA_BRUSH,229.0,0.3134602672190253
F_SA_BRUSH,230.0,0.31467070201528186
F_SA_BRUSH,231.0,0.31588113681153845
F_SA_BRUSH,232.0,0.31588113681153845
F_SA_BRUSH,233.0,0.31588113681153845
F_SA_BRUSH,234.0,0.31588113681153845
F_SA_BRUSH,235.0,0.31588113681153845
F_SA_BRUSH,236.0,0.31588113681153845
F_SA_BRUSH,237.0,0.31588113681153845
F_SA_BRUSH,238.0,0.31588113681153845
F_SA_BRUSH,239.0,0.31588113681153845
F_SA_BRUSH,240.0,0.31588113681153845
F_SA_BRUSH,241.0,0.31588113681153845
F_SA_BRUSH,242.0,0.31588113681153845
F_SA_BRUSH,243.0,0.31588113681153845
F_SA_BRUSH,244.0,0.31588113681153845
F_SA_BRUSH,245.0,0.31588113681153845
F_SA_BRUSH,246.0,0.31588113681153845
F_SA_BRUSH,247.0,0.31588113681153845
F_SA_BRUSH,248.0,0.31588113681153845
F_SA_BRUSH,249.0,0.31588113681153845
F_SA_BRUSH,250.0,0.31588113681153845
F_SA_BRUSH,251.0,0.31588113681153845
F_SA_BRUSH,252.0,0.31588113681153845
F_SA_BRUSH,253.0,0.31588113681153845
F_SA_BRUSH,254.0,0.31588113681153845
F_SA_BRUSH,255.0,0.31588113681153845
F_SA_BRUSH,256.0,0.31588113681153845
F_SA_BRUSH,257.0,0.31588113681153845
F_SA_BRUSH,258.0,0.31588113681153845
F_SA_BRUSH,259.0,0.31588113681153845
F_SA_BRUSH,260.0,0.31588113681153845
F_SA_BRUSH,261.0,0.31588113681153845
F_SA_BRUSH,262.0,0.31588113681153845
F_SA_BRUSH,263.0,0.31588113681153845
F_SA_BRUSH,264.0,0.31588113681153845
F_SA_BRUSH,265.0,0.31588113681153845
F_SA_BRUSH,266.0,0.31588113681153845
F_SA_BRUSH,267.0,0.31588113681153845
F_SA_BRUSH,268.0,0.31588113681153845
F_SA_BRUSH,269.0,0.31588113681153845
F_SA_BRUSH,270.0,0.31588113681153845
F_SA_BRUSH,271.0,0.31588113681153845
F_SA_BRUSH,272.0,0.31588113681153845
F_SA_BRUSH,273.0,0.31588113681153845
F_SA_BRUSH,274.0,0.31588113681153845
F_SA_BRUSH,275.0,0.31588113681153845
F_SA_BRUSH,276.0,0.31588113681153845
F_SA_BRUSH,277.0,0.31588113681153845
F_SA_BRUSH,278.0,0.31588113681153845
F_SA_BRUSH,279.0,0.31588113681153845
F_SA_BRUSH,280.0,0.31588113681153845
F_SA_BRUSH,281.0,0.31588113681153845
F_SA_BRUSH,282.0,0.31588113681153845
F_SA_BRUSH,283.0,0.31588113681153845
F_SA_BRUSH,284.0,0.31588113681153845
F_SA_BRUSH,285.0,0.31588113681153845
F_SA_BRUSH,286.0,0.31588113681153845
F_SA_BRUSH,287.0,0.31588113681153845
F_SA_BRUSH,288.0,0.31588113681153845
F_SA_BRUSH,289.0,0.31588113681153845
F_SA_BRUSH,290.0,0.31588113681153845
F_SA_BRUSH,291.0,0.31588113681153845
F_SA_BRUSH,292.0,0.31588113681153845
F_SA_BRUSH,293.0,0.31588113681153845
F_SA_BRUSH,294.0,0.31588113681153845
F_SA_BRUSH,295.0,0.31588113681153845
F_SA_BRUSH,296.0,0.31588113681153845
F_SA_BRUSH,297.0,0.31588113681153845
F_SA_BRUSH,298.0,0.31588113681153845
F_SA_BRUSH,299.0,0.31588113681153845
F_SA_BRUSH,300.0,0.31588113681153845
F_SA_BRUSH,301.0,0.31588113681153845
F_SA_BRUSH,302.0,0.31588113681153845
F_SA_BRUSH,303.0,0.31588113681153845
F_SA_BRUSH,304.0,0.31588113681153845
F_SA_BRUSH,305.0,0.31588113681153845
F_SA_BRUSH,306.0,0.31588113681153845
F_SA_BRUSH,307.0,0.31588113681153845
F_SA_BRUSH,308.0,0.31588113681153845
F_SA_BRUSH,309.0,0.31588113681153845
F_SA_BRUSH,310.0,0.31588113681153845
F_SA_BRUSH,311.0,0.31588113681153845
F_SA_BRUSH,312.0,0.31588113681153845
F_SA_BRUSH,313.0,0.31588113681153845
F_SA_BRUSH,314.0,0.31588113681153845
F_SA_BRUSH,315.0,0.31588113681153845
F_SA_BRUSH,316.0,0.31588113681153845
F_SA_BRUSH,317.0,0.31588113681153845
F_SA_BRUSH,318.0,0.31588113681153845
F_SA_BRUSH,319.0,0.31588113681153845
F_SA_BRUSH,320.0,0.31588113681153845
F_SA_BRUSH,321.0,0.31588113681153845
F_SA_BRUSH,322.0,0.31588113681153845
F_SA_BRUSH,323.0,0.31588113681153845
F_SA_BRUSH,324.0,0.31588113681153845
F_SA_BRUSH,325.0,0.31588113681153845
F_SA_BRUSH,326.0,0.31588113681153845
F_SA_BRUSH,327.0,0.31588113681153845
F_SA_BRUSH,328.0,0.31588113681153845
F_SA_BRUSH,329.0,0.31588113681153845
F_SA_BRUSH,330.0,0.31588113681153845
F_SA_BRUSH,331.0,0.31588113681153845
F_SA_BRUSH,332.0,0.31588113681153845
F_SA_BRUSH,333.0,0.31588113681153845
F_SA_BRUSH,334.0,0.31588113681153845
F_SA_BRUSH,335.0,0.31588113681153845
F_SA_BRUSH,336.0,0.31588113681153845
F_SA_BRUSH,337.0,0.31588113681153845
F_SA_BRUSH,338.0,0.31588113681153845
F_SA_BRUSH,339.0,0.31588113681153845
F_SA_BRUSH,340.0,0.31588113681153845
F_SA_BRUSH,341.0,0.31588113681153845
F_SA_BRUSH,342.0,0.31588113681153845
F_SA_BRUSH,343.0,0.31588113681153845
F_SA_BRUSH,344.0,0.31588113681153845
F_SA_BRUSH,345.0,0.31588113681153845
F_SA_BRUSH,346.0,0.31588113681153845
F_SA_BRUSH,347.0,0.31588113681153845
F_SA_BRUSH,348.0,0.31588113681153845
F_SA_BRUSH,349.0,0.31588113681153845
F_SA_BRUSH,350.0,0.31588113681153845
F_SA_BRUSH,351.0,0.31588113681153845
F_SA_BRUSH,352.0,0.31588113681153845
F_SA_BRUSH,353.0,0.31588113681153845
F_SA_BRUSH,354.0,0.31588113681153845
F_SA_BRUSH,355.0,0.31588113681153845
F_SA_BRUSH,356.0,0.31588113681153845
F_SA_BRUSH,357.0,0.31588113681153845
F_SA_BRUSH,358.0,0.31588113681153845
F_SA_BRUSH,359.0,0.31588113681153845
F_SA_BRUSH,360.0,0.31588113681153845
F_SA_BRUSH,361.0,0.31588113681153845
F_SA_BRUSH,362.0,0.31588113681153845
F_SA_BRUSH,363.0,0.31588113681153845
F_SA_BRUSH,364.0,0.31588113681153845
F_SA_BRUSH,365.0,0.31588113681153845
G_PAINT,0.0,0.16288191171590335
G_PAINT,1.0,0.16288191171590335
G_PAINT,2.0,0.16288191171590335
G_PAINT,3.0,0.16288191171590335
G_PAINT,4.0,0.16288191171590335
G_PAINT,5.0,0.16288191171590335
G_PAINT,6.0,0.16288191171590335
G_PAINT,7.0,0.16288191171590335
G_PAINT,8.0,0.16288191171590335
G_PAINT,9.0,0.16288191171590335
G_PAINT,10.0,0.16288191171590335
G_PAINT,11.0,0.16288191171590335
G_PAINT,12.0,0.16288191171590335
G_PAINT,13.0,0.16288191171590335
G_PAINT,14.0,0.16288191171590335
G_PAINT,15.0,0.16288191171590335
G_PAINT,16.0,0.16288191171590335
G_PAINT,17.0,0.16288191171590335
G_PAINT,18.0,0.16288191171590335
G_PAINT,19.0,0.16288191171590335
G_PAINT,20.0,0.16288191171590335
G_PAINT,21.0,0.16288191171590335
G_PAINT,22.0,0.16288191171590335
G_PAINT,23.0,0.16288191171590335
G_PAINT,24.0,0.16288191171590335
G_PAINT,25.0,0.16288191171590335
G_PAINT,26.0,0.16288191171590335
G_PAINT,27.0,0.16288191171590335
G_PAINT,28.0,0.16288191171590335
G_PAINT,29.0,0.16288191171590335
G_PAINT,30.0,0.16288191171590335
G_PAINT,31.0,0.16288191171590335
G_PAINT,32.0,0.16288191171590335
G_PAINT,33.0,0.16288191171590335
G_PAINT,34.0,0.16288191171590335
G_PAINT,35.0,0.16288191171590335
G_PAINT,36.0,0.16288191171590335
G_PAINT,37.0,0.16288191171590335
G_PAINT,38.0,0.16288191171590335
G_PAINT,39.0,0.16288191171590335
G_PAINT,40.0,0.16288191171590335
G_PAINT,41.0,0.16288191171590335
G_PAINT,42.0,0.16288191171590335
G_PAINT,43.0,0.16288191171590335
G_PAINT,44.0,0.16288191171590335
G_PAINT,45.0,0.16288191171590335
G_PAINT,46.0,0.16288191171590335
G_PAINT,47.0,0.16288191171590335
G_PAINT,48.0,0.16288191171590335
G_PAINT,49.0,0.16288191171590335
G_PAINT,50.0,0.16288191171590335
G_PAINT,51.0,0.16288191171590335
G_PAINT,52.0,0.16288191171590335
G_PAINT,53.0,0.16288191171590335
G_PAINT,54.0,0.16288191171590335
G_PAINT,55.0,0.16288191171590335
G_PAINT,56.0,0.16288191171590335
G_PAINT,57.0,0.16288191171590335
G_PAINT,58.0,0.16288191171590335
G_PAINT,59.0,0.16288191171590335
G_PAINT,60.0,0.16288191171590335
G_PAINT,61.0,0.16288191171590335
G_PAINT,62.0,0.16288191171590335
G_PAINT,63.0,0.16288191171590335
G_PAINT,64.0,0.16288191171590335
G_PAINT,65.0,0.16288191171590335
G_PAINT,66.0,0.16288191171590335
G_PAINT,67.0,0.16288191171590335
G_PAINT,68.0,0.16288191171590335
G_PAINT,69.0,0.16288191171590335
G_PAINT,70.0,0.16288191171590335
G_PAINT,71.0,0.16288191171590335
G_PAINT,72.0,0.16288191171590335
G_PAINT,73.0,0.16288191171590335
G_PAINT,74.0,0.16288191171590335
G_PAINT,75.0,0.16288191171590335
G_PAINT,76.0,0.16288191171590335
G_PAINT,77.0,0.16288191171590335
G_PAINT,78.0,0.16288191171590335
G_PAINT,79.0,0.16288191171590335
G_PAINT,80.0,0.16288191171590335
G_PAINT,81.0,0.16288191171590335
G_PAINT,82.0,0.16288191171590335
G_PAINT,83.0,0.16288191171590335
G_PAINT,84.0,0.16288191171590335
G_PAINT,85.0,0.16288191171590335
G_PAINT,86.0,0.16288191171590335
G_PAINT,87.0,0.16288191171590335
G_PAINT,88.0,0.16288191171590335
G_PAINT,89.0,0.16288191171590335
G_PAINT,90.0,0.16288191171590335
G_PAINT,91.0,0.16288191171590335
G_PAINT,92.0,0.16288191171590335
G_PAINT,93.0,0.16288191171590335
G_PAINT,94.0,0.16288191171590335
G_PAINT,95.0,0.16288191171590335
G_PAINT,96.0,0.16288191171590335
G_PAINT,97.0,0.16288191171590335
G_PAINT,98.0,0.16288191171590335
G_PAINT,99.0,0.16288191171590335
G_PAINT,100.0,0.16288191171590335
G_PAINT,101.0,0.16288191171590335
G_PAINT,102.0,0.16288191171590335
G_PAINT,103.0,0.16288191171590335
G_PAINT,104.0,0.16288191171590335
G_PAINT,105.0,0.16288191171590335
G_PAINT,106.0,0.16288191171590335
G_PAINT,107.0,0.16288191171590335
G_PAINT,108.0,0.16288191171590335
G_PAINT,109.0,0.16288191171590335
G_PAINT,110.0,0.16288191171590335
G_PAINT,111.0,0.16288191171590335
G_PAINT,112.0,0.16288191171590335
G_PAINT,113.0,0.16288191171590335
G_PAINT,114.0,0.16288191171590335
G_PAINT,115.0,0.16288191171590335
G_PAINT,116.0,0.16288191171590335
G_PAINT,117.0,0.16288191171590335
G_PAINT,118.0,0.16288191171590335
G_PAINT,119.0,0.16288191171590335
G_PAINT,120.0,0.16288191171590335
G_PAINT,121.0,0.16288191171590335
G_PAINT,122.0,0.16288191171590335
G_PAINT,123.0,0.16288191171590335
G_PAINT,124.0,0.16288191171590335
G_PAINT,125.0,0.16288191171590335
G_PAINT,126.0,0.16288191171590335
G_PAINT,127.0,0.16288191171590335
G_PAINT,128.0,0.16288191171590335
G_PAINT,129.0,0.16288191171590335
G_PAINT,130.0,0.16288191171590335
G_PAINT,131.0,0.16288191171590335
G_PAINT,132.0,0.16288191171590335
G_PAINT,133.0,0.16288191171590335
G_PAINT,134.0,0.16288191171590335
G_PAINT,135.0,0.16288191171590335
G_PAINT,136.0,0.16288191171590335
G_PAINT,137.0,0.16288191171590335
G_PAINT,138.0,0.16288191171590335
G_PAINT,139.0,0.16288191171590335
G_PAINT,140.0,0.16288191171590335
G_PAINT,141.0,0.16288191171590335
G_PAINT,142.0,0.16288191171590335
G_PAINT,143.0,0.16288191171590335
G_PAINT,144.0,0.16288191171590335
G_PAINT,145.0,0.16288191171590335
G_PAINT,146.0,0.16288191171590335
G_PAINT,147.0,0.16288191171590335
G_PAINT,148.0,0.16288191171590335
G_PAINT,149.0,0.16288191171590335
G_PAINT,150.0,0.16288191171590335
G_PAINT,151.0,0.16288191171590335
G_PAINT,152.0,0.16288191171590335
G_PAINT,153.0,0.16288191171590335
G_PAINT,154.0,0.16288191171590335
G_PAINT,155.0,0.16288191171590335
G_PAINT,156.0,0.16288191171590335
G_PAINT,157.0,0.16288191171590335
G_PAINT,158.0,0.16288191171590335
G_PAINT,159.0,0.16288191171590335
G_PAINT,160.0,0.16288191171590335
G_PAINT,161.0,0.16288191171590335
G_PAINT,162.0,0.16288191171590335
G_PAINT,163.0,0.16288191171590335
G_PAINT,164.0,0.16288191171590335
G_PAINT,165.0,0.16288191171590335
G_PAINT,166.0,0.16288191171590335
G_PAINT,167.0,0.16288191171590335
G_PAINT,168.0,0.16288191171590335
G_PAINT,169.0,0.16288191171590335
G_PAINT,170.0,0.16288191171590335
G_PAINT,171.0,0.16288191171590335
G_PAINT,172.0,0.16288191171590335
G_PAINT,173.0,0.16288191171590335
G_PAINT,174.0,0.16288191171590335
G_PAINT,175.0,0.16288191171590335
G_PAINT,176.0,0.16288191171590335
G_PAINT,177.0,0.1628819117159033
G_PAINT,178.0,0.1628819117159033
G_PAINT,179.0,0.1628819117159033
G_PAINT,180.0,0.1628819117159033
G_PAINT,181.0,0.1628819117159033
G_PAINT,182.0,0.1628819117159033
G_PAINT,183.0,0.1628819117159033
G_PAINT,184.0,0.1628819117159033
G_PAINT,185.0,0.1628819117159033
G_PAINT,186.0,0.1628819117159033
G_PAINT,187.0,0.1628819117159033
G_PAINT,188.0,0.1628819117159033
G_PAINT,189.0,0.1628819117159033
G_PAINT,190.0,0.1628819117159033
G_PAINT,191.0,0.1628819117159033
G_PAINT,192.0,0.1628819117159033
G_PAINT,193.0,0.1628819117159033
G_PAINT,194.0,0.1628819117159033
G_PAINT,195.0,0.1628819117159033
G_PAINT,196.0,0.1628819117159033
G_PAINT,197.0,0.1628819117159033
G_PAINT,198.0,0.1628819117159033
G_PAINT,199.0,0.1628819117159033
G_PAINT,200.0,0.1628819117159033
G_PAINT,201.0,0.1628819117159033
G_PAINT,202.0,0.1628819117159033
G_PAINT,203.0,0.1628819117159033
G_PAINT,204.0,0.1628819117159033
G_PAINT,205.0,0.1628819117159033
G_PAINT,206.0,0.1628819117159033
G_PAINT,207.0,0.1628819117159033
G_PAINT,208.0,0.1628819117159033
G_PAINT,209.0,0.1628819117159033
G_PAINT,210.0,0.1628819117159033
G_PAINT,211.0,0.1630379204935653
G_PAINT,212.0,0.16319392927122733
G_PAINT,213.0,0.16334993804888936
G_PAINT,214.0,0.16350594682655134
G_PAINT,215.0,0.16366195560421337
G_PAINT,216.0,0.16381796438187535
G_PAINT,217.0,0.16397397315953735
G_PAINT,218.0,0.1641299819371994
G_PAINT,219.0,0.16428599071486139
G_PAINT,220.0,0.16444199949252342
G_PAINT,221.0,0.1645980082701854
G_PAINT,222.0,0.1647540170478474
G_PAINT,223.0,0.1649100258255094
G_PAINT,224.0,0.1650660346031714
G_PAINT,225.0,0.1652220433808334
G_PAINT,226.0,0.16537805215849538
G_PAINT,227.0,0.1655340609361574
G_PAINT,228.0,0.1656900697138194
G_PAINT,229.0,0.16584607849148145
G_PAINT,230.0,0.16600208726914345
G_PAINT,231.0,0.16615809604680545
G_PAINT,232.0,0.16615809604680545
G_PAINT,233.0,0.16615809604680545
G_PAINT,234.0,0.16615809604680545
G_PAINT,235.0,0.16615809604680545
G_PAINT,236.0,0.16615809604680545
G_PAINT,237.0,0.16615809604680545
G_PAINT,238.0,0.16615809604680545
G_PAINT,239.0,0.16615809604680545
G_PAINT,240.0,0.16615809604680545
G_PAINT,241.0,0.16615809604680545
G_PAINT,242.0,0.16615809604680545
G_PAINT,243.0,0.16615809604680545
G_PAINT,244.0,0.16615809604680545
G_PAINT,245.0,0.16615809604680545
G_PAINT,246.0,0.16615809604680545
G_PAINT,247.0,0.16615809604680545
G_PAINT,248.0,0.16615809604680545
G_PAINT,249.0,0.16615809604680545
G_PAINT,250.0,0.16615809604680545
G_PAINT,251.0,0.16615809604680545
G_PAINT,252.0,0.16615809604680545
G_PAINT,253.0,0.16615809604680545
G_PAINT,254.0,0.16615809604680545
G_PAINT,255.0,0.16615809604680545
G_PAINT,256.0,0.16615809604680545
G_PAINT,257.0,0.16615809604680545
G_PAINT,258.0,0.16615809604680545
G_PAINT,259.0,0.16615809604680545
G_PAINT,260.0,0.16615809604680545
G_PAINT,261.0,0.16615809604680545
G_PAINT,262.0,0.16615809604680545
G_PAINT,263.0,0.16615809604680545
G_PAINT,264.0,0.16615809604680545
G_PAINT,265.0,0.16615809604680545
G_PAINT,266.0,0.16615809604680545
G_PAINT,267.0,0.16615809604680545
G_PAINT,268.0,0.16615809604680545
G_PAINT,269.0,0.16615809604680545
G_PAINT,270.0,0.16615809604680545
G_PAINT,271.0,0.16615809604680545
G_PAINT,272.0,0.16615809604680545
G_PAINT,273.0,0.16615809604680545
G_PAINT,274.0,0.16615809604680545
G_PAINT,275.0,0.16615809604680545
G_PAINT,276.0,0.16615809604680545
G_PAINT,277.0,0.16615809604680545
G_PAINT,278.0,0.16615809604680545
G_PAINT,279.0,0.16615809604680545
G_PAINT,280.0,0.16615809604680545
G_PAINT,281.0,0.16615809604680545
G_PAINT,282.0,0.16615809604680545
G_PAINT,283.0,0.16615809604680545
G_PAINT,284.0,0.16615809604680545
G_PAINT,285.0,0.16615809604680545
G_PAINT,286.0,0.16615809604680545
G_PAINT,287.0,0.16615809604680545
G_PAINT,288.0,0.16615809604680545
G_PAINT,289.0,0.16615809604680545
G_PAINT,290.0,0.16615809604680545
G_PAINT,291.0,0.16615809604680545
G_PAINT,292.0,0.16615809604680545
G_PAINT,293.0,0.16615809604680545
G_PAINT,294.0,0.16615809604680545
G_PAINT,295.0,0.16615809604680545
G_PAINT,296.0,0.16615809604680545
G_PAINT,297.0,0.16615809604680545
G_PAINT,298.0,0.16615809604680545
G_PAINT,299.0,0.16615809604680545
G_PAINT,300.0,0.16615809604680545
G_PAINT,301.0,0.16615809604680545
G_PAINT,302.0,0.16615809604680545
G_PAINT,303.0,0.16615809604680545
G_PAINT,304.0,0.16615809604680545
G_PAINT,305.0,0.16615809604680545
G_PAINT,306.0,0.16615809604680545
G_PAINT,307.0,0.16615809604680545
G_PAINT,308.0,0.16615809604680545
G_PAINT,309.0,0.16615809604680545
G_PAINT,310.0,0.16615809604680545
G_PAINT,311.0,0.16615809604680545
G_PAINT,312.0,0.16615809604680545
G_PAINT,313.0,0.16615809604680545
G_PAINT,314.0,0.16615809604680545
G_PAINT,315.0,0.16615809604680545
G_PAINT,316.0,0.16615809604680545
G_PAINT,317.0,0.16615809604680545
G_PAINT,318.0,0.16615809604680545
G_PAINT,319.0,0.16615809604680545
G_PAINT,320.0,0.16615809604680545
G_PAINT,321.0,0.16615809604680545
G_PAINT,322.0,0.16615809604680545
G_PAINT,323.0,0.16615809604680545
G_PAINT,324.0,0.16615809604680545
G_PAINT,325.0,0.16615809604680545
G_PAINT,326.0,0.16615809604680545
G_PAINT,327.0,0.16615809604680545
G_PAINT,328.0,0.16615809604680545
G_PAINT,329.0,0.16615809604680545
G_PAINT,330.0,0.16615809604680545
G_PAINT,331.0,0.16615809604680545
G_PAINT,332.0,0.16615809604680545
G_PAINT,333.0,0.16615809604680545
G_PAINT,334.0,0.16615809604680545
G_PAINT,335.0,0.16615809604680545
G_PAINT,336.0,0.16615809604680545
G_PAINT,337.0,0.16615809604680545
G_PAINT,338.0,0.16615809604680545
G_PAINT,339.0,0.16615809604680545
G_PAINT,340.0,0.16615809604680545
G_PAINT,341.0,0.16615809604680545
G_PAINT,342.0,0.16615809604680545
G_PAINT,343.0,0.16615809604680545
G_PAINT,344.0,0.16615809604680545
G_PAINT,345.0,0.16615809604680545
G_PAINT,346.0,0.16615809604680545
G_PAINT,347.0,0.16615809604680545
G_PAINT,348.0,0.16615809604680545
G_PAINT,349.0,0.16615809604680545
G_PAINT,350.0,0.16615809604680545
G_PAINT,351.0,0.16615809604680545
G_PAINT,352.0,0.16615809604680545
G_PAINT,353.0,0.16615809604680545
G_PAINT,354.0,0.16615809604680545
G_PAINT,355.0,0.16615809604680545
G_PAINT,356.0,0.16615809604680545
G_PAINT,357.0,0.16615809604680545
G_PAINT,358.0,0.16615809604680545
G_PAINT,359.0,0.16615809604680545
G_PAINT,360.0,0.16615809604680545
G_PAINT,361.0,0.16615809604680545
G_PAINT,362.0,0.16615809604680545
G_PAINT,363.0,0.16615809604680545
G_PAINT,364.0,0.16615809604680545
G_PAINT,365.0,0.16615809604680545
S1_MI,0.0,0.2091933511264291
S1_MI,1.0,0.2091933511264291
S1_MI,2.0,0.2091933511264291
S1_MI,3.0,0.2091933511264291
S1_MI,4.0,0.2091933511264291
S1_MI,5.0,0.2091933511264291
S1_MI,6.0,0.2091933511264291
S1_MI,7.0,0.2091933511264291
S1_MI,8.0,0.2091933511264291
S1_MI,9.0,0.2091933511264291
S1_MI,10.0,0.2091933511264291
S1_MI,11.0,0.2091933511264291
S1_MI,12.0,0.2091933511264291
S1_MI,13.0,0.2091933511264291
S1_MI,14.0,0.2091933511264291
S1_MI,15.0,0.2091933511264291
S1_MI,16.0,0.2091933511264291
S1_MI,17.0,0.2091933511264291
S1_MI,18.0,0.2091933511264291
S1_MI,19.0,0.2091933511264291
S1_MI,20.0,0.2091933511264291
S1_MI,21.0,0.2091933511264291
S1_MI,22.0,0.2091933511264291
S1_MI,23.0,0.2091933511264291
S1_MI,24.0,0.2091933511264291
S1_MI,25.0,0.2091933511264291
S1_MI,26.0,0.2091933511264291
S1_MI,27.0,0.2091933511264291
S1_MI,28.0,0.2091933511264291
S1_MI,29.0,0.2091933511264291
S1_MI,30.0,0.2091933511264291
S1_MI,31.0,0.2091933511264291
S1_MI,32.0,0.2091933511264291
S1_MI,33.0,0.2091933511264291
S1_MI,34.0,0.2091933511264291
S1_MI,35.0,0.2091933511264291
S1_MI,36.0,0.2091933511264291
S1_MI,37.0,0.2091933511264291
S1_MI,38.0,0.2091933511264291
S1_MI,39.0,0.2091933511264291
S1_MI,40.0,0.2091933511264291
S1_MI,41.0,0.2091933511264291
S1_MI,42.0,0.2091933511264291
S1_MI,43.0,0.2091933511264291
S1_MI,44.0,0.2091933511264291
S1_MI,45.0,0.2091933511264291
S1_MI,46.0,0.2091933511264291
S1_MI,47.0,0.2091933511264291
S1_MI,48.0,0.2091933511264291
S1_MI,49.0,0.2091933511264291
S1_MI,50.0,0.2091933511264291
S1_MI,51.0,0.2091933511264291
S1_MI,52.0,0.2091933511264291
S1_MI,53.0,0.2091933511264291
S1_MI,54.0,0.2091933511264291
S1_MI,55.0,0.2091933511264291
S1_MI,56.0,0.2091933511264291
S1_MI,57.0,0.2091933511264291
S1_MI,58.0,0.2091933511264291
S1_MI,59.0,0.2091933511264291
S1_MI,60.0,0.2091933511264291
S1_MI,61.0,0.2091933511264291
S1_MI,62.0,0.2091933511264291
S1_MI,63.0,0.2091933511264291
S1_MI,64.0,0.2091933511264291
S1_MI,65.0,0.2091933511264291
S1_MI,66.0,0.2091933511264291
S1_MI,67.0,0.2091933511264291
S1_MI,68.0,0.2091933511264291
S1_MI,69.0,0.2091933511264291
S1_MI,70.0,0.2091933511264291
S1_MI,71.0,0.2091933511264291
S1_MI,72.0,0.2091933511264291
S1_MI,73.0,0.2091933511264291
S1_MI,74.0,0.2091933511264291
S1_MI,75.0,0.2091933511264291
S1_MI,76.0,0.2091933511264291
S1_MI,77.0,0.2091933511264291
S1_MI,78.0,0.2091933511264291
S1_MI,79.0,0.2091933511264291
S1_MI,80.0,0.2091933511264291
S1_MI,81.0,0.2091933511264291
S1_MI,82.0,0.2091933511264291
S1_MI,83.0,0.2091933511264291
S1_MI,84.0,0.2091933511264291
S1_MI,85.0,0.2091933511264291
S1_MI,86.0,0.2091933511264291
S1_MI,87.0,0.2091933511264291
S1_MI,88.0,0.2091933511264291
S1_MI,89.0,0.2091933511264291
S1_MI,90.0,0.2091933511264291
S1_MI,91.0,0.2091933511264291
S1_MI,92.0,0.2091933511264291
S1_MI,93.0,0.2091933511264291
S1_MI,94.0,0.2091933511264291
S1_MI,95.0,0.2091933511264291
S1_MI,96.0,0.2091933511264291
S1_MI,97.0,0.2091933511264291
S1_MI,98.0,0.2091933511264291
S1_MI,99.0,0.2091933511264291
S1_MI,100.0,0.2091933511264291
S1_MI,101.0,0.2091933511264291
S1_MI,102.0,0.2091933511264291
S1_MI,103.0,0.2091933511264291
S1_MI,104.0,0.2091933511264291
S1_MI,105.0,0.2091933511264291
S1_MI,106.0,0.2091933511264291
S1_MI,107.0,0.2091933511264291
S1_MI,108.0,0.2091933511264291
S1_MI,109.0,0.2091933511264291
S1_MI,110.0,0.2091933511264291
S1_MI,111.0,0.2091933511264291
S1_MI,112.0,0.2091933511264291
S1_MI,113.0,0.2091933511264291
S1_MI,114.0,0.2091933511264291
S1_MI,115.0,0.2091933511264291
S1_MI,116.0,0.2091933511264291
S1_MI,117.0,0.2091933511264291
S1_MI,118.0,0.2091933511264291
S1_MI,119.0,0.2091933511264291
S1_MI,120.0,0.2091933511264291
S1_MI,121.0,0.2091933511264291
S1_MI,122.0,0.2091933511264291
S1_MI,123.0,0.2091933511264291
S1_MI,124.0,0.2091933511264291
S1_MI,125.0,0.2091933511264291
S1_MI,126.0,0.2091933511264291
S1_MI,127.0,0.2091933511264291
S1_MI,128.0,0.2091933511264291
S1_MI,129.0,0.2091933511264291
S1_MI,130.0,0.2091933511264291
S1_MI,131.0,0.2091933511264291
S1_MI,132.0,0.2091933511264291
S1_MI,133.0,0.2091933511264291
S1_MI,134.0,0.2091933511264291
S1_MI,135.0,0.2091933511264291
S1_MI,136.0,0.2091933511264291
S1_MI,137.0,0.2091933511264291
S1_MI,138.0,0.2091933511264291
S1_MI,139.0,0.2091933511264291
S1_MI,140.0,0.2091933511264291
S1_MI,141.0,0.2091933511264291
S1_MI,142.0,0.2091933511264291
S1_MI,143.0,0.2091933511264291
S1_MI,144.0,0.2091933511264291
S1_MI,145.0,0.2091933511264291
S1_MI,146.0,0.2091933511264291
S1_MI,147.0,0.2091933511264291
S1_MI,148.0,0.2091933511264291
S1_MI,149.0,0.2091933511264291
S1_MI,150.0,0.2091933511264291
S1_MI,151.0,0.2091933511264291
S1_MI,152.0,0.2091933511264291
S1_MI,153.0,0.2091933511264291
S1_MI,154.0,0.2091933511264291
S1_MI,155.0,0.2091933511264291
S1_MI,156.0,0.2091933511264291
S1_MI,157.0,0.2091933511264291
S1_MI,158.0,0.2091933511264291
S1_MI,159.0,0.2091933511264291
S1_MI,160.0,0.2091933511264291
S1_MI,161.0,0.2091933511264291
S1_MI,162.0,0.2091933511264291
S1_MI,163.0,0.2091933511264291
S1_MI,164.0,0.2091933511264291
S1_MI,165.0,0.2091933511264291
S1_MI,166.0,0.2091933511264291
S1_MI,167.0,0.2091933511264291
S1_MI,168.0,0.2091933511264291
S1_MI,169.0,0.2091933511264291
S1_MI,170.0,0.2091933511264291
S1_MI,171.0,0.2091933511264291
S1_MI,172.0,0.2091933511264291
S1_MI,173.0,0.2091933511264291
S1_MI,174.0,0.2091933511264291
S1_MI,175.0,0.2091933511264291
S1_MI,176.0,0.2091933511264291
S1_MI,177.0,0.2091933511264291
S1_MI,178.0,0.2091933511264291
S1_MI,179.0,0.2091933511264291
S1_MI,180.0,0.2091933511264291
S1_MI,181.0,0.2091933511264291
S1_MI,182.0,0.2091933511264291
S1_MI,183.0,0.2091933511264291
S1_MI,184.0,0.2091933511264291
S1_MI,185.0,0.2091933511264291
S1_MI,186.0,0.2091933511264291
S1_MI,187.0,0.2091933511264291
S1_MI,188.0,0.2091933511264291
S1_MI,189.0,0.2091933511264291
S1_MI,190.0,0.2091933511264291
S1_MI,191.0,0.2091933511264291
S1_MI,192.0,0.2091933511264291
S1_MI,193.0,0.2091933511264291
S1_MI,194.0,0.2091933511264291
S1_MI,195.0,0.2091933511264291
S1_MI,196.0,0.2091933511264291
S1_MI,197.0,0.2091933511264291
S1_MI,198.0,0.2091933511264291
S1_MI,199.0,0.2091933511264291
S1_MI,200.0,0.2091933511264291
S1_MI,201.0,0.2091933511264291
S1_MI,202.0,0.2091933511264291
S1_MI,203.0,0.2091933511264291
S1_MI,204.0,0.2091933511264291
S1_MI,205.0,0.2091933511264291
S1_MI,206.0,0.2091933511264291
S1_MI,207.0,0.2091933511264291
S1_MI,208.0,0.2091933511264291
S1_MI,209.0,0.2091933511264291
S1_MI,210.0,0.2091933511264291
S1_MI,211.0,0.2091933511264291
S1_MI,212.0,0.2091933511264291
S1_MI,213.0,0.2091933511264291
S1_MI,214.0,0.2091933511264291
S1_MI,215.0,0.2091933511264291
S1_MI,216.0,0.2091933511264291
S1_MI,217.0,0.2091933511264291
S1_MI,218.0,0.2091933511264291
S1_MI,219.0,0.2091933511264291
S1_MI,220.0,0.2091933511264291
S1_MI,221.0,0.2091933511264291
S1_MI,222.0,0.2091933511264291
S1_MI,223.0,0.2091933511264291
S1_MI,224.0,0.2091933511264291
S1_MI,225.0,0.2091933511264291
S1_MI,226.0,0.2091933511264291
S1_MI,227.0,0.2091933511264291
S1_MI,228.0,0.2091933511264291
S1_MI,229.0,0.2091933511264291
S1_MI,230.0,0.2091933511264291
S1_MI,231.0,0.2091933511264291
S1_MI,232.0,0.2091933511264291
S1_MI,233.0,0.2091933511264291
S1_MI,234.0,0.2091933511264291
S1_MI,235.0,0.2091933511264291
S1_MI,236.0,0.2091933511264291
S1_MI,237.0,0.2091933511264291
S1_MI,238.0,0.2091933511264291
S1_MI,239.0,0.2091933511264291
S1_MI,240.0,0.2091933511264291
S1_MI,241.0,0.2091933511264291
S1_MI,242.0,0.2091933511264291
S1_MI,243.0,0.2091933511264291
S1_MI,244.0,0.2091933511264291
S1_MI,245.0,0.2091933511264291
S1_MI,246.0,0.2091933511264291
S1_MI,247.0,0.2091933511264291
S1_MI,248.0,0.2091933511264291
S1_MI,249.0,0.2091933511264291
S1_MI,250.0,0.2091933511264291
S1_MI,251.0,0.2091933511264291
S1_MI,252.0,0.2091933511264291
S1_MI,253.0,0.2091933511264291
S1_MI,254.0,0.2091933511264291
S1_MI,255.0,0.2091933511264291
S1_MI,256.0,0.2091933511264291
S1_MI,257.0,0.2091933511264291
S1_MI,258.0,0.2091933511264291
S1_MI,259.0,0.2091933511264292
S1_MI,260.0,0.2091933511264292
S1_MI,261.0,0.2091933511264292
S1_MI,262.0,0.2091933511264292
S1_MI,263.0,0.2091933511264292
S1_MI,264.0,0.2091933511264292
S1_MI,265.0,0.2091933511264292
S1_MI,266.0,0.2091933511264292
S1_MI,267.0,0.2091933511264292
S1_MI,268.0,0.2091933511264292
S1_MI,269.0,0.2091933511264292
S1_MI,270.0,0.2091933511264292
S1_MI,271.0,0.2091933511264292
S1_MI,272.0,0.2091933511264292
S1_MI,273.0,0.2091933511264292
S1_MI,274.0,0.2091933511264292
S1_MI,275.0,0.2091933511264292
S1_MI,276.0,0.2091933511264292
S1_MI,277.0,0.2091933511264292
S1_MI,278.0,0.2091933511264292
S1_MI,279.0,0.2091933511264292
S1_MI,280.0,0.2091933511264292
S1_MI,281.0,0.2091933511264292
S1_MI,282.0,0.2091933511264292
S1_MI,283.0,0.2091933511264292
S1_MI,284.0,0.2091933511264292
S1_MI,285.0,0.2091933511264292
S1_MI,286.0,0.2091933511264292
S1_MI,287.0,0.2091933511264292
S1_MI,288.0,0.2091933511264292
S1_MI,289.0,0.2091933511264292
S1_MI,290.0,0.2091933511264292
S1_MI,291.0,0.2091933511264292
S1_MI,292.0,0.2091933511264292
S1_MI,293.0,0.2091933511264292
S1_MI,294.0,0.2091933511264292
S1_MI,295.0,0.2091933511264292
S1_MI,296.0,0.2091933511264292
S1_MI,297.0,0.2091933511264292
S1_MI,298.0,0.2091933511264292
S1_MI,299.0,0.2091933511264292
S1_MI,300.0,0.2091933511264292
S1_MI,301.0,0.2091933511264292
S1_MI,302.0,0.2091933511264292
S1_MI,303.0,0.2091933511264292
S1_MI,304.0,0.2091933511264292
S1_MI,305.0,0.2091933511264292
S1_MI,306.0,0.2091933511264292
S1_MI,307.0,0.2091933511264292
S1_MI,308.0,0.2091933511264292
S1_MI,309.0,0.2091933511264292
S1_MI,310.0,0.2091933511264292
S1_MI,311.0,0.2091933511264292
S1_MI,312.0,0.2091933511264292
S1_MI,313.0,0.2091933511264292
S1_MI,314.0,0.2091933511264292
S1_MI,315.0,0.2091933511264292
S1_MI,316.0,0.2091933511264292
S1_MI,317.0,0.2091933511264292
S1_MI,318.0,0.2091933511264292
S1_MI,319.0,0.2091933511264292
S1_MI,320.0,0.2091933511264292
S1_MI,321.0,0.2091933511264292
S1_MI,322.0,0.2091933511264292
S1_MI,323.0,0.2091933511264292
S1_MI,324.0,0.2091933511264292
S1_MI,325.0,0.2091933511264292
S1_MI,326.0,0.2091933511264292
S1_MI,327.0,0.2091933511264292
S1_MI,328.0,0.2091933511264292
S1_MI,329.0,0.2091933511264292
S1_MI,330.0,0.2091933511264292
S1_MI,331.0,0.2091933511264292
S1_MI,332.0,0.2091933511264292
S1_MI,333.0,0.2091933511264292
S1_MI,334.0,0.2091933511264292
S1_MI,335.0,0.2091933511264292
S1_MI,336.0,0.2091933511264292
S1_MI,337.0,0.2091933511264292
S1_MI,338.0,0.2091933511264292
S1_MI,339.0,0.2091933511264292
S1_MI,340.0,0.2091933511264292
S1_MI,341.0,0.2091933511264292
S1_MI,342.0,0.2091933511264292
S1_MI,343.0,0.2091933511264292
S1_MI,344.0,0.2091933511264292
S1_MI,345.0,0.2091933511264292
S1_MI,346.0,0.2091933511264292
S1_MI,347.0,0.2091933511264292
S1_MI,348.0,0.2091933511264292
S1_MI,349.0,0.2091933511264292
S1_MI,350.0,0.2091933511264292
S1_MI,351.0,0.2091933511264292
S1_MI,352.0,0.2091933511264292
S1_MI,353.0,0.2091933511264292
S1_MI,354.0,0.2091933511264292
S1_MI,355.0,0.2091933511264292
S1_MI,356.0,0.2091933511264292
S1_MI,357.0,0.2091933511264292
S1_MI,358.0,0.2091933511264292
S1_MI,359.0,0.2091933511264292
S1_MI,360.0,0.2091933511264292
S1_MI,361.0,0.2091933511264292
S1_MI,362.0,0.2091933511264292
S1_MI,363.0,0.2091933511264292
S1_MI,364.0,0.2091933511264292
S1_MI,365.0,0.2091933511264292
S2_SA,0.0,0.1977385396857111
S2_SA,1.0,0.1977385396857111
S2_SA,2.0,0.1977385396857111
S2_SA,3.0,0.1977385396857111
S2_SA,4.0,0.1977385396857111
S2_SA,5.0,0.1977385396857111
S2_SA,6.0,0.1977385396857111
S2_SA,7.0,0.1977385396857111
S2_SA,8.0,0.1977385396857111
S2_SA,9.0,0.1977385396857111
S2_SA,10.0,0.1977385396857111
S2_SA,11.0,0.1977385396857111
S2_SA,12.0,0.1977385396857111
S2_SA,13.0,0.1977385396857111
S2_SA,14.0,0.1977385396857111
S2_SA,15.0,0.1977385396857111
S2_SA,16.0,0.1977385396857111
S2_SA,17.0,0.1977385396857111
S2_SA,18.0,0.1977385396857111
S2_SA,19.0,0.1977385396857111
S2_SA,20.0,0.1977385396857111
S2_SA,21.0,0.1977385396857111
S2_SA,22.0,0.1977385396857111
S2_SA,23.0,0.1977385396857111
S2_SA,24.0,0.1977385396857111
S2_SA,25.0,0.1977385396857111
S2_SA,26.0,0.1977385396857111
S2_SA,27.0,0.1977385396857111
S2_SA,28.0,0.1977385396857111
S2_SA,29.0,0.1977385396857111
S2_SA,30.0,0.1977385396857111
S2_SA,31.0,0.1977385396857111
S2_SA,32.0,0.1977385396857111
S2_SA,33.0,0.1977385396857111
S2_SA,34.0,0.1977385396857111
S2_SA,35.0,0.1977385396857111
S2_SA,36.0,0.1977385396857111
S2_SA,37.0,0.1977385396857111
S2_SA,38.0,0.1977385396857111
S2_SA,39.0,0.1977385396857111
S2_SA,40.0,0.1977385396857111
S2_SA,41.0,0.1977385396857111
S2_SA,42.0,0.1977385396857111
S2_SA,43.0,0.1977385396857111
S2_SA,44.0,0.1977385396857111
S2_SA,45.0,0.1977385396857111
S2_SA,46.0,0.1977385396857111
S2_SA,47.0,0.1977385396857111
S2_SA,48.0,0.1977385396857111
S2_SA,49.0,0.1977385396857111
S2_SA,50.0,0.1977385396857111
S2_SA,51.0,0.1977385396857111
S2_SA,52.0,0.1977385396857111
S2_SA,53.0,0.1977385396857111
S2_SA,54.0,0.1977385396857111
S2_SA,55.0,0.1977385396857111
S2_SA,56.0,0.1977385396857111
S2_SA,57.0,0.1977385396857111
S2_SA,58.0,0.1977385396857111
S2_SA,59.0,0.1977385396857111
S2_SA,60.0,0.1977385396857111
S2_SA,61.0,0.1977385396857111
S2_SA,62.0,0.1977385396857111
S2_SA,63.0,0.1977385396857111
S2_SA,64.0,0.1977385396857111
S2_SA,65.0,0.1977385396857111
S2_SA,66.0,0.1977385396857111
S2_SA,67.0,0.1977385396857111
S2_SA,68.0,0.1977385396857111
S2_SA,69.0,0.1977385396857111
S2_SA,70.0,0.1977385396857111
S2_SA,71.0,0.1977385396857111
S2_SA,72.0,0.1977385396857111
S2_SA,73.0,0.1977385396857111
S2_SA,74.0,0.1977385396857111
S2_SA,75.0,0.1977385396857111
S2_SA,76.0,0.1977385396857111
S2_SA,77.0,0.1977385396857111
S2_SA,78.0,0.1977385396857111
S2_SA,79.0,0.1977385396857111
S2_SA,80.0,0.1977385396857111
S2_SA,81.0,0.1977385396857111
S2_SA,82.0,0.1977385396857111
S2_SA,83.0,0.1977385396857111
S2_SA,84.0,0.1977385396857111
S2_SA,85.0,0.1977385396857111
S2_SA,86.0,0.1977385396857111
S2_SA,87.0,0.1977385396857111
S2_SA,88.0,0.1977385396857111
S2_SA,89.0,0.1977385396857111
S2_SA,90.0,0.1977385396857111
S2_SA,91.0,0.1977385396857111
S2_SA,92.0,0.1977385396857111
S2_SA,93.0,0.1977385396857111
S2_SA,94.0,0.1977385396857111
S2_SA,95.0,0.1977385396857111
S2_SA,96.0,0.1977385396857111
S2_SA,97.0,0.1977385396857111
S2_SA,98.0,0.1977385396857111
S2_SA,99.0,0.1977385396857111
S2_SA,100.0,0.1977385396857111
S2_SA,101.0,0.1977385396857111
S2_SA,102.0,0.1977385396857111
S2_SA,103.0,0.1977385396857111
S2_SA,104.0,0.1977385396857111
S2_SA,105.0,0.1977385396857111
S2_SA,106.0,0.1977385396857111
S2_SA,107.0,0.1977385396857111
S2_SA,108.0,0.1977385396857111
S2_SA,109.0,0.1977385396857111
S2_SA,110.0,0.1977385396857111
S2_SA,111.0,0.1977385396857111
S2_SA,112.0,0.1977385396857111
S2_SA,113.0,0.1977385396857111
S2_SA,114.0,0.1977385396857111
S2_SA,115.0,0.1977385396857111
S2_SA,116.0,0.1977385396857111
S2_SA,117.0,0.1977385396857111
S2_SA,118.0,0.1977385396857111
S2_SA,119.0,0.1977385396857111
S2_SA,120.0,0.1977385396857111
S2_SA,121.0,0.1977385396857111
S2_SA,122.0,0.1977385396857111
S2_SA,123.0,0.1977385396857111
S2_SA,124.0,0.1977385396857111
S2_SA,125.0,0.1977385396857111
S2_SA,126.0,0.1977385396857111
S2_SA,127.0,0.1977385396857111
S2_SA,128.0,0.1977385396857111
S2_SA,129.0,0.1977385396857111
S2_SA,130.0,0.1977385396857111
S2_SA,131.0,0.1977385396857111
S2_SA,132.0,0.1977385396857111
S2_SA,133.0,0.1977385396857111
S2_SA,134.0,0.1977385396857111
S2_SA,135.0,0.1977385396857111
S2_SA,136.0,0.1977385396857111
S2_SA,137.0,0.1977385396857111
S2_SA,138.0,0.1977385396857111
S2_SA,139.0,0.1977385396857111
S2_SA,140.0,0.1977385396857111
S2_SA,141.0,0.1977385396857112
S2_SA,142.0,0.1977385396857112
S2_SA,143.0,0.1977385396857112
S2_SA,144.0,0.1977385396857112
S2_SA,145.0,0.1977385396857112
S2_SA,146.0,0.1977385396857112
S2_SA,147.0,0.1977385396857112
S2_SA,148.0,0.1977385396857112
S2_SA,149.0,0.1977385396857112
S2_SA,150.0,0.1977385396857112
S2_SA,151.0,0.1977385396857112
S2_SA,152.0,0.1977385396857112
S2_SA,153.0,0.1977385396857112
S2_SA,154.0,0.1977385396857112
S2_SA,155.0,0.1977385396857112
S2_SA,156.0,0.1977385396857112
S2_SA,157.0,0.1977385396857112
S2_SA,158.0,0.1977385396857112
S2_SA,159.0,0.1977385396857112
S2_SA,160.0,0.1977385396857112
S2_SA,161.0,0.1977385396857112
S2_SA,162.0,0.1977385396857112
S2_SA,163.0,0.1977385396857112
S2_SA,164.0,0.1977385396857112
S2_SA,165.0,0.1977385396857112
S2_SA,166.0,0.1977385396857112
S2_SA,167.0,0.1977385396857112
S2_SA,168.0,0.1977385396857112
S2_SA,169.0,0.1977385396857112
S2_SA,170.0,0.1977385396857112
S2_SA,171.0,0.1977385396857112
S2_SA,172.0,0.1977385396857112
S2_SA,173.0,0.1977385396857112
S2_SA,174.0,0.1977385396857112
S2_SA,175.0,0.1977385396857112
S2_SA,176.0,0.1977385396857112
S2_SA,177.0,0.1977385396857112
S2_SA,178.0,0.1977385396857112
S2_SA,179.0,0.1977385396857112
S2_SA,180.0,0.1977385396857112
S2_SA,181.0,0.1977385396857112
S2_SA,182.0,0.1977385396857112
S2_SA,183.0,0.1977385396857112
S2_SA,184.0,0.1977385396857112
S2_SA,185.0,0.1977385396857112
S2_SA,186.0,0.1977385396857112
S2_SA,187.0,0.1977385396857112
S2_SA,188.0,0.1977385396857112
S2_SA,189.0,0.1977385396857112
S2_SA,190.0,0.1977385396857112
S2_SA,191.0,0.1977385396857112
S2_SA,192.0,0.1977385396857112
S2_SA,193.0,0.1977385396857112
S2_SA,194.0,0.1977385396857112
S2_SA,195.0,0.1977385396857112
S2_SA,196.0,0.1977385396857112
S2_SA,197.0,0.1977385396857112
S2_SA,198.0,0.1977385396857112
S2_SA,199.0,0.1977385396857112
S2_SA,200.0,0.1977385396857112
S2_SA,201.0,0.1977385396857112
S2_SA,202.0,0.1977385396857112
S2_SA,203.0,0.1977385396857112
S2_SA,204.0,0.1977385396857112
S2_SA,205.0,0.1977385396857112
S2_SA,206.0,0.1977385396857112
S2_SA,207.0,0.1977385396857112
S2_SA,208.0,0.1977385396857112
S2_SA,209.0,0.1977385396857112
S2_SA,210.0,0.1977385396857112
S2_SA,211.0,0.1977385396857112
S2_SA,212.0,0.1977385396857112
S2_SA,213.0,0.1977385396857112
S2_SA,214.0,0.1977385396857112
S2_SA,215.0,0.1977385396857112
S2_SA,216.0,0.1977385396857112
S2_SA,217.0,0.1977385396857112
S2_SA,218.0,0.1977385396857112
S2_SA,219.0,0.1977385396857112
S2_SA,220.0,0.1977385396857112
S2_SA,221.0,0.1977385396857112
S2_SA,222.0,0.1977385396857112
S2_SA,223.0,0.1977385396857112
S2_SA,224.0,0.1977385396857112
S2_SA,225.0,0.1977385396857112
S2_SA,226.0,0.1977385396857112
S2_SA,227.0,0.1977385396857112
S2_SA,228.0,0.1977385396857112
S2_SA,229.0,0.1977385396857112
S2_SA,230.0,0.1977385396857112
S2_SA,231.0,0.1977385396857112
S2_SA,232.0,0.1977385396857112
S2_SA,233.0,0.1977385396857112
S2_SA,234.0,0.1977385396857112
S2_SA,235.0,0.1977385396857112
S2_SA,236.0,0.1977385396857112
S2_SA,237.0,0.1977385396857112
S2_SA,238.0,0.1977385396857112
S2_SA,239.0,0.1977385396857112
S2_SA,240.0,0.1977385396857112
S2_SA,241.0,0.1977385396857112
S2_SA,242.0,0.1977385396857112
S2_SA,243.0,0.1977385396857112
S2_SA,244.0,0.1977385396857112
S2_SA,245.0,0.1977385396857112
S2_SA,246.0,0.1977385396857112
S2_SA,247.0,0.1977385396857112
S2_SA,248.0,0.1977385396857112
S2_SA,249.0,0.1977385396857112
S2_SA,250.0,0.1977385396857112
S2_SA,251.0,0.1977385396857112
S2_SA,252.0,0.1977385396857112
S2_SA,253.0,0.1977385396857112
S2_SA,254.0,0.1977385396857112
S2_SA,255.0,0.1977385396857112
S2_SA,256.0,0.1977385396857112
S2_SA,257.0,0.1977385396857112
S2_SA,258.0,0.1977385396857112
S2_SA,259.0,0.1977385396857112
S2_SA,260.0,0.1977385396857112
S2_SA,261.0,0.1977385396857112
S2_SA,262.0,0.1977385396857112
S2_SA,263.0,0.1977385396857112
S2_SA,264.0,0.1977385396857112
S2_SA,265.0,0.1977385396857112
S2_SA,266.0,0.1977385396857112
S2_SA,267.0,0.1977385396857112
S2_SA,268.0,0.1977385396857112
S2_SA,269.0,0.1977385396857112
S2_SA,270.0,0.1977385396857112
S2_SA,271.0,0.1977385396857112
S2_SA,272.0,0.1977385396857112
S2_SA,273.0,0.1977385396857112
S2_SA,274.0,0.1977385396857112
S2_SA,275.0,0.1977385396857112
S2_SA,276.0,0.1977385396857112
S2_SA,277.0,0.1977385396857112
S2_SA,278.0,0.1977385396857112
S2_SA,279.0,0.1977385396857112
S2_SA,280.0,0.1977385396857112
S2_SA,281.0,0.1977385396857112
S2_SA,282.0,0.1977385396857112
S2_SA,283.0,0.1977385396857112
S2_SA,284.0,0.1977385396857112
S2_SA,285.0,0.1977385396857112
S2_SA,286.0,0.1977385396857112
S2_SA,287.0,0.1977385396857112
S2_SA,288.0,0.1977385396857112
S2_SA,289.0,0.1977385396857112
S2_SA,290.0,0.1977385396857112
S2_SA,291.0,0.1977385396857112
S2_SA,292.0,0.1977385396857112
S2_SA,293.0,0.1977385396857112
S2_SA,294.0,0.1977385396857112
S2_SA,295.0,0.1977385396857112
S2_SA,296.0,0.1977385396857112
S2_SA,297.0,0.1977385396857112
S2_SA,298.0,0.1977385396857112
S2_SA,299.0,0.1977385396857112
S2_SA,300.0,0.1977385396857112
S2_SA,301.0,0.1977385396857112
S2_SA,302.0,0.1977385396857113
S2_SA,303.0,0.1977385396857113
S2_SA,304.0,0.1977385396857113
S2_SA,305.0,0.1977385396857113
S2_SA,306.0,0.1977385396857113
S2_SA,307.0,0.1977385396857113
S2_SA,308.0,0.1977385396857113
S2_SA,309.0,0.1977385396857113
S2_SA,310.0,0.1977385396857113
S2_SA,311.0,0.1977385396857113
S2_SA,312.0,0.1977385396857113
S2_SA,313.0,0.1977385396857113
S2_SA,314.0,0.1977385396857113
S2_SA,315.0,0.1977385396857113
S2_SA,316.0,0.1977385396857113
S2_SA,317.0,0.1977385396857113
S2_SA,318.0,0.1977385396857113
S2_SA,319.0,0.1977385396857113
S2_SA,320.0,0.1977385396857113
S2_SA,321.0,0.1977385396857113
S2_SA,322.0,0.1977385396857113
S2_SA,323.0,0.1977385396857113
S2_SA,324.0,0.1977385396857113
S2_SA,325.0,0.1977385396857113
S2_SA,326.0,0.1977385396857113
S2_SA,327.0,0.1977385396857113
S2_SA,328.0,0.1977385396857113
S2_SA,329.0,0.1977385396857113
S2_SA,330.0,0.1977385396857113
S2_SA,331.0,0.1977385396857113
S2_SA,332.0,0.1977385396857113
S2_SA,333.0,0.1977385396857113
S2_SA,334.0,0.1977385396857113
S2_SA,335.0,0.1977385396857113
S2_SA,336.0,0.1977385396857113
S2_SA,337.0,0.1977385396857113
S2_SA,338.0,0.1977385396857113
S2_SA,339.0,0.1977385396857113
S2_SA,340.0,0.1977385396857113
S2_SA,341.0,0.1977385396857113
S2_SA,342.0,0.1977385396857113
S2_SA,343.0,0.1977385396857113
S2_SA,344.0,0.1977385396857113
S2_SA,345.0,0.1977385396857113
S2_SA,346.0,0.1977385396857113
S2_SA,347.0,0.1977385396857113
S2_SA,348.0,0.1977385396857113
S2_SA,349.0,0.1977385396857113
S2_SA,350.0,0.1977385396857113
S2_SA,351.0,0.1977385396857113
S2_SA,352.0,0.1977385396857113
S2_SA,353.0,0.1977385396857113
S2_SA,354.0,0.1977385396857113
S2_SA,355.0,0.1977385396857113
S2_SA,356.0,0.1977385396857113
S2_SA,357.0,0.1977385396857113
S2_SA,358.0,0.1977385396857113
S2_SA,359.0,0.1977385396857113
S2_SA,360.0,0.1977385396857113
S2_SA,361.0,0.1977385396857113
S2_SA,362.0,0.1977385396857113
S2_SA,363.0,0.1977385396857113
S2_SA,364.0,0.1977385396857113
S2_SA,365.0,0.1977385396857113
S3_PA_SA,0.0,0.0875034970570677
S3_PA_SA,1.0,0.0875034970570677
S3_PA_SA,2.0,0.0875034970570677
S3_PA_SA,3.0,0.0875034970570677
S3_PA_SA,4.0,0.0875034970570677
S3_PA_SA,5.0,0.0875034970570677
S3_PA_SA,6.0,0.0875034970570677
S3_PA_SA,7.0,0.0875034970570677
S3_PA_SA,8.0,0.0875034970570677
S3_PA_SA,9.0,0.0875034970570677
S3_PA_SA,10.0,0.0875034970570677
S3_PA_SA,11.0,0.0875034970570677
S3_PA_SA,12.0,0.0875034970570677
S3_PA_SA,13.0,0.0875034970570677
S3_PA_SA,14.0,0.0875034970570677
S3_PA_SA,15.0,0.0875034970570677
S3_PA_SA,16.0,0.0875034970570677
S3_PA_SA,17.0,0.0875034970570677
S3_PA_SA,18.0,0.0875034970570677
S3_PA_SA,19.0,0.0875034970570677
S3_PA_SA,20.0,0.0875034970570677
S3_PA_SA,21.0,0.0875034970570677
S3_PA_SA,22.0,0.0875034970570677
S3_PA_SA,23.0,0.0875034970570677
S3_PA_SA,24.0,0.0875034970570677
S3_PA_SA,25.0,0.0875034970570677
S3_PA_SA,26.0,0.0875034970570677
S3_PA_SA,27.0,0.0875034970570677
S3_PA_SA,28.0,0.0875034970570677
S3_PA_SA,29.0,0.0875034970570677
S3_PA_SA,30.0,0.0875034970570677
S3_PA_SA,31.0,0.0875034970570677
S3_PA_SA,32.0,0.0875034970570677
S3_PA_SA,33.0,0.0875034970570677
S3_PA_SA,34.0,0.0875034970570677
S3_PA_SA,35.0,0.0875034970570677
S3_PA_SA,36.0,0.0875034970570677
S3_PA_SA,37.0,0.0875034970570677
S3_PA_SA,38.0,0.0875034970570677
S3_PA_SA,39.0,0.0875034970570677
S3_PA_SA,40.0,0.0875034970570677
S3_PA_SA,41.0,0.0875034970570677
S3_PA_SA,42.0,0.0875034970570677
S3_PA_SA,43.0,0.0875034970570677
S3_PA_SA,44.0,0.0875034970570677
S3_PA_SA,45.0,0.0875034970570677
S3_PA_SA,46.0,0.0875034970570677
S3_PA_SA,47.0,0.0875034970570677
S3_PA_SA,48.0,0.0875034970570677
S3_PA_SA,49.0,0.0875034970570677
S3_PA_SA,50.0,0.0875034970570677
S3_PA_SA,51.0,0.0875034970570677
S3_PA_SA,52.0,0.0875034970570677
S3_PA_SA,53.0,0.0875034970570677
S3_PA_SA,54.0,0.0875034970570677
S3_PA_SA,55.0,0.0875034970570677
S3_PA_SA,56.0,0.0875034970570677
S3_PA_SA,57.0,0.0875034970570677
S3_PA_SA,58.0,0.0875034970570677
S3_PA_SA,59.0,0.0875034970570677
S3_PA_SA,60.0,0.0875034970570677
S3_PA_SA,61.0,0.0875034970570677
S3_PA_SA,62.0,0.0875034970570677
S3_PA_SA,63.0,0.0875034970570677
S3_PA_SA,64.0,0.0875034970570677
S3_PA_SA,65.0,0.0875034970570677
S3_PA_SA,66.0,0.0875034970570677
S3_PA_SA,67.0,0.0875034970570677
S3_PA_SA,68.0,0.0875034970570677
S3_PA_SA,69.0,0.0875034970570677
S3_PA_SA,70.0,0.0875034970570677
S3_PA_SA,71.0,0.0875034970570677
S3_PA_SA,72.0,0.0875034970570677
S3_PA_SA,73.0,0.0875034970570677
S3_PA_SA,74.0,0.0875034970570677
S3_PA_SA,75.0,0.0875034970570677
S3_PA_SA,76.0,0.0875034970570677
S3_PA_SA,77.0,0.0875034970570677
S3_PA_SA,78.0,0.0875034970570677
S3_PA_SA,79.0,0.0875034970570677
S3_PA_SA,80.0,0.0875034970570677
S3_PA_SA,81.0,0.0875034970570677
S3_PA_SA,82.0,0.0875034970570677
S3_PA_SA,83.0,0.0875034970570677
S3_PA_SA,84.0,0.0875034970570677
S3_PA_SA,85.0,0.0875034970570677
S3_PA_SA,86.0,0.0875034970570677
S3_PA_SA,87.0,0.0875034970570677
S3_PA_SA,88.0,0.0875034970570677
S3_PA_SA,89.0,0.0875034970570677
S3_PA_SA,90.0,0.0875034970570677
S3_PA_SA,91.0,0.0875034970570677
S3_PA_SA,92.0,0.0875034970570677
S3_PA_SA,93.0,0.0875034970570677
S3_PA_SA,94.0,0.0875034970570677
S3_PA_SA,95.0,0.0875034970570677
S3_PA_SA,96.0,0.0875034970570677
S3_PA_SA,97.0,0.0875034970570677
S3_PA_SA,98.0,0.0875034970570677
S3_PA_SA,99.0,0.0875034970570677
S3_PA_SA,100.0,0.0875034970570677
S3_PA_SA,101.0,0.0875034970570677
S3_PA_SA,102.0,0.0875034970570677
S3_PA_SA,103.0,0.0875034970570677
S3_PA_SA,104.0,0.0875034970570677
S3_PA_SA,105.0,0.0875034970570677
S3_PA_SA,106.0,0.0875034970570677
S3_PA_SA,107.0,0.0875034970570677
S3_PA_SA,108.0,0.0875034970570677
S3_PA_SA,109.0,0.0875034970570677
S3_PA_SA,110.0,0.0875034970570677
S3_PA_SA,111.0,0.0875034970570677
S3_PA_SA,112.0,0.0875034970570677
S3_PA_SA,113.0,0.0875034970570677
S3_PA_SA,114.0,0.0875034970570677
S3_PA_SA,115.0,0.0875034970570677
S3_PA_SA,116.0,0.0875034970570677
S3_PA_SA,117.0,0.0875034970570677
S3_PA_SA,118.0,0.0875034970570677
S3_PA_SA,119.0,0.0875034970570677
S3_PA_SA,120.0,0.0875034970570677
S3_PA_SA,121.0,0.0875034970570677
S3_PA_SA,122.0,0.0875034970570677
S3_PA_SA,123.0,0.0875034970570677
S3_PA_SA,124.0,0.0875034970570677
S3_PA_SA,125.0,0.0875034970570677
S3_PA_SA,126.0,0.0875034970570677
S3_PA_SA,127.0,0.0875034970570677
S3_PA_SA,128.0,0.0875034970570677
S3_PA_SA,129.0,0.0875034970570677
S3_PA_SA,130.0,0.0875034970570677
S3_PA_SA,131.0,0.0875034970570677
S3_PA_SA,132.0,0.0875034970570677
S3_PA_SA,133.0,0.0875034970570677
S3_PA_SA,134.0,0.0875034970570677
S3_PA_SA,135.0,0.0875034970570677
S3_PA_SA,136.0,0.0875034970570677
S3_PA_SA,137.0,0.0875034970570677
S3_PA_SA,138.0,0.0875034970570677
S3_PA_SA,139.0,0.0875034970570677
S3_PA_SA,140.0,0.0875034970570677
S3_PA_SA,141.0,0.0875034970570677
S3_PA_SA,142.0,0.0875034970570677
S3_PA_SA,143.0,0.0875034970570677
S3_PA_SA,144.0,0.0875034970570677
S3_PA_SA,145.0,0.0875034970570677
S3_PA_SA,146.0,0.0875034970570677
S3_PA_SA,147.0,0.0875034970570677
S3_PA_SA,148.0,0.0875034970570677
S3_PA_SA,149.0,0.0875034970570677
S3_PA_SA,150.0,0.0875034970570677
S3_PA_SA,151.0,0.0875034970570677
S3_PA_SA,152.0,0.0875034970570677
S3_PA_SA,153.0,0.0875034970570677
S3_PA_SA,154.0,0.0875034970570677
S3_PA_SA,155.0,0.0875034970570677
S3_PA_SA,156.0,0.0875034970570677
S3_PA_SA,157.0,0.0875034970570677
S3_PA_SA,158.0,0.0875034970570677
S3_PA_SA,159.0,0.0875034970570677
S3_PA_SA,160.0,0.0875034970570677
S3_PA_SA,161.0,0.0875034970570677
S3_PA_SA,162.0,0.0875034970570677
S3_PA_SA,163.0,0.0875034970570677
S3_PA_SA,164.0,0.0875034970570677
S3_PA_SA,165.0,0.0875034970570677
S3_PA_SA,166.0,0.0875034970570677
S3_PA_SA,167.0,0.0875034970570677
S3_PA_SA,168.0,0.0875034970570677
S3_PA_SA,169.0,0.0875034970570677
S3_PA_SA,170.0,0.0875034970570677
S3_PA_SA,171.0,0.0875034970570677
S3_PA_SA,172.0,0.0875034970570677
S3_PA_SA,173.0,0.0875034970570677
S3_PA_SA,174.0,0.0875034970570677
S3_PA_SA,175.0,0.0875034970570677
S3_PA_SA,176.0,0.0875034970570677
S3_PA_SA,177.0,0.0875034970570677
S3_PA_SA,178.0,0.0875034970570677
S3_PA_SA,179.0,0.0875034970570677
S3_PA_SA,180.0,0.0875034970570677
S3_PA_SA,181.0,0.0875034970570677
S3_PA_SA,182.0,0.0875034970570677
S3_PA_SA,183.0,0.0875034970570677
S3_PA_SA,184.0,0.0875034970570677
S3_PA_SA,185.0,0.0875034970570677
S3_PA_SA,186.0,0.0875034970570677
S3_PA_SA,187.0,0.0875034970570677
S3_PA_SA,188.0,0.0875034970570677
S3_PA_SA,189.0,0.0875034970570677
S3_PA_SA,190.0,0.0875034970570677
S3_PA_SA,191.0,0.0875034970570677
S3_PA_SA,192.0,0.0875034970570677
S3_PA_SA,193.0,0.0875034970570677
S3_PA_SA,194.0,0.0875034970570677
S3_PA_SA,195.0,0.0875034970570677
S3_PA_SA,196.0,0.0875034970570677
S3_PA_SA,197.0,0.0875034970570677
S3_PA_SA,198.0,0.0875034970570677
S3_PA_SA,199.0,0.0875034970570677
S3_PA_SA,200.0,0.0875034970570677
S3_PA_SA,201.0,0.0875034970570677
S3_PA_SA,202.0,0.0875034970570677
S3_PA_SA,203.0,0.0875034970570677
S3_PA_SA,204.0,0.0875034970570677
S3_PA_SA,205.0,0.0875034970570677
S3_PA_SA,206.0,0.0875034970570677
S3_PA_SA,207.0,0.0875034970570677
S3_PA_SA,208.0,0.0875034970570677
S3_PA_SA,209.0,0.0875034970570677
S3_PA_SA,210.0,0.0875034970570677
S3_PA_SA,211.0,0.0875034970570677
S3_PA_SA,212.0,0.0875034970570677
S3_PA_SA,213.0,0.0875034970570677
S3_PA_SA,214.0,0.0875034970570677
S3_PA_SA,215.0,0.0875034970570677
S3_PA_SA,216.0,0.0875034970570677
S3_PA_SA,217.0,0.0875034970570677
S3_PA_SA,218.0,0.0875034970570677
S3_PA_SA,219.0,0.0875034970570677
S3_PA_SA,220.0,0.0875034970570677
S3_PA_SA,221.0,0.0875034970570677
S3_PA_SA,222.0,0.0875034970570677
S3_PA_SA,223.0,0.0875034970570677
S3_PA_SA,224.0,0.0875034970570677
S3_PA_SA,225.0,0.0875034970570677
S3_PA_SA,226.0,0.0875034970570677
S3_PA_SA,227.0,0.0875034970570677
S3_PA_SA,228.0,0.0875034970570677
S3_PA_SA,229.0,0.0875034970570677
S3_PA_SA,230.0,0.0875034970570677
S3_PA_SA,231.0,0.0875034970570677
S3_PA_SA,232.0,0.0875034970570677
S3_PA_SA,233.0,0.0875034970570677
S3_PA_SA,234.0,0.0875034970570677
S3_PA_SA,235.0,0.0875034970570677
S3_PA_SA,236.0,0.0875034970570677
S3_PA_SA,237.0,0.0875034970570677
S3_PA_SA,238.0,0.0875034970570677
S3_PA_SA,239.0,0.0875034970570677
S3_PA_SA,240.0,0.0875034970570677
S3_PA_SA,241.0,0.0875034970570677
S3_PA_SA,242.0,0.0875034970570677
S3_PA_SA,243.0,0.0875034970570677
S3_PA_SA,244.0,0.0875034970570677
S3_PA_SA,245.0,0.0875034970570677
S3_PA_SA,246.0,0.08750349705706775
S3_PA_SA,247.0,0.08750349705706775
S3_PA_SA,248.0,0.08750349705706775
S3_PA_SA,249.0,0.08750349705706775
S3_PA_SA,250.0,0.08750349705706775
S3_PA_SA,251.0,0.08750349705706775
S3_PA_SA,252.0,0.08750349705706775
S3_PA_SA,253.0,0.08750349705706775
S3_PA_SA,254.0,0.08750349705706775
S3_PA_SA,255.0,0.08750349705706775
S3_PA_SA,256.0,0.08750349705706775
S3_PA_SA,257.0,0.08750349705706775
S3_PA_SA,258.0,0.08750349705706775
S3_PA_SA,259.0,0.08750349705706775
S3_PA_SA,260.0,0.08750349705706775
S3_PA_SA,261.0,0.08750349705706775
S3_PA_SA,262.0,0.08750349705706775
S3_PA_SA,263.0,0.08750349705706775
S3_PA_SA,264.0,0.08750349705706775
S3_PA_SA,265.0,0.08750349705706775
S3_PA_SA,266.0,0.08750349705706775
S3_PA_SA,267.0,0.08750349705706775
S3_PA_SA,268.0,0.08750349705706775
S3_PA_SA,269.0,0.08750349705706775
S3_PA_SA,270.0,0.08750349705706775
S3_PA_SA,271.0,0.08750349705706775
S3_PA_SA,272.0,0.08750349705706775
S3_PA_SA,273.0,0.08750349705706775
S3_PA_SA,274.0,0.08750349705706775
S3_PA_SA,275.0,0.08750349705706775
S3_PA_SA,276.0,0.08750349705706775
S3_PA_SA,277.0,0.08750349705706775
S3_PA_SA,278.0,0.08750349705706775
S3_PA_SA,279.0,0.08750349705706775
S3_PA_SA,280.0,0.08750349705706775
S3_PA_SA,281.0,0.08750349705706775
S3_PA_SA,282.0,0.08750349705706775
S3_PA_SA,283.0,0.08750349705706775
S3_PA_SA,284.0,0.08750349705706775
S3_PA_SA,285.0,0.08750349705706775
S3_PA_SA,286.0,0.08750349705706775
S3_PA_SA,287.0,0.08750349705706775
S3_PA_SA,288.0,0.08750349705706775
S3_PA_SA,289.0,0.08750349705706775
S3_PA_SA,290.0,0.08750349705706775
S3_PA_SA,291.0,0.08750349705706775
S3_PA_SA,292.0,0.08750349705706775
S3_PA_SA,293.0,0.08750349705706775
S3_PA_SA,294.0,0.08750349705706775
S3_PA_SA,295.0,0.08750349705706775
S3_PA_SA,296.0,0.08750349705706775
S3_PA_SA,297.0,0.08750349705706775
S3_PA_SA,298.0,0.08750349705706775
S3_PA_SA,299.0,0.08750349705706775
S3_PA_SA,300.0,0.08750349705706775
S3_PA_SA,301.0,0.08750349705706775
S3_PA_SA,302.0,0.08750349705706775
S3_PA_SA,303.0,0.08750349705706775
S3_PA_SA,304.0,0.08750349705706775
S3_PA_SA,305.0,0.08750349705706775
S3_PA_SA,306.0,0.08750349705706775
S3_PA_SA,307.0,0.08750349705706775
S3_PA_SA,308.0,0.08750349705706775
S3_PA_SA,309.0,0.08750349705706775
S3_PA_SA,310.0,0.08750349705706775
S3_PA_SA,311.0,0.08750349705706775
S3_PA_SA,312.0,0.08750349705706775
S3_PA_SA,313.0,0.08750349705706775
S3_PA_SA,314.0,0.08750349705706775
S3_PA_SA,315.0,0.08750349705706775
S3_PA_SA,316.0,0.08750349705706775
S3_PA_SA,317.0,0.08750349705706775
S3_PA_SA,318.0,0.08750349705706775
S3_PA_SA,319.0,0.08750349705706775
S3_PA_SA,320.0,0.08750349705706775
S3_PA_SA,321.0,0.0875034970570678
S3_PA_SA,322.0,0.0875034970570678
S3_PA_SA,323.0,0.0875034970570678
S3_PA_SA,324.0,0.0875034970570678
S3_PA_SA,325.0,0.0875034970570678
S3_PA_SA,326.0,0.0875034970570678
S3_PA_SA,327.0,0.0875034970570678
S3_PA_SA,328.0,0.0875034970570678
S3_PA_SA,329.0,0.0875034970570678
S3_PA_SA,330.0,0.0875034970570678
S3_PA_SA,331.0,0.0875034970570678
S3_PA_SA,332.0,0.0875034970570678
S3_PA_SA,333.0,0.0875034970570678
S3_PA_SA,334.0,0.0875034970570678
S3_PA_SA,335.0,0.0875034970570678
S3_PA_SA,336.0,0.0875034970570678
S3_PA_SA,337.0,0.0875034970570678
S3_PA_SA,338.0,0.0875034970570678
S3_PA_SA,339.0,0.0875034970570678
S3_PA_SA,340.0,0.0875034970570678
S3_PA_SA,341.0,0.0875034970570678
S3_PA_SA,342.0,0.0875034970570678
S3_PA_SA,343.0,0.0875034970570678
S3_PA_SA,344.0,0.0875034970570678
S3_PA_SA,345.0,0.0875034970570678
S3_PA_SA,346.0,0.0875034970570678
S3_PA_SA,347.0,0.0875034970570678
S3_PA_SA,348.0,0.0875034970570678
S3_PA_SA,349.0,0.0875034970570678
S3_PA_SA,350.0,0.0875034970570678
S3_PA_SA,351.0,0.0875034970570678
S3_PA_SA,352.0,0.0875034970570678
S3_PA_SA,353.0,0.0875034970570678
S3_PA_SA,354.0,0.0875034970570678
S3_PA_SA,355.0,0.0875034970570678
S3_PA_SA,356.0,0.0875034970570678
S3_PA_SA,357.0,0.0875034970570678
S3_PA_SA,358.0,0.0875034970570678
S3_PA_SA,359.0,0.0875034970570678
S3_PA_SA,360.0,0.0875034970570678
S3_PA_SA,361.0,0.0875034970570678
S3_PA_SA,362.0,0.0875034970570678
S3_PA_SA,363.0,0.0875034970570678
S3_PA_SA,364.0,0.0875034970570678
S3_PA_SA,365.0,0.0875034970570678
S4_SA_VF,0.0,0.1308943473596451
S4_SA_VF,1.0,0.1308943473596451
S4_SA_VF,2.0,0.1308943473596451
S4_SA_VF,3.0,0.1308943473596451
S4_SA_VF,4.0,0.1308943473596451
S4_SA_VF,5.0,0.1308943473596451
S4_SA_VF,6.0,0.1308943473596451
S4_SA_VF,7.0,0.1308943473596451
S4_SA_VF,8.0,0.1308943473596451
S4_SA_VF,9.0,0.1308943473596451
S4_SA_VF,10.0,0.1308943473596451
S4_SA_VF,11.0,0.1308943473596451
S4_SA_VF,12.0,0.1308943473596451
S4_SA_VF,13.0,0.1308943473596451
S4_SA_VF,14.0,0.1308943473596451
S4_SA_VF,15.0,0.1308943473596451
S4_SA_VF,16.0,0.1308943473596451
S4_SA_VF,17.0,0.1308943473596451
S4_SA_VF,18.0,0.1308943473596451
S4_SA_VF,19.0,0.1308943473596451
S4_SA_VF,20.0,0.1308943473596451
S4_SA_VF,21.0,0.1308943473596451
S4_SA_VF,22.0,0.1308943473596451
S4_SA_VF,23.0,0.1308943473596451
S4_SA_VF,24.0,0.1308943473596451
S4_SA_VF,25.0,0.1308943473596451
S4_SA_VF,26.0,0.1308943473596451
S4_SA_VF,27.0,0.1308943473596451
S4_SA_VF,28.0,0.1308943473596451
S4_SA_VF,29.0,0.1308943473596451
S4_SA_VF,30.0,0.1308943473596451
S4_SA_VF,31.0,0.1308943473596451
S4_SA_VF,32.0,0.1308943473596451
S4_SA_VF,33.0,0.1308943473596451
S4_SA_VF,34.0,0.1308943473596451
S4_SA_VF,35.0,0.1308943473596451
S4_SA_VF,36.0,0.1308943473596451
S4_SA_VF,37.0,0.1308943473596451
S4_SA_VF,38.0,0.1308943473596451
S4_SA_VF,39.0,0.1308943473596451
S4_SA_VF,40.0,0.1308943473596451
S4_SA_VF,41.0,0.1308943473596451
S4_SA_VF,42.0,0.1308943473596451
S4_SA_VF,43.0,0.1308943473596451
S4_SA_VF,44.0,0.1308943473596451
S4_SA_VF,45.0,0.1308943473596451
S4_SA_VF,46.0,0.1308943473596451
S4_SA_VF,47.0,0.1308943473596451
S4_SA_VF,48.0,0.1308943473596451
S4_SA_VF,49.0,0.1308943473596451
S4_SA_VF,50.0,0.1308943473596451
S4_SA_VF,51.0,0.1308943473596451
S4_SA_VF,52.0,0.1308943473596451
S4_SA_VF,53.0,0.1308943473596451
S4_SA_VF,54.0,0.1308943473596451
S4_SA_VF,55.0,0.1308943473596451
S4_SA_VF,56.0,0.1308943473596451
S4_SA_VF,57.0,0.1308943473596451
S4_SA_VF,58.0,0.1308943473596451
S4_SA_VF,59.0,0.1308943473596451
S4_SA_VF,60.0,0.1308943473596451
S4_SA_VF,61.0,0.1308943473596451
S4_SA_VF,62.0,0.1308943473596451
S4_SA_VF,63.0,0.1308943473596451
S4_SA_VF,64.0,0.1308943473596451
S4_SA_VF,65.0,0.1308943473596451
S4_SA_VF,66.0,0.1308943473596451
S4_SA_VF,67.0,0.1308943473596451
S4_SA_VF,68.0,0.1308943473596451
S4_SA_VF,69.0,0.1308943473596451
S4_SA_VF,70.0,0.1308943473596452
S4_SA_VF,71.0,0.1308943473596452
S4_SA_VF,72.0,0.1308943473596452
S4_SA_VF,73.0,0.1308943473596452
S4_SA_VF,74.0,0.1308943473596452
S4_SA_VF,75.0,0.1308943473596452
S4_SA_VF,76.0,0.1308943473596452
S4_SA_VF,77.0,0.1308943473596452
S4_SA_VF,78.0,0.1308943473596452
S4_SA_VF,79.0,0.1308943473596452
S4_SA_VF,80.0,0.1308943473596452
S4_SA_VF,81.0,0.1308943473596452
S4_SA_VF,82.0,0.1308943473596452
S4_SA_VF,83.0,0.1308943473596452
S4_SA_VF,84.0,0.1308943473596452
S4_SA_VF,85.0,0.1308943473596452
S4_SA_VF,86.0,0.1308943473596452
S4_SA_VF,87.0,0.1308943473596452
S4_SA_VF,88.0,0.1308943473596452
S4_SA_VF,89.0,0.1308943473596452
S4_SA_VF,90.0,0.1308943473596452
S4_SA_VF,91.0,0.1308943473596452
S4_SA_VF,92.0,0.1308943473596452
S4_SA_VF,93.0,0.1308943473596452
S4_SA_VF,94.0,0.1308943473596452
S4_SA_VF,95.0,0.1308943473596452
S4_SA_VF,96.0,0.1308943473596452
S4_SA_VF,97.0,0.1308943473596452
S4_SA_VF,98.0,0.1308943473596452
S4_SA_VF,99.0,0.1308943473596452
S4_SA_VF,100.0,0.1308943473596452
S4_SA_VF,101.0,0.1308943473596452
S4_SA_VF,102.0,0.1308943473596452
S4_SA_VF,103.0,0.1308943473596452
S4_SA_VF,104.0,0.1308943473596452
S4_SA_VF,105.0,0.1308943473596452
S4_SA_VF,106.0,0.1308943473596452
S4_SA_VF,107.0,0.1308943473596452
S4_SA_VF,108.0,0.1308943473596452
S4_SA_VF,109.0,0.1308943473596452
S4_SA_VF,110.0,0.1308943473596452
S4_SA_VF,111.0,0.1308943473596452
S4_SA_VF,112.0,0.1308943473596452
S4_SA_VF,113.0,0.1308943473596452
S4_SA_VF,114.0,0.1308943473596452
S4_SA_VF,115.0,0.1308943473596452
S4_SA_VF,116.0,0.1308943473596452
S4_SA_VF,117.0,0.1308943473596452
S4_SA_VF,118.0,0.1308943473596452
S4_SA_VF,119.0,0.1308943473596452
S4_SA_VF,120.0,0.1308943473596452
S4_SA_VF,121.0,0.1308943473596452
S4_SA_VF,122.0,0.1308943473596452
S4_SA_VF,123.0,0.1308943473596452
S4_SA_VF,124.0,0.1308943473596452
S4_SA_VF,125.0,0.1308943473596452
S4_SA_VF,126.0,0.1308943473596452
S4_SA_VF,127.0,0.1308943473596452
S4_SA_VF,128.0,0.1308943473596452
S4_SA_VF,129.0,0.1308943473596452
S4_SA_VF,130.0,0.1308943473596452
S4_SA_VF,131.0,0.1308943473596452
S4_SA_VF,132.0,0.1308943473596452
S4_SA_VF,133.0,0.1308943473596452
S4_SA_VF,134.0,0.1308943473596452
S4_SA_VF,135.0,0.1308943473596452
S4_SA_VF,136.0,0.1308943473596452
S4_SA_VF,137.0,0.1308943473596452
S4_SA_VF,138.0,0.1308943473596452
S4_SA_VF,139.0,0.1308943473596452
S4_SA_VF,140.0,0.1308943473596452
S4_SA_VF,141.0,0.1308943473596452
S4_SA_VF,142.0,0.1308943473596452
S4_SA_VF,143.0,0.1308943473596452
S4_SA_VF,144.0,0.1308943473596452
S4_SA_VF,145.0,0.1308943473596452
S4_SA_VF,146.0,0.1308943473596452
S4_SA_VF,147.0,0.1308943473596452
S4_SA_VF,148.0,0.1308943473596452
S4_SA_VF,149.0,0.1308943473596452
S4_SA_VF,150.0,0.1308943473596452
S4_SA_VF,151.0,0.1308943473596452
S4_SA_VF,152.0,0.1308943473596452
S4_SA_VF,153.0,0.1308943473596452
S4_SA_VF,154.0,0.1308943473596452
S4_SA_VF,155.0,0.1308943473596452
S4_SA_VF,156.0,0.1308943473596452
S4_SA_VF,157.0,0.1308943473596452
S4_SA_VF,158.0,0.1308943473596452
S4_SA_VF,159.0,0.1308943473596452
S4_SA_VF,160.0,0.1308943473596452
S4_SA_VF,161.0,0.1308943473596452
S4_SA_VF,162.0,0.1308943473596452
S4_SA_VF,163.0,0.1308943473596452
S4_SA_VF,164.0,0.1308943473596452
S4_SA_VF,165.0,0.1308943473596452
S4_SA_VF,166.0,0.1308943473596452
S4_SA_VF,167.0,0.1308943473596452
S4_SA_VF,168.0,0.1308943473596452
S4_SA_VF,169.0,0.1308943473596452
S4_SA_VF,170.0,0.1308943473596452
S4_SA_VF,171.0,0.1308943473596452
S4_SA_VF,172.0,0.1308943473596452
S4_SA_VF,173.0,0.1308943473596452
S4_SA_VF,174.0,0.1308943473596452
S4_SA_VF,175.0,0.1308943473596452
S4_SA_VF,176.0,0.1308943473596452
S4_SA_VF,177.0,0.1308943473596452
S4_SA_VF,178.0,0.1308943473596452
S4_SA_VF,179.0,0.1308943473596452
S4_SA_VF,180.0,0.1308943473596452
S4_SA_VF,181.0,0.1308943473596452
S4_SA_VF,182.0,0.1308943473596452
S4_SA_VF,183.0,0.1308943473596452
S4_SA_VF,184.0,0.1308943473596452
S4_SA_VF,185.0,0.1308943473596452
S4_SA_VF,186.0,0.1308943473596452
S4_SA_VF,187.0,0.1308943473596452
S4_SA_VF,188.0,0.1308943473596452
S4_SA_VF,189.0,0.1308943473596452
S4_SA_VF,190.0,0.1308943473596452
S4_SA_VF,191.0,0.1308943473596452
S4_SA_VF,192.0,0.1308943473596452
S4_SA_VF,193.0,0.1308943473596452
S4_SA_VF,194.0,0.1308943473596452
S4_SA_VF,195.0,0.1308943473596452
S4_SA_VF,196.0,0.1308943473596452
S4_SA_VF,197.0,0.1308943473596452
S4_SA_VF,198.0,0.1308943473596452
S4_SA_VF,199.0,0.1308943473596452
S4_SA_VF,200.0,0.1308943473596452
S4_SA_VF,201.0,0.1308943473596452
S4_SA_VF,202.0,0.1308943473596452
S4_SA_VF,203.0,0.1308943473596452
S4_SA_VF,204.0,0.1308943473596452
S4_SA_VF,205.0,0.1308943473596452
S4_SA_VF,206.0,0.1308943473596452
S4_SA_VF,207.0,0.1308943473596452
S4_SA_VF,208.0,0.1308943473596452
S4_SA_VF,209.0,0.1308943473596452
S4_SA_VF,210.0,0.1308943473596452
S4_SA_VF,211.0,0.1308943473596452
S4_SA_VF,212.0,0.1308943473596452
S4_SA_VF,213.0,0.1308943473596452
S4_SA_VF,214.0,0.1308943473596452
S4_SA_VF,215.0,0.1308943473596452
S4_SA_VF,216.0,0.1308943473596452
S4_SA_VF,217.0,0.1308943473596452
S4_SA_VF,218.0,0.1308943473596452
S4_SA_VF,219.0,0.1308943473596452
S4_SA_VF,220.0,0.1308943473596452
S4_SA_VF,221.0,0.1308943473596452
S4_SA_VF,222.0,0.1308943473596452
S4_SA_VF,223.0,0.1308943473596452
S4_SA_VF,224.0,0.1308943473596452
S4_SA_VF,225.0,0.1308943473596452
S4_SA_VF,226.0,0.1308943473596452
S4_SA_VF,227.0,0.1308943473596452
S4_SA_VF,228.0,0.1308943473596452
S4_SA_VF,229.0,0.1308943473596452
S4_SA_VF,230.0,0.1308943473596452
S4_SA_VF,231.0,0.1308943473596452
S4_SA_VF,232.0,0.1308943473596452
S4_SA_VF,233.0,0.1308943473596452
S4_SA_VF,234.0,0.1308943473596452
S4_SA_VF,235.0,0.1308943473596452
S4_SA_VF,236.0,0.1308943473596452
S4_SA_VF,237.0,0.1308943473596452
S4_SA_VF,238.0,0.1308943473596452
S4_SA_VF,239.0,0.1308943473596452
S4_SA_VF,240.0,0.1308943473596452
S4_SA_VF,241.0,0.1308943473596452
S4_SA_VF,242.0,0.1308943473596452
S4_SA_VF,243.0,0.1308943473596452
S4_SA_VF,244.0,0.1308943473596452
S4_SA_VF,245.0,0.1308943473596452
S4_SA_VF,246.0,0.1308943473596452
S4_SA_VF,247.0,0.1308943473596452
S4_SA_VF,248.0,0.1308943473596452
S4_SA_VF,249.0,0.1308943473596452
S4_SA_VF,250.0,0.1308943473596452
S4_SA_VF,251.0,0.1308943473596452
S4_SA_VF,252.0,0.1308943473596452
S4_SA_VF,253.0,0.1308943473596452
S4_SA_VF,254.0,0.1308943473596452
S4_SA_VF,255.0,0.1308943473596453
S4_SA_VF,256.0,0.1308943473596453
S4_SA_VF,257.0,0.1308943473596453
S4_SA_VF,258.0,0.1308943473596453
S4_SA_VF,259.0,0.1308943473596453
S4_SA_VF,260.0,0.1308943473596453
S4_SA_VF,261.0,0.1308943473596453
S4_SA_VF,262.0,0.1308943473596453
S4_SA_VF,263.0,0.1308943473596453
S4_SA_VF,264.0,0.1308943473596453
S4_SA_VF,265.0,0.1308943473596453
S4_SA_VF,266.0,0.1308943473596453
S4_SA_VF,267.0,0.1308943473596453
S4_SA_VF,268.0,0.1308943473596453
S4_SA_VF,269.0,0.1308943473596453
S4_SA_VF,270.0,0.1308943473596453
S4_SA_VF,271.0,0.1308943473596453
S4_SA_VF,272.0,0.1308943473596453
S4_SA_VF,273.0,0.1308943473596453
S4_SA_VF,274.0,0.1308943473596453
S4_SA_VF,275.0,0.1308943473596453
S4_SA_VF,276.0,0.1308943473596453
S4_SA_VF,277.0,0.1308943473596453
S4_SA_VF,278.0,0.1308943473596453
S4_SA_VF,279.0,0.1308943473596453
S4_SA_VF,280.0,0.1308943473596453
S4_SA_VF,281.0,0.1308943473596453
S4_SA_VF,282.0,0.1308943473596453
S4_SA_VF,283.0,0.1308943473596453
S4_SA_VF,284.0,0.1308943473596453
S4_SA_VF,285.0,0.1308943473596453
S4_SA_VF,286.0,0.1308943473596453
S4_SA_VF,287.0,0.1308943473596453
S4_SA_VF,288.0,0.1308943473596453
S4_SA_VF,289.0,0.1308943473596453
S4_SA_VF,290.0,0.1308943473596453
S4_SA_VF,291.0,0.1308943473596453
S4_SA_VF,292.0,0.1308943473596453
S4_SA_VF,293.0,0.1308943473596453
S4_SA_VF,294.0,0.1308943473596453
S4_SA_VF,295.0,0.1308943473596453
S4_SA_VF,296.0,0.1308943473596453
S4_SA_VF,297.0,0.1308943473596453
S4_SA_VF,298.0,0.1308943473596453
S4_SA_VF,299.0,0.1308943473596453
S4_SA_VF,300.0,0.1308943473596453
S4_SA_VF,301.0,0.1308943473596453
S4_SA_VF,302.0,0.1308943473596453
S4_SA_VF,303.0,0.1308943473596453
S4_SA_VF,304.0,0.1308943473596453
S4_SA_VF,305.0,0.1308943473596453
S4_SA_VF,306.0,0.1308943473596453
S4_SA_VF,307.0,0.1308943473596453
S4_SA_VF,308.0,0.1308943473596453
S4_SA_VF,309.0,0.1308943473596453
S4_SA_VF,310.0,0.1308943473596453
S4_SA_VF,311.0,0.1308943473596453
S4_SA_VF,312.0,0.1308943473596453
S4_SA_VF,313.0,0.1308943473596453
S4_SA_VF,314.0,0.1308943473596453
S4_SA_VF,315.0,0.1308943473596453
S4_SA_VF,316.0,0.1308943473596453
S4_SA_VF,317.0,0.1308943473596453
S4_SA_VF,318.0,0.1308943473596453
S4_SA_VF,319.0,0.1308943473596453
S4_SA_VF,320.0,0.1308943473596453
S4_SA_VF,321.0,0.1308943473596453
S4_SA_VF,322.0,0.1308943473596453
S4_SA_VF,323.0,0.1308943473596453
S4_SA_VF,324.0,0.1308943473596453
S4_SA_VF,325.0,0.1308943473596453
S4_SA_VF,326.0,0.1308943473596453
S4_SA_VF,327.0,0.1308943473596453
S4_SA_VF,328.0,0.1308943473596453
S4_SA_VF,329.0,0.1308943473596453
S4_SA_VF,330.0,0.1308943473596453
S4_SA_VF,331.0,0.1308943473596453
S4_SA_VF,332.0,0.1308943473596453
S4_SA_VF,333.0,0.1308943473596453
S4_SA_VF,334.0,0.1308943473596453
S4_SA_VF,335.0,0.1308943473596453
S4_SA_VF,336.0,0.1308943473596453
S4_SA_VF,337.0,0.1308943473596453
S4_SA_VF,338.0,0.1308943473596453
S4_SA_VF,339.0,0.1308943473596453
S4_SA_VF,340.0,0.1308943473596453
S4_SA_VF,341.0,0.1308943473596453
S4_SA_VF,342.0,0.1308943473596453
S4_SA_VF,343.0,0.1308943473596453
S4_SA_VF,344.0,0.1308943473596453
S4_SA_VF,345.0,0.1308943473596453
S4_SA_VF,346.0,0.1308943473596453
S4_SA_VF,347.0,0.1308943473596453
S4_SA_VF,348.0,0.1308943473596453
S4_SA_VF,349.0,0.1308943473596453
S4_SA_VF,350.0,0.1308943473596453
S4_SA_VF,351.0,0.1308943473596453
S4_SA_VF,352.0,0.1308943473596453
S4_SA_VF,353.0,0.1308943473596453
S4_SA_VF,354.0,0.1308943473596453
S4_SA_VF,355.0,0.1308943473596453
S4_SA_VF,356.0,0.1308943473596453
S4_SA_VF,357.0,0.1308943473596453
S4_SA_VF,358.0,0.1308943473596453
S4_SA_VF,359.0,0.1308943473596453
S4_SA_VF,360.0,0.1308943473596453
S4_SA_VF,361.0,0.1308943473596453
S4_SA_VF,362.0,0.1308943473596453
S4_SA_VF,363.0,0.1308943473596453
S4_SA_VF,364.0,0.1308943473596453
S4_SA_VF,365.0,0.1308943473596453
S5_VF,0.0,0.2509716676373258
S5_VF,1.0,0.2509716676373258
S5_VF,2.0,0.2509716676373258
S5_VF,3.0,0.2509716676373258
S5_VF,4.0,0.2509716676373258
S5_VF,5.0,0.2509716676373258
S5_VF,6.0,0.2509716676373258
S5_VF,7.0,0.2509716676373258
S5_VF,8.0,0.2509716676373258
S5_VF,9.0,0.2509716676373258
S5_VF,10.0,0.2509716676373258
S5_VF,11.0,0.2509716676373258
S5_VF,12.0,0.2509716676373258
S5_VF,13.0,0.2509716676373258
S5_VF,14.0,0.2509716676373258
S5_VF,15.0,0.2509716676373258
S5_VF,16.0,0.2509716676373258
S5_VF,17.0,0.2509716676373258
S5_VF,18.0,0.2509716676373258
S5_VF,19.0,0.2509716676373258
S5_VF,20.0,0.2509716676373258
S5_VF,21.0,0.2509716676373258
S5_VF,22.0,0.2509716676373258
S5_VF,23.0,0.2509716676373258
S5_VF,24.0,0.2509716676373258
S5_VF,25.0,0.2509716676373259
S5_VF,26.0,0.2509716676373259
S5_VF,27.0,0.2509716676373259
S5_VF,28.0,0.2509716676373259
S5_VF,29.0,0.2509716676373259
S5_VF,30.0,0.2509716676373259
S5_VF,31.0,0.2509716676373259
S5_VF,32.0,0.2509716676373259
S5_VF,33.0,0.2509716676373259
S5_VF,34.0,0.2509716676373259
S5_VF,35.0,0.2509716676373259
S5_VF,36.0,0.2509716676373259
S5_VF,37.0,0.2509716676373259
S5_VF,38.0,0.2509716676373259
S5_VF,39.0,0.2509716676373259
S5_VF,40.0,0.2509716676373259
S5_VF,41.0,0.2509716676373259
S5_VF,42.0,0.2509716676373259
S5_VF,43.0,0.2509716676373259
S5_VF,44.0,0.2509716676373259
S5_VF,45.0,0.2509716676373259
S5_VF,46.0,0.2509716676373259
S5_VF,47.0,0.2509716676373259
S5_VF,48.0,0.2509716676373259
S5_VF,49.0,0.2509716676373259
S5_VF,50.0,0.2509716676373259
S5_VF,51.0,0.2509716676373259
S5_VF,52.0,0.2509716676373259
S5_VF,53.0,0.2509716676373259
S5_VF,54.0,0.2509716676373259
S5_VF,55.0,0.2509716676373259
S5_VF,56.0,0.2509716676373259
S5_VF,57.0,0.2509716676373259
S5_VF,58.0,0.2509716676373259
S5_VF,59.0,0.2509716676373259
S5_VF,60.0,0.2509716676373259
S5_VF,61.0,0.2509716676373259
S5_VF,62.0,0.2509716676373259
S5_VF,63.0,0.2509716676373259
S5_VF,64.0,0.2509716676373259
S5_VF,65.0,0.2509716676373259
S5_VF,66.0,0.2509716676373259
S5_VF,67.0,0.2509716676373259
S5_VF,68.0,0.2509716676373259
S5_VF,69.0,0.2509716676373259
S5_VF,70.0,0.2509716676373259
S5_VF,71.0,0.2509716676373259
S5_VF,72.0,0.2509716676373259
S5_VF,73.0,0.250971667637326
S5_VF,74.0,0.250971667637326
S5_VF,75.0,0.250971667637326
S5_VF,76.0,0.250971667637326
S5_VF,77.0,0.250971667637326
S5_VF,78.0,0.250971667637326
S5_VF,79.0,0.250971667637326
S5_VF,80.0,0.250971667637326
S5_VF,81.0,0.250971667637326
S5_VF,82.0,0.250971667637326
S5_VF,83.0,0.250971667637326
S5_VF,84.0,0.250971667637326
S5_VF,85.0,0.250971667637326
S5_VF,86.0,0.250971667637326
S5_VF,87.0,0.250971667637326
S5_VF,88.0,0.250971667637326
S5_VF,89.0,0.250971667637326
S5_VF,90.0,0.250971667637326
S5_VF,91.0,0.250971667637326
S5_VF,92.0,0.250971667637326
S5_VF,93.0,0.250971667637326
S5_VF,94.0,0.250971667637326
S5_VF,95.0,0.250971667637326
S5_VF,96.0,0.250971667637326
S5_VF,97.0,0.250971667637326
S5_VF,98.0,0.250971667637326
S5_VF,99.0,0.250971667637326
S5_VF,100.0,0.250971667637326
S5_VF,101.0,0.250971667637326
S5_VF,102.0,0.250971667637326
S5_VF,103.0,0.250971667637326
S5_VF,104.0,0.250971667637326
S5_VF,105.0,0.250971667637326
S5_VF,106.0,0.250971667637326
S5_VF,107.0,0.250971667637326
S5_VF,108.0,0.250971667637326
S5_VF,109.0,0.250971667637326
S5_VF,110.0,0.250971667637326
S5_VF,111.0,0.250971667637326
S5_VF,112.0,0.250971667637326
S5_VF,113.0,0.250971667637326
S5_VF,114.0,0.250971667637326
S5_VF,115.0,0.250971667637326
S5_VF,116.0,0.250971667637326
S5_VF,117.0,0.250971667637326
S5_VF,118.0,0.250971667637326
S5_VF,119.0,0.250971667637326
S5_VF,120.0,0.250971667637326
S5_VF,121.0,0.250971667637326
S5_VF,122.0,0.250971667637326
S5_VF,123.0,0.250971667637326
S5_VF,124.0,0.250971667637326
S5_VF,125.0,0.250971667637326
S5_VF,126.0,0.250971667637326
S5_VF,127.0,0.250971667637326
S5_VF,128.0,0.250971667637326
S5_VF,129.0,0.250971667637326
S5_VF,130.0,0.250971667637326
S5_VF,131.0,0.250971667637326
S5_VF,132.0,0.250971667637326
S5_VF,133.0,0.250971667637326
S5_VF,134.0,0.250971667637326
S5_VF,135.0,0.250971667637326
S5_VF,136.0,0.250971667637326
S5_VF,137.0,0.250971667637326
S5_VF,138.0,0.250971667637326
S5_VF,139.0,0.250971667637326
S5_VF,140.0,0.250971667637326
S5_VF,141.0,0.250971667637326
S5_VF,142.0,0.250971667637326
S5_VF,143.0,0.250971667637326
S5_VF,144.0,0.250971667637326
S5_VF,145.0,0.250971667637326
S5_VF,146.0,0.250971667637326
S5_VF,147.0,0.250971667637326
S5_VF,148.0,0.250971667637326
S5_VF,149.0,0.250971667637326
S5_VF,150.0,0.250971667637326
S5_VF,151.0,0.250971667637326
S5_VF,152.0,0.250971667637326
S5_VF,153.0,0.250971667637326
S5_VF,154.0,0.250971667637326
S5_VF,155.0,0.250971667637326
S5_VF,156.0,0.250971667637326
S5_VF,157.0,0.250971667637326
S5_VF,158.0,0.250971667637326
S5_VF,159.0,0.250971667637326
S5_VF,160.0,0.250971667637326
S5_VF,161.0,0.250971667637326
S5_VF,162.0,0.250971667637326
S5_VF,163.0,0.250971667637326
S5_VF,164.0,0.250971667637326
S5_VF,165.0,0.250971667637326
S5_VF,166.0,0.250971667637326
S5_VF,167.0,0.250971667637326
S5_VF,168.0,0.250971667637326
S5_VF,169.0,0.250971667637326
S5_VF,170.0,0.250971667637326
S5_VF,171.0,0.2509716676373261
S5_VF,172.0,0.2509716676373261
S5_VF,173.0,0.2509716676373261
S5_VF,174.0,0.2509716676373261
S5_VF,175.0,0.2509716676373261
S5_VF,176.0,0.2509716676373261
S5_VF,177.0,0.2509716676373261
S5_VF,178.0,0.2509716676373261
S5_VF,179.0,0.2509716676373261
S5_VF,180.0,0.2509716676373261
S5_VF,181.0,0.2509716676373261
S5_VF,182.0,0.2509716676373261
S5_VF,183.0,0.2509716676373261
S5_VF,184.0,0.2509716676373261
S5_VF,185.0,0.2509716676373261
S5_VF,186.0,0.2509716676373261
S5_VF,187.0,0.2509716676373261
S5_VF,188.0,0.2509716676373261
S5_VF,189.0,0.2509716676373261
S5_VF,190.0,0.2509716676373261
S5_VF,191.0,0.2509716676373261
S5_VF,192.0,0.2509716676373261
S5_VF,193.0,0.2509716676373261
S5_VF,194.0,0.2509716676373261
S5_VF,195.0,0.2509716676373261
S5_VF,196.0,0.2509716676373261
S5_VF,197.0,0.2509716676373261
S5_VF,198.0,0.2509716676373261
S5_VF,199.0,0.2509716676373261
S5_VF,200.0,0.2509716676373261
S5_VF,201.0,0.2509716676373261
S5_VF,202.0,0.2509716676373261
S5_VF,203.0,0.2509716676373261
S5_VF,204.0,0.2509716676373261
S5_VF,205.0,0.2509716676373261
S5_VF,206.0,0.2509716676373261
S5_VF,207.0,0.2509716676373261
S5_VF,208.0,0.2509716676373261
S5_VF,209.0,0.2509716676373261
S5_VF,210.0,0.2509716676373261
S5_VF,211.0,0.2509716676373261
S5_VF,212.0,0.2509716676373261
S5_VF,213.0,0.2509716676373261
S5_VF,214.0,0.2509716676373261
S5_VF,215.0,0.2509716676373261
S5_VF,216.0,0.2509716676373261
S5_VF,217.0,0.2509716676373261
S5_VF,218.0,0.2509716676373261
S5_VF,219.0,0.2509716676373261
S5_VF,220.0,0.2509716676373261
S5_VF,221.0,0.2509716676373261
S5_VF,222.0,0.2509716676373261
S5_VF,223.0,0.2509716676373261
S5_VF,224.0,0.2509716676373261
S5_VF,225.0,0.2509716676373261
S5_VF,226.0,0.2509716676373261
S5_VF,227.0,0.2509716676373261
S5_VF,228.0,0.2509716676373261
S5_VF,229.0,0.2509716676373261
S5_VF,230.0,0.2509716676373261
S5_VF,231.0,0.2509716676373261
S5_VF,232.0,0.2509716676373261
S5_VF,233.0,0.2509716676373261
S5_VF,234.0,0.2509716676373261
S5_VF,235.0,0.2509716676373261
S5_VF,236.0,0.2509716676373261
S5_VF,237.0,0.2509716676373261
S5_VF,238.0,0.2509716676373261
S5_VF,239.0,0.2509716676373261
S5_VF,240.0,0.2509716676373261
S5_VF,241.0,0.2509716676373261
S5_VF,242.0,0.2509716676373261
S5_VF,243.0,0.2509716676373261
S5_VF,244.0,0.2509716676373261
S5_VF,245.0,0.2509716676373261
S5_VF,246.0,0.2509716676373261
S5_VF,247.0,0.2509716676373261
S5_VF,248.0,0.2509716676373261
S5_VF,249.0,0.2509716676373261
S5_VF,250.0,0.2509716676373261
S5_VF,251.0,0.2509716676373261
S5_VF,252.0,0.2509716676373261
S5_VF,253.0,0.2509716676373261
S5_VF,254.0,0.2509716676373261
S5_VF,255.0,0.2509716676373261
S5_VF,256.0,0.2509716676373261
S5_VF,257.0,0.2509716676373261
S5_VF,258.0,0.2509716676373261
S5_VF,259.0,0.2509716676373261
S5_VF,260.0,0.2509716676373261
S5_VF,261.0,0.2509716676373261
S5_VF,262.0,0.2509716676373261
S5_VF,263.0,0.2509716676373261
S5_VF,264.0,0.2509716676373261
S5_VF,265.0,0.2509716676373261
S5_VF,266.0,0.2509716676373261
S5_VF,267.0,0.2509716676373261
S5_VF,268.0,0.2509716676373262
S5_VF,269.0,0.2509716676373262
S5_VF,270.0,0.2509716676373262
S5_VF,271.0,0.2509716676373262
S5_VF,272.0,0.2509716676373262
S5_VF,273.0,0.2509716676373262
S5_VF,274.0,0.2509716676373262
S5_VF,275.0,0.2509716676373262
S5_VF,276.0,0.2509716676373262
S5_VF,277.0,0.2509716676373262
S5_VF,278.0,0.2509716676373262
S5_VF,279.0,0.2509716676373262
S5_VF,280.0,0.2509716676373262
S5_VF,281.0,0.2509716676373262
S5_VF,282.0,0.2509716676373262
S5_VF,283.0,0.2509716676373262
S5_VF,284.0,0.2509716676373262
S5_VF,285.0,0.2509716676373262
S5_VF,286.0,0.2509716676373262
S5_VF,287.0,0.2509716676373262
S5_VF,288.0,0.2509716676373262
S5_VF,289.0,0.2509716676373262
S5_VF,290.0,0.2509716676373262
S5_VF,291.0,0.2509716676373262
S5_VF,292.0,0.2509716676373262
S5_VF,293.0,0.2509716676373262
S5_VF,294.0,0.2509716676373262
S5_VF,295.0,0.2509716676373262
S5_VF,296.0,0.2509716676373262
S5_VF,297.0,0.2509716676373262
S5_VF,298.0,0.2509716676373262
S5_VF,299.0,0.2509716676373262
S5_VF,300.0,0.2509716676373262
S5_VF,301.0,0.2509716676373262
S5_VF,302.0,0.2509716676373262
S5_VF,303.0,0.2509716676373262
S5_VF,304.0,0.2509716676373262
S5_VF,305.0,0.2509716676373262
S5_VF,306.0,0.2509716676373262
S5_VF,307.0,0.2509716676373262
S5_VF,308.0,0.2509716676373262
S5_VF,309.0,0.2509716676373262
S5_VF,310.0,0.2509716676373262
S5_VF,311.0,0.2509716676373262
S5_VF,312.0,0.2509716676373262
S5_VF,313.0,0.2509716676373262
S5_VF,314.0,0.2509716676373262
S5_VF,315.0,0.2509716676373262
S5_VF,316.0,0.2509716676373262
S5_VF,317.0,0.2509716676373262
S5_VF,318.0,0.2509716676373262
S5_VF,319.0,0.2509716676373262
S5_VF,320.0,0.2509716676373262
S5_VF,321.0,0.2509716676373262
S5_VF,322.0,0.2509716676373262
S5_VF,323.0,0.2509716676373262
S5_VF,324.0,0.2509716676373262
S5_VF,325.0,0.2509716676373262
S5_VF,326.0,0.2509716676373262
S5_VF,327.0,0.2509716676373262
S5_VF,328.0,0.2509716676373262
S5_VF,329.0,0.2509716676373262
S5_VF,330.0,0.2509716676373262
S5_VF,331.0,0.2509716676373262
S5_VF,332.0,0.2509716676373262
S5_VF,333.0,0.2509716676373262
S5_VF,334.0,0.2509716676373262
S5_VF,335.0,0.2509716676373262
S5_VF,336.0,0.2509716676373262
S5_VF,337.0,0.2509716676373262
S5_VF,338.0,0.2509716676373262
S5_VF,339.0,0.2509716676373262
S5_VF,340.0,0.2509716676373262
S5_VF,341.0,0.2509716676373262
S5_VF,342.0,0.2509716676373262
S5_VF,343.0,0.2509716676373262
S5_VF,344.0,0.2509716676373262
S5_VF,345.0,0.2509716676373262
S5_VF,346.0,0.2509716676373262
S5_VF,347.0,0.2509716676373262
S5_VF,348.0,0.2509716676373262
S5_VF,349.0,0.2509716676373262
S5_VF,350.0,0.2509716676373262
S5_VF,351.0,0.2509716676373262
S5_VF,352.0,0.2509716676373262
S5_VF,353.0,0.2509716676373262
S5_VF,354.0,0.2509716676373262
S5_VF,355.0,0.2509716676373262
S5_VF,356.0,0.2509716676373262
S5_VF,357.0,0.2509716676373262
S5_VF,358.0,0.2509716676373262
S5_VF,359.0,0.2509716676373262
S5_VF,360.0,0.2509716676373262
S5_VF,361.0,0.2509716676373262
S5_VF,362.0,0.2509716676373262
S5_VF,363.0,0.2509716676373262
S5_VF,364.0,0.2509716676373262
S5_VF,365.0,0.2509716676373263
