target,model_name,split_id,sample_name,y_true,y_pred
surface_total_rust_pct,RandomForest,gss_0,D05-20240110-0W,0.0,0.0005589296998901222
surface_total_rust_pct,RandomForest,gss_0,D05-20240124-2W,0.0,0.0005589296998901222
surface_total_rust_pct,RandomForest,gss_0,D05-20240207-4W,0.108,0.10763371550887953
surface_total_rust_pct,RandomForest,gss_0,D05-20240221-6W,0.057,0.05731303772297995
surface_total_rust_pct,RandomForest,gss_0,D05-20240306-8W,5.28,5.397748333333333
surface_total_rust_pct,RandomForest,gss_0,D05-20240320-10W,10.883,11.053944682539676
surface_total_rust_pct,RandomForest,gss_0,D05-20240405-12W,10.806,11.048834349206341
surface_total_rust_pct,RandomForest,gss_0,D05-20240417-14W,14.166,13.701785472222218
surface_total_rust_pct,RandomForest,gss_0,D05-20240508-17W,12.551,12.848752222222213
surface_total_rust_pct,RandomForest,gss_0,D05-20240522-19W,13.28,13.104870373015869
surface_total_rust_pct,RandomForest,gss_0,D05-20240529-20W,9.236,9.38860475
surface_total_rust_pct,RandomForest,gss_0,D05-20240619-23W,20.139,20.90418236111111
surface_total_rust_pct,RandomForest,gss_0,D05-20240626-24W,15.98,15.13646900396825
surface_total_rust_pct,RandomForest,gss_0,D05-20240710-26W,13.515,13.090261067460315
surface_total_rust_pct,RandomForest,gss_0,D05-20240724-28W,19.174,20.146869503968258
surface_total_rust_pct,RandomForest,gss_0,D05-20240807-30W,11.857,12.101783714285713
surface_total_rust_pct,RandomForest,gss_0,D05-20240902-33W,16.881,16.634928714285696
surface_total_rust_pct,RandomForest,gss_0,D05-20240918-36W,10.999,11.064659928571421
surface_total_rust_pct,RandomForest,gss_0,F01-20240110-0W,0.0,0.0005589296998901222
surface_total_rust_pct,RandomForest,gss_0,F01-20240124-2W,0.0,0.0005589296998901222
surface_total_rust_pct,RandomForest,gss_0,F01-20240207-4W,0.001,0.0005589296998901222
surface_total_rust_pct,RandomForest,gss_0,F01-20240221-6W,0.0,0.0005589296998901222
surface_total_rust_pct,RandomForest,gss_0,F01-20240306-8W,0.0,0.0005589296998901222
surface_total_rust_pct,RandomForest,gss_0,F01-20240320-10W,0.106,0.10389297115047942
surface_total_rust_pct,RandomForest,gss_0,F01-20240405-12W,0.027,0.027634025034091313
surface_total_rust_pct,RandomForest,gss_0,F01-20240417-14W,0.317,0.31241425450254773
surface_total_rust_pct,RandomForest,gss_0,F01-20240508-17W,0.12,0.12229875153696906
surface_total_rust_pct,RandomForest,gss_0,F01-20240522-19W,0.706,0.6996040342867914
surface_total_rust_pct,RandomForest,gss_0,F01-20240529-20W,0.129,0.1302311240377037
surface_total_rust_pct,RandomForest,gss_0,F01-20240619-23W,0.873,0.8766952602490108
surface_total_rust_pct,RandomForest,gss_0,F01-20240626-24W,1.008,0.9961537970085462
surface_total_rust_pct,RandomForest,gss_0,F01-20240710-26W,0.9,0.8896728819421323
surface_total_rust_pct,RandomForest,gss_0,F01-20240724-28W,3.231,3.226867802817823
surface_total_rust_pct,RandomForest,gss_0,F01-20240807-30W,1.697,1.6807286997354498
surface_total_rust_pct,RandomForest,gss_0,F01-20240902-33W,1.648,1.6460889523809519
surface_total_rust_pct,RandomForest,gss_0,F01-20240918-36W,1.132,1.1458921816424317
surface_total_rust_pct,RandomForest,gss_0,G02-20240110-0W,0.007,0.007594382721424959
surface_total_rust_pct,RandomForest,gss_0,G02-20240124-2W,0.0,0.0005589296998901222
surface_total_rust_pct,RandomForest,gss_0,G02-20240207-4W,0.041,0.04134968518566038
surface_total_rust_pct,RandomForest,gss_0,G02-20240221-6W,0.01,0.011099289436755483
surface_total_rust_pct,RandomForest,gss_0,G02-20240306-8W,0.048,0.0485533011940374
surface_total_rust_pct,RandomForest,gss_0,G02-20240320-10W,1.18,1.1675277344969845
surface_total_rust_pct,RandomForest,gss_0,G02-20240405-12W,2.718,2.718790445165945
surface_total_rust_pct,RandomForest,gss_0,G02-20240417-14W,3.732,3.76662913035113
surface_total_rust_pct,RandomForest,gss_0,G02-20240508-17W,4.949,4.947301935018688
surface_total_rust_pct,RandomForest,gss_0,G02-20240522-19W,5.849,5.83938632936508
surface_total_rust_pct,RandomForest,gss_0,G02-20240529-20W,3.328,3.3522872314814824
surface_total_rust_pct,RandomForest,gss_0,G02-20240619-23W,5.01,5.020806610269362
surface_total_rust_pct,RandomForest,gss_0,G02-20240626-24W,4.448,4.4615328743386256
surface_total_rust_pct,RandomForest,gss_0,G02-20240710-26W,2.723,2.7205203336940835
surface_total_rust_pct,RandomForest,gss_0,G02-20240724-28W,5.212,5.246306493145746
surface_total_rust_pct,RandomForest,gss_0,G02-20240807-30W,3.167,3.1710055352613065
surface_total_rust_pct,RandomForest,gss_0,G02-20240902-33W,2.804,2.8265111409331447
surface_total_rust_pct,RandomForest,gss_0,G02-20240918-36W,2.513,2.5716753214285704
surface_total_rust_pct,RandomForest,gss_0,S1MI01-20220518-0W,0.112,0.1116204829231318
surface_total_rust_pct,RandomForest,gss_0,S1MI01-20220603-2W,0.117,0.1195853887860059
surface_total_rust_pct,RandomForest,gss_0,S1MI01-20220609-3W,0.28,0.2784691189518937
surface_total_rust_pct,RandomForest,gss_0,S1MI01-20220616-4W,0.083,0.08194567398060187
surface_total_rust_pct,RandomForest,gss_0,S1MI01-20220623-5W,0.26,0.26004519176687796
surface_total_rust_pct,RandomForest,gss_0,S1MI01-20220630-6W,0.47,0.4539420872229622
surface_total_rust_pct,RandomForest,gss_0,S1MI01-20220708-7W,0.392,0.40654054753443714
surface_total_rust_pct,RandomForest,gss_0,S1MI01-20220714-8W,0.635,0.6308073471898474
surface_total_rust_pct,RandomForest,gss_0,S1MI01-20220721-9W,0.626,0.624553256641507
surface_total_rust_pct,RandomForest,gss_0,S1MI01-20220802-10W,0.448,0.43059660125060095
surface_total_rust_pct,RandomForest,gss_0,S1MI01-20220822-13W,0.449,0.43185861763236755
surface_total_rust_pct,RandomForest,gss_0,S1MI01-20220906-15W,1.023,1.0149342711640204
surface_total_rust_pct,RandomForest,gss_0,S1MI01-20221102-24W,4.059,4.059880626623378
surface_total_rust_pct,RandomForest,gss_0,S1MI01-20221110-25W,3.077,3.066865687405187
surface_total_rust_pct,RandomForest,gss_0,S1MI01-20221206-28W,5.111,5.080353265392015
surface_total_rust_pct,RandomForest,gss_0,S1MI02-20220518-0W,0.342,0.3462509821998205
surface_total_rust_pct,RandomForest,gss_0,S1MI02-20220603-2W,0.188,0.18569035409097828
surface_total_rust_pct,RandomForest,gss_0,S1MI02-20220609-3W,0.209,0.20247651071510306
surface_total_rust_pct,RandomForest,gss_0,S1MI02-20220616-4W,0.209,0.20247651071510306
surface_total_rust_pct,RandomForest,gss_0,S1MI02-20220623-5W,0.264,0.2613157386372189
surface_total_rust_pct,RandomForest,gss_0,S1MI02-20220630-6W,0.399,0.4124910275789024
surface_total_rust_pct,RandomForest,gss_0,S1MI02-20220708-7W,0.307,0.3080960338932064
surface_total_rust_pct,RandomForest,gss_0,S1MI02-20220714-8W,0.302,0.30323127738337635
surface_total_rust_pct,RandomForest,gss_0,S1MI02-20220721-9W,0.183,0.18363326555147097
surface_total_rust_pct,RandomForest,gss_0,S1MI02-20220802-10W,0.247,0.24212078624927685
surface_total_rust_pct,RandomForest,gss_0,S1MI02-20220822-13W,0.141,0.1414361323270614
surface_total_rust_pct,RandomForest,gss_0,S1MI02-20220906-15W,0.478,0.4658226149221152
surface_total_rust_pct,RandomForest,gss_0,S1MI02-20221102-24W,9.584,9.828734646825394
surface_total_rust_pct,RandomForest,gss_0,S1MI02-20221110-25W,4.58,4.542779130952383
surface_total_rust_pct,RandomForest,gss_0,S1MI02-20221206-28W,8.318,8.500009592592594
surface_total_rust_pct,RandomForest,gss_0,S1MI03-20220518-0W,0.356,0.3525733752539342
surface_total_rust_pct,RandomForest,gss_0,S1MI03-20220603-2W,0.758,0.7512774304954303
surface_total_rust_pct,RandomForest,gss_0,S1MI03-20220609-3W,0.463,0.4395640021321268
surface_total_rust_pct,RandomForest,gss_0,S1MI03-20220616-4W,0.303,0.3040978064942437
surface_total_rust_pct,RandomForest,gss_0,S1MI03-20220623-5W,0.471,0.4561543901330151
surface_total_rust_pct,RandomForest,gss_0,S1MI03-20220630-6W,0.686,0.6952660961138533
surface_total_rust_pct,RandomForest,gss_0,S1MI03-20220708-7W,0.282,0.2794974326586118
surface_total_rust_pct,RandomForest,gss_0,S1MI03-20220714-8W,0.344,0.3475732266683149
surface_total_rust_pct,RandomForest,gss_0,S1MI03-20220721-9W,0.528,0.5359630612674363
surface_total_rust_pct,RandomForest,gss_0,S1MI03-20220802-10W,0.783,0.7936416042753547
surface_total_rust_pct,RandomForest,gss_0,S1MI03-20220822-13W,0.371,0.3660643396487011
surface_total_rust_pct,RandomForest,gss_0,S1MI03-20220906-15W,1.399,1.4037772944925435
surface_total_rust_pct,RandomForest,gss_0,S1MI03-20221102-24W,8.146,8.340114432539686
surface_total_rust_pct,RandomForest,gss_0,S1MI03-20221110-25W,8.899,8.753657190476192
surface_total_rust_pct,RandomForest,gss_0,S1MI03-20221206-28W,12.772,12.982826357142855
surface_total_rust_pct,RandomForest,gss_0,S1MI04-20220518-0W,0.296,0.2956351280808099
surface_total_rust_pct,RandomForest,gss_0,S1MI04-20220603-2W,0.636,0.6335745522163027
surface_total_rust_pct,RandomForest,gss_0,S1MI04-20220609-3W,0.629,0.6268907725145226
surface_total_rust_pct,RandomForest,gss_0,S1MI04-20220616-4W,0.396,0.41042274310411797
surface_total_rust_pct,RandomForest,gss_0,S1MI04-20220623-5W,0.854,0.8325403491323496
surface_total_rust_pct,RandomForest,gss_0,S1MI04-20220630-6W,0.994,0.9903763380138377
surface_total_rust_pct,RandomForest,gss_0,S1MI04-20220708-7W,0.954,0.9768296991249493
surface_total_rust_pct,RandomForest,gss_0,S1MI04-20220714-8W,1.231,1.205834984136234
surface_total_rust_pct,RandomForest,gss_0,S1MI04-20220721-9W,1.234,1.2075211428663926
surface_total_rust_pct,RandomForest,gss_0,S1MI04-20220802-10W,2.278,2.2870310000000007
surface_total_rust_pct,RandomForest,gss_0,S1MI04-20220822-13W,1.17,1.1672070638620637
surface_total_rust_pct,RandomForest,gss_0,S1MI04-20220906-15W,4.25,4.171647857142858
surface_total_rust_pct,RandomForest,gss_0,S1MI04-20221102-24W,24.223,24.478203777898035
surface_total_rust_pct,RandomForest,gss_0,S1MI04-20221110-25W,16.735,16.254553694444432
surface_total_rust_pct,RandomForest,gss_0,S1MI04-20221206-28W,32.041,29.193882732804237
surface_total_rust_pct,RandomForest,gss_0,S2SA07-20220518-0W,0.027,0.027634025034091313
surface_total_rust_pct,RandomForest,gss_0,S2SA07-20220603-2W,0.025,0.026349378603234223
surface_total_rust_pct,RandomForest,gss_0,S2SA07-20220609-3W,0.034,0.033530218421558435
surface_total_rust_pct,RandomForest,gss_0,S2SA07-20220616-4W,0.024,0.02607800882283018
surface_total_rust_pct,RandomForest,gss_0,S2SA07-20220623-5W,0.019,0.015479701007070195
surface_total_rust_pct,RandomForest,gss_0,S2SA07-20220630-6W,0.016,0.012877899696489257
surface_total_rust_pct,RandomForest,gss_0,S2SA07-20220708-7W,0.065,0.06457252237187643
surface_total_rust_pct,RandomForest,gss_0,S2SA07-20220714-8W,0.06,0.05778197686074793
surface_total_rust_pct,RandomForest,gss_0,S2SA07-20220721-9W,0.067,0.065556875908067
surface_total_rust_pct,RandomForest,gss_0,S2SA07-20220802-10W,0.085,0.0831286391342116
surface_total_rust_pct,RandomForest,gss_0,S2SA07-20220822-13W,0.031,0.029482736315546466
surface_total_rust_pct,RandomForest,gss_0,S2SA07-20220906-15W,0.375,0.36722922000859476
surface_total_rust_pct,RandomForest,gss_0,S2SA07-20221102-24W,6.173,6.18139440740741
surface_total_rust_pct,RandomForest,gss_0,S2SA07-20221110-25W,7.608,7.502844550865801
surface_total_rust_pct,RandomForest,gss_0,S2SA07-20221206-28W,15.038,16.338870714285715
surface_total_rust_pct,RandomForest,gss_0,S3PA03-20220518-0W,0.044,0.04330876469440598
surface_total_rust_pct,RandomForest,gss_0,S3PA03-20220603-2W,0.249,0.24308239092606218
surface_total_rust_pct,RandomForest,gss_0,S3PA03-20220609-3W,0.109,0.11060695434296107
surface_total_rust_pct,RandomForest,gss_0,S3PA03-20220616-4W,0.027,0.027761550166366444
surface_total_rust_pct,RandomForest,gss_0,S3PA03-20220623-5W,0.111,0.11133678871610424
surface_total_rust_pct,RandomForest,gss_0,S3PA03-20220630-6W,0.213,0.21467228062327318
surface_total_rust_pct,RandomForest,gss_0,S3PA03-20220708-7W,0.157,0.1552342651997444
surface_total_rust_pct,RandomForest,gss_0,S3PA03-20220714-8W,0.191,0.19166851008827024
surface_total_rust_pct,RandomForest,gss_0,S3PA03-20220721-9W,0.234,0.2392335373667238
surface_total_rust_pct,RandomForest,gss_0,S3PA03-20220802-10W,0.377,0.3666149644960761
surface_total_rust_pct,RandomForest,gss_0,S3PA03-20220822-13W,0.298,0.3005421990184722
surface_total_rust_pct,RandomForest,gss_0,S3PA03-20220906-15W,0.467,0.4558252407684908
surface_total_rust_pct,RandomForest,gss_0,S3PA03-20221102-24W,4.579,4.584214350529102
surface_total_rust_pct,RandomForest,gss_0,S3PA03-20221110-25W,6.525,6.558006039747294
surface_total_rust_pct,RandomForest,gss_0,S3PA03-20221206-28W,8.862,8.816084119047622
surface_total_rust_pct,RandomForest,gss_0,S4SAVF02-20220518-0W,0.001,0.0005589296998901222
surface_total_rust_pct,RandomForest,gss_0,S4SAVF02-20220603-2W,0.001,0.0005589296998901222
surface_total_rust_pct,RandomForest,gss_0,S4SAVF02-20220609-3W,0.001,0.0005589296998901222
surface_total_rust_pct,RandomForest,gss_0,S4SAVF02-20220616-4W,0.002,0.0006300120085462244
surface_total_rust_pct,RandomForest,gss_0,S4SAVF02-20220623-5W,0.002,0.0007745454098248103
surface_total_rust_pct,RandomForest,gss_0,S4SAVF02-20220630-6W,0.002,0.0006300120085462244
surface_total_rust_pct,RandomForest,gss_0,S4SAVF02-20220708-7W,0.005,0.0025705243198386684
surface_total_rust_pct,RandomForest,gss_0,S4SAVF02-20220714-8W,0.004,0.0012591235405880936
surface_total_rust_pct,RandomForest,gss_0,S4SAVF02-20220721-9W,0.005,0.0025235897500057976
surface_total_rust_pct,RandomForest,gss_0,S4SAVF02-20220802-10W,0.011,0.010366548635251369
surface_total_rust_pct,RandomForest,gss_0,S4SAVF02-20220822-13W,0.005,0.003023816045805462
surface_total_rust_pct,RandomForest,gss_0,S4SAVF02-20220906-15W,0.042,0.04024588460614723
surface_total_rust_pct,RandomForest,gss_0,S4SAVF02-20221102-24W,1.093,1.09718749042624
surface_total_rust_pct,RandomForest,gss_0,S4SAVF02-20221110-25W,1.301,1.2878367604062608
surface_total_rust_pct,RandomForest,gss_0,S4SAVF02-20221206-28W,5.426,5.508241943241943
surface_total_rust_pct,RandomForest,gss_1,D01-20240110-0W,0.003,0.001036297111172603
surface_total_rust_pct,RandomForest,gss_1,D01-20240124-2W,0.0,0.0007942274522011952
surface_total_rust_pct,RandomForest,gss_1,D01-20240207-4W,0.006,0.004686900310739342
surface_total_rust_pct,RandomForest,gss_1,D01-20240221-6W,0.0,0.0007942274522011952
surface_total_rust_pct,RandomForest,gss_1,D01-20240306-8W,0.081,0.08275483134840776
surface_total_rust_pct,RandomForest,gss_1,D01-20240320-10W,0.565,0.5770863833203828
surface_total_rust_pct,RandomForest,gss_1,D01-20240405-12W,0.194,0.198743990942423
surface_total_rust_pct,RandomForest,gss_1,D01-20240417-14W,0.676,0.6688235126700643
surface_total_rust_pct,RandomForest,gss_1,D01-20240508-17W,0.96,0.9904261243756237
surface_total_rust_pct,RandomForest,gss_1,D01-20240522-19W,0.893,0.8785859705387203
surface_total_rust_pct,RandomForest,gss_1,D01-20240529-20W,0.655,0.6472149450663717
surface_total_rust_pct,RandomForest,gss_1,D01-20240619-23W,1.197,1.194847674214674
surface_total_rust_pct,RandomForest,gss_1,D01-20240626-24W,1.555,1.6034757711640222
surface_total_rust_pct,RandomForest,gss_1,D01-20240710-26W,1.003,1.0020373665593665
surface_total_rust_pct,RandomForest,gss_1,D01-20240724-28W,2.063,1.9723781865079362
surface_total_rust_pct,RandomForest,gss_1,D01-20240807-30W,1.077,1.0655631744366747
surface_total_rust_pct,RandomForest,gss_1,D01-20240902-33W,1.586,1.5768340925925928
surface_total_rust_pct,RandomForest,gss_1,D01-20240918-36W,0.943,0.9526932620620114
surface_total_rust_pct,RandomForest,gss_1,D03-20240110-0W,0.0,0.0007942274522011952
surface_total_rust_pct,RandomForest,gss_1,D03-20240124-2W,0.0,0.0007942274522011952
surface_total_rust_pct,RandomForest,gss_1,D03-20240207-4W,0.008,0.007958412683461143
surface_total_rust_pct,RandomForest,gss_1,D03-20240221-6W,0.0,0.0007942274522011952
surface_total_rust_pct,RandomForest,gss_1,D03-20240306-8W,0.023,0.024608824004407403
surface_total_rust_pct,RandomForest,gss_1,D03-20240320-10W,0.069,0.06767071214383776
surface_total_rust_pct,RandomForest,gss_1,D03-20240405-12W,0.0,0.0007942274522011952
surface_total_rust_pct,RandomForest,gss_1,D03-20240417-14W,0.051,0.05151832756217421
surface_total_rust_pct,RandomForest,gss_1,D03-20240508-17W,0.09,0.09238088536960404
surface_total_rust_pct,RandomForest,gss_1,D03-20240522-19W,0.041,0.040230537773122826
surface_total_rust_pct,RandomForest,gss_1,D03-20240529-20W,0.029,0.030107601905743284
surface_total_rust_pct,RandomForest,gss_1,D03-20240619-23W,0.071,0.06963906858409412
surface_total_rust_pct,RandomForest,gss_1,D03-20240626-24W,0.082,0.08106947862392996
surface_total_rust_pct,RandomForest,gss_1,D03-20240710-26W,0.084,0.08154662466721369
surface_total_rust_pct,RandomForest,gss_1,D03-20240724-28W,0.08,0.08134467343253747
surface_total_rust_pct,RandomForest,gss_1,D03-20240807-30W,0.018,0.017503178662176173
surface_total_rust_pct,RandomForest,gss_1,D03-20240902-33W,0.039,0.03776881501392676
surface_total_rust_pct,RandomForest,gss_1,D03-20240918-36W,0.044,0.04301967012527877
surface_total_rust_pct,RandomForest,gss_1,E05-20240110-0W,0.037,0.03430146573349383
surface_total_rust_pct,RandomForest,gss_1,E05-20240124-2W,0.0,0.0007942274522011952
surface_total_rust_pct,RandomForest,gss_1,E05-20240207-4W,0.016,0.016458722143641472
surface_total_rust_pct,RandomForest,gss_1,E05-20240221-6W,0.021,0.023430570819573684
surface_total_rust_pct,RandomForest,gss_1,E05-20240306-8W,0.178,0.18299794532724534
surface_total_rust_pct,RandomForest,gss_1,E05-20240320-10W,0.837,0.8284901645576649
surface_total_rust_pct,RandomForest,gss_1,E05-20240405-12W,0.676,0.6899978807029028
surface_total_rust_pct,RandomForest,gss_1,E05-20240417-14W,2.05,2.0584530515873016
surface_total_rust_pct,RandomForest,gss_1,E05-20240508-17W,1.889,1.8944916428571434
surface_total_rust_pct,RandomForest,gss_1,E05-20240522-19W,2.96,2.994567589947093
surface_total_rust_pct,RandomForest,gss_1,E05-20240529-20W,2.119,2.2039212301587296
surface_total_rust_pct,RandomForest,gss_1,E05-20240619-23W,2.133,2.191007904761905
surface_total_rust_pct,RandomForest,gss_1,E05-20240626-24W,3.614,3.6433906547619026
surface_total_rust_pct,RandomForest,gss_1,E05-20240710-26W,1.697,1.6747926759259264
surface_total_rust_pct,RandomForest,gss_1,E05-20240724-28W,4.77,4.7824951970899505
surface_total_rust_pct,RandomForest,gss_1,E05-20240807-30W,3.563,3.575460195767194
surface_total_rust_pct,RandomForest,gss_1,E05-20240902-33W,2.646,2.679932334119584
surface_total_rust_pct,RandomForest,gss_1,E05-20240918-36W,2.385,2.3335529206349204
surface_total_rust_pct,RandomForest,gss_1,G05-20240110-0W,0.011,0.010319132731582668
surface_total_rust_pct,RandomForest,gss_1,G05-20240124-2W,0.0,0.0007942274522011952
surface_total_rust_pct,RandomForest,gss_1,G05-20240207-4W,0.019,0.018183461720911853
surface_total_rust_pct,RandomForest,gss_1,G05-20240221-6W,0.0,0.0007942274522011952
surface_total_rust_pct,RandomForest,gss_1,G05-20240306-8W,0.0,0.0007942274522011952
surface_total_rust_pct,RandomForest,gss_1,G05-20240320-10W,0.0,0.0007942274522011952
surface_total_rust_pct,RandomForest,gss_1,G05-20240405-12W,0.0,0.0007942274522011952
surface_total_rust_pct,RandomForest,gss_1,G05-20240417-14W,0.026,0.028903105052096572
surface_total_rust_pct,RandomForest,gss_1,G05-20240508-17W,0.037,0.03436211790740687
surface_total_rust_pct,RandomForest,gss_1,G05-20240522-19W,0.022,0.02409926706858142
surface_total_rust_pct,RandomForest,gss_1,G05-20240529-20W,0.011,0.010319132731582668
surface_total_rust_pct,RandomForest,gss_1,G05-20240619-23W,0.043,0.04253572262106503
surface_total_rust_pct,RandomForest,gss_1,G05-20240626-24W,0.102,0.10681381475410835
surface_total_rust_pct,RandomForest,gss_1,G05-20240710-26W,0.026,0.028461755754028133
surface_total_rust_pct,RandomForest,gss_1,G05-20240724-28W,0.012,0.012322362291053372
surface_total_rust_pct,RandomForest,gss_1,G05-20240807-30W,0.062,0.06337835542652619
surface_total_rust_pct,RandomForest,gss_1,G05-20240902-33W,0.041,0.03991937097801505
surface_total_rust_pct,RandomForest,gss_1,G05-20240918-36W,0.052,0.052087210402001545
surface_total_rust_pct,RandomForest,gss_1,S1MI03-20220518-0W,0.356,0.35524134290546006
surface_total_rust_pct,RandomForest,gss_1,S1MI03-20220603-2W,0.758,0.7610044823537029
surface_total_rust_pct,RandomForest,gss_1,S1MI03-20220609-3W,0.463,0.46721495454545464
surface_total_rust_pct,RandomForest,gss_1,S1MI03-20220616-4W,0.303,0.3064057485470496
surface_total_rust_pct,RandomForest,gss_1,S1MI03-20220623-5W,0.471,0.4681255275372777
surface_total_rust_pct,RandomForest,gss_1,S1MI03-20220630-6W,0.686,0.6978092559110279
surface_total_rust_pct,RandomForest,gss_1,S1MI03-20220708-7W,0.282,0.276391522748085
surface_total_rust_pct,RandomForest,gss_1,S1MI03-20220714-8W,0.344,0.34918620765845526
surface_total_rust_pct,RandomForest,gss_1,S1MI03-20220721-9W,0.528,0.5406720804473304
surface_total_rust_pct,RandomForest,gss_1,S1MI03-20220802-10W,0.783,0.7926995220612728
surface_total_rust_pct,RandomForest,gss_1,S1MI03-20220822-13W,0.371,0.3666530634012527
surface_total_rust_pct,RandomForest,gss_1,S1MI03-20220906-15W,1.399,1.4137808814333819
surface_total_rust_pct,RandomForest,gss_1,S1MI03-20221102-24W,8.146,8.38916897354497
surface_total_rust_pct,RandomForest,gss_1,S1MI03-20221110-25W,8.899,8.780516981481483
surface_total_rust_pct,RandomForest,gss_1,S1MI03-20221206-28W,12.772,12.833447175925937
surface_total_rust_pct,RandomForest,gss_1,S2SA02-20220518-0W,0.085,0.08500228405297465
surface_total_rust_pct,RandomForest,gss_1,S2SA02-20220603-2W,0.188,0.1873178318687676
surface_total_rust_pct,RandomForest,gss_1,S2SA02-20220609-3W,0.087,0.08756096823284419
surface_total_rust_pct,RandomForest,gss_1,S2SA02-20220616-4W,0.119,0.12024068887919476
surface_total_rust_pct,RandomForest,gss_1,S2SA02-20220623-5W,0.164,0.16163900417087163
surface_total_rust_pct,RandomForest,gss_1,S2SA02-20220630-6W,0.162,0.16103538395962716
surface_total_rust_pct,RandomForest,gss_1,S2SA02-20220708-7W,0.145,0.14621060914701836
surface_total_rust_pct,RandomForest,gss_1,S2SA02-20220714-8W,0.239,0.23708833753724415
surface_total_rust_pct,RandomForest,gss_1,S2SA02-20220721-9W,0.186,0.1853681496393786
surface_total_rust_pct,RandomForest,gss_1,S2SA02-20220802-10W,0.261,0.2557305358334309
surface_total_rust_pct,RandomForest,gss_1,S2SA02-20220822-13W,0.185,0.18573118645399717
surface_total_rust_pct,RandomForest,gss_1,S2SA02-20220906-15W,0.646,0.5963494400969402
surface_total_rust_pct,RandomForest,gss_1,S2SA02-20221102-24W,4.474,4.377569445526697
surface_total_rust_pct,RandomForest,gss_1,S2SA02-20221110-25W,2.247,2.1174288214285713
surface_total_rust_pct,RandomForest,gss_1,S2SA02-20221206-28W,3.601,3.4939364880952364
surface_total_rust_pct,RandomForest,gss_1,S3PA03-20220518-0W,0.044,0.042275190512233905
surface_total_rust_pct,RandomForest,gss_1,S3PA03-20220603-2W,0.249,0.24250907693363752
surface_total_rust_pct,RandomForest,gss_1,S3PA03-20220609-3W,0.109,0.11217273539851227
surface_total_rust_pct,RandomForest,gss_1,S3PA03-20220616-4W,0.027,0.029402725624234557
surface_total_rust_pct,RandomForest,gss_1,S3PA03-20220623-5W,0.111,0.11462991651015661
surface_total_rust_pct,RandomForest,gss_1,S3PA03-20220630-6W,0.213,0.21169696894275572
surface_total_rust_pct,RandomForest,gss_1,S3PA03-20220708-7W,0.157,0.1525858360117787
surface_total_rust_pct,RandomForest,gss_1,S3PA03-20220714-8W,0.191,0.19218380162354265
surface_total_rust_pct,RandomForest,gss_1,S3PA03-20220721-9W,0.234,0.23711092234355988
surface_total_rust_pct,RandomForest,gss_1,S3PA03-20220802-10W,0.377,0.3667870578049971
surface_total_rust_pct,RandomForest,gss_1,S3PA03-20220822-13W,0.298,0.30490400540130647
surface_total_rust_pct,RandomForest,gss_1,S3PA03-20220906-15W,0.467,0.4702188262385765
surface_total_rust_pct,RandomForest,gss_1,S3PA03-20221102-24W,4.579,4.604544962962968
surface_total_rust_pct,RandomForest,gss_1,S3PA03-20221110-25W,6.525,6.573608370509121
surface_total_rust_pct,RandomForest,gss_1,S3PA03-20221206-28W,8.862,8.856082492063498
surface_total_rust_pct,RandomForest,gss_1,S3PA04-20220518-0W,0.236,0.23869342008432667
surface_total_rust_pct,RandomForest,gss_1,S3PA04-20220603-2W,0.154,0.15208839046467876
surface_total_rust_pct,RandomForest,gss_1,S3PA04-20220609-3W,0.163,0.16163900417087163
surface_total_rust_pct,RandomForest,gss_1,S3PA04-20220616-4W,0.082,0.08323156638243691
surface_total_rust_pct,RandomForest,gss_1,S3PA04-20220623-5W,0.13,0.12969185046957155
surface_total_rust_pct,RandomForest,gss_1,S3PA04-20220630-6W,0.257,0.2623526580855465
surface_total_rust_pct,RandomForest,gss_1,S3PA04-20220708-7W,0.249,0.24341089649711492
surface_total_rust_pct,RandomForest,gss_1,S3PA04-20220714-8W,0.371,0.3666828554240446
surface_total_rust_pct,RandomForest,gss_1,S3PA04-20220721-9W,0.337,0.3476817587369919
surface_total_rust_pct,RandomForest,gss_1,S3PA04-20220802-10W,0.345,0.35282513636009916
surface_total_rust_pct,RandomForest,gss_1,S3PA04-20220822-13W,0.246,0.2431567317047923
surface_total_rust_pct,RandomForest,gss_1,S3PA04-20220906-15W,0.247,0.2409372484493467
surface_total_rust_pct,RandomForest,gss_1,S3PA04-20221102-24W,2.162,2.1900571984126986
surface_total_rust_pct,RandomForest,gss_1,S3PA04-20221110-25W,2.505,2.465465068783069
surface_total_rust_pct,RandomForest,gss_1,S3PA04-20221206-28W,4.997,5.012003273448773
surface_total_rust_pct,RandomForest,gss_1,S4SAVF01-20220518-0W,0.13,0.12874085714726202
surface_total_rust_pct,RandomForest,gss_1,S4SAVF01-20220603-2W,0.186,0.1870307467316825
surface_total_rust_pct,RandomForest,gss_1,S4SAVF01-20220609-3W,0.137,0.13652709678098934
surface_total_rust_pct,RandomForest,gss_1,S4SAVF01-20220616-4W,0.044,0.04253572262106503
surface_total_rust_pct,RandomForest,gss_1,S4SAVF01-20220623-5W,0.057,0.05699445139917612
surface_total_rust_pct,RandomForest,gss_1,S4SAVF01-20220630-6W,0.11,0.11455306672595389
surface_total_rust_pct,RandomForest,gss_1,S4SAVF01-20220708-7W,0.092,0.09256691492828065
surface_total_rust_pct,RandomForest,gss_1,S4SAVF01-20220714-8W,0.103,0.10732018851433509
surface_total_rust_pct,RandomForest,gss_1,S4SAVF01-20220721-9W,0.089,0.09084170731581516
surface_total_rust_pct,RandomForest,gss_1,S4SAVF01-20220802-10W,0.157,0.1546942088316272
surface_total_rust_pct,RandomForest,gss_1,S4SAVF01-20220822-13W,0.092,0.09251604191240763
surface_total_rust_pct,RandomForest,gss_1,S4SAVF01-20220906-15W,0.291,0.2979501017834388
surface_total_rust_pct,RandomForest,gss_1,S4SAVF01-20221102-24W,4.948,4.938558512145264
surface_total_rust_pct,RandomForest,gss_1,S4SAVF01-20221110-25W,3.137,3.133479858900357
surface_total_rust_pct,RandomForest,gss_1,S4SAVF01-20221206-28W,5.602,5.676908972222224
surface_total_rust_pct,RandomForest,gss_1,S5VF01-20220518-0W,0.09,0.09222158233930101
surface_total_rust_pct,RandomForest,gss_1,S5VF01-20220603-2W,0.077,0.07703049449178336
surface_total_rust_pct,RandomForest,gss_1,S5VF01-20220609-3W,0.111,0.11462991651015661
surface_total_rust_pct,RandomForest,gss_1,S5VF01-20220616-4W,0.083,0.08011135413175345
surface_total_rust_pct,RandomForest,gss_1,S5VF01-20220623-5W,0.268,0.25165066988737145
surface_total_rust_pct,RandomForest,gss_1,S5VF01-20220630-6W,0.338,0.33834451606215155
surface_total_rust_pct,RandomForest,gss_1,S5VF01-20220708-7W,0.28,0.2667482162944898
surface_total_rust_pct,RandomForest,gss_1,S5VF01-20220714-8W,0.447,0.4509204926685514
surface_total_rust_pct,RandomForest,gss_1,S5VF01-20220721-9W,0.293,0.3008876051993125
surface_total_rust_pct,RandomForest,gss_1,S5VF01-20220802-10W,0.797,0.7903274914807418
surface_total_rust_pct,RandomForest,gss_1,S5VF01-20220822-13W,0.534,0.5341118681873678
surface_total_rust_pct,RandomForest,gss_1,S5VF01-20220906-15W,1.45,1.354454551161802
surface_total_rust_pct,RandomForest,gss_1,S5VF01-20221102-24W,7.514,7.384117632275132
surface_total_rust_pct,RandomForest,gss_1,S5VF01-20221110-25W,8.206,8.10738043650794
surface_total_rust_pct,RandomForest,gss_1,S5VF01-20221206-28W,12.535,12.348239685545934
surface_total_rust_pct,RandomForest,gss_2,D04-20240110-0W,0.082,0.08219622380999712
surface_total_rust_pct,RandomForest,gss_2,D04-20240124-2W,0.003,0.0015043246818954158
surface_total_rust_pct,RandomForest,gss_2,D04-20240207-4W,0.535,0.5482162314814812
surface_total_rust_pct,RandomForest,gss_2,D04-20240221-6W,0.815,0.8370648928571428
surface_total_rust_pct,RandomForest,gss_2,D04-20240306-8W,2.353,2.323255058441559
surface_total_rust_pct,RandomForest,gss_2,D04-20240320-10W,15.047,15.574359751322755
surface_total_rust_pct,RandomForest,gss_2,D04-20240405-12W,19.675,19.867908849206344
surface_total_rust_pct,RandomForest,gss_2,D04-20240417-14W,35.886,25.4571773164983
surface_total_rust_pct,RandomForest,gss_2,D04-20240508-17W,29.643,24.897967026815763
surface_total_rust_pct,RandomForest,gss_2,D04-20240522-19W,40.627,25.34303120538719
surface_total_rust_pct,RandomForest,gss_2,D04-20240529-20W,17.02,17.332872657407393
surface_total_rust_pct,RandomForest,gss_2,D04-20240619-23W,52.911,25.392121705387183
surface_total_rust_pct,RandomForest,gss_2,D04-20240626-24W,53.412,25.425387872053854
surface_total_rust_pct,RandomForest,gss_2,D04-20240710-26W,34.058,25.02070522919671
surface_total_rust_pct,RandomForest,gss_2,D04-20240724-28W,47.365,25.48507770538719
surface_total_rust_pct,RandomForest,gss_2,D04-20240807-30W,16.467,17.54919526455026
surface_total_rust_pct,RandomForest,gss_2,D04-20240902-33W,35.013,24.92212947919671
surface_total_rust_pct,RandomForest,gss_2,D04-20240918-36W,31.395,25.02498014586338
surface_total_rust_pct,RandomForest,gss_2,D06-20240110-0W,0.004,0.0037609230019292022
surface_total_rust_pct,RandomForest,gss_2,D06-20240124-2W,0.0,0.0003395783696090701
surface_total_rust_pct,RandomForest,gss_2,D06-20240207-4W,0.308,0.30989642036374965
surface_total_rust_pct,RandomForest,gss_2,D06-20240221-6W,0.182,0.18393696308087093
surface_total_rust_pct,RandomForest,gss_2,D06-20240306-8W,1.602,1.638451107142857
surface_total_rust_pct,RandomForest,gss_2,D06-20240320-10W,2.993,2.98348911111111
surface_total_rust_pct,RandomForest,gss_2,D06-20240405-12W,3.156,3.1108817101972104
surface_total_rust_pct,RandomForest,gss_2,D06-20240417-14W,5.402,5.452117777777775
surface_total_rust_pct,RandomForest,gss_2,D06-20240508-17W,4.748,4.773701157407408
surface_total_rust_pct,RandomForest,gss_2,D06-20240522-19W,6.472,6.532626238095241
surface_total_rust_pct,RandomForest,gss_2,D06-20240529-20W,1.673,1.6854062936507939
surface_total_rust_pct,RandomForest,gss_2,D06-20240619-23W,7.835,7.803092162698408
surface_total_rust_pct,RandomForest,gss_2,D06-20240626-24W,10.224,9.976215724867721
surface_total_rust_pct,RandomForest,gss_2,D06-20240710-26W,9.993,9.794080474867721
surface_total_rust_pct,RandomForest,gss_2,D06-20240724-28W,15.507,16.37445753174603
surface_total_rust_pct,RandomForest,gss_2,D06-20240807-30W,6.782,6.729024959716212
surface_total_rust_pct,RandomForest,gss_2,D06-20240902-33W,8.442,8.547731650793649
surface_total_rust_pct,RandomForest,gss_2,D06-20240918-36W,8.499,8.577469039682539
surface_total_rust_pct,RandomForest,gss_2,F01-20240110-0W,0.0,0.0003395783696090701
surface_total_rust_pct,RandomForest,gss_2,F01-20240124-2W,0.0,0.0003395783696090701
surface_total_rust_pct,RandomForest,gss_2,F01-20240207-4W,0.001,0.00034981646484716534
surface_total_rust_pct,RandomForest,gss_2,F01-20240221-6W,0.0,0.0003395783696090701
surface_total_rust_pct,RandomForest,gss_2,F01-20240306-8W,0.0,0.0003395783696090701
surface_total_rust_pct,RandomForest,gss_2,F01-20240320-10W,0.106,0.10967269440963524
surface_total_rust_pct,RandomForest,gss_2,F01-20240405-12W,0.027,0.02649576321878562
surface_total_rust_pct,RandomForest,gss_2,F01-20240417-14W,0.317,0.31245134450442374
surface_total_rust_pct,RandomForest,gss_2,F01-20240508-17W,0.12,0.11923114490735154
surface_total_rust_pct,RandomForest,gss_2,F01-20240522-19W,0.706,0.7053379640729632
surface_total_rust_pct,RandomForest,gss_2,F01-20240529-20W,0.129,0.13080788705906238
surface_total_rust_pct,RandomForest,gss_2,F01-20240619-23W,0.873,0.8691603154253152
surface_total_rust_pct,RandomForest,gss_2,F01-20240626-24W,1.008,1.0100654973544967
surface_total_rust_pct,RandomForest,gss_2,F01-20240710-26W,0.9,0.878954523097273
surface_total_rust_pct,RandomForest,gss_2,F01-20240724-28W,3.231,3.22997454939505
surface_total_rust_pct,RandomForest,gss_2,F01-20240807-30W,1.697,1.7132915873015884
surface_total_rust_pct,RandomForest,gss_2,F01-20240902-33W,1.648,1.6902629206349216
surface_total_rust_pct,RandomForest,gss_2,F01-20240918-36W,1.132,1.1417801177248679
surface_total_rust_pct,RandomForest,gss_2,G04-20240110-0W,0.0,0.0003395783696090701
surface_total_rust_pct,RandomForest,gss_2,G04-20240124-2W,0.0,0.0003395783696090701
surface_total_rust_pct,RandomForest,gss_2,G04-20240207-4W,0.0,0.0003395783696090701
surface_total_rust_pct,RandomForest,gss_2,G04-20240221-6W,0.0,0.0003395783696090701
surface_total_rust_pct,RandomForest,gss_2,G04-20240306-8W,0.0,0.0003395783696090701
surface_total_rust_pct,RandomForest,gss_2,G04-20240320-10W,0.0,0.0003395783696090701
surface_total_rust_pct,RandomForest,gss_2,G04-20240405-12W,0.0,0.0003395783696090701
surface_total_rust_pct,RandomForest,gss_2,G04-20240417-14W,0.0,0.0003395783696090701
surface_total_rust_pct,RandomForest,gss_2,G04-20240508-17W,0.001,0.0003395783696090701
surface_total_rust_pct,RandomForest,gss_2,G04-20240522-19W,0.0,0.0003395783696090701
surface_total_rust_pct,RandomForest,gss_2,G04-20240529-20W,0.0,0.0003395783696090701
surface_total_rust_pct,RandomForest,gss_2,G04-20240619-23W,0.0,0.0003395783696090701
surface_total_rust_pct,RandomForest,gss_2,G04-20240626-24W,0.0,0.0003395783696090701
surface_total_rust_pct,RandomForest,gss_2,G04-20240710-26W,0.0,0.0003395783696090701
surface_total_rust_pct,RandomForest,gss_2,G04-20240724-28W,0.0,0.0003395783696090701
surface_total_rust_pct,RandomForest,gss_2,G04-20240807-30W,0.0,0.0003395783696090701
surface_total_rust_pct,RandomForest,gss_2,G04-20240902-33W,0.0,0.0003395783696090701
surface_total_rust_pct,RandomForest,gss_2,G04-20240918-36W,0.0,0.0003395783696090701
surface_total_rust_pct,RandomForest,gss_2,S1MI03-20220518-0W,0.356,0.36452990189440193
surface_total_rust_pct,RandomForest,gss_2,S1MI03-20220603-2W,0.758,0.7665925349927852
surface_total_rust_pct,RandomForest,gss_2,S1MI03-20220609-3W,0.463,0.4654904178784178
surface_total_rust_pct,RandomForest,gss_2,S1MI03-20220616-4W,0.303,0.30451685153551905
surface_total_rust_pct,RandomForest,gss_2,S1MI03-20220623-5W,0.471,0.46549196946571914
surface_total_rust_pct,RandomForest,gss_2,S1MI03-20220630-6W,0.686,0.6951519429089422
surface_total_rust_pct,RandomForest,gss_2,S1MI03-20220708-7W,0.282,0.2810928731384287
surface_total_rust_pct,RandomForest,gss_2,S1MI03-20220714-8W,0.344,0.34334719236754524
surface_total_rust_pct,RandomForest,gss_2,S1MI03-20220721-9W,0.528,0.5425475449735447
surface_total_rust_pct,RandomForest,gss_2,S1MI03-20220802-10W,0.783,0.792354033068783
surface_total_rust_pct,RandomForest,gss_2,S1MI03-20220822-13W,0.371,0.37602882438857466
surface_total_rust_pct,RandomForest,gss_2,S1MI03-20220906-15W,1.399,1.4480729761904771
surface_total_rust_pct,RandomForest,gss_2,S1MI03-20221102-24W,8.146,8.399395603174604
surface_total_rust_pct,RandomForest,gss_2,S1MI03-20221110-25W,8.899,8.790227645502647
surface_total_rust_pct,RandomForest,gss_2,S1MI03-20221206-28W,12.772,12.91954127910053
surface_total_rust_pct,RandomForest,gss_2,S1MI05-20220518-0W,0.241,0.2401968364821595
surface_total_rust_pct,RandomForest,gss_2,S1MI05-20220603-2W,0.529,0.5440618704906203
surface_total_rust_pct,RandomForest,gss_2,S1MI05-20220609-3W,0.415,0.41272676263551256
surface_total_rust_pct,RandomForest,gss_2,S1MI05-20220616-4W,0.415,0.41300057131757123
surface_total_rust_pct,RandomForest,gss_2,S1MI05-20220623-5W,0.833,0.8244981164021159
surface_total_rust_pct,RandomForest,gss_2,S1MI05-20220630-6W,0.795,0.7949457738095234
surface_total_rust_pct,RandomForest,gss_2,S1MI05-20220708-7W,0.365,0.35752523294461536
surface_total_rust_pct,RandomForest,gss_2,S1MI05-20220714-8W,0.695,0.6952315543253038
surface_total_rust_pct,RandomForest,gss_2,S1MI05-20220721-9W,0.716,0.7187594360916856
surface_total_rust_pct,RandomForest,gss_2,S1MI05-20220802-10W,1.155,1.1684779368686877
surface_total_rust_pct,RandomForest,gss_2,S1MI05-20220822-13W,1.067,1.0736182658730156
surface_total_rust_pct,RandomForest,gss_2,S1MI05-20220906-15W,4.938,4.898824910052912
surface_total_rust_pct,RandomForest,gss_2,S1MI05-20221102-24W,27.656,25.257782776815755
surface_total_rust_pct,RandomForest,gss_2,S1MI05-20221110-25W,18.451,19.29873895634919
surface_total_rust_pct,RandomForest,gss_2,S1MI05-20221206-28W,34.269,25.54935731649829
surface_total_rust_pct,RandomForest,gss_2,S1MI07-20220518-0W,0.238,0.23936981996164292
surface_total_rust_pct,RandomForest,gss_2,S1MI07-20220603-2W,0.976,0.9865554682539684
surface_total_rust_pct,RandomForest,gss_2,S1MI07-20220609-3W,0.234,0.2373711301884532
surface_total_rust_pct,RandomForest,gss_2,S1MI07-20220616-4W,0.139,0.140553044858192
surface_total_rust_pct,RandomForest,gss_2,S1MI07-20220623-5W,0.349,0.35414837988862996
surface_total_rust_pct,RandomForest,gss_2,S1MI07-20220630-6W,0.403,0.3981321630129131
surface_total_rust_pct,RandomForest,gss_2,S1MI07-20220708-7W,0.228,0.2348618306361537
surface_total_rust_pct,RandomForest,gss_2,S1MI07-20220714-8W,0.557,0.5696869833869833
surface_total_rust_pct,RandomForest,gss_2,S1MI07-20220721-9W,0.693,0.6999174429089421
surface_total_rust_pct,RandomForest,gss_2,S1MI07-20220802-10W,0.79,0.8070710912698412
surface_total_rust_pct,RandomForest,gss_2,S1MI07-20220822-13W,0.152,0.1516659399571399
surface_total_rust_pct,RandomForest,gss_2,S1MI07-20220906-15W,1.262,1.2677694166666669
surface_total_rust_pct,RandomForest,gss_2,S1MI07-20221102-24W,1.882,1.8365450634920615
surface_total_rust_pct,RandomForest,gss_2,S1MI07-20221110-25W,1.393,1.4192361349206355
surface_total_rust_pct,RandomForest,gss_2,S1MI07-20221206-28W,2.019,1.9847214682539682
surface_total_rust_pct,RandomForest,gss_2,S2SA03-20220518-0W,0.144,0.14717074695929105
surface_total_rust_pct,RandomForest,gss_2,S2SA03-20220603-2W,0.404,0.3973013830706331
surface_total_rust_pct,RandomForest,gss_2,S2SA03-20220609-3W,0.277,0.2797570826650132
surface_total_rust_pct,RandomForest,gss_2,S2SA03-20220616-4W,0.32,0.3138132594105961
surface_total_rust_pct,RandomForest,gss_2,S2SA03-20220623-5W,0.481,0.47284965861915823
surface_total_rust_pct,RandomForest,gss_2,S2SA03-20220630-6W,0.729,0.7319528484848481
surface_total_rust_pct,RandomForest,gss_2,S2SA03-20220708-7W,0.615,0.6289435017575016
surface_total_rust_pct,RandomForest,gss_2,S2SA03-20220714-8W,0.997,0.9982701640211636
surface_total_rust_pct,RandomForest,gss_2,S2SA03-20220721-9W,0.993,0.9970123465608461
surface_total_rust_pct,RandomForest,gss_2,S2SA03-20220802-10W,1.048,1.0507718994709
surface_total_rust_pct,RandomForest,gss_2,S2SA03-20220822-13W,1.165,1.1709580360750367
surface_total_rust_pct,RandomForest,gss_2,S2SA03-20220906-15W,3.124,3.1156519036796535
surface_total_rust_pct,RandomForest,gss_2,S2SA03-20221102-24W,21.699,22.864678450096193
surface_total_rust_pct,RandomForest,gss_2,S2SA03-20221110-25W,15.149,15.64778896560847
surface_total_rust_pct,RandomForest,gss_2,S2SA03-20221206-28W,43.177,25.754288816498295
surface_total_rust_pct,RandomForest,gss_2,S3PA04-20220518-0W,0.236,0.23928985680442988
surface_total_rust_pct,RandomForest,gss_2,S3PA04-20220603-2W,0.154,0.1525315960243842
surface_total_rust_pct,RandomForest,gss_2,S3PA04-20220609-3W,0.163,0.1629322174827188
surface_total_rust_pct,RandomForest,gss_2,S3PA04-20220616-4W,0.082,0.08214289047666377
surface_total_rust_pct,RandomForest,gss_2,S3PA04-20220623-5W,0.13,0.13216221079329166
surface_total_rust_pct,RandomForest,gss_2,S3PA04-20220630-6W,0.257,0.26141114172877056
surface_total_rust_pct,RandomForest,gss_2,S3PA04-20220708-7W,0.249,0.24429948547777183
surface_total_rust_pct,RandomForest,gss_2,S3PA04-20220714-8W,0.371,0.37412597241647255
surface_total_rust_pct,RandomForest,gss_2,S3PA04-20220721-9W,0.337,0.348161168900272
surface_total_rust_pct,RandomForest,gss_2,S3PA04-20220802-10W,0.345,0.3553931922984425
surface_total_rust_pct,RandomForest,gss_2,S3PA04-20220822-13W,0.246,0.24381479109345242
surface_total_rust_pct,RandomForest,gss_2,S3PA04-20220906-15W,0.247,0.24344205119446252
surface_total_rust_pct,RandomForest,gss_2,S3PA04-20221102-24W,2.162,2.164809682539683
surface_total_rust_pct,RandomForest,gss_2,S3PA04-20221110-25W,2.505,2.462178544973544
surface_total_rust_pct,RandomForest,gss_2,S3PA04-20221206-28W,4.997,5.020141756715503
surface_total_rust_pct,RandomForest,gss_2,S4SAVF01-20220518-0W,0.13,0.13099466166308463
surface_total_rust_pct,RandomForest,gss_2,S4SAVF01-20220603-2W,0.186,0.18558432617610904
surface_total_rust_pct,RandomForest,gss_2,S4SAVF01-20220609-3W,0.137,0.13521911805786804
surface_total_rust_pct,RandomForest,gss_2,S4SAVF01-20220616-4W,0.044,0.04251322122083093
surface_total_rust_pct,RandomForest,gss_2,S4SAVF01-20220623-5W,0.057,0.056620853494016125
surface_total_rust_pct,RandomForest,gss_2,S4SAVF01-20220630-6W,0.11,0.1117076679562841
surface_total_rust_pct,RandomForest,gss_2,S4SAVF01-20220708-7W,0.092,0.09134651042337193
surface_total_rust_pct,RandomForest,gss_2,S4SAVF01-20220714-8W,0.103,0.10291836954054713
surface_total_rust_pct,RandomForest,gss_2,S4SAVF01-20220721-9W,0.089,0.0867286012515315
surface_total_rust_pct,RandomForest,gss_2,S4SAVF01-20220802-10W,0.157,0.15683520462030895
surface_total_rust_pct,RandomForest,gss_2,S4SAVF01-20220822-13W,0.092,0.09096537733423884
surface_total_rust_pct,RandomForest,gss_2,S4SAVF01-20220906-15W,0.291,0.29500578453672804
surface_total_rust_pct,RandomForest,gss_2,S4SAVF01-20221102-24W,4.948,4.936135833333336
surface_total_rust_pct,RandomForest,gss_2,S4SAVF01-20221110-25W,3.137,3.1352526515151515
surface_total_rust_pct,RandomForest,gss_2,S4SAVF01-20221206-28W,5.602,5.6554494761904746
surface_total_rust_pct,RandomForest,gss_3,F02-20240110-0W,0.0,0.0009389883527399876
surface_total_rust_pct,RandomForest,gss_3,F02-20240124-2W,0.0,0.0009389883527399876
surface_total_rust_pct,RandomForest,gss_3,F02-20240207-4W,0.0,0.0009389883527399876
surface_total_rust_pct,RandomForest,gss_3,F02-20240221-6W,0.0,0.0009389883527399876
surface_total_rust_pct,RandomForest,gss_3,F02-20240306-8W,0.027,0.02911581295839532
surface_total_rust_pct,RandomForest,gss_3,F02-20240320-10W,0.059,0.05750719981574137
surface_total_rust_pct,RandomForest,gss_3,F02-20240405-12W,0.152,0.15346595222418918
surface_total_rust_pct,RandomForest,gss_3,F02-20240417-14W,0.205,0.2043198171796197
surface_total_rust_pct,RandomForest,gss_3,F02-20240508-17W,0.636,0.6429194754378174
surface_total_rust_pct,RandomForest,gss_3,F02-20240522-19W,1.627,1.6464863386243385
surface_total_rust_pct,RandomForest,gss_3,F02-20240529-20W,0.3,0.30271690127985434
surface_total_rust_pct,RandomForest,gss_3,F02-20240619-23W,3.719,3.648540500120252
surface_total_rust_pct,RandomForest,gss_3,F02-20240626-24W,4.85,4.859665826220075
surface_total_rust_pct,RandomForest,gss_3,F02-20240710-26W,6.675,6.956681834656084
surface_total_rust_pct,RandomForest,gss_3,F02-20240724-28W,6.941,7.102840485449729
surface_total_rust_pct,RandomForest,gss_3,F02-20240807-30W,4.151,4.179368115079365
surface_total_rust_pct,RandomForest,gss_3,F02-20240902-33W,5.736,5.830566828042328
surface_total_rust_pct,RandomForest,gss_3,F02-20240918-36W,3.389,3.3458938456450955
surface_total_rust_pct,RandomForest,gss_3,F04-20240110-0W,0.037,0.03359257421306676
surface_total_rust_pct,RandomForest,gss_3,F04-20240124-2W,0.048,0.0459638007456906
surface_total_rust_pct,RandomForest,gss_3,F04-20240207-4W,0.122,0.1185504423346156
surface_total_rust_pct,RandomForest,gss_3,F04-20240221-6W,0.001,0.0009389883527399876
surface_total_rust_pct,RandomForest,gss_3,F04-20240306-8W,0.698,0.6874890871733043
surface_total_rust_pct,RandomForest,gss_3,F04-20240320-10W,5.076,5.0495040520405565
surface_total_rust_pct,RandomForest,gss_3,F04-20240405-12W,6.984,6.903619803724049
surface_total_rust_pct,RandomForest,gss_3,F04-20240417-14W,9.464,9.416941269841272
surface_total_rust_pct,RandomForest,gss_3,F04-20240508-17W,8.983,8.898251658730159
surface_total_rust_pct,RandomForest,gss_3,F04-20240522-19W,6.765,6.703915861925114
surface_total_rust_pct,RandomForest,gss_3,F04-20240529-20W,7.543,7.3347899002849015
surface_total_rust_pct,RandomForest,gss_3,F04-20240619-23W,9.828,9.749452857142858
surface_total_rust_pct,RandomForest,gss_3,F04-20240626-24W,11.835,11.931584317460322
surface_total_rust_pct,RandomForest,gss_3,F04-20240710-26W,10.881,11.02125119444444
surface_total_rust_pct,RandomForest,gss_3,F04-20240724-28W,12.656,12.993889154761897
surface_total_rust_pct,RandomForest,gss_3,F04-20240807-30W,10.801,11.026117321428567
surface_total_rust_pct,RandomForest,gss_3,F04-20240902-33W,9.888,10.03143646560847
surface_total_rust_pct,RandomForest,gss_3,F04-20240918-36W,7.361,7.30831648758649
surface_total_rust_pct,RandomForest,gss_3,F05-20240110-0W,0.002,0.0009503817953629384
surface_total_rust_pct,RandomForest,gss_3,F05-20240124-2W,0.001,0.0009389883527399876
surface_total_rust_pct,RandomForest,gss_3,F05-20240207-4W,0.165,0.1603209969090072
surface_total_rust_pct,RandomForest,gss_3,F05-20240221-6W,0.133,0.12907919498659393
surface_total_rust_pct,RandomForest,gss_3,F05-20240306-8W,1.396,1.431686966931217
surface_total_rust_pct,RandomForest,gss_3,F05-20240320-10W,3.461,3.5747805345117825
surface_total_rust_pct,RandomForest,gss_3,F05-20240405-12W,4.514,4.475083033189031
surface_total_rust_pct,RandomForest,gss_3,F05-20240417-14W,4.075,4.123682615079367
surface_total_rust_pct,RandomForest,gss_3,F05-20240508-17W,4.799,4.773308609788361
surface_total_rust_pct,RandomForest,gss_3,F05-20240522-19W,6.271,6.355619289682545
surface_total_rust_pct,RandomForest,gss_3,F05-20240529-20W,2.497,2.4077781415343935
surface_total_rust_pct,RandomForest,gss_3,F05-20240619-23W,5.362,5.340231746031745
surface_total_rust_pct,RandomForest,gss_3,F05-20240626-24W,6.125,6.270087050264555
surface_total_rust_pct,RandomForest,gss_3,F05-20240710-26W,5.226,5.18110298015873
surface_total_rust_pct,RandomForest,gss_3,F05-20240724-28W,7.526,7.382598505291007
surface_total_rust_pct,RandomForest,gss_3,F05-20240807-30W,3.756,3.7126136283068787
surface_total_rust_pct,RandomForest,gss_3,F05-20240902-33W,5.633,5.636705153439152
surface_total_rust_pct,RandomForest,gss_3,F05-20240918-36W,3.594,3.5905232937710427
surface_total_rust_pct,RandomForest,gss_3,G01-20240110-0W,0.0,0.0009389883527399876
surface_total_rust_pct,RandomForest,gss_3,G01-20240124-2W,0.0,0.0009389883527399876
surface_total_rust_pct,RandomForest,gss_3,G01-20240207-4W,0.0,0.0009389883527399876
surface_total_rust_pct,RandomForest,gss_3,G01-20240221-6W,0.0,0.0009389883527399876
surface_total_rust_pct,RandomForest,gss_3,G01-20240306-8W,0.0,0.0009389883527399876
surface_total_rust_pct,RandomForest,gss_3,G01-20240320-10W,0.0,0.0009389883527399876
surface_total_rust_pct,RandomForest,gss_3,G01-20240405-12W,0.0,0.0009389883527399876
surface_total_rust_pct,RandomForest,gss_3,G01-20240417-14W,0.0,0.0009389883527399876
surface_total_rust_pct,RandomForest,gss_3,G01-20240508-17W,0.0,0.0009389883527399876
surface_total_rust_pct,RandomForest,gss_3,G01-20240522-19W,0.0,0.0009389883527399876
surface_total_rust_pct,RandomForest,gss_3,G01-20240529-20W,0.0,0.0009389883527399876
surface_total_rust_pct,RandomForest,gss_3,G01-20240619-23W,0.001,0.0009389883527399876
surface_total_rust_pct,RandomForest,gss_3,G01-20240626-24W,0.0,0.0009389883527399876
surface_total_rust_pct,RandomForest,gss_3,G01-20240710-26W,0.0,0.0009389883527399876
surface_total_rust_pct,RandomForest,gss_3,G01-20240724-28W,0.0,0.0009389883527399876
surface_total_rust_pct,RandomForest,gss_3,G01-20240807-30W,0.0,0.0009389883527399876
surface_total_rust_pct,RandomForest,gss_3,G01-20240902-33W,0.0,0.0009389883527399876
surface_total_rust_pct,RandomForest,gss_3,G01-20240918-36W,0.0,0.0009389883527399876
surface_total_rust_pct,RandomForest,gss_3,G06-20240110-0W,0.006,0.004721279011405205
surface_total_rust_pct,RandomForest,gss_3,G06-20240124-2W,0.0,0.0009389883527399876
surface_total_rust_pct,RandomForest,gss_3,G06-20240207-4W,0.004,0.0017626913554294082
surface_total_rust_pct,RandomForest,gss_3,G06-20240221-6W,0.0,0.0009389883527399876
surface_total_rust_pct,RandomForest,gss_3,G06-20240306-8W,0.0,0.0009389883527399876
surface_total_rust_pct,RandomForest,gss_3,G06-20240320-10W,0.009,0.00915334172462123
surface_total_rust_pct,RandomForest,gss_3,G06-20240405-12W,0.006,0.004390109288327095
surface_total_rust_pct,RandomForest,gss_3,G06-20240417-14W,0.051,0.050237465167123234
surface_total_rust_pct,RandomForest,gss_3,G06-20240508-17W,0.247,0.2468188559622638
surface_total_rust_pct,RandomForest,gss_3,G06-20240522-19W,0.292,0.295393262571292
surface_total_rust_pct,RandomForest,gss_3,G06-20240529-20W,0.164,0.1603209969090072
surface_total_rust_pct,RandomForest,gss_3,G06-20240619-23W,0.624,0.6368541341679763
surface_total_rust_pct,RandomForest,gss_3,G06-20240626-24W,0.883,0.8752403126318123
surface_total_rust_pct,RandomForest,gss_3,G06-20240710-26W,0.153,0.1521759022745115
surface_total_rust_pct,RandomForest,gss_3,G06-20240724-28W,0.081,0.08183680785113986
surface_total_rust_pct,RandomForest,gss_3,G06-20240807-30W,0.732,0.7255344314123989
surface_total_rust_pct,RandomForest,gss_3,G06-20240902-33W,0.493,0.47276430000555003
surface_total_rust_pct,RandomForest,gss_3,G06-20240918-36W,0.344,0.34054226218014316
surface_total_rust_pct,RandomForest,gss_3,S1MI07-20220518-0W,0.238,0.24357048628540304
surface_total_rust_pct,RandomForest,gss_3,S1MI07-20220603-2W,0.976,0.9857304842009845
surface_total_rust_pct,RandomForest,gss_3,S1MI07-20220609-3W,0.234,0.24034723724951695
surface_total_rust_pct,RandomForest,gss_3,S1MI07-20220616-4W,0.139,0.14126075174260463
surface_total_rust_pct,RandomForest,gss_3,S1MI07-20220623-5W,0.349,0.3427505113134058
surface_total_rust_pct,RandomForest,gss_3,S1MI07-20220630-6W,0.403,0.4017621344292963
surface_total_rust_pct,RandomForest,gss_3,S1MI07-20220708-7W,0.228,0.23617508583613328
surface_total_rust_pct,RandomForest,gss_3,S1MI07-20220714-8W,0.557,0.5464414224571721
surface_total_rust_pct,RandomForest,gss_3,S1MI07-20220721-9W,0.693,0.690984109071484
surface_total_rust_pct,RandomForest,gss_3,S1MI07-20220802-10W,0.79,0.7905738197450699
surface_total_rust_pct,RandomForest,gss_3,S1MI07-20220822-13W,0.152,0.15326593571292266
surface_total_rust_pct,RandomForest,gss_3,S1MI07-20220906-15W,1.262,1.2894451831316829
surface_total_rust_pct,RandomForest,gss_3,S1MI07-20221102-24W,1.882,1.844342499999999
surface_total_rust_pct,RandomForest,gss_3,S1MI07-20221110-25W,1.393,1.4193703769841266
surface_total_rust_pct,RandomForest,gss_3,S1MI07-20221206-28W,2.019,2.001181111111111
surface_total_rust_pct,RandomForest,gss_3,S2SA07-20220518-0W,0.027,0.02857860560683643
surface_total_rust_pct,RandomForest,gss_3,S2SA07-20220603-2W,0.025,0.025118519042225704
surface_total_rust_pct,RandomForest,gss_3,S2SA07-20220609-3W,0.034,0.03339028821996573
surface_total_rust_pct,RandomForest,gss_3,S2SA07-20220616-4W,0.024,0.024820552922817842
surface_total_rust_pct,RandomForest,gss_3,S2SA07-20220623-5W,0.019,0.015235936734415097
surface_total_rust_pct,RandomForest,gss_3,S2SA07-20220630-6W,0.016,0.014321663452156486
surface_total_rust_pct,RandomForest,gss_3,S2SA07-20220708-7W,0.065,0.06494170982623433
surface_total_rust_pct,RandomForest,gss_3,S2SA07-20220714-8W,0.06,0.056401092531489304
surface_total_rust_pct,RandomForest,gss_3,S2SA07-20220721-9W,0.067,0.06748899569122725
surface_total_rust_pct,RandomForest,gss_3,S2SA07-20220802-10W,0.085,0.08224728651914406
surface_total_rust_pct,RandomForest,gss_3,S2SA07-20220822-13W,0.031,0.03031069332273411
surface_total_rust_pct,RandomForest,gss_3,S2SA07-20220906-15W,0.375,0.36741653926398415
surface_total_rust_pct,RandomForest,gss_3,S2SA07-20221102-24W,6.173,6.245486355311356
surface_total_rust_pct,RandomForest,gss_3,S2SA07-20221110-25W,7.608,7.477762555046803
surface_total_rust_pct,RandomForest,gss_3,S2SA07-20221206-28W,15.038,18.28707064285714
surface_total_rust_pct,RandomForest,gss_3,S3PA02-20220518-0W,0.146,0.14982083558549286
surface_total_rust_pct,RandomForest,gss_3,S3PA02-20220603-2W,0.26,0.25816696666306965
surface_total_rust_pct,RandomForest,gss_3,S3PA02-20220609-3W,0.137,0.13380266066670596
surface_total_rust_pct,RandomForest,gss_3,S3PA02-20220616-4W,0.032,0.03083619412332708
surface_total_rust_pct,RandomForest,gss_3,S3PA02-20220623-5W,0.065,0.06790264582999211
surface_total_rust_pct,RandomForest,gss_3,S3PA02-20220630-6W,0.314,0.30795689750138316
surface_total_rust_pct,RandomForest,gss_3,S3PA02-20220708-7W,0.179,0.18236666730650386
surface_total_rust_pct,RandomForest,gss_3,S3PA02-20220714-8W,0.162,0.16041418738519767
surface_total_rust_pct,RandomForest,gss_3,S3PA02-20220721-9W,0.275,0.2801776159850173
surface_total_rust_pct,RandomForest,gss_3,S3PA02-20220802-10W,0.351,0.3478750011245209
surface_total_rust_pct,RandomForest,gss_3,S3PA02-20220822-13W,0.214,0.21018013903971747
surface_total_rust_pct,RandomForest,gss_3,S3PA02-20220906-15W,0.394,0.39624691900800757
surface_total_rust_pct,RandomForest,gss_3,S3PA02-20221102-24W,1.236,1.2684816265401255
surface_total_rust_pct,RandomForest,gss_3,S3PA02-20221110-25W,1.094,1.0985032376974873
surface_total_rust_pct,RandomForest,gss_3,S3PA02-20221206-28W,3.8,3.7904349814814844
surface_total_rust_pct,RandomForest,gss_3,S3PA03-20220518-0W,0.044,0.042809040604609404
surface_total_rust_pct,RandomForest,gss_3,S3PA03-20220603-2W,0.249,0.24691726541392323
surface_total_rust_pct,RandomForest,gss_3,S3PA03-20220609-3W,0.109,0.10999877615498159
surface_total_rust_pct,RandomForest,gss_3,S3PA03-20220616-4W,0.027,0.028773882900849354
surface_total_rust_pct,RandomForest,gss_3,S3PA03-20220623-5W,0.111,0.11188419871594163
surface_total_rust_pct,RandomForest,gss_3,S3PA03-20220630-6W,0.213,0.21208528877580676
surface_total_rust_pct,RandomForest,gss_3,S3PA03-20220708-7W,0.157,0.1547018042045818
surface_total_rust_pct,RandomForest,gss_3,S3PA03-20220714-8W,0.191,0.19133172808612164
surface_total_rust_pct,RandomForest,gss_3,S3PA03-20220721-9W,0.234,0.2409329242384539
surface_total_rust_pct,RandomForest,gss_3,S3PA03-20220802-10W,0.377,0.3668854424857623
surface_total_rust_pct,RandomForest,gss_3,S3PA03-20220822-13W,0.298,0.29956066710856755
surface_total_rust_pct,RandomForest,gss_3,S3PA03-20220906-15W,0.467,0.4682312993950493
surface_total_rust_pct,RandomForest,gss_3,S3PA03-20221102-24W,4.579,4.600977091269843
surface_total_rust_pct,RandomForest,gss_3,S3PA03-20221110-25W,6.525,6.591118297619057
surface_total_rust_pct,RandomForest,gss_3,S3PA03-20221206-28W,8.862,8.926254277777776
surface_total_rust_pct,RandomForest,gss_3,S4SAVF03-20220518-0W,0.0,0.0009389883527399876
surface_total_rust_pct,RandomForest,gss_3,S4SAVF03-20220603-2W,0.007,0.005124100370150083
surface_total_rust_pct,RandomForest,gss_3,S4SAVF03-20220609-3W,0.049,0.04925508624507499
surface_total_rust_pct,RandomForest,gss_3,S4SAVF03-20220616-4W,0.075,0.07267224203175812
surface_total_rust_pct,RandomForest,gss_3,S4SAVF03-20220623-5W,0.098,0.09465140403856676
surface_total_rust_pct,RandomForest,gss_3,S4SAVF03-20220630-6W,0.237,0.24109281221588194
surface_total_rust_pct,RandomForest,gss_3,S4SAVF03-20220708-7W,0.446,0.4476720861246598
surface_total_rust_pct,RandomForest,gss_3,S4SAVF03-20220714-8W,0.312,0.3062432049508996
surface_total_rust_pct,RandomForest,gss_3,S4SAVF03-20220721-9W,0.574,0.5511318989251488
surface_total_rust_pct,RandomForest,gss_3,S4SAVF03-20220802-10W,0.75,0.7437777008790438
surface_total_rust_pct,RandomForest,gss_3,S4SAVF03-20220822-13W,0.565,0.5394485841103337
surface_total_rust_pct,RandomForest,gss_3,S4SAVF03-20220906-15W,1.834,1.7428414629629643
surface_total_rust_pct,RandomForest,gss_3,S4SAVF03-20221102-24W,22.891,21.322264326118315
surface_total_rust_pct,RandomForest,gss_3,S4SAVF03-20221110-25W,18.37,18.646810888888893
surface_total_rust_pct,RandomForest,gss_3,S4SAVF03-20221206-28W,25.28,22.897669496031735
surface_total_rust_pct,RandomForest,gss_4,E01-20240110-0W,0.0,0.0008044608981231411
surface_total_rust_pct,RandomForest,gss_4,E01-20240124-2W,0.0,0.0008044608981231411
surface_total_rust_pct,RandomForest,gss_4,E01-20240207-4W,0.0,0.0008044608981231411
surface_total_rust_pct,RandomForest,gss_4,E01-20240221-6W,0.04,0.04225359285748789
surface_total_rust_pct,RandomForest,gss_4,E01-20240306-8W,0.659,0.6495571789553042
surface_total_rust_pct,RandomForest,gss_4,E01-20240320-10W,1.049,1.060159806878307
surface_total_rust_pct,RandomForest,gss_4,E01-20240405-12W,1.081,1.08371680988456
surface_total_rust_pct,RandomForest,gss_4,E01-20240417-14W,1.163,1.160273946562696
surface_total_rust_pct,RandomForest,gss_4,E01-20240522-19W,1.208,1.1917713046675538
surface_total_rust_pct,RandomForest,gss_4,E01-20240529-20W,0.945,0.9336082162097169
surface_total_rust_pct,RandomForest,gss_4,E01-20240619-23W,3.33,3.273377390211642
surface_total_rust_pct,RandomForest,gss_4,E01-20240626-24W,4.772,4.73044418025493
surface_total_rust_pct,RandomForest,gss_4,E01-20240710-26W,3.044,3.0010465161135165
surface_total_rust_pct,RandomForest,gss_4,E01-20240724-28W,4.921,4.948656344757095
surface_total_rust_pct,RandomForest,gss_4,E01-20240807-30W,4.181,4.144160198412701
surface_total_rust_pct,RandomForest,gss_4,E01-20240902-33W,3.13,3.136486059042809
surface_total_rust_pct,RandomForest,gss_4,E01-20240918-36W,2.707,2.6893841794871793
surface_total_rust_pct,RandomForest,gss_4,E02-20240110-0W,0.066,0.06645709249365472
surface_total_rust_pct,RandomForest,gss_4,E02-20240124-2W,0.005,0.002663029449349048
surface_total_rust_pct,RandomForest,gss_4,E02-20240207-4W,0.107,0.10965983572685988
surface_total_rust_pct,RandomForest,gss_4,E02-20240221-6W,0.073,0.07185982614803464
surface_total_rust_pct,RandomForest,gss_4,E02-20240306-8W,0.984,0.9852521569264076
surface_total_rust_pct,RandomForest,gss_4,E02-20240320-10W,2.769,2.7556978395400904
surface_total_rust_pct,RandomForest,gss_4,E02-20240405-12W,3.581,3.558828476190475
surface_total_rust_pct,RandomForest,gss_4,E02-20240417-14W,4.15,4.144297982142856
surface_total_rust_pct,RandomForest,gss_4,E02-20240508-17W,3.186,3.157389947089947
surface_total_rust_pct,RandomForest,gss_4,E02-20240522-19W,6.69,6.615316386243389
surface_total_rust_pct,RandomForest,gss_4,E02-20240529-20W,3.013,3.0441189682539687
surface_total_rust_pct,RandomForest,gss_4,E02-20240619-23W,6.32,6.4024599006734055
surface_total_rust_pct,RandomForest,gss_4,E02-20240626-24W,6.941,7.10662259920635
surface_total_rust_pct,RandomForest,gss_4,E02-20240710-26W,4.343,4.367447177965549
surface_total_rust_pct,RandomForest,gss_4,E02-20240724-28W,9.456,9.492726267195765
surface_total_rust_pct,RandomForest,gss_4,E02-20240807-30W,6.552,6.515210711640213
surface_total_rust_pct,RandomForest,gss_4,E02-20240902-33W,6.545,6.4954952989418
surface_total_rust_pct,RandomForest,gss_4,E02-20240918-36W,3.178,3.1597928505290978
surface_total_rust_pct,RandomForest,gss_4,E04-20240110-0W,0.0,0.0008044608981231411
surface_total_rust_pct,RandomForest,gss_4,E04-20240124-2W,0.0,0.0008044608981231411
surface_total_rust_pct,RandomForest,gss_4,E04-20240207-4W,0.001,0.0008044608981231411
surface_total_rust_pct,RandomForest,gss_4,E04-20240221-6W,0.0,0.0008044608981231411
surface_total_rust_pct,RandomForest,gss_4,E04-20240306-8W,0.466,0.47203362773800267
surface_total_rust_pct,RandomForest,gss_4,E04-20240320-10W,0.826,0.8372180903078407
surface_total_rust_pct,RandomForest,gss_4,E04-20240405-12W,0.696,0.6938458207764455
surface_total_rust_pct,RandomForest,gss_4,E04-20240417-14W,0.778,0.8061025128667629
surface_total_rust_pct,RandomForest,gss_4,E04-20240508-17W,1.919,2.583871218253967
surface_total_rust_pct,RandomForest,gss_4,E04-20240522-19W,0.829,0.8367074725829731
surface_total_rust_pct,RandomForest,gss_4,E04-20240529-20W,0.242,0.24193319334190258
surface_total_rust_pct,RandomForest,gss_4,E04-20240619-23W,3.321,3.2975949505771993
surface_total_rust_pct,RandomForest,gss_4,E04-20240626-24W,4.566,4.507276831464836
surface_total_rust_pct,RandomForest,gss_4,E04-20240710-26W,2.739,2.7055678845136346
surface_total_rust_pct,RandomForest,gss_4,E04-20240724-28W,6.245,6.332524019721021
surface_total_rust_pct,RandomForest,gss_4,E04-20240807-30W,5.742,5.667620142857146
surface_total_rust_pct,RandomForest,gss_4,E04-20240902-33W,6.776,6.624535001322754
surface_total_rust_pct,RandomForest,gss_4,E04-20240918-36W,3.274,3.2446888373015863
surface_total_rust_pct,RandomForest,gss_4,F01-20240110-0W,0.0,0.0008044608981231411
surface_total_rust_pct,RandomForest,gss_4,F01-20240124-2W,0.0,0.0008044608981231411
surface_total_rust_pct,RandomForest,gss_4,F01-20240207-4W,0.001,0.0008044608981231411
surface_total_rust_pct,RandomForest,gss_4,F01-20240221-6W,0.0,0.0008044608981231411
surface_total_rust_pct,RandomForest,gss_4,F01-20240306-8W,0.0,0.0008044608981231411
surface_total_rust_pct,RandomForest,gss_4,F01-20240320-10W,0.106,0.10800881231852102
surface_total_rust_pct,RandomForest,gss_4,F01-20240405-12W,0.027,0.027967278763417085
surface_total_rust_pct,RandomForest,gss_4,F01-20240417-14W,0.317,0.3075762913693378
surface_total_rust_pct,RandomForest,gss_4,F01-20240508-17W,0.12,0.11957424776478272
surface_total_rust_pct,RandomForest,gss_4,F01-20240522-19W,0.706,0.7122053265900761
surface_total_rust_pct,RandomForest,gss_4,F01-20240529-20W,0.129,0.13251271273874612
surface_total_rust_pct,RandomForest,gss_4,F01-20240619-23W,0.873,0.8889079223184226
surface_total_rust_pct,RandomForest,gss_4,F01-20240626-24W,1.008,1.0045070582010582
surface_total_rust_pct,RandomForest,gss_4,F01-20240710-26W,0.9,0.9070644838864841
surface_total_rust_pct,RandomForest,gss_4,F01-20240724-28W,3.231,3.200203257455508
surface_total_rust_pct,RandomForest,gss_4,F01-20240807-30W,1.697,1.6951779563492064
surface_total_rust_pct,RandomForest,gss_4,F01-20240902-33W,1.648,1.6467092380952388
surface_total_rust_pct,RandomForest,gss_4,F01-20240918-36W,1.132,1.1321176612554114
surface_total_rust_pct,RandomForest,gss_4,F02-20240110-0W,0.0,0.0008044608981231411
surface_total_rust_pct,RandomForest,gss_4,F02-20240124-2W,0.0,0.0008044608981231411
surface_total_rust_pct,RandomForest,gss_4,F02-20240207-4W,0.0,0.0008044608981231411
surface_total_rust_pct,RandomForest,gss_4,F02-20240221-6W,0.0,0.0008044608981231411
surface_total_rust_pct,RandomForest,gss_4,F02-20240306-8W,0.027,0.02816427931323142
surface_total_rust_pct,RandomForest,gss_4,F02-20240320-10W,0.059,0.05817840555880089
surface_total_rust_pct,RandomForest,gss_4,F02-20240405-12W,0.152,0.15361544174113403
surface_total_rust_pct,RandomForest,gss_4,F02-20240417-14W,0.205,0.20423737709466291
surface_total_rust_pct,RandomForest,gss_4,F02-20240508-17W,0.636,0.6399120014615016
surface_total_rust_pct,RandomForest,gss_4,F02-20240522-19W,1.627,1.6077239047619054
surface_total_rust_pct,RandomForest,gss_4,F02-20240529-20W,0.3,0.29982731617424296
surface_total_rust_pct,RandomForest,gss_4,F02-20240619-23W,3.719,3.6958626446608953
surface_total_rust_pct,RandomForest,gss_4,F02-20240626-24W,4.85,4.861684293650793
surface_total_rust_pct,RandomForest,gss_4,F02-20240710-26W,6.675,6.868992576719581
surface_total_rust_pct,RandomForest,gss_4,F02-20240724-28W,6.941,7.115021857142858
surface_total_rust_pct,RandomForest,gss_4,F02-20240807-30W,4.151,4.176860156746032
surface_total_rust_pct,RandomForest,gss_4,F02-20240902-33W,5.736,5.74050290608466
surface_total_rust_pct,RandomForest,gss_4,F02-20240918-36W,3.389,3.3992321741221754
surface_total_rust_pct,RandomForest,gss_4,F04-20240110-0W,0.037,0.033212505161166535
surface_total_rust_pct,RandomForest,gss_4,F04-20240124-2W,0.048,0.04588147737601698
surface_total_rust_pct,RandomForest,gss_4,F04-20240207-4W,0.122,0.11957267460025282
surface_total_rust_pct,RandomForest,gss_4,F04-20240221-6W,0.001,0.0008044608981231411
surface_total_rust_pct,RandomForest,gss_4,F04-20240306-8W,0.698,0.6866926516307765
surface_total_rust_pct,RandomForest,gss_4,F04-20240320-10W,5.076,5.057842524410773
surface_total_rust_pct,RandomForest,gss_4,F04-20240405-12W,6.984,6.915311082010587
surface_total_rust_pct,RandomForest,gss_4,F04-20240417-14W,9.464,9.245772632275127
surface_total_rust_pct,RandomForest,gss_4,F04-20240508-17W,8.983,8.80882983068783
surface_total_rust_pct,RandomForest,gss_4,F04-20240522-19W,6.765,6.633235564814816
surface_total_rust_pct,RandomForest,gss_4,F04-20240529-20W,7.543,7.365539289682541
surface_total_rust_pct,RandomForest,gss_4,F04-20240619-23W,9.828,9.865759965608454
surface_total_rust_pct,RandomForest,gss_4,F04-20240626-24W,11.835,11.953281079365091
surface_total_rust_pct,RandomForest,gss_4,F04-20240710-26W,10.881,10.949482845238094
surface_total_rust_pct,RandomForest,gss_4,F04-20240724-28W,12.656,12.820313039682546
surface_total_rust_pct,RandomForest,gss_4,F04-20240807-30W,10.801,11.059993166666674
surface_total_rust_pct,RandomForest,gss_4,F04-20240902-33W,9.888,10.093154044973538
surface_total_rust_pct,RandomForest,gss_4,F04-20240918-36W,7.361,7.373975452380954
surface_total_rust_pct,RandomForest,gss_4,S1MI03-20220518-0W,0.356,0.35010351977167126
surface_total_rust_pct,RandomForest,gss_4,S1MI03-20220603-2W,0.758,0.7499888855311356
surface_total_rust_pct,RandomForest,gss_4,S1MI03-20220609-3W,0.463,0.46422788170625673
surface_total_rust_pct,RandomForest,gss_4,S1MI03-20220616-4W,0.303,0.3016409974549188
surface_total_rust_pct,RandomForest,gss_4,S1MI03-20220623-5W,0.471,0.4673141666990416
surface_total_rust_pct,RandomForest,gss_4,S1MI03-20220630-6W,0.686,0.6927081447487693
surface_total_rust_pct,RandomForest,gss_4,S1MI03-20220708-7W,0.282,0.2820534799054824
surface_total_rust_pct,RandomForest,gss_4,S1MI03-20220714-8W,0.344,0.34612809311012627
surface_total_rust_pct,RandomForest,gss_4,S1MI03-20220721-9W,0.528,0.5390900620490618
surface_total_rust_pct,RandomForest,gss_4,S1MI03-20220802-10W,0.783,0.8024804298941797
surface_total_rust_pct,RandomForest,gss_4,S1MI03-20220822-13W,0.371,0.36837921627059134
surface_total_rust_pct,RandomForest,gss_4,S1MI03-20220906-15W,1.399,1.4245556785714284
surface_total_rust_pct,RandomForest,gss_4,S1MI03-20221102-24W,8.146,8.494539019841271
surface_total_rust_pct,RandomForest,gss_4,S1MI03-20221110-25W,8.899,8.767454068783069
surface_total_rust_pct,RandomForest,gss_4,S1MI03-20221206-28W,12.772,12.857766623015886
surface_total_rust_pct,RandomForest,gss_4,S2SA03-20220518-0W,0.144,0.14690498836420618
surface_total_rust_pct,RandomForest,gss_4,S2SA03-20220603-2W,0.404,0.40080436473974906
surface_total_rust_pct,RandomForest,gss_4,S2SA03-20220609-3W,0.277,0.279383670383992
surface_total_rust_pct,RandomForest,gss_4,S2SA03-20220616-4W,0.32,0.3103611588734224
surface_total_rust_pct,RandomForest,gss_4,S2SA03-20220623-5W,0.481,0.47717699023199023
surface_total_rust_pct,RandomForest,gss_4,S2SA03-20220630-6W,0.729,0.7292919896492397
surface_total_rust_pct,RandomForest,gss_4,S2SA03-20220708-7W,0.615,0.6300872028804534
surface_total_rust_pct,RandomForest,gss_4,S2SA03-20220714-8W,0.997,0.9992268822751328
surface_total_rust_pct,RandomForest,gss_4,S2SA03-20220721-9W,0.993,1.0018683267195774
surface_total_rust_pct,RandomForest,gss_4,S2SA03-20220802-10W,1.048,1.0667072266714763
surface_total_rust_pct,RandomForest,gss_4,S2SA03-20220822-13W,1.165,1.1711940986790987
surface_total_rust_pct,RandomForest,gss_4,S2SA03-20220906-15W,3.124,3.100679312409815
surface_total_rust_pct,RandomForest,gss_4,S2SA03-20221102-24W,21.699,22.59743482671957
surface_total_rust_pct,RandomForest,gss_4,S2SA03-20221110-25W,15.149,15.573131563492055
surface_total_rust_pct,RandomForest,gss_4,S2SA03-20221206-28W,43.177,39.787539469576714
surface_total_rust_pct,RandomForest,gss_4,S2SA07-20220518-0W,0.027,0.0273093405467436
surface_total_rust_pct,RandomForest,gss_4,S2SA07-20220603-2W,0.025,0.02572386586128013
surface_total_rust_pct,RandomForest,gss_4,S2SA07-20220609-3W,0.034,0.033768539434549404
surface_total_rust_pct,RandomForest,gss_4,S2SA07-20220616-4W,0.024,0.025243342345060496
surface_total_rust_pct,RandomForest,gss_4,S2SA07-20220623-5W,0.019,0.015345616457907153
surface_total_rust_pct,RandomForest,gss_4,S2SA07-20220630-6W,0.016,0.013708773198704928
surface_total_rust_pct,RandomForest,gss_4,S2SA07-20220708-7W,0.065,0.06345179430193572
surface_total_rust_pct,RandomForest,gss_4,S2SA07-20220714-8W,0.06,0.057493337813779695
surface_total_rust_pct,RandomForest,gss_4,S2SA07-20220721-9W,0.067,0.06458444830142734
surface_total_rust_pct,RandomForest,gss_4,S2SA07-20220802-10W,0.085,0.08353090813932411
surface_total_rust_pct,RandomForest,gss_4,S2SA07-20220822-13W,0.031,0.029905284783413755
surface_total_rust_pct,RandomForest,gss_4,S2SA07-20220906-15W,0.375,0.3704870050412748
surface_total_rust_pct,RandomForest,gss_4,S2SA07-20221102-24W,6.173,6.18908583056758
surface_total_rust_pct,RandomForest,gss_4,S2SA07-20221110-25W,7.608,7.403021543650792
surface_total_rust_pct,RandomForest,gss_4,S2SA07-20221206-28W,15.038,18.484079607142842
surface_total_rust_pct,RandomForest,gss_4,S4SAVF03-20220518-0W,0.0,0.0008044608981231411
surface_total_rust_pct,RandomForest,gss_4,S4SAVF03-20220603-2W,0.007,0.005617961398885355
surface_total_rust_pct,RandomForest,gss_4,S4SAVF03-20220609-3W,0.049,0.04962176930620137
surface_total_rust_pct,RandomForest,gss_4,S4SAVF03-20220616-4W,0.075,0.07324219154101465
surface_total_rust_pct,RandomForest,gss_4,S4SAVF03-20220623-5W,0.098,0.09500308885847453
surface_total_rust_pct,RandomForest,gss_4,S4SAVF03-20220630-6W,0.237,0.2389629967002939
surface_total_rust_pct,RandomForest,gss_4,S4SAVF03-20220708-7W,0.446,0.44902325195977066
surface_total_rust_pct,RandomForest,gss_4,S4SAVF03-20220714-8W,0.312,0.30441471241379325
surface_total_rust_pct,RandomForest,gss_4,S4SAVF03-20220721-9W,0.574,0.5485490169922672
surface_total_rust_pct,RandomForest,gss_4,S4SAVF03-20220802-10W,0.75,0.7275874242331744
surface_total_rust_pct,RandomForest,gss_4,S4SAVF03-20220822-13W,0.565,0.5393680304232809
surface_total_rust_pct,RandomForest,gss_4,S4SAVF03-20220906-15W,1.834,1.7527231746031748
surface_total_rust_pct,RandomForest,gss_4,S4SAVF03-20221102-24W,22.891,21.49191176719576
surface_total_rust_pct,RandomForest,gss_4,S4SAVF03-20221110-25W,18.37,18.66470735846561
surface_total_rust_pct,RandomForest,gss_4,S4SAVF03-20221206-28W,25.28,23.63665565608463
surface_total_rust_pct,GradientBoosting,gss_0,D05-20240110-0W,0.0,0.00105360499733217
surface_total_rust_pct,GradientBoosting,gss_0,D05-20240124-2W,0.0,0.0009706196666712407
surface_total_rust_pct,GradientBoosting,gss_0,D05-20240207-4W,0.108,0.10803693291565052
surface_total_rust_pct,GradientBoosting,gss_0,D05-20240221-6W,0.057,0.05772763403717329
surface_total_rust_pct,GradientBoosting,gss_0,D05-20240306-8W,5.28,5.336524145993137
surface_total_rust_pct,GradientBoosting,gss_0,D05-20240320-10W,10.883,10.874687567635174
surface_total_rust_pct,GradientBoosting,gss_0,D05-20240405-12W,10.806,10.804889229528907
surface_total_rust_pct,GradientBoosting,gss_0,D05-20240417-14W,14.166,13.992997222155543
surface_total_rust_pct,GradientBoosting,gss_0,D05-20240508-17W,12.551,12.640288920288736
surface_total_rust_pct,GradientBoosting,gss_0,D05-20240522-19W,13.28,13.223800174102328
surface_total_rust_pct,GradientBoosting,gss_0,D05-20240529-20W,9.236,9.288032031621785
surface_total_rust_pct,GradientBoosting,gss_0,D05-20240619-23W,20.139,20.032860663625126
surface_total_rust_pct,GradientBoosting,gss_0,D05-20240626-24W,15.98,15.762574677763562
surface_total_rust_pct,GradientBoosting,gss_0,D05-20240710-26W,13.515,13.235407661327859
surface_total_rust_pct,GradientBoosting,gss_0,D05-20240724-28W,19.174,20.251004576475253
surface_total_rust_pct,GradientBoosting,gss_0,D05-20240807-30W,11.857,12.029051713293814
surface_total_rust_pct,GradientBoosting,gss_0,D05-20240902-33W,16.881,17.334458519606507
surface_total_rust_pct,GradientBoosting,gss_0,D05-20240918-36W,10.999,11.110883294251309
surface_total_rust_pct,GradientBoosting,gss_0,F01-20240110-0W,0.0,0.0017585737221508656
surface_total_rust_pct,GradientBoosting,gss_0,F01-20240124-2W,0.0,0.0021469995936427436
surface_total_rust_pct,GradientBoosting,gss_0,F01-20240207-4W,0.001,0.0008456016247113475
surface_total_rust_pct,GradientBoosting,gss_0,F01-20240221-6W,0.0,0.0011995155629112623
surface_total_rust_pct,GradientBoosting,gss_0,F01-20240306-8W,0.0,0.0011138536826301349
surface_total_rust_pct,GradientBoosting,gss_0,F01-20240320-10W,0.106,0.10553685007939724
surface_total_rust_pct,GradientBoosting,gss_0,F01-20240405-12W,0.027,0.027269981787742207
surface_total_rust_pct,GradientBoosting,gss_0,F01-20240417-14W,0.317,0.32570188108540726
surface_total_rust_pct,GradientBoosting,gss_0,F01-20240508-17W,0.12,0.116472993155696
surface_total_rust_pct,GradientBoosting,gss_0,F01-20240522-19W,0.706,0.6984508067307187
surface_total_rust_pct,GradientBoosting,gss_0,F01-20240529-20W,0.129,0.12796696383827896
surface_total_rust_pct,GradientBoosting,gss_0,F01-20240619-23W,0.873,0.884988535841358
surface_total_rust_pct,GradientBoosting,gss_0,F01-20240626-24W,1.008,1.0148456470123128
surface_total_rust_pct,GradientBoosting,gss_0,F01-20240710-26W,0.9,0.8800471400038488
surface_total_rust_pct,GradientBoosting,gss_0,F01-20240724-28W,3.231,3.216140498428158
surface_total_rust_pct,GradientBoosting,gss_0,F01-20240807-30W,1.697,1.708933315921809
surface_total_rust_pct,GradientBoosting,gss_0,F01-20240902-33W,1.648,1.7113578962718254
surface_total_rust_pct,GradientBoosting,gss_0,F01-20240918-36W,1.132,1.1274481365165594
surface_total_rust_pct,GradientBoosting,gss_0,G02-20240110-0W,0.007,0.006979514831977517
surface_total_rust_pct,GradientBoosting,gss_0,G02-20240124-2W,0.0,0.0008185816719501447
surface_total_rust_pct,GradientBoosting,gss_0,G02-20240207-4W,0.041,0.03944125037347647
surface_total_rust_pct,GradientBoosting,gss_0,G02-20240221-6W,0.01,0.011512040446788496
surface_total_rust_pct,GradientBoosting,gss_0,G02-20240306-8W,0.048,0.04766491451592836
surface_total_rust_pct,GradientBoosting,gss_0,G02-20240320-10W,1.18,1.1720101870466682
surface_total_rust_pct,GradientBoosting,gss_0,G02-20240405-12W,2.718,2.7442978776872256
surface_total_rust_pct,GradientBoosting,gss_0,G02-20240417-14W,3.732,3.7245861877569655
surface_total_rust_pct,GradientBoosting,gss_0,G02-20240508-17W,4.949,4.934187136456292
surface_total_rust_pct,GradientBoosting,gss_0,G02-20240522-19W,5.849,5.849164343940326
surface_total_rust_pct,GradientBoosting,gss_0,G02-20240529-20W,3.328,3.3519446941310838
surface_total_rust_pct,GradientBoosting,gss_0,G02-20240619-23W,5.01,5.02906695840845
surface_total_rust_pct,GradientBoosting,gss_0,G02-20240626-24W,4.448,4.4656028069836715
surface_total_rust_pct,GradientBoosting,gss_0,G02-20240710-26W,2.723,2.738031379678432
surface_total_rust_pct,GradientBoosting,gss_0,G02-20240724-28W,5.212,5.231199166539188
surface_total_rust_pct,GradientBoosting,gss_0,G02-20240807-30W,3.167,3.19289986278597
surface_total_rust_pct,GradientBoosting,gss_0,G02-20240902-33W,2.804,2.813747338217255
surface_total_rust_pct,GradientBoosting,gss_0,G02-20240918-36W,2.513,2.5502307157266206
surface_total_rust_pct,GradientBoosting,gss_0,S1MI01-20220518-0W,0.112,0.11592896952945492
surface_total_rust_pct,GradientBoosting,gss_0,S1MI01-20220603-2W,0.117,0.1174061633013489
surface_total_rust_pct,GradientBoosting,gss_0,S1MI01-20220609-3W,0.28,0.279867383674195
surface_total_rust_pct,GradientBoosting,gss_0,S1MI01-20220616-4W,0.083,0.0835547870598931
surface_total_rust_pct,GradientBoosting,gss_0,S1MI01-20220623-5W,0.26,0.2601455656656055
surface_total_rust_pct,GradientBoosting,gss_0,S1MI01-20220630-6W,0.47,0.4624779648461793
surface_total_rust_pct,GradientBoosting,gss_0,S1MI01-20220708-7W,0.392,0.38590089109013265
surface_total_rust_pct,GradientBoosting,gss_0,S1MI01-20220714-8W,0.635,0.6552711157920704
surface_total_rust_pct,GradientBoosting,gss_0,S1MI01-20220721-9W,0.626,0.60060422148299
surface_total_rust_pct,GradientBoosting,gss_0,S1MI01-20220802-10W,0.448,0.44130256620082514
surface_total_rust_pct,GradientBoosting,gss_0,S1MI01-20220822-13W,0.449,0.4404115120647794
surface_total_rust_pct,GradientBoosting,gss_0,S1MI01-20220906-15W,1.023,0.9978814904434644
surface_total_rust_pct,GradientBoosting,gss_0,S1MI01-20221102-24W,4.059,3.97014385005712
surface_total_rust_pct,GradientBoosting,gss_0,S1MI01-20221110-25W,3.077,3.1022684968653578
surface_total_rust_pct,GradientBoosting,gss_0,S1MI01-20221206-28W,5.111,5.0722651507234335
surface_total_rust_pct,GradientBoosting,gss_0,S1MI02-20220518-0W,0.342,0.34825698533462984
surface_total_rust_pct,GradientBoosting,gss_0,S1MI02-20220603-2W,0.188,0.1926530914834867
surface_total_rust_pct,GradientBoosting,gss_0,S1MI02-20220609-3W,0.209,0.2094876885124306
surface_total_rust_pct,GradientBoosting,gss_0,S1MI02-20220616-4W,0.209,0.2094876885124306
surface_total_rust_pct,GradientBoosting,gss_0,S1MI02-20220623-5W,0.264,0.2614359334951348
surface_total_rust_pct,GradientBoosting,gss_0,S1MI02-20220630-6W,0.399,0.38821262802144996
surface_total_rust_pct,GradientBoosting,gss_0,S1MI02-20220708-7W,0.307,0.30688250531454453
surface_total_rust_pct,GradientBoosting,gss_0,S1MI02-20220714-8W,0.302,0.30671233254507957
surface_total_rust_pct,GradientBoosting,gss_0,S1MI02-20220721-9W,0.183,0.18054063303867496
surface_total_rust_pct,GradientBoosting,gss_0,S1MI02-20220802-10W,0.247,0.24208267112781154
surface_total_rust_pct,GradientBoosting,gss_0,S1MI02-20220822-13W,0.141,0.14150631457445403
surface_total_rust_pct,GradientBoosting,gss_0,S1MI02-20220906-15W,0.478,0.49077036597576323
surface_total_rust_pct,GradientBoosting,gss_0,S1MI02-20221102-24W,9.584,9.465400945599038
surface_total_rust_pct,GradientBoosting,gss_0,S1MI02-20221110-25W,4.58,4.576318596618359
surface_total_rust_pct,GradientBoosting,gss_0,S1MI02-20221206-28W,8.318,8.269282925968701
surface_total_rust_pct,GradientBoosting,gss_0,S1MI03-20220518-0W,0.356,0.3463610698269713
surface_total_rust_pct,GradientBoosting,gss_0,S1MI03-20220603-2W,0.758,0.725821087213701
surface_total_rust_pct,GradientBoosting,gss_0,S1MI03-20220609-3W,0.463,0.45792277082081323
surface_total_rust_pct,GradientBoosting,gss_0,S1MI03-20220616-4W,0.303,0.3050227026059934
surface_total_rust_pct,GradientBoosting,gss_0,S1MI03-20220623-5W,0.471,0.4597770679676402
surface_total_rust_pct,GradientBoosting,gss_0,S1MI03-20220630-6W,0.686,0.6914692470893489
surface_total_rust_pct,GradientBoosting,gss_0,S1MI03-20220708-7W,0.282,0.2838043697954175
surface_total_rust_pct,GradientBoosting,gss_0,S1MI03-20220714-8W,0.344,0.3455356399651448
surface_total_rust_pct,GradientBoosting,gss_0,S1MI03-20220721-9W,0.528,0.5351271150717746
surface_total_rust_pct,GradientBoosting,gss_0,S1MI03-20220802-10W,0.783,0.7882280679328298
surface_total_rust_pct,GradientBoosting,gss_0,S1MI03-20220822-13W,0.371,0.37202013682112384
surface_total_rust_pct,GradientBoosting,gss_0,S1MI03-20220906-15W,1.399,1.369265565938492
surface_total_rust_pct,GradientBoosting,gss_0,S1MI03-20221102-24W,8.146,8.205177443132317
surface_total_rust_pct,GradientBoosting,gss_0,S1MI03-20221110-25W,8.899,8.913513226911991
surface_total_rust_pct,GradientBoosting,gss_0,S1MI03-20221206-28W,12.772,12.657402135816682
surface_total_rust_pct,GradientBoosting,gss_0,S1MI04-20220518-0W,0.296,0.2894920223331936
surface_total_rust_pct,GradientBoosting,gss_0,S1MI04-20220603-2W,0.636,0.6573973291635272
surface_total_rust_pct,GradientBoosting,gss_0,S1MI04-20220609-3W,0.629,0.6069358064016964
surface_total_rust_pct,GradientBoosting,gss_0,S1MI04-20220616-4W,0.396,0.3866529306486982
surface_total_rust_pct,GradientBoosting,gss_0,S1MI04-20220623-5W,0.854,0.8391171048078666
surface_total_rust_pct,GradientBoosting,gss_0,S1MI04-20220630-6W,0.994,1.0048647759869855
surface_total_rust_pct,GradientBoosting,gss_0,S1MI04-20220708-7W,0.954,0.9248157450775283
surface_total_rust_pct,GradientBoosting,gss_0,S1MI04-20220714-8W,1.231,1.2656183769969744
surface_total_rust_pct,GradientBoosting,gss_0,S1MI04-20220721-9W,1.234,1.270105142550976
surface_total_rust_pct,GradientBoosting,gss_0,S1MI04-20220802-10W,2.278,2.2432065343826695
surface_total_rust_pct,GradientBoosting,gss_0,S1MI04-20220822-13W,1.17,1.1557078460252581
surface_total_rust_pct,GradientBoosting,gss_0,S1MI04-20220906-15W,4.25,4.214342597494601
surface_total_rust_pct,GradientBoosting,gss_0,S1MI04-20221102-24W,24.223,23.901928204259445
surface_total_rust_pct,GradientBoosting,gss_0,S1MI04-20221110-25W,16.735,16.466918149943094
surface_total_rust_pct,GradientBoosting,gss_0,S1MI04-20221206-28W,32.041,29.54883038601341
surface_total_rust_pct,GradientBoosting,gss_0,S2SA07-20220518-0W,0.027,0.023149556679191406
surface_total_rust_pct,GradientBoosting,gss_0,S2SA07-20220603-2W,0.025,0.025400016234879554
surface_total_rust_pct,GradientBoosting,gss_0,S2SA07-20220609-3W,0.034,0.03494190611919523
surface_total_rust_pct,GradientBoosting,gss_0,S2SA07-20220616-4W,0.024,0.024870642864605233
surface_total_rust_pct,GradientBoosting,gss_0,S2SA07-20220623-5W,0.019,0.01689881175440521
surface_total_rust_pct,GradientBoosting,gss_0,S2SA07-20220630-6W,0.016,0.015343660846575556
surface_total_rust_pct,GradientBoosting,gss_0,S2SA07-20220708-7W,0.065,0.0657285106299353
surface_total_rust_pct,GradientBoosting,gss_0,S2SA07-20220714-8W,0.06,0.059008774956750734
surface_total_rust_pct,GradientBoosting,gss_0,S2SA07-20220721-9W,0.067,0.06534260891403312
surface_total_rust_pct,GradientBoosting,gss_0,S2SA07-20220802-10W,0.085,0.083518757253494
surface_total_rust_pct,GradientBoosting,gss_0,S2SA07-20220822-13W,0.031,0.03185682984846023
surface_total_rust_pct,GradientBoosting,gss_0,S2SA07-20220906-15W,0.375,0.37032925331800454
surface_total_rust_pct,GradientBoosting,gss_0,S2SA07-20221102-24W,6.173,6.098002698695714
surface_total_rust_pct,GradientBoosting,gss_0,S2SA07-20221110-25W,7.608,7.5319017596920075
surface_total_rust_pct,GradientBoosting,gss_0,S2SA07-20221206-28W,15.038,16.919308645999408
surface_total_rust_pct,GradientBoosting,gss_0,S3PA03-20220518-0W,0.044,0.04235959824327416
surface_total_rust_pct,GradientBoosting,gss_0,S3PA03-20220603-2W,0.249,0.24149188481566264
surface_total_rust_pct,GradientBoosting,gss_0,S3PA03-20220609-3W,0.109,0.10577045339642378
surface_total_rust_pct,GradientBoosting,gss_0,S3PA03-20220616-4W,0.027,0.027403500812896067
surface_total_rust_pct,GradientBoosting,gss_0,S3PA03-20220623-5W,0.111,0.11565788666278595
surface_total_rust_pct,GradientBoosting,gss_0,S3PA03-20220630-6W,0.213,0.22232931966014155
surface_total_rust_pct,GradientBoosting,gss_0,S3PA03-20220708-7W,0.157,0.1528325290991714
surface_total_rust_pct,GradientBoosting,gss_0,S3PA03-20220714-8W,0.191,0.19273050434703667
surface_total_rust_pct,GradientBoosting,gss_0,S3PA03-20220721-9W,0.234,0.23064371813122975
surface_total_rust_pct,GradientBoosting,gss_0,S3PA03-20220802-10W,0.377,0.37531498419111964
surface_total_rust_pct,GradientBoosting,gss_0,S3PA03-20220822-13W,0.298,0.3074764966856789
surface_total_rust_pct,GradientBoosting,gss_0,S3PA03-20220906-15W,0.467,0.46491289667582175
surface_total_rust_pct,GradientBoosting,gss_0,S3PA03-20221102-24W,4.579,4.573189062691997
surface_total_rust_pct,GradientBoosting,gss_0,S3PA03-20221110-25W,6.525,6.541768654578587
surface_total_rust_pct,GradientBoosting,gss_0,S3PA03-20221206-28W,8.862,8.921611897875206
surface_total_rust_pct,GradientBoosting,gss_0,S4SAVF02-20220518-0W,0.001,0.0019371105848496714
surface_total_rust_pct,GradientBoosting,gss_0,S4SAVF02-20220603-2W,0.001,0.002193275666488428
surface_total_rust_pct,GradientBoosting,gss_0,S4SAVF02-20220609-3W,0.001,0.002306550900340554
surface_total_rust_pct,GradientBoosting,gss_0,S4SAVF02-20220616-4W,0.002,0.0042899177983142895
surface_total_rust_pct,GradientBoosting,gss_0,S4SAVF02-20220623-5W,0.002,0.004327639964469767
surface_total_rust_pct,GradientBoosting,gss_0,S4SAVF02-20220630-6W,0.002,0.004164846321891147
surface_total_rust_pct,GradientBoosting,gss_0,S4SAVF02-20220708-7W,0.005,0.005722370971149211
surface_total_rust_pct,GradientBoosting,gss_0,S4SAVF02-20220714-8W,0.004,0.005216064309501169
surface_total_rust_pct,GradientBoosting,gss_0,S4SAVF02-20220721-9W,0.005,0.0063139781913370725
surface_total_rust_pct,GradientBoosting,gss_0,S4SAVF02-20220802-10W,0.011,0.009999569996699379
surface_total_rust_pct,GradientBoosting,gss_0,S4SAVF02-20220822-13W,0.005,0.004775805704350131
surface_total_rust_pct,GradientBoosting,gss_0,S4SAVF02-20220906-15W,0.042,0.040894984776886315
surface_total_rust_pct,GradientBoosting,gss_0,S4SAVF02-20221102-24W,1.093,1.0973426303417648
surface_total_rust_pct,GradientBoosting,gss_0,S4SAVF02-20221110-25W,1.301,1.2784226231596931
surface_total_rust_pct,GradientBoosting,gss_0,S4SAVF02-20221206-28W,5.426,5.410570491726179
surface_total_rust_pct,GradientBoosting,gss_1,D01-20240110-0W,0.003,0.004025894340024252
surface_total_rust_pct,GradientBoosting,gss_1,D01-20240124-2W,0.0,0.0007734719465223389
surface_total_rust_pct,GradientBoosting,gss_1,D01-20240207-4W,0.006,0.00662698245577469
surface_total_rust_pct,GradientBoosting,gss_1,D01-20240221-6W,0.0,0.0015956876053122896
surface_total_rust_pct,GradientBoosting,gss_1,D01-20240306-8W,0.081,0.08149821369160386
surface_total_rust_pct,GradientBoosting,gss_1,D01-20240320-10W,0.565,0.5972745532367026
surface_total_rust_pct,GradientBoosting,gss_1,D01-20240405-12W,0.194,0.1890381983779035
surface_total_rust_pct,GradientBoosting,gss_1,D01-20240417-14W,0.676,0.6419825543878888
surface_total_rust_pct,GradientBoosting,gss_1,D01-20240508-17W,0.96,0.9589756068922841
surface_total_rust_pct,GradientBoosting,gss_1,D01-20240522-19W,0.893,0.9169692100749912
surface_total_rust_pct,GradientBoosting,gss_1,D01-20240529-20W,0.655,0.6400061288138977
surface_total_rust_pct,GradientBoosting,gss_1,D01-20240619-23W,1.197,1.2394184093006375
surface_total_rust_pct,GradientBoosting,gss_1,D01-20240626-24W,1.555,1.592016442805746
surface_total_rust_pct,GradientBoosting,gss_1,D01-20240710-26W,1.003,1.0106250410981994
surface_total_rust_pct,GradientBoosting,gss_1,D01-20240724-28W,2.063,2.041847664993021
surface_total_rust_pct,GradientBoosting,gss_1,D01-20240807-30W,1.077,1.0957882612385759
surface_total_rust_pct,GradientBoosting,gss_1,D01-20240902-33W,1.586,1.5980587832732753
surface_total_rust_pct,GradientBoosting,gss_1,D01-20240918-36W,0.943,0.9466079161008165
surface_total_rust_pct,GradientBoosting,gss_1,D03-20240110-0W,0.0,0.0009275650040709752
surface_total_rust_pct,GradientBoosting,gss_1,D03-20240124-2W,0.0,0.0007845782030894912
surface_total_rust_pct,GradientBoosting,gss_1,D03-20240207-4W,0.008,0.008679252419500995
surface_total_rust_pct,GradientBoosting,gss_1,D03-20240221-6W,0.0,0.0007845782030894912
surface_total_rust_pct,GradientBoosting,gss_1,D03-20240306-8W,0.023,0.02166567547732961
surface_total_rust_pct,GradientBoosting,gss_1,D03-20240320-10W,0.069,0.06642031235559426
surface_total_rust_pct,GradientBoosting,gss_1,D03-20240405-12W,0.0,0.0017832118065459323
surface_total_rust_pct,GradientBoosting,gss_1,D03-20240417-14W,0.051,0.051703994614118925
surface_total_rust_pct,GradientBoosting,gss_1,D03-20240508-17W,0.09,0.08807431801086221
surface_total_rust_pct,GradientBoosting,gss_1,D03-20240522-19W,0.041,0.03988297300870739
surface_total_rust_pct,GradientBoosting,gss_1,D03-20240529-20W,0.029,0.02930568442920052
surface_total_rust_pct,GradientBoosting,gss_1,D03-20240619-23W,0.071,0.07033665361289447
surface_total_rust_pct,GradientBoosting,gss_1,D03-20240626-24W,0.082,0.08154098847498918
surface_total_rust_pct,GradientBoosting,gss_1,D03-20240710-26W,0.084,0.08409197698391563
surface_total_rust_pct,GradientBoosting,gss_1,D03-20240724-28W,0.08,0.08007025677881323
surface_total_rust_pct,GradientBoosting,gss_1,D03-20240807-30W,0.018,0.018918060923236144
surface_total_rust_pct,GradientBoosting,gss_1,D03-20240902-33W,0.039,0.0403299713674677
surface_total_rust_pct,GradientBoosting,gss_1,D03-20240918-36W,0.044,0.04371416890424939
surface_total_rust_pct,GradientBoosting,gss_1,E05-20240110-0W,0.037,0.036035328619689194
surface_total_rust_pct,GradientBoosting,gss_1,E05-20240124-2W,0.0,0.0007845782030894912
surface_total_rust_pct,GradientBoosting,gss_1,E05-20240207-4W,0.016,0.01744365184512798
surface_total_rust_pct,GradientBoosting,gss_1,E05-20240221-6W,0.021,0.021972316851023306
surface_total_rust_pct,GradientBoosting,gss_1,E05-20240306-8W,0.178,0.17877067895282608
surface_total_rust_pct,GradientBoosting,gss_1,E05-20240320-10W,0.837,0.8350802562694024
surface_total_rust_pct,GradientBoosting,gss_1,E05-20240405-12W,0.676,0.6937146778554459
surface_total_rust_pct,GradientBoosting,gss_1,E05-20240417-14W,2.05,2.044557310247633
surface_total_rust_pct,GradientBoosting,gss_1,E05-20240508-17W,1.889,1.9337999158607593
surface_total_rust_pct,GradientBoosting,gss_1,E05-20240522-19W,2.96,3.0033823456105893
surface_total_rust_pct,GradientBoosting,gss_1,E05-20240529-20W,2.119,2.1385317382540414
surface_total_rust_pct,GradientBoosting,gss_1,E05-20240619-23W,2.133,2.1390063209698074
surface_total_rust_pct,GradientBoosting,gss_1,E05-20240626-24W,3.614,3.5761583588508414
surface_total_rust_pct,GradientBoosting,gss_1,E05-20240710-26W,1.697,1.729067453466032
surface_total_rust_pct,GradientBoosting,gss_1,E05-20240724-28W,4.77,4.733451668609669
surface_total_rust_pct,GradientBoosting,gss_1,E05-20240807-30W,3.563,3.5740379045416364
surface_total_rust_pct,GradientBoosting,gss_1,E05-20240902-33W,2.646,2.637557216121565
surface_total_rust_pct,GradientBoosting,gss_1,E05-20240918-36W,2.385,2.399994297003019
surface_total_rust_pct,GradientBoosting,gss_1,G05-20240110-0W,0.011,0.010029779398602761
surface_total_rust_pct,GradientBoosting,gss_1,G05-20240124-2W,0.0,0.0007845782030894912
surface_total_rust_pct,GradientBoosting,gss_1,G05-20240207-4W,0.019,0.019847968906820095
surface_total_rust_pct,GradientBoosting,gss_1,G05-20240221-6W,0.0,0.0014182490306802562
surface_total_rust_pct,GradientBoosting,gss_1,G05-20240306-8W,0.0,0.0007845782030894912
surface_total_rust_pct,GradientBoosting,gss_1,G05-20240320-10W,0.0,0.0017169198268161049
surface_total_rust_pct,GradientBoosting,gss_1,G05-20240405-12W,0.0,0.0005028180631198606
surface_total_rust_pct,GradientBoosting,gss_1,G05-20240417-14W,0.026,0.02534032704799364
surface_total_rust_pct,GradientBoosting,gss_1,G05-20240508-17W,0.037,0.03759700493994342
surface_total_rust_pct,GradientBoosting,gss_1,G05-20240522-19W,0.022,0.021724425880507242
surface_total_rust_pct,GradientBoosting,gss_1,G05-20240529-20W,0.011,0.010340189735977084
surface_total_rust_pct,GradientBoosting,gss_1,G05-20240619-23W,0.043,0.04407400664403324
surface_total_rust_pct,GradientBoosting,gss_1,G05-20240626-24W,0.102,0.10700403326971523
surface_total_rust_pct,GradientBoosting,gss_1,G05-20240710-26W,0.026,0.025711658438519837
surface_total_rust_pct,GradientBoosting,gss_1,G05-20240724-28W,0.012,0.013387843547584256
surface_total_rust_pct,GradientBoosting,gss_1,G05-20240807-30W,0.062,0.06107168337600561
surface_total_rust_pct,GradientBoosting,gss_1,G05-20240902-33W,0.041,0.040276555817042786
surface_total_rust_pct,GradientBoosting,gss_1,G05-20240918-36W,0.052,0.05142181810198525
surface_total_rust_pct,GradientBoosting,gss_1,S1MI03-20220518-0W,0.356,0.3499003658506194
surface_total_rust_pct,GradientBoosting,gss_1,S1MI03-20220603-2W,0.758,0.7429028579717956
surface_total_rust_pct,GradientBoosting,gss_1,S1MI03-20220609-3W,0.463,0.46357767691029683
surface_total_rust_pct,GradientBoosting,gss_1,S1MI03-20220616-4W,0.303,0.30741522079927414
surface_total_rust_pct,GradientBoosting,gss_1,S1MI03-20220623-5W,0.471,0.4627808364049135
surface_total_rust_pct,GradientBoosting,gss_1,S1MI03-20220630-6W,0.686,0.6929607532328127
surface_total_rust_pct,GradientBoosting,gss_1,S1MI03-20220708-7W,0.282,0.2812996236007788
surface_total_rust_pct,GradientBoosting,gss_1,S1MI03-20220714-8W,0.344,0.34933729870433783
surface_total_rust_pct,GradientBoosting,gss_1,S1MI03-20220721-9W,0.528,0.5336423584933604
surface_total_rust_pct,GradientBoosting,gss_1,S1MI03-20220802-10W,0.783,0.7699346003898568
surface_total_rust_pct,GradientBoosting,gss_1,S1MI03-20220822-13W,0.371,0.37792574774133975
surface_total_rust_pct,GradientBoosting,gss_1,S1MI03-20220906-15W,1.399,1.4130231175919816
surface_total_rust_pct,GradientBoosting,gss_1,S1MI03-20221102-24W,8.146,8.255535049985244
surface_total_rust_pct,GradientBoosting,gss_1,S1MI03-20221110-25W,8.899,8.916489110100173
surface_total_rust_pct,GradientBoosting,gss_1,S1MI03-20221206-28W,12.772,12.67037379184091
surface_total_rust_pct,GradientBoosting,gss_1,S2SA02-20220518-0W,0.085,0.08480232818414564
surface_total_rust_pct,GradientBoosting,gss_1,S2SA02-20220603-2W,0.188,0.19229586316636438
surface_total_rust_pct,GradientBoosting,gss_1,S2SA02-20220609-3W,0.087,0.0843453229455385
surface_total_rust_pct,GradientBoosting,gss_1,S2SA02-20220616-4W,0.119,0.11751851842635815
surface_total_rust_pct,GradientBoosting,gss_1,S2SA02-20220623-5W,0.164,0.16370466648174561
surface_total_rust_pct,GradientBoosting,gss_1,S2SA02-20220630-6W,0.162,0.1630088294810296
surface_total_rust_pct,GradientBoosting,gss_1,S2SA02-20220708-7W,0.145,0.1472203621107484
surface_total_rust_pct,GradientBoosting,gss_1,S2SA02-20220714-8W,0.239,0.236415538796768
surface_total_rust_pct,GradientBoosting,gss_1,S2SA02-20220721-9W,0.186,0.1897907660686085
surface_total_rust_pct,GradientBoosting,gss_1,S2SA02-20220802-10W,0.261,0.25363541618754504
surface_total_rust_pct,GradientBoosting,gss_1,S2SA02-20220822-13W,0.185,0.17904500822788816
surface_total_rust_pct,GradientBoosting,gss_1,S2SA02-20220906-15W,0.646,0.5799148679276018
surface_total_rust_pct,GradientBoosting,gss_1,S2SA02-20221102-24W,4.474,4.442786000852245
surface_total_rust_pct,GradientBoosting,gss_1,S2SA02-20221110-25W,2.247,2.2733522006040885
surface_total_rust_pct,GradientBoosting,gss_1,S2SA02-20221206-28W,3.601,3.5265729317012804
surface_total_rust_pct,GradientBoosting,gss_1,S3PA03-20220518-0W,0.044,0.04577094610453972
surface_total_rust_pct,GradientBoosting,gss_1,S3PA03-20220603-2W,0.249,0.24443322372023746
surface_total_rust_pct,GradientBoosting,gss_1,S3PA03-20220609-3W,0.109,0.10898023432002313
surface_total_rust_pct,GradientBoosting,gss_1,S3PA03-20220616-4W,0.027,0.027819865919158245
surface_total_rust_pct,GradientBoosting,gss_1,S3PA03-20220623-5W,0.111,0.11404650890611574
surface_total_rust_pct,GradientBoosting,gss_1,S3PA03-20220630-6W,0.213,0.2163013102606519
surface_total_rust_pct,GradientBoosting,gss_1,S3PA03-20220708-7W,0.157,0.1537354031300431
surface_total_rust_pct,GradientBoosting,gss_1,S3PA03-20220714-8W,0.191,0.1903708980299007
surface_total_rust_pct,GradientBoosting,gss_1,S3PA03-20220721-9W,0.234,0.24205827464802168
surface_total_rust_pct,GradientBoosting,gss_1,S3PA03-20220802-10W,0.377,0.3721484078875526
surface_total_rust_pct,GradientBoosting,gss_1,S3PA03-20220822-13W,0.298,0.30506911123560654
surface_total_rust_pct,GradientBoosting,gss_1,S3PA03-20220906-15W,0.467,0.4655205227484095
surface_total_rust_pct,GradientBoosting,gss_1,S3PA03-20221102-24W,4.579,4.573093446144404
surface_total_rust_pct,GradientBoosting,gss_1,S3PA03-20221110-25W,6.525,6.55359652665165
surface_total_rust_pct,GradientBoosting,gss_1,S3PA03-20221206-28W,8.862,8.894400558825826
surface_total_rust_pct,GradientBoosting,gss_1,S3PA04-20220518-0W,0.236,0.2424860025806527
surface_total_rust_pct,GradientBoosting,gss_1,S3PA04-20220603-2W,0.154,0.15353941715080074
surface_total_rust_pct,GradientBoosting,gss_1,S3PA04-20220609-3W,0.163,0.16438664936322314
surface_total_rust_pct,GradientBoosting,gss_1,S3PA04-20220616-4W,0.082,0.0814072513374743
surface_total_rust_pct,GradientBoosting,gss_1,S3PA04-20220623-5W,0.13,0.13453364742239385
surface_total_rust_pct,GradientBoosting,gss_1,S3PA04-20220630-6W,0.257,0.2601661745260981
surface_total_rust_pct,GradientBoosting,gss_1,S3PA04-20220708-7W,0.249,0.24291852558776023
surface_total_rust_pct,GradientBoosting,gss_1,S3PA04-20220714-8W,0.371,0.3789629806664831
surface_total_rust_pct,GradientBoosting,gss_1,S3PA04-20220721-9W,0.337,0.32440144458205417
surface_total_rust_pct,GradientBoosting,gss_1,S3PA04-20220802-10W,0.345,0.3505828449087713
surface_total_rust_pct,GradientBoosting,gss_1,S3PA04-20220822-13W,0.246,0.2430042997484875
surface_total_rust_pct,GradientBoosting,gss_1,S3PA04-20220906-15W,0.247,0.243147286549469
surface_total_rust_pct,GradientBoosting,gss_1,S3PA04-20221102-24W,2.162,2.138167332344227
surface_total_rust_pct,GradientBoosting,gss_1,S3PA04-20221110-25W,2.505,2.489728099911477
surface_total_rust_pct,GradientBoosting,gss_1,S3PA04-20221206-28W,4.997,4.979847910827451
surface_total_rust_pct,GradientBoosting,gss_1,S4SAVF01-20220518-0W,0.13,0.14059334220573771
surface_total_rust_pct,GradientBoosting,gss_1,S4SAVF01-20220603-2W,0.186,0.19126438293679265
surface_total_rust_pct,GradientBoosting,gss_1,S4SAVF01-20220609-3W,0.137,0.1366120636724659
surface_total_rust_pct,GradientBoosting,gss_1,S4SAVF01-20220616-4W,0.044,0.04323021119363253
surface_total_rust_pct,GradientBoosting,gss_1,S4SAVF01-20220623-5W,0.057,0.054917771451338616
surface_total_rust_pct,GradientBoosting,gss_1,S4SAVF01-20220630-6W,0.11,0.11363475992666011
surface_total_rust_pct,GradientBoosting,gss_1,S4SAVF01-20220708-7W,0.092,0.09102916452924115
surface_total_rust_pct,GradientBoosting,gss_1,S4SAVF01-20220714-8W,0.103,0.10721520645569158
surface_total_rust_pct,GradientBoosting,gss_1,S4SAVF01-20220721-9W,0.089,0.09080040356753236
surface_total_rust_pct,GradientBoosting,gss_1,S4SAVF01-20220802-10W,0.157,0.15351073379272953
surface_total_rust_pct,GradientBoosting,gss_1,S4SAVF01-20220822-13W,0.092,0.09102916452924115
surface_total_rust_pct,GradientBoosting,gss_1,S4SAVF01-20220906-15W,0.291,0.283506141363134
surface_total_rust_pct,GradientBoosting,gss_1,S4SAVF01-20221102-24W,4.948,4.940399430952306
surface_total_rust_pct,GradientBoosting,gss_1,S4SAVF01-20221110-25W,3.137,3.1491613839683765
surface_total_rust_pct,GradientBoosting,gss_1,S4SAVF01-20221206-28W,5.602,5.617603320776701
surface_total_rust_pct,GradientBoosting,gss_1,S5VF01-20220518-0W,0.09,0.09191918352882265
surface_total_rust_pct,GradientBoosting,gss_1,S5VF01-20220603-2W,0.077,0.07713833508440301
surface_total_rust_pct,GradientBoosting,gss_1,S5VF01-20220609-3W,0.111,0.115612734961266
surface_total_rust_pct,GradientBoosting,gss_1,S5VF01-20220616-4W,0.083,0.08434329604551921
surface_total_rust_pct,GradientBoosting,gss_1,S5VF01-20220623-5W,0.268,0.25188328445573666
surface_total_rust_pct,GradientBoosting,gss_1,S5VF01-20220630-6W,0.338,0.32073696422038245
surface_total_rust_pct,GradientBoosting,gss_1,S5VF01-20220708-7W,0.28,0.27418177092632456
surface_total_rust_pct,GradientBoosting,gss_1,S5VF01-20220714-8W,0.447,0.44507144814011895
surface_total_rust_pct,GradientBoosting,gss_1,S5VF01-20220721-9W,0.293,0.2791110389141207
surface_total_rust_pct,GradientBoosting,gss_1,S5VF01-20220802-10W,0.797,0.7666259045498922
surface_total_rust_pct,GradientBoosting,gss_1,S5VF01-20220822-13W,0.534,0.5300328314547695
surface_total_rust_pct,GradientBoosting,gss_1,S5VF01-20220906-15W,1.45,1.3519992600412927
surface_total_rust_pct,GradientBoosting,gss_1,S5VF01-20221102-24W,7.514,7.473115169233671
surface_total_rust_pct,GradientBoosting,gss_1,S5VF01-20221110-25W,8.206,7.874034754105934
surface_total_rust_pct,GradientBoosting,gss_1,S5VF01-20221206-28W,12.535,12.20645945955363
surface_total_rust_pct,GradientBoosting,gss_2,D04-20240110-0W,0.082,0.08050880561336728
surface_total_rust_pct,GradientBoosting,gss_2,D04-20240124-2W,0.003,0.0024184190125381136
surface_total_rust_pct,GradientBoosting,gss_2,D04-20240207-4W,0.535,0.5448269769011903
surface_total_rust_pct,GradientBoosting,gss_2,D04-20240221-6W,0.815,0.8382956739603308
surface_total_rust_pct,GradientBoosting,gss_2,D04-20240306-8W,2.353,2.3562624460657497
surface_total_rust_pct,GradientBoosting,gss_2,D04-20240320-10W,15.047,15.13652515912151
surface_total_rust_pct,GradientBoosting,gss_2,D04-20240405-12W,19.675,20.740884739083906
surface_total_rust_pct,GradientBoosting,gss_2,D04-20240417-14W,35.886,29.700172815059187
surface_total_rust_pct,GradientBoosting,gss_2,D04-20240508-17W,29.643,31.0816958605721
surface_total_rust_pct,GradientBoosting,gss_2,D04-20240522-19W,40.627,31.08241447558631
surface_total_rust_pct,GradientBoosting,gss_2,D04-20240529-20W,17.02,16.881310396340346
surface_total_rust_pct,GradientBoosting,gss_2,D04-20240619-23W,52.911,31.676377332677568
surface_total_rust_pct,GradientBoosting,gss_2,D04-20240626-24W,53.412,31.085901306424237
surface_total_rust_pct,GradientBoosting,gss_2,D04-20240710-26W,34.058,30.055578475228874
surface_total_rust_pct,GradientBoosting,gss_2,D04-20240724-28W,47.365,31.080853033900144
surface_total_rust_pct,GradientBoosting,gss_2,D04-20240807-30W,16.467,16.735082073077393
surface_total_rust_pct,GradientBoosting,gss_2,D04-20240902-33W,35.013,28.436585585849933
surface_total_rust_pct,GradientBoosting,gss_2,D04-20240918-36W,31.395,30.055764517863235
surface_total_rust_pct,GradientBoosting,gss_2,D06-20240110-0W,0.004,0.003949295413871846
surface_total_rust_pct,GradientBoosting,gss_2,D06-20240124-2W,0.0,0.0010143852236794656
surface_total_rust_pct,GradientBoosting,gss_2,D06-20240207-4W,0.308,0.30383155378200183
surface_total_rust_pct,GradientBoosting,gss_2,D06-20240221-6W,0.182,0.185242302534508
surface_total_rust_pct,GradientBoosting,gss_2,D06-20240306-8W,1.602,1.6222427431331652
surface_total_rust_pct,GradientBoosting,gss_2,D06-20240320-10W,2.993,3.0002177167223767
surface_total_rust_pct,GradientBoosting,gss_2,D06-20240405-12W,3.156,3.1376676710438542
surface_total_rust_pct,GradientBoosting,gss_2,D06-20240417-14W,5.402,5.4283529657999265
surface_total_rust_pct,GradientBoosting,gss_2,D06-20240508-17W,4.748,4.761752683115282
surface_total_rust_pct,GradientBoosting,gss_2,D06-20240522-19W,6.472,6.459898810442902
surface_total_rust_pct,GradientBoosting,gss_2,D06-20240529-20W,1.673,1.6791429328559542
surface_total_rust_pct,GradientBoosting,gss_2,D06-20240619-23W,7.835,7.912858659137612
surface_total_rust_pct,GradientBoosting,gss_2,D06-20240626-24W,10.224,9.953746661673648
surface_total_rust_pct,GradientBoosting,gss_2,D06-20240710-26W,9.993,9.949989421325565
surface_total_rust_pct,GradientBoosting,gss_2,D06-20240724-28W,15.507,15.764896260222406
surface_total_rust_pct,GradientBoosting,gss_2,D06-20240807-30W,6.782,6.772479199119426
surface_total_rust_pct,GradientBoosting,gss_2,D06-20240902-33W,8.442,8.431185969646602
surface_total_rust_pct,GradientBoosting,gss_2,D06-20240918-36W,8.499,8.435220081722772
surface_total_rust_pct,GradientBoosting,gss_2,F01-20240110-0W,0.0,0.0007718269143207399
surface_total_rust_pct,GradientBoosting,gss_2,F01-20240124-2W,0.0,0.0007718269143207399
surface_total_rust_pct,GradientBoosting,gss_2,F01-20240207-4W,0.001,0.0016669709800875834
surface_total_rust_pct,GradientBoosting,gss_2,F01-20240221-6W,0.0,0.0010541001021115168
surface_total_rust_pct,GradientBoosting,gss_2,F01-20240306-8W,0.0,0.0006683390950674421
surface_total_rust_pct,GradientBoosting,gss_2,F01-20240320-10W,0.106,0.10896933396836093
surface_total_rust_pct,GradientBoosting,gss_2,F01-20240405-12W,0.027,0.026953096988972927
surface_total_rust_pct,GradientBoosting,gss_2,F01-20240417-14W,0.317,0.3105528970570644
surface_total_rust_pct,GradientBoosting,gss_2,F01-20240508-17W,0.12,0.11939283400705106
surface_total_rust_pct,GradientBoosting,gss_2,F01-20240522-19W,0.706,0.6926837796338836
surface_total_rust_pct,GradientBoosting,gss_2,F01-20240529-20W,0.129,0.13335137448557707
surface_total_rust_pct,GradientBoosting,gss_2,F01-20240619-23W,0.873,0.8854991866072252
surface_total_rust_pct,GradientBoosting,gss_2,F01-20240626-24W,1.008,1.0024113537355885
surface_total_rust_pct,GradientBoosting,gss_2,F01-20240710-26W,0.9,0.8889285369854605
surface_total_rust_pct,GradientBoosting,gss_2,F01-20240724-28W,3.231,3.2163560531041417
surface_total_rust_pct,GradientBoosting,gss_2,F01-20240807-30W,1.697,1.7012028336921092
surface_total_rust_pct,GradientBoosting,gss_2,F01-20240902-33W,1.648,1.678283132670898
surface_total_rust_pct,GradientBoosting,gss_2,F01-20240918-36W,1.132,1.1152838675588657
surface_total_rust_pct,GradientBoosting,gss_2,G04-20240110-0W,0.0,0.0006683390950674421
surface_total_rust_pct,GradientBoosting,gss_2,G04-20240124-2W,0.0,0.0006683390950674421
surface_total_rust_pct,GradientBoosting,gss_2,G04-20240207-4W,0.0,0.0006683390950674421
surface_total_rust_pct,GradientBoosting,gss_2,G04-20240221-6W,0.0,0.0006683390950674421
surface_total_rust_pct,GradientBoosting,gss_2,G04-20240306-8W,0.0,0.0006683390950674421
surface_total_rust_pct,GradientBoosting,gss_2,G04-20240320-10W,0.0,0.0006683390950674421
surface_total_rust_pct,GradientBoosting,gss_2,G04-20240405-12W,0.0,0.0006683390950674421
surface_total_rust_pct,GradientBoosting,gss_2,G04-20240417-14W,0.0,0.0006683390950674421
surface_total_rust_pct,GradientBoosting,gss_2,G04-20240508-17W,0.001,0.0009368589237791575
surface_total_rust_pct,GradientBoosting,gss_2,G04-20240522-19W,0.0,0.0006683390950674421
surface_total_rust_pct,GradientBoosting,gss_2,G04-20240529-20W,0.0,0.0006683390950674421
surface_total_rust_pct,GradientBoosting,gss_2,G04-20240619-23W,0.0,0.0008361466970721772
surface_total_rust_pct,GradientBoosting,gss_2,G04-20240626-24W,0.0,0.0006683390950674421
surface_total_rust_pct,GradientBoosting,gss_2,G04-20240710-26W,0.0,0.0006683390950674421
surface_total_rust_pct,GradientBoosting,gss_2,G04-20240724-28W,0.0,0.0006683390950674421
surface_total_rust_pct,GradientBoosting,gss_2,G04-20240807-30W,0.0,0.0005789541326717269
surface_total_rust_pct,GradientBoosting,gss_2,G04-20240902-33W,0.0,0.0005986107356252962
surface_total_rust_pct,GradientBoosting,gss_2,G04-20240918-36W,0.0,0.0007107649385851104
surface_total_rust_pct,GradientBoosting,gss_2,S1MI03-20220518-0W,0.356,0.37024232513558086
surface_total_rust_pct,GradientBoosting,gss_2,S1MI03-20220603-2W,0.758,0.737456486758435
surface_total_rust_pct,GradientBoosting,gss_2,S1MI03-20220609-3W,0.463,0.47064833451159155
surface_total_rust_pct,GradientBoosting,gss_2,S1MI03-20220616-4W,0.303,0.30463801090430226
surface_total_rust_pct,GradientBoosting,gss_2,S1MI03-20220623-5W,0.471,0.4721923538342034
surface_total_rust_pct,GradientBoosting,gss_2,S1MI03-20220630-6W,0.686,0.6929496533699585
surface_total_rust_pct,GradientBoosting,gss_2,S1MI03-20220708-7W,0.282,0.27996006873135265
surface_total_rust_pct,GradientBoosting,gss_2,S1MI03-20220714-8W,0.344,0.34213286428389134
surface_total_rust_pct,GradientBoosting,gss_2,S1MI03-20220721-9W,0.528,0.5449307728129482
surface_total_rust_pct,GradientBoosting,gss_2,S1MI03-20220802-10W,0.783,0.7845610428605161
surface_total_rust_pct,GradientBoosting,gss_2,S1MI03-20220822-13W,0.371,0.36999373228075527
surface_total_rust_pct,GradientBoosting,gss_2,S1MI03-20220906-15W,1.399,1.3918708815566265
surface_total_rust_pct,GradientBoosting,gss_2,S1MI03-20221102-24W,8.146,8.299496687839703
surface_total_rust_pct,GradientBoosting,gss_2,S1MI03-20221110-25W,8.899,8.902721687673914
surface_total_rust_pct,GradientBoosting,gss_2,S1MI03-20221206-28W,12.772,12.653552985763685
surface_total_rust_pct,GradientBoosting,gss_2,S1MI05-20220518-0W,0.241,0.2449170709901083
surface_total_rust_pct,GradientBoosting,gss_2,S1MI05-20220603-2W,0.529,0.5452077965372942
surface_total_rust_pct,GradientBoosting,gss_2,S1MI05-20220609-3W,0.415,0.422930649372034
surface_total_rust_pct,GradientBoosting,gss_2,S1MI05-20220616-4W,0.415,0.42239050246339815
surface_total_rust_pct,GradientBoosting,gss_2,S1MI05-20220623-5W,0.833,0.8382296693696631
surface_total_rust_pct,GradientBoosting,gss_2,S1MI05-20220630-6W,0.795,0.7835830277682685
surface_total_rust_pct,GradientBoosting,gss_2,S1MI05-20220708-7W,0.365,0.34184979081832734
surface_total_rust_pct,GradientBoosting,gss_2,S1MI05-20220714-8W,0.695,0.6927823782010832
surface_total_rust_pct,GradientBoosting,gss_2,S1MI05-20220721-9W,0.716,0.7266277386093731
surface_total_rust_pct,GradientBoosting,gss_2,S1MI05-20220802-10W,1.155,1.1606107588561598
surface_total_rust_pct,GradientBoosting,gss_2,S1MI05-20220822-13W,1.067,1.0629404537686724
surface_total_rust_pct,GradientBoosting,gss_2,S1MI05-20220906-15W,4.938,4.947699590218642
surface_total_rust_pct,GradientBoosting,gss_2,S1MI05-20221102-24W,27.656,29.301011939180064
surface_total_rust_pct,GradientBoosting,gss_2,S1MI05-20221110-25W,18.451,18.919725299107146
surface_total_rust_pct,GradientBoosting,gss_2,S1MI05-20221206-28W,34.269,30.370531219221654
surface_total_rust_pct,GradientBoosting,gss_2,S1MI07-20220518-0W,0.238,0.23483075851313284
surface_total_rust_pct,GradientBoosting,gss_2,S1MI07-20220603-2W,0.976,1.002278974112196
surface_total_rust_pct,GradientBoosting,gss_2,S1MI07-20220609-3W,0.234,0.23542255603814224
surface_total_rust_pct,GradientBoosting,gss_2,S1MI07-20220616-4W,0.139,0.14712478868439038
surface_total_rust_pct,GradientBoosting,gss_2,S1MI07-20220623-5W,0.349,0.36948935829210905
surface_total_rust_pct,GradientBoosting,gss_2,S1MI07-20220630-6W,0.403,0.39312233783697037
surface_total_rust_pct,GradientBoosting,gss_2,S1MI07-20220708-7W,0.228,0.2350650246023521
surface_total_rust_pct,GradientBoosting,gss_2,S1MI07-20220714-8W,0.557,0.5664845169885334
surface_total_rust_pct,GradientBoosting,gss_2,S1MI07-20220721-9W,0.693,0.6939252600922935
surface_total_rust_pct,GradientBoosting,gss_2,S1MI07-20220802-10W,0.79,0.7840733865159785
surface_total_rust_pct,GradientBoosting,gss_2,S1MI07-20220822-13W,0.152,0.1511454226111709
surface_total_rust_pct,GradientBoosting,gss_2,S1MI07-20220906-15W,1.262,1.282952871799358
surface_total_rust_pct,GradientBoosting,gss_2,S1MI07-20221102-24W,1.882,1.8616202468595537
surface_total_rust_pct,GradientBoosting,gss_2,S1MI07-20221110-25W,1.393,1.405591632856188
surface_total_rust_pct,GradientBoosting,gss_2,S1MI07-20221206-28W,2.019,1.957779386183526
surface_total_rust_pct,GradientBoosting,gss_2,S2SA03-20220518-0W,0.144,0.1458505533219435
surface_total_rust_pct,GradientBoosting,gss_2,S2SA03-20220603-2W,0.404,0.39511199187571316
surface_total_rust_pct,GradientBoosting,gss_2,S2SA03-20220609-3W,0.277,0.2792510316100817
surface_total_rust_pct,GradientBoosting,gss_2,S2SA03-20220616-4W,0.32,0.3108643738521357
surface_total_rust_pct,GradientBoosting,gss_2,S2SA03-20220623-5W,0.481,0.4700978516090342
surface_total_rust_pct,GradientBoosting,gss_2,S2SA03-20220630-6W,0.729,0.7369833160138908
surface_total_rust_pct,GradientBoosting,gss_2,S2SA03-20220708-7W,0.615,0.6296570558270155
surface_total_rust_pct,GradientBoosting,gss_2,S2SA03-20220714-8W,0.997,1.0031567164867934
surface_total_rust_pct,GradientBoosting,gss_2,S2SA03-20220721-9W,0.993,1.0040884923349604
surface_total_rust_pct,GradientBoosting,gss_2,S2SA03-20220802-10W,1.048,1.053660717505274
surface_total_rust_pct,GradientBoosting,gss_2,S2SA03-20220822-13W,1.165,1.1593783641921995
surface_total_rust_pct,GradientBoosting,gss_2,S2SA03-20220906-15W,3.124,3.1233291644832155
surface_total_rust_pct,GradientBoosting,gss_2,S2SA03-20221102-24W,21.699,22.475899727661343
surface_total_rust_pct,GradientBoosting,gss_2,S2SA03-20221110-25W,15.149,15.135197394706799
surface_total_rust_pct,GradientBoosting,gss_2,S2SA03-20221206-28W,43.177,32.00167229707504
surface_total_rust_pct,GradientBoosting,gss_2,S3PA04-20220518-0W,0.236,0.23482550597010995
surface_total_rust_pct,GradientBoosting,gss_2,S3PA04-20220603-2W,0.154,0.16126302011602636
surface_total_rust_pct,GradientBoosting,gss_2,S3PA04-20220609-3W,0.163,0.16338920009282065
surface_total_rust_pct,GradientBoosting,gss_2,S3PA04-20220616-4W,0.082,0.08013765715093563
surface_total_rust_pct,GradientBoosting,gss_2,S3PA04-20220623-5W,0.13,0.132326900704206
surface_total_rust_pct,GradientBoosting,gss_2,S3PA04-20220630-6W,0.257,0.2594240093429251
surface_total_rust_pct,GradientBoosting,gss_2,S3PA04-20220708-7W,0.249,0.2510512170726318
surface_total_rust_pct,GradientBoosting,gss_2,S3PA04-20220714-8W,0.371,0.37227844908596824
surface_total_rust_pct,GradientBoosting,gss_2,S3PA04-20220721-9W,0.337,0.368086803665056
surface_total_rust_pct,GradientBoosting,gss_2,S3PA04-20220802-10W,0.345,0.3685591058831805
surface_total_rust_pct,GradientBoosting,gss_2,S3PA04-20220822-13W,0.246,0.24527782398750878
surface_total_rust_pct,GradientBoosting,gss_2,S3PA04-20220906-15W,0.247,0.24519809375410478
surface_total_rust_pct,GradientBoosting,gss_2,S3PA04-20221102-24W,2.162,2.1760960736620776
surface_total_rust_pct,GradientBoosting,gss_2,S3PA04-20221110-25W,2.505,2.5279777253502242
surface_total_rust_pct,GradientBoosting,gss_2,S3PA04-20221206-28W,4.997,5.018436826131743
surface_total_rust_pct,GradientBoosting,gss_2,S4SAVF01-20220518-0W,0.13,0.13799229799522997
surface_total_rust_pct,GradientBoosting,gss_2,S4SAVF01-20220603-2W,0.186,0.18614028383275755
surface_total_rust_pct,GradientBoosting,gss_2,S4SAVF01-20220609-3W,0.137,0.13366237187724433
surface_total_rust_pct,GradientBoosting,gss_2,S4SAVF01-20220616-4W,0.044,0.04356810693710284
surface_total_rust_pct,GradientBoosting,gss_2,S4SAVF01-20220623-5W,0.057,0.05797478829146819
surface_total_rust_pct,GradientBoosting,gss_2,S4SAVF01-20220630-6W,0.11,0.11017601939829776
surface_total_rust_pct,GradientBoosting,gss_2,S4SAVF01-20220708-7W,0.092,0.09163151366030783
surface_total_rust_pct,GradientBoosting,gss_2,S4SAVF01-20220714-8W,0.103,0.10198686091339883
surface_total_rust_pct,GradientBoosting,gss_2,S4SAVF01-20220721-9W,0.089,0.08617916592788821
surface_total_rust_pct,GradientBoosting,gss_2,S4SAVF01-20220802-10W,0.157,0.16233611130088535
surface_total_rust_pct,GradientBoosting,gss_2,S4SAVF01-20220822-13W,0.092,0.09155968736015183
surface_total_rust_pct,GradientBoosting,gss_2,S4SAVF01-20220906-15W,0.291,0.29660355355806955
surface_total_rust_pct,GradientBoosting,gss_2,S4SAVF01-20221102-24W,4.948,4.954488001088993
surface_total_rust_pct,GradientBoosting,gss_2,S4SAVF01-20221110-25W,3.137,3.1293677604218835
surface_total_rust_pct,GradientBoosting,gss_2,S4SAVF01-20221206-28W,5.602,5.629914069980836
surface_total_rust_pct,GradientBoosting,gss_3,F02-20240110-0W,0.0,0.0016778031296349133
surface_total_rust_pct,GradientBoosting,gss_3,F02-20240124-2W,0.0,0.0021606667722834923
surface_total_rust_pct,GradientBoosting,gss_3,F02-20240207-4W,0.0,0.0022120575098151193
surface_total_rust_pct,GradientBoosting,gss_3,F02-20240221-6W,0.0,0.002339921757333837
surface_total_rust_pct,GradientBoosting,gss_3,F02-20240306-8W,0.027,0.02522722615247049
surface_total_rust_pct,GradientBoosting,gss_3,F02-20240320-10W,0.059,0.05878051623988679
surface_total_rust_pct,GradientBoosting,gss_3,F02-20240405-12W,0.152,0.14839633592141005
surface_total_rust_pct,GradientBoosting,gss_3,F02-20240417-14W,0.205,0.20983597067236975
surface_total_rust_pct,GradientBoosting,gss_3,F02-20240508-17W,0.636,0.6412555289204955
surface_total_rust_pct,GradientBoosting,gss_3,F02-20240522-19W,1.627,1.686785879124164
surface_total_rust_pct,GradientBoosting,gss_3,F02-20240529-20W,0.3,0.3114296139098118
surface_total_rust_pct,GradientBoosting,gss_3,F02-20240619-23W,3.719,3.7460717820075886
surface_total_rust_pct,GradientBoosting,gss_3,F02-20240626-24W,4.85,4.904665385120802
surface_total_rust_pct,GradientBoosting,gss_3,F02-20240710-26W,6.675,6.676679128346089
surface_total_rust_pct,GradientBoosting,gss_3,F02-20240724-28W,6.941,6.941118849810296
surface_total_rust_pct,GradientBoosting,gss_3,F02-20240807-30W,4.151,4.149936479427165
surface_total_rust_pct,GradientBoosting,gss_3,F02-20240902-33W,5.736,5.75598467234207
surface_total_rust_pct,GradientBoosting,gss_3,F02-20240918-36W,3.389,3.3452748971269335
surface_total_rust_pct,GradientBoosting,gss_3,F04-20240110-0W,0.037,0.040177215624956665
surface_total_rust_pct,GradientBoosting,gss_3,F04-20240124-2W,0.048,0.048395049057427114
surface_total_rust_pct,GradientBoosting,gss_3,F04-20240207-4W,0.122,0.1157482182752415
surface_total_rust_pct,GradientBoosting,gss_3,F04-20240221-6W,0.001,0.000814176631913906
surface_total_rust_pct,GradientBoosting,gss_3,F04-20240306-8W,0.698,0.6891274002260205
surface_total_rust_pct,GradientBoosting,gss_3,F04-20240320-10W,5.076,5.07056899333844
surface_total_rust_pct,GradientBoosting,gss_3,F04-20240405-12W,6.984,6.79020212068744
surface_total_rust_pct,GradientBoosting,gss_3,F04-20240417-14W,9.464,9.24604421816858
surface_total_rust_pct,GradientBoosting,gss_3,F04-20240508-17W,8.983,8.96137827161943
surface_total_rust_pct,GradientBoosting,gss_3,F04-20240522-19W,6.765,6.7621593949269325
surface_total_rust_pct,GradientBoosting,gss_3,F04-20240529-20W,7.543,7.466309985725577
surface_total_rust_pct,GradientBoosting,gss_3,F04-20240619-23W,9.828,9.630695037584244
surface_total_rust_pct,GradientBoosting,gss_3,F04-20240626-24W,11.835,11.865026654565778
surface_total_rust_pct,GradientBoosting,gss_3,F04-20240710-26W,10.881,10.871190332812674
surface_total_rust_pct,GradientBoosting,gss_3,F04-20240724-28W,12.656,12.555760751773159
surface_total_rust_pct,GradientBoosting,gss_3,F04-20240807-30W,10.801,10.81118460916717
surface_total_rust_pct,GradientBoosting,gss_3,F04-20240902-33W,9.888,9.945108731745517
surface_total_rust_pct,GradientBoosting,gss_3,F04-20240918-36W,7.361,7.35658932954307
surface_total_rust_pct,GradientBoosting,gss_3,F05-20240110-0W,0.002,0.0014159889222277711
surface_total_rust_pct,GradientBoosting,gss_3,F05-20240124-2W,0.001,0.0019438008127656307
surface_total_rust_pct,GradientBoosting,gss_3,F05-20240207-4W,0.165,0.16256895426172727
surface_total_rust_pct,GradientBoosting,gss_3,F05-20240221-6W,0.133,0.13529859089924104
surface_total_rust_pct,GradientBoosting,gss_3,F05-20240306-8W,1.396,1.3903662958304444
surface_total_rust_pct,GradientBoosting,gss_3,F05-20240320-10W,3.461,3.4893260733366334
surface_total_rust_pct,GradientBoosting,gss_3,F05-20240405-12W,4.514,4.478348661990583
surface_total_rust_pct,GradientBoosting,gss_3,F05-20240417-14W,4.075,4.148574920159616
surface_total_rust_pct,GradientBoosting,gss_3,F05-20240508-17W,4.799,4.804179245877183
surface_total_rust_pct,GradientBoosting,gss_3,F05-20240522-19W,6.271,6.263744433434355
surface_total_rust_pct,GradientBoosting,gss_3,F05-20240529-20W,2.497,2.3833890682552696
surface_total_rust_pct,GradientBoosting,gss_3,F05-20240619-23W,5.362,5.3843443434502385
surface_total_rust_pct,GradientBoosting,gss_3,F05-20240626-24W,6.125,6.263975691137251
surface_total_rust_pct,GradientBoosting,gss_3,F05-20240710-26W,5.226,5.187055892461001
surface_total_rust_pct,GradientBoosting,gss_3,F05-20240724-28W,7.526,7.474889279709159
surface_total_rust_pct,GradientBoosting,gss_3,F05-20240807-30W,3.756,3.729728859426502
surface_total_rust_pct,GradientBoosting,gss_3,F05-20240902-33W,5.633,5.592119869070179
surface_total_rust_pct,GradientBoosting,gss_3,F05-20240918-36W,3.594,3.5732418462100712
surface_total_rust_pct,GradientBoosting,gss_3,G01-20240110-0W,0.0,0.0009023414023453685
surface_total_rust_pct,GradientBoosting,gss_3,G01-20240124-2W,0.0,0.0009023414023453685
surface_total_rust_pct,GradientBoosting,gss_3,G01-20240207-4W,0.0,0.0009023414023453685
surface_total_rust_pct,GradientBoosting,gss_3,G01-20240221-6W,0.0,0.0009023414023453685
surface_total_rust_pct,GradientBoosting,gss_3,G01-20240306-8W,0.0,0.0009023414023453685
surface_total_rust_pct,GradientBoosting,gss_3,G01-20240320-10W,0.0,0.0009023414023453685
surface_total_rust_pct,GradientBoosting,gss_3,G01-20240405-12W,0.0,0.0011132093398230282
surface_total_rust_pct,GradientBoosting,gss_3,G01-20240417-14W,0.0,0.0009023414023453685
surface_total_rust_pct,GradientBoosting,gss_3,G01-20240508-17W,0.0,0.0009023414023453685
surface_total_rust_pct,GradientBoosting,gss_3,G01-20240522-19W,0.0,0.0009023414023453685
surface_total_rust_pct,GradientBoosting,gss_3,G01-20240529-20W,0.0,0.0009023414023453685
surface_total_rust_pct,GradientBoosting,gss_3,G01-20240619-23W,0.001,0.0006323851520688544
surface_total_rust_pct,GradientBoosting,gss_3,G01-20240626-24W,0.0,0.0019663645874363964
surface_total_rust_pct,GradientBoosting,gss_3,G01-20240710-26W,0.0,0.0007776766766873264
surface_total_rust_pct,GradientBoosting,gss_3,G01-20240724-28W,0.0,0.0006544596438622643
surface_total_rust_pct,GradientBoosting,gss_3,G01-20240807-30W,0.0,0.0006544596438622643
surface_total_rust_pct,GradientBoosting,gss_3,G01-20240902-33W,0.0,0.0006544596438622643
surface_total_rust_pct,GradientBoosting,gss_3,G01-20240918-36W,0.0,0.0006544596438622643
surface_total_rust_pct,GradientBoosting,gss_3,G06-20240110-0W,0.006,0.005659227708238197
surface_total_rust_pct,GradientBoosting,gss_3,G06-20240124-2W,0.0,0.0009023414023453685
surface_total_rust_pct,GradientBoosting,gss_3,G06-20240207-4W,0.004,0.005080219237980586
surface_total_rust_pct,GradientBoosting,gss_3,G06-20240221-6W,0.0,0.0009023414023453685
surface_total_rust_pct,GradientBoosting,gss_3,G06-20240306-8W,0.0,0.0009023414023453685
surface_total_rust_pct,GradientBoosting,gss_3,G06-20240320-10W,0.009,0.008505442457043995
surface_total_rust_pct,GradientBoosting,gss_3,G06-20240405-12W,0.006,0.005478589097763896
surface_total_rust_pct,GradientBoosting,gss_3,G06-20240417-14W,0.051,0.049971075450981124
surface_total_rust_pct,GradientBoosting,gss_3,G06-20240508-17W,0.247,0.24617757629268622
surface_total_rust_pct,GradientBoosting,gss_3,G06-20240522-19W,0.292,0.29343280659190957
surface_total_rust_pct,GradientBoosting,gss_3,G06-20240529-20W,0.164,0.16299578153812275
surface_total_rust_pct,GradientBoosting,gss_3,G06-20240619-23W,0.624,0.6381228298183386
surface_total_rust_pct,GradientBoosting,gss_3,G06-20240626-24W,0.883,0.8572670772410504
surface_total_rust_pct,GradientBoosting,gss_3,G06-20240710-26W,0.153,0.14802504101045305
surface_total_rust_pct,GradientBoosting,gss_3,G06-20240724-28W,0.081,0.0781131626658995
surface_total_rust_pct,GradientBoosting,gss_3,G06-20240807-30W,0.732,0.7502664475605643
surface_total_rust_pct,GradientBoosting,gss_3,G06-20240902-33W,0.493,0.4714740948669785
surface_total_rust_pct,GradientBoosting,gss_3,G06-20240918-36W,0.344,0.3355400936658743
surface_total_rust_pct,GradientBoosting,gss_3,S1MI07-20220518-0W,0.238,0.24266323808508583
surface_total_rust_pct,GradientBoosting,gss_3,S1MI07-20220603-2W,0.976,0.982396850542326
surface_total_rust_pct,GradientBoosting,gss_3,S1MI07-20220609-3W,0.234,0.2382067159492808
surface_total_rust_pct,GradientBoosting,gss_3,S1MI07-20220616-4W,0.139,0.14381201339213517
surface_total_rust_pct,GradientBoosting,gss_3,S1MI07-20220623-5W,0.349,0.3443832493027176
surface_total_rust_pct,GradientBoosting,gss_3,S1MI07-20220630-6W,0.403,0.39600594133304845
surface_total_rust_pct,GradientBoosting,gss_3,S1MI07-20220708-7W,0.228,0.22302559522172924
surface_total_rust_pct,GradientBoosting,gss_3,S1MI07-20220714-8W,0.557,0.5632577027065753
surface_total_rust_pct,GradientBoosting,gss_3,S1MI07-20220721-9W,0.693,0.6847918247142234
surface_total_rust_pct,GradientBoosting,gss_3,S1MI07-20220802-10W,0.79,0.7783856391401182
surface_total_rust_pct,GradientBoosting,gss_3,S1MI07-20220822-13W,0.152,0.15382841270789352
surface_total_rust_pct,GradientBoosting,gss_3,S1MI07-20220906-15W,1.262,1.2816937923294303
surface_total_rust_pct,GradientBoosting,gss_3,S1MI07-20221102-24W,1.882,1.834029718881365
surface_total_rust_pct,GradientBoosting,gss_3,S1MI07-20221110-25W,1.393,1.3768714616080326
surface_total_rust_pct,GradientBoosting,gss_3,S1MI07-20221206-28W,2.019,1.9893080434142685
surface_total_rust_pct,GradientBoosting,gss_3,S2SA07-20220518-0W,0.027,0.027236478997958453
surface_total_rust_pct,GradientBoosting,gss_3,S2SA07-20220603-2W,0.025,0.025501126459557502
surface_total_rust_pct,GradientBoosting,gss_3,S2SA07-20220609-3W,0.034,0.03647105569329542
surface_total_rust_pct,GradientBoosting,gss_3,S2SA07-20220616-4W,0.024,0.023941060300578097
surface_total_rust_pct,GradientBoosting,gss_3,S2SA07-20220623-5W,0.019,0.0161123986383858
surface_total_rust_pct,GradientBoosting,gss_3,S2SA07-20220630-6W,0.016,0.01391139098174818
surface_total_rust_pct,GradientBoosting,gss_3,S2SA07-20220708-7W,0.065,0.06482802126546272
surface_total_rust_pct,GradientBoosting,gss_3,S2SA07-20220714-8W,0.06,0.05987157713352945
surface_total_rust_pct,GradientBoosting,gss_3,S2SA07-20220721-9W,0.067,0.06741438835843869
surface_total_rust_pct,GradientBoosting,gss_3,S2SA07-20220802-10W,0.085,0.08144506766824199
surface_total_rust_pct,GradientBoosting,gss_3,S2SA07-20220822-13W,0.031,0.032466562291101064
surface_total_rust_pct,GradientBoosting,gss_3,S2SA07-20220906-15W,0.375,0.36840110335787984
surface_total_rust_pct,GradientBoosting,gss_3,S2SA07-20221102-24W,6.173,6.276728307175934
surface_total_rust_pct,GradientBoosting,gss_3,S2SA07-20221110-25W,7.608,7.476454081634552
surface_total_rust_pct,GradientBoosting,gss_3,S2SA07-20221206-28W,15.038,18.829510810926987
surface_total_rust_pct,GradientBoosting,gss_3,S3PA02-20220518-0W,0.146,0.14977426722262221
surface_total_rust_pct,GradientBoosting,gss_3,S3PA02-20220603-2W,0.26,0.26259396978709026
surface_total_rust_pct,GradientBoosting,gss_3,S3PA02-20220609-3W,0.137,0.13574349989702741
surface_total_rust_pct,GradientBoosting,gss_3,S3PA02-20220616-4W,0.032,0.0328407117621613
surface_total_rust_pct,GradientBoosting,gss_3,S3PA02-20220623-5W,0.065,0.06542428364900062
surface_total_rust_pct,GradientBoosting,gss_3,S3PA02-20220630-6W,0.314,0.3080809849677818
surface_total_rust_pct,GradientBoosting,gss_3,S3PA02-20220708-7W,0.179,0.17995171899750587
surface_total_rust_pct,GradientBoosting,gss_3,S3PA02-20220714-8W,0.162,0.1645624726841625
surface_total_rust_pct,GradientBoosting,gss_3,S3PA02-20220721-9W,0.275,0.27873343131777384
surface_total_rust_pct,GradientBoosting,gss_3,S3PA02-20220802-10W,0.351,0.3397913086425787
surface_total_rust_pct,GradientBoosting,gss_3,S3PA02-20220822-13W,0.214,0.22215811042932535
surface_total_rust_pct,GradientBoosting,gss_3,S3PA02-20220906-15W,0.394,0.39622796296648366
surface_total_rust_pct,GradientBoosting,gss_3,S3PA02-20221102-24W,1.236,1.1836590591676217
surface_total_rust_pct,GradientBoosting,gss_3,S3PA02-20221110-25W,1.094,1.1046580023217405
surface_total_rust_pct,GradientBoosting,gss_3,S3PA02-20221206-28W,3.8,3.8674535531364116
surface_total_rust_pct,GradientBoosting,gss_3,S3PA03-20220518-0W,0.044,0.04250458100190947
surface_total_rust_pct,GradientBoosting,gss_3,S3PA03-20220603-2W,0.249,0.2487658877878822
surface_total_rust_pct,GradientBoosting,gss_3,S3PA03-20220609-3W,0.109,0.11543996046361109
surface_total_rust_pct,GradientBoosting,gss_3,S3PA03-20220616-4W,0.027,0.026860674583345488
surface_total_rust_pct,GradientBoosting,gss_3,S3PA03-20220623-5W,0.111,0.11335277673663954
surface_total_rust_pct,GradientBoosting,gss_3,S3PA03-20220630-6W,0.213,0.22467429918293477
surface_total_rust_pct,GradientBoosting,gss_3,S3PA03-20220708-7W,0.157,0.1549064218146302
surface_total_rust_pct,GradientBoosting,gss_3,S3PA03-20220714-8W,0.191,0.1940175547922596
surface_total_rust_pct,GradientBoosting,gss_3,S3PA03-20220721-9W,0.234,0.24139296043309083
surface_total_rust_pct,GradientBoosting,gss_3,S3PA03-20220802-10W,0.377,0.36924645387172894
surface_total_rust_pct,GradientBoosting,gss_3,S3PA03-20220822-13W,0.298,0.2951954006103486
surface_total_rust_pct,GradientBoosting,gss_3,S3PA03-20220906-15W,0.467,0.4741468840464039
surface_total_rust_pct,GradientBoosting,gss_3,S3PA03-20221102-24W,4.579,4.585483203621341
surface_total_rust_pct,GradientBoosting,gss_3,S3PA03-20221110-25W,6.525,6.560206189608512
surface_total_rust_pct,GradientBoosting,gss_3,S3PA03-20221206-28W,8.862,8.940870271380518
surface_total_rust_pct,GradientBoosting,gss_3,S4SAVF03-20220518-0W,0.0,0.00288092302803679
surface_total_rust_pct,GradientBoosting,gss_3,S4SAVF03-20220603-2W,0.007,0.008598894111014015
surface_total_rust_pct,GradientBoosting,gss_3,S4SAVF03-20220609-3W,0.049,0.05037555719173429
surface_total_rust_pct,GradientBoosting,gss_3,S4SAVF03-20220616-4W,0.075,0.07265928417291256
surface_total_rust_pct,GradientBoosting,gss_3,S4SAVF03-20220623-5W,0.098,0.09391296658089221
surface_total_rust_pct,GradientBoosting,gss_3,S4SAVF03-20220630-6W,0.237,0.23863452450295264
surface_total_rust_pct,GradientBoosting,gss_3,S4SAVF03-20220708-7W,0.446,0.43731069325367444
surface_total_rust_pct,GradientBoosting,gss_3,S4SAVF03-20220714-8W,0.312,0.30605029870114125
surface_total_rust_pct,GradientBoosting,gss_3,S4SAVF03-20220721-9W,0.574,0.5631218035057526
surface_total_rust_pct,GradientBoosting,gss_3,S4SAVF03-20220802-10W,0.75,0.7487603252574478
surface_total_rust_pct,GradientBoosting,gss_3,S4SAVF03-20220822-13W,0.565,0.5622357709440743
surface_total_rust_pct,GradientBoosting,gss_3,S4SAVF03-20220906-15W,1.834,1.7068243302646493
surface_total_rust_pct,GradientBoosting,gss_3,S4SAVF03-20221102-24W,22.891,22.361585790719932
surface_total_rust_pct,GradientBoosting,gss_3,S4SAVF03-20221110-25W,18.37,18.45019481620585
surface_total_rust_pct,GradientBoosting,gss_3,S4SAVF03-20221206-28W,25.28,24.04653016227999
surface_total_rust_pct,GradientBoosting,gss_4,E01-20240110-0W,0.0,0.0014696883293441063
surface_total_rust_pct,GradientBoosting,gss_4,E01-20240124-2W,0.0,0.0013527666036001304
surface_total_rust_pct,GradientBoosting,gss_4,E01-20240207-4W,0.0,0.0013241861955308268
surface_total_rust_pct,GradientBoosting,gss_4,E01-20240221-6W,0.04,0.040885355485228904
surface_total_rust_pct,GradientBoosting,gss_4,E01-20240306-8W,0.659,0.6668332158660706
surface_total_rust_pct,GradientBoosting,gss_4,E01-20240320-10W,1.049,1.076678864309917
surface_total_rust_pct,GradientBoosting,gss_4,E01-20240405-12W,1.081,1.0789251912695685
surface_total_rust_pct,GradientBoosting,gss_4,E01-20240417-14W,1.163,1.1935721459214492
surface_total_rust_pct,GradientBoosting,gss_4,E01-20240522-19W,1.208,1.181412548085144
surface_total_rust_pct,GradientBoosting,gss_4,E01-20240529-20W,0.945,0.950901027294973
surface_total_rust_pct,GradientBoosting,gss_4,E01-20240619-23W,3.33,3.309969573281952
surface_total_rust_pct,GradientBoosting,gss_4,E01-20240626-24W,4.772,4.737829014019915
surface_total_rust_pct,GradientBoosting,gss_4,E01-20240710-26W,3.044,2.9763879316642243
surface_total_rust_pct,GradientBoosting,gss_4,E01-20240724-28W,4.921,4.932040114209299
surface_total_rust_pct,GradientBoosting,gss_4,E01-20240807-30W,4.181,4.155997340668107
surface_total_rust_pct,GradientBoosting,gss_4,E01-20240902-33W,3.13,3.149586770665253
surface_total_rust_pct,GradientBoosting,gss_4,E01-20240918-36W,2.707,2.677454161949256
surface_total_rust_pct,GradientBoosting,gss_4,E02-20240110-0W,0.066,0.06265432715832382
surface_total_rust_pct,GradientBoosting,gss_4,E02-20240124-2W,0.005,0.0055396497579020135
surface_total_rust_pct,GradientBoosting,gss_4,E02-20240207-4W,0.107,0.10950738832014772
surface_total_rust_pct,GradientBoosting,gss_4,E02-20240221-6W,0.073,0.07442066320303208
surface_total_rust_pct,GradientBoosting,gss_4,E02-20240306-8W,0.984,0.996551773464781
surface_total_rust_pct,GradientBoosting,gss_4,E02-20240320-10W,2.769,2.8114213855132664
surface_total_rust_pct,GradientBoosting,gss_4,E02-20240405-12W,3.581,3.5855408051815147
surface_total_rust_pct,GradientBoosting,gss_4,E02-20240417-14W,4.15,4.159964114210298
surface_total_rust_pct,GradientBoosting,gss_4,E02-20240508-17W,3.186,3.1689076939240035
surface_total_rust_pct,GradientBoosting,gss_4,E02-20240522-19W,6.69,6.697753769926435
surface_total_rust_pct,GradientBoosting,gss_4,E02-20240529-20W,3.013,3.085416908689815
surface_total_rust_pct,GradientBoosting,gss_4,E02-20240619-23W,6.32,6.356764680895238
surface_total_rust_pct,GradientBoosting,gss_4,E02-20240626-24W,6.941,7.0459665290400775
surface_total_rust_pct,GradientBoosting,gss_4,E02-20240710-26W,4.343,4.348488143915077
surface_total_rust_pct,GradientBoosting,gss_4,E02-20240724-28W,9.456,9.593058683875277
surface_total_rust_pct,GradientBoosting,gss_4,E02-20240807-30W,6.552,6.548139858511805
surface_total_rust_pct,GradientBoosting,gss_4,E02-20240902-33W,6.545,6.558680006545679
surface_total_rust_pct,GradientBoosting,gss_4,E02-20240918-36W,3.178,3.173028709445465
surface_total_rust_pct,GradientBoosting,gss_4,E04-20240110-0W,0.0,0.0010069947445766581
surface_total_rust_pct,GradientBoosting,gss_4,E04-20240124-2W,0.0,0.0006068494202332
surface_total_rust_pct,GradientBoosting,gss_4,E04-20240207-4W,0.001,0.003761418117891788
surface_total_rust_pct,GradientBoosting,gss_4,E04-20240221-6W,0.0,0.0013670315571517216
surface_total_rust_pct,GradientBoosting,gss_4,E04-20240306-8W,0.466,0.4566936171716555
surface_total_rust_pct,GradientBoosting,gss_4,E04-20240320-10W,0.826,0.8313862247916971
surface_total_rust_pct,GradientBoosting,gss_4,E04-20240405-12W,0.696,0.6874669656478434
surface_total_rust_pct,GradientBoosting,gss_4,E04-20240417-14W,0.778,0.8114278679207655
surface_total_rust_pct,GradientBoosting,gss_4,E04-20240508-17W,1.919,1.9672570221283
surface_total_rust_pct,GradientBoosting,gss_4,E04-20240522-19W,0.829,0.8286171125596608
surface_total_rust_pct,GradientBoosting,gss_4,E04-20240529-20W,0.242,0.24083113932902264
surface_total_rust_pct,GradientBoosting,gss_4,E04-20240619-23W,3.321,3.32389068014651
surface_total_rust_pct,GradientBoosting,gss_4,E04-20240626-24W,4.566,4.580533413360491
surface_total_rust_pct,GradientBoosting,gss_4,E04-20240710-26W,2.739,2.722494627601321
surface_total_rust_pct,GradientBoosting,gss_4,E04-20240724-28W,6.245,6.3040978151699365
surface_total_rust_pct,GradientBoosting,gss_4,E04-20240807-30W,5.742,5.6050993065949655
surface_total_rust_pct,GradientBoosting,gss_4,E04-20240902-33W,6.776,6.717266533621513
surface_total_rust_pct,GradientBoosting,gss_4,E04-20240918-36W,3.274,3.317911143245077
surface_total_rust_pct,GradientBoosting,gss_4,F01-20240110-0W,0.0,0.0015084547815584738
surface_total_rust_pct,GradientBoosting,gss_4,F01-20240124-2W,0.0,0.001710749551525622
surface_total_rust_pct,GradientBoosting,gss_4,F01-20240207-4W,0.001,0.002442837606332405
surface_total_rust_pct,GradientBoosting,gss_4,F01-20240221-6W,0.0,0.001710749551525622
surface_total_rust_pct,GradientBoosting,gss_4,F01-20240306-8W,0.0,0.0007213844899686142
surface_total_rust_pct,GradientBoosting,gss_4,F01-20240320-10W,0.106,0.11002851767510555
surface_total_rust_pct,GradientBoosting,gss_4,F01-20240405-12W,0.027,0.029541647165371585
surface_total_rust_pct,GradientBoosting,gss_4,F01-20240417-14W,0.317,0.3215656140311065
surface_total_rust_pct,GradientBoosting,gss_4,F01-20240508-17W,0.12,0.12430346585123614
surface_total_rust_pct,GradientBoosting,gss_4,F01-20240522-19W,0.706,0.744169205283406
surface_total_rust_pct,GradientBoosting,gss_4,F01-20240529-20W,0.129,0.13451656357408823
surface_total_rust_pct,GradientBoosting,gss_4,F01-20240619-23W,0.873,0.8821127105881615
surface_total_rust_pct,GradientBoosting,gss_4,F01-20240626-24W,1.008,1.0035474573862178
surface_total_rust_pct,GradientBoosting,gss_4,F01-20240710-26W,0.9,0.8853091101580677
surface_total_rust_pct,GradientBoosting,gss_4,F01-20240724-28W,3.231,3.2075722535614837
surface_total_rust_pct,GradientBoosting,gss_4,F01-20240807-30W,1.697,1.6936558666433639
surface_total_rust_pct,GradientBoosting,gss_4,F01-20240902-33W,1.648,1.6967030570622916
surface_total_rust_pct,GradientBoosting,gss_4,F01-20240918-36W,1.132,1.088778441044303
surface_total_rust_pct,GradientBoosting,gss_4,F02-20240110-0W,0.0,0.0009624935320304793
surface_total_rust_pct,GradientBoosting,gss_4,F02-20240124-2W,0.0,0.0006252777660948937
surface_total_rust_pct,GradientBoosting,gss_4,F02-20240207-4W,0.0,0.0013643057973713518
surface_total_rust_pct,GradientBoosting,gss_4,F02-20240221-6W,0.0,0.0009370475641112192
surface_total_rust_pct,GradientBoosting,gss_4,F02-20240306-8W,0.027,0.028604662237566112
surface_total_rust_pct,GradientBoosting,gss_4,F02-20240320-10W,0.059,0.05615924805454589
surface_total_rust_pct,GradientBoosting,gss_4,F02-20240405-12W,0.152,0.15814318492835264
surface_total_rust_pct,GradientBoosting,gss_4,F02-20240417-14W,0.205,0.20070450323893477
surface_total_rust_pct,GradientBoosting,gss_4,F02-20240508-17W,0.636,0.6498171088333274
surface_total_rust_pct,GradientBoosting,gss_4,F02-20240522-19W,1.627,1.6985936505198813
surface_total_rust_pct,GradientBoosting,gss_4,F02-20240529-20W,0.3,0.30870855998346364
surface_total_rust_pct,GradientBoosting,gss_4,F02-20240619-23W,3.719,3.7227696671686936
surface_total_rust_pct,GradientBoosting,gss_4,F02-20240626-24W,4.85,4.897703336743837
surface_total_rust_pct,GradientBoosting,gss_4,F02-20240710-26W,6.675,6.661107248339509
surface_total_rust_pct,GradientBoosting,gss_4,F02-20240724-28W,6.941,7.066697169860146
surface_total_rust_pct,GradientBoosting,gss_4,F02-20240807-30W,4.151,4.169697406765291
surface_total_rust_pct,GradientBoosting,gss_4,F02-20240902-33W,5.736,5.640585373973266
surface_total_rust_pct,GradientBoosting,gss_4,F02-20240918-36W,3.389,3.333312909664411
surface_total_rust_pct,GradientBoosting,gss_4,F04-20240110-0W,0.037,0.041140628561549354
surface_total_rust_pct,GradientBoosting,gss_4,F04-20240124-2W,0.048,0.0471985488085675
surface_total_rust_pct,GradientBoosting,gss_4,F04-20240207-4W,0.122,0.1313940191346932
surface_total_rust_pct,GradientBoosting,gss_4,F04-20240221-6W,0.001,0.002281609746567876
surface_total_rust_pct,GradientBoosting,gss_4,F04-20240306-8W,0.698,0.6683063782828668
surface_total_rust_pct,GradientBoosting,gss_4,F04-20240320-10W,5.076,5.069271436299479
surface_total_rust_pct,GradientBoosting,gss_4,F04-20240405-12W,6.984,6.777536713963595
surface_total_rust_pct,GradientBoosting,gss_4,F04-20240417-14W,9.464,9.219767591556835
surface_total_rust_pct,GradientBoosting,gss_4,F04-20240508-17W,8.983,8.995025509699591
surface_total_rust_pct,GradientBoosting,gss_4,F04-20240522-19W,6.765,6.713238066700052
surface_total_rust_pct,GradientBoosting,gss_4,F04-20240529-20W,7.543,7.497162488870182
surface_total_rust_pct,GradientBoosting,gss_4,F04-20240619-23W,9.828,9.6092563163049
surface_total_rust_pct,GradientBoosting,gss_4,F04-20240626-24W,11.835,11.854155277142848
surface_total_rust_pct,GradientBoosting,gss_4,F04-20240710-26W,10.881,10.872148264646865
surface_total_rust_pct,GradientBoosting,gss_4,F04-20240724-28W,12.656,12.552987347530813
surface_total_rust_pct,GradientBoosting,gss_4,F04-20240807-30W,10.801,10.822270894199859
surface_total_rust_pct,GradientBoosting,gss_4,F04-20240902-33W,9.888,9.949517855656744
surface_total_rust_pct,GradientBoosting,gss_4,F04-20240918-36W,7.361,7.363142792954445
surface_total_rust_pct,GradientBoosting,gss_4,S1MI03-20220518-0W,0.356,0.34534451796108356
surface_total_rust_pct,GradientBoosting,gss_4,S1MI03-20220603-2W,0.758,0.7359658548857518
surface_total_rust_pct,GradientBoosting,gss_4,S1MI03-20220609-3W,0.463,0.4552873636178689
surface_total_rust_pct,GradientBoosting,gss_4,S1MI03-20220616-4W,0.303,0.3012223903684063
surface_total_rust_pct,GradientBoosting,gss_4,S1MI03-20220623-5W,0.471,0.45426607467913316
surface_total_rust_pct,GradientBoosting,gss_4,S1MI03-20220630-6W,0.686,0.6673681133180591
surface_total_rust_pct,GradientBoosting,gss_4,S1MI03-20220708-7W,0.282,0.2814911474326533
surface_total_rust_pct,GradientBoosting,gss_4,S1MI03-20220714-8W,0.344,0.3454267051263579
surface_total_rust_pct,GradientBoosting,gss_4,S1MI03-20220721-9W,0.528,0.5320207255678954
surface_total_rust_pct,GradientBoosting,gss_4,S1MI03-20220802-10W,0.783,0.8013760846895298
surface_total_rust_pct,GradientBoosting,gss_4,S1MI03-20220822-13W,0.371,0.371997746749161
surface_total_rust_pct,GradientBoosting,gss_4,S1MI03-20220906-15W,1.399,1.3746060881412838
surface_total_rust_pct,GradientBoosting,gss_4,S1MI03-20221102-24W,8.146,8.195553591175164
surface_total_rust_pct,GradientBoosting,gss_4,S1MI03-20221110-25W,8.899,8.753070544963615
surface_total_rust_pct,GradientBoosting,gss_4,S1MI03-20221206-28W,12.772,12.559080754099519
surface_total_rust_pct,GradientBoosting,gss_4,S2SA03-20220518-0W,0.144,0.14733793704192683
surface_total_rust_pct,GradientBoosting,gss_4,S2SA03-20220603-2W,0.404,0.4129945544821906
surface_total_rust_pct,GradientBoosting,gss_4,S2SA03-20220609-3W,0.277,0.2789251622898555
surface_total_rust_pct,GradientBoosting,gss_4,S2SA03-20220616-4W,0.32,0.32052145730956344
surface_total_rust_pct,GradientBoosting,gss_4,S2SA03-20220623-5W,0.481,0.4960533525689761
surface_total_rust_pct,GradientBoosting,gss_4,S2SA03-20220630-6W,0.729,0.7365134299985936
surface_total_rust_pct,GradientBoosting,gss_4,S2SA03-20220708-7W,0.615,0.6212969933052238
surface_total_rust_pct,GradientBoosting,gss_4,S2SA03-20220714-8W,0.997,0.9885428781951908
surface_total_rust_pct,GradientBoosting,gss_4,S2SA03-20220721-9W,0.993,0.9885871356755448
surface_total_rust_pct,GradientBoosting,gss_4,S2SA03-20220802-10W,1.048,1.0764425321413065
surface_total_rust_pct,GradientBoosting,gss_4,S2SA03-20220822-13W,1.165,1.1816896295493293
surface_total_rust_pct,GradientBoosting,gss_4,S2SA03-20220906-15W,3.124,3.105922897443842
surface_total_rust_pct,GradientBoosting,gss_4,S2SA03-20221102-24W,21.699,21.36649688674874
surface_total_rust_pct,GradientBoosting,gss_4,S2SA03-20221110-25W,15.149,15.042693475107672
surface_total_rust_pct,GradientBoosting,gss_4,S2SA03-20221206-28W,43.177,40.52236216219299
surface_total_rust_pct,GradientBoosting,gss_4,S2SA07-20220518-0W,0.027,0.028770386879070128
surface_total_rust_pct,GradientBoosting,gss_4,S2SA07-20220603-2W,0.025,0.024483637354355315
surface_total_rust_pct,GradientBoosting,gss_4,S2SA07-20220609-3W,0.034,0.034526988438212725
surface_total_rust_pct,GradientBoosting,gss_4,S2SA07-20220616-4W,0.024,0.024483637354355315
surface_total_rust_pct,GradientBoosting,gss_4,S2SA07-20220623-5W,0.019,0.017634213600666384
surface_total_rust_pct,GradientBoosting,gss_4,S2SA07-20220630-6W,0.016,0.01610307691714709
surface_total_rust_pct,GradientBoosting,gss_4,S2SA07-20220708-7W,0.065,0.06270551472954591
surface_total_rust_pct,GradientBoosting,gss_4,S2SA07-20220714-8W,0.06,0.05967948122944307
surface_total_rust_pct,GradientBoosting,gss_4,S2SA07-20220721-9W,0.067,0.06320312539957067
surface_total_rust_pct,GradientBoosting,gss_4,S2SA07-20220802-10W,0.085,0.08623201239087921
surface_total_rust_pct,GradientBoosting,gss_4,S2SA07-20220822-13W,0.031,0.031100888453952223
surface_total_rust_pct,GradientBoosting,gss_4,S2SA07-20220906-15W,0.375,0.37593837923060086
surface_total_rust_pct,GradientBoosting,gss_4,S2SA07-20221102-24W,6.173,6.125263488787422
surface_total_rust_pct,GradientBoosting,gss_4,S2SA07-20221110-25W,7.608,7.5045604581182435
surface_total_rust_pct,GradientBoosting,gss_4,S2SA07-20221206-28W,15.038,18.74597001020458
surface_total_rust_pct,GradientBoosting,gss_4,S4SAVF03-20220518-0W,0.0,0.0015524007362533614
surface_total_rust_pct,GradientBoosting,gss_4,S4SAVF03-20220603-2W,0.007,0.008174665690510886
surface_total_rust_pct,GradientBoosting,gss_4,S4SAVF03-20220609-3W,0.049,0.05116890625120629
surface_total_rust_pct,GradientBoosting,gss_4,S4SAVF03-20220616-4W,0.075,0.07391506881441762
surface_total_rust_pct,GradientBoosting,gss_4,S4SAVF03-20220623-5W,0.098,0.09896526375903827
surface_total_rust_pct,GradientBoosting,gss_4,S4SAVF03-20220630-6W,0.237,0.2326663888221561
surface_total_rust_pct,GradientBoosting,gss_4,S4SAVF03-20220708-7W,0.446,0.4381379631212415
surface_total_rust_pct,GradientBoosting,gss_4,S4SAVF03-20220714-8W,0.312,0.31392398281131306
surface_total_rust_pct,GradientBoosting,gss_4,S4SAVF03-20220721-9W,0.574,0.5725904615689785
surface_total_rust_pct,GradientBoosting,gss_4,S4SAVF03-20220802-10W,0.75,0.7298530260377954
surface_total_rust_pct,GradientBoosting,gss_4,S4SAVF03-20220822-13W,0.565,0.5739420925743339
surface_total_rust_pct,GradientBoosting,gss_4,S4SAVF03-20220906-15W,1.834,1.7783348308474274
surface_total_rust_pct,GradientBoosting,gss_4,S4SAVF03-20221102-24W,22.891,22.10150909395787
surface_total_rust_pct,GradientBoosting,gss_4,S4SAVF03-20221110-25W,18.37,18.446516702966274
surface_total_rust_pct,GradientBoosting,gss_4,S4SAVF03-20221206-28W,25.28,23.738569940459954
surface_total_rust_pct,XGBoost,gss_0,D05-20240110-0W,0.0,0.0016275134403258562
surface_total_rust_pct,XGBoost,gss_0,D05-20240124-2W,0.0,0.0016275134403258562
surface_total_rust_pct,XGBoost,gss_0,D05-20240207-4W,0.108,0.10589777678251266
surface_total_rust_pct,XGBoost,gss_0,D05-20240221-6W,0.057,0.05459658056497574
surface_total_rust_pct,XGBoost,gss_0,D05-20240306-8W,5.28,5.275115966796875
surface_total_rust_pct,XGBoost,gss_0,D05-20240320-10W,10.883,10.70850658416748
surface_total_rust_pct,XGBoost,gss_0,D05-20240405-12W,10.806,10.732019424438477
surface_total_rust_pct,XGBoost,gss_0,D05-20240417-14W,14.166,13.089593887329102
surface_total_rust_pct,XGBoost,gss_0,D05-20240508-17W,12.551,12.479966163635254
surface_total_rust_pct,XGBoost,gss_0,D05-20240522-19W,13.28,13.292847633361816
surface_total_rust_pct,XGBoost,gss_0,D05-20240529-20W,9.236,9.29309368133545
surface_total_rust_pct,XGBoost,gss_0,D05-20240619-23W,20.139,20.170963287353516
surface_total_rust_pct,XGBoost,gss_0,D05-20240626-24W,15.98,15.048850059509277
surface_total_rust_pct,XGBoost,gss_0,D05-20240710-26W,13.515,13.056324005126953
surface_total_rust_pct,XGBoost,gss_0,D05-20240724-28W,19.174,20.014633178710938
surface_total_rust_pct,XGBoost,gss_0,D05-20240807-30W,11.857,11.936738014221191
surface_total_rust_pct,XGBoost,gss_0,D05-20240902-33W,16.881,16.396482467651367
surface_total_rust_pct,XGBoost,gss_0,D05-20240918-36W,10.999,10.948416709899902
surface_total_rust_pct,XGBoost,gss_0,F01-20240110-0W,0.0,0.004000444430857897
surface_total_rust_pct,XGBoost,gss_0,F01-20240124-2W,0.0,0.0020087179727852345
surface_total_rust_pct,XGBoost,gss_0,F01-20240207-4W,0.001,0.005999117624014616
surface_total_rust_pct,XGBoost,gss_0,F01-20240221-6W,0.0,0.0029978835955262184
surface_total_rust_pct,XGBoost,gss_0,F01-20240306-8W,0.0,0.0009508212096989155
surface_total_rust_pct,XGBoost,gss_0,F01-20240320-10W,0.106,0.1025930643081665
surface_total_rust_pct,XGBoost,gss_0,F01-20240405-12W,0.027,0.027986135333776474
surface_total_rust_pct,XGBoost,gss_0,F01-20240417-14W,0.317,0.3563159704208374
surface_total_rust_pct,XGBoost,gss_0,F01-20240508-17W,0.12,0.12365465611219406
surface_total_rust_pct,XGBoost,gss_0,F01-20240522-19W,0.706,0.7069096565246582
surface_total_rust_pct,XGBoost,gss_0,F01-20240529-20W,0.129,0.12955740094184875
surface_total_rust_pct,XGBoost,gss_0,F01-20240619-23W,0.873,0.833276629447937
surface_total_rust_pct,XGBoost,gss_0,F01-20240626-24W,1.008,1.0203752517700195
surface_total_rust_pct,XGBoost,gss_0,F01-20240710-26W,0.9,0.933648943901062
surface_total_rust_pct,XGBoost,gss_0,F01-20240724-28W,3.231,3.24381947517395
surface_total_rust_pct,XGBoost,gss_0,F01-20240807-30W,1.697,1.6696748733520508
surface_total_rust_pct,XGBoost,gss_0,F01-20240902-33W,1.648,1.667148232460022
surface_total_rust_pct,XGBoost,gss_0,F01-20240918-36W,1.132,1.1144371032714844
surface_total_rust_pct,XGBoost,gss_0,G02-20240110-0W,0.007,0.007081783376634121
surface_total_rust_pct,XGBoost,gss_0,G02-20240124-2W,0.0,0.0021368535235524178
surface_total_rust_pct,XGBoost,gss_0,G02-20240207-4W,0.041,0.039792515337467194
surface_total_rust_pct,XGBoost,gss_0,G02-20240221-6W,0.01,0.004357469733804464
surface_total_rust_pct,XGBoost,gss_0,G02-20240306-8W,0.048,0.04618073254823685
surface_total_rust_pct,XGBoost,gss_0,G02-20240320-10W,1.18,1.2353624105453491
surface_total_rust_pct,XGBoost,gss_0,G02-20240405-12W,2.718,2.7076022624969482
surface_total_rust_pct,XGBoost,gss_0,G02-20240417-14W,3.732,3.710542678833008
surface_total_rust_pct,XGBoost,gss_0,G02-20240508-17W,4.949,4.876918315887451
surface_total_rust_pct,XGBoost,gss_0,G02-20240522-19W,5.849,5.894859313964844
surface_total_rust_pct,XGBoost,gss_0,G02-20240529-20W,3.328,3.366361618041992
surface_total_rust_pct,XGBoost,gss_0,G02-20240619-23W,5.01,5.03133487701416
surface_total_rust_pct,XGBoost,gss_0,G02-20240626-24W,4.448,4.461475372314453
surface_total_rust_pct,XGBoost,gss_0,G02-20240710-26W,2.723,2.724215269088745
surface_total_rust_pct,XGBoost,gss_0,G02-20240724-28W,5.212,5.132445812225342
surface_total_rust_pct,XGBoost,gss_0,G02-20240807-30W,3.167,3.1809611320495605
surface_total_rust_pct,XGBoost,gss_0,G02-20240902-33W,2.804,2.7364230155944824
surface_total_rust_pct,XGBoost,gss_0,G02-20240918-36W,2.513,2.5682213306427
surface_total_rust_pct,XGBoost,gss_0,S1MI01-20220518-0W,0.112,0.10949952155351639
surface_total_rust_pct,XGBoost,gss_0,S1MI01-20220603-2W,0.117,0.11799848079681396
surface_total_rust_pct,XGBoost,gss_0,S1MI01-20220609-3W,0.28,0.28253433108329773
surface_total_rust_pct,XGBoost,gss_0,S1MI01-20220616-4W,0.083,0.0786515474319458
surface_total_rust_pct,XGBoost,gss_0,S1MI01-20220623-5W,0.26,0.25191882252693176
surface_total_rust_pct,XGBoost,gss_0,S1MI01-20220630-6W,0.47,0.44876790046691895
surface_total_rust_pct,XGBoost,gss_0,S1MI01-20220708-7W,0.392,0.36851292848587036
surface_total_rust_pct,XGBoost,gss_0,S1MI01-20220714-8W,0.635,0.5765182971954346
surface_total_rust_pct,XGBoost,gss_0,S1MI01-20220721-9W,0.626,0.6207060217857361
surface_total_rust_pct,XGBoost,gss_0,S1MI01-20220802-10W,0.448,0.41420096158981323
surface_total_rust_pct,XGBoost,gss_0,S1MI01-20220822-13W,0.449,0.4116826355457306
surface_total_rust_pct,XGBoost,gss_0,S1MI01-20220906-15W,1.023,1.0152031183242798
surface_total_rust_pct,XGBoost,gss_0,S1MI01-20221102-24W,4.059,4.029204845428467
surface_total_rust_pct,XGBoost,gss_0,S1MI01-20221110-25W,3.077,3.069070339202881
surface_total_rust_pct,XGBoost,gss_0,S1MI01-20221206-28W,5.111,5.033016204833984
surface_total_rust_pct,XGBoost,gss_0,S1MI02-20220518-0W,0.342,0.3494136929512024
surface_total_rust_pct,XGBoost,gss_0,S1MI02-20220603-2W,0.188,0.18497443199157715
surface_total_rust_pct,XGBoost,gss_0,S1MI02-20220609-3W,0.209,0.2004387378692627
surface_total_rust_pct,XGBoost,gss_0,S1MI02-20220616-4W,0.209,0.2004387378692627
surface_total_rust_pct,XGBoost,gss_0,S1MI02-20220623-5W,0.264,0.27200326323509216
surface_total_rust_pct,XGBoost,gss_0,S1MI02-20220630-6W,0.399,0.375027596950531
surface_total_rust_pct,XGBoost,gss_0,S1MI02-20220708-7W,0.307,0.28515544533729553
surface_total_rust_pct,XGBoost,gss_0,S1MI02-20220714-8W,0.302,0.28494933247566223
surface_total_rust_pct,XGBoost,gss_0,S1MI02-20220721-9W,0.183,0.1828700751066208
surface_total_rust_pct,XGBoost,gss_0,S1MI02-20220802-10W,0.247,0.24595226347446442
surface_total_rust_pct,XGBoost,gss_0,S1MI02-20220822-13W,0.141,0.13361556828022003
surface_total_rust_pct,XGBoost,gss_0,S1MI02-20220906-15W,0.478,0.4596202075481415
surface_total_rust_pct,XGBoost,gss_0,S1MI02-20221102-24W,9.584,9.731152534484863
surface_total_rust_pct,XGBoost,gss_0,S1MI02-20221110-25W,4.58,4.560951232910156
surface_total_rust_pct,XGBoost,gss_0,S1MI02-20221206-28W,8.318,8.36546802520752
surface_total_rust_pct,XGBoost,gss_0,S1MI03-20220518-0W,0.356,0.3478683829307556
surface_total_rust_pct,XGBoost,gss_0,S1MI03-20220603-2W,0.758,0.768337607383728
surface_total_rust_pct,XGBoost,gss_0,S1MI03-20220609-3W,0.463,0.48182958364486694
surface_total_rust_pct,XGBoost,gss_0,S1MI03-20220616-4W,0.303,0.2809746265411377
surface_total_rust_pct,XGBoost,gss_0,S1MI03-20220623-5W,0.471,0.4474887251853943
surface_total_rust_pct,XGBoost,gss_0,S1MI03-20220630-6W,0.686,0.6952018141746521
surface_total_rust_pct,XGBoost,gss_0,S1MI03-20220708-7W,0.282,0.2819848656654358
surface_total_rust_pct,XGBoost,gss_0,S1MI03-20220714-8W,0.344,0.3507922887802124
surface_total_rust_pct,XGBoost,gss_0,S1MI03-20220721-9W,0.528,0.48297587037086487
surface_total_rust_pct,XGBoost,gss_0,S1MI03-20220802-10W,0.783,0.764089047908783
surface_total_rust_pct,XGBoost,gss_0,S1MI03-20220822-13W,0.371,0.36985859274864197
surface_total_rust_pct,XGBoost,gss_0,S1MI03-20220906-15W,1.399,1.4696608781814575
surface_total_rust_pct,XGBoost,gss_0,S1MI03-20221102-24W,8.146,8.189927101135254
surface_total_rust_pct,XGBoost,gss_0,S1MI03-20221110-25W,8.899,8.80322551727295
surface_total_rust_pct,XGBoost,gss_0,S1MI03-20221206-28W,12.772,12.843696594238281
surface_total_rust_pct,XGBoost,gss_0,S1MI04-20220518-0W,0.296,0.28294047713279724
surface_total_rust_pct,XGBoost,gss_0,S1MI04-20220603-2W,0.636,0.5755923986434937
surface_total_rust_pct,XGBoost,gss_0,S1MI04-20220609-3W,0.629,0.5731322765350342
surface_total_rust_pct,XGBoost,gss_0,S1MI04-20220616-4W,0.396,0.37069210410118103
surface_total_rust_pct,XGBoost,gss_0,S1MI04-20220623-5W,0.854,0.838301956653595
surface_total_rust_pct,XGBoost,gss_0,S1MI04-20220630-6W,0.994,0.9709593653678894
surface_total_rust_pct,XGBoost,gss_0,S1MI04-20220708-7W,0.954,0.9553296566009521
surface_total_rust_pct,XGBoost,gss_0,S1MI04-20220714-8W,1.231,1.1956977844238281
surface_total_rust_pct,XGBoost,gss_0,S1MI04-20220721-9W,1.234,1.1956040859222412
surface_total_rust_pct,XGBoost,gss_0,S1MI04-20220802-10W,2.278,2.298060417175293
surface_total_rust_pct,XGBoost,gss_0,S1MI04-20220822-13W,1.17,1.168631911277771
surface_total_rust_pct,XGBoost,gss_0,S1MI04-20220906-15W,4.25,4.15366792678833
surface_total_rust_pct,XGBoost,gss_0,S1MI04-20221102-24W,24.223,23.75505256652832
surface_total_rust_pct,XGBoost,gss_0,S1MI04-20221110-25W,16.735,16.614160537719727
surface_total_rust_pct,XGBoost,gss_0,S1MI04-20221206-28W,32.041,31.073017120361328
surface_total_rust_pct,XGBoost,gss_0,S2SA07-20220518-0W,0.027,0.02889104187488556
surface_total_rust_pct,XGBoost,gss_0,S2SA07-20220603-2W,0.025,0.023768259212374687
surface_total_rust_pct,XGBoost,gss_0,S2SA07-20220609-3W,0.034,0.03643111139535904
surface_total_rust_pct,XGBoost,gss_0,S2SA07-20220616-4W,0.024,0.022475073114037514
surface_total_rust_pct,XGBoost,gss_0,S2SA07-20220623-5W,0.019,0.016748730093240738
surface_total_rust_pct,XGBoost,gss_0,S2SA07-20220630-6W,0.016,0.01359309908002615
surface_total_rust_pct,XGBoost,gss_0,S2SA07-20220708-7W,0.065,0.06415557861328125
surface_total_rust_pct,XGBoost,gss_0,S2SA07-20220714-8W,0.06,0.0562528595328331
surface_total_rust_pct,XGBoost,gss_0,S2SA07-20220721-9W,0.067,0.06929732859134674
surface_total_rust_pct,XGBoost,gss_0,S2SA07-20220802-10W,0.085,0.08403030782938004
surface_total_rust_pct,XGBoost,gss_0,S2SA07-20220822-13W,0.031,0.02944888360798359
surface_total_rust_pct,XGBoost,gss_0,S2SA07-20220906-15W,0.375,0.4106021523475647
surface_total_rust_pct,XGBoost,gss_0,S2SA07-20221102-24W,6.173,6.282604694366455
surface_total_rust_pct,XGBoost,gss_0,S2SA07-20221110-25W,7.608,7.706290245056152
surface_total_rust_pct,XGBoost,gss_0,S2SA07-20221206-28W,15.038,13.712861061096191
surface_total_rust_pct,XGBoost,gss_0,S3PA03-20220518-0W,0.044,0.04668865352869034
surface_total_rust_pct,XGBoost,gss_0,S3PA03-20220603-2W,0.249,0.2500971257686615
surface_total_rust_pct,XGBoost,gss_0,S3PA03-20220609-3W,0.109,0.11109643429517746
surface_total_rust_pct,XGBoost,gss_0,S3PA03-20220616-4W,0.027,0.027928519994020462
surface_total_rust_pct,XGBoost,gss_0,S3PA03-20220623-5W,0.111,0.10970928519964218
surface_total_rust_pct,XGBoost,gss_0,S3PA03-20220630-6W,0.213,0.2020808458328247
surface_total_rust_pct,XGBoost,gss_0,S3PA03-20220708-7W,0.157,0.15551210939884186
surface_total_rust_pct,XGBoost,gss_0,S3PA03-20220714-8W,0.191,0.1830446869134903
surface_total_rust_pct,XGBoost,gss_0,S3PA03-20220721-9W,0.234,0.24017637968063354
surface_total_rust_pct,XGBoost,gss_0,S3PA03-20220802-10W,0.377,0.37039923667907715
surface_total_rust_pct,XGBoost,gss_0,S3PA03-20220822-13W,0.298,0.28577160835266113
surface_total_rust_pct,XGBoost,gss_0,S3PA03-20220906-15W,0.467,0.4525993764400482
surface_total_rust_pct,XGBoost,gss_0,S3PA03-20221102-24W,4.579,4.5179948806762695
surface_total_rust_pct,XGBoost,gss_0,S3PA03-20221110-25W,6.525,6.683251857757568
surface_total_rust_pct,XGBoost,gss_0,S3PA03-20221206-28W,8.862,8.813932418823242
surface_total_rust_pct,XGBoost,gss_0,S4SAVF02-20220518-0W,0.001,0.0042361905798316
surface_total_rust_pct,XGBoost,gss_0,S4SAVF02-20220603-2W,0.001,0.00700935535132885
surface_total_rust_pct,XGBoost,gss_0,S4SAVF02-20220609-3W,0.001,0.006812907289713621
surface_total_rust_pct,XGBoost,gss_0,S4SAVF02-20220616-4W,0.002,0.006445620208978653
surface_total_rust_pct,XGBoost,gss_0,S4SAVF02-20220623-5W,0.002,0.0061079659499228
surface_total_rust_pct,XGBoost,gss_0,S4SAVF02-20220630-6W,0.002,0.005769673269242048
surface_total_rust_pct,XGBoost,gss_0,S4SAVF02-20220708-7W,0.005,0.00682666664943099
surface_total_rust_pct,XGBoost,gss_0,S4SAVF02-20220714-8W,0.004,0.004472721368074417
surface_total_rust_pct,XGBoost,gss_0,S4SAVF02-20220721-9W,0.005,0.005178564693778753
surface_total_rust_pct,XGBoost,gss_0,S4SAVF02-20220802-10W,0.011,0.014328807592391968
surface_total_rust_pct,XGBoost,gss_0,S4SAVF02-20220822-13W,0.005,0.006533406209200621
surface_total_rust_pct,XGBoost,gss_0,S4SAVF02-20220906-15W,0.042,0.04825465753674507
surface_total_rust_pct,XGBoost,gss_0,S4SAVF02-20221102-24W,1.093,1.1189082860946655
surface_total_rust_pct,XGBoost,gss_0,S4SAVF02-20221110-25W,1.301,1.2576870918273926
surface_total_rust_pct,XGBoost,gss_0,S4SAVF02-20221206-28W,5.426,5.3954243659973145
surface_total_rust_pct,XGBoost,gss_1,D01-20240110-0W,0.003,0.003107325406745076
surface_total_rust_pct,XGBoost,gss_1,D01-20240124-2W,0.0,0.0011038249358534813
surface_total_rust_pct,XGBoost,gss_1,D01-20240207-4W,0.006,0.008317031897604465
surface_total_rust_pct,XGBoost,gss_1,D01-20240221-6W,0.0,0.003464342560619116
surface_total_rust_pct,XGBoost,gss_1,D01-20240306-8W,0.081,0.08156857639551163
surface_total_rust_pct,XGBoost,gss_1,D01-20240320-10W,0.565,0.613581657409668
surface_total_rust_pct,XGBoost,gss_1,D01-20240405-12W,0.194,0.1961728185415268
surface_total_rust_pct,XGBoost,gss_1,D01-20240417-14W,0.676,0.6562264561653137
surface_total_rust_pct,XGBoost,gss_1,D01-20240508-17W,0.96,0.9926896691322327
surface_total_rust_pct,XGBoost,gss_1,D01-20240522-19W,0.893,0.8999078869819641
surface_total_rust_pct,XGBoost,gss_1,D01-20240529-20W,0.655,0.6497979164123535
surface_total_rust_pct,XGBoost,gss_1,D01-20240619-23W,1.197,1.1702797412872314
surface_total_rust_pct,XGBoost,gss_1,D01-20240626-24W,1.555,1.4566779136657715
surface_total_rust_pct,XGBoost,gss_1,D01-20240710-26W,1.003,1.0144490003585815
surface_total_rust_pct,XGBoost,gss_1,D01-20240724-28W,2.063,2.073134183883667
surface_total_rust_pct,XGBoost,gss_1,D01-20240807-30W,1.077,1.0572073459625244
surface_total_rust_pct,XGBoost,gss_1,D01-20240902-33W,1.586,1.4631179571151733
surface_total_rust_pct,XGBoost,gss_1,D01-20240918-36W,0.943,0.946190595626831
surface_total_rust_pct,XGBoost,gss_1,D03-20240110-0W,0.0,0.0005840178928337991
surface_total_rust_pct,XGBoost,gss_1,D03-20240124-2W,0.0,0.0007400893373414874
surface_total_rust_pct,XGBoost,gss_1,D03-20240207-4W,0.008,0.007811170537024736
surface_total_rust_pct,XGBoost,gss_1,D03-20240221-6W,0.0,0.0008455765200778842
surface_total_rust_pct,XGBoost,gss_1,D03-20240306-8W,0.023,0.01999794691801071
surface_total_rust_pct,XGBoost,gss_1,D03-20240320-10W,0.069,0.06209468096494675
surface_total_rust_pct,XGBoost,gss_1,D03-20240405-12W,0.0,0.0018160768086090684
surface_total_rust_pct,XGBoost,gss_1,D03-20240417-14W,0.051,0.0485270693898201
surface_total_rust_pct,XGBoost,gss_1,D03-20240508-17W,0.09,0.08660133928060532
surface_total_rust_pct,XGBoost,gss_1,D03-20240522-19W,0.041,0.03851347789168358
surface_total_rust_pct,XGBoost,gss_1,D03-20240529-20W,0.029,0.02932705543935299
surface_total_rust_pct,XGBoost,gss_1,D03-20240619-23W,0.071,0.07037534564733505
surface_total_rust_pct,XGBoost,gss_1,D03-20240626-24W,0.082,0.08123128116130829
surface_total_rust_pct,XGBoost,gss_1,D03-20240710-26W,0.084,0.07856437563896179
surface_total_rust_pct,XGBoost,gss_1,D03-20240724-28W,0.08,0.07690202444791794
surface_total_rust_pct,XGBoost,gss_1,D03-20240807-30W,0.018,0.0231174249202013
surface_total_rust_pct,XGBoost,gss_1,D03-20240902-33W,0.039,0.03895585983991623
surface_total_rust_pct,XGBoost,gss_1,D03-20240918-36W,0.044,0.04405243322253227
surface_total_rust_pct,XGBoost,gss_1,E05-20240110-0W,0.037,0.03499852493405342
surface_total_rust_pct,XGBoost,gss_1,E05-20240124-2W,0.0,0.0015278075588867068
surface_total_rust_pct,XGBoost,gss_1,E05-20240207-4W,0.016,0.016159558668732643
surface_total_rust_pct,XGBoost,gss_1,E05-20240221-6W,0.021,0.023785896599292755
surface_total_rust_pct,XGBoost,gss_1,E05-20240306-8W,0.178,0.173361137509346
surface_total_rust_pct,XGBoost,gss_1,E05-20240320-10W,0.837,0.8470291495323181
surface_total_rust_pct,XGBoost,gss_1,E05-20240405-12W,0.676,0.6826314926147461
surface_total_rust_pct,XGBoost,gss_1,E05-20240417-14W,2.05,2.1480863094329834
surface_total_rust_pct,XGBoost,gss_1,E05-20240508-17W,1.889,1.9477661848068237
surface_total_rust_pct,XGBoost,gss_1,E05-20240522-19W,2.96,2.960618019104004
surface_total_rust_pct,XGBoost,gss_1,E05-20240529-20W,2.119,2.094165563583374
surface_total_rust_pct,XGBoost,gss_1,E05-20240619-23W,2.133,2.045609951019287
surface_total_rust_pct,XGBoost,gss_1,E05-20240626-24W,3.614,3.7224228382110596
surface_total_rust_pct,XGBoost,gss_1,E05-20240710-26W,1.697,1.8163727521896362
surface_total_rust_pct,XGBoost,gss_1,E05-20240724-28W,4.77,4.66432523727417
surface_total_rust_pct,XGBoost,gss_1,E05-20240807-30W,3.563,3.5153634548187256
surface_total_rust_pct,XGBoost,gss_1,E05-20240902-33W,2.646,2.630258798599243
surface_total_rust_pct,XGBoost,gss_1,E05-20240918-36W,2.385,2.345170497894287
surface_total_rust_pct,XGBoost,gss_1,G05-20240110-0W,0.011,0.009254030883312225
surface_total_rust_pct,XGBoost,gss_1,G05-20240124-2W,0.0,0.0016350912628695369
surface_total_rust_pct,XGBoost,gss_1,G05-20240207-4W,0.019,0.018334997817873955
surface_total_rust_pct,XGBoost,gss_1,G05-20240221-6W,0.0,0.002878461265936494
surface_total_rust_pct,XGBoost,gss_1,G05-20240306-8W,0.0,0.0016350912628695369
surface_total_rust_pct,XGBoost,gss_1,G05-20240320-10W,0.0,0.005161500070244074
surface_total_rust_pct,XGBoost,gss_1,G05-20240405-12W,0.0,0.0018966494826599956
surface_total_rust_pct,XGBoost,gss_1,G05-20240417-14W,0.026,0.022160757333040237
surface_total_rust_pct,XGBoost,gss_1,G05-20240508-17W,0.037,0.028535660356283188
surface_total_rust_pct,XGBoost,gss_1,G05-20240522-19W,0.022,0.020740509033203125
surface_total_rust_pct,XGBoost,gss_1,G05-20240529-20W,0.011,0.010936442762613297
surface_total_rust_pct,XGBoost,gss_1,G05-20240619-23W,0.043,0.043717533349990845
surface_total_rust_pct,XGBoost,gss_1,G05-20240626-24W,0.102,0.09614784270524979
surface_total_rust_pct,XGBoost,gss_1,G05-20240710-26W,0.026,0.024926938116550446
surface_total_rust_pct,XGBoost,gss_1,G05-20240724-28W,0.012,0.010302240028977394
surface_total_rust_pct,XGBoost,gss_1,G05-20240807-30W,0.062,0.059972502291202545
surface_total_rust_pct,XGBoost,gss_1,G05-20240902-33W,0.041,0.0403769388794899
surface_total_rust_pct,XGBoost,gss_1,G05-20240918-36W,0.052,0.0516786128282547
surface_total_rust_pct,XGBoost,gss_1,S1MI03-20220518-0W,0.356,0.37369829416275024
surface_total_rust_pct,XGBoost,gss_1,S1MI03-20220603-2W,0.758,0.7668163776397705
surface_total_rust_pct,XGBoost,gss_1,S1MI03-20220609-3W,0.463,0.48147204518318176
surface_total_rust_pct,XGBoost,gss_1,S1MI03-20220616-4W,0.303,0.30735519528388977
surface_total_rust_pct,XGBoost,gss_1,S1MI03-20220623-5W,0.471,0.4579834043979645
surface_total_rust_pct,XGBoost,gss_1,S1MI03-20220630-6W,0.686,0.6657005548477173
surface_total_rust_pct,XGBoost,gss_1,S1MI03-20220708-7W,0.282,0.2806927263736725
surface_total_rust_pct,XGBoost,gss_1,S1MI03-20220714-8W,0.344,0.3473297357559204
surface_total_rust_pct,XGBoost,gss_1,S1MI03-20220721-9W,0.528,0.5290918946266174
surface_total_rust_pct,XGBoost,gss_1,S1MI03-20220802-10W,0.783,0.8033779263496399
surface_total_rust_pct,XGBoost,gss_1,S1MI03-20220822-13W,0.371,0.37223565578460693
surface_total_rust_pct,XGBoost,gss_1,S1MI03-20220906-15W,1.399,1.3963829278945923
surface_total_rust_pct,XGBoost,gss_1,S1MI03-20221102-24W,8.146,7.775448799133301
surface_total_rust_pct,XGBoost,gss_1,S1MI03-20221110-25W,8.899,8.695030212402344
surface_total_rust_pct,XGBoost,gss_1,S1MI03-20221206-28W,12.772,13.143494606018066
surface_total_rust_pct,XGBoost,gss_1,S2SA02-20220518-0W,0.085,0.0825124979019165
surface_total_rust_pct,XGBoost,gss_1,S2SA02-20220603-2W,0.188,0.21641497313976288
surface_total_rust_pct,XGBoost,gss_1,S2SA02-20220609-3W,0.087,0.08380211144685745
surface_total_rust_pct,XGBoost,gss_1,S2SA02-20220616-4W,0.119,0.1171741932630539
surface_total_rust_pct,XGBoost,gss_1,S2SA02-20220623-5W,0.164,0.1670510172843933
surface_total_rust_pct,XGBoost,gss_1,S2SA02-20220630-6W,0.162,0.15898746252059937
surface_total_rust_pct,XGBoost,gss_1,S2SA02-20220708-7W,0.145,0.14438603818416595
surface_total_rust_pct,XGBoost,gss_1,S2SA02-20220714-8W,0.239,0.23955997824668884
surface_total_rust_pct,XGBoost,gss_1,S2SA02-20220721-9W,0.186,0.18914330005645752
surface_total_rust_pct,XGBoost,gss_1,S2SA02-20220802-10W,0.261,0.25223949551582336
surface_total_rust_pct,XGBoost,gss_1,S2SA02-20220822-13W,0.185,0.185652494430542
surface_total_rust_pct,XGBoost,gss_1,S2SA02-20220906-15W,0.646,0.5807951092720032
surface_total_rust_pct,XGBoost,gss_1,S2SA02-20221102-24W,4.474,4.47615909576416
surface_total_rust_pct,XGBoost,gss_1,S2SA02-20221110-25W,2.247,2.1970088481903076
surface_total_rust_pct,XGBoost,gss_1,S2SA02-20221206-28W,3.601,3.543172836303711
surface_total_rust_pct,XGBoost,gss_1,S3PA03-20220518-0W,0.044,0.03930101543664932
surface_total_rust_pct,XGBoost,gss_1,S3PA03-20220603-2W,0.249,0.2439470887184143
surface_total_rust_pct,XGBoost,gss_1,S3PA03-20220609-3W,0.109,0.09803622961044312
surface_total_rust_pct,XGBoost,gss_1,S3PA03-20220616-4W,0.027,0.02835724502801895
surface_total_rust_pct,XGBoost,gss_1,S3PA03-20220623-5W,0.111,0.11221783608198166
surface_total_rust_pct,XGBoost,gss_1,S3PA03-20220630-6W,0.213,0.19621296226978302
surface_total_rust_pct,XGBoost,gss_1,S3PA03-20220708-7W,0.157,0.150610089302063
surface_total_rust_pct,XGBoost,gss_1,S3PA03-20220714-8W,0.191,0.19350431859493256
surface_total_rust_pct,XGBoost,gss_1,S3PA03-20220721-9W,0.234,0.2281312793493271
surface_total_rust_pct,XGBoost,gss_1,S3PA03-20220802-10W,0.377,0.3685016930103302
surface_total_rust_pct,XGBoost,gss_1,S3PA03-20220822-13W,0.298,0.2822793126106262
surface_total_rust_pct,XGBoost,gss_1,S3PA03-20220906-15W,0.467,0.45441582798957825
surface_total_rust_pct,XGBoost,gss_1,S3PA03-20221102-24W,4.579,4.537263870239258
surface_total_rust_pct,XGBoost,gss_1,S3PA03-20221110-25W,6.525,6.53348970413208
surface_total_rust_pct,XGBoost,gss_1,S3PA03-20221206-28W,8.862,8.772873878479004
surface_total_rust_pct,XGBoost,gss_1,S3PA04-20220518-0W,0.236,0.23896336555480957
surface_total_rust_pct,XGBoost,gss_1,S3PA04-20220603-2W,0.154,0.14875133335590363
surface_total_rust_pct,XGBoost,gss_1,S3PA04-20220609-3W,0.163,0.16212110221385956
surface_total_rust_pct,XGBoost,gss_1,S3PA04-20220616-4W,0.082,0.08208656311035156
surface_total_rust_pct,XGBoost,gss_1,S3PA04-20220623-5W,0.13,0.1214461624622345
surface_total_rust_pct,XGBoost,gss_1,S3PA04-20220630-6W,0.257,0.24688829481601715
surface_total_rust_pct,XGBoost,gss_1,S3PA04-20220708-7W,0.249,0.24681787192821503
surface_total_rust_pct,XGBoost,gss_1,S3PA04-20220714-8W,0.371,0.3743687868118286
surface_total_rust_pct,XGBoost,gss_1,S3PA04-20220721-9W,0.337,0.34574785828590393
surface_total_rust_pct,XGBoost,gss_1,S3PA04-20220802-10W,0.345,0.373470276594162
surface_total_rust_pct,XGBoost,gss_1,S3PA04-20220822-13W,0.246,0.23368385434150696
surface_total_rust_pct,XGBoost,gss_1,S3PA04-20220906-15W,0.247,0.2468326836824417
surface_total_rust_pct,XGBoost,gss_1,S3PA04-20221102-24W,2.162,2.0782310962677
surface_total_rust_pct,XGBoost,gss_1,S3PA04-20221110-25W,2.505,2.5754730701446533
surface_total_rust_pct,XGBoost,gss_1,S3PA04-20221206-28W,4.997,4.855531692504883
surface_total_rust_pct,XGBoost,gss_1,S4SAVF01-20220518-0W,0.13,0.14777036011219025
surface_total_rust_pct,XGBoost,gss_1,S4SAVF01-20220603-2W,0.186,0.18228311836719513
surface_total_rust_pct,XGBoost,gss_1,S4SAVF01-20220609-3W,0.137,0.1345089077949524
surface_total_rust_pct,XGBoost,gss_1,S4SAVF01-20220616-4W,0.044,0.04301523044705391
surface_total_rust_pct,XGBoost,gss_1,S4SAVF01-20220623-5W,0.057,0.054607268422842026
surface_total_rust_pct,XGBoost,gss_1,S4SAVF01-20220630-6W,0.11,0.10733655840158463
surface_total_rust_pct,XGBoost,gss_1,S4SAVF01-20220708-7W,0.092,0.08413901180028915
surface_total_rust_pct,XGBoost,gss_1,S4SAVF01-20220714-8W,0.103,0.09554407000541687
surface_total_rust_pct,XGBoost,gss_1,S4SAVF01-20220721-9W,0.089,0.08345048129558563
surface_total_rust_pct,XGBoost,gss_1,S4SAVF01-20220802-10W,0.157,0.15102706849575043
surface_total_rust_pct,XGBoost,gss_1,S4SAVF01-20220822-13W,0.092,0.08557567745447159
surface_total_rust_pct,XGBoost,gss_1,S4SAVF01-20220906-15W,0.291,0.2851109504699707
surface_total_rust_pct,XGBoost,gss_1,S4SAVF01-20221102-24W,4.948,5.414417743682861
surface_total_rust_pct,XGBoost,gss_1,S4SAVF01-20221110-25W,3.137,3.1538853645324707
surface_total_rust_pct,XGBoost,gss_1,S4SAVF01-20221206-28W,5.602,5.788358688354492
surface_total_rust_pct,XGBoost,gss_1,S5VF01-20220518-0W,0.09,0.08624096214771271
surface_total_rust_pct,XGBoost,gss_1,S5VF01-20220603-2W,0.077,0.07791321724653244
surface_total_rust_pct,XGBoost,gss_1,S5VF01-20220609-3W,0.111,0.10666404664516449
surface_total_rust_pct,XGBoost,gss_1,S5VF01-20220616-4W,0.083,0.07953149825334549
surface_total_rust_pct,XGBoost,gss_1,S5VF01-20220623-5W,0.268,0.25616130232810974
surface_total_rust_pct,XGBoost,gss_1,S5VF01-20220630-6W,0.338,0.3211052417755127
surface_total_rust_pct,XGBoost,gss_1,S5VF01-20220708-7W,0.28,0.2776734232902527
surface_total_rust_pct,XGBoost,gss_1,S5VF01-20220714-8W,0.447,0.41558170318603516
surface_total_rust_pct,XGBoost,gss_1,S5VF01-20220721-9W,0.293,0.28570300340652466
surface_total_rust_pct,XGBoost,gss_1,S5VF01-20220802-10W,0.797,0.7618248462677002
surface_total_rust_pct,XGBoost,gss_1,S5VF01-20220822-13W,0.534,0.4971057176589966
surface_total_rust_pct,XGBoost,gss_1,S5VF01-20220906-15W,1.45,1.3711035251617432
surface_total_rust_pct,XGBoost,gss_1,S5VF01-20221102-24W,7.514,7.554955005645752
surface_total_rust_pct,XGBoost,gss_1,S5VF01-20221110-25W,8.206,7.879604816436768
surface_total_rust_pct,XGBoost,gss_1,S5VF01-20221206-28W,12.535,12.339129447937012
surface_total_rust_pct,XGBoost,gss_2,D04-20240110-0W,0.082,0.08245661854743958
surface_total_rust_pct,XGBoost,gss_2,D04-20240124-2W,0.003,0.0041724336333572865
surface_total_rust_pct,XGBoost,gss_2,D04-20240207-4W,0.535,0.5139490365982056
surface_total_rust_pct,XGBoost,gss_2,D04-20240221-6W,0.815,0.7834731340408325
surface_total_rust_pct,XGBoost,gss_2,D04-20240306-8W,2.353,2.290290594100952
surface_total_rust_pct,XGBoost,gss_2,D04-20240320-10W,15.047,14.926037788391113
surface_total_rust_pct,XGBoost,gss_2,D04-20240405-12W,19.675,19.399097442626953
surface_total_rust_pct,XGBoost,gss_2,D04-20240417-14W,35.886,29.486404418945312
surface_total_rust_pct,XGBoost,gss_2,D04-20240508-17W,29.643,29.370092391967773
surface_total_rust_pct,XGBoost,gss_2,D04-20240522-19W,40.627,29.340511322021484
surface_total_rust_pct,XGBoost,gss_2,D04-20240529-20W,17.02,17.235301971435547
surface_total_rust_pct,XGBoost,gss_2,D04-20240619-23W,52.911,29.3413028717041
surface_total_rust_pct,XGBoost,gss_2,D04-20240626-24W,53.412,29.341598510742188
surface_total_rust_pct,XGBoost,gss_2,D04-20240710-26W,34.058,22.970664978027344
surface_total_rust_pct,XGBoost,gss_2,D04-20240724-28W,47.365,29.348983764648438
surface_total_rust_pct,XGBoost,gss_2,D04-20240807-30W,16.467,16.395599365234375
surface_total_rust_pct,XGBoost,gss_2,D04-20240902-33W,35.013,24.52932357788086
surface_total_rust_pct,XGBoost,gss_2,D04-20240918-36W,31.395,22.817564010620117
surface_total_rust_pct,XGBoost,gss_2,D06-20240110-0W,0.004,0.0038423151709139347
surface_total_rust_pct,XGBoost,gss_2,D06-20240124-2W,0.0,0.0020467163994908333
surface_total_rust_pct,XGBoost,gss_2,D06-20240207-4W,0.308,0.30962100625038147
surface_total_rust_pct,XGBoost,gss_2,D06-20240221-6W,0.182,0.1786293089389801
surface_total_rust_pct,XGBoost,gss_2,D06-20240306-8W,1.602,1.641007900238037
surface_total_rust_pct,XGBoost,gss_2,D06-20240320-10W,2.993,2.998358964920044
surface_total_rust_pct,XGBoost,gss_2,D06-20240405-12W,3.156,3.116436719894409
surface_total_rust_pct,XGBoost,gss_2,D06-20240417-14W,5.402,5.277588844299316
surface_total_rust_pct,XGBoost,gss_2,D06-20240508-17W,4.748,4.7949395179748535
surface_total_rust_pct,XGBoost,gss_2,D06-20240522-19W,6.472,6.588942527770996
surface_total_rust_pct,XGBoost,gss_2,D06-20240529-20W,1.673,1.6669108867645264
surface_total_rust_pct,XGBoost,gss_2,D06-20240619-23W,7.835,7.795988082885742
surface_total_rust_pct,XGBoost,gss_2,D06-20240626-24W,10.224,9.833373069763184
surface_total_rust_pct,XGBoost,gss_2,D06-20240710-26W,9.993,10.079100608825684
surface_total_rust_pct,XGBoost,gss_2,D06-20240724-28W,15.507,15.06640911102295
surface_total_rust_pct,XGBoost,gss_2,D06-20240807-30W,6.782,6.8010993003845215
surface_total_rust_pct,XGBoost,gss_2,D06-20240902-33W,8.442,8.522480010986328
surface_total_rust_pct,XGBoost,gss_2,D06-20240918-36W,8.499,8.69750690460205
surface_total_rust_pct,XGBoost,gss_2,F01-20240110-0W,0.0,0.003652834100648761
surface_total_rust_pct,XGBoost,gss_2,F01-20240124-2W,0.0,0.0016879667527973652
surface_total_rust_pct,XGBoost,gss_2,F01-20240207-4W,0.001,0.005477285478264093
surface_total_rust_pct,XGBoost,gss_2,F01-20240221-6W,0.0,0.003480996936559677
surface_total_rust_pct,XGBoost,gss_2,F01-20240306-8W,0.0,0.0013002537889406085
surface_total_rust_pct,XGBoost,gss_2,F01-20240320-10W,0.106,0.10096988826990128
surface_total_rust_pct,XGBoost,gss_2,F01-20240405-12W,0.027,0.02593858353793621
surface_total_rust_pct,XGBoost,gss_2,F01-20240417-14W,0.317,0.3178828954696655
surface_total_rust_pct,XGBoost,gss_2,F01-20240508-17W,0.12,0.1270090639591217
surface_total_rust_pct,XGBoost,gss_2,F01-20240522-19W,0.706,0.6639009714126587
surface_total_rust_pct,XGBoost,gss_2,F01-20240529-20W,0.129,0.1363339126110077
surface_total_rust_pct,XGBoost,gss_2,F01-20240619-23W,0.873,0.8503027558326721
surface_total_rust_pct,XGBoost,gss_2,F01-20240626-24W,1.008,1.0043622255325317
surface_total_rust_pct,XGBoost,gss_2,F01-20240710-26W,0.9,0.9220921397209167
surface_total_rust_pct,XGBoost,gss_2,F01-20240724-28W,3.231,3.312319040298462
surface_total_rust_pct,XGBoost,gss_2,F01-20240807-30W,1.697,1.6747987270355225
surface_total_rust_pct,XGBoost,gss_2,F01-20240902-33W,1.648,1.683593988418579
surface_total_rust_pct,XGBoost,gss_2,F01-20240918-36W,1.132,1.1269389390945435
surface_total_rust_pct,XGBoost,gss_2,G04-20240110-0W,0.0,0.0020985438022762537
surface_total_rust_pct,XGBoost,gss_2,G04-20240124-2W,0.0,0.0020985438022762537
surface_total_rust_pct,XGBoost,gss_2,G04-20240207-4W,0.0,0.0020985438022762537
surface_total_rust_pct,XGBoost,gss_2,G04-20240221-6W,0.0,0.0020985438022762537
surface_total_rust_pct,XGBoost,gss_2,G04-20240306-8W,0.0,0.0020985438022762537
surface_total_rust_pct,XGBoost,gss_2,G04-20240320-10W,0.0,0.0020985438022762537
surface_total_rust_pct,XGBoost,gss_2,G04-20240405-12W,0.0,0.0020985438022762537
surface_total_rust_pct,XGBoost,gss_2,G04-20240417-14W,0.0,0.0020985438022762537
surface_total_rust_pct,XGBoost,gss_2,G04-20240508-17W,0.001,0.0028202005196362734
surface_total_rust_pct,XGBoost,gss_2,G04-20240522-19W,0.0,0.0020985438022762537
surface_total_rust_pct,XGBoost,gss_2,G04-20240529-20W,0.0,0.0020985438022762537
surface_total_rust_pct,XGBoost,gss_2,G04-20240619-23W,0.0,0.002790084108710289
surface_total_rust_pct,XGBoost,gss_2,G04-20240626-24W,0.0,0.0020985438022762537
surface_total_rust_pct,XGBoost,gss_2,G04-20240710-26W,0.0,0.0015608968678861856
surface_total_rust_pct,XGBoost,gss_2,G04-20240724-28W,0.0,0.0026640717405825853
surface_total_rust_pct,XGBoost,gss_2,G04-20240807-30W,0.0,0.0026640717405825853
surface_total_rust_pct,XGBoost,gss_2,G04-20240902-33W,0.0,0.0026640717405825853
surface_total_rust_pct,XGBoost,gss_2,G04-20240918-36W,0.0,0.003255978226661682
surface_total_rust_pct,XGBoost,gss_2,S1MI03-20220518-0W,0.356,0.37630805373191833
surface_total_rust_pct,XGBoost,gss_2,S1MI03-20220603-2W,0.758,0.7497135400772095
surface_total_rust_pct,XGBoost,gss_2,S1MI03-20220609-3W,0.463,0.4528113603591919
surface_total_rust_pct,XGBoost,gss_2,S1MI03-20220616-4W,0.303,0.30796316266059875
surface_total_rust_pct,XGBoost,gss_2,S1MI03-20220623-5W,0.471,0.46543681621551514
surface_total_rust_pct,XGBoost,gss_2,S1MI03-20220630-6W,0.686,0.6967499256134033
surface_total_rust_pct,XGBoost,gss_2,S1MI03-20220708-7W,0.282,0.29363882541656494
surface_total_rust_pct,XGBoost,gss_2,S1MI03-20220714-8W,0.344,0.3346763849258423
surface_total_rust_pct,XGBoost,gss_2,S1MI03-20220721-9W,0.528,0.519321084022522
surface_total_rust_pct,XGBoost,gss_2,S1MI03-20220802-10W,0.783,0.7562271356582642
surface_total_rust_pct,XGBoost,gss_2,S1MI03-20220822-13W,0.371,0.3795158565044403
surface_total_rust_pct,XGBoost,gss_2,S1MI03-20220906-15W,1.399,1.3759880065917969
surface_total_rust_pct,XGBoost,gss_2,S1MI03-20221102-24W,8.146,7.758730888366699
surface_total_rust_pct,XGBoost,gss_2,S1MI03-20221110-25W,8.899,8.726114273071289
surface_total_rust_pct,XGBoost,gss_2,S1MI03-20221206-28W,12.772,13.094743728637695
surface_total_rust_pct,XGBoost,gss_2,S1MI05-20220518-0W,0.241,0.2499878704547882
surface_total_rust_pct,XGBoost,gss_2,S1MI05-20220603-2W,0.529,0.5274493098258972
surface_total_rust_pct,XGBoost,gss_2,S1MI05-20220609-3W,0.415,0.41866764426231384
surface_total_rust_pct,XGBoost,gss_2,S1MI05-20220616-4W,0.415,0.41900891065597534
surface_total_rust_pct,XGBoost,gss_2,S1MI05-20220623-5W,0.833,0.8089463114738464
surface_total_rust_pct,XGBoost,gss_2,S1MI05-20220630-6W,0.795,0.7696240544319153
surface_total_rust_pct,XGBoost,gss_2,S1MI05-20220708-7W,0.365,0.35841047763824463
surface_total_rust_pct,XGBoost,gss_2,S1MI05-20220714-8W,0.695,0.6756619811058044
surface_total_rust_pct,XGBoost,gss_2,S1MI05-20220721-9W,0.716,0.6798317432403564
surface_total_rust_pct,XGBoost,gss_2,S1MI05-20220802-10W,1.155,1.1158686876296997
surface_total_rust_pct,XGBoost,gss_2,S1MI05-20220822-13W,1.067,1.067283272743225
surface_total_rust_pct,XGBoost,gss_2,S1MI05-20220906-15W,4.938,4.87709903717041
surface_total_rust_pct,XGBoost,gss_2,S1MI05-20221102-24W,27.656,29.89553451538086
surface_total_rust_pct,XGBoost,gss_2,S1MI05-20221110-25W,18.451,17.867517471313477
surface_total_rust_pct,XGBoost,gss_2,S1MI05-20221206-28W,34.269,25.339866638183594
surface_total_rust_pct,XGBoost,gss_2,S1MI07-20220518-0W,0.238,0.2543192207813263
surface_total_rust_pct,XGBoost,gss_2,S1MI07-20220603-2W,0.976,0.9666735529899597
surface_total_rust_pct,XGBoost,gss_2,S1MI07-20220609-3W,0.234,0.236165389418602
surface_total_rust_pct,XGBoost,gss_2,S1MI07-20220616-4W,0.139,0.13655875623226166
surface_total_rust_pct,XGBoost,gss_2,S1MI07-20220623-5W,0.349,0.3400718569755554
surface_total_rust_pct,XGBoost,gss_2,S1MI07-20220630-6W,0.403,0.40430331230163574
surface_total_rust_pct,XGBoost,gss_2,S1MI07-20220708-7W,0.228,0.2104506641626358
surface_total_rust_pct,XGBoost,gss_2,S1MI07-20220714-8W,0.557,0.5134870409965515
surface_total_rust_pct,XGBoost,gss_2,S1MI07-20220721-9W,0.693,0.6663069128990173
surface_total_rust_pct,XGBoost,gss_2,S1MI07-20220802-10W,0.79,0.7498955726623535
surface_total_rust_pct,XGBoost,gss_2,S1MI07-20220822-13W,0.152,0.14548785984516144
surface_total_rust_pct,XGBoost,gss_2,S1MI07-20220906-15W,1.262,1.2045314311981201
surface_total_rust_pct,XGBoost,gss_2,S1MI07-20221102-24W,1.882,1.774674415588379
surface_total_rust_pct,XGBoost,gss_2,S1MI07-20221110-25W,1.393,1.3541923761367798
surface_total_rust_pct,XGBoost,gss_2,S1MI07-20221206-28W,2.019,1.891635775566101
surface_total_rust_pct,XGBoost,gss_2,S2SA03-20220518-0W,0.144,0.1400250345468521
surface_total_rust_pct,XGBoost,gss_2,S2SA03-20220603-2W,0.404,0.4122679531574249
surface_total_rust_pct,XGBoost,gss_2,S2SA03-20220609-3W,0.277,0.27246564626693726
surface_total_rust_pct,XGBoost,gss_2,S2SA03-20220616-4W,0.32,0.31486231088638306
surface_total_rust_pct,XGBoost,gss_2,S2SA03-20220623-5W,0.481,0.4926353991031647
surface_total_rust_pct,XGBoost,gss_2,S2SA03-20220630-6W,0.729,0.6917055249214172
surface_total_rust_pct,XGBoost,gss_2,S2SA03-20220708-7W,0.615,0.5672492980957031
surface_total_rust_pct,XGBoost,gss_2,S2SA03-20220714-8W,0.997,0.9861407279968262
surface_total_rust_pct,XGBoost,gss_2,S2SA03-20220721-9W,0.993,0.9913572072982788
surface_total_rust_pct,XGBoost,gss_2,S2SA03-20220802-10W,1.048,0.9986653923988342
surface_total_rust_pct,XGBoost,gss_2,S2SA03-20220822-13W,1.165,1.122344732284546
surface_total_rust_pct,XGBoost,gss_2,S2SA03-20220906-15W,3.124,3.086110830307007
surface_total_rust_pct,XGBoost,gss_2,S2SA03-20221102-24W,21.699,23.819597244262695
surface_total_rust_pct,XGBoost,gss_2,S2SA03-20221110-25W,15.149,14.634711265563965
surface_total_rust_pct,XGBoost,gss_2,S2SA03-20221206-28W,43.177,30.705524444580078
surface_total_rust_pct,XGBoost,gss_2,S3PA04-20220518-0W,0.236,0.25024059414863586
surface_total_rust_pct,XGBoost,gss_2,S3PA04-20220603-2W,0.154,0.1554025262594223
surface_total_rust_pct,XGBoost,gss_2,S3PA04-20220609-3W,0.163,0.16096995770931244
surface_total_rust_pct,XGBoost,gss_2,S3PA04-20220616-4W,0.082,0.0796833261847496
surface_total_rust_pct,XGBoost,gss_2,S3PA04-20220623-5W,0.13,0.13162995874881744
surface_total_rust_pct,XGBoost,gss_2,S3PA04-20220630-6W,0.257,0.24009938538074493
surface_total_rust_pct,XGBoost,gss_2,S3PA04-20220708-7W,0.249,0.2399359792470932
surface_total_rust_pct,XGBoost,gss_2,S3PA04-20220714-8W,0.371,0.3826526999473572
surface_total_rust_pct,XGBoost,gss_2,S3PA04-20220721-9W,0.337,0.33841297030448914
surface_total_rust_pct,XGBoost,gss_2,S3PA04-20220802-10W,0.345,0.3379686772823334
surface_total_rust_pct,XGBoost,gss_2,S3PA04-20220822-13W,0.246,0.2377479076385498
surface_total_rust_pct,XGBoost,gss_2,S3PA04-20220906-15W,0.247,0.23960363864898682
surface_total_rust_pct,XGBoost,gss_2,S3PA04-20221102-24W,2.162,2.0884153842926025
surface_total_rust_pct,XGBoost,gss_2,S3PA04-20221110-25W,2.505,2.499746322631836
surface_total_rust_pct,XGBoost,gss_2,S3PA04-20221206-28W,4.997,4.879641056060791
surface_total_rust_pct,XGBoost,gss_2,S4SAVF01-20220518-0W,0.13,0.14928841590881348
surface_total_rust_pct,XGBoost,gss_2,S4SAVF01-20220603-2W,0.186,0.19713133573532104
surface_total_rust_pct,XGBoost,gss_2,S4SAVF01-20220609-3W,0.137,0.15207365155220032
surface_total_rust_pct,XGBoost,gss_2,S4SAVF01-20220616-4W,0.044,0.043272875249385834
surface_total_rust_pct,XGBoost,gss_2,S4SAVF01-20220623-5W,0.057,0.05594928190112114
surface_total_rust_pct,XGBoost,gss_2,S4SAVF01-20220630-6W,0.11,0.1056988537311554
surface_total_rust_pct,XGBoost,gss_2,S4SAVF01-20220708-7W,0.092,0.08986762166023254
surface_total_rust_pct,XGBoost,gss_2,S4SAVF01-20220714-8W,0.103,0.09959536045789719
surface_total_rust_pct,XGBoost,gss_2,S4SAVF01-20220721-9W,0.089,0.08594416826963425
surface_total_rust_pct,XGBoost,gss_2,S4SAVF01-20220802-10W,0.157,0.17422424256801605
surface_total_rust_pct,XGBoost,gss_2,S4SAVF01-20220822-13W,0.092,0.08968652039766312
surface_total_rust_pct,XGBoost,gss_2,S4SAVF01-20220906-15W,0.291,0.2960720956325531
surface_total_rust_pct,XGBoost,gss_2,S4SAVF01-20221102-24W,4.948,4.998736381530762
surface_total_rust_pct,XGBoost,gss_2,S4SAVF01-20221110-25W,3.137,3.2002201080322266
surface_total_rust_pct,XGBoost,gss_2,S4SAVF01-20221206-28W,5.602,5.683903694152832
surface_total_rust_pct,XGBoost,gss_3,F02-20240110-0W,0.0,0.0012523148907348514
surface_total_rust_pct,XGBoost,gss_3,F02-20240124-2W,0.0,0.0014375288737937808
surface_total_rust_pct,XGBoost,gss_3,F02-20240207-4W,0.0,0.002397958654910326
surface_total_rust_pct,XGBoost,gss_3,F02-20240221-6W,0.0,0.0009363029384985566
surface_total_rust_pct,XGBoost,gss_3,F02-20240306-8W,0.027,0.026759302243590355
surface_total_rust_pct,XGBoost,gss_3,F02-20240320-10W,0.059,0.060416389256715775
surface_total_rust_pct,XGBoost,gss_3,F02-20240405-12W,0.152,0.1603037565946579
surface_total_rust_pct,XGBoost,gss_3,F02-20240417-14W,0.205,0.19721189141273499
surface_total_rust_pct,XGBoost,gss_3,F02-20240508-17W,0.636,0.6639204025268555
surface_total_rust_pct,XGBoost,gss_3,F02-20240522-19W,1.627,1.5643110275268555
surface_total_rust_pct,XGBoost,gss_3,F02-20240529-20W,0.3,0.34118807315826416
surface_total_rust_pct,XGBoost,gss_3,F02-20240619-23W,3.719,3.6823503971099854
surface_total_rust_pct,XGBoost,gss_3,F02-20240626-24W,4.85,4.8176374435424805
surface_total_rust_pct,XGBoost,gss_3,F02-20240710-26W,6.675,7.2090888023376465
surface_total_rust_pct,XGBoost,gss_3,F02-20240724-28W,6.941,7.128882884979248
surface_total_rust_pct,XGBoost,gss_3,F02-20240807-30W,4.151,4.108969688415527
surface_total_rust_pct,XGBoost,gss_3,F02-20240902-33W,5.736,5.994106292724609
surface_total_rust_pct,XGBoost,gss_3,F02-20240918-36W,3.389,3.409696102142334
surface_total_rust_pct,XGBoost,gss_3,F04-20240110-0W,0.037,0.03376537188887596
surface_total_rust_pct,XGBoost,gss_3,F04-20240124-2W,0.048,0.042566828429698944
surface_total_rust_pct,XGBoost,gss_3,F04-20240207-4W,0.122,0.12416022270917892
surface_total_rust_pct,XGBoost,gss_3,F04-20240221-6W,0.001,0.0057966518215835094
surface_total_rust_pct,XGBoost,gss_3,F04-20240306-8W,0.698,0.7076398134231567
surface_total_rust_pct,XGBoost,gss_3,F04-20240320-10W,5.076,4.9775919914245605
surface_total_rust_pct,XGBoost,gss_3,F04-20240405-12W,6.984,6.850857257843018
surface_total_rust_pct,XGBoost,gss_3,F04-20240417-14W,9.464,9.380692481994629
surface_total_rust_pct,XGBoost,gss_3,F04-20240508-17W,8.983,8.880767822265625
surface_total_rust_pct,XGBoost,gss_3,F04-20240522-19W,6.765,6.681433200836182
surface_total_rust_pct,XGBoost,gss_3,F04-20240529-20W,7.543,7.524989604949951
surface_total_rust_pct,XGBoost,gss_3,F04-20240619-23W,9.828,9.547036170959473
surface_total_rust_pct,XGBoost,gss_3,F04-20240626-24W,11.835,11.273653984069824
surface_total_rust_pct,XGBoost,gss_3,F04-20240710-26W,10.881,10.450312614440918
surface_total_rust_pct,XGBoost,gss_3,F04-20240724-28W,12.656,12.466221809387207
surface_total_rust_pct,XGBoost,gss_3,F04-20240807-30W,10.801,10.67724323272705
surface_total_rust_pct,XGBoost,gss_3,F04-20240902-33W,9.888,9.544015884399414
surface_total_rust_pct,XGBoost,gss_3,F04-20240918-36W,7.361,7.309045791625977
surface_total_rust_pct,XGBoost,gss_3,F05-20240110-0W,0.002,0.005119712091982365
surface_total_rust_pct,XGBoost,gss_3,F05-20240124-2W,0.001,0.005504137370735407
surface_total_rust_pct,XGBoost,gss_3,F05-20240207-4W,0.165,0.17485244572162628
surface_total_rust_pct,XGBoost,gss_3,F05-20240221-6W,0.133,0.1265234500169754
surface_total_rust_pct,XGBoost,gss_3,F05-20240306-8W,1.396,1.3712818622589111
surface_total_rust_pct,XGBoost,gss_3,F05-20240320-10W,3.461,3.3513457775115967
surface_total_rust_pct,XGBoost,gss_3,F05-20240405-12W,4.514,4.497591495513916
surface_total_rust_pct,XGBoost,gss_3,F05-20240417-14W,4.075,3.9696078300476074
surface_total_rust_pct,XGBoost,gss_3,F05-20240508-17W,4.799,4.734059810638428
surface_total_rust_pct,XGBoost,gss_3,F05-20240522-19W,6.271,6.314113140106201
surface_total_rust_pct,XGBoost,gss_3,F05-20240529-20W,2.497,2.3561978340148926
surface_total_rust_pct,XGBoost,gss_3,F05-20240619-23W,5.362,5.1984758377075195
surface_total_rust_pct,XGBoost,gss_3,F05-20240626-24W,6.125,5.943448543548584
surface_total_rust_pct,XGBoost,gss_3,F05-20240710-26W,5.226,5.212342262268066
surface_total_rust_pct,XGBoost,gss_3,F05-20240724-28W,7.526,7.440520763397217
surface_total_rust_pct,XGBoost,gss_3,F05-20240807-30W,3.756,3.7356910705566406
surface_total_rust_pct,XGBoost,gss_3,F05-20240902-33W,5.633,5.5915846824646
surface_total_rust_pct,XGBoost,gss_3,F05-20240918-36W,3.594,3.5165486335754395
surface_total_rust_pct,XGBoost,gss_3,G01-20240110-0W,0.0,0.0010121127124875784
surface_total_rust_pct,XGBoost,gss_3,G01-20240124-2W,0.0,0.0010121127124875784
surface_total_rust_pct,XGBoost,gss_3,G01-20240207-4W,0.0,0.0010121127124875784
surface_total_rust_pct,XGBoost,gss_3,G01-20240221-6W,0.0,0.0010121127124875784
surface_total_rust_pct,XGBoost,gss_3,G01-20240306-8W,0.0,0.0010121127124875784
surface_total_rust_pct,XGBoost,gss_3,G01-20240320-10W,0.0,0.0010121127124875784
surface_total_rust_pct,XGBoost,gss_3,G01-20240405-12W,0.0,0.001980506582185626
surface_total_rust_pct,XGBoost,gss_3,G01-20240417-14W,0.0,0.0011612263042479753
surface_total_rust_pct,XGBoost,gss_3,G01-20240508-17W,0.0,0.0011612263042479753
surface_total_rust_pct,XGBoost,gss_3,G01-20240522-19W,0.0,0.0011612263042479753
surface_total_rust_pct,XGBoost,gss_3,G01-20240529-20W,0.0,0.0011612263042479753
surface_total_rust_pct,XGBoost,gss_3,G01-20240619-23W,0.001,0.003997576888650656
surface_total_rust_pct,XGBoost,gss_3,G01-20240626-24W,0.0,0.0020954313222318888
surface_total_rust_pct,XGBoost,gss_3,G01-20240710-26W,0.0,0.003325016237795353
surface_total_rust_pct,XGBoost,gss_3,G01-20240724-28W,0.0,0.0011612263042479753
surface_total_rust_pct,XGBoost,gss_3,G01-20240807-30W,0.0,0.0012460076250135899
surface_total_rust_pct,XGBoost,gss_3,G01-20240902-33W,0.0,0.0014099045656621456
surface_total_rust_pct,XGBoost,gss_3,G01-20240918-36W,0.0,0.001325123244896531
surface_total_rust_pct,XGBoost,gss_3,G06-20240110-0W,0.006,0.005128194112330675
surface_total_rust_pct,XGBoost,gss_3,G06-20240124-2W,0.0,0.0010121127124875784
surface_total_rust_pct,XGBoost,gss_3,G06-20240207-4W,0.004,0.0036944495514035225
surface_total_rust_pct,XGBoost,gss_3,G06-20240221-6W,0.0,0.0010121127124875784
surface_total_rust_pct,XGBoost,gss_3,G06-20240306-8W,0.0,0.0010121127124875784
surface_total_rust_pct,XGBoost,gss_3,G06-20240320-10W,0.009,0.007710219360888004
surface_total_rust_pct,XGBoost,gss_3,G06-20240405-12W,0.006,0.003052592510357499
surface_total_rust_pct,XGBoost,gss_3,G06-20240417-14W,0.051,0.04835035279393196
surface_total_rust_pct,XGBoost,gss_3,G06-20240508-17W,0.247,0.24457475543022156
surface_total_rust_pct,XGBoost,gss_3,G06-20240522-19W,0.292,0.2807796001434326
surface_total_rust_pct,XGBoost,gss_3,G06-20240529-20W,0.164,0.16311460733413696
surface_total_rust_pct,XGBoost,gss_3,G06-20240619-23W,0.624,0.6121423840522766
surface_total_rust_pct,XGBoost,gss_3,G06-20240626-24W,0.883,0.8767682313919067
surface_total_rust_pct,XGBoost,gss_3,G06-20240710-26W,0.153,0.15311285853385925
surface_total_rust_pct,XGBoost,gss_3,G06-20240724-28W,0.081,0.07838902622461319
surface_total_rust_pct,XGBoost,gss_3,G06-20240807-30W,0.732,0.7349193692207336
surface_total_rust_pct,XGBoost,gss_3,G06-20240902-33W,0.493,0.4701925218105316
surface_total_rust_pct,XGBoost,gss_3,G06-20240918-36W,0.344,0.31776025891304016
surface_total_rust_pct,XGBoost,gss_3,S1MI07-20220518-0W,0.238,0.24381397664546967
surface_total_rust_pct,XGBoost,gss_3,S1MI07-20220603-2W,0.976,0.9863892793655396
surface_total_rust_pct,XGBoost,gss_3,S1MI07-20220609-3W,0.234,0.23830914497375488
surface_total_rust_pct,XGBoost,gss_3,S1MI07-20220616-4W,0.139,0.1430252194404602
surface_total_rust_pct,XGBoost,gss_3,S1MI07-20220623-5W,0.349,0.34646764397621155
surface_total_rust_pct,XGBoost,gss_3,S1MI07-20220630-6W,0.403,0.39298030734062195
surface_total_rust_pct,XGBoost,gss_3,S1MI07-20220708-7W,0.228,0.23539131879806519
surface_total_rust_pct,XGBoost,gss_3,S1MI07-20220714-8W,0.557,0.5474926233291626
surface_total_rust_pct,XGBoost,gss_3,S1MI07-20220721-9W,0.693,0.68563312292099
surface_total_rust_pct,XGBoost,gss_3,S1MI07-20220802-10W,0.79,0.7878246307373047
surface_total_rust_pct,XGBoost,gss_3,S1MI07-20220822-13W,0.152,0.15994998812675476
surface_total_rust_pct,XGBoost,gss_3,S1MI07-20220906-15W,1.262,1.2751989364624023
surface_total_rust_pct,XGBoost,gss_3,S1MI07-20221102-24W,1.882,1.8001692295074463
surface_total_rust_pct,XGBoost,gss_3,S1MI07-20221110-25W,1.393,1.3822516202926636
surface_total_rust_pct,XGBoost,gss_3,S1MI07-20221206-28W,2.019,1.9034185409545898
surface_total_rust_pct,XGBoost,gss_3,S2SA07-20220518-0W,0.027,0.023044001311063766
surface_total_rust_pct,XGBoost,gss_3,S2SA07-20220603-2W,0.025,0.024585314095020294
surface_total_rust_pct,XGBoost,gss_3,S2SA07-20220609-3W,0.034,0.03249780461192131
surface_total_rust_pct,XGBoost,gss_3,S2SA07-20220616-4W,0.024,0.02291751094162464
surface_total_rust_pct,XGBoost,gss_3,S2SA07-20220623-5W,0.019,0.019209900870919228
surface_total_rust_pct,XGBoost,gss_3,S2SA07-20220630-6W,0.016,0.014522279612720013
surface_total_rust_pct,XGBoost,gss_3,S2SA07-20220708-7W,0.065,0.06454713642597198
surface_total_rust_pct,XGBoost,gss_3,S2SA07-20220714-8W,0.06,0.05936906114220619
surface_total_rust_pct,XGBoost,gss_3,S2SA07-20220721-9W,0.067,0.06553144752979279
surface_total_rust_pct,XGBoost,gss_3,S2SA07-20220802-10W,0.085,0.08630205690860748
surface_total_rust_pct,XGBoost,gss_3,S2SA07-20220822-13W,0.031,0.029745131731033325
surface_total_rust_pct,XGBoost,gss_3,S2SA07-20220906-15W,0.375,0.40271425247192383
surface_total_rust_pct,XGBoost,gss_3,S2SA07-20221102-24W,6.173,5.963394641876221
surface_total_rust_pct,XGBoost,gss_3,S2SA07-20221110-25W,7.608,7.811887741088867
surface_total_rust_pct,XGBoost,gss_3,S2SA07-20221206-28W,15.038,16.459951400756836
surface_total_rust_pct,XGBoost,gss_3,S3PA02-20220518-0W,0.146,0.14511972665786743
surface_total_rust_pct,XGBoost,gss_3,S3PA02-20220603-2W,0.26,0.2589654326438904
surface_total_rust_pct,XGBoost,gss_3,S3PA02-20220609-3W,0.137,0.12839314341545105
surface_total_rust_pct,XGBoost,gss_3,S3PA02-20220616-4W,0.032,0.029709497466683388
surface_total_rust_pct,XGBoost,gss_3,S3PA02-20220623-5W,0.065,0.06415262073278427
surface_total_rust_pct,XGBoost,gss_3,S3PA02-20220630-6W,0.314,0.30804985761642456
surface_total_rust_pct,XGBoost,gss_3,S3PA02-20220708-7W,0.179,0.1739165186882019
surface_total_rust_pct,XGBoost,gss_3,S3PA02-20220714-8W,0.162,0.15432442724704742
surface_total_rust_pct,XGBoost,gss_3,S3PA02-20220721-9W,0.275,0.275247186422348
surface_total_rust_pct,XGBoost,gss_3,S3PA02-20220802-10W,0.351,0.31988525390625
surface_total_rust_pct,XGBoost,gss_3,S3PA02-20220822-13W,0.214,0.20300452411174774
surface_total_rust_pct,XGBoost,gss_3,S3PA02-20220906-15W,0.394,0.3956301212310791
surface_total_rust_pct,XGBoost,gss_3,S3PA02-20221102-24W,1.236,1.2675336599349976
surface_total_rust_pct,XGBoost,gss_3,S3PA02-20221110-25W,1.094,1.1164921522140503
surface_total_rust_pct,XGBoost,gss_3,S3PA02-20221206-28W,3.8,3.79860258102417
surface_total_rust_pct,XGBoost,gss_3,S3PA03-20220518-0W,0.044,0.043312083929777145
surface_total_rust_pct,XGBoost,gss_3,S3PA03-20220603-2W,0.249,0.2557927072048187
surface_total_rust_pct,XGBoost,gss_3,S3PA03-20220609-3W,0.109,0.11068268120288849
surface_total_rust_pct,XGBoost,gss_3,S3PA03-20220616-4W,0.027,0.026272477582097054
surface_total_rust_pct,XGBoost,gss_3,S3PA03-20220623-5W,0.111,0.111003577709198
surface_total_rust_pct,XGBoost,gss_3,S3PA03-20220630-6W,0.213,0.20137614011764526
surface_total_rust_pct,XGBoost,gss_3,S3PA03-20220708-7W,0.157,0.15788240730762482
surface_total_rust_pct,XGBoost,gss_3,S3PA03-20220714-8W,0.191,0.19000279903411865
surface_total_rust_pct,XGBoost,gss_3,S3PA03-20220721-9W,0.234,0.2368156760931015
surface_total_rust_pct,XGBoost,gss_3,S3PA03-20220802-10W,0.377,0.3696846067905426
surface_total_rust_pct,XGBoost,gss_3,S3PA03-20220822-13W,0.298,0.3106563687324524
surface_total_rust_pct,XGBoost,gss_3,S3PA03-20220906-15W,0.467,0.4455607533454895
surface_total_rust_pct,XGBoost,gss_3,S3PA03-20221102-24W,4.579,4.612730503082275
surface_total_rust_pct,XGBoost,gss_3,S3PA03-20221110-25W,6.525,6.567888259887695
surface_total_rust_pct,XGBoost,gss_3,S3PA03-20221206-28W,8.862,9.000929832458496
surface_total_rust_pct,XGBoost,gss_3,S4SAVF03-20220518-0W,0.0,0.005698608700186014
surface_total_rust_pct,XGBoost,gss_3,S4SAVF03-20220603-2W,0.007,0.006889790762215853
surface_total_rust_pct,XGBoost,gss_3,S4SAVF03-20220609-3W,0.049,0.043480850756168365
surface_total_rust_pct,XGBoost,gss_3,S4SAVF03-20220616-4W,0.075,0.07281104475259781
surface_total_rust_pct,XGBoost,gss_3,S4SAVF03-20220623-5W,0.098,0.09724749624729156
surface_total_rust_pct,XGBoost,gss_3,S4SAVF03-20220630-6W,0.237,0.22629329562187195
surface_total_rust_pct,XGBoost,gss_3,S4SAVF03-20220708-7W,0.446,0.44693201780319214
surface_total_rust_pct,XGBoost,gss_3,S4SAVF03-20220714-8W,0.312,0.3077646791934967
surface_total_rust_pct,XGBoost,gss_3,S4SAVF03-20220721-9W,0.574,0.542654275894165
surface_total_rust_pct,XGBoost,gss_3,S4SAVF03-20220802-10W,0.75,0.7378453016281128
surface_total_rust_pct,XGBoost,gss_3,S4SAVF03-20220822-13W,0.565,0.5442882776260376
surface_total_rust_pct,XGBoost,gss_3,S4SAVF03-20220906-15W,1.834,1.6338106393814087
surface_total_rust_pct,XGBoost,gss_3,S4SAVF03-20221102-24W,22.891,21.25755500793457
surface_total_rust_pct,XGBoost,gss_3,S4SAVF03-20221110-25W,18.37,17.898359298706055
surface_total_rust_pct,XGBoost,gss_3,S4SAVF03-20221206-28W,25.28,23.44550895690918
surface_total_rust_pct,XGBoost,gss_4,E01-20240110-0W,0.0,0.0031537094619125128
surface_total_rust_pct,XGBoost,gss_4,E01-20240124-2W,0.0,0.001666560652665794
surface_total_rust_pct,XGBoost,gss_4,E01-20240207-4W,0.0,0.004047165159136057
surface_total_rust_pct,XGBoost,gss_4,E01-20240221-6W,0.04,0.04093540832400322
surface_total_rust_pct,XGBoost,gss_4,E01-20240306-8W,0.659,0.6672639846801758
surface_total_rust_pct,XGBoost,gss_4,E01-20240320-10W,1.049,0.997776210308075
surface_total_rust_pct,XGBoost,gss_4,E01-20240405-12W,1.081,1.0526446104049683
surface_total_rust_pct,XGBoost,gss_4,E01-20240417-14W,1.163,1.1577481031417847
surface_total_rust_pct,XGBoost,gss_4,E01-20240522-19W,1.208,1.1882736682891846
surface_total_rust_pct,XGBoost,gss_4,E01-20240529-20W,0.945,0.9102934002876282
surface_total_rust_pct,XGBoost,gss_4,E01-20240619-23W,3.33,3.208512306213379
surface_total_rust_pct,XGBoost,gss_4,E01-20240626-24W,4.772,4.7099385261535645
surface_total_rust_pct,XGBoost,gss_4,E01-20240710-26W,3.044,2.9695687294006348
surface_total_rust_pct,XGBoost,gss_4,E01-20240724-28W,4.921,4.856494426727295
surface_total_rust_pct,XGBoost,gss_4,E01-20240807-30W,4.181,4.079136848449707
surface_total_rust_pct,XGBoost,gss_4,E01-20240902-33W,3.13,3.11004376411438
surface_total_rust_pct,XGBoost,gss_4,E01-20240918-36W,2.707,2.606985569000244
surface_total_rust_pct,XGBoost,gss_4,E02-20240110-0W,0.066,0.06226777285337448
surface_total_rust_pct,XGBoost,gss_4,E02-20240124-2W,0.005,0.0022839109878987074
surface_total_rust_pct,XGBoost,gss_4,E02-20240207-4W,0.107,0.10005184262990952
surface_total_rust_pct,XGBoost,gss_4,E02-20240221-6W,0.073,0.070364810526371
surface_total_rust_pct,XGBoost,gss_4,E02-20240306-8W,0.984,1.0056629180908203
surface_total_rust_pct,XGBoost,gss_4,E02-20240320-10W,2.769,2.7514615058898926
surface_total_rust_pct,XGBoost,gss_4,E02-20240405-12W,3.581,3.5214569568634033
surface_total_rust_pct,XGBoost,gss_4,E02-20240417-14W,4.15,4.0056586265563965
surface_total_rust_pct,XGBoost,gss_4,E02-20240508-17W,3.186,3.113042116165161
surface_total_rust_pct,XGBoost,gss_4,E02-20240522-19W,6.69,6.475710391998291
surface_total_rust_pct,XGBoost,gss_4,E02-20240529-20W,3.013,2.9416604042053223
surface_total_rust_pct,XGBoost,gss_4,E02-20240619-23W,6.32,6.382748603820801
surface_total_rust_pct,XGBoost,gss_4,E02-20240626-24W,6.941,6.828337669372559
surface_total_rust_pct,XGBoost,gss_4,E02-20240710-26W,4.343,4.37424373626709
surface_total_rust_pct,XGBoost,gss_4,E02-20240724-28W,9.456,9.238192558288574
surface_total_rust_pct,XGBoost,gss_4,E02-20240807-30W,6.552,6.500739097595215
surface_total_rust_pct,XGBoost,gss_4,E02-20240902-33W,6.545,6.4861321449279785
surface_total_rust_pct,XGBoost,gss_4,E02-20240918-36W,3.178,3.152238130569458
surface_total_rust_pct,XGBoost,gss_4,E04-20240110-0W,0.0,0.0013540349900722504
surface_total_rust_pct,XGBoost,gss_4,E04-20240124-2W,0.0,0.0010152148315683007
surface_total_rust_pct,XGBoost,gss_4,E04-20240207-4W,0.001,0.0024195793084800243
surface_total_rust_pct,XGBoost,gss_4,E04-20240221-6W,0.0,0.0010152148315683007
surface_total_rust_pct,XGBoost,gss_4,E04-20240306-8W,0.466,0.5168040990829468
surface_total_rust_pct,XGBoost,gss_4,E04-20240320-10W,0.826,0.8531403541564941
surface_total_rust_pct,XGBoost,gss_4,E04-20240405-12W,0.696,0.7130905389785767
surface_total_rust_pct,XGBoost,gss_4,E04-20240417-14W,0.778,0.7849780917167664
surface_total_rust_pct,XGBoost,gss_4,E04-20240508-17W,1.919,3.042412281036377
surface_total_rust_pct,XGBoost,gss_4,E04-20240522-19W,0.829,0.8554697036743164
surface_total_rust_pct,XGBoost,gss_4,E04-20240529-20W,0.242,0.24227692186832428
surface_total_rust_pct,XGBoost,gss_4,E04-20240619-23W,3.321,3.3080084323883057
surface_total_rust_pct,XGBoost,gss_4,E04-20240626-24W,4.566,4.491162300109863
surface_total_rust_pct,XGBoost,gss_4,E04-20240710-26W,2.739,2.6924827098846436
surface_total_rust_pct,XGBoost,gss_4,E04-20240724-28W,6.245,5.902037620544434
surface_total_rust_pct,XGBoost,gss_4,E04-20240807-30W,5.742,5.694058418273926
surface_total_rust_pct,XGBoost,gss_4,E04-20240902-33W,6.776,6.616757392883301
surface_total_rust_pct,XGBoost,gss_4,E04-20240918-36W,3.274,3.318192720413208
surface_total_rust_pct,XGBoost,gss_4,F01-20240110-0W,0.0,0.008577917702496052
surface_total_rust_pct,XGBoost,gss_4,F01-20240124-2W,0.0,0.009633761830627918
surface_total_rust_pct,XGBoost,gss_4,F01-20240207-4W,0.001,0.014900436624884605
surface_total_rust_pct,XGBoost,gss_4,F01-20240221-6W,0.0,0.008583161979913712
surface_total_rust_pct,XGBoost,gss_4,F01-20240306-8W,0.0,0.008780477568507195
surface_total_rust_pct,XGBoost,gss_4,F01-20240320-10W,0.106,0.10316132754087448
surface_total_rust_pct,XGBoost,gss_4,F01-20240405-12W,0.027,0.028987057507038116
surface_total_rust_pct,XGBoost,gss_4,F01-20240417-14W,0.317,0.3691190183162689
surface_total_rust_pct,XGBoost,gss_4,F01-20240508-17W,0.12,0.12006211280822754
surface_total_rust_pct,XGBoost,gss_4,F01-20240522-19W,0.706,0.7255015969276428
surface_total_rust_pct,XGBoost,gss_4,F01-20240529-20W,0.129,0.13279248774051666
surface_total_rust_pct,XGBoost,gss_4,F01-20240619-23W,0.873,0.8990578651428223
surface_total_rust_pct,XGBoost,gss_4,F01-20240626-24W,1.008,1.0454837083816528
surface_total_rust_pct,XGBoost,gss_4,F01-20240710-26W,0.9,0.931597888469696
surface_total_rust_pct,XGBoost,gss_4,F01-20240724-28W,3.231,3.3301093578338623
surface_total_rust_pct,XGBoost,gss_4,F01-20240807-30W,1.697,1.673974633216858
surface_total_rust_pct,XGBoost,gss_4,F01-20240902-33W,1.648,1.6097779273986816
surface_total_rust_pct,XGBoost,gss_4,F01-20240918-36W,1.132,1.154073715209961
surface_total_rust_pct,XGBoost,gss_4,F02-20240110-0W,0.0,0.009321236051619053
surface_total_rust_pct,XGBoost,gss_4,F02-20240124-2W,0.0,0.009572150185704231
surface_total_rust_pct,XGBoost,gss_4,F02-20240207-4W,0.0,0.011741041205823421
surface_total_rust_pct,XGBoost,gss_4,F02-20240221-6W,0.0,0.008484980091452599
surface_total_rust_pct,XGBoost,gss_4,F02-20240306-8W,0.027,0.027263415977358818
surface_total_rust_pct,XGBoost,gss_4,F02-20240320-10W,0.059,0.05304273962974548
surface_total_rust_pct,XGBoost,gss_4,F02-20240405-12W,0.152,0.16471698880195618
surface_total_rust_pct,XGBoost,gss_4,F02-20240417-14W,0.205,0.21370023488998413
surface_total_rust_pct,XGBoost,gss_4,F02-20240508-17W,0.636,0.6808030605316162
surface_total_rust_pct,XGBoost,gss_4,F02-20240522-19W,1.627,1.6121008396148682
surface_total_rust_pct,XGBoost,gss_4,F02-20240529-20W,0.3,0.33834099769592285
surface_total_rust_pct,XGBoost,gss_4,F02-20240619-23W,3.719,3.733927011489868
surface_total_rust_pct,XGBoost,gss_4,F02-20240626-24W,4.85,4.897863864898682
surface_total_rust_pct,XGBoost,gss_4,F02-20240710-26W,6.675,7.0364532470703125
surface_total_rust_pct,XGBoost,gss_4,F02-20240724-28W,6.941,7.43158483505249
surface_total_rust_pct,XGBoost,gss_4,F02-20240807-30W,4.151,4.040126800537109
surface_total_rust_pct,XGBoost,gss_4,F02-20240902-33W,5.736,6.1849541664123535
surface_total_rust_pct,XGBoost,gss_4,F02-20240918-36W,3.389,3.3663697242736816
surface_total_rust_pct,XGBoost,gss_4,F04-20240110-0W,0.037,0.04151764512062073
surface_total_rust_pct,XGBoost,gss_4,F04-20240124-2W,0.048,0.05135565996170044
surface_total_rust_pct,XGBoost,gss_4,F04-20240207-4W,0.122,0.1279386430978775
surface_total_rust_pct,XGBoost,gss_4,F04-20240221-6W,0.001,0.00829579122364521
surface_total_rust_pct,XGBoost,gss_4,F04-20240306-8W,0.698,0.6866381168365479
surface_total_rust_pct,XGBoost,gss_4,F04-20240320-10W,5.076,5.018479824066162
surface_total_rust_pct,XGBoost,gss_4,F04-20240405-12W,6.984,6.849088668823242
surface_total_rust_pct,XGBoost,gss_4,F04-20240417-14W,9.464,9.111321449279785
surface_total_rust_pct,XGBoost,gss_4,F04-20240508-17W,8.983,8.63338565826416
surface_total_rust_pct,XGBoost,gss_4,F04-20240522-19W,6.765,6.613101005554199
surface_total_rust_pct,XGBoost,gss_4,F04-20240529-20W,7.543,7.52272891998291
surface_total_rust_pct,XGBoost,gss_4,F04-20240619-23W,9.828,9.7545747756958
surface_total_rust_pct,XGBoost,gss_4,F04-20240626-24W,11.835,11.36162281036377
surface_total_rust_pct,XGBoost,gss_4,F04-20240710-26W,10.881,10.195548057556152
surface_total_rust_pct,XGBoost,gss_4,F04-20240724-28W,12.656,12.273859024047852
surface_total_rust_pct,XGBoost,gss_4,F04-20240807-30W,10.801,10.691269874572754
surface_total_rust_pct,XGBoost,gss_4,F04-20240902-33W,9.888,9.803311347961426
surface_total_rust_pct,XGBoost,gss_4,F04-20240918-36W,7.361,7.150926113128662
surface_total_rust_pct,XGBoost,gss_4,S1MI03-20220518-0W,0.356,0.36297422647476196
surface_total_rust_pct,XGBoost,gss_4,S1MI03-20220603-2W,0.758,0.7629410624504089
surface_total_rust_pct,XGBoost,gss_4,S1MI03-20220609-3W,0.463,0.4766765534877777
surface_total_rust_pct,XGBoost,gss_4,S1MI03-20220616-4W,0.303,0.30962514877319336
surface_total_rust_pct,XGBoost,gss_4,S1MI03-20220623-5W,0.471,0.4798472225666046
surface_total_rust_pct,XGBoost,gss_4,S1MI03-20220630-6W,0.686,0.6841620802879333
surface_total_rust_pct,XGBoost,gss_4,S1MI03-20220708-7W,0.282,0.2789052426815033
surface_total_rust_pct,XGBoost,gss_4,S1MI03-20220714-8W,0.344,0.35514888167381287
surface_total_rust_pct,XGBoost,gss_4,S1MI03-20220721-9W,0.528,0.5117602348327637
surface_total_rust_pct,XGBoost,gss_4,S1MI03-20220802-10W,0.783,0.7728389501571655
surface_total_rust_pct,XGBoost,gss_4,S1MI03-20220822-13W,0.371,0.3620600402355194
surface_total_rust_pct,XGBoost,gss_4,S1MI03-20220906-15W,1.399,1.3996655941009521
surface_total_rust_pct,XGBoost,gss_4,S1MI03-20221102-24W,8.146,7.737990856170654
surface_total_rust_pct,XGBoost,gss_4,S1MI03-20221110-25W,8.899,8.807785987854004
surface_total_rust_pct,XGBoost,gss_4,S1MI03-20221206-28W,12.772,12.679725646972656
surface_total_rust_pct,XGBoost,gss_4,S2SA03-20220518-0W,0.144,0.1394624263048172
surface_total_rust_pct,XGBoost,gss_4,S2SA03-20220603-2W,0.404,0.39257439970970154
surface_total_rust_pct,XGBoost,gss_4,S2SA03-20220609-3W,0.277,0.278323233127594
surface_total_rust_pct,XGBoost,gss_4,S2SA03-20220616-4W,0.32,0.3318638801574707
surface_total_rust_pct,XGBoost,gss_4,S2SA03-20220623-5W,0.481,0.5103294849395752
surface_total_rust_pct,XGBoost,gss_4,S2SA03-20220630-6W,0.729,0.7197302579879761
surface_total_rust_pct,XGBoost,gss_4,S2SA03-20220708-7W,0.615,0.5972374677658081
surface_total_rust_pct,XGBoost,gss_4,S2SA03-20220714-8W,0.997,0.9732915759086609
surface_total_rust_pct,XGBoost,gss_4,S2SA03-20220721-9W,0.993,0.9882814884185791
surface_total_rust_pct,XGBoost,gss_4,S2SA03-20220802-10W,1.048,1.0026484727859497
surface_total_rust_pct,XGBoost,gss_4,S2SA03-20220822-13W,1.165,1.1276578903198242
surface_total_rust_pct,XGBoost,gss_4,S2SA03-20220906-15W,3.124,3.06307315826416
surface_total_rust_pct,XGBoost,gss_4,S2SA03-20221102-24W,21.699,22.164648056030273
surface_total_rust_pct,XGBoost,gss_4,S2SA03-20221110-25W,15.149,14.582311630249023
surface_total_rust_pct,XGBoost,gss_4,S2SA03-20221206-28W,43.177,43.92529296875
surface_total_rust_pct,XGBoost,gss_4,S2SA07-20220518-0W,0.027,0.024065950885415077
surface_total_rust_pct,XGBoost,gss_4,S2SA07-20220603-2W,0.025,0.026321789249777794
surface_total_rust_pct,XGBoost,gss_4,S2SA07-20220609-3W,0.034,0.03403870016336441
surface_total_rust_pct,XGBoost,gss_4,S2SA07-20220616-4W,0.024,0.02374541200697422
surface_total_rust_pct,XGBoost,gss_4,S2SA07-20220623-5W,0.019,0.014079754240810871
surface_total_rust_pct,XGBoost,gss_4,S2SA07-20220630-6W,0.016,0.014079754240810871
surface_total_rust_pct,XGBoost,gss_4,S2SA07-20220708-7W,0.065,0.06414132565259933
surface_total_rust_pct,XGBoost,gss_4,S2SA07-20220714-8W,0.06,0.059237293899059296
surface_total_rust_pct,XGBoost,gss_4,S2SA07-20220721-9W,0.067,0.06418828666210175
surface_total_rust_pct,XGBoost,gss_4,S2SA07-20220802-10W,0.085,0.08173440396785736
surface_total_rust_pct,XGBoost,gss_4,S2SA07-20220822-13W,0.031,0.029818177223205566
surface_total_rust_pct,XGBoost,gss_4,S2SA07-20220906-15W,0.375,0.3894183337688446
surface_total_rust_pct,XGBoost,gss_4,S2SA07-20221102-24W,6.173,5.989121437072754
surface_total_rust_pct,XGBoost,gss_4,S2SA07-20221110-25W,7.608,8.121078491210938
surface_total_rust_pct,XGBoost,gss_4,S2SA07-20221206-28W,15.038,16.542707443237305
surface_total_rust_pct,XGBoost,gss_4,S4SAVF03-20220518-0W,0.0,0.004537236411124468
surface_total_rust_pct,XGBoost,gss_4,S4SAVF03-20220603-2W,0.007,0.006322095170617104
surface_total_rust_pct,XGBoost,gss_4,S4SAVF03-20220609-3W,0.049,0.047465018928050995
surface_total_rust_pct,XGBoost,gss_4,S4SAVF03-20220616-4W,0.075,0.07437789440155029
surface_total_rust_pct,XGBoost,gss_4,S4SAVF03-20220623-5W,0.098,0.09551726281642914
surface_total_rust_pct,XGBoost,gss_4,S4SAVF03-20220630-6W,0.237,0.22846755385398865
surface_total_rust_pct,XGBoost,gss_4,S4SAVF03-20220708-7W,0.446,0.4510660767555237
surface_total_rust_pct,XGBoost,gss_4,S4SAVF03-20220714-8W,0.312,0.33643853664398193
surface_total_rust_pct,XGBoost,gss_4,S4SAVF03-20220721-9W,0.574,0.5896597504615784
surface_total_rust_pct,XGBoost,gss_4,S4SAVF03-20220802-10W,0.75,0.7447540163993835
surface_total_rust_pct,XGBoost,gss_4,S4SAVF03-20220822-13W,0.565,0.5896838903427124
surface_total_rust_pct,XGBoost,gss_4,S4SAVF03-20220906-15W,1.834,1.6644608974456787
surface_total_rust_pct,XGBoost,gss_4,S4SAVF03-20221102-24W,22.891,20.835622787475586
surface_total_rust_pct,XGBoost,gss_4,S4SAVF03-20221110-25W,18.37,18.07485008239746
surface_total_rust_pct,XGBoost,gss_4,S4SAVF03-20221206-28W,25.28,23.84341049194336
surface_total_rust_pct,CatBoost,gss_0,D05-20240110-0W,0.0,-0.04536298956475315
surface_total_rust_pct,CatBoost,gss_0,D05-20240124-2W,0.0,-0.010726122073343447
surface_total_rust_pct,CatBoost,gss_0,D05-20240207-4W,0.108,0.15347556468239842
surface_total_rust_pct,CatBoost,gss_0,D05-20240221-6W,0.057,0.09462772994724089
surface_total_rust_pct,CatBoost,gss_0,D05-20240306-8W,5.28,5.042491036306504
surface_total_rust_pct,CatBoost,gss_0,D05-20240320-10W,10.883,9.250639928862505
surface_total_rust_pct,CatBoost,gss_0,D05-20240405-12W,10.806,8.548599592821429
surface_total_rust_pct,CatBoost,gss_0,D05-20240417-14W,14.166,12.625535816192597
surface_total_rust_pct,CatBoost,gss_0,D05-20240508-17W,12.551,11.193968538448772
surface_total_rust_pct,CatBoost,gss_0,D05-20240522-19W,13.28,12.9122616049574
surface_total_rust_pct,CatBoost,gss_0,D05-20240529-20W,9.236,9.593997928458396
surface_total_rust_pct,CatBoost,gss_0,D05-20240619-23W,20.139,20.877980760482092
surface_total_rust_pct,CatBoost,gss_0,D05-20240626-24W,15.98,14.535892218331004
surface_total_rust_pct,CatBoost,gss_0,D05-20240710-26W,13.515,13.730715702794457
surface_total_rust_pct,CatBoost,gss_0,D05-20240724-28W,19.174,20.494596300327515
surface_total_rust_pct,CatBoost,gss_0,D05-20240807-30W,11.857,11.337504034517563
surface_total_rust_pct,CatBoost,gss_0,D05-20240902-33W,16.881,16.100715953038605
surface_total_rust_pct,CatBoost,gss_0,D05-20240918-36W,10.999,10.76739149259772
surface_total_rust_pct,CatBoost,gss_0,F01-20240110-0W,0.0,0.11326072103506668
surface_total_rust_pct,CatBoost,gss_0,F01-20240124-2W,0.0,0.006714040470164218
surface_total_rust_pct,CatBoost,gss_0,F01-20240207-4W,0.001,0.06830626117164762
surface_total_rust_pct,CatBoost,gss_0,F01-20240221-6W,0.0,0.035464634492446745
surface_total_rust_pct,CatBoost,gss_0,F01-20240306-8W,0.0,0.04960413977480238
surface_total_rust_pct,CatBoost,gss_0,F01-20240320-10W,0.106,0.4067455292104807
surface_total_rust_pct,CatBoost,gss_0,F01-20240405-12W,0.027,0.23822524788188693
surface_total_rust_pct,CatBoost,gss_0,F01-20240417-14W,0.317,0.6962470577008539
surface_total_rust_pct,CatBoost,gss_0,F01-20240508-17W,0.12,0.4038501693222267
surface_total_rust_pct,CatBoost,gss_0,F01-20240522-19W,0.706,1.2850328825214758
surface_total_rust_pct,CatBoost,gss_0,F01-20240529-20W,0.129,0.38221193100909456
surface_total_rust_pct,CatBoost,gss_0,F01-20240619-23W,0.873,1.2053838174867515
surface_total_rust_pct,CatBoost,gss_0,F01-20240626-24W,1.008,1.5584238709485476
surface_total_rust_pct,CatBoost,gss_0,F01-20240710-26W,0.9,1.1229278068372075
surface_total_rust_pct,CatBoost,gss_0,F01-20240724-28W,3.231,3.2178764628395524
surface_total_rust_pct,CatBoost,gss_0,F01-20240807-30W,1.697,1.7028041160185574
surface_total_rust_pct,CatBoost,gss_0,F01-20240902-33W,1.648,1.875051082211106
surface_total_rust_pct,CatBoost,gss_0,F01-20240918-36W,1.132,1.3888370202392566
surface_total_rust_pct,CatBoost,gss_0,G02-20240110-0W,0.007,-0.059711119390940315
surface_total_rust_pct,CatBoost,gss_0,G02-20240124-2W,0.0,-0.09826590686385783
surface_total_rust_pct,CatBoost,gss_0,G02-20240207-4W,0.041,-0.04257709618567418
surface_total_rust_pct,CatBoost,gss_0,G02-20240221-6W,0.01,0.019820565356446274
surface_total_rust_pct,CatBoost,gss_0,G02-20240306-8W,0.048,0.18500990431554332
surface_total_rust_pct,CatBoost,gss_0,G02-20240320-10W,1.18,1.4216266832495958
surface_total_rust_pct,CatBoost,gss_0,G02-20240405-12W,2.718,2.735276531894028
surface_total_rust_pct,CatBoost,gss_0,G02-20240417-14W,3.732,3.6485680875062334
surface_total_rust_pct,CatBoost,gss_0,G02-20240508-17W,4.949,4.7345394447235645
surface_total_rust_pct,CatBoost,gss_0,G02-20240522-19W,5.849,5.372533812883992
surface_total_rust_pct,CatBoost,gss_0,G02-20240529-20W,3.328,3.256611169339149
surface_total_rust_pct,CatBoost,gss_0,G02-20240619-23W,5.01,4.9591719008054245
surface_total_rust_pct,CatBoost,gss_0,G02-20240626-24W,4.448,3.8913528076701005
surface_total_rust_pct,CatBoost,gss_0,G02-20240710-26W,2.723,2.7743033525157483
surface_total_rust_pct,CatBoost,gss_0,G02-20240724-28W,5.212,4.867834755975243
surface_total_rust_pct,CatBoost,gss_0,G02-20240807-30W,3.167,3.1742650701529787
surface_total_rust_pct,CatBoost,gss_0,G02-20240902-33W,2.804,2.900421385164072
surface_total_rust_pct,CatBoost,gss_0,G02-20240918-36W,2.513,2.480981972530011
surface_total_rust_pct,CatBoost,gss_0,S1MI01-20220518-0W,0.112,0.12919056766693116
surface_total_rust_pct,CatBoost,gss_0,S1MI01-20220603-2W,0.117,0.15465234227513358
surface_total_rust_pct,CatBoost,gss_0,S1MI01-20220609-3W,0.28,0.28071370270102625
surface_total_rust_pct,CatBoost,gss_0,S1MI01-20220616-4W,0.083,0.07693851532182006
surface_total_rust_pct,CatBoost,gss_0,S1MI01-20220623-5W,0.26,0.3682473460238511
surface_total_rust_pct,CatBoost,gss_0,S1MI01-20220630-6W,0.47,0.48530983687312146
surface_total_rust_pct,CatBoost,gss_0,S1MI01-20220708-7W,0.392,0.43391249740168814
surface_total_rust_pct,CatBoost,gss_0,S1MI01-20220714-8W,0.635,0.6649332585497412
surface_total_rust_pct,CatBoost,gss_0,S1MI01-20220721-9W,0.626,0.7382004960656885
surface_total_rust_pct,CatBoost,gss_0,S1MI01-20220802-10W,0.448,0.5219963629357247
surface_total_rust_pct,CatBoost,gss_0,S1MI01-20220822-13W,0.449,0.6405102313027142
surface_total_rust_pct,CatBoost,gss_0,S1MI01-20220906-15W,1.023,0.9426431041805674
surface_total_rust_pct,CatBoost,gss_0,S1MI01-20221102-24W,4.059,3.45883650487748
surface_total_rust_pct,CatBoost,gss_0,S1MI01-20221110-25W,3.077,2.3013949272132006
surface_total_rust_pct,CatBoost,gss_0,S1MI01-20221206-28W,5.111,4.459756222639589
surface_total_rust_pct,CatBoost,gss_0,S1MI02-20220518-0W,0.342,0.3263265667855073
surface_total_rust_pct,CatBoost,gss_0,S1MI02-20220603-2W,0.188,0.12658826359699837
surface_total_rust_pct,CatBoost,gss_0,S1MI02-20220609-3W,0.209,0.21790248411640611
surface_total_rust_pct,CatBoost,gss_0,S1MI02-20220616-4W,0.209,0.21790248411640611
surface_total_rust_pct,CatBoost,gss_0,S1MI02-20220623-5W,0.264,0.20953390423177565
surface_total_rust_pct,CatBoost,gss_0,S1MI02-20220630-6W,0.399,0.36317514663916617
surface_total_rust_pct,CatBoost,gss_0,S1MI02-20220708-7W,0.307,0.23952298056193833
surface_total_rust_pct,CatBoost,gss_0,S1MI02-20220714-8W,0.302,0.24930371617694114
surface_total_rust_pct,CatBoost,gss_0,S1MI02-20220721-9W,0.183,0.22186218769767185
surface_total_rust_pct,CatBoost,gss_0,S1MI02-20220802-10W,0.247,0.2574848848919622
surface_total_rust_pct,CatBoost,gss_0,S1MI02-20220822-13W,0.141,0.21727673414793047
surface_total_rust_pct,CatBoost,gss_0,S1MI02-20220906-15W,0.478,0.48182608764434454
surface_total_rust_pct,CatBoost,gss_0,S1MI02-20221102-24W,9.584,7.794829117716963
surface_total_rust_pct,CatBoost,gss_0,S1MI02-20221110-25W,4.58,4.4035564288364215
surface_total_rust_pct,CatBoost,gss_0,S1MI02-20221206-28W,8.318,8.101717410375034
surface_total_rust_pct,CatBoost,gss_0,S1MI03-20220518-0W,0.356,0.4421227873630764
surface_total_rust_pct,CatBoost,gss_0,S1MI03-20220603-2W,0.758,0.6995480815075519
surface_total_rust_pct,CatBoost,gss_0,S1MI03-20220609-3W,0.463,0.5248543086140671
surface_total_rust_pct,CatBoost,gss_0,S1MI03-20220616-4W,0.303,0.3790799743762263
surface_total_rust_pct,CatBoost,gss_0,S1MI03-20220623-5W,0.471,0.5671284399614884
surface_total_rust_pct,CatBoost,gss_0,S1MI03-20220630-6W,0.686,0.7201111553477801
surface_total_rust_pct,CatBoost,gss_0,S1MI03-20220708-7W,0.282,0.3338698962705253
surface_total_rust_pct,CatBoost,gss_0,S1MI03-20220714-8W,0.344,0.2691299598200585
surface_total_rust_pct,CatBoost,gss_0,S1MI03-20220721-9W,0.528,0.6942602633865351
surface_total_rust_pct,CatBoost,gss_0,S1MI03-20220802-10W,0.783,0.8487911768679757
surface_total_rust_pct,CatBoost,gss_0,S1MI03-20220822-13W,0.371,0.5648914302996326
surface_total_rust_pct,CatBoost,gss_0,S1MI03-20220906-15W,1.399,1.2561334009947553
surface_total_rust_pct,CatBoost,gss_0,S1MI03-20221102-24W,8.146,7.218613295707051
surface_total_rust_pct,CatBoost,gss_0,S1MI03-20221110-25W,8.899,7.748709165033381
surface_total_rust_pct,CatBoost,gss_0,S1MI03-20221206-28W,12.772,11.554936458343438
surface_total_rust_pct,CatBoost,gss_0,S1MI04-20220518-0W,0.296,0.3629833885292486
surface_total_rust_pct,CatBoost,gss_0,S1MI04-20220603-2W,0.636,0.6587652106885655
surface_total_rust_pct,CatBoost,gss_0,S1MI04-20220609-3W,0.629,0.5752560402110483
surface_total_rust_pct,CatBoost,gss_0,S1MI04-20220616-4W,0.396,0.40306468801858086
surface_total_rust_pct,CatBoost,gss_0,S1MI04-20220623-5W,0.854,0.7675361924836603
surface_total_rust_pct,CatBoost,gss_0,S1MI04-20220630-6W,0.994,0.6282992763108473
surface_total_rust_pct,CatBoost,gss_0,S1MI04-20220708-7W,0.954,0.7290510642762142
surface_total_rust_pct,CatBoost,gss_0,S1MI04-20220714-8W,1.231,0.8869735283759148
surface_total_rust_pct,CatBoost,gss_0,S1MI04-20220721-9W,1.234,0.8579706116689823
surface_total_rust_pct,CatBoost,gss_0,S1MI04-20220802-10W,2.278,1.5999523487464486
surface_total_rust_pct,CatBoost,gss_0,S1MI04-20220822-13W,1.17,0.8176901476343201
surface_total_rust_pct,CatBoost,gss_0,S1MI04-20220906-15W,4.25,3.2803669446499573
surface_total_rust_pct,CatBoost,gss_0,S1MI04-20221102-24W,24.223,25.339684583651916
surface_total_rust_pct,CatBoost,gss_0,S1MI04-20221110-25W,16.735,15.526354908614701
surface_total_rust_pct,CatBoost,gss_0,S1MI04-20221206-28W,32.041,30.50672106610873
surface_total_rust_pct,CatBoost,gss_0,S2SA07-20220518-0W,0.027,0.15325152170841738
surface_total_rust_pct,CatBoost,gss_0,S2SA07-20220603-2W,0.025,0.013802859916958177
surface_total_rust_pct,CatBoost,gss_0,S2SA07-20220609-3W,0.034,0.03869704042120947
surface_total_rust_pct,CatBoost,gss_0,S2SA07-20220616-4W,0.024,-0.029080998234709554
surface_total_rust_pct,CatBoost,gss_0,S2SA07-20220623-5W,0.019,-0.03248879362655366
surface_total_rust_pct,CatBoost,gss_0,S2SA07-20220630-6W,0.016,-0.02494478811817613
surface_total_rust_pct,CatBoost,gss_0,S2SA07-20220708-7W,0.065,0.06009827827698544
surface_total_rust_pct,CatBoost,gss_0,S2SA07-20220714-8W,0.06,0.018716881186628065
surface_total_rust_pct,CatBoost,gss_0,S2SA07-20220721-9W,0.067,0.09657167850691817
surface_total_rust_pct,CatBoost,gss_0,S2SA07-20220802-10W,0.085,0.13880589622267792
surface_total_rust_pct,CatBoost,gss_0,S2SA07-20220822-13W,0.031,0.036884426121674085
surface_total_rust_pct,CatBoost,gss_0,S2SA07-20220906-15W,0.375,0.43888057891941523
surface_total_rust_pct,CatBoost,gss_0,S2SA07-20221102-24W,6.173,6.418756210506297
surface_total_rust_pct,CatBoost,gss_0,S2SA07-20221110-25W,7.608,7.2916466482854645
surface_total_rust_pct,CatBoost,gss_0,S2SA07-20221206-28W,15.038,15.326655073488013
surface_total_rust_pct,CatBoost,gss_0,S3PA03-20220518-0W,0.044,0.24379826587285525
surface_total_rust_pct,CatBoost,gss_0,S3PA03-20220603-2W,0.249,0.27470634175824804
surface_total_rust_pct,CatBoost,gss_0,S3PA03-20220609-3W,0.109,0.2687225637961328
surface_total_rust_pct,CatBoost,gss_0,S3PA03-20220616-4W,0.027,0.15218590936532284
surface_total_rust_pct,CatBoost,gss_0,S3PA03-20220623-5W,0.111,0.2536233425131531
surface_total_rust_pct,CatBoost,gss_0,S3PA03-20220630-6W,0.213,0.30461427699309596
surface_total_rust_pct,CatBoost,gss_0,S3PA03-20220708-7W,0.157,0.3589866288116603
surface_total_rust_pct,CatBoost,gss_0,S3PA03-20220714-8W,0.191,0.4074617885258873
surface_total_rust_pct,CatBoost,gss_0,S3PA03-20220721-9W,0.234,0.3734107057488072
surface_total_rust_pct,CatBoost,gss_0,S3PA03-20220802-10W,0.377,0.5099254270019622
surface_total_rust_pct,CatBoost,gss_0,S3PA03-20220822-13W,0.298,0.3488158692301746
surface_total_rust_pct,CatBoost,gss_0,S3PA03-20220906-15W,0.467,0.6692810602717101
surface_total_rust_pct,CatBoost,gss_0,S3PA03-20221102-24W,4.579,4.493471680028293
surface_total_rust_pct,CatBoost,gss_0,S3PA03-20221110-25W,6.525,5.795360037601885
surface_total_rust_pct,CatBoost,gss_0,S3PA03-20221206-28W,8.862,6.964184887269311
surface_total_rust_pct,CatBoost,gss_0,S4SAVF02-20220518-0W,0.001,0.016840495938196476
surface_total_rust_pct,CatBoost,gss_0,S4SAVF02-20220603-2W,0.001,0.003322244183968426
surface_total_rust_pct,CatBoost,gss_0,S4SAVF02-20220609-3W,0.001,-0.015968493908146364
surface_total_rust_pct,CatBoost,gss_0,S4SAVF02-20220616-4W,0.002,0.02058172708209538
surface_total_rust_pct,CatBoost,gss_0,S4SAVF02-20220623-5W,0.002,0.08199192644368036
surface_total_rust_pct,CatBoost,gss_0,S4SAVF02-20220630-6W,0.002,0.04894882051386684
surface_total_rust_pct,CatBoost,gss_0,S4SAVF02-20220708-7W,0.005,-0.00615847114507817
surface_total_rust_pct,CatBoost,gss_0,S4SAVF02-20220714-8W,0.004,0.08770716214832319
surface_total_rust_pct,CatBoost,gss_0,S4SAVF02-20220721-9W,0.005,0.08821448339754001
surface_total_rust_pct,CatBoost,gss_0,S4SAVF02-20220802-10W,0.011,0.20957943631759113
surface_total_rust_pct,CatBoost,gss_0,S4SAVF02-20220822-13W,0.005,0.07857790840714607
surface_total_rust_pct,CatBoost,gss_0,S4SAVF02-20220906-15W,0.042,0.36000161281451115
surface_total_rust_pct,CatBoost,gss_0,S4SAVF02-20221102-24W,1.093,1.2362254755878401
surface_total_rust_pct,CatBoost,gss_0,S4SAVF02-20221110-25W,1.301,1.7261116795528317
surface_total_rust_pct,CatBoost,gss_0,S4SAVF02-20221206-28W,5.426,5.592410883742583
surface_total_rust_pct,CatBoost,gss_1,D01-20240110-0W,0.003,-0.0457576396549606
surface_total_rust_pct,CatBoost,gss_1,D01-20240124-2W,0.0,-0.03801533967091908
surface_total_rust_pct,CatBoost,gss_1,D01-20240207-4W,0.006,-0.011919017401513798
surface_total_rust_pct,CatBoost,gss_1,D01-20240221-6W,0.0,-0.04263860292314314
surface_total_rust_pct,CatBoost,gss_1,D01-20240306-8W,0.081,0.03573710788928297
surface_total_rust_pct,CatBoost,gss_1,D01-20240320-10W,0.565,0.46841117130701937
surface_total_rust_pct,CatBoost,gss_1,D01-20240405-12W,0.194,0.18194010221816104
surface_total_rust_pct,CatBoost,gss_1,D01-20240417-14W,0.676,0.559911166069015
surface_total_rust_pct,CatBoost,gss_1,D01-20240508-17W,0.96,1.1268572288642198
surface_total_rust_pct,CatBoost,gss_1,D01-20240522-19W,0.893,0.7182528998013744
surface_total_rust_pct,CatBoost,gss_1,D01-20240529-20W,0.655,0.6778379489518191
surface_total_rust_pct,CatBoost,gss_1,D01-20240619-23W,1.197,1.269817528971231
surface_total_rust_pct,CatBoost,gss_1,D01-20240626-24W,1.555,1.5077036145227174
surface_total_rust_pct,CatBoost,gss_1,D01-20240710-26W,1.003,0.861745485812571
surface_total_rust_pct,CatBoost,gss_1,D01-20240724-28W,2.063,2.1319034555839433
surface_total_rust_pct,CatBoost,gss_1,D01-20240807-30W,1.077,1.0750132576846307
surface_total_rust_pct,CatBoost,gss_1,D01-20240902-33W,1.586,1.430065539551193
surface_total_rust_pct,CatBoost,gss_1,D01-20240918-36W,0.943,0.7947024125879945
surface_total_rust_pct,CatBoost,gss_1,D03-20240110-0W,0.0,-0.03745946030071057
surface_total_rust_pct,CatBoost,gss_1,D03-20240124-2W,0.0,-0.003413039863885192
surface_total_rust_pct,CatBoost,gss_1,D03-20240207-4W,0.008,0.02168081121799892
surface_total_rust_pct,CatBoost,gss_1,D03-20240221-6W,0.0,0.019367334381453105
surface_total_rust_pct,CatBoost,gss_1,D03-20240306-8W,0.023,0.08951761993674268
surface_total_rust_pct,CatBoost,gss_1,D03-20240320-10W,0.069,0.17025114845137113
surface_total_rust_pct,CatBoost,gss_1,D03-20240405-12W,0.0,0.031013622021815124
surface_total_rust_pct,CatBoost,gss_1,D03-20240417-14W,0.051,0.09312085994719288
surface_total_rust_pct,CatBoost,gss_1,D03-20240508-17W,0.09,0.18535030264394736
surface_total_rust_pct,CatBoost,gss_1,D03-20240522-19W,0.041,0.10357209584927496
surface_total_rust_pct,CatBoost,gss_1,D03-20240529-20W,0.029,0.05390479168442486
surface_total_rust_pct,CatBoost,gss_1,D03-20240619-23W,0.071,0.1798985042824346
surface_total_rust_pct,CatBoost,gss_1,D03-20240626-24W,0.082,0.19103868979632477
surface_total_rust_pct,CatBoost,gss_1,D03-20240710-26W,0.084,0.17917295339165795
surface_total_rust_pct,CatBoost,gss_1,D03-20240724-28W,0.08,0.1664711751655501
surface_total_rust_pct,CatBoost,gss_1,D03-20240807-30W,0.018,0.08503630207130275
surface_total_rust_pct,CatBoost,gss_1,D03-20240902-33W,0.039,0.1126883451366325
surface_total_rust_pct,CatBoost,gss_1,D03-20240918-36W,0.044,0.1108435320854042
surface_total_rust_pct,CatBoost,gss_1,E05-20240110-0W,0.037,0.1151922877245819
surface_total_rust_pct,CatBoost,gss_1,E05-20240124-2W,0.0,-0.014945966545465428
surface_total_rust_pct,CatBoost,gss_1,E05-20240207-4W,0.016,0.04050910315487677
surface_total_rust_pct,CatBoost,gss_1,E05-20240221-6W,0.021,0.10678987432811216
surface_total_rust_pct,CatBoost,gss_1,E05-20240306-8W,0.178,0.25085393132002354
surface_total_rust_pct,CatBoost,gss_1,E05-20240320-10W,0.837,0.9162095360829712
surface_total_rust_pct,CatBoost,gss_1,E05-20240405-12W,0.676,0.741507278016293
surface_total_rust_pct,CatBoost,gss_1,E05-20240417-14W,2.05,2.635726199027312
surface_total_rust_pct,CatBoost,gss_1,E05-20240508-17W,1.889,2.6293696242938713
surface_total_rust_pct,CatBoost,gss_1,E05-20240522-19W,2.96,3.5317700657847757
surface_total_rust_pct,CatBoost,gss_1,E05-20240529-20W,2.119,2.5519480893656388
surface_total_rust_pct,CatBoost,gss_1,E05-20240619-23W,2.133,2.5604851552557757
surface_total_rust_pct,CatBoost,gss_1,E05-20240626-24W,3.614,4.284936360647926
surface_total_rust_pct,CatBoost,gss_1,E05-20240710-26W,1.697,2.1754327502125754
surface_total_rust_pct,CatBoost,gss_1,E05-20240724-28W,4.77,5.423769711661751
surface_total_rust_pct,CatBoost,gss_1,E05-20240807-30W,3.563,3.984380159991673
surface_total_rust_pct,CatBoost,gss_1,E05-20240902-33W,2.646,2.993287985972603
surface_total_rust_pct,CatBoost,gss_1,E05-20240918-36W,2.385,2.7308035772957924
surface_total_rust_pct,CatBoost,gss_1,G05-20240110-0W,0.011,-0.00016044184362717928
surface_total_rust_pct,CatBoost,gss_1,G05-20240124-2W,0.0,-0.04407207096637311
surface_total_rust_pct,CatBoost,gss_1,G05-20240207-4W,0.019,5.024549879451001e-05
surface_total_rust_pct,CatBoost,gss_1,G05-20240221-6W,0.0,-0.021252657297147426
surface_total_rust_pct,CatBoost,gss_1,G05-20240306-8W,0.0,-0.03238123722490682
surface_total_rust_pct,CatBoost,gss_1,G05-20240320-10W,0.0,0.004685935005687369
surface_total_rust_pct,CatBoost,gss_1,G05-20240405-12W,0.0,-0.011321003640696325
surface_total_rust_pct,CatBoost,gss_1,G05-20240417-14W,0.026,0.04703536756917703
surface_total_rust_pct,CatBoost,gss_1,G05-20240508-17W,0.037,0.1673518457306047
surface_total_rust_pct,CatBoost,gss_1,G05-20240522-19W,0.022,-0.02045855377940642
surface_total_rust_pct,CatBoost,gss_1,G05-20240529-20W,0.011,-0.0005194594425534937
surface_total_rust_pct,CatBoost,gss_1,G05-20240619-23W,0.043,0.052991261743313256
surface_total_rust_pct,CatBoost,gss_1,G05-20240626-24W,0.102,0.25739120275558935
surface_total_rust_pct,CatBoost,gss_1,G05-20240710-26W,0.026,0.01758909291954769
surface_total_rust_pct,CatBoost,gss_1,G05-20240724-28W,0.012,0.04484419427474906
surface_total_rust_pct,CatBoost,gss_1,G05-20240807-30W,0.062,0.12045076254321296
surface_total_rust_pct,CatBoost,gss_1,G05-20240902-33W,0.041,0.12298142910136667
surface_total_rust_pct,CatBoost,gss_1,G05-20240918-36W,0.052,0.10236647128057674
surface_total_rust_pct,CatBoost,gss_1,S1MI03-20220518-0W,0.356,0.30462924197334695
surface_total_rust_pct,CatBoost,gss_1,S1MI03-20220603-2W,0.758,0.7172707081864407
surface_total_rust_pct,CatBoost,gss_1,S1MI03-20220609-3W,0.463,0.33240642116199304
surface_total_rust_pct,CatBoost,gss_1,S1MI03-20220616-4W,0.303,0.29643562086688124
surface_total_rust_pct,CatBoost,gss_1,S1MI03-20220623-5W,0.471,0.43440730449782494
surface_total_rust_pct,CatBoost,gss_1,S1MI03-20220630-6W,0.686,0.5720268461318692
surface_total_rust_pct,CatBoost,gss_1,S1MI03-20220708-7W,0.282,0.23290111464010677
surface_total_rust_pct,CatBoost,gss_1,S1MI03-20220714-8W,0.344,0.3149414615880808
surface_total_rust_pct,CatBoost,gss_1,S1MI03-20220721-9W,0.528,0.48155731787260336
surface_total_rust_pct,CatBoost,gss_1,S1MI03-20220802-10W,0.783,0.8385045886902129
surface_total_rust_pct,CatBoost,gss_1,S1MI03-20220822-13W,0.371,0.36831282177904345
surface_total_rust_pct,CatBoost,gss_1,S1MI03-20220906-15W,1.399,1.3251778973797477
surface_total_rust_pct,CatBoost,gss_1,S1MI03-20221102-24W,8.146,7.9713949607659185
surface_total_rust_pct,CatBoost,gss_1,S1MI03-20221110-25W,8.899,8.469923099553444
surface_total_rust_pct,CatBoost,gss_1,S1MI03-20221206-28W,12.772,12.78223793215004
surface_total_rust_pct,CatBoost,gss_1,S2SA02-20220518-0W,0.085,0.11939960270354222
surface_total_rust_pct,CatBoost,gss_1,S2SA02-20220603-2W,0.188,0.44314998357378554
surface_total_rust_pct,CatBoost,gss_1,S2SA02-20220609-3W,0.087,-0.021282107614934542
surface_total_rust_pct,CatBoost,gss_1,S2SA02-20220616-4W,0.119,0.088469616828033
surface_total_rust_pct,CatBoost,gss_1,S2SA02-20220623-5W,0.164,0.11818742524993642
surface_total_rust_pct,CatBoost,gss_1,S2SA02-20220630-6W,0.162,0.1387143696359363
surface_total_rust_pct,CatBoost,gss_1,S2SA02-20220708-7W,0.145,0.08847983144745575
surface_total_rust_pct,CatBoost,gss_1,S2SA02-20220714-8W,0.239,0.19032810987246007
surface_total_rust_pct,CatBoost,gss_1,S2SA02-20220721-9W,0.186,0.15910876368503102
surface_total_rust_pct,CatBoost,gss_1,S2SA02-20220802-10W,0.261,0.19645534582978952
surface_total_rust_pct,CatBoost,gss_1,S2SA02-20220822-13W,0.185,0.22591436616327032
surface_total_rust_pct,CatBoost,gss_1,S2SA02-20220906-15W,0.646,0.8883088975151194
surface_total_rust_pct,CatBoost,gss_1,S2SA02-20221102-24W,4.474,5.509746139629731
surface_total_rust_pct,CatBoost,gss_1,S2SA02-20221110-25W,2.247,2.8856519989452085
surface_total_rust_pct,CatBoost,gss_1,S2SA02-20221206-28W,3.601,4.129023791035154
surface_total_rust_pct,CatBoost,gss_1,S3PA03-20220518-0W,0.044,0.2551947201114584
surface_total_rust_pct,CatBoost,gss_1,S3PA03-20220603-2W,0.249,0.31431327072375614
surface_total_rust_pct,CatBoost,gss_1,S3PA03-20220609-3W,0.109,0.4035592386649487
surface_total_rust_pct,CatBoost,gss_1,S3PA03-20220616-4W,0.027,0.12372401031502944
surface_total_rust_pct,CatBoost,gss_1,S3PA03-20220623-5W,0.111,0.2034744790578653
surface_total_rust_pct,CatBoost,gss_1,S3PA03-20220630-6W,0.213,0.45545193585886024
surface_total_rust_pct,CatBoost,gss_1,S3PA03-20220708-7W,0.157,0.31969907997672253
surface_total_rust_pct,CatBoost,gss_1,S3PA03-20220714-8W,0.191,0.5098759256772301
surface_total_rust_pct,CatBoost,gss_1,S3PA03-20220721-9W,0.234,0.5358040504920818
surface_total_rust_pct,CatBoost,gss_1,S3PA03-20220802-10W,0.377,0.5373509327958828
surface_total_rust_pct,CatBoost,gss_1,S3PA03-20220822-13W,0.298,0.37286400563032496
surface_total_rust_pct,CatBoost,gss_1,S3PA03-20220906-15W,0.467,0.8010812438738952
surface_total_rust_pct,CatBoost,gss_1,S3PA03-20221102-24W,4.579,4.633451269529516
surface_total_rust_pct,CatBoost,gss_1,S3PA03-20221110-25W,6.525,6.604002482522888
surface_total_rust_pct,CatBoost,gss_1,S3PA03-20221206-28W,8.862,8.199829665245318
surface_total_rust_pct,CatBoost,gss_1,S3PA04-20220518-0W,0.236,0.261035961879319
surface_total_rust_pct,CatBoost,gss_1,S3PA04-20220603-2W,0.154,0.21083465774683408
surface_total_rust_pct,CatBoost,gss_1,S3PA04-20220609-3W,0.163,0.1984636369416739
surface_total_rust_pct,CatBoost,gss_1,S3PA04-20220616-4W,0.082,0.11912803150125395
surface_total_rust_pct,CatBoost,gss_1,S3PA04-20220623-5W,0.13,0.22842347905153337
surface_total_rust_pct,CatBoost,gss_1,S3PA04-20220630-6W,0.257,0.28781721086566714
surface_total_rust_pct,CatBoost,gss_1,S3PA04-20220708-7W,0.249,0.19091870554341295
surface_total_rust_pct,CatBoost,gss_1,S3PA04-20220714-8W,0.371,0.4222913435926281
surface_total_rust_pct,CatBoost,gss_1,S3PA04-20220721-9W,0.337,0.3325016949052322
surface_total_rust_pct,CatBoost,gss_1,S3PA04-20220802-10W,0.345,0.388477297261439
surface_total_rust_pct,CatBoost,gss_1,S3PA04-20220822-13W,0.246,0.32699712678143333
surface_total_rust_pct,CatBoost,gss_1,S3PA04-20220906-15W,0.247,0.2968838191220011
surface_total_rust_pct,CatBoost,gss_1,S3PA04-20221102-24W,2.162,2.269484664576871
surface_total_rust_pct,CatBoost,gss_1,S3PA04-20221110-25W,2.505,2.5533869274031655
surface_total_rust_pct,CatBoost,gss_1,S3PA04-20221206-28W,4.997,4.7720069987327856
surface_total_rust_pct,CatBoost,gss_1,S4SAVF01-20220518-0W,0.13,0.5393161650346072
surface_total_rust_pct,CatBoost,gss_1,S4SAVF01-20220603-2W,0.186,0.44528298072593664
surface_total_rust_pct,CatBoost,gss_1,S4SAVF01-20220609-3W,0.137,0.27435441925788995
surface_total_rust_pct,CatBoost,gss_1,S4SAVF01-20220616-4W,0.044,0.02513146212110673
surface_total_rust_pct,CatBoost,gss_1,S4SAVF01-20220623-5W,0.057,0.06731542381999622
surface_total_rust_pct,CatBoost,gss_1,S4SAVF01-20220630-6W,0.11,0.122024295283373
surface_total_rust_pct,CatBoost,gss_1,S4SAVF01-20220708-7W,0.092,0.07522248692982858
surface_total_rust_pct,CatBoost,gss_1,S4SAVF01-20220714-8W,0.103,0.2908235154834218
surface_total_rust_pct,CatBoost,gss_1,S4SAVF01-20220721-9W,0.089,0.14531816399691522
surface_total_rust_pct,CatBoost,gss_1,S4SAVF01-20220802-10W,0.157,0.22974890209839494
surface_total_rust_pct,CatBoost,gss_1,S4SAVF01-20220822-13W,0.092,0.18642638396329625
surface_total_rust_pct,CatBoost,gss_1,S4SAVF01-20220906-15W,0.291,0.39214495852477027
surface_total_rust_pct,CatBoost,gss_1,S4SAVF01-20221102-24W,4.948,5.787734492703336
surface_total_rust_pct,CatBoost,gss_1,S4SAVF01-20221110-25W,3.137,3.7843350280515144
surface_total_rust_pct,CatBoost,gss_1,S4SAVF01-20221206-28W,5.602,5.623792891664034
surface_total_rust_pct,CatBoost,gss_1,S5VF01-20220518-0W,0.09,0.197517619057888
surface_total_rust_pct,CatBoost,gss_1,S5VF01-20220603-2W,0.077,0.21848091499641376
surface_total_rust_pct,CatBoost,gss_1,S5VF01-20220609-3W,0.111,0.3301514371842895
surface_total_rust_pct,CatBoost,gss_1,S5VF01-20220616-4W,0.083,0.08649753163002938
surface_total_rust_pct,CatBoost,gss_1,S5VF01-20220623-5W,0.268,0.29973785458228086
surface_total_rust_pct,CatBoost,gss_1,S5VF01-20220630-6W,0.338,0.2994528275323871
surface_total_rust_pct,CatBoost,gss_1,S5VF01-20220708-7W,0.28,0.21598037864028719
surface_total_rust_pct,CatBoost,gss_1,S5VF01-20220714-8W,0.447,0.4898183211185412
surface_total_rust_pct,CatBoost,gss_1,S5VF01-20220721-9W,0.293,0.36845037555431626
surface_total_rust_pct,CatBoost,gss_1,S5VF01-20220802-10W,0.797,0.7995960429696303
surface_total_rust_pct,CatBoost,gss_1,S5VF01-20220822-13W,0.534,0.4010032294088406
surface_total_rust_pct,CatBoost,gss_1,S5VF01-20220906-15W,1.45,1.3929558256130377
surface_total_rust_pct,CatBoost,gss_1,S5VF01-20221102-24W,7.514,7.7452038648811525
surface_total_rust_pct,CatBoost,gss_1,S5VF01-20221110-25W,8.206,7.715083616472681
surface_total_rust_pct,CatBoost,gss_1,S5VF01-20221206-28W,12.535,12.825220252237195
surface_total_rust_pct,CatBoost,gss_2,D04-20240110-0W,0.082,0.12003474221869848
surface_total_rust_pct,CatBoost,gss_2,D04-20240124-2W,0.003,0.08142024683450311
surface_total_rust_pct,CatBoost,gss_2,D04-20240207-4W,0.535,0.47449298980475585
surface_total_rust_pct,CatBoost,gss_2,D04-20240221-6W,0.815,0.775672463245249
surface_total_rust_pct,CatBoost,gss_2,D04-20240306-8W,2.353,1.635822201847108
surface_total_rust_pct,CatBoost,gss_2,D04-20240320-10W,15.047,12.69156886714591
surface_total_rust_pct,CatBoost,gss_2,D04-20240405-12W,19.675,16.204227925788835
surface_total_rust_pct,CatBoost,gss_2,D04-20240417-14W,35.886,24.156017559773744
surface_total_rust_pct,CatBoost,gss_2,D04-20240508-17W,29.643,21.839997452043928
surface_total_rust_pct,CatBoost,gss_2,D04-20240522-19W,40.627,21.704123854781486
surface_total_rust_pct,CatBoost,gss_2,D04-20240529-20W,17.02,15.85109120420251
surface_total_rust_pct,CatBoost,gss_2,D04-20240619-23W,52.911,22.932504969396796
surface_total_rust_pct,CatBoost,gss_2,D04-20240626-24W,53.412,20.959015941142454
surface_total_rust_pct,CatBoost,gss_2,D04-20240710-26W,34.058,18.797795752068
surface_total_rust_pct,CatBoost,gss_2,D04-20240724-28W,47.365,22.695246167350998
surface_total_rust_pct,CatBoost,gss_2,D04-20240807-30W,16.467,14.861172135538766
surface_total_rust_pct,CatBoost,gss_2,D04-20240902-33W,35.013,21.406867404824325
surface_total_rust_pct,CatBoost,gss_2,D04-20240918-36W,31.395,21.762272858421834
surface_total_rust_pct,CatBoost,gss_2,D06-20240110-0W,0.004,0.0635424675802283
surface_total_rust_pct,CatBoost,gss_2,D06-20240124-2W,0.0,0.03883491466995581
surface_total_rust_pct,CatBoost,gss_2,D06-20240207-4W,0.308,0.41219101739977937
surface_total_rust_pct,CatBoost,gss_2,D06-20240221-6W,0.182,0.2612157118609004
surface_total_rust_pct,CatBoost,gss_2,D06-20240306-8W,1.602,1.6555462522469377
surface_total_rust_pct,CatBoost,gss_2,D06-20240320-10W,2.993,2.978405350322158
surface_total_rust_pct,CatBoost,gss_2,D06-20240405-12W,3.156,3.3459045306208077
surface_total_rust_pct,CatBoost,gss_2,D06-20240417-14W,5.402,5.367007785908132
surface_total_rust_pct,CatBoost,gss_2,D06-20240508-17W,4.748,4.682542702654814
surface_total_rust_pct,CatBoost,gss_2,D06-20240522-19W,6.472,6.3388178300819895
surface_total_rust_pct,CatBoost,gss_2,D06-20240529-20W,1.673,1.2349885446482884
surface_total_rust_pct,CatBoost,gss_2,D06-20240619-23W,7.835,7.702211741653956
surface_total_rust_pct,CatBoost,gss_2,D06-20240626-24W,10.224,10.205721350766293
surface_total_rust_pct,CatBoost,gss_2,D06-20240710-26W,9.993,9.35253268894733
surface_total_rust_pct,CatBoost,gss_2,D06-20240724-28W,15.507,15.881068244577493
surface_total_rust_pct,CatBoost,gss_2,D06-20240807-30W,6.782,6.435433607744683
surface_total_rust_pct,CatBoost,gss_2,D06-20240902-33W,8.442,7.989289773559178
surface_total_rust_pct,CatBoost,gss_2,D06-20240918-36W,8.499,8.340578228022633
surface_total_rust_pct,CatBoost,gss_2,F01-20240110-0W,0.0,0.04886538549683328
surface_total_rust_pct,CatBoost,gss_2,F01-20240124-2W,0.0,0.05708074111908923
surface_total_rust_pct,CatBoost,gss_2,F01-20240207-4W,0.001,0.17097001940160395
surface_total_rust_pct,CatBoost,gss_2,F01-20240221-6W,0.0,0.03048105284352065
surface_total_rust_pct,CatBoost,gss_2,F01-20240306-8W,0.0,0.003608320889817662
surface_total_rust_pct,CatBoost,gss_2,F01-20240320-10W,0.106,0.21703700594081976
surface_total_rust_pct,CatBoost,gss_2,F01-20240405-12W,0.027,0.2639770142732285
surface_total_rust_pct,CatBoost,gss_2,F01-20240417-14W,0.317,0.5448999360664681
surface_total_rust_pct,CatBoost,gss_2,F01-20240508-17W,0.12,0.2668480719718578
surface_total_rust_pct,CatBoost,gss_2,F01-20240522-19W,0.706,0.9275357726779805
surface_total_rust_pct,CatBoost,gss_2,F01-20240529-20W,0.129,0.24422500151584536
surface_total_rust_pct,CatBoost,gss_2,F01-20240619-23W,0.873,0.9258130803791913
surface_total_rust_pct,CatBoost,gss_2,F01-20240626-24W,1.008,1.1670176717350313
surface_total_rust_pct,CatBoost,gss_2,F01-20240710-26W,0.9,1.0577779385043657
surface_total_rust_pct,CatBoost,gss_2,F01-20240724-28W,3.231,3.356700723238525
surface_total_rust_pct,CatBoost,gss_2,F01-20240807-30W,1.697,1.672705707924582
surface_total_rust_pct,CatBoost,gss_2,F01-20240902-33W,1.648,1.751016573225166
surface_total_rust_pct,CatBoost,gss_2,F01-20240918-36W,1.132,1.1243523467277183
surface_total_rust_pct,CatBoost,gss_2,G04-20240110-0W,0.0,-0.04718951472630506
surface_total_rust_pct,CatBoost,gss_2,G04-20240124-2W,0.0,-0.038493705006814594
surface_total_rust_pct,CatBoost,gss_2,G04-20240207-4W,0.0,-0.048263710788567504
surface_total_rust_pct,CatBoost,gss_2,G04-20240221-6W,0.0,-0.03707981748983036
surface_total_rust_pct,CatBoost,gss_2,G04-20240306-8W,0.0,-0.031978524600286384
surface_total_rust_pct,CatBoost,gss_2,G04-20240320-10W,0.0,-0.034073824132941244
surface_total_rust_pct,CatBoost,gss_2,G04-20240405-12W,0.0,-0.03559755447047985
surface_total_rust_pct,CatBoost,gss_2,G04-20240417-14W,0.0,-0.0330325186495517
surface_total_rust_pct,CatBoost,gss_2,G04-20240508-17W,0.001,0.028237361041912212
surface_total_rust_pct,CatBoost,gss_2,G04-20240522-19W,0.0,-0.02428000021847998
surface_total_rust_pct,CatBoost,gss_2,G04-20240529-20W,0.0,-0.028873000041810037
surface_total_rust_pct,CatBoost,gss_2,G04-20240619-23W,0.0,0.04239895606490762
surface_total_rust_pct,CatBoost,gss_2,G04-20240626-24W,0.0,-0.020485855121837204
surface_total_rust_pct,CatBoost,gss_2,G04-20240710-26W,0.0,-0.02114678660691416
surface_total_rust_pct,CatBoost,gss_2,G04-20240724-28W,0.0,-0.014447033986826785
surface_total_rust_pct,CatBoost,gss_2,G04-20240807-30W,0.0,0.02666701122262305
surface_total_rust_pct,CatBoost,gss_2,G04-20240902-33W,0.0,0.0245242044855023
surface_total_rust_pct,CatBoost,gss_2,G04-20240918-36W,0.0,0.01633008694369309
surface_total_rust_pct,CatBoost,gss_2,S1MI03-20220518-0W,0.356,0.3399351355278919
surface_total_rust_pct,CatBoost,gss_2,S1MI03-20220603-2W,0.758,0.725424381027723
surface_total_rust_pct,CatBoost,gss_2,S1MI03-20220609-3W,0.463,0.5218334788618448
surface_total_rust_pct,CatBoost,gss_2,S1MI03-20220616-4W,0.303,0.3793490940132509
surface_total_rust_pct,CatBoost,gss_2,S1MI03-20220623-5W,0.471,0.4263068656490199
surface_total_rust_pct,CatBoost,gss_2,S1MI03-20220630-6W,0.686,0.6687021426150961
surface_total_rust_pct,CatBoost,gss_2,S1MI03-20220708-7W,0.282,0.2991511732389589
surface_total_rust_pct,CatBoost,gss_2,S1MI03-20220714-8W,0.344,0.3014287659602122
surface_total_rust_pct,CatBoost,gss_2,S1MI03-20220721-9W,0.528,0.5238340728440056
surface_total_rust_pct,CatBoost,gss_2,S1MI03-20220802-10W,0.783,0.7149092726259032
surface_total_rust_pct,CatBoost,gss_2,S1MI03-20220822-13W,0.371,0.3411439784299628
surface_total_rust_pct,CatBoost,gss_2,S1MI03-20220906-15W,1.399,1.6084456545238246
surface_total_rust_pct,CatBoost,gss_2,S1MI03-20221102-24W,8.146,7.901562734829157
surface_total_rust_pct,CatBoost,gss_2,S1MI03-20221110-25W,8.899,8.172136289352892
surface_total_rust_pct,CatBoost,gss_2,S1MI03-20221206-28W,12.772,13.439374150318745
surface_total_rust_pct,CatBoost,gss_2,S1MI05-20220518-0W,0.241,0.2853495001680777
surface_total_rust_pct,CatBoost,gss_2,S1MI05-20220603-2W,0.529,0.5671687416194047
surface_total_rust_pct,CatBoost,gss_2,S1MI05-20220609-3W,0.415,0.33959243294745867
surface_total_rust_pct,CatBoost,gss_2,S1MI05-20220616-4W,0.415,0.36300008298080755
surface_total_rust_pct,CatBoost,gss_2,S1MI05-20220623-5W,0.833,0.897534247617894
surface_total_rust_pct,CatBoost,gss_2,S1MI05-20220630-6W,0.795,0.7566649474519807
surface_total_rust_pct,CatBoost,gss_2,S1MI05-20220708-7W,0.365,0.27133663267359065
surface_total_rust_pct,CatBoost,gss_2,S1MI05-20220714-8W,0.695,0.6762820052088727
surface_total_rust_pct,CatBoost,gss_2,S1MI05-20220721-9W,0.716,0.5928681859612044
surface_total_rust_pct,CatBoost,gss_2,S1MI05-20220802-10W,1.155,1.0646571485957295
surface_total_rust_pct,CatBoost,gss_2,S1MI05-20220822-13W,1.067,0.7838269341374831
surface_total_rust_pct,CatBoost,gss_2,S1MI05-20220906-15W,4.938,5.019981513265492
surface_total_rust_pct,CatBoost,gss_2,S1MI05-20221102-24W,27.656,24.385950215094162
surface_total_rust_pct,CatBoost,gss_2,S1MI05-20221110-25W,18.451,18.48550621747456
surface_total_rust_pct,CatBoost,gss_2,S1MI05-20221206-28W,34.269,25.37045047832577
surface_total_rust_pct,CatBoost,gss_2,S1MI07-20220518-0W,0.238,0.35343123385582054
surface_total_rust_pct,CatBoost,gss_2,S1MI07-20220603-2W,0.976,1.1133081599744452
surface_total_rust_pct,CatBoost,gss_2,S1MI07-20220609-3W,0.234,0.562817574833463
surface_total_rust_pct,CatBoost,gss_2,S1MI07-20220616-4W,0.139,0.2872296744721723
surface_total_rust_pct,CatBoost,gss_2,S1MI07-20220623-5W,0.349,0.5266987875510394
surface_total_rust_pct,CatBoost,gss_2,S1MI07-20220630-6W,0.403,0.7056686703737125
surface_total_rust_pct,CatBoost,gss_2,S1MI07-20220708-7W,0.228,0.41587865726816275
surface_total_rust_pct,CatBoost,gss_2,S1MI07-20220714-8W,0.557,0.7696181343790707
surface_total_rust_pct,CatBoost,gss_2,S1MI07-20220721-9W,0.693,0.9145156153175773
surface_total_rust_pct,CatBoost,gss_2,S1MI07-20220802-10W,0.79,1.1448549125538912
surface_total_rust_pct,CatBoost,gss_2,S1MI07-20220822-13W,0.152,0.27946749164526796
surface_total_rust_pct,CatBoost,gss_2,S1MI07-20220906-15W,1.262,1.4061433291502847
surface_total_rust_pct,CatBoost,gss_2,S1MI07-20221102-24W,1.882,1.985379973099861
surface_total_rust_pct,CatBoost,gss_2,S1MI07-20221110-25W,1.393,1.3616646230134808
surface_total_rust_pct,CatBoost,gss_2,S1MI07-20221206-28W,2.019,1.903863344957691
surface_total_rust_pct,CatBoost,gss_2,S2SA03-20220518-0W,0.144,0.10688385971964642
surface_total_rust_pct,CatBoost,gss_2,S2SA03-20220603-2W,0.404,0.3497957392456028
surface_total_rust_pct,CatBoost,gss_2,S2SA03-20220609-3W,0.277,0.2794152929724856
surface_total_rust_pct,CatBoost,gss_2,S2SA03-20220616-4W,0.32,0.2428642345331835
surface_total_rust_pct,CatBoost,gss_2,S2SA03-20220623-5W,0.481,0.3150493141256172
surface_total_rust_pct,CatBoost,gss_2,S2SA03-20220630-6W,0.729,0.538188073701884
surface_total_rust_pct,CatBoost,gss_2,S2SA03-20220708-7W,0.615,0.36099327684682936
surface_total_rust_pct,CatBoost,gss_2,S2SA03-20220714-8W,0.997,0.605557484662004
surface_total_rust_pct,CatBoost,gss_2,S2SA03-20220721-9W,0.993,0.6159395056185906
surface_total_rust_pct,CatBoost,gss_2,S2SA03-20220802-10W,1.048,0.6929806812254367
surface_total_rust_pct,CatBoost,gss_2,S2SA03-20220822-13W,1.165,0.7558411730757117
surface_total_rust_pct,CatBoost,gss_2,S2SA03-20220906-15W,3.124,2.7339745215085633
surface_total_rust_pct,CatBoost,gss_2,S2SA03-20221102-24W,21.699,21.27910450281281
surface_total_rust_pct,CatBoost,gss_2,S2SA03-20221110-25W,15.149,14.102452964909773
surface_total_rust_pct,CatBoost,gss_2,S2SA03-20221206-28W,43.177,23.90895484012204
surface_total_rust_pct,CatBoost,gss_2,S3PA04-20220518-0W,0.236,0.22622118583650286
surface_total_rust_pct,CatBoost,gss_2,S3PA04-20220603-2W,0.154,0.0899319803315386
surface_total_rust_pct,CatBoost,gss_2,S3PA04-20220609-3W,0.163,0.0669786665526666
surface_total_rust_pct,CatBoost,gss_2,S3PA04-20220616-4W,0.082,0.08789318695734583
surface_total_rust_pct,CatBoost,gss_2,S3PA04-20220623-5W,0.13,0.0986730204862023
surface_total_rust_pct,CatBoost,gss_2,S3PA04-20220630-6W,0.257,0.17871683818317363
surface_total_rust_pct,CatBoost,gss_2,S3PA04-20220708-7W,0.249,0.20351253472066233
surface_total_rust_pct,CatBoost,gss_2,S3PA04-20220714-8W,0.371,0.3428678546509516
surface_total_rust_pct,CatBoost,gss_2,S3PA04-20220721-9W,0.337,0.3360202181769365
surface_total_rust_pct,CatBoost,gss_2,S3PA04-20220802-10W,0.345,0.3527947329566543
surface_total_rust_pct,CatBoost,gss_2,S3PA04-20220822-13W,0.246,0.2540501057044202
surface_total_rust_pct,CatBoost,gss_2,S3PA04-20220906-15W,0.247,0.20816217642174406
surface_total_rust_pct,CatBoost,gss_2,S3PA04-20221102-24W,2.162,1.9861717956841036
surface_total_rust_pct,CatBoost,gss_2,S3PA04-20221110-25W,2.505,2.3688855942742406
surface_total_rust_pct,CatBoost,gss_2,S3PA04-20221206-28W,4.997,4.612512010772157
surface_total_rust_pct,CatBoost,gss_2,S4SAVF01-20220518-0W,0.13,0.358587567521206
surface_total_rust_pct,CatBoost,gss_2,S4SAVF01-20220603-2W,0.186,0.2705860267794771
surface_total_rust_pct,CatBoost,gss_2,S4SAVF01-20220609-3W,0.137,0.17102446748632083
surface_total_rust_pct,CatBoost,gss_2,S4SAVF01-20220616-4W,0.044,0.056996281314051433
surface_total_rust_pct,CatBoost,gss_2,S4SAVF01-20220623-5W,0.057,0.06738251559936526
surface_total_rust_pct,CatBoost,gss_2,S4SAVF01-20220630-6W,0.11,0.10398309349802703
surface_total_rust_pct,CatBoost,gss_2,S4SAVF01-20220708-7W,0.092,0.06795925264030878
surface_total_rust_pct,CatBoost,gss_2,S4SAVF01-20220714-8W,0.103,0.12591856569397342
surface_total_rust_pct,CatBoost,gss_2,S4SAVF01-20220721-9W,0.089,0.09231004717029467
surface_total_rust_pct,CatBoost,gss_2,S4SAVF01-20220802-10W,0.157,0.1686323009207653
surface_total_rust_pct,CatBoost,gss_2,S4SAVF01-20220822-13W,0.092,0.0687482388652163
surface_total_rust_pct,CatBoost,gss_2,S4SAVF01-20220906-15W,0.291,0.3322203746059771
surface_total_rust_pct,CatBoost,gss_2,S4SAVF01-20221102-24W,4.948,4.82491724347145
surface_total_rust_pct,CatBoost,gss_2,S4SAVF01-20221110-25W,3.137,3.6413125463655067
surface_total_rust_pct,CatBoost,gss_2,S4SAVF01-20221206-28W,5.602,5.696982330519539
surface_total_rust_pct,CatBoost,gss_3,F02-20240110-0W,0.0,-0.09950285532793846
surface_total_rust_pct,CatBoost,gss_3,F02-20240124-2W,0.0,-0.047625080207720494
surface_total_rust_pct,CatBoost,gss_3,F02-20240207-4W,0.0,0.02753142323853819
surface_total_rust_pct,CatBoost,gss_3,F02-20240221-6W,0.0,-0.004323323500913467
surface_total_rust_pct,CatBoost,gss_3,F02-20240306-8W,0.027,0.13219386041756787
surface_total_rust_pct,CatBoost,gss_3,F02-20240320-10W,0.059,0.23860237867602052
surface_total_rust_pct,CatBoost,gss_3,F02-20240405-12W,0.152,0.2833542192955085
surface_total_rust_pct,CatBoost,gss_3,F02-20240417-14W,0.205,0.26366856826025575
surface_total_rust_pct,CatBoost,gss_3,F02-20240508-17W,0.636,0.6713461498536253
surface_total_rust_pct,CatBoost,gss_3,F02-20240522-19W,1.627,1.8657998550071746
surface_total_rust_pct,CatBoost,gss_3,F02-20240529-20W,0.3,0.4115638063551934
surface_total_rust_pct,CatBoost,gss_3,F02-20240619-23W,3.719,4.541716337432391
surface_total_rust_pct,CatBoost,gss_3,F02-20240626-24W,4.85,5.351210846114283
surface_total_rust_pct,CatBoost,gss_3,F02-20240710-26W,6.675,7.660894694919386
surface_total_rust_pct,CatBoost,gss_3,F02-20240724-28W,6.941,7.7629333056931955
surface_total_rust_pct,CatBoost,gss_3,F02-20240807-30W,4.151,4.0325414171438
surface_total_rust_pct,CatBoost,gss_3,F02-20240902-33W,5.736,6.001685652417436
surface_total_rust_pct,CatBoost,gss_3,F02-20240918-36W,3.389,3.751898170269164
surface_total_rust_pct,CatBoost,gss_3,F04-20240110-0W,0.037,0.17294473815435873
surface_total_rust_pct,CatBoost,gss_3,F04-20240124-2W,0.048,0.09747663875959622
surface_total_rust_pct,CatBoost,gss_3,F04-20240207-4W,0.122,0.26856352265350614
surface_total_rust_pct,CatBoost,gss_3,F04-20240221-6W,0.001,-0.019081327861600883
surface_total_rust_pct,CatBoost,gss_3,F04-20240306-8W,0.698,0.8906279181947867
surface_total_rust_pct,CatBoost,gss_3,F04-20240320-10W,5.076,4.287010552304106
surface_total_rust_pct,CatBoost,gss_3,F04-20240405-12W,6.984,7.127566963788833
surface_total_rust_pct,CatBoost,gss_3,F04-20240417-14W,9.464,9.602343238672049
surface_total_rust_pct,CatBoost,gss_3,F04-20240508-17W,8.983,9.325916872042825
surface_total_rust_pct,CatBoost,gss_3,F04-20240522-19W,6.765,7.235738795125301
surface_total_rust_pct,CatBoost,gss_3,F04-20240529-20W,7.543,7.525346496619368
surface_total_rust_pct,CatBoost,gss_3,F04-20240619-23W,9.828,9.690828173496946
surface_total_rust_pct,CatBoost,gss_3,F04-20240626-24W,11.835,12.328789288392736
surface_total_rust_pct,CatBoost,gss_3,F04-20240710-26W,10.881,10.323173715528249
surface_total_rust_pct,CatBoost,gss_3,F04-20240724-28W,12.656,14.159367857562234
surface_total_rust_pct,CatBoost,gss_3,F04-20240807-30W,10.801,11.106783072393606
surface_total_rust_pct,CatBoost,gss_3,F04-20240902-33W,9.888,10.127880312948388
surface_total_rust_pct,CatBoost,gss_3,F04-20240918-36W,7.361,7.104672581707655
surface_total_rust_pct,CatBoost,gss_3,F05-20240110-0W,0.002,-0.0609672221481139
surface_total_rust_pct,CatBoost,gss_3,F05-20240124-2W,0.001,-0.0364914044394018
surface_total_rust_pct,CatBoost,gss_3,F05-20240207-4W,0.165,0.219690813791658
surface_total_rust_pct,CatBoost,gss_3,F05-20240221-6W,0.133,0.16723381210952581
surface_total_rust_pct,CatBoost,gss_3,F05-20240306-8W,1.396,1.2011468315605207
surface_total_rust_pct,CatBoost,gss_3,F05-20240320-10W,3.461,3.5204614407752075
surface_total_rust_pct,CatBoost,gss_3,F05-20240405-12W,4.514,4.250595272043849
surface_total_rust_pct,CatBoost,gss_3,F05-20240417-14W,4.075,4.122930953444284
surface_total_rust_pct,CatBoost,gss_3,F05-20240508-17W,4.799,4.171795120843997
surface_total_rust_pct,CatBoost,gss_3,F05-20240522-19W,6.271,5.5976189834375685
surface_total_rust_pct,CatBoost,gss_3,F05-20240529-20W,2.497,2.487468384209847
surface_total_rust_pct,CatBoost,gss_3,F05-20240619-23W,5.362,4.91876963878598
surface_total_rust_pct,CatBoost,gss_3,F05-20240626-24W,6.125,6.016276759485692
surface_total_rust_pct,CatBoost,gss_3,F05-20240710-26W,5.226,5.299066114742793
surface_total_rust_pct,CatBoost,gss_3,F05-20240724-28W,7.526,6.803642232186535
surface_total_rust_pct,CatBoost,gss_3,F05-20240807-30W,3.756,3.5736121838368344
surface_total_rust_pct,CatBoost,gss_3,F05-20240902-33W,5.633,5.067025649223753
surface_total_rust_pct,CatBoost,gss_3,F05-20240918-36W,3.594,3.52119514851096
surface_total_rust_pct,CatBoost,gss_3,G01-20240110-0W,0.0,-0.0401785726705981
surface_total_rust_pct,CatBoost,gss_3,G01-20240124-2W,0.0,-0.03773943283970471
surface_total_rust_pct,CatBoost,gss_3,G01-20240207-4W,0.0,-0.07877076414966
surface_total_rust_pct,CatBoost,gss_3,G01-20240221-6W,0.0,-0.03659088678397904
surface_total_rust_pct,CatBoost,gss_3,G01-20240306-8W,0.0,-0.03659088678397904
surface_total_rust_pct,CatBoost,gss_3,G01-20240320-10W,0.0,-0.03659088678397904
surface_total_rust_pct,CatBoost,gss_3,G01-20240405-12W,0.0,-0.07627267775041213
surface_total_rust_pct,CatBoost,gss_3,G01-20240417-14W,0.0,-0.05647366533581488
surface_total_rust_pct,CatBoost,gss_3,G01-20240508-17W,0.0,-0.06855038593482332
surface_total_rust_pct,CatBoost,gss_3,G01-20240522-19W,0.0,-0.06594913373801692
surface_total_rust_pct,CatBoost,gss_3,G01-20240529-20W,0.0,-0.03395657987824663
surface_total_rust_pct,CatBoost,gss_3,G01-20240619-23W,0.001,0.05474491540230675
surface_total_rust_pct,CatBoost,gss_3,G01-20240626-24W,0.0,0.27165552574131135
surface_total_rust_pct,CatBoost,gss_3,G01-20240710-26W,0.0,0.018593531457064216
surface_total_rust_pct,CatBoost,gss_3,G01-20240724-28W,0.0,-0.010007892827852416
surface_total_rust_pct,CatBoost,gss_3,G01-20240807-30W,0.0,0.02739232180631923
surface_total_rust_pct,CatBoost,gss_3,G01-20240902-33W,0.0,0.020712050456754394
surface_total_rust_pct,CatBoost,gss_3,G01-20240918-36W,0.0,0.0036376461729088483
surface_total_rust_pct,CatBoost,gss_3,G06-20240110-0W,0.006,-0.04618058435737238
surface_total_rust_pct,CatBoost,gss_3,G06-20240124-2W,0.0,-0.06873925725060559
surface_total_rust_pct,CatBoost,gss_3,G06-20240207-4W,0.004,-0.06222916585621485
surface_total_rust_pct,CatBoost,gss_3,G06-20240221-6W,0.0,-0.06759071119487992
surface_total_rust_pct,CatBoost,gss_3,G06-20240306-8W,0.0,-0.06759071119487992
surface_total_rust_pct,CatBoost,gss_3,G06-20240320-10W,0.009,-0.0373239322192096
surface_total_rust_pct,CatBoost,gss_3,G06-20240405-12W,0.006,-0.05584266750947231
surface_total_rust_pct,CatBoost,gss_3,G06-20240417-14W,0.051,0.05541995119260923
surface_total_rust_pct,CatBoost,gss_3,G06-20240508-17W,0.247,0.5624238589926533
surface_total_rust_pct,CatBoost,gss_3,G06-20240522-19W,0.292,0.34207156678432904
surface_total_rust_pct,CatBoost,gss_3,G06-20240529-20W,0.164,0.24761636443578405
surface_total_rust_pct,CatBoost,gss_3,G06-20240619-23W,0.624,0.5634078534780569
surface_total_rust_pct,CatBoost,gss_3,G06-20240626-24W,0.883,0.6647278018635072
surface_total_rust_pct,CatBoost,gss_3,G06-20240710-26W,0.153,0.3468164546926906
surface_total_rust_pct,CatBoost,gss_3,G06-20240724-28W,0.081,0.15648741788807063
surface_total_rust_pct,CatBoost,gss_3,G06-20240807-30W,0.732,1.0739621064410356
surface_total_rust_pct,CatBoost,gss_3,G06-20240902-33W,0.493,1.095424294217022
surface_total_rust_pct,CatBoost,gss_3,G06-20240918-36W,0.344,0.5102290899260034
surface_total_rust_pct,CatBoost,gss_3,S1MI07-20220518-0W,0.238,0.29704144271106525
surface_total_rust_pct,CatBoost,gss_3,S1MI07-20220603-2W,0.976,1.858287503178171
surface_total_rust_pct,CatBoost,gss_3,S1MI07-20220609-3W,0.234,0.4664826417075285
surface_total_rust_pct,CatBoost,gss_3,S1MI07-20220616-4W,0.139,0.27829298158287097
surface_total_rust_pct,CatBoost,gss_3,S1MI07-20220623-5W,0.349,0.4588111779249382
surface_total_rust_pct,CatBoost,gss_3,S1MI07-20220630-6W,0.403,0.7326709167835719
surface_total_rust_pct,CatBoost,gss_3,S1MI07-20220708-7W,0.228,0.4101536956888361
surface_total_rust_pct,CatBoost,gss_3,S1MI07-20220714-8W,0.557,0.8621951003440409
surface_total_rust_pct,CatBoost,gss_3,S1MI07-20220721-9W,0.693,0.8768110497940715
surface_total_rust_pct,CatBoost,gss_3,S1MI07-20220802-10W,0.79,1.056782898208337
surface_total_rust_pct,CatBoost,gss_3,S1MI07-20220822-13W,0.152,0.26083976184467694
surface_total_rust_pct,CatBoost,gss_3,S1MI07-20220906-15W,1.262,2.237200619611346
surface_total_rust_pct,CatBoost,gss_3,S1MI07-20221102-24W,1.882,2.757791840689057
surface_total_rust_pct,CatBoost,gss_3,S1MI07-20221110-25W,1.393,1.61354229855056
surface_total_rust_pct,CatBoost,gss_3,S1MI07-20221206-28W,2.019,2.3043595580774108
surface_total_rust_pct,CatBoost,gss_3,S2SA07-20220518-0W,0.027,0.16307656582137486
surface_total_rust_pct,CatBoost,gss_3,S2SA07-20220603-2W,0.025,-0.0094883679216613
surface_total_rust_pct,CatBoost,gss_3,S2SA07-20220609-3W,0.034,0.005575720323078848
surface_total_rust_pct,CatBoost,gss_3,S2SA07-20220616-4W,0.024,0.0012270771038394024
surface_total_rust_pct,CatBoost,gss_3,S2SA07-20220623-5W,0.019,-0.04857520176937058
surface_total_rust_pct,CatBoost,gss_3,S2SA07-20220630-6W,0.016,-0.028331636898313306
surface_total_rust_pct,CatBoost,gss_3,S2SA07-20220708-7W,0.065,0.06044679806702158
surface_total_rust_pct,CatBoost,gss_3,S2SA07-20220714-8W,0.06,0.031169938745120085
surface_total_rust_pct,CatBoost,gss_3,S2SA07-20220721-9W,0.067,0.05148555104838559
surface_total_rust_pct,CatBoost,gss_3,S2SA07-20220802-10W,0.085,0.09334087938131441
surface_total_rust_pct,CatBoost,gss_3,S2SA07-20220822-13W,0.031,0.0952568563266718
surface_total_rust_pct,CatBoost,gss_3,S2SA07-20220906-15W,0.375,0.4876919445021728
surface_total_rust_pct,CatBoost,gss_3,S2SA07-20221102-24W,6.173,6.8899747706670285
surface_total_rust_pct,CatBoost,gss_3,S2SA07-20221110-25W,7.608,7.714454339565096
surface_total_rust_pct,CatBoost,gss_3,S2SA07-20221206-28W,15.038,14.543540286104415
surface_total_rust_pct,CatBoost,gss_3,S3PA02-20220518-0W,0.146,0.18088383672218722
surface_total_rust_pct,CatBoost,gss_3,S3PA02-20220603-2W,0.26,0.16743729396016382
surface_total_rust_pct,CatBoost,gss_3,S3PA02-20220609-3W,0.137,0.20878278541363215
surface_total_rust_pct,CatBoost,gss_3,S3PA02-20220616-4W,0.032,0.07596434905112437
surface_total_rust_pct,CatBoost,gss_3,S3PA02-20220623-5W,0.065,0.12913646678237756
surface_total_rust_pct,CatBoost,gss_3,S3PA02-20220630-6W,0.314,0.15691093982919524
surface_total_rust_pct,CatBoost,gss_3,S3PA02-20220708-7W,0.179,0.23099948792734182
surface_total_rust_pct,CatBoost,gss_3,S3PA02-20220714-8W,0.162,0.1954242632276424
surface_total_rust_pct,CatBoost,gss_3,S3PA02-20220721-9W,0.275,0.3505266762433177
surface_total_rust_pct,CatBoost,gss_3,S3PA02-20220802-10W,0.351,0.43073113607559677
surface_total_rust_pct,CatBoost,gss_3,S3PA02-20220822-13W,0.214,0.3741808948043639
surface_total_rust_pct,CatBoost,gss_3,S3PA02-20220906-15W,0.394,0.4113173002799342
surface_total_rust_pct,CatBoost,gss_3,S3PA02-20221102-24W,1.236,1.3313372989422363
surface_total_rust_pct,CatBoost,gss_3,S3PA02-20221110-25W,1.094,1.5118393861778279
surface_total_rust_pct,CatBoost,gss_3,S3PA02-20221206-28W,3.8,4.4393663311608
surface_total_rust_pct,CatBoost,gss_3,S3PA03-20220518-0W,0.044,0.17378366847929083
surface_total_rust_pct,CatBoost,gss_3,S3PA03-20220603-2W,0.249,0.38342789415569634
surface_total_rust_pct,CatBoost,gss_3,S3PA03-20220609-3W,0.109,0.19234740335609102
surface_total_rust_pct,CatBoost,gss_3,S3PA03-20220616-4W,0.027,0.1412021782210946
surface_total_rust_pct,CatBoost,gss_3,S3PA03-20220623-5W,0.111,0.29209322869664023
surface_total_rust_pct,CatBoost,gss_3,S3PA03-20220630-6W,0.213,0.3800467714248814
surface_total_rust_pct,CatBoost,gss_3,S3PA03-20220708-7W,0.157,0.3247946468649898
surface_total_rust_pct,CatBoost,gss_3,S3PA03-20220714-8W,0.191,0.3968859307160364
surface_total_rust_pct,CatBoost,gss_3,S3PA03-20220721-9W,0.234,0.3914925446252755
surface_total_rust_pct,CatBoost,gss_3,S3PA03-20220802-10W,0.377,0.436616530915535
surface_total_rust_pct,CatBoost,gss_3,S3PA03-20220822-13W,0.298,0.34681556163983895
surface_total_rust_pct,CatBoost,gss_3,S3PA03-20220906-15W,0.467,0.5843751928746723
surface_total_rust_pct,CatBoost,gss_3,S3PA03-20221102-24W,4.579,4.678520240811599
surface_total_rust_pct,CatBoost,gss_3,S3PA03-20221110-25W,6.525,7.289351240105037
surface_total_rust_pct,CatBoost,gss_3,S3PA03-20221206-28W,8.862,8.536912925941207
surface_total_rust_pct,CatBoost,gss_3,S4SAVF03-20220518-0W,0.0,-0.0006318685039397032
surface_total_rust_pct,CatBoost,gss_3,S4SAVF03-20220603-2W,0.007,-6.708374175223852e-05
surface_total_rust_pct,CatBoost,gss_3,S4SAVF03-20220609-3W,0.049,0.11352161442118236
surface_total_rust_pct,CatBoost,gss_3,S4SAVF03-20220616-4W,0.075,0.13970168948193473
surface_total_rust_pct,CatBoost,gss_3,S4SAVF03-20220623-5W,0.098,0.14067665503579763
surface_total_rust_pct,CatBoost,gss_3,S4SAVF03-20220630-6W,0.237,0.22908013536722605
surface_total_rust_pct,CatBoost,gss_3,S4SAVF03-20220708-7W,0.446,0.358804397404922
surface_total_rust_pct,CatBoost,gss_3,S4SAVF03-20220714-8W,0.312,0.2544519782060255
surface_total_rust_pct,CatBoost,gss_3,S4SAVF03-20220721-9W,0.574,0.4352839263971209
surface_total_rust_pct,CatBoost,gss_3,S4SAVF03-20220802-10W,0.75,0.6052610000179919
surface_total_rust_pct,CatBoost,gss_3,S4SAVF03-20220822-13W,0.565,0.41911048620720237
surface_total_rust_pct,CatBoost,gss_3,S4SAVF03-20220906-15W,1.834,1.6461425076369764
surface_total_rust_pct,CatBoost,gss_3,S4SAVF03-20221102-24W,22.891,22.233812491185073
surface_total_rust_pct,CatBoost,gss_3,S4SAVF03-20221110-25W,18.37,18.21866986110657
surface_total_rust_pct,CatBoost,gss_3,S4SAVF03-20221206-28W,25.28,21.861726517332453
surface_total_rust_pct,CatBoost,gss_4,E01-20240110-0W,0.0,-0.018521289409641373
surface_total_rust_pct,CatBoost,gss_4,E01-20240124-2W,0.0,0.03835141845395729
surface_total_rust_pct,CatBoost,gss_4,E01-20240207-4W,0.0,0.0813192634092954
surface_total_rust_pct,CatBoost,gss_4,E01-20240221-6W,0.04,0.1862858272520076
surface_total_rust_pct,CatBoost,gss_4,E01-20240306-8W,0.659,0.6344887213415142
surface_total_rust_pct,CatBoost,gss_4,E01-20240320-10W,1.049,1.1159609794628005
surface_total_rust_pct,CatBoost,gss_4,E01-20240405-12W,1.081,1.4144906095836765
surface_total_rust_pct,CatBoost,gss_4,E01-20240417-14W,1.163,1.6387511012907725
surface_total_rust_pct,CatBoost,gss_4,E01-20240522-19W,1.208,1.100788055715524
surface_total_rust_pct,CatBoost,gss_4,E01-20240529-20W,0.945,0.877084591868698
surface_total_rust_pct,CatBoost,gss_4,E01-20240619-23W,3.33,3.324520335193317
surface_total_rust_pct,CatBoost,gss_4,E01-20240626-24W,4.772,4.70421643555255
surface_total_rust_pct,CatBoost,gss_4,E01-20240710-26W,3.044,2.9053681227632033
surface_total_rust_pct,CatBoost,gss_4,E01-20240724-28W,4.921,5.139351499514701
surface_total_rust_pct,CatBoost,gss_4,E01-20240807-30W,4.181,4.040465126921635
surface_total_rust_pct,CatBoost,gss_4,E01-20240902-33W,3.13,3.081280387081733
surface_total_rust_pct,CatBoost,gss_4,E01-20240918-36W,2.707,2.2827270351142737
surface_total_rust_pct,CatBoost,gss_4,E02-20240110-0W,0.066,0.06501356303360328
surface_total_rust_pct,CatBoost,gss_4,E02-20240124-2W,0.005,0.00576682712905674
surface_total_rust_pct,CatBoost,gss_4,E02-20240207-4W,0.107,0.2238227356341107
surface_total_rust_pct,CatBoost,gss_4,E02-20240221-6W,0.073,0.09915403847982951
surface_total_rust_pct,CatBoost,gss_4,E02-20240306-8W,0.984,0.7984809278410214
surface_total_rust_pct,CatBoost,gss_4,E02-20240320-10W,2.769,2.9214641989162446
surface_total_rust_pct,CatBoost,gss_4,E02-20240405-12W,3.581,3.150076746802835
surface_total_rust_pct,CatBoost,gss_4,E02-20240417-14W,4.15,3.6977488661751012
surface_total_rust_pct,CatBoost,gss_4,E02-20240508-17W,3.186,3.097311265781759
surface_total_rust_pct,CatBoost,gss_4,E02-20240522-19W,6.69,6.816920976927579
surface_total_rust_pct,CatBoost,gss_4,E02-20240529-20W,3.013,3.0815710307483655
surface_total_rust_pct,CatBoost,gss_4,E02-20240619-23W,6.32,6.2134477137218616
surface_total_rust_pct,CatBoost,gss_4,E02-20240626-24W,6.941,6.822141941564338
surface_total_rust_pct,CatBoost,gss_4,E02-20240710-26W,4.343,3.934511022356939
surface_total_rust_pct,CatBoost,gss_4,E02-20240724-28W,9.456,9.54434833353513
surface_total_rust_pct,CatBoost,gss_4,E02-20240807-30W,6.552,6.277069672356463
surface_total_rust_pct,CatBoost,gss_4,E02-20240902-33W,6.545,6.234487503313757
surface_total_rust_pct,CatBoost,gss_4,E02-20240918-36W,3.178,2.9784599841275763
surface_total_rust_pct,CatBoost,gss_4,E04-20240110-0W,0.0,-0.030684306725877075
surface_total_rust_pct,CatBoost,gss_4,E04-20240124-2W,0.0,-0.0122021768417242
surface_total_rust_pct,CatBoost,gss_4,E04-20240207-4W,0.001,-0.02390661220253243
surface_total_rust_pct,CatBoost,gss_4,E04-20240221-6W,0.0,-0.03430000096558716
surface_total_rust_pct,CatBoost,gss_4,E04-20240306-8W,0.466,0.48183010098864765
surface_total_rust_pct,CatBoost,gss_4,E04-20240320-10W,0.826,0.906373303043065
surface_total_rust_pct,CatBoost,gss_4,E04-20240405-12W,0.696,0.666766050682905
surface_total_rust_pct,CatBoost,gss_4,E04-20240417-14W,0.778,0.7120498120632113
surface_total_rust_pct,CatBoost,gss_4,E04-20240508-17W,1.919,3.4087637651856664
surface_total_rust_pct,CatBoost,gss_4,E04-20240522-19W,0.829,0.9198067193802557
surface_total_rust_pct,CatBoost,gss_4,E04-20240529-20W,0.242,0.3129257376561103
surface_total_rust_pct,CatBoost,gss_4,E04-20240619-23W,3.321,2.8950251236815743
surface_total_rust_pct,CatBoost,gss_4,E04-20240626-24W,4.566,4.137867396697277
surface_total_rust_pct,CatBoost,gss_4,E04-20240710-26W,2.739,2.284144537783922
surface_total_rust_pct,CatBoost,gss_4,E04-20240724-28W,6.245,6.221051958064592
surface_total_rust_pct,CatBoost,gss_4,E04-20240807-30W,5.742,6.344508291318391
surface_total_rust_pct,CatBoost,gss_4,E04-20240902-33W,6.776,7.461836206579046
surface_total_rust_pct,CatBoost,gss_4,E04-20240918-36W,3.274,2.811175528229949
surface_total_rust_pct,CatBoost,gss_4,F01-20240110-0W,0.0,0.11344784375552086
surface_total_rust_pct,CatBoost,gss_4,F01-20240124-2W,0.0,0.11425965202335009
surface_total_rust_pct,CatBoost,gss_4,F01-20240207-4W,0.001,0.2030740947934171
surface_total_rust_pct,CatBoost,gss_4,F01-20240221-6W,0.0,0.06327461938924506
surface_total_rust_pct,CatBoost,gss_4,F01-20240306-8W,0.0,0.11598751194058154
surface_total_rust_pct,CatBoost,gss_4,F01-20240320-10W,0.106,0.40135559803375465
surface_total_rust_pct,CatBoost,gss_4,F01-20240405-12W,0.027,0.2131800646303903
surface_total_rust_pct,CatBoost,gss_4,F01-20240417-14W,0.317,0.6891756277390746
surface_total_rust_pct,CatBoost,gss_4,F01-20240508-17W,0.12,0.5309124268918723
surface_total_rust_pct,CatBoost,gss_4,F01-20240522-19W,0.706,1.1075331549988672
surface_total_rust_pct,CatBoost,gss_4,F01-20240529-20W,0.129,0.3427806950141896
surface_total_rust_pct,CatBoost,gss_4,F01-20240619-23W,0.873,0.9102014952466531
surface_total_rust_pct,CatBoost,gss_4,F01-20240626-24W,1.008,1.4184541972325913
surface_total_rust_pct,CatBoost,gss_4,F01-20240710-26W,0.9,1.1684160455954848
surface_total_rust_pct,CatBoost,gss_4,F01-20240724-28W,3.231,3.3177680270609944
surface_total_rust_pct,CatBoost,gss_4,F01-20240807-30W,1.697,1.6161130952204537
surface_total_rust_pct,CatBoost,gss_4,F01-20240902-33W,1.648,1.7738658720830416
surface_total_rust_pct,CatBoost,gss_4,F01-20240918-36W,1.132,1.1334985643984667
surface_total_rust_pct,CatBoost,gss_4,F02-20240110-0W,0.0,0.033985354988268046
surface_total_rust_pct,CatBoost,gss_4,F02-20240124-2W,0.0,0.09228704967782564
surface_total_rust_pct,CatBoost,gss_4,F02-20240207-4W,0.0,0.0633952694153801
surface_total_rust_pct,CatBoost,gss_4,F02-20240221-6W,0.0,0.08865737638237503
surface_total_rust_pct,CatBoost,gss_4,F02-20240306-8W,0.027,0.23515064455806156
surface_total_rust_pct,CatBoost,gss_4,F02-20240320-10W,0.059,0.2862538379817865
surface_total_rust_pct,CatBoost,gss_4,F02-20240405-12W,0.152,0.4170715080944203
surface_total_rust_pct,CatBoost,gss_4,F02-20240417-14W,0.205,0.4545879220604552
surface_total_rust_pct,CatBoost,gss_4,F02-20240508-17W,0.636,1.1141573427652938
surface_total_rust_pct,CatBoost,gss_4,F02-20240522-19W,1.627,2.0825360214354687
surface_total_rust_pct,CatBoost,gss_4,F02-20240529-20W,0.3,0.5996585581271621
surface_total_rust_pct,CatBoost,gss_4,F02-20240619-23W,3.719,4.87603443861252
surface_total_rust_pct,CatBoost,gss_4,F02-20240626-24W,4.85,5.630404778361472
surface_total_rust_pct,CatBoost,gss_4,F02-20240710-26W,6.675,7.621529457237101
surface_total_rust_pct,CatBoost,gss_4,F02-20240724-28W,6.941,7.46309510211463
surface_total_rust_pct,CatBoost,gss_4,F02-20240807-30W,4.151,4.813981496784528
surface_total_rust_pct,CatBoost,gss_4,F02-20240902-33W,5.736,6.4726212691864085
surface_total_rust_pct,CatBoost,gss_4,F02-20240918-36W,3.389,4.842609964744332
surface_total_rust_pct,CatBoost,gss_4,F04-20240110-0W,0.037,0.199548605675556
surface_total_rust_pct,CatBoost,gss_4,F04-20240124-2W,0.048,0.07660683782766764
surface_total_rust_pct,CatBoost,gss_4,F04-20240207-4W,0.122,0.34598146696379306
surface_total_rust_pct,CatBoost,gss_4,F04-20240221-6W,0.001,-0.03489776497952102
surface_total_rust_pct,CatBoost,gss_4,F04-20240306-8W,0.698,0.5581514137726913
surface_total_rust_pct,CatBoost,gss_4,F04-20240320-10W,5.076,4.717066792821596
surface_total_rust_pct,CatBoost,gss_4,F04-20240405-12W,6.984,7.181590590339047
surface_total_rust_pct,CatBoost,gss_4,F04-20240417-14W,9.464,9.660157535413381
surface_total_rust_pct,CatBoost,gss_4,F04-20240508-17W,8.983,9.324662823187758
surface_total_rust_pct,CatBoost,gss_4,F04-20240522-19W,6.765,7.419228119067016
surface_total_rust_pct,CatBoost,gss_4,F04-20240529-20W,7.543,7.267334434927077
surface_total_rust_pct,CatBoost,gss_4,F04-20240619-23W,9.828,9.624001605971827
surface_total_rust_pct,CatBoost,gss_4,F04-20240626-24W,11.835,11.896164401242178
surface_total_rust_pct,CatBoost,gss_4,F04-20240710-26W,10.881,10.90179156318941
surface_total_rust_pct,CatBoost,gss_4,F04-20240724-28W,12.656,13.646924014596799
surface_total_rust_pct,CatBoost,gss_4,F04-20240807-30W,10.801,12.007622330509808
surface_total_rust_pct,CatBoost,gss_4,F04-20240902-33W,9.888,9.641948280582088
surface_total_rust_pct,CatBoost,gss_4,F04-20240918-36W,7.361,7.228912340419226
surface_total_rust_pct,CatBoost,gss_4,S1MI03-20220518-0W,0.356,0.3762522713577985
surface_total_rust_pct,CatBoost,gss_4,S1MI03-20220603-2W,0.758,0.651247522046039
surface_total_rust_pct,CatBoost,gss_4,S1MI03-20220609-3W,0.463,0.3485553224417992
surface_total_rust_pct,CatBoost,gss_4,S1MI03-20220616-4W,0.303,0.394403310495004
surface_total_rust_pct,CatBoost,gss_4,S1MI03-20220623-5W,0.471,0.45275935970654047
surface_total_rust_pct,CatBoost,gss_4,S1MI03-20220630-6W,0.686,0.5841189780063338
surface_total_rust_pct,CatBoost,gss_4,S1MI03-20220708-7W,0.282,0.3276157898569996
surface_total_rust_pct,CatBoost,gss_4,S1MI03-20220714-8W,0.344,0.32362822939075775
surface_total_rust_pct,CatBoost,gss_4,S1MI03-20220721-9W,0.528,0.5446740390926359
surface_total_rust_pct,CatBoost,gss_4,S1MI03-20220802-10W,0.783,0.7478865266696193
surface_total_rust_pct,CatBoost,gss_4,S1MI03-20220822-13W,0.371,0.4791098140341483
surface_total_rust_pct,CatBoost,gss_4,S1MI03-20220906-15W,1.399,1.3895095449664836
surface_total_rust_pct,CatBoost,gss_4,S1MI03-20221102-24W,8.146,7.681346508863542
surface_total_rust_pct,CatBoost,gss_4,S1MI03-20221110-25W,8.899,8.609186724886786
surface_total_rust_pct,CatBoost,gss_4,S1MI03-20221206-28W,12.772,12.863439588565285
surface_total_rust_pct,CatBoost,gss_4,S2SA03-20220518-0W,0.144,0.19997594220959547
surface_total_rust_pct,CatBoost,gss_4,S2SA03-20220603-2W,0.404,0.5096596373775126
surface_total_rust_pct,CatBoost,gss_4,S2SA03-20220609-3W,0.277,0.311464705853147
surface_total_rust_pct,CatBoost,gss_4,S2SA03-20220616-4W,0.32,0.31460937610993245
surface_total_rust_pct,CatBoost,gss_4,S2SA03-20220623-5W,0.481,0.4918504938175259
surface_total_rust_pct,CatBoost,gss_4,S2SA03-20220630-6W,0.729,0.66910001214457
surface_total_rust_pct,CatBoost,gss_4,S2SA03-20220708-7W,0.615,0.5193855846842852
surface_total_rust_pct,CatBoost,gss_4,S2SA03-20220714-8W,0.997,0.8776460834888882
surface_total_rust_pct,CatBoost,gss_4,S2SA03-20220721-9W,0.993,0.9376263562606999
surface_total_rust_pct,CatBoost,gss_4,S2SA03-20220802-10W,1.048,1.0402121706164162
surface_total_rust_pct,CatBoost,gss_4,S2SA03-20220822-13W,1.165,1.0345971120949966
surface_total_rust_pct,CatBoost,gss_4,S2SA03-20220906-15W,3.124,2.8389761649116756
surface_total_rust_pct,CatBoost,gss_4,S2SA03-20221102-24W,21.699,22.714125078733428
surface_total_rust_pct,CatBoost,gss_4,S2SA03-20221110-25W,15.149,13.81204961578389
surface_total_rust_pct,CatBoost,gss_4,S2SA03-20221206-28W,43.177,34.392372398767215
surface_total_rust_pct,CatBoost,gss_4,S2SA07-20220518-0W,0.027,0.009380976952243714
surface_total_rust_pct,CatBoost,gss_4,S2SA07-20220603-2W,0.025,-0.05272753917876116
surface_total_rust_pct,CatBoost,gss_4,S2SA07-20220609-3W,0.034,0.034789307954524507
surface_total_rust_pct,CatBoost,gss_4,S2SA07-20220616-4W,0.024,-0.04975654995693679
surface_total_rust_pct,CatBoost,gss_4,S2SA07-20220623-5W,0.019,-0.05636374453432369
surface_total_rust_pct,CatBoost,gss_4,S2SA07-20220630-6W,0.016,-0.031950717215319724
surface_total_rust_pct,CatBoost,gss_4,S2SA07-20220708-7W,0.065,0.025119962385028227
surface_total_rust_pct,CatBoost,gss_4,S2SA07-20220714-8W,0.06,0.07607786997074406
surface_total_rust_pct,CatBoost,gss_4,S2SA07-20220721-9W,0.067,0.10759868172877596
surface_total_rust_pct,CatBoost,gss_4,S2SA07-20220802-10W,0.085,0.14509847920423624
surface_total_rust_pct,CatBoost,gss_4,S2SA07-20220822-13W,0.031,0.03987864093807536
surface_total_rust_pct,CatBoost,gss_4,S2SA07-20220906-15W,0.375,0.45652291431326564
surface_total_rust_pct,CatBoost,gss_4,S2SA07-20221102-24W,6.173,6.381795518977385
surface_total_rust_pct,CatBoost,gss_4,S2SA07-20221110-25W,7.608,7.501125474687057
surface_total_rust_pct,CatBoost,gss_4,S2SA07-20221206-28W,15.038,13.26803904415604
surface_total_rust_pct,CatBoost,gss_4,S4SAVF03-20220518-0W,0.0,-0.03467378503187568
surface_total_rust_pct,CatBoost,gss_4,S4SAVF03-20220603-2W,0.007,-0.025215415524992846
surface_total_rust_pct,CatBoost,gss_4,S4SAVF03-20220609-3W,0.049,0.07793414332312532
surface_total_rust_pct,CatBoost,gss_4,S4SAVF03-20220616-4W,0.075,0.09119837250154728
surface_total_rust_pct,CatBoost,gss_4,S4SAVF03-20220623-5W,0.098,0.09560363372412395
surface_total_rust_pct,CatBoost,gss_4,S4SAVF03-20220630-6W,0.237,0.11922261488757435
surface_total_rust_pct,CatBoost,gss_4,S4SAVF03-20220708-7W,0.446,0.20901178101284001
surface_total_rust_pct,CatBoost,gss_4,S4SAVF03-20220714-8W,0.312,0.19753316197642246
surface_total_rust_pct,CatBoost,gss_4,S4SAVF03-20220721-9W,0.574,0.31472131416306093
surface_total_rust_pct,CatBoost,gss_4,S4SAVF03-20220802-10W,0.75,0.5873283907478419
surface_total_rust_pct,CatBoost,gss_4,S4SAVF03-20220822-13W,0.565,0.29398101212767935
surface_total_rust_pct,CatBoost,gss_4,S4SAVF03-20220906-15W,1.834,1.7428174417760611
surface_total_rust_pct,CatBoost,gss_4,S4SAVF03-20221102-24W,22.891,21.995483225954594
surface_total_rust_pct,CatBoost,gss_4,S4SAVF03-20221110-25W,18.37,16.81733431293671
surface_total_rust_pct,CatBoost,gss_4,S4SAVF03-20221206-28W,25.28,20.270675957922105
