original_image_name,original_image_path,specimen_id,label,Sample Name,ID,Treatment,Label_Treatment,Ageing Days,A_Surface_Total_Rust_Percentage[%],A_Total_Rust_Category_(1–4),width_px,height_px,source_mode,file_size_bytes,mean_red_0_255,mean_green_0_255,mean_blue_0_255,std_red_0_255,std_green_0_255,std_blue_0_255,mean_rgb_intensity_0_255,mean_channel_std_0_255,mean_luminance_rec709_0_255,mean_luminance_rec709_0_1,luminance_rank_ascending,luminance_percentile_rank
D01-20240110-0W.png,Data/Images_dataset/D01-20240110-0W.png,D01,1,D01-20240110-0W,D01,NO,D,0,0.003,1,2835,650,RGBA,2134728,243.554211,233.609386,212.184138,11.111535,13.015855,14.369386,229.782578,12.832259,234.176753,0.918340,665,84.050633
D01-20240124-2W.png,Data/Images_dataset/D01-20240124-2W.png,D01,1,D01-20240124-2W,D01,NO,D,14,0,1,2835,650,RGBA,1891923,245.044116,239.575430,233.124241,15.996818,18.461179,19.994845,239.247929,18.150948,240.272297,0.942244,693,87.594937
D01-20240207-4W.png,Data/Images_dataset/D01-20240207-4W.png,D01,1,D01-20240207-4W,D01,NO,D,28,0.006,1,2835,650,RGBA,2517357,227.383938,217.505122,203.889264,20.199754,21.913132,23.724429,216.259441,21.945772,218.622293,0.857342,561,70.886076
D01-20240221-6W.png,Data/Images_dataset/D01-20240221-6W.png,D01,1,D01-20240221-6W,D01,NO,D,42,0,1,2835,650,RGBA,1615390,245.312905,242.079497,237.786204,16.215923,19.246761,22.305633,241.726202,19.256106,242.456944,0.950812,702,88.734177
D01-20240306-8W.png,Data/Images_dataset/D01-20240306-8W.png,D01,1,D01-20240306-8W,D01,NO,D,56,0.081,1,2835,650,RGBA,2304594,247.250580,243.062991,232.918377,13.723590,19.581329,26.120586,241.077316,19.808502,243.220832,0.953807,708,89.493671
D01-20240320-10W.png,Data/Images_dataset/D01-20240320-10W.png,D01,1,D01-20240320-10W,D01,NO,D,70,0.565,1,2835,650,RGBA,2436746,238.583708,231.688334,215.482421,20.364981,27.136389,34.848985,228.584821,27.450118,231.984224,0.909742,640,80.886076
D01-20240405-12W.png,Data/Images_dataset/D01-20240405-12W.png,D01,1,D01-20240405-12W,D01,NO,D,84,0.194,1,2835,650,RGBA,2006619,241.203498,240.427855,234.265999,19.492084,23.495406,29.896836,238.632451,24.294775,240.147871,0.941756,691,87.341772
D01-20240417-14W.png,Data/Images_dataset/D01-20240417-14W.png,D01,1,D01-20240417-14W,D01,NO,D,98,0.676,1,2835,650,RGBA,2218962,223.616073,212.733133,186.163253,23.938597,27.193272,29.113276,207.504153,26.748382,213.128500,0.835798,528,66.708861
D01-20240508-17W.png,Data/Images_dataset/D01-20240508-17W.png,D01,1,D01-20240508-17W,D01,NO,D,119,0.96,1,2835,650,RGBA,2705837,204.981497,198.441994,177.089303,38.230041,40.029549,41.707363,193.504265,39.988984,198.290628,0.777610,402,50.759494
D01-20240522-19W.png,Data/Images_dataset/D01-20240522-19W.png,D01,1,D01-20240522-19W,D01,NO,D,133,0.893,1,2835,650,RGBA,2146989,215.081750,209.612280,182.192655,22.867012,25.623485,28.441459,202.295562,25.643985,208.795392,0.818805,495,62.531646
D01-20240529-20W.png,Data/Images_dataset/D01-20240529-20W.png,D01,1,D01-20240529-20W,D01,NO,D,140,0.655,1,2835,650,RGBA,2453691,237.592802,231.011500,208.343957,22.205987,28.548938,35.008548,225.649420,28.587824,230.774088,0.904996,628,79.367089
D01-20240619-23W.png,Data/Images_dataset/D01-20240619-23W.png,D01,1,D01-20240619-23W,D01,NO,D,161,1.197,1,2835,650,RGBA,2674393,199.345202,193.153415,160.006097,27.758605,30.035136,30.711664,184.168238,29.501802,192.076552,0.753241,331,41.772152
D01-20240626-24W.png,Data/Images_dataset/D01-20240626-24W.png,D01,1,D01-20240626-24W,D01,NO,D,168,1.555,1,2835,650,RGBA,1917679,206.883190,200.195405,187.818852,19.800915,25.428674,28.601305,198.299149,24.610298,200.723641,0.787152,425,53.670886
D01-20240710-26W.png,Data/Images_dataset/D01-20240710-26W.png,D01,1,D01-20240710-26W,D01,NO,D,182,1.003,1,2835,650,RGBA,2539110,209.950446,196.484868,146.162224,20.871964,24.730210,24.905832,184.199179,23.502669,195.714355,0.767507,376,47.468354
D01-20240724-28W.png,Data/Images_dataset/D01-20240724-28W.png,D01,1,D01-20240724-28W,D01,NO,D,196,2.063,1,2835,650,RGBA,2245378,214.240698,195.536208,149.138596,23.057533,28.511409,29.643713,186.305167,27.070885,196.162875,0.769266,382,48.227848
D01-20240807-30W.png,Data/Images_dataset/D01-20240807-30W.png,D01,1,D01-20240807-30W,D01,NO,D,210,1.077,1,2835,650,RGBA,2960100,231.193123,214.591553,177.124294,28.404543,33.757647,33.752640,207.636323,31.971610,215.415911,0.844768,540,68.227848
D01-20240902-33W.png,Data/Images_dataset/D01-20240902-33W.png,D01,1,D01-20240902-33W,D01,NO,D,231,1.586,1,2835,650,RGBA,3037664,217.643109,202.606156,169.042785,28.925476,33.156065,33.512481,196.430683,31.864674,203.379737,0.797568,453,57.215190
D01-20240918-36W.png,Data/Images_dataset/D01-20240918-36W.png,D01,1,D01-20240918-36W,D01,NO,D,252,0.943,1,2835,650,RGBA,2198955,212.693570,196.288100,144.101980,21.751696,24.365702,22.692418,184.361217,22.936606,196.008065,0.768659,380,47.974684
D02-20240110-0W.png,Data/Images_dataset/D02-20240110-0W.png,D02,1,D02-20240110-0W,D02,NO,D,0,0.032,1,2835,650,RGBA,2245627,240.900503,230.240789,206.487349,14.137052,15.736887,16.614727,225.876214,15.496222,230.792046,0.905067,629,79.493671
D02-20240124-2W.png,Data/Images_dataset/D02-20240124-2W.png,D02,1,D02-20240124-2W,D02,NO,D,14,0,1,2835,650,RGBA,2257145,234.252925,226.288363,215.753358,21.861723,24.371085,26.351065,225.431549,24.194624,227.221002,0.891063,608,76.835443
D02-20240207-4W.png,Data/Images_dataset/D02-20240207-4W.png,D02,1,D02-20240207-4W,D02,NO,D,28,0.03,1,2835,650,RGBA,2553594,216.301998,203.828768,183.956205,24.220054,26.601695,29.170008,201.362324,26.663919,205.045778,0.804101,471,59.493671
D02-20240221-6W.png,Data/Images_dataset/D02-20240221-6W.png,D02,1,D02-20240221-6W,D02,NO,D,42,0.021,1,2835,650,RGBA,2092923,233.870923,226.744786,217.462423,20.853499,24.741438,28.535877,226.026044,24.710271,227.589616,0.892508,612,77.341772
D02-20240306-8W.png,Data/Images_dataset/D02-20240306-8W.png,D02,1,D02-20240306-8W,D02,NO,D,56,0.692,1,2835,650,RGBA,1720762,249.046003,243.632175,232.062528,16.278026,26.537645,33.130329,241.580236,25.315333,243.947827,0.956658,711,89.873418
D02-20240320-10W.png,Data/Images_dataset/D02-20240320-10W.png,D02,1,D02-20240320-10W,D02,NO,D,70,2.722,1,2835,650,RGBA,2684763,233.194013,222.478075,201.108326,27.070574,38.049550,45.839835,218.926804,36.986653,223.213387,0.875347,584,73.797468
D02-20240405-12W.png,Data/Images_dataset/D02-20240405-12W.png,D02,1,D02-20240405-12W,D02,NO,D,84,2.33,1,2835,650,RGBA,2247323,232.664752,227.433102,215.848754,27.917370,39.076266,45.891668,225.315536,37.628434,227.708961,0.892976,615,77.721519
D02-20240417-14W.png,Data/Images_dataset/D02-20240417-14W.png,D02,1,D02-20240417-14W,D02,NO,D,98,3.113,1,2835,650,RGBA,2148997,216.090559,203.780068,174.718577,29.841128,35.914912,37.324796,198.196401,34.360278,204.299039,0.801173,464,58.607595
D02-20240508-17W.png,Data/Images_dataset/D02-20240508-17W.png,D02,1,D02-20240508-17W,D02,NO,D,119,2.826,1,2835,650,RGBA,2078045,209.754538,202.289158,181.468880,42.945468,48.287196,52.752372,197.837525,47.995012,202.373074,0.793620,444,56.075949
D02-20240522-19W.png,Data/Images_dataset/D02-20240522-19W.png,D02,1,D02-20240522-19W,D02,NO,D,133,2.916,1,2835,650,RGBA,2219773,202.722446,192.662546,157.295778,30.335169,34.894666,33.962994,184.226923,33.064276,192.247800,0.753913,332,41.898734
D02-20240529-20W.png,Data/Images_dataset/D02-20240529-20W.png,D02,1,D02-20240529-20W,D02,NO,D,140,1.121,1,2835,650,RGBA,2389978,221.987461,208.657840,175.719942,24.366297,31.757363,32.184631,202.121748,29.436097,209.113601,0.820053,500,63.164557
D02-20240619-23W.png,Data/Images_dataset/D02-20240619-23W.png,D02,1,D02-20240619-23W,D02,NO,D,161,4.682,1,2835,650,RGBA,2472063,180.324001,165.796431,123.681072,36.546141,38.808052,34.989987,156.600501,36.781393,165.844264,0.650370,117,14.683544
D02-20240626-24W.png,Data/Images_dataset/D02-20240626-24W.png,D02,1,D02-20240626-24W,D02,NO,D,168,4.213,1,2835,650,RGBA,1875778,187.055456,177.589286,156.389076,28.230622,34.227271,34.783790,173.677939,32.413894,178.071138,0.698318,206,25.949367
D02-20240710-26W.png,Data/Images_dataset/D02-20240710-26W.png,D02,1,D02-20240710-26W,D02,NO,D,182,1.271,1,2835,650,RGBA,2201619,202.341116,188.147677,135.777191,28.781590,32.230934,27.985440,175.421995,29.665988,187.384053,0.734839,289,36.455696
D02-20240724-28W.png,Data/Images_dataset/D02-20240724-28W.png,D02,1,D02-20240724-28W,D02,NO,D,196,4.431,1,2835,650,RGBA,2007884,195.999139,175.844355,125.904793,27.852870,32.120659,27.681880,165.916096,29.218470,176.523626,0.692250,194,24.430380
D02-20240807-30W.png,Data/Images_dataset/D02-20240807-30W.png,D02,1,D02-20240807-30W,D02,NO,D,210,0.415,1,2835,650,RGBA,2614134,225.910653,210.536164,181.354845,29.565778,36.248829,34.482224,205.933887,33.432277,211.697889,0.830188,513,64.810127
D02-20240902-33W.png,Data/Images_dataset/D02-20240902-33W.png,D02,1,D02-20240902-33W,D02,NO,D,231,3.146,1,2835,650,RGBA,2667508,219.276996,201.020457,161.778483,29.987786,35.988006,34.517764,194.025312,33.497852,202.068527,0.792426,440,55.569620
D02-20240918-36W.png,Data/Images_dataset/D02-20240918-36W.png,D02,1,D02-20240918-36W,D02,NO,D,252,1.455,1,2835,650,RGBA,1891678,209.938329,193.012342,137.183333,27.616909,30.457779,24.672784,180.044668,27.582491,192.579953,0.755216,336,42.405063
D03-20240110-0W.png,Data/Images_dataset/D03-20240110-0W.png,D03,1,D03-20240110-0W,D03,NO,D,0,0,1,2835,650,RGBA,2176609,236.049728,226.147573,202.055478,12.516821,13.347995,14.052214,221.417593,13.305677,226.513322,0.888288,602,76.075949
D03-20240124-2W.png,Data/Images_dataset/D03-20240124-2W.png,D03,1,D03-20240124-2W,D03,NO,D,14,0,1,2835,650,RGBA,2016557,241.192403,234.747880,225.213913,16.684536,18.500997,19.333837,233.718065,18.173123,235.429633,0.923253,671,84.810127
D03-20240207-4W.png,Data/Images_dataset/D03-20240207-4W.png,D03,1,D03-20240207-4W,D03,NO,D,28,0.008,1,2835,650,RGBA,2750852,218.618425,205.832735,185.446198,22.599700,24.354712,25.977572,203.299119,24.310661,207.079064,0.812075,483,61.012658
D03-20240221-6W.png,Data/Images_dataset/D03-20240221-6W.png,D03,1,D03-20240221-6W,D03,NO,D,42,0,1,2835,650,RGBA,1887245,240.392412,235.504416,228.055802,18.556384,20.715115,22.718593,234.650877,20.663364,236.005814,0.925513,673,85.063291
D03-20240306-8W.png,Data/Images_dataset/D03-20240306-8W.png,D03,1,D03-20240306-8W,D03,NO,D,56,0.023,1,2835,650,RGBA,2034458,249.625409,246.851372,235.968438,11.384795,13.610877,15.692829,244.148406,13.562833,246.655384,0.967276,724,91.518987
D03-20240320-10W.png,Data/Images_dataset/D03-20240320-10W.png,D03,1,D03-20240320-10W,D03,NO,D,70,0.069,1,2835,650,RGBA,2408581,239.805347,234.065939,217.099236,17.578430,19.794794,21.653967,230.323508,19.675730,234.061142,0.917887,664,83.924051
D03-20240405-12W.png,Data/Images_dataset/D03-20240405-12W.png,D03,1,D03-20240405-12W,D03,NO,D,84,0,1,2835,650,RGBA,1977641,242.201819,242.740623,233.968377,13.957127,14.049670,15.057054,239.636940,14.354617,241.992717,0.948991,701,88.607595
D03-20240417-14W.png,Data/Images_dataset/D03-20240417-14W.png,D03,1,D03-20240417-14W,D03,NO,D,98,0.051,1,2835,650,RGBA,1826187,215.733619,206.773909,181.838714,16.767664,16.971508,16.693920,201.448747,16.811031,206.878422,0.811288,482,60.886076
D03-20240508-17W.png,Data/Images_dataset/D03-20240508-17W.png,D03,1,D03-20240508-17W,D03,NO,D,119,0.09,1,2835,650,RGBA,2149217,157.279503,155.143647,132.657836,32.342162,30.060321,26.985723,148.360329,29.796069,153.974255,0.603821,66,8.227848
D03-20240522-19W.png,Data/Images_dataset/D03-20240522-19W.png,D03,1,D03-20240522-19W,D03,NO,D,133,0.041,1,2835,650,RGBA,2122926,201.103935,195.264561,162.346962,23.073434,21.031777,19.532157,186.238486,21.212456,194.129361,0.761292,361,45.569620
D03-20240529-20W.png,Data/Images_dataset/D03-20240529-20W.png,D03,1,D03-20240529-20W,D03,NO,D,140,0.029,1,2835,650,RGBA,2479343,218.586263,209.140982,179.516181,19.853888,20.160611,20.041164,202.414475,20.018554,209.010138,0.819648,498,62.911392
D03-20240619-23W.png,Data/Images_dataset/D03-20240619-23W.png,D03,1,D03-20240619-23W,D03,NO,D,161,0.071,1,2835,650,RGBA,2294210,191.287813,177.899523,135.783560,26.679384,25.649834,23.430008,168.323632,25.253075,177.705101,0.696883,203,25.569620
D03-20240626-24W.png,Data/Images_dataset/D03-20240626-24W.png,D03,1,D03-20240626-24W,D03,NO,D,168,0.082,1,2835,650,RGBA,1602748,209.349955,197.141582,171.308081,23.418227,25.419042,27.206770,192.599873,25.348013,197.871903,0.775968,398,50.253165
D03-20240710-26W.png,Data/Images_dataset/D03-20240710-26W.png,D03,1,D03-20240710-26W,D03,NO,D,182,0.084,1,2835,650,RGBA,2210418,209.350225,198.593114,147.770636,21.931604,22.178069,21.635348,185.237992,21.915007,197.210693,0.773375,392,49.493671
D03-20240724-28W.png,Data/Images_dataset/D03-20240724-28W.png,D03,1,D03-20240724-28W,D03,NO,D,196,0.08,1,2835,650,RGBA,1897977,199.196511,180.884815,131.490543,17.093012,17.268821,16.577964,170.523956,16.979932,181.211615,0.710634,227,28.607595
D03-20240807-30W.png,Data/Images_dataset/D03-20240807-30W.png,D03,1,D03-20240807-30W,D03,NO,D,210,0.018,1,2835,650,RGBA,2719604,227.539764,215.056211,186.347220,24.613225,26.547782,27.515406,209.647732,26.225471,215.637425,0.845637,542,68.481013
D03-20240902-33W.png,Data/Images_dataset/D03-20240902-33W.png,D03,1,D03-20240902-33W,D03,NO,D,231,0.039,1,2835,650,RGBA,2455038,224.957035,212.466408,176.955604,23.759450,25.063823,26.952957,204.793016,25.258744,212.558035,0.833561,523,66.075949
D03-20240918-36W.png,Data/Images_dataset/D03-20240918-36W.png,D03,1,D03-20240918-36W,D03,NO,D,252,0.044,1,2835,650,RGBA,1774525,205.547323,192.378847,138.965896,20.220310,19.268784,15.857571,178.964022,18.448889,191.322050,0.750283,325,41.012658
D04-20240110-0W.png,Data/Images_dataset/D04-20240110-0W.png,D04,1,D04-20240110-0W,D04,NO,D,0,0.082,1,2835,650,RGBA,2120197,215.723323,197.108106,162.143119,14.353249,15.881828,16.449750,191.658183,15.561609,198.541229,0.778593,403,50.886076
D04-20240124-2W.png,Data/Images_dataset/D04-20240124-2W.png,D04,1,D04-20240124-2W,D04,NO,D,14,0.003,1,2835,650,RGBA,2012043,228.432858,215.578075,201.402326,18.306674,19.717220,20.662670,215.137753,19.562188,217.287513,0.852108,557,70.379747
D04-20240207-4W.png,Data/Images_dataset/D04-20240207-4W.png,D04,1,D04-20240207-4W,D04,NO,D,28,0.535,1,2835,650,RGBA,2612033,201.009321,180.359767,151.152001,23.018709,25.006511,25.906970,177.507030,24.644063,182.641062,0.716239,246,31.012658
D04-20240221-6W.png,Data/Images_dataset/D04-20240221-6W.png,D04,1,D04-20240221-6W,D04,NO,D,42,0.815,1,2835,650,RGBA,2224735,219.067571,198.746377,179.427904,24.911276,31.357913,35.757054,199.080617,30.675415,201.671869,0.790870,435,54.936709
D04-20240306-8W.png,Data/Images_dataset/D04-20240306-8W.png,D04,1,D04-20240306-8W,D04,NO,D,56,2.353,1,2835,650,RGBA,2658834,208.950176,183.366419,152.272913,26.453669,34.866016,39.886693,181.529836,33.735459,186.560575,0.731610,278,35.063291
D04-20240320-10W.png,Data/Images_dataset/D04-20240320-10W.png,D04,3,D04-20240320-10W,D04,NO,D,70,15.047,3,2835,650,RGBA,2996952,206.662954,163.513192,114.097043,28.192333,49.547899,61.706150,161.424396,46.482127,169.118985,0.663212,135,16.962025
D04-20240405-12W.png,Data/Images_dataset/D04-20240405-12W.png,D04,3,D04-20240405-12W,D04,NO,D,84,19.675,3,2835,650,RGBA,2422561,194.813305,151.142642,116.305243,28.481601,47.783521,52.788164,154.087063,43.017762,157.911765,0.619262,82,10.253165
D04-20240417-14W.png,Data/Images_dataset/D04-20240417-14W.png,D04,4,D04-20240417-14W,D04,NO,D,98,35.886,4,2835,650,RGBA,2362868,151.409937,118.251418,81.378953,31.898731,43.462755,43.914507,117.013436,39.758664,122.638727,0.480936,9,1.012658
D04-20240508-17W.png,Data/Images_dataset/D04-20240508-17W.png,D04,4,D04-20240508-17W,D04,NO,D,119,29.643,4,2835,650,RGBA,2329173,137.786701,109.201328,78.091649,56.709386,49.556607,37.491050,108.359893,47.919014,113.032459,0.443265,5,0.506329
D04-20240522-19W.png,Data/Images_dataset/D04-20240522-19W.png,D04,4,D04-20240522-19W,D04,NO,D,133,40.627,4,2835,650,RGBA,2455601,143.541655,107.906032,65.996403,27.715004,37.596353,37.037245,105.814697,34.116201,112.456290,0.441005,4,0.379747
D04-20240529-20W.png,Data/Images_dataset/D04-20240529-20W.png,D04,3,D04-20240529-20W,D04,NO,D,140,17.02,3,2835,650,RGBA,2734482,182.582047,140.009702,102.983532,29.052469,40.197096,38.413748,141.858427,35.887771,146.387293,0.574068,44,5.443038
D04-20240619-23W.png,Data/Images_dataset/D04-20240619-23W.png,D04,4,D04-20240619-23W,D04,NO,D,161,52.911,4,2835,650,RGBA,2747312,134.783093,95.489168,52.429770,31.807599,38.021384,31.432032,94.234010,33.753672,100.734168,0.395036,2,0.126582
D04-20240626-24W.png,Data/Images_dataset/D04-20240626-24W.png,D04,4,D04-20240626-24W,D04,NO,D,168,53.412,4,2835,650,RGBA,2175845,130.839683,91.975166,61.814675,28.405715,35.380287,30.601516,94.876508,31.462506,98.060175,0.384550,1,0.000000
D04-20240710-26W.png,Data/Images_dataset/D04-20240710-26W.png,D04,4,D04-20240710-26W,D04,NO,D,182,34.058,4,2835,650,RGBA,2449455,146.397309,110.647488,65.890621,28.398236,33.812454,24.804195,107.645139,29.004962,115.016454,0.451045,7,0.759494
D04-20240724-28W.png,Data/Images_dataset/D04-20240724-28W.png,D04,4,D04-20240724-28W,D04,NO,D,196,47.365,4,2835,650,RGBA,2234651,146.087745,105.985634,66.241085,33.399061,40.519615,32.621951,106.104821,35.513542,111.641786,0.437811,3,0.253165
D04-20240807-30W.png,Data/Images_dataset/D04-20240807-30W.png,D04,3,D04-20240807-30W,D04,NO,D,210,16.467,3,2835,650,RGBA,2613663,184.251791,133.878575,106.052151,37.932301,45.848690,34.277843,141.394172,39.352945,142.578853,0.559133,33,4.050633
D04-20240902-33W.png,Data/Images_dataset/D04-20240902-33W.png,D04,4,D04-20240902-33W,D04,NO,D,231,35.013,4,2835,650,RGBA,2554224,184.399536,128.803526,83.997360,38.416220,48.478315,35.537539,132.400141,40.810691,137.388233,0.538777,25,3.037975
D04-20240918-36W.png,Data/Images_dataset/D04-20240918-36W.png,D04,4,D04-20240918-36W,D04,NO,D,252,31.395,4,2835,650,RGBA,2360194,163.352147,122.726200,75.746737,37.767846,42.767588,29.233072,120.608361,36.589502,127.971359,0.501848,15,1.772152
D05-20240110-0W.png,Data/Images_dataset/D05-20240110-0W.png,D05,1,D05-20240110-0W,D05,NO,D,0,0,1,2835,650,RGBA,2181832,241.095357,231.680021,212.682342,12.095186,13.177377,14.066572,228.485907,13.113045,232.310089,0.911020,643,81.265823
D05-20240124-2W.png,Data/Images_dataset/D05-20240124-2W.png,D05,1,D05-20240124-2W,D05,NO,D,14,0,1,2835,650,RGBA,1750167,245.674584,242.155577,237.663937,15.925143,18.096788,19.769029,241.831366,17.930320,242.579422,0.951292,704,88.987342
D05-20240207-4W.png,Data/Images_dataset/D05-20240207-4W.png,D05,1,D05-20240207-4W,D05,NO,D,28,0.108,1,2835,650,RGBA,2611325,236.046312,226.663462,211.738419,18.884895,21.889590,25.109723,224.816064,21.961403,227.580668,0.892473,611,77.215190
D05-20240221-6W.png,Data/Images_dataset/D05-20240221-6W.png,D05,1,D05-20240221-6W,D05,NO,D,42,0.057,1,2835,650,RGBA,1586056,246.724659,241.983928,235.236818,15.547246,21.687107,28.681027,241.315135,21.971793,242.504666,0.950999,703,88.860759
D05-20240306-8W.png,Data/Images_dataset/D05-20240306-8W.png,D05,2,D05-20240306-8W,D05,NO,D,56,5.28,2,2835,650,RGBA,2004491,244.264487,223.301985,198.467862,19.352762,50.346755,68.479667,222.011445,46.059728,225.965589,0.886140,597,75.443038
D05-20240320-10W.png,Data/Images_dataset/D05-20240320-10W.png,D05,2,D05-20240320-10W,D05,NO,D,70,10.883,2,2835,650,RGBA,2736343,229.856343,204.723241,173.190459,32.889982,59.279823,72.622654,202.590014,54.930819,207.789871,0.814862,486,61.392405
D05-20240405-12W.png,Data/Images_dataset/D05-20240405-12W.png,D05,2,D05-20240405-12W,D05,NO,D,84,10.806,2,2835,650,RGBA,2533388,227.567711,206.017057,185.054012,30.619721,57.955681,68.705692,206.212927,52.427031,209.085194,0.819942,499,63.037975
D05-20240417-14W.png,Data/Images_dataset/D05-20240417-14W.png,D05,2,D05-20240417-14W,D05,NO,D,98,14.166,2,2835,650,RGBA,2331261,207.611933,181.460901,144.572772,40.161198,54.844977,56.615412,177.881869,50.540529,184.357287,0.722970,259,32.658228
D05-20240508-17W.png,Data/Images_dataset/D05-20240508-17W.png,D05,2,D05-20240508-17W,D05,NO,D,119,12.551,2,2835,650,RGBA,2454449,188.501736,171.709248,145.088593,57.853522,64.310293,66.525574,168.433192,62.896463,173.357319,0.679833,168,21.139241
D05-20240522-19W.png,Data/Images_dataset/D05-20240522-19W.png,D05,2,D05-20240522-19W,D05,NO,D,133,13.28,2,2835,650,RGBA,2339529,209.817537,183.337516,141.318772,38.227920,57.396389,62.508913,178.157942,52.711074,185.933415,0.729151,272,34.303797
D05-20240529-20W.png,Data/Images_dataset/D05-20240529-20W.png,D05,2,D05-20240529-20W,D05,NO,D,140,9.236,2,2835,650,RGBA,2685593,206.206506,180.137807,144.342849,33.679351,48.536677,49.797849,176.895721,44.004626,183.095617,0.718022,250,31.518987
D05-20240619-23W.png,Data/Images_dataset/D05-20240619-23W.png,D05,3,D05-20240619-23W,D05,NO,D,161,20.139,3,2835,650,RGBA,2829885,177.766755,149.436490,103.901753,41.199434,51.682968,48.426822,143.701666,47.103075,152.171896,0.596753,59,7.341772
D05-20240626-24W.png,Data/Images_dataset/D05-20240626-24W.png,D05,3,D05-20240626-24W,D05,NO,D,168,15.98,3,2835,650,RGBA,2242380,201.935063,166.757177,135.265206,39.426920,53.681183,56.155596,167.985816,49.754566,171.962275,0.674362,153,19.240506
D05-20240710-26W.png,Data/Images_dataset/D05-20240710-26W.png,D05,2,D05-20240710-26W,D05,NO,D,182,13.515,2,2835,650,RGBA,2558192,192.426631,159.986305,100.275693,37.763524,46.425030,41.051357,150.896210,41.746637,162.572012,0.637537,101,12.658228
D05-20240724-28W.png,Data/Images_dataset/D05-20240724-28W.png,D05,3,D05-20240724-28W,D05,NO,D,196,19.174,3,2835,650,RGBA,2367806,195.258079,151.042332,93.646377,40.832539,50.310783,43.164468,146.648929,44.769263,156.298612,0.612936,78,9.746835
D05-20240807-30W.png,Data/Images_dataset/D05-20240807-30W.png,D05,2,D05-20240807-30W,D05,NO,D,210,11.857,2,2835,650,RGBA,3116984,224.232563,179.538695,119.043296,39.875457,55.619888,47.298083,174.271518,47.597810,184.672844,0.724207,261,32.911392
D05-20240902-33W.png,Data/Images_dataset/D05-20240902-33W.png,D05,3,D05-20240902-33W,D05,NO,D,231,16.881,3,2835,650,RGBA,3085173,215.340797,168.647152,103.972905,43.177081,58.322260,52.472006,162.653618,51.323782,173.904741,0.681979,176,22.151899
D05-20240918-36W.png,Data/Images_dataset/D05-20240918-36W.png,D05,2,D05-20240918-36W,D05,NO,D,252,10.999,2,2835,650,RGBA,2632678,205.108834,163.940251,99.427538,36.758657,45.619072,36.453138,156.158874,39.610289,168.034874,0.658960,126,15.822785
D06-20240110-0W.png,Data/Images_dataset/D06-20240110-0W.png,D06,1,D06-20240110-0W,D06,NO,D,0,0.004,1,2835,650,RGBA,2478060,227.932239,215.517064,188.996661,21.997346,23.664492,24.133931,210.815321,23.265256,216.241757,0.848007,547,69.113924
D06-20240124-2W.png,Data/Images_dataset/D06-20240124-2W.png,D06,1,D06-20240124-2W,D06,NO,D,14,0,1,2835,650,RGBA,2124607,234.088154,227.232670,217.768766,23.345641,25.946263,27.665082,226.363196,25.652329,228.006852,0.894145,617,77.974684
D06-20240207-4W.png,Data/Images_dataset/D06-20240207-4W.png,D06,1,D06-20240207-4W,D06,NO,D,28,0.308,1,2835,650,RGBA,2680100,207.973201,193.615908,171.667805,27.734053,30.242283,32.530232,191.085638,30.168856,195.083616,0.765034,368,46.455696
D06-20240221-6W.png,Data/Images_dataset/D06-20240221-6W.png,D06,1,D06-20240221-6W,D06,NO,D,42,0.182,1,2835,650,RGBA,2181483,227.175128,214.437108,196.416921,26.601702,31.474981,36.551981,212.676386,31.542888,215.844154,0.846448,545,68.860759
D06-20240306-8W.png,Data/Images_dataset/D06-20240306-8W.png,D06,1,D06-20240306-8W,D06,NO,D,56,1.602,1,2835,650,RGBA,2306588,235.604424,224.962333,203.259900,23.667430,34.938365,42.943708,221.275552,33.849835,225.657926,0.884933,594,75.063291
D06-20240320-10W.png,Data/Images_dataset/D06-20240320-10W.png,D06,1,D06-20240320-10W,D06,NO,D,70,2.993,1,2835,650,RGBA,2674488,221.674403,206.504325,178.737015,29.266577,39.494792,46.285917,202.305248,38.349095,207.724684,0.814607,485,61.265823
D06-20240405-12W.png,Data/Images_dataset/D06-20240405-12W.png,D06,1,D06-20240405-12W,D06,NO,D,84,3.156,1,2835,650,RGBA,2348972,209.299658,199.224052,178.639411,30.736899,38.921127,44.123474,195.721040,37.927166,199.879915,0.783843,417,52.658228
D06-20240417-14W.png,Data/Images_dataset/D06-20240417-14W.png,D06,2,D06-20240417-14W,D06,NO,D,98,5.402,2,2835,650,RGBA,2546617,184.421817,168.881931,134.432966,35.516429,41.052354,42.401304,162.578905,39.656696,169.698495,0.665484,139,17.468354
D06-20240508-17W.png,Data/Images_dataset/D06-20240508-17W.png,D06,1,D06-20240508-17W,D06,NO,D,119,4.748,1,2835,650,RGBA,2791919,186.470602,171.759799,137.880077,46.143076,46.442217,42.397852,165.370159,44.994382,172.441200,0.676240,159,20.000000
D06-20240522-19W.png,Data/Images_dataset/D06-20240522-19W.png,D06,2,D06-20240522-19W,D06,NO,D,133,6.472,2,2835,650,RGBA,2725166,168.002668,153.891163,115.978812,35.133444,39.578357,40.223248,145.957548,38.311683,154.153997,0.604525,68,8.481013
D06-20240529-20W.png,Data/Images_dataset/D06-20240529-20W.png,D06,1,D06-20240529-20W,D06,NO,D,140,1.673,1,2835,650,RGBA,2740352,190.792088,173.293790,136.932153,27.787156,31.847687,32.262308,167.006011,30.632383,174.388618,0.683877,179,22.531646
D06-20240619-23W.png,Data/Images_dataset/D06-20240619-23W.png,D06,2,D06-20240619-23W,D06,NO,D,161,7.835,2,2835,650,RGBA,2961657,161.330485,141.558930,97.582177,33.761113,36.978399,34.062727,133.490531,34.934080,142.587241,0.559166,34,4.177215
D06-20240626-24W.png,Data/Images_dataset/D06-20240626-24W.png,D06,2,D06-20240626-24W,D06,NO,D,168,10.224,2,2835,650,RGBA,2298155,171.074980,145.696705,112.098408,35.780034,40.421906,40.477108,142.956698,38.893016,148.666329,0.583005,48,5.949367
D06-20240710-26W.png,Data/Images_dataset/D06-20240710-26W.png,D06,2,D06-20240710-26W,D06,NO,D,182,9.993,2,2835,650,RGBA,2728180,165.259189,143.664387,90.774446,29.948020,35.068074,33.382536,133.232674,32.799543,144.436788,0.566419,40,4.936709
D06-20240724-28W.png,Data/Images_dataset/D06-20240724-28W.png,D06,3,D06-20240724-28W,D06,NO,D,196,15.507,3,2835,650,RGBA,2630124,166.861322,136.348913,86.150236,32.620956,38.339018,35.084410,129.786823,35.348128,139.211506,0.545927,29,3.544304
D06-20240807-30W.png,Data/Images_dataset/D06-20240807-30W.png,D06,2,D06-20240807-30W,D06,NO,D,210,6.782,2,2835,650,RGBA,2965557,220.277058,176.075947,97.303144,31.956316,42.903844,37.673904,164.552050,37.511355,179.785707,0.705042,218,27.468354
D06-20240902-33W.png,Data/Images_dataset/D06-20240902-33W.png,D06,2,D06-20240902-33W,D06,NO,D,231,8.442,2,2835,650,RGBA,2668824,204.542676,169.627001,113.680813,30.828328,42.267450,41.069408,162.616830,38.055062,173.010759,0.678474,162,20.379747
D06-20240918-36W.png,Data/Images_dataset/D06-20240918-36W.png,D06,2,D06-20240918-36W,D06,NO,D,252,8.499,2,2835,650,RGBA,2483279,186.191521,156.554460,96.817636,30.942659,37.257656,30.553393,146.521206,32.917903,158.542301,0.621735,83,10.379747
E01-20240110-0W.png,Data/Images_dataset/E01-20240110-0W.png,E01,1,E01-20240110-0W,E01,SA,SA,0,0,1,2835,650,RGBA,2084227,218.364741,198.801486,163.427336,14.024006,14.784247,14.429136,193.531188,14.412463,200.406620,0.785908,422,53.291139
E01-20240124-2W.png,Data/Images_dataset/E01-20240124-2W.png,E01,1,E01-20240124-2W,E01,SA,SA,14,0,1,2835,650,RGBA,2180019,227.279909,211.764208,196.237842,19.580405,20.413960,20.675171,211.760653,20.223179,213.941843,0.838988,531,67.088608
E01-20240207-4W.png,Data/Images_dataset/E01-20240207-4W.png,E01,1,E01-20240207-4W,E01,SA,SA,28,0,1,2835,650,RGBA,2582240,205.434353,184.643766,154.721382,19.967335,21.052678,21.053970,181.599833,20.691328,186.903448,0.732955,283,35.696203
E01-20240221-6W.png,Data/Images_dataset/E01-20240221-6W.png,E01,1,E01-20240221-6W,E01,SA,SA,42,0.04,1,2835,650,RGBA,1929326,222.670193,205.736042,188.839024,21.326969,23.013000,24.694890,205.748419,23.011620,208.116278,0.816142,488,61.645570
E01-20240306-8W.png,Data/Images_dataset/E01-20240306-8W.png,E01,1,E01-20240306-8W,E01,SA,SA,56,0.659,1,2835,650,RGBA,2292863,225.752722,212.275583,191.775562,20.037587,26.106774,31.243155,209.934622,25.795839,213.660721,0.837885,529,66.835443
E01-20240320-10W.png,Data/Images_dataset/E01-20240320-10W.png,E01,1,E01-20240320-10W,E01,SA,SA,70,1.049,1,2835,650,RGBA,2595987,209.401012,191.040189,164.758654,23.537387,27.025332,29.955889,188.399952,26.839536,193.046173,0.757044,345,43.544304
E01-20240405-12W.png,Data/Images_dataset/E01-20240405-12W.png,E01,1,E01-20240405-12W,E01,SA,SA,84,1.081,1,2835,650,RGBA,2264575,198.079076,185.776161,166.620656,22.286499,25.568094,28.044723,183.491964,25.299772,187.008733,0.733368,284,35.822785
E01-20240417-14W.png,Data/Images_dataset/E01-20240417-14W.png,E01,1,E01-20240417-14W,E01,SA,SA,98,1.163,1,2835,650,RGBA,2106747,175.808120,159.424063,128.859859,21.754327,23.265976,23.547012,154.697348,22.855772,160.700578,0.630198,97,12.151899
E01-20240522-19W.png,Data/Images_dataset/E01-20240522-19W.png,E01,1,E01-20240522-19W,E01,SA,SA,133,1.208,1,2835,650,RGBA,2278125,163.973421,151.862899,120.359128,23.343704,22.955815,23.497723,145.398483,23.265747,152.163024,0.596718,58,7.215190
E01-20240529-20W.png,Data/Images_dataset/E01-20240529-20W.png,E01,1,E01-20240529-20W,E01,SA,SA,140,0.945,1,2835,650,RGBA,2376358,162.415359,151.327082,124.783609,14.757725,17.011409,18.327391,146.175350,16.698842,151.768011,0.595169,56,6.962025
E01-20240619-23W.png,Data/Images_dataset/E01-20240619-23W.png,E01,1,E01-20240619-23W,E01,SA,SA,161,3.33,1,2835,650,RGBA,2423607,163.144661,147.741392,107.150716,22.233003,24.430625,24.274801,139.345590,23.646143,148.085481,0.580727,47,5.822785
E01-20240626-24W.png,Data/Images_dataset/E01-20240626-24W.png,E01,1,E01-20240626-24W,E01,SA,SA,168,4.772,1,2835,650,RGBA,1768358,163.265834,141.007677,114.864088,21.394975,24.677022,26.292527,139.712533,24.121508,143.852194,0.564126,38,4.683544
E01-20240710-26W.png,Data/Images_dataset/E01-20240710-26W.png,E01,1,E01-20240710-26W,E01,SA,SA,182,3.044,1,2835,650,RGBA,2085799,155.782986,140.793064,97.413216,16.652073,20.091212,20.732920,131.329755,19.158735,140.847897,0.552345,32,3.924051
E01-20240724-28W.png,Data/Images_dataset/E01-20240724-28W.png,E01,1,E01-20240724-28W,E01,SA,SA,196,4.921,1,2835,650,RGBA,2230236,170.796379,145.734162,100.054076,20.942644,25.572971,26.140737,138.861539,24.218784,147.764287,0.579468,45,5.569620
E01-20240807-30W.png,Data/Images_dataset/E01-20240807-30W.png,E01,1,E01-20240807-30W,E01,SA,SA,210,4.181,1,2835,650,RGBA,2741234,201.335661,171.622438,112.467194,31.874163,36.628023,32.122325,161.808431,33.541504,173.668460,0.681053,172,21.645570
E01-20240902-33W.png,Data/Images_dataset/E01-20240902-33W.png,E01,1,E01-20240902-33W,E01,SA,SA,231,3.13,1,2835,650,RGBA,2478193,208.281256,185.517393,137.394987,25.695238,33.362851,36.196976,177.064545,31.751688,186.882553,0.732873,282,35.569620
E01-20240918-36W.png,Data/Images_dataset/E01-20240918-36W.png,E01,1,E01-20240918-36W,E01,SA,SA,252,2.707,1,2835,650,RGBA,2086629,197.505665,174.305288,118.259708,22.387558,27.514380,25.415518,163.356887,25.105819,175.191197,0.687024,185,23.291139
E02-20240110-0W.png,Data/Images_dataset/E02-20240110-0W.png,E02,1,E02-20240110-0W,E02,SA,SA,0,0.066,1,2835,650,RGBA,2363793,224.495651,210.851355,181.837194,19.901552,21.002991,21.649064,205.728067,20.851202,211.657310,0.830029,512,64.683544
E02-20240124-2W.png,Data/Images_dataset/E02-20240124-2W.png,E02,1,E02-20240124-2W,E02,SA,SA,14,0.005,1,2835,650,RGBA,2098446,239.085204,231.588881,221.719017,21.020446,23.164665,23.856107,230.797701,22.680406,232.469995,0.911647,646,81.645570
E02-20240207-4W.png,Data/Images_dataset/E02-20240207-4W.png,E02,1,E02-20240207-4W,E02,SA,SA,28,0.107,1,2835,650,RGBA,2819444,209.929761,193.314517,169.080404,28.556974,31.290363,32.885500,190.774894,30.910946,195.097215,0.765087,370,46.708861
E02-20240221-6W.png,Data/Images_dataset/E02-20240221-6W.png,E02,1,E02-20240221-6W,E02,SA,SA,42,0.073,1,2835,650,RGBA,1973602,233.347230,224.470593,213.741542,23.367548,26.785117,28.892707,223.853122,26.348457,225.583129,0.884640,593,74.936709
E02-20240306-8W.png,Data/Images_dataset/E02-20240306-8W.png,E02,1,E02-20240306-8W,E02,SA,SA,56,0.984,1,2835,650,RGBA,2324867,235.194279,224.561317,206.393523,26.368573,33.242157,37.204517,222.049706,32.271749,225.510170,0.884354,592,74.810127
E02-20240320-10W.png,Data/Images_dataset/E02-20240320-10W.png,E02,1,E02-20240320-10W,E02,SA,SA,70,2.769,1,2835,650,RGBA,2921558,229.577330,216.319069,192.393303,31.646036,41.730427,48.737118,212.763234,40.704527,217.410335,0.852590,558,70.506329
E02-20240405-12W.png,Data/Images_dataset/E02-20240405-12W.png,E02,1,E02-20240405-12W,E02,SA,SA,84,3.581,1,2835,650,RGBA,2523976,220.861794,210.245721,191.734135,32.963323,43.391720,48.976437,207.613883,41.777160,211.166161,0.828103,508,64.177215
E02-20240417-14W.png,Data/Images_dataset/E02-20240417-14W.png,E02,1,E02-20240417-14W,E02,SA,SA,98,4.15,1,2835,650,RGBA,2287952,212.252035,197.939687,165.342481,38.036380,43.370195,43.338879,191.844734,41.581818,198.628974,0.778937,405,51.139241
E02-20240508-17W.png,Data/Images_dataset/E02-20240508-17W.png,E02,1,E02-20240508-17W,E02,SA,SA,119,3.186,1,2835,650,RGBA,2757242,197.830850,185.032060,155.678833,38.730589,42.660345,41.443757,179.513914,40.944897,185.633780,0.727976,270,34.050633
E02-20240522-19W.png,Data/Images_dataset/E02-20240522-19W.png,E02,2,E02-20240522-19W,E02,SA,SA,133,6.69,2,2835,650,RGBA,2539919,185.746532,171.321476,133.247140,44.504547,47.976586,45.445853,163.438383,45.975662,171.639276,0.673095,147,18.481013
E02-20240529-20W.png,Data/Images_dataset/E02-20240529-20W.png,E02,1,E02-20240529-20W,E02,SA,SA,140,3.013,1,2835,650,RGBA,2803976,191.994033,179.061085,148.549130,30.322087,35.976168,35.480414,173.201416,33.926223,179.607667,0.704344,216,27.215190
E02-20240619-23W.png,Data/Images_dataset/E02-20240619-23W.png,E02,2,E02-20240619-23W,E02,SA,SA,161,6.32,2,2835,650,RGBA,2685346,191.566702,171.417419,123.200899,38.749039,42.172266,38.326297,162.061673,39.749201,172.219923,0.675372,156,19.620253
E02-20240626-24W.png,Data/Images_dataset/E02-20240626-24W.png,E02,2,E02-20240626-24W,E02,SA,SA,168,6.941,2,2835,650,RGBA,2487823,196.538713,171.736715,140.463866,43.900088,47.005985,44.502777,169.579765,45.136284,174.751720,0.685301,181,22.784810
E02-20240710-26W.png,Data/Images_dataset/E02-20240710-26W.png,E02,1,E02-20240710-26W,E02,SA,SA,182,4.343,1,2835,650,RGBA,2586440,188.839504,171.778380,120.526997,35.544693,38.705715,33.280672,160.381627,35.843693,171.705225,0.673354,149,18.734177
E02-20240724-28W.png,Data/Images_dataset/E02-20240724-28W.png,E02,2,E02-20240724-28W,E02,SA,SA,196,9.456,2,2835,650,RGBA,2533339,188.122140,157.754894,103.455991,38.217639,41.054983,34.556326,149.777675,37.942983,160.290590,0.628591,93,11.645570
E02-20240807-30W.png,Data/Images_dataset/E02-20240807-30W.png,E02,2,E02-20240807-30W,E02,SA,SA,210,6.552,2,2835,650,RGBA,2700954,223.994599,190.963094,120.335993,37.656746,45.298759,37.093115,178.431229,40.016206,192.886315,0.756417,342,43.164557
E02-20240902-33W.png,Data/Images_dataset/E02-20240902-33W.png,E02,2,E02-20240902-33W,E02,SA,SA,231,6.545,2,2835,650,RGBA,2810224,218.621038,190.890294,134.879311,38.136197,45.654388,41.962930,181.463548,41.917839,192.741857,0.755850,337,42.531646
E02-20240918-36W.png,Data/Images_dataset/E02-20240918-36W.png,E02,1,E02-20240918-36W,E02,SA,SA,252,3.178,1,2835,650,RGBA,2438888,213.985024,188.932830,126.867465,37.366871,40.667195,32.079520,176.595106,36.704529,189.777807,0.744227,312,39.367089
E03-20240110-0W.png,Data/Images_dataset/E03-20240110-0W.png,E03,1,E03-20240110-0W,E03,SA,SA,0,0.013,1,2835,650,RGBA,2161540,223.290011,211.808178,187.637954,14.955142,16.168422,16.523513,207.578714,15.882359,212.504126,0.833350,521,65.822785
E03-20240124-2W.png,Data/Images_dataset/E03-20240124-2W.png,E03,1,E03-20240124-2W,E03,SA,SA,14,0.004,1,2835,650,RGBA,2008076,237.360158,232.668091,227.099984,21.392896,23.025027,23.928340,232.376078,22.782088,233.263607,0.914759,653,82.531646
E03-20240207-4W.png,Data/Images_dataset/E03-20240207-4W.png,E03,1,E03-20240207-4W,E03,SA,SA,28,0.152,1,2835,650,RGBA,2753616,228.443899,217.664816,201.262162,23.941891,26.706756,29.132903,215.790292,26.593850,218.772177,0.857930,562,71.012658
E03-20240221-6W.png,Data/Images_dataset/E03-20240221-6W.png,E03,1,E03-20240221-6W,E03,SA,SA,42,0.177,1,2835,650,RGBA,1858197,238.232041,232.734051,225.247675,23.298767,27.793366,31.750791,232.071256,27.614308,233.362407,0.915147,654,82.658228
E03-20240306-8W.png,Data/Images_dataset/E03-20240306-8W.png,E03,1,E03-20240306-8W,E03,SA,SA,56,1.938,1,2835,650,RGBA,2111322,243.599347,231.019548,212.475534,20.174608,39.721446,54.206560,229.031477,38.034204,232.355135,0.911197,645,81.518987
E03-20240320-10W.png,Data/Images_dataset/E03-20240320-10W.png,E03,1,E03-20240320-10W,E03,SA,SA,70,3.923,1,2835,650,RGBA,2908515,231.006262,214.688116,190.463169,28.759857,44.924836,56.549590,212.052516,43.411427,216.408313,0.848660,550,69.493671
E03-20240405-12W.png,Data/Images_dataset/E03-20240405-12W.png,E03,2,E03-20240405-12W,E03,SA,SA,84,5.748,2,2835,650,RGBA,2589674,223.156568,209.837610,192.287784,31.911525,48.355177,57.448493,208.427321,45.905065,211.402123,0.829028,510,64.430380
E03-20240417-14W.png,Data/Images_dataset/E03-20240417-14W.png,E03,2,E03-20240417-14W,E03,SA,SA,98,7.392,2,2835,650,RGBA,2456906,209.360098,191.859174,162.625601,38.703247,48.515855,51.533588,187.948291,46.250897,193.469207,0.758703,355,44.810127
E03-20240508-17W.png,Data/Images_dataset/E03-20240508-17W.png,E03,1,E03-20240508-17W,E03,SA,SA,119,3.212,1,2835,650,RGBA,2632368,187.103655,175.153069,147.824055,45.418098,47.009715,48.086020,170.026926,46.837944,175.720609,0.689100,190,23.924051
E03-20240522-19W.png,Data/Images_dataset/E03-20240522-19W.png,E03,2,E03-20240522-19W,E03,SA,SA,133,8.434,2,2835,650,RGBA,2594860,189.776472,175.080624,141.059161,35.772553,45.420319,50.710480,168.638752,43.967784,175.748611,0.689210,191,24.050633
E03-20240529-20W.png,Data/Images_dataset/E03-20240529-20W.png,E03,2,E03-20240529-20W,E03,SA,SA,140,5.15,2,2835,650,RGBA,2862688,203.689481,187.549780,155.890095,30.601138,41.446977,46.305082,182.376452,39.451066,188.695252,0.739981,301,37.974684
E03-20240619-23W.png,Data/Images_dataset/E03-20240619-23W.png,E03,2,E03-20240619-23W,E03,SA,SA,161,8.753,2,2835,650,RGBA,2749435,201.451189,180.076257,133.512823,37.945588,47.086236,48.144635,171.680090,44.392153,181.258687,0.710818,230,28.987342
E03-20240626-24W.png,Data/Images_dataset/E03-20240626-24W.png,E03,2,E03-20240626-24W,E03,SA,SA,168,8.907,2,2835,650,RGBA,2422313,202.404866,176.096073,142.938759,35.027579,45.177012,48.389201,173.813233,42.864597,179.295365,0.703119,214,26.962025
E03-20240710-26W.png,Data/Images_dataset/E03-20240710-26W.png,E03,2,E03-20240710-26W,E03,SA,SA,182,6.632,2,2835,650,RGBA,2631783,196.251448,177.027094,126.333565,31.422081,40.679929,41.607653,166.537369,37.903221,177.454119,0.695899,202,25.443038
E03-20240724-28W.png,Data/Images_dataset/E03-20240724-28W.png,E03,2,E03-20240724-28W,E03,SA,SA,196,13.177,2,2835,650,RGBA,2612840,202.808542,170.222675,118.182220,40.831772,51.470251,49.593318,163.737812,47.298447,173.393109,0.679973,169,21.265823
E03-20240807-30W.png,Data/Images_dataset/E03-20240807-30W.png,E03,2,E03-20240807-30W,E03,SA,SA,210,9.019,2,2835,650,RGBA,3136940,227.572552,187.254890,113.286602,34.306977,50.455722,49.349876,176.038014,44.704192,190.485914,0.747004,317,40.000000
E03-20240902-33W.png,Data/Images_dataset/E03-20240902-33W.png,E03,2,E03-20240902-33W,E03,SA,SA,231,11.33,2,2835,650,RGBA,3282377,221.031057,180.823557,104.403872,37.044363,53.131464,55.236091,168.752828,48.470639,183.854170,0.720997,255,32.151899
E03-20240918-36W.png,Data/Images_dataset/E03-20240918-36W.png,E03,2,E03-20240918-36W,E03,SA,SA,252,7.367,2,2835,650,RGBA,2648467,214.907394,183.295769,122.068024,36.305715,46.220555,42.062730,173.423729,41.529667,185.595758,0.727827,268,33.797468
E04-20240110-0W.png,Data/Images_dataset/E04-20240110-0W.png,E04,1,E04-20240110-0W,E04,SA,SA,0,0,1,2835,650,RGBA,2286113,222.041453,211.182973,188.934750,15.453612,16.541869,17.121607,207.386392,16.372363,211.885164,0.830922,515,65.063291
E04-20240124-2W.png,Data/Images_dataset/E04-20240124-2W.png,E04,1,E04-20240124-2W,E04,SA,SA,14,0,1,2835,650,RGBA,1887732,243.070650,238.689709,233.773271,17.424837,20.040482,22.151714,238.511210,19.872344,239.266131,0.938299,687,86.835443
E04-20240207-4W.png,Data/Images_dataset/E04-20240207-4W.png,E04,1,E04-20240207-4W,E04,SA,SA,28,0.001,1,2835,650,RGBA,2635808,229.469050,220.260498,205.583405,22.305363,24.576227,26.519565,218.437651,24.467051,221.158550,0.867288,568,71.772152
E04-20240221-6W.png,Data/Images_dataset/E04-20240221-6W.png,E04,1,E04-20240221-6W,E04,SA,SA,42,0,1,2835,650,RGBA,1770128,237.023936,231.915323,225.341372,22.745554,25.777094,28.768566,231.426877,25.763738,232.526775,0.911870,647,81.772152
E04-20240306-8W.png,Data/Images_dataset/E04-20240306-8W.png,E04,1,E04-20240306-8W,E04,SA,SA,56,0.466,1,2835,650,RGBA,1811056,245.247099,240.245756,230.510415,15.875928,22.693040,29.605309,238.667757,22.724759,240.606150,0.943554,694,87.721519
E04-20240320-10W.png,Data/Images_dataset/E04-20240320-10W.png,E04,1,E04-20240320-10W,E04,SA,SA,70,0.826,1,2835,650,RGBA,2955839,227.141268,218.790363,202.584328,28.299503,33.381110,39.150880,216.171986,33.610498,219.395690,0.860375,563,71.139241
E04-20240405-12W.png,Data/Images_dataset/E04-20240405-12W.png,E04,1,E04-20240405-12W,E04,SA,SA,84,0.696,1,2835,650,RGBA,2361672,222.599404,220.979819,211.727650,27.334085,30.955231,35.790574,218.435624,31.359963,220.656136,0.865318,566,71.518987
E04-20240417-14W.png,Data/Images_dataset/E04-20240417-14W.png,E04,1,E04-20240417-14W,E04,SA,SA,98,0.778,1,2835,650,RGBA,2221698,199.878103,190.377239,169.211138,29.075099,30.720563,31.943325,186.488827,30.579663,190.868930,0.748506,319,40.253165
E04-20240508-17W.png,Data/Images_dataset/E04-20240508-17W.png,E04,1,E04-20240508-17W,E04,SA,SA,119,1.919,1,2835,650,RGBA,2066765,150.043941,147.264612,125.603019,51.092188,49.864895,48.620344,140.970524,49.859142,146.291530,0.573692,43,5.316456
E04-20240522-19W.png,Data/Images_dataset/E04-20240522-19W.png,E04,1,E04-20240522-19W,E04,SA,SA,133,0.829,1,2835,650,RGBA,2477426,184.911431,179.595997,152.325662,26.345077,27.559904,29.347902,172.277697,27.750961,178.757140,0.701008,212,26.708861
E04-20240529-20W.png,Data/Images_dataset/E04-20240529-20W.png,E04,1,E04-20240529-20W,E04,SA,SA,140,0.242,1,2835,650,RGBA,2442934,213.803038,205.697279,180.815311,30.506526,31.536441,31.724508,200.105209,31.255825,205.624085,0.806369,476,60.126582
E04-20240619-23W.png,Data/Images_dataset/E04-20240619-23W.png,E04,1,E04-20240619-23W,E04,SA,SA,161,3.321,1,2835,650,RGBA,2723080,205.058396,194.767921,162.848790,33.740608,40.119888,43.353627,187.558369,39.071374,194.651115,0.763338,366,46.202532
E04-20240626-24W.png,Data/Images_dataset/E04-20240626-24W.png,E04,1,E04-20240626-24W,E04,SA,SA,168,4.566,1,2835,650,RGBA,1900479,215.862564,197.545324,181.386749,34.007356,42.605355,47.906873,198.264879,41.506528,200.272920,0.785384,419,52.911392
E04-20240710-26W.png,Data/Images_dataset/E04-20240710-26W.png,E04,1,E04-20240710-26W,E04,SA,SA,182,2.739,1,2835,650,RGBA,2693390,197.249072,185.286805,145.899400,28.514106,35.291524,36.738677,176.145092,33.514769,184.986212,0.725436,265,33.417722
E04-20240724-28W.png,Data/Images_dataset/E04-20240724-28W.png,E04,2,E04-20240724-28W,E04,SA,SA,196,6.245,2,2835,650,RGBA,2129188,209.330544,185.422665,138.173830,31.850596,40.457473,39.940505,177.642346,37.416191,187.094114,0.733702,285,35.949367
E04-20240807-30W.png,Data/Images_dataset/E04-20240807-30W.png,E04,2,E04-20240807-30W,E04,SA,SA,210,5.742,2,2835,650,RGBA,2834310,226.572640,199.430437,147.491616,35.296774,48.833358,56.760645,191.164897,46.963592,201.450886,0.790003,434,54.810127
E04-20240902-33W.png,Data/Images_dataset/E04-20240902-33W.png,E04,2,E04-20240902-33W,E04,SA,SA,231,6.776,2,2835,650,RGBA,3022284,224.525648,201.574844,145.464246,35.759768,50.129089,55.843266,190.521579,47.244041,202.402999,0.793737,446,56.329114
E04-20240918-36W.png,Data/Images_dataset/E04-20240918-36W.png,E04,1,E04-20240918-36W,E04,SA,SA,252,3.274,1,2835,650,RGBA,2270758,219.727754,196.699193,141.453792,28.362861,37.097594,36.428408,185.960246,33.962955,197.606347,0.774927,395,49.873418
E05-20240110-0W.png,Data/Images_dataset/E05-20240110-0W.png,E05,1,E05-20240110-0W,E05,SA,SA,0,0.037,1,2835,650,RGBA,2481710,199.584069,184.430427,158.034628,21.081481,21.573781,20.771149,180.683041,21.142137,185.746315,0.728417,271,34.177215
E05-20240124-2W.png,Data/Images_dataset/E05-20240124-2W.png,E05,1,E05-20240124-2W,E05,SA,SA,14,0,1,2835,650,RGBA,2135728,233.390226,226.017464,217.445803,20.249299,22.093492,22.983825,225.617831,21.775538,226.966039,0.890063,603,76.202532
E05-20240207-4W.png,Data/Images_dataset/E05-20240207-4W.png,E05,1,E05-20240207-4W,E05,SA,SA,28,0.016,1,2835,650,RGBA,2699883,198.117489,184.096896,163.636369,26.350006,28.288036,28.950692,181.950251,27.862911,185.600424,0.727845,269,33.924051
E05-20240221-6W.png,Data/Images_dataset/E05-20240221-6W.png,E05,1,E05-20240221-6W,E05,SA,SA,42,0.021,1,2835,650,RGBA,2155576,218.188014,207.480503,196.455939,26.433232,29.424399,31.811307,207.374818,29.222980,208.960946,0.819455,497,62.784810
E05-20240306-8W.png,Data/Images_dataset/E05-20240306-8W.png,E05,1,E05-20240306-8W,E05,SA,SA,56,0.178,1,2835,650,RGBA,2133811,231.000179,223.271865,208.773621,24.573076,28.749062,31.451386,221.015222,28.257841,223.868132,0.877914,586,74.050633
E05-20240320-10W.png,Data/Images_dataset/E05-20240320-10W.png,E05,1,E05-20240320-10W,E05,SA,SA,70,0.837,1,2835,650,RGBA,2871619,211.881630,200.276734,181.092068,30.006131,35.185041,40.139894,197.750144,35.110355,201.358802,0.789642,431,54.430380
E05-20240405-12W.png,Data/Images_dataset/E05-20240405-12W.png,E05,1,E05-20240405-12W,E05,SA,SA,84,0.676,1,2835,650,RGBA,2527882,207.667330,201.554241,189.323537,30.010666,35.229170,40.564601,199.515036,35.268146,201.970827,0.792042,437,55.189873
E05-20240417-14W.png,Data/Images_dataset/E05-20240417-14W.png,E05,1,E05-20240417-14W,E05,SA,SA,98,2.05,1,2835,650,RGBA,2452060,192.950244,181.775683,156.860966,34.260538,37.172511,38.000146,177.195631,36.477732,182.352552,0.715108,242,30.506329
E05-20240508-17W.png,Data/Images_dataset/E05-20240508-17W.png,E05,1,E05-20240508-17W,E05,SA,SA,119,1.889,1,2835,650,RGBA,2385500,139.828107,136.158106,115.424762,29.821544,29.937117,30.035101,130.470325,29.931254,135.441401,0.531143,23,2.784810
E05-20240522-19W.png,Data/Images_dataset/E05-20240522-19W.png,E05,1,E05-20240522-19W,E05,SA,SA,133,2.96,1,2835,650,RGBA,2627169,171.623100,162.166304,135.341692,36.468927,39.786731,41.728379,156.377032,39.328012,162.240082,0.636236,99,12.405063
E05-20240529-20W.png,Data/Images_dataset/E05-20240529-20W.png,E05,1,E05-20240529-20W,E05,SA,SA,140,2.119,1,2835,650,RGBA,2561785,207.278426,191.942565,163.055787,30.186138,34.444866,35.088916,187.425593,33.239973,193.117344,0.757323,348,43.924051
E05-20240619-23W.png,Data/Images_dataset/E05-20240619-23W.png,E05,1,E05-20240619-23W,E05,SA,SA,161,2.133,1,2835,650,RGBA,2576721,177.454766,167.475385,130.632129,29.600670,32.262751,32.093550,158.520760,31.318990,166.936918,0.654655,120,15.063291
E05-20240626-24W.png,Data/Images_dataset/E05-20240626-24W.png,E05,1,E05-20240626-24W,E05,SA,SA,168,3.614,1,2835,650,RGBA,2074515,184.308311,167.418158,140.402815,34.070192,36.462210,35.472617,164.043094,35.335006,169.058496,0.662974,134,16.835443
E05-20240710-26W.png,Data/Images_dataset/E05-20240710-26W.png,E05,1,E05-20240710-26W,E05,SA,SA,182,1.697,1,2835,650,RGBA,2498009,175.452843,165.526653,125.141970,28.875231,31.288225,29.139330,155.373822,29.767595,164.721187,0.645965,113,14.177215
E05-20240724-28W.png,Data/Images_dataset/E05-20240724-28W.png,E05,1,E05-20240724-28W,E05,SA,SA,196,4.77,1,2835,650,RGBA,2314272,175.174057,154.136545,109.781998,28.637886,31.911095,29.799664,146.364200,30.116215,155.406722,0.609438,75,9.367089
E05-20240807-30W.png,Data/Images_dataset/E05-20240807-30W.png,E05,1,E05-20240807-30W,E05,SA,SA,210,3.563,1,2835,650,RGBA,2733678,192.057216,175.072326,138.074467,31.590631,35.887539,34.929358,168.401336,34.135843,176.012068,0.690243,192,24.177215
E05-20240902-33W.png,Data/Images_dataset/E05-20240902-33W.png,E05,1,E05-20240902-33W,E05,SA,SA,231,2.646,1,2835,650,RGBA,2648369,215.978453,196.118863,141.449000,28.322574,36.231329,38.636116,184.515439,34.396673,196.393847,0.770172,386,48.734177
E05-20240918-36W.png,Data/Images_dataset/E05-20240918-36W.png,E05,1,E05-20240918-36W,E05,SA,SA,252,2.385,1,2835,650,RGBA,2563137,199.314015,181.762810,131.168368,31.150110,34.406138,30.851225,170.748398,32.135824,181.841278,0.713103,238,30.000000
E06-20240110-0W.png,Data/Images_dataset/E06-20240110-0W.png,E06,1,E06-20240110-0W,E06,SA,SA,0,0.035,1,2835,650,RGBA,2381411,234.376567,219.844898,194.392004,20.092509,22.097907,22.944479,216.204490,21.711632,221.096632,0.867046,567,71.645570
E06-20240124-2W.png,Data/Images_dataset/E06-20240124-2W.png,E06,1,E06-20240124-2W,E06,SA,SA,14,0,1,2835,650,RGBA,2104974,242.945866,237.423469,229.347631,18.415126,21.651792,23.494582,236.572322,21.187167,238.014455,0.933390,681,86.075949
E06-20240207-4W.png,Data/Images_dataset/E06-20240207-4W.png,E06,1,E06-20240207-4W,E06,SA,SA,28,0.003,1,2835,650,RGBA,2688837,223.783884,211.123679,188.329436,25.164417,26.835394,27.076049,207.745667,26.358620,212.169495,0.832037,516,65.189873
E06-20240221-6W.png,Data/Images_dataset/E06-20240221-6W.png,E06,1,E06-20240221-6W,E06,SA,SA,42,0.001,1,2835,650,RGBA,1959675,236.330257,229.390529,219.145807,23.927338,26.846302,28.597715,228.288864,26.457118,230.126246,0.902456,625,78.987342
E06-20240306-8W.png,Data/Images_dataset/E06-20240306-8W.png,E06,1,E06-20240306-8W,E06,SA,SA,56,0.022,1,2835,650,RGBA,2213821,238.674891,233.196221,219.433806,22.382845,24.977061,26.438970,230.434973,24.599625,233.367340,0.915166,655,82.784810
E06-20240320-10W.png,Data/Images_dataset/E06-20240320-10W.png,E06,1,E06-20240320-10W,E06,SA,SA,70,0.035,1,2835,650,RGBA,2824361,230.385739,222.569666,206.171519,27.696428,29.858859,31.007782,219.708975,29.521023,223.047417,0.874696,582,73.544304
E06-20240405-12W.png,Data/Images_dataset/E06-20240405-12W.png,E06,1,E06-20240405-12W,E06,SA,SA,84,0.055,1,2835,650,RGBA,2195286,209.996629,206.917462,196.776695,26.729452,26.931026,27.338378,204.563596,26.999619,206.839930,0.811137,481,60.759494
E06-20240417-14W.png,Data/Images_dataset/E06-20240417-14W.png,E06,1,E06-20240417-14W,E06,SA,SA,98,0.07,1,2835,650,RGBA,2204408,192.151508,182.914519,158.847590,27.381745,27.575370,26.844836,177.971206,27.267317,183.140670,0.718199,251,31.645570
E06-20240508-17W.png,Data/Images_dataset/E06-20240508-17W.png,E06,1,E06-20240508-17W,E06,SA,SA,119,0.091,1,2835,650,RGBA,2410865,157.808007,154.429152,132.775132,28.665770,27.695642,26.876531,148.337430,27.745981,153.584076,0.602290,64,7.974684
E06-20240522-19W.png,Data/Images_dataset/E06-20240522-19W.png,E06,1,E06-20240522-19W,E06,SA,SA,133,2.397,1,2835,650,RGBA,2687457,173.664129,165.477434,136.623013,35.097742,37.499258,37.288553,158.588192,36.628518,165.134636,0.647587,115,14.430380
E06-20240529-20W.png,Data/Images_dataset/E06-20240529-20W.png,E06,1,E06-20240529-20W,E06,SA,SA,140,1.154,1,2835,650,RGBA,2567922,203.863899,193.567571,166.613462,31.289354,32.286226,31.455783,188.014977,31.677121,193.810483,0.760041,357,45.063291
E06-20240619-23W.png,Data/Images_dataset/E06-20240619-23W.png,E06,1,E06-20240619-23W,E06,SA,SA,161,2.134,1,2835,650,RGBA,2799183,188.372447,175.078612,133.776156,32.181893,34.272737,32.545505,165.742405,33.000045,174.922844,0.685972,183,23.037975
E06-20240626-24W.png,Data/Images_dataset/E06-20240626-24W.png,E06,1,E06-20240626-24W,E06,SA,SA,168,3.537,1,2835,650,RGBA,2592897,170.406979,151.815937,125.681163,30.746928,33.124783,32.279689,149.301360,32.050466,153.881462,0.603457,65,8.101266
E06-20240710-26W.png,Data/Images_dataset/E06-20240710-26W.png,E06,1,E06-20240710-26W,E06,SA,SA,182,2.016,1,2835,650,RGBA,3032996,179.255564,168.718594,125.263107,33.392260,35.690691,32.524327,157.745755,33.869092,167.821268,0.658123,125,15.696203
E06-20240724-28W.png,Data/Images_dataset/E06-20240724-28W.png,E06,1,E06-20240724-28W,E06,SA,SA,196,3.536,1,2835,650,RGBA,2575698,179.683061,157.294076,109.746376,27.216367,29.953435,27.231385,148.907838,28.133729,158.621031,0.622043,84,10.506329
E06-20240807-30W.png,Data/Images_dataset/E06-20240807-30W.png,E06,1,E06-20240807-30W,E06,SA,SA,210,2.163,1,2835,650,RGBA,2827146,199.204447,181.099964,138.334464,30.582511,34.276509,31.883384,172.879625,32.247468,181.861308,0.713182,239,30.126582
E06-20240902-33W.png,Data/Images_dataset/E06-20240902-33W.png,E06,1,E06-20240902-33W,E06,SA,SA,231,4.323,1,2835,650,RGBA,2578552,212.374971,190.620252,140.718744,31.754983,38.733704,38.119217,181.237989,36.202635,191.642416,0.751539,330,41.645570
E06-20240918-36W.png,Data/Images_dataset/E06-20240918-36W.png,E06,1,E06-20240918-36W,E06,SA,SA,252,2.638,1,2835,650,RGBA,2510733,201.444651,180.596404,124.372105,27.865046,31.540537,26.744037,168.804387,28.716540,180.969347,0.709684,224,28.227848
F01-20240110-0W.png,Data/Images_dataset/F01-20240110-0W.png,F01,1,F01-20240110-0W,F01,SA,SA,0,0,1,2835,650,RGBA,2292903,220.751899,202.948387,168.929036,14.762189,16.857363,18.648165,197.543107,16.755906,204.277216,0.801087,462,58.354430
F01-20240124-2W.png,Data/Images_dataset/F01-20240124-2W.png,F01,1,F01-20240124-2W,F01,SA,SA,14,0,1,2835,650,RGBA,2073218,227.834759,214.361817,199.411730,18.659644,19.826686,20.301883,213.869435,19.596071,216.146768,0.847634,546,68.987342
F01-20240207-4W.png,Data/Images_dataset/F01-20240207-4W.png,F01,1,F01-20240207-4W,F01,SA,SA,28,0.001,1,2835,650,RGBA,2781065,189.895248,169.101564,139.726303,22.666459,23.577159,24.179780,166.241038,23.474466,171.401407,0.672162,146,18.354430
F01-20240221-6W.png,Data/Images_dataset/F01-20240221-6W.png,F01,1,F01-20240221-6W,F01,SA,SA,42,0,1,2835,650,RGBA,2039005,215.572358,197.885595,180.376600,20.886574,21.970967,22.551753,197.944851,21.803098,200.381652,0.785810,420,53.037975
F01-20240306-8W.png,Data/Images_dataset/F01-20240306-8W.png,F01,1,F01-20240306-8W,F01,SA,SA,56,0,1,2835,650,RGBA,1755631,243.711803,239.293127,230.870787,15.559565,19.828688,25.985924,237.958572,20.458059,239.624445,0.939704,690,87.215190
F01-20240320-10W.png,Data/Images_dataset/F01-20240320-10W.png,F01,1,F01-20240320-10W,F01,SA,SA,70,0.106,1,2835,650,RGBA,2582159,228.067959,221.268898,208.152205,23.540763,27.589640,33.443080,219.163020,28.191161,221.767353,0.869676,573,72.405063
F01-20240405-12W.png,Data/Images_dataset/F01-20240405-12W.png,F01,1,F01-20240405-12W,F01,SA,SA,84,0.027,1,2835,650,RGBA,2477591,220.224866,217.172931,207.603611,25.916278,29.466872,33.872170,215.000469,29.751773,217.130868,0.851494,556,70.253165
F01-20240417-14W.png,Data/Images_dataset/F01-20240417-14W.png,F01,1,F01-20240417-14W,F01,SA,SA,98,0.317,1,2835,650,RGBA,2056884,201.328465,192.961518,170.671395,31.331957,34.039491,36.456037,188.320459,33.942495,193.130984,0.757376,349,44.050633
F01-20240508-17W.png,Data/Images_dataset/F01-20240508-17W.png,F01,1,F01-20240508-17W,F01,SA,SA,119,0.12,1,2835,650,RGBA,2437649,167.992400,166.717989,145.517480,29.125633,31.888560,31.298166,160.075956,30.770787,165.458252,0.648856,116,14.556962
F01-20240522-19W.png,Data/Images_dataset/F01-20240522-19W.png,F01,1,F01-20240522-19W,F01,SA,SA,133,0.706,1,2835,650,RGBA,2530321,187.487467,181.784937,157.263753,40.862783,43.140284,44.570592,175.512052,42.857886,181.226865,0.710694,228,28.734177
F01-20240529-20W.png,Data/Images_dataset/F01-20240529-20W.png,F01,1,F01-20240529-20W,F01,SA,SA,140,0.129,1,2835,650,RGBA,2435472,181.492325,174.024165,150.271116,30.898697,29.258657,27.922695,168.595869,29.360016,173.896926,0.681949,175,22.025316
F01-20240619-23W.png,Data/Images_dataset/F01-20240619-23W.png,F01,1,F01-20240619-23W,F01,SA,SA,161,0.873,1,2835,650,RGBA,2552696,176.073366,164.968066,126.362727,30.476026,31.027639,29.846407,155.801386,30.450024,164.541747,0.645262,110,13.797468
F01-20240626-24W.png,Data/Images_dataset/F01-20240626-24W.png,F01,1,F01-20240626-24W,F01,SA,SA,168,1.008,1,2835,650,RGBA,1905699,203.718114,190.558876,165.170555,36.126605,39.255254,40.272346,186.482515,38.551402,191.523493,0.751073,329,41.518987
F01-20240710-26W.png,Data/Images_dataset/F01-20240710-26W.png,F01,1,F01-20240710-26W,F01,SA,SA,182,0.9,1,2835,650,RGBA,2588773,175.722168,168.066555,125.377320,33.979204,36.057285,33.312579,156.388681,34.449689,166.611976,0.653380,118,14.810127
F01-20240724-28W.png,Data/Images_dataset/F01-20240724-28W.png,F01,1,F01-20240724-28W,F01,SA,SA,196,3.231,1,2835,650,RGBA,2444265,179.604733,159.756058,113.908020,27.434441,30.841824,30.165024,151.089604,29.480430,160.665658,0.630061,96,12.025316
F01-20240807-30W.png,Data/Images_dataset/F01-20240807-30W.png,F01,1,F01-20240807-30W,F01,SA,SA,210,1.697,1,2835,650,RGBA,2698525,194.928451,174.710898,129.055120,28.944101,30.358575,30.575467,166.231490,29.959381,175.712803,0.689070,189,23.797468
F01-20240902-33W.png,Data/Images_dataset/F01-20240902-33W.png,F01,1,F01-20240902-33W,F01,SA,SA,231,1.648,1,2835,650,RGBA,2849897,217.079938,196.919975,138.795800,27.207799,34.240737,41.480834,184.265238,34.309790,197.009418,0.772586,391,49.367089
F01-20240918-36W.png,Data/Images_dataset/F01-20240918-36W.png,F01,1,F01-20240918-36W,F01,SA,SA,252,1.132,1,2835,650,RGBA,2272843,209.457701,193.007051,141.932783,24.831357,29.576337,30.081234,181.465845,28.162976,192.816897,0.756145,340,42.911392
F02-20240110-0W.png,Data/Images_dataset/F02-20240110-0W.png,F02,1,F02-20240110-0W,F02,SA,SA,0,0,1,2835,650,RGBA,2320782,234.973019,222.462248,195.243162,12.158712,13.736019,15.409139,217.559476,13.767956,223.156820,0.875125,583,73.670886
F02-20240124-2W.png,Data/Images_dataset/F02-20240124-2W.png,F02,1,F02-20240124-2W,F02,SA,SA,14,0,1,2835,650,RGBA,2187350,235.401151,226.612858,215.418010,18.389326,21.111372,22.554398,225.810673,20.685032,227.672981,0.892835,614,77.594937
F02-20240207-4W.png,Data/Images_dataset/F02-20240207-4W.png,F02,1,F02-20240207-4W,F02,SA,SA,28,0,1,2835,650,RGBA,2636036,201.592660,183.071180,155.457543,21.569632,22.218121,22.529669,180.040461,22.105808,185.015142,0.725550,267,33.670886
F02-20240221-6W.png,Data/Images_dataset/F02-20240221-6W.png,F02,1,F02-20240221-6W,F02,SA,SA,42,0,1,2835,650,RGBA,1792000,231.974272,221.211159,209.058541,18.511953,21.097970,22.390554,220.747990,20.666825,222.621978,0.873027,580,73.291139
F02-20240306-8W.png,Data/Images_dataset/F02-20240306-8W.png,F02,1,F02-20240306-8W,F02,SA,SA,56,0.027,1,2835,650,RGBA,2023891,247.706925,243.384338,233.022253,12.402815,14.409319,16.059156,241.371172,14.290430,243.555178,0.955118,710,89.746835
F02-20240320-10W.png,Data/Images_dataset/F02-20240320-10W.png,F02,1,F02-20240320-10W,F02,SA,SA,70,0.059,1,2835,650,RGBA,2696712,219.899523,208.789974,190.281580,26.078007,28.465387,30.358289,206.323692,28.300561,209.815558,0.822806,502,63.417722
F02-20240405-12W.png,Data/Images_dataset/F02-20240405-12W.png,F02,1,F02-20240405-12W,F02,SA,SA,84,0.152,1,2835,650,RGBA,2389706,207.028332,202.001674,189.680791,24.761465,25.438256,26.319482,199.570266,25.506401,202.180774,0.792866,442,55.822785
F02-20240417-14W.png,Data/Images_dataset/F02-20240417-14W.png,F02,1,F02-20240417-14W,F02,SA,SA,98,0.205,1,2835,650,RGBA,2276931,199.824134,189.617274,166.408336,24.735671,25.184899,25.024761,185.283248,24.981777,190.111567,0.745536,313,39.493671
F02-20240508-17W.png,Data/Images_dataset/F02-20240508-17W.png,F02,1,F02-20240508-17W,F02,SA,SA,119,0.636,1,2835,650,RGBA,2262062,185.467427,180.390764,158.234459,31.592562,34.513608,32.987487,174.697550,33.031219,179.870377,0.705374,220,27.721519
F02-20240522-19W.png,Data/Images_dataset/F02-20240522-19W.png,F02,1,F02-20240522-19W,F02,SA,SA,133,1.627,1,2835,650,RGBA,2381261,201.305861,195.045649,172.774231,36.436088,40.118205,43.500166,189.708580,40.018153,194.768573,0.763798,367,46.329114
F02-20240529-20W.png,Data/Images_dataset/F02-20240529-20W.png,F02,1,F02-20240529-20W,F02,SA,SA,140,0.3,1,2835,650,RGBA,2386036,203.490515,193.008176,163.450585,31.538094,31.236114,30.139288,186.649759,30.971165,193.102663,0.757265,347,43.797468
F02-20240619-23W.png,Data/Images_dataset/F02-20240619-23W.png,F02,1,F02-20240619-23W,F02,SA,SA,161,3.719,1,2835,650,RGBA,2566498,184.128915,171.097612,130.413516,32.877415,35.589674,34.716314,161.880014,34.394468,170.930675,0.670316,144,18.101266
F02-20240626-24W.png,Data/Images_dataset/F02-20240626-24W.png,F02,1,F02-20240626-24W,F02,SA,SA,168,4.85,1,2835,650,RGBA,2131141,205.697920,187.256601,154.286743,39.125404,45.543433,47.057418,182.413754,43.908752,188.796801,0.740380,302,38.101266
F02-20240710-26W.png,Data/Images_dataset/F02-20240710-26W.png,F02,2,F02-20240710-26W,F02,SA,SA,182,6.675,2,2835,650,RGBA,2389129,176.558443,164.609303,119.547070,37.611671,41.979749,38.408089,153.571606,39.333170,163.896197,0.642730,105,13.164557
F02-20240724-28W.png,Data/Images_dataset/F02-20240724-28W.png,F02,2,F02-20240724-28W,F02,SA,SA,196,6.941,2,2835,650,RGBA,2095474,186.316297,162.416820,111.237966,31.253517,36.194494,33.059911,153.323694,33.502640,163.802735,0.642364,104,13.037975
F02-20240807-30W.png,Data/Images_dataset/F02-20240807-30W.png,F02,1,F02-20240807-30W,F02,SA,SA,210,4.151,1,2835,650,RGBA,3046201,206.081737,182.614250,134.010628,31.841720,37.943888,35.746489,174.235538,35.177366,184.094256,0.721938,257,32.405063
F02-20240902-33W.png,Data/Images_dataset/F02-20240902-33W.png,F02,2,F02-20240902-33W,F02,SA,SA,231,5.736,2,2835,650,RGBA,2302003,221.540562,201.520253,154.549828,33.246327,44.908084,48.161681,192.536881,42.105364,202.385306,0.793668,445,56.202532
F02-20240918-36W.png,Data/Images_dataset/F02-20240918-36W.png,F02,1,F02-20240918-36W,F02,SA,SA,252,3.389,1,2835,650,RGBA,1982447,214.319770,190.613862,132.742848,30.124611,35.526904,32.250274,179.225493,32.633930,191.475451,0.750884,327,41.265823
F03-20240110-0W.png,Data/Images_dataset/F03-20240110-0W.png,F03,1,F03-20240110-0W,F03,SA,SA,0,0.037,1,2835,650,RGBA,2074062,241.397010,231.908964,208.709499,13.881580,16.072437,17.880078,227.338491,15.944698,232.251122,0.910789,642,81.139241
F03-20240124-2W.png,Data/Images_dataset/F03-20240124-2W.png,F03,1,F03-20240124-2W,F03,SA,SA,14,0,1,2835,650,RGBA,1928753,243.315318,237.757124,230.776491,17.313527,19.944776,21.723580,237.282978,19.660628,238.434794,0.935038,683,86.329114
F03-20240207-4W.png,Data/Images_dataset/F03-20240207-4W.png,F03,1,F03-20240207-4W,F03,SA,SA,28,0.035,1,2835,650,RGBA,2701471,225.447124,213.087816,192.137439,22.246444,24.300763,26.645992,210.224126,24.397733,214.202788,0.840011,534,67.468354
F03-20240221-6W.png,Data/Images_dataset/F03-20240221-6W.png,F03,1,F03-20240221-6W,F03,SA,SA,42,0.041,1,2835,650,RGBA,1759427,241.748629,234.450108,224.399624,17.808420,24.319947,32.215055,233.532787,24.781141,235.276129,0.922651,669,84.556962
F03-20240306-8W.png,Data/Images_dataset/F03-20240306-8W.png,F03,1,F03-20240306-8W,F03,SA,SA,56,1.882,1,2835,650,RGBA,2041546,248.224277,234.158044,212.062966,14.141236,35.642927,54.219087,231.481762,34.667750,235.553260,0.923738,672,84.936709
F03-20240320-10W.png,Data/Images_dataset/F03-20240320-10W.png,F03,1,F03-20240320-10W,F03,SA,SA,70,2.883,1,2835,650,RGBA,2573123,237.280615,220.408018,194.878123,20.250090,38.427207,54.308913,217.522252,37.662070,222.151874,0.871184,577,72.911392
F03-20240405-12W.png,Data/Images_dataset/F03-20240405-12W.png,F03,1,F03-20240405-12W,F03,SA,SA,84,3.877,1,2835,650,RGBA,2364527,216.386707,202.900518,184.747588,23.896165,38.141492,49.232580,201.344938,37.090079,204.457040,0.801792,466,58.860759
F03-20240417-14W.png,Data/Images_dataset/F03-20240417-14W.png,F03,1,F03-20240417-14W,F03,SA,SA,98,4.413,1,2835,650,RGBA,2267593,204.796389,187.715166,155.942216,28.090708,36.825992,42.177123,182.817924,35.697941,189.052627,0.741383,307,38.734177
F03-20240508-17W.png,Data/Images_dataset/F03-20240508-17W.png,F03,1,F03-20240508-17W,F03,SA,SA,119,4.708,1,2835,650,RGBA,2401446,196.138617,181.077452,147.105430,26.082776,33.792730,37.852874,174.773833,32.576127,181.826676,0.713046,237,29.873418
F03-20240522-19W.png,Data/Images_dataset/F03-20240522-19W.png,F03,1,F03-20240522-19W,F03,SA,SA,133,3.589,1,2835,650,RGBA,2382416,214.836659,201.458027,170.856448,42.196873,50.178832,59.241568,195.717045,50.539091,202.092890,0.792521,441,55.696203
F03-20240529-20W.png,Data/Images_dataset/F03-20240529-20W.png,F03,1,F03-20240529-20W,F03,SA,SA,140,4.948,1,2835,650,RGBA,2298053,189.754868,178.058685,149.484865,43.805805,43.314424,41.776696,172.432806,42.965642,178.482263,0.699930,210,26.455696
F03-20240619-23W.png,Data/Images_dataset/F03-20240619-23W.png,F03,1,F03-20240619-23W,F03,SA,SA,161,4.186,1,2835,650,RGBA,2557896,205.751897,187.055658,139.507944,31.025687,36.830985,39.255257,177.438500,35.703976,187.597534,0.735677,295,37.215190
F03-20240626-24W.png,Data/Images_dataset/F03-20240626-24W.png,F03,2,F03-20240626-24W,F03,SA,SA,168,7.125,2,2835,650,RGBA,1609228,197.897050,177.601338,148.121706,40.676947,47.267229,50.677681,174.540031,46.207286,179.787777,0.705050,219,27.594937
F03-20240710-26W.png,Data/Images_dataset/F03-20240710-26W.png,F03,2,F03-20240710-26W,F03,SA,SA,182,6.694,2,2835,650,RGBA,2250781,189.266031,173.046632,125.540126,33.892784,40.937577,40.186719,162.617596,38.339027,173.064906,0.678686,163,20.506329
F03-20240724-28W.png,Data/Images_dataset/F03-20240724-28W.png,F03,2,F03-20240724-28W,F03,SA,SA,196,5.853,2,2835,650,RGBA,2090446,207.359271,178.847415,127.425834,27.107810,36.468993,37.873580,171.210840,33.816794,181.196397,0.710574,226,28.481013
F03-20240807-30W.png,Data/Images_dataset/F03-20240807-30W.png,F03,2,F03-20240807-30W,F03,SA,SA,210,5.033,2,2835,650,RGBA,3390481,220.084004,190.829124,131.812357,31.820509,42.725588,46.552346,180.908495,40.366148,192.787701,0.756030,339,42.784810
F03-20240902-33W.png,Data/Images_dataset/F03-20240902-33W.png,F03,2,F03-20240902-33W,F03,SA,SA,231,6.464,2,2835,650,RGBA,2617006,229.030104,200.907338,133.886566,29.424781,46.244980,54.795175,187.941336,43.488312,202.047339,0.792343,439,55.443038
F03-20240918-36W.png,Data/Images_dataset/F03-20240918-36W.png,F03,1,F03-20240918-36W,F03,SA,SA,252,4.206,1,2835,650,RGBA,2050794,218.496716,194.174103,138.208249,26.816341,36.508175,36.889543,183.626356,33.404686,195.304356,0.765899,372,46.962025
F04-20240110-0W.png,Data/Images_dataset/F04-20240110-0W.png,F04,1,F04-20240110-0W,F04,SA,SA,0,0.037,1,2835,650,RGBA,2197442,239.455664,230.997249,208.386870,14.572071,16.330596,17.706591,226.279927,16.203086,231.163039,0.906522,632,79.873418
F04-20240124-2W.png,Data/Images_dataset/F04-20240124-2W.png,F04,1,F04-20240124-2W,F04,SA,SA,14,0.048,1,2835,650,RGBA,2074144,238.195037,232.060462,225.661058,21.962264,25.477729,27.732928,231.972185,25.057640,232.902635,0.913344,651,82.278481
F04-20240207-4W.png,Data/Images_dataset/F04-20240207-4W.png,F04,1,F04-20240207-4W,F04,SA,SA,28,0.122,1,2835,650,RGBA,2666541,217.313640,207.298885,191.640838,28.534596,31.143544,33.487089,205.417788,31.055076,208.297511,0.816853,491,62.025316
F04-20240221-6W.png,Data/Images_dataset/F04-20240221-6W.png,F04,1,F04-20240221-6W,F04,SA,SA,42,0.001,1,2835,650,RGBA,1632164,238.005603,232.928977,227.548245,22.187947,26.995654,30.811799,232.827608,26.665133,233.619779,0.916156,658,83.164557
F04-20240306-8W.png,Data/Images_dataset/F04-20240306-8W.png,F04,1,F04-20240306-8W,F04,SA,SA,56,0.698,1,2835,650,RGBA,1906093,244.647305,237.063760,225.348881,18.488271,30.737968,40.658715,235.686649,29.961651,237.830207,0.932667,679,85.822785
F04-20240320-10W.png,Data/Images_dataset/F04-20240320-10W.png,F04,2,F04-20240320-10W,F04,SA,SA,70,5.076,2,2835,650,RGBA,2785491,228.573178,209.988652,186.074600,28.257324,46.766030,60.118222,208.212143,45.047192,212.213128,0.832208,519,65.569620
F04-20240405-12W.png,Data/Images_dataset/F04-20240405-12W.png,F04,2,F04-20240405-12W,F04,SA,SA,84,6.984,2,2835,650,RGBA,2706857,207.022728,191.746357,172.638334,30.359360,46.493137,57.235288,190.469140,44.695928,193.614514,0.759273,356,44.936709
F04-20240417-14W.png,Data/Images_dataset/F04-20240417-14W.png,F04,2,F04-20240417-14W,F04,SA,SA,98,9.464,2,2835,650,RGBA,2375256,190.269744,170.565250,140.107248,36.807405,46.180094,49.474620,166.980747,44.154040,172.555358,0.676688,160,20.126582
F04-20240508-17W.png,Data/Images_dataset/F04-20240508-17W.png,F04,2,F04-20240508-17W,F04,SA,SA,119,8.983,2,2835,650,RGBA,2409045,188.232555,172.426657,139.592470,37.110911,47.159029,51.152423,166.750561,45.140788,173.416362,0.680064,170,21.392405
F04-20240522-19W.png,Data/Images_dataset/F04-20240522-19W.png,F04,2,F04-20240522-19W,F04,SA,SA,133,6.765,2,2835,650,RGBA,2475135,214.784518,194.846363,156.190358,34.232607,47.436462,54.231047,188.607079,45.300038,196.294251,0.769781,384,48.481013
F04-20240529-20W.png,Data/Images_dataset/F04-20240529-20W.png,F04,2,F04-20240529-20W,F04,SA,SA,140,7.543,2,2835,650,RGBA,2585302,190.197713,175.289764,145.644275,30.910431,42.096773,46.996656,170.377250,40.001286,176.318789,0.691446,193,24.303797
F04-20240619-23W.png,Data/Images_dataset/F04-20240619-23W.png,F04,2,F04-20240619-23W,F04,SA,SA,161,9.828,2,2835,650,RGBA,2734184,193.523985,173.694225,129.175452,35.925680,46.519374,49.612242,165.464554,44.019099,174.695777,0.685081,180,22.658228
F04-20240626-24W.png,Data/Images_dataset/F04-20240626-24W.png,F04,2,F04-20240626-24W,F04,SA,SA,168,11.835,2,2835,650,RGBA,2293907,189.598347,165.445655,131.093144,32.995470,44.768288,48.323286,162.045715,42.029014,168.100266,0.659217,127,15.949367
F04-20240710-26W.png,Data/Images_dataset/F04-20240710-26W.png,F04,2,F04-20240710-26W,F04,SA,SA,182,10.881,2,2835,650,RGBA,2549720,172.284331,153.701862,108.812599,32.574579,40.475290,39.235540,144.932930,37.428470,154.411490,0.605535,71,8.860759
F04-20240724-28W.png,Data/Images_dataset/F04-20240724-28W.png,F04,2,F04-20240724-28W,F04,SA,SA,196,12.656,2,2835,650,RGBA,2385927,196.689442,164.407025,113.735477,35.852322,45.785193,43.010503,158.277315,41.549339,167.611781,0.657301,124,15.569620
F04-20240807-30W.png,Data/Images_dataset/F04-20240807-30W.png,F04,2,F04-20240807-30W,F04,SA,SA,210,10.801,2,2835,650,RGBA,2937264,223.185576,186.341579,122.904964,38.279446,55.173716,57.584338,177.477373,50.345834,189.594489,0.743508,311,39.240506
F04-20240902-33W.png,Data/Images_dataset/F04-20240902-33W.png,F04,2,F04-20240902-33W,F04,SA,SA,231,9.888,2,2835,650,RGBA,3159585,210.277824,179.562446,132.757762,40.199003,50.982588,50.247640,174.199344,47.143077,182.713237,0.716522,248,31.265823
F04-20240918-36W.png,Data/Images_dataset/F04-20240918-36W.png,F04,2,F04-20240918-36W,F04,SA,SA,252,7.361,2,2835,650,RGBA,2542795,198.735870,169.617081,115.541006,32.859469,39.913952,37.126362,161.297986,36.633261,171.903443,0.674131,151,18.987342
F05-20240110-0W.png,Data/Images_dataset/F05-20240110-0W.png,F05,1,F05-20240110-0W,F05,SA,SA,0,0.002,1,2835,650,RGBA,2192305,239.805859,229.018408,206.187536,15.074713,17.289232,18.434559,225.003934,16.932834,229.663431,0.900641,623,78.734177
F05-20240124-2W.png,Data/Images_dataset/F05-20240124-2W.png,F05,1,F05-20240124-2W,F05,SA,SA,14,0.001,1,2835,650,RGBA,1947633,237.344496,230.025871,221.872624,21.920975,24.973847,26.573284,229.747663,24.489369,230.993146,0.905855,630,79.620253
F05-20240207-4W.png,Data/Images_dataset/F05-20240207-4W.png,F05,1,F05-20240207-4W,F05,SA,SA,28,0.165,1,2835,650,RGBA,2733490,206.511394,190.900687,167.851386,26.130753,28.331114,29.914511,188.421156,28.125459,192.555364,0.755119,335,42.278481
F05-20240221-6W.png,Data/Images_dataset/F05-20240221-6W.png,F05,1,F05-20240221-6W,F05,SA,SA,42,0.133,1,2835,650,RGBA,1791307,234.919270,227.994730,220.582360,23.391293,29.525340,33.683371,227.832120,28.866668,228.931714,0.897771,619,78.227848
F05-20240306-8W.png,Data/Images_dataset/F05-20240306-8W.png,F05,1,F05-20240306-8W,F05,SA,SA,56,1.396,1,2835,650,RGBA,1917225,244.067734,237.038147,225.364265,22.540043,33.959117,41.110215,235.490049,32.536458,237.689783,0.932117,678,85.696203
F05-20240320-10W.png,Data/Images_dataset/F05-20240320-10W.png,F05,1,F05-20240320-10W,F05,SA,SA,70,3.461,1,2835,650,RGBA,2181788,224.528799,212.924618,195.420189,29.745569,39.596869,44.658379,210.957869,38.000272,214.127847,0.839717,532,67.215190
F05-20240405-12W.png,Data/Images_dataset/F05-20240405-12W.png,F05,1,F05-20240405-12W,F05,SA,SA,84,4.514,1,2835,650,RGBA,2549496,203.844053,197.125147,185.843493,32.999212,41.816461,45.651034,195.604231,40.155569,197.739051,0.775447,397,50.126582
F05-20240417-14W.png,Data/Images_dataset/F05-20240417-14W.png,F05,1,F05-20240417-14W,F05,SA,SA,98,4.075,1,2835,650,RGBA,2300978,198.174386,186.759738,164.533876,36.895840,41.216668,41.749781,183.156000,39.954096,187.581785,0.735615,294,37.088608
F05-20240508-17W.png,Data/Images_dataset/F05-20240508-17W.png,F05,1,F05-20240508-17W,F05,SA,SA,119,4.799,1,2835,650,RGBA,2399753,168.700776,160.789007,133.329609,31.347561,35.925810,35.397481,154.273131,34.223617,160.488480,0.629367,95,11.898734
F05-20240522-19W.png,Data/Images_dataset/F05-20240522-19W.png,F05,2,F05-20240522-19W,F05,SA,SA,133,6.271,2,2835,650,RGBA,2517536,174.655737,164.042844,133.828495,36.762621,42.002202,42.171127,157.509025,40.311983,164.117669,0.643599,107,13.417722
F05-20240529-20W.png,Data/Images_dataset/F05-20240529-20W.png,F05,1,F05-20240529-20W,F05,SA,SA,140,2.497,1,2835,650,RGBA,2324741,177.514776,169.673750,144.349834,25.675280,31.410274,31.867794,163.846120,29.651116,169.512365,0.664754,137,17.215190
F05-20240619-23W.png,Data/Images_dataset/F05-20240619-23W.png,F05,2,F05-20240619-23W,F05,SA,SA,161,5.362,2,2835,650,RGBA,2475807,173.568173,160.345506,121.166163,34.113345,37.104329,34.327408,151.693280,35.181694,160.327896,0.628737,94,11.772152
F05-20240626-24W.png,Data/Images_dataset/F05-20240626-24W.png,F05,2,F05-20240626-24W,F05,SA,SA,168,6.125,2,2835,650,RGBA,2180513,183.211312,167.251896,138.789551,36.078115,40.175332,38.935348,163.084253,38.396265,168.589886,0.661137,130,16.329114
F05-20240710-26W.png,Data/Images_dataset/F05-20240710-26W.png,F05,2,F05-20240710-26W,F05,SA,SA,182,5.226,2,2835,650,RGBA,2645849,163.621960,150.761020,108.225767,34.223311,36.118990,31.149625,140.869582,33.830642,150.424210,0.589899,55,6.835443
F05-20240724-28W.png,Data/Images_dataset/F05-20240724-28W.png,F05,2,F05-20240724-28W,F05,SA,SA,196,7.526,2,2835,650,RGBA,2190258,179.809826,154.735001,106.431327,31.896235,34.995653,30.066635,146.992051,32.319508,156.578383,0.614033,80,10.000000
F05-20240807-30W.png,Data/Images_dataset/F05-20240807-30W.png,F05,1,F05-20240807-30W,F05,SA,SA,210,3.756,1,2835,650,RGBA,2676589,216.312139,197.316498,159.434381,34.114223,41.853898,39.859031,191.021006,38.609050,198.619883,0.778902,404,51.012658
F05-20240902-33W.png,Data/Images_dataset/F05-20240902-33W.png,F05,2,F05-20240902-33W,F05,SA,SA,231,5.633,2,2835,650,RGBA,2520912,210.899537,192.111329,151.956881,35.479715,43.214638,42.245566,184.989249,40.313306,193.206551,0.757673,352,44.430380
F05-20240918-36W.png,Data/Images_dataset/F05-20240918-36W.png,F05,1,F05-20240918-36W,F05,SA,SA,252,3.594,1,2835,650,RGBA,2346295,199.993665,180.736914,130.165251,32.917027,36.470856,31.276826,170.298610,33.554903,181.179626,0.710508,225,28.354430
F06-20240110-0W.png,Data/Images_dataset/F06-20240110-0W.png,F06,1,F06-20240110-0W,F06,SA,SA,0,0.007,1,2835,650,RGBA,2223467,233.052896,221.487585,194.666669,19.495889,22.147463,23.397901,216.402383,21.680418,222.009900,0.870627,575,72.658228
F06-20240124-2W.png,Data/Images_dataset/F06-20240124-2W.png,F06,1,F06-20240124-2W,F06,SA,SA,14,0.005,1,2835,650,RGBA,2408586,231.756759,224.134126,214.889867,26.187558,29.053734,30.821903,223.593584,28.687732,225.087262,0.882695,590,74.556962
F06-20240207-4W.png,Data/Images_dataset/F06-20240207-4W.png,F06,1,F06-20240207-4W,F06,SA,SA,28,0.031,1,2835,650,RGBA,2735561,214.070877,201.140633,180.937128,27.645773,29.470263,30.155522,198.716213,29.090519,202.430910,0.793847,448,56.582278
F06-20240221-6W.png,Data/Images_dataset/F06-20240221-6W.png,F06,1,F06-20240221-6W,F06,SA,SA,42,0.035,1,2835,650,RGBA,1934042,232.589483,225.087461,215.708632,22.883526,26.122182,28.923647,224.461858,25.976452,226.005239,0.886295,598,75.569620
F06-20240306-8W.png,Data/Images_dataset/F06-20240306-8W.png,F06,1,F06-20240306-8W,F06,SA,SA,56,1.166,1,2835,650,RGBA,2460398,234.288499,225.578134,210.697372,24.395876,33.305949,40.591880,223.521335,32.764568,226.355567,0.887669,600,75.822785
F06-20240320-10W.png,Data/Images_dataset/F06-20240320-10W.png,F06,1,F06-20240320-10W,F06,SA,SA,70,1.864,1,2835,650,RGBA,2871346,220.660028,209.763836,190.740787,29.917346,37.010291,42.177530,207.054884,36.368389,210.706902,0.826302,506,63.924051
F06-20240405-12W.png,Data/Images_dataset/F06-20240405-12W.png,F06,1,F06-20240405-12W,F06,SA,SA,84,2.895,1,2835,650,RGBA,2568527,196.517514,188.927640,174.199374,31.770229,37.343328,41.089728,186.548176,36.734429,189.477867,0.743050,309,38.987342
F06-20240417-14W.png,Data/Images_dataset/F06-20240417-14W.png,F06,1,F06-20240417-14W,F06,SA,SA,98,3.484,1,2835,650,RGBA,2494521,185.298765,172.505819,143.890214,33.462072,37.355737,38.150808,167.231600,36.322872,173.159553,0.679057,166,20.886076
F06-20240508-17W.png,Data/Images_dataset/F06-20240508-17W.png,F06,1,F06-20240508-17W,F06,SA,SA,119,3.729,1,2835,650,RGBA,2582091,165.717720,153.889969,122.134842,31.908587,34.913583,33.774884,147.247510,33.532352,154.111829,0.604360,67,8.354430
F06-20240522-19W.png,Data/Images_dataset/F06-20240522-19W.png,F06,2,F06-20240522-19W,F06,SA,SA,133,5.066,2,2835,650,RGBA,2732185,155.666618,144.109138,111.738010,32.075208,35.357426,34.694933,137.171255,34.042523,144.229063,0.565604,39,4.810127
F06-20240529-20W.png,Data/Images_dataset/F06-20240529-20W.png,F06,1,F06-20240529-20W,F06,SA,SA,140,2.732,1,2835,650,RGBA,2651026,182.528676,166.563050,132.679315,28.664984,32.146846,31.350007,160.590347,30.720612,167.510936,0.656906,122,15.316456
F06-20240619-23W.png,Data/Images_dataset/F06-20240619-23W.png,F06,1,F06-20240619-23W,F06,SA,SA,161,4.807,1,2835,650,RGBA,2896442,174.451273,158.861601,114.897251,31.653626,35.893786,34.649624,149.403375,34.065678,159.001739,0.623536,85,10.632911
F06-20240626-24W.png,Data/Images_dataset/F06-20240626-24W.png,F06,2,F06-20240626-24W,F06,SA,SA,168,7.124,2,2835,650,RGBA,2857666,172.188695,152.432041,121.556102,37.829748,42.206701,42.126130,148.725612,40.720860,154.403063,0.605502,70,8.734177
F06-20240710-26W.png,Data/Images_dataset/F06-20240710-26W.png,F06,2,F06-20240710-26W,F06,SA,SA,182,5.973,2,2835,650,RGBA,3123899,160.292741,145.952029,101.043327,33.273954,36.600106,34.014815,135.762699,34.629625,145.758456,0.571602,42,5.189873
F06-20240724-28W.png,Data/Images_dataset/F06-20240724-28W.png,F06,2,F06-20240724-28W,F06,SA,SA,196,8.616,2,2835,650,RGBA,2759970,172.680669,147.371334,101.037652,32.392659,36.674462,33.490017,140.363218,34.185713,149.406807,0.585909,49,6.075949
F06-20240807-30W.png,Data/Images_dataset/F06-20240807-30W.png,F06,1,F06-20240807-30W,F06,SA,SA,210,4.412,1,2835,650,RGBA,2917236,209.232831,182.782898,135.755851,35.108556,40.952735,37.473844,175.923860,37.845045,185.010801,0.725533,266,33.544304
F06-20240902-33W.png,Data/Images_dataset/F06-20240902-33W.png,F06,2,F06-20240902-33W,F06,SA,SA,231,7.047,2,2835,650,RGBA,2580231,204.635718,179.896704,132.017606,32.158979,42.886502,44.476924,172.183342,39.840802,181.699347,0.712546,236,29.746835
F06-20240918-36W.png,Data/Images_dataset/F06-20240918-36W.png,F06,2,F06-20240918-36W,F06,SA,SA,252,5.557,2,2835,650,RGBA,2484155,185.694165,163.484414,111.922160,31.993477,37.178186,32.977831,153.700246,34.049831,164.483412,0.645033,109,13.670886
G01-20240110-0W.png,Data/Images_dataset/G01-20240110-0W.png,G01,1,G01-20240110-0W,G01,PA,G,0,0,1,2835,650,RGBA,13130,255.000000,255.000000,254.999989,0.000000,0.000000,0.005513,254.999996,0.001838,254.999999,1.000000,791,100.000000
G01-20240124-2W.png,Data/Images_dataset/G01-20240124-2W.png,G01,1,G01-20240124-2W,G01,PA,G,14,0,1,2835,650,RGBA,14801,254.998009,254.997895,254.997811,0.228263,0.246208,0.279061,254.997905,0.251177,254.997913,0.999992,788,99.620253
G01-20240207-4W.png,Data/Images_dataset/G01-20240207-4W.png,G01,1,G01-20240207-4W,G01,PA,G,28,0,1,2835,650,RGBA,1133244,252.329220,250.522182,245.961384,4.729155,5.858582,7.131638,249.604262,5.906458,250.577068,0.982655,736,93.037975
G01-20240221-6W.png,Data/Images_dataset/G01-20240221-6W.png,G01,1,G01-20240221-6W,G01,PA,G,42,0,1,2835,650,RGBA,14430,254.994145,254.994060,254.993134,0.546720,0.552948,0.623224,254.993780,0.574297,254.994011,0.999977,785,99.240506
G01-20240306-8W.png,Data/Images_dataset/G01-20240306-8W.png,G01,1,G01-20240306-8W,G01,PA,G,56,0,1,2835,650,RGBA,16174,254.995254,254.994279,254.991513,0.414564,0.469670,0.577033,254.993682,0.487089,254.994286,0.999978,786,99.367089
G01-20240320-10W.png,Data/Images_dataset/G01-20240320-10W.png,G01,1,G01-20240320-10W,G01,PA,G,70,0,1,2835,650,RGBA,107611,254.982171,254.970962,254.827593,0.653268,0.759327,1.429000,254.926909,0.947198,254.962994,0.999855,779,98.481013
G01-20240405-12W.png,Data/Images_dataset/G01-20240405-12W.png,G01,1,G01-20240405-12W,G01,PA,G,84,0,1,2835,650,RGBA,1352538,223.902813,228.651290,223.626817,7.556737,7.749714,8.101921,225.393640,7.802790,227.278997,0.891290,610,77.088608
G01-20240417-14W.png,Data/Images_dataset/G01-20240417-14W.png,G01,1,G01-20240417-14W,G01,PA,G,98,0,1,2835,650,RGBA,533561,254.974611,254.844171,243.607306,0.939604,1.434853,8.760318,251.142030,3.711592,254.060601,0.996316,760,96.075949
G01-20240508-17W.png,Data/Images_dataset/G01-20240508-17W.png,G01,1,G01-20240508-17W,G01,PA,G,119,0,1,2835,650,RGBA,1586468,248.598242,247.369994,230.146627,9.693107,10.468248,16.724013,242.038288,12.295123,246.387593,0.966226,721,91.139241
G01-20240522-19W.png,Data/Images_dataset/G01-20240522-19W.png,G01,1,G01-20240522-19W,G01,PA,G,133,0,1,2835,650,RGBA,953752,247.198744,248.036225,226.514430,9.557177,8.894017,9.839454,240.583133,9.430216,246.304303,0.965899,720,91.012658
G01-20240529-20W.png,Data/Images_dataset/G01-20240529-20W.png,G01,1,G01-20240529-20W,G01,PA,G,140,0,1,2835,650,RGBA,1290238,254.234637,253.687495,237.953290,3.138190,4.005141,9.952196,248.625141,5.698509,252.667808,0.990854,750,94.810127
G01-20240619-23W.png,Data/Images_dataset/G01-20240619-23W.png,G01,1,G01-20240619-23W,G01,PA,G,161,0.001,1,2835,650,RGBA,1218225,240.747946,233.309031,191.734935,17.240458,15.519342,11.117762,221.930637,14.625854,231.888895,0.909368,638,80.632911
G01-20240626-24W.png,Data/Images_dataset/G01-20240626-24W.png,G01,1,G01-20240626-24W,G01,PA,G,168,0,1,2835,650,RGBA,1110207,169.696489,170.551626,147.950404,20.741459,20.506563,22.794129,162.732840,21.347384,168.738016,0.661718,132,16.582278
G01-20240710-26W.png,Data/Images_dataset/G01-20240710-26W.png,G01,1,G01-20240710-26W,G01,PA,G,182,0,1,2835,650,RGBA,1172920,254.437612,253.841091,219.465500,3.105203,4.343298,12.146628,242.581401,6.531710,251.485994,0.986220,746,94.303797
G01-20240724-28W.png,Data/Images_dataset/G01-20240724-28W.png,G01,1,G01-20240724-28W,G01,PA,G,196,0,1,2835,650,RGBA,1364849,253.893134,245.164193,192.375319,3.079842,10.936037,16.554056,230.477548,10.189979,243.208609,0.953759,707,89.367089
G01-20240807-30W.png,Data/Images_dataset/G01-20240807-30W.png,G01,1,G01-20240807-30W,G01,PA,G,210,0,1,2835,650,RGBA,2376758,251.026368,244.868471,205.514476,10.788552,17.186481,26.853254,233.803105,18.276096,243.336282,0.954260,709,89.620253
G01-20240902-33W.png,Data/Images_dataset/G01-20240902-33W.png,G01,1,G01-20240902-33W,G01,PA,G,231,0,1,2835,650,RGBA,2427657,249.956116,242.712449,195.765283,11.218562,16.683343,26.951936,229.477949,18.284614,240.862867,0.944560,696,87.974684
G01-20240918-36W.png,Data/Images_dataset/G01-20240918-36W.png,G01,1,G01-20240918-36W,G01,PA,G,252,0,1,2835,650,RGBA,765483,254.915913,252.247385,187.737254,1.056410,5.138105,8.223454,231.633517,4.805990,248.157083,0.973165,731,92.405063
G02-20240110-0W.png,Data/Images_dataset/G02-20240110-0W.png,G02,1,G02-20240110-0W,G02,PA,G,0,0.007,1,2835,650,RGBA,24038,254.923299,254.894583,254.889287,2.751373,3.430623,3.339645,254.902390,3.173880,254.900305,0.999609,769,97.215190
G02-20240124-2W.png,Data/Images_dataset/G02-20240124-2W.png,G02,1,G02-20240124-2W,G02,PA,G,14,0,1,2835,650,RGBA,27655,254.839114,254.831590,254.825308,4.032566,4.188929,4.295198,254.832004,4.172231,254.832736,0.999344,767,96.962025
G02-20240207-4W.png,Data/Images_dataset/G02-20240207-4W.png,G02,1,G02-20240207-4W,G02,PA,G,28,0.041,1,2835,650,RGBA,184889,254.746662,254.653905,254.201632,5.756037,6.383643,7.060954,254.534066,6.400212,254.640971,0.998592,764,96.582278
G02-20240221-6W.png,Data/Images_dataset/G02-20240221-6W.png,G02,1,G02-20240221-6W,G02,PA,G,42,0.01,1,2835,650,RGBA,103432,254.859065,254.399747,252.590368,3.388265,6.165211,14.207298,253.949727,7.920258,254.366761,0.997517,762,96.329114
G02-20240306-8W.png,Data/Images_dataset/G02-20240306-8W.png,G02,1,G02-20240306-8W,G02,PA,G,56,0.048,1,2835,650,RGBA,264632,254.535132,250.417446,242.953772,4.916344,18.712531,39.810899,249.302117,21.146591,250.753989,0.983349,740,93.544304
G02-20240320-10W.png,Data/Images_dataset/G02-20240320-10W.png,G02,1,G02-20240320-10W,G02,PA,G,70,1.18,1,2835,650,RGBA,494709,253.083554,246.195230,236.248534,10.826075,30.518984,50.942747,245.175773,30.762602,246.941537,0.968398,725,91.645570
G02-20240405-12W.png,Data/Images_dataset/G02-20240405-12W.png,G02,1,G02-20240405-12W,G02,PA,G,84,2.718,1,2835,650,RGBA,1522918,227.688402,221.461872,207.024898,14.583422,34.653974,50.080993,218.725057,33.106129,221.743282,0.869581,571,72.151899
G02-20240417-14W.png,Data/Images_dataset/G02-20240417-14W.png,G02,1,G02-20240417-14W,G02,PA,G,98,3.732,1,2835,650,RGBA,1246984,243.340496,232.182406,201.684888,31.311279,45.791348,55.283275,225.735930,44.128634,232.352695,0.911187,644,81.392405
G02-20240508-17W.png,Data/Images_dataset/G02-20240508-17W.png,G02,1,G02-20240508-17W,G02,PA,G,119,4.949,1,2835,650,RGBA,1535400,234.632546,221.672107,195.544978,32.224574,47.780007,60.139204,217.283211,46.714595,222.541118,0.872710,579,73.164557
G02-20240522-19W.png,Data/Images_dataset/G02-20240522-19W.png,G02,2,G02-20240522-19W,G02,PA,G,133,5.849,2,2835,650,RGBA,1513129,232.553777,220.500200,182.235061,31.742948,48.192154,56.402712,211.763013,45.445938,220.300047,0.863922,565,71.392405
G02-20240529-20W.png,Data/Images_dataset/G02-20240529-20W.png,G02,1,G02-20240529-20W,G02,PA,G,140,3.328,1,2835,650,RGBA,1445246,246.612285,234.539579,203.759603,25.299199,45.084226,56.070573,228.303822,42.151333,234.883922,0.921113,666,84.177215
G02-20240619-23W.png,Data/Images_dataset/G02-20240619-23W.png,G02,2,G02-20240619-23W,G02,PA,G,161,5.01,2,2835,650,RGBA,1679705,235.706487,216.015845,162.730875,28.824352,43.036361,47.499770,204.817736,39.786828,216.354901,0.848451,549,69.367089
G02-20240626-24W.png,Data/Images_dataset/G02-20240626-24W.png,G02,1,G02-20240626-24W,G02,PA,G,168,4.448,1,2835,650,RGBA,968987,244.150271,230.395142,187.687626,27.793985,45.279880,50.748850,220.744346,41.274238,230.235999,0.902886,626,79.113924
G02-20240710-26W.png,Data/Images_dataset/G02-20240710-26W.png,G02,1,G02-20240710-26W,G02,PA,G,182,2.723,1,2835,650,RGBA,1393739,245.409760,235.201975,188.667366,27.521324,44.026263,51.297645,223.093034,40.948411,234.012351,0.917695,663,83.797468
G02-20240724-28W.png,Data/Images_dataset/G02-20240724-28W.png,G02,2,G02-20240724-28W,G02,PA,G,196,5.212,2,2835,650,RGBA,1376142,244.347295,225.929672,172.120600,30.125834,48.419606,51.394070,214.132522,43.313170,225.960244,0.886119,596,75.316456
G02-20240807-30W.png,Data/Images_dataset/G02-20240807-30W.png,G02,1,G02-20240807-30W,G02,PA,G,210,3.167,1,2835,650,RGBA,1976049,249.719894,234.356821,176.284628,18.484135,42.368555,58.012085,220.120448,39.621592,233.430198,0.915413,656,82.911392
G02-20240902-33W.png,Data/Images_dataset/G02-20240902-33W.png,G02,1,G02-20240902-33W,G02,PA,G,231,2.804,1,2835,650,RGBA,2069431,247.744784,232.281255,178.131100,19.682190,40.444199,50.455021,219.385713,36.860470,231.659160,0.908467,636,80.379747
G02-20240918-36W.png,Data/Images_dataset/G02-20240918-36W.png,G02,1,G02-20240918-36W,G02,PA,G,252,2.513,1,2835,650,RGBA,1245030,246.473078,233.262311,168.501310,26.201175,43.443422,43.221134,216.078900,37.621910,231.395176,0.907432,634,80.126582
G03-20240110-0W.png,Data/Images_dataset/G03-20240110-0W.png,G03,1,G03-20240110-0W,G03,PA,G,0,0,1,2835,650,RGBA,58214,254.994871,254.984547,254.889951,0.194156,0.361734,0.959649,254.956456,0.505180,254.979912,0.999921,784,99.113924
G03-20240124-2W.png,Data/Images_dataset/G03-20240124-2W.png,G03,1,G03-20240124-2W,G03,PA,G,14,0,1,2835,650,RGBA,24067,254.974920,254.976637,254.985611,0.586410,0.560503,0.418815,254.979056,0.521909,254.976920,0.999909,783,98.987342
G03-20240207-4W.png,Data/Images_dataset/G03-20240207-4W.png,G03,1,G03-20240207-4W,G03,PA,G,28,0,1,2835,650,RGBA,583541,253.900460,253.601148,252.449510,3.675330,4.109371,5.394469,253.317039,4.393057,253.581634,0.994438,754,95.316456
G03-20240221-6W.png,Data/Images_dataset/G03-20240221-6W.png,G03,1,G03-20240221-6W,G03,PA,G,42,0,1,2835,650,RGBA,31205,254.962904,254.966465,254.969198,0.801354,0.755271,0.708800,254.966189,0.755142,254.965905,0.999866,780,98.607595
G03-20240306-8W.png,Data/Images_dataset/G03-20240306-8W.png,G03,1,G03-20240306-8W,G03,PA,G,56,0,1,2835,650,RGBA,43719,254.955337,254.955876,254.934163,0.904926,0.898309,1.064848,254.948458,0.956028,254.954193,0.999820,776,98.101266
G03-20240320-10W.png,Data/Images_dataset/G03-20240320-10W.png,G03,1,G03-20240320-10W,G03,PA,G,70,0,1,2835,650,RGBA,317005,254.544792,254.567499,254.133587,2.964779,2.876781,3.907667,254.415293,3.249742,254.531343,0.998162,763,96.455696
G03-20240405-12W.png,Data/Images_dataset/G03-20240405-12W.png,G03,1,G03-20240405-12W,G03,PA,G,84,0,1,2835,650,RGBA,1295250,250.105495,250.924924,249.212445,9.988913,9.270578,10.770700,250.080955,10.010064,250.627073,0.982851,738,93.291139
G03-20240417-14W.png,Data/Images_dataset/G03-20240417-14W.png,G03,1,G03-20240417-14W,G03,PA,G,98,0,1,2835,650,RGBA,937341,254.548886,253.993897,244.727764,2.320226,3.458921,8.986419,251.090182,4.921855,253.442873,0.993894,753,95.189873
G03-20240508-17W.png,Data/Images_dataset/G03-20240508-17W.png,G03,1,G03-20240508-17W,G03,PA,G,119,0,1,2835,650,RGBA,1710338,227.426744,226.917167,211.290855,19.864886,19.519279,19.798915,221.878255,19.727693,225.897283,0.885872,595,75.189873
G03-20240522-19W.png,Data/Images_dataset/G03-20240522-19W.png,G03,1,G03-20240522-19W,G03,PA,G,133,0,1,2835,650,RGBA,1302269,247.488575,247.614854,228.025025,12.542126,11.586885,15.511850,241.042818,13.213620,246.173622,0.965387,717,90.632911
G03-20240529-20W.png,Data/Images_dataset/G03-20240529-20W.png,G03,1,G03-20240529-20W,G03,PA,G,140,0,1,2835,650,RGBA,1564558,252.913676,251.517800,235.345015,5.413171,6.637463,11.243284,246.592164,7.764639,250.646888,0.982929,739,93.417722
G03-20240619-23W.png,Data/Images_dataset/G03-20240619-23W.png,G03,1,G03-20240619-23W,G03,PA,G,161,0,1,2835,650,RGBA,1745903,237.352823,228.317496,185.515318,15.292557,13.654547,12.603673,217.061879,13.850259,227.148089,0.890777,605,76.455696
G03-20240626-24W.png,Data/Images_dataset/G03-20240626-24W.png,G03,1,G03-20240626-24W,G03,PA,G,168,0,1,2835,650,RGBA,1925240,193.028833,189.615026,158.455920,17.852151,19.674781,19.763693,180.366593,19.096875,188.091114,0.737612,298,37.594937
G03-20240710-26W.png,Data/Images_dataset/G03-20240710-26W.png,G03,1,G03-20240710-26W,G03,PA,G,182,0,1,2835,650,RGBA,1556034,251.889376,250.090456,211.974076,7.685813,12.377013,19.328180,237.984636,13.130335,247.720904,0.971455,729,92.151899
G03-20240724-28W.png,Data/Images_dataset/G03-20240724-28W.png,G03,1,G03-20240724-28W,G03,PA,G,196,0.018,1,2835,650,RGBA,1595320,251.269476,240.808925,189.093493,7.671591,16.780284,21.496595,227.057298,15.316157,239.298984,0.938427,688,86.962025
G03-20240807-30W.png,Data/Images_dataset/G03-20240807-30W.png,G03,1,G03-20240807-30W,G03,PA,G,210,0.003,1,2835,650,RGBA,2271190,250.464853,242.536489,202.674314,10.582610,19.342992,29.859976,231.891885,19.928526,241.344010,0.946447,699,88.354430
G03-20240902-33W.png,Data/Images_dataset/G03-20240902-33W.png,G03,1,G03-20240902-33W,G03,PA,G,231,0.001,1,2835,650,RGBA,2288913,250.050777,242.815424,194.928949,10.474745,17.797534,29.951127,229.265050,19.407802,240.896257,0.944691,697,88.101266
G03-20240918-36W.png,Data/Images_dataset/G03-20240918-36W.png,G03,1,G03-20240918-36W,G03,PA,G,252,0,1,2835,650,RGBA,1285895,253.043508,244.683289,181.799376,6.368867,13.803698,15.701634,226.508724,11.958067,241.920453,0.948708,700,88.481013
G04-20240110-0W.png,Data/Images_dataset/G04-20240110-0W.png,G04,1,G04-20240110-0W,G04,PA,G,0,0,1,2835,650,RGBA,85892,254.992225,254.986422,254.820342,0.868548,1.041700,1.496925,254.932997,1.135724,254.975665,0.999905,782,98.860759
G04-20240124-2W.png,Data/Images_dataset/G04-20240124-2W.png,G04,1,G04-20240124-2W,G04,PA,G,14,0,1,2835,650,RGBA,14410,254.998987,254.998906,254.999426,0.117335,0.119152,0.103527,254.999107,0.113338,254.998961,0.999996,790,99.873418
G04-20240207-4W.png,Data/Images_dataset/G04-20240207-4W.png,G04,1,G04-20240207-4W,G04,PA,G,28,0,1,2835,650,RGBA,163871,254.924548,254.879017,254.592477,0.765855,1.006256,1.846818,254.798681,1.206310,254.868008,0.999482,768,97.088608
G04-20240221-6W.png,Data/Images_dataset/G04-20240221-6W.png,G04,1,G04-20240221-6W,G04,PA,G,42,0,1,2835,650,RGBA,14519,254.998773,254.998784,254.998549,0.128733,0.128222,0.134497,254.998702,0.130484,254.998765,0.999995,789,99.746835
G04-20240306-8W.png,Data/Images_dataset/G04-20240306-8W.png,G04,1,G04-20240306-8W,G04,PA,G,56,0,1,2835,650,RGBA,17165,254.996880,254.996651,254.994663,0.264925,0.274226,0.330764,254.996065,0.289972,254.996556,0.999986,787,99.493671
G04-20240320-10W.png,Data/Images_dataset/G04-20240320-10W.png,G04,1,G04-20240320-10W,G04,PA,G,70,0,1,2835,650,RGBA,67394,254.963339,254.964044,254.895957,0.954676,0.948129,1.362210,254.941113,1.088338,254.958979,0.999839,777,98.227848
G04-20240405-12W.png,Data/Images_dataset/G04-20240405-12W.png,G04,1,G04-20240405-12W,G04,PA,G,84,0,1,2835,650,RGBA,759673,252.890190,253.521993,252.125265,5.027164,4.184478,5.974355,252.845816,5.061999,253.286828,0.993282,752,95.063291
G04-20240417-14W.png,Data/Images_dataset/G04-20240417-14W.png,G04,1,G04-20240417-14W,G04,PA,G,98,0,1,2835,650,RGBA,653703,254.857057,254.476035,244.660081,1.348355,2.443678,8.984570,251.331058,4.258868,253.848329,0.995484,758,95.822785
G04-20240508-17W.png,Data/Images_dataset/G04-20240508-17W.png,G04,1,G04-20240508-17W,G04,PA,G,119,0.001,1,2835,650,RGBA,1416937,222.768766,223.058010,205.998468,20.847813,19.466213,20.681566,217.275081,20.331864,221.764818,0.869666,572,72.278481
G04-20240522-19W.png,Data/Images_dataset/G04-20240522-19W.png,G04,1,G04-20240522-19W,G04,PA,G,133,0,1,2835,650,RGBA,1125863,247.280782,248.550192,235.366706,13.670660,11.442158,17.097385,243.732560,14.070068,247.328468,0.969916,727,91.898734
G04-20240529-20W.png,Data/Images_dataset/G04-20240529-20W.png,G04,1,G04-20240529-20W,G04,PA,G,140,0,1,2835,650,RGBA,1303094,254.296534,253.430354,240.121119,2.888503,4.234751,10.445899,249.282669,5.856384,252.653577,0.990798,749,94.683544
G04-20240619-23W.png,Data/Images_dataset/G04-20240619-23W.png,G04,1,G04-20240619-23W,G04,PA,G,161,0,1,2835,650,RGBA,1718490,238.263117,228.275919,183.992294,15.899406,12.924343,10.194539,216.843777,13.006096,227.201919,0.890988,607,76.708861
G04-20240626-24W.png,Data/Images_dataset/G04-20240626-24W.png,G04,1,G04-20240626-24W,G04,PA,G,168,0,1,2835,650,RGBA,655138,247.463689,244.360521,218.170939,11.193089,12.093924,11.944957,236.665049,11.743990,243.129367,0.953448,706,89.240506
G04-20240710-26W.png,Data/Images_dataset/G04-20240710-26W.png,G04,1,G04-20240710-26W,G04,PA,G,182,0,1,2835,650,RGBA,1134852,253.983284,253.165066,215.069968,3.797813,5.169825,12.903869,240.739439,7.290502,250.588553,0.982700,737,93.164557
G04-20240724-28W.png,Data/Images_dataset/G04-20240724-28W.png,G04,1,G04-20240724-28W,G04,PA,G,196,0,1,2835,650,RGBA,1306906,252.946453,243.079934,189.750024,5.000315,13.199514,19.640495,228.592137,12.613441,241.327137,0.946381,698,88.227848
G04-20240807-30W.png,Data/Images_dataset/G04-20240807-30W.png,G04,1,G04-20240807-30W,G04,PA,G,210,0,1,2835,650,RGBA,1970791,253.774764,250.292405,215.332752,4.717125,9.565047,19.913420,239.799974,11.398531,248.508668,0.974544,732,92.531646
G04-20240902-33W.png,Data/Images_dataset/G04-20240902-33W.png,G04,1,G04-20240902-33W,G04,PA,G,231,0,1,2835,650,RGBA,1865251,253.276032,250.160872,206.966363,5.356517,9.074315,19.758404,236.801089,11.396412,247.704511,0.971390,728,92.025316
G04-20240918-36W.png,Data/Images_dataset/G04-20240918-36W.png,G04,1,G04-20240918-36W,G04,PA,G,252,0,1,2835,650,RGBA,1029245,254.124308,248.850120,184.023195,3.650281,8.686837,10.885830,228.999208,7.740983,245.290908,0.961925,714,90.253165
G05-20240110-0W.png,Data/Images_dataset/G05-20240110-0W.png,G05,1,G05-20240110-0W,G05,PA,G,0,0.011,1,2835,650,RGBA,37687,254.941338,254.925715,254.890837,2.687183,3.144144,3.398016,254.919297,3.076448,254.926518,0.999712,772,97.594937
G05-20240124-2W.png,Data/Images_dataset/G05-20240124-2W.png,G05,1,G05-20240124-2W,G05,PA,G,14,0,1,2835,650,RGBA,21867,254.949499,254.945686,254.945160,1.993814,2.133528,2.218889,254.946782,2.115410,254.946458,0.999790,774,97.848101
G05-20240207-4W.png,Data/Images_dataset/G05-20240207-4W.png,G05,1,G05-20240207-4W,G05,PA,G,28,0.019,1,2835,650,RGBA,587176,254.627646,254.274706,252.789941,3.795697,4.394431,5.441526,253.897431,4.543885,254.242541,0.997030,761,96.202532
G05-20240221-6W.png,Data/Images_dataset/G05-20240221-6W.png,G05,1,G05-20240221-6W,G05,PA,G,42,0,1,2835,650,RGBA,21434,254.931271,254.927609,254.923013,2.624254,2.758336,2.855968,254.927298,2.746186,254.928056,0.999718,773,97.721519
G05-20240306-8W.png,Data/Images_dataset/G05-20240306-8W.png,G05,1,G05-20240306-8W,G05,PA,G,56,0,1,2835,650,RGBA,34665,254.937039,254.922827,254.853398,2.313558,2.485984,3.174176,254.904421,2.657906,254.920836,0.999690,771,97.468354
G05-20240320-10W.png,Data/Images_dataset/G05-20240320-10W.png,G05,1,G05-20240320-10W,G05,PA,G,70,0,1,2835,650,RGBA,107202,254.838451,254.818483,254.685633,3.211720,3.369926,4.193767,254.780856,3.591804,254.813137,0.999267,766,96.835443
G05-20240405-12W.png,Data/Images_dataset/G05-20240405-12W.png,G05,1,G05-20240405-12W,G05,PA,G,84,0,1,2835,650,RGBA,750156,253.623015,253.847186,252.788322,5.665921,5.445344,7.152987,253.419508,6.088084,253.723077,0.994992,756,95.569620
G05-20240417-14W.png,Data/Images_dataset/G05-20240417-14W.png,G05,1,G05-20240417-14W,G05,PA,G,98,0.026,1,2835,650,RGBA,556091,254.720214,254.418519,243.351082,4.757120,5.880200,11.709026,250.829938,7.448782,253.683590,0.994838,755,95.443038
G05-20240508-17W.png,Data/Images_dataset/G05-20240508-17W.png,G05,1,G05-20240508-17W,G05,PA,G,119,0.037,1,2835,650,RGBA,1276931,229.473257,229.919240,222.960258,31.561292,29.857332,32.450071,227.450919,31.289565,229.321986,0.899302,621,78.481013
G05-20240522-19W.png,Data/Images_dataset/G05-20240522-19W.png,G05,1,G05-20240522-19W,G05,PA,G,133,0.022,1,2835,650,RGBA,914889,252.754293,251.802260,238.776571,7.403715,9.261389,18.333476,247.777708,11.666193,251.064208,0.984566,744,94.050633
G05-20240529-20W.png,Data/Images_dataset/G05-20240529-20W.png,G05,1,G05-20240529-20W,G05,PA,G,140,0.011,1,2835,650,RGBA,1132022,254.441842,253.698597,241.634368,4.784666,6.972498,13.763422,249.924936,8.506862,252.985573,0.992100,751,94.936709
G05-20240619-23W.png,Data/Images_dataset/G05-20240619-23W.png,G05,1,G05-20240619-23W,G05,PA,G,161,0.043,1,2835,650,RGBA,1480919,239.396748,232.479674,192.059956,15.419885,14.424019,14.272114,221.312126,14.705340,231.031940,0.906008,631,79.746835
G05-20240626-24W.png,Data/Images_dataset/G05-20240626-24W.png,G05,1,G05-20240626-24W,G05,PA,G,168,0.102,1,2835,650,RGBA,1267480,187.750338,183.785097,156.896109,10.617169,11.921687,12.710202,176.143848,11.749686,182.686722,0.716419,247,31.139241
G05-20240710-26W.png,Data/Images_dataset/G05-20240710-26W.png,G05,1,G05-20240710-26W,G05,PA,G,182,0.026,1,2835,650,RGBA,1031168,254.107704,253.106114,219.993511,5.989729,9.125568,17.701399,242.402443,10.938899,250.928322,0.984033,741,93.670886
G05-20240724-28W.png,Data/Images_dataset/G05-20240724-28W.png,G05,1,G05-20240724-28W,G05,PA,G,196,0.012,1,2835,650,RGBA,528341,254.785789,254.495622,243.297196,3.685469,4.919736,11.170832,250.859536,6.592012,253.748785,0.995093,757,95.696203
G05-20240807-30W.png,Data/Images_dataset/G05-20240807-30W.png,G05,1,G05-20240807-30W,G05,PA,G,210,0.062,1,2835,650,RGBA,2195486,252.215287,247.503928,215.777942,10.484061,17.213240,30.292813,238.499052,19.330038,246.214947,0.965549,718,90.759494
G05-20240902-33W.png,Data/Images_dataset/G05-20240902-33W.png,G05,1,G05-20240902-33W,G05,PA,G,231,0.041,1,2835,650,RGBA,1654543,253.005767,249.401387,209.502152,8.157589,13.964277,28.208574,237.303102,16.776813,247.286953,0.969753,726,91.772152
G05-20240918-36W.png,Data/Images_dataset/G05-20240918-36W.png,G05,1,G05-20240918-36W,G05,PA,G,252,0.052,1,2835,650,RGBA,1142800,254.048662,249.842844,191.145155,6.515703,13.270621,19.467733,231.678887,13.084686,246.499027,0.966663,722,91.265823
G06-20240110-0W.png,Data/Images_dataset/G06-20240110-0W.png,G06,1,G06-20240110-0W,G06,PA,G,0,0.006,1,2835,650,RGBA,30506,254.959439,254.950945,254.925564,2.316854,2.603452,2.768137,254.945316,2.562814,254.950918,0.999808,775,97.974684
G06-20240124-2W.png,Data/Images_dataset/G06-20240124-2W.png,G06,1,G06-20240124-2W,G06,PA,G,14,0,1,2835,650,RGBA,17463,254.968457,254.965372,254.964340,1.713514,1.868232,1.920568,254.966057,1.834105,254.965954,0.999866,781,98.734177
G06-20240207-4W.png,Data/Images_dataset/G06-20240207-4W.png,G06,1,G06-20240207-4W,G06,PA,G,28,0.004,1,2835,650,RGBA,92869,254.937915,254.911579,254.777258,2.433695,2.705211,2.996153,254.875584,2.711687,254.907480,0.999637,770,97.341772
G06-20240221-6W.png,Data/Images_dataset/G06-20240221-6W.png,G06,1,G06-20240221-6W,G06,PA,G,42,0,1,2835,650,RGBA,18221,254.961290,254.959374,254.957848,2.046526,2.148569,2.185826,254.959504,2.126974,254.959671,0.999842,778,98.354430
G06-20240306-8W.png,Data/Images_dataset/G06-20240306-8W.png,G06,1,G06-20240306-8W,G06,PA,G,56,0,1,2835,650,RGBA,46071,254.959289,254.817074,254.208706,1.855338,3.233530,8.779144,254.661690,4.622671,254.803385,0.999229,765,96.708861
G06-20240320-10W.png,Data/Images_dataset/G06-20240320-10W.png,G06,1,G06-20240320-10W,G06,PA,G,70,0.009,1,2835,650,RGBA,180490,254.705360,253.840480,252.022977,3.734656,9.108364,18.601286,253.522939,10.481435,253.893130,0.995659,759,95.949367
G06-20240405-12W.png,Data/Images_dataset/G06-20240405-12W.png,G06,1,G06-20240405-12W,G06,PA,G,84,0.006,1,2835,650,RGBA,1012016,250.860621,251.326184,248.620931,9.119458,11.407716,19.896460,250.269245,13.474545,251.031886,0.984439,743,93.924051
G06-20240417-14W.png,Data/Images_dataset/G06-20240417-14W.png,G06,1,G06-20240417-14W,G06,PA,G,98,0.051,1,2835,650,RGBA,657488,254.306186,252.570949,244.049501,6.105497,13.449918,25.204114,250.308879,14.919843,252.324612,0.989508,748,94.556962
G06-20240508-17W.png,Data/Images_dataset/G06-20240508-17W.png,G06,1,G06-20240508-17W,G06,PA,G,119,0.247,1,2835,650,RGBA,1383536,232.740673,231.533341,216.332069,33.832335,34.830792,43.275646,226.868694,37.312924,230.692488,0.904676,627,79.240506
G06-20240522-19W.png,Data/Images_dataset/G06-20240522-19W.png,G06,1,G06-20240522-19W,G06,PA,G,133,0.292,1,2835,650,RGBA,1296228,249.702507,247.293230,229.597044,11.625333,21.120939,37.842007,242.197594,23.529426,246.527778,0.966776,723,91.392405
G06-20240529-20W.png,Data/Images_dataset/G06-20240529-20W.png,G06,1,G06-20240529-20W,G06,PA,G,140,0.164,1,2835,650,RGBA,1227706,253.405716,248.848603,234.540924,8.114582,20.962661,35.601169,245.598414,21.559471,248.784431,0.975625,734,92.784810
G06-20240619-23W.png,Data/Images_dataset/G06-20240619-23W.png,G06,1,G06-20240619-23W,G06,PA,G,161,0.624,1,2835,650,RGBA,1512559,243.127585,233.194979,185.378537,16.306176,27.142064,35.439332,220.567034,26.295858,231.854304,0.909233,637,80.506329
G06-20240626-24W.png,Data/Images_dataset/G06-20240626-24W.png,G06,1,G06-20240626-24W,G06,PA,G,168,0.883,1,2835,650,RGBA,1238828,215.765001,201.984821,173.077823,13.726188,21.435977,28.808016,196.942548,21.323394,202.827402,0.795402,450,56.835443
G06-20240710-26W.png,Data/Images_dataset/G06-20240710-26W.png,G06,1,G06-20240710-26W,G06,PA,G,182,0.153,1,2835,650,RGBA,1486829,251.657932,242.907673,187.620241,11.575424,26.150125,39.411551,227.395282,25.712367,240.776226,0.944220,695,87.848101
G06-20240724-28W.png,Data/Images_dataset/G06-20240724-28W.png,G06,1,G06-20240724-28W,G06,PA,G,196,0.081,1,2835,650,RGBA,640623,254.070692,251.858750,242.670554,7.119115,15.776192,28.406408,249.533332,17.100572,251.665621,0.986924,747,94.430380
G06-20240807-30W.png,Data/Images_dataset/G06-20240807-30W.png,G06,1,G06-20240807-30W,G06,PA,G,210,0.732,1,2835,650,RGBA,2289356,252.237185,236.873805,164.963200,9.757307,33.173988,61.210074,218.024730,34.713790,234.948114,0.921365,667,84.303797
G06-20240902-33W.png,Data/Images_dataset/G06-20240902-33W.png,G06,1,G06-20240902-33W,G06,PA,G,231,0.493,1,2835,650,RGBA,1479779,253.780220,241.935179,163.381907,6.964542,26.909302,58.742946,219.699102,30.872263,238.781888,0.936400,685,86.582278
G06-20240918-36W.png,Data/Images_dataset/G06-20240918-36W.png,G06,1,G06-20240918-36W,G06,PA,G,252,0.344,1,2835,650,RGBA,1037630,252.765074,242.239063,171.818351,10.882502,28.140515,36.757855,222.274163,25.260291,239.392518,0.938794,689,87.088608
S1MI01-20220518-0W.png,Data/Images_dataset/S1MI01-20220518-0W.png,S1MI01,1,S1MI01-20220518-0W,S1MI01,NO,D,0,0.112,1,2835,650,RGBA,2009664,186.181296,176.385109,154.596203,21.332854,22.179489,22.165796,172.387536,21.892713,176.894619,0.693704,195,24.556962
S1MI01-20220603-2W.png,Data/Images_dataset/S1MI01-20220603-2W.png,S1MI01,1,S1MI01-20220603-2W,S1MI01,NO,D,14,0.117,1,2835,650,RGBA,2169459,209.959171,199.152086,173.992201,23.115484,24.503362,25.045240,194.367820,24.221362,199.633129,0.782875,412,52.025316
S1MI01-20220609-3W.png,Data/Images_dataset/S1MI01-20220609-3W.png,S1MI01,1,S1MI01-20220609-3W,S1MI01,NO,D,21,0.28,1,2835,650,RGB,2434049,214.827213,205.114702,183.745915,27.365877,28.477925,29.348465,201.229277,28.397422,205.636755,0.806419,477,60.253165
S1MI01-20220616-4W.png,Data/Images_dataset/S1MI01-20220616-4W.png,S1MI01,1,S1MI01-20220616-4W,S1MI01,NO,D,28,0.083,1,2835,643,RGB,1975790,216.126927,205.030751,182.320195,22.779065,24.034158,24.884058,201.159291,23.899093,205.750096,0.806863,478,60.379747
S1MI01-20220623-5W.png,Data/Images_dataset/S1MI01-20220623-5W.png,S1MI01,1,S1MI01-20220623-5W,S1MI01,NO,D,35,0.26,1,2835,650,RGB,2626218,214.231518,203.751640,178.076530,25.554599,27.188121,27.960995,198.686562,26.901238,204.125919,0.800494,459,57.974684
S1MI01-20220630-6W.png,Data/Images_dataset/S1MI01-20220630-6W.png,S1MI01,1,S1MI01-20220630-6W,S1MI01,NO,D,42,0.47,1,2835,650,RGB,2980499,222.041183,211.937295,187.394676,29.501326,31.311309,32.391891,207.124385,31.068175,212.313404,0.832602,520,65.696203
S1MI01-20220708-7W.png,Data/Images_dataset/S1MI01-20220708-7W.png,S1MI01,1,S1MI01-20220708-7W,S1MI01,NO,D,49,0.392,1,2835,650,RGB,2859007,218.864266,208.328762,183.650215,26.794589,28.121131,28.772896,203.614415,27.896205,208.786819,0.818772,494,62.405063
S1MI01-20220714-8W.png,Data/Images_dataset/S1MI01-20220714-8W.png,S1MI01,1,S1MI01-20220714-8W,S1MI01,NO,D,56,0.635,1,2835,650,RGB,3197484,210.430501,198.919055,171.378200,29.513999,30.967415,32.020068,193.575918,30.833827,199.377938,0.781874,409,51.645570
S1MI01-20220721-9W.png,Data/Images_dataset/S1MI01-20220721-9W.png,S1MI01,1,S1MI01-20220721-9W,S1MI01,NO,D,63,0.626,1,2835,650,RGB,2607722,188.244256,177.588417,154.138653,26.311915,27.316408,26.797566,173.323776,26.808630,178.160776,0.698670,207,26.075949
S1MI01-20220802-10W.png,Data/Images_dataset/S1MI01-20220802-10W.png,S1MI01,1,S1MI01-20220802-10W,S1MI01,NO,D,70,0.448,1,2835,650,RGB,2485969,193.544295,181.716546,156.374302,24.901224,26.087828,25.729618,177.211715,25.572890,182.401416,0.715300,243,30.632911
S1MI01-20220822-13W.png,Data/Images_dataset/S1MI01-20220822-13W.png,S1MI01,1,S1MI01-20220822-13W,S1MI01,NO,D,91,0.449,1,2835,650,RGB,2524666,202.284811,190.445343,164.577173,24.096773,25.078527,24.600978,185.769109,24.592093,191.094732,0.749391,323,40.759494
S1MI01-20220906-15W.png,Data/Images_dataset/S1MI01-20220906-15W.png,S1MI01,1,S1MI01-20220906-15W,S1MI01,NO,D,105,1.023,1,2835,650,RGBA,2897482,191.766456,180.982836,154.068343,28.564702,30.625348,30.670333,175.605878,29.953461,181.332207,0.711107,232,29.240506
S1MI01-20221102-24W.png,Data/Images_dataset/S1MI01-20221102-24W.png,S1MI01,1,S1MI01-20221102-24W,S1MI01,NO,D,168,4.059,1,2835,650,RGB,2587368,161.311539,147.156202,117.519138,26.691828,29.750494,28.666087,141.995626,28.369470,148.025831,0.580493,46,5.696203
S1MI01-20221110-25W.png,Data/Images_dataset/S1MI01-20221110-25W.png,S1MI01,1,S1MI01-20221110-25W,S1MI01,NO,D,175,3.077,1,2835,650,RGB,2853981,194.044947,180.230273,154.658456,29.710319,35.125940,36.055736,176.311225,33.630665,181.320987,0.711063,231,29.113924
S1MI01-20221206-28W.png,Data/Images_dataset/S1MI01-20221206-28W.png,S1MI01,2,S1MI01-20221206-28W,S1MI01,NO,D,196,5.111,2,2835,630,RGB,3001944,182.558264,166.724836,131.791938,32.070581,38.069040,37.703413,160.358346,35.947678,167.568867,0.657133,123,15.443038
S1MI02-20220518-0W.png,Data/Images_dataset/S1MI02-20220518-0W.png,S1MI02,1,S1MI02-20220518-0W,S1MI02,MI,MI,0,0.342,1,2835,650,RGBA,2638946,205.538721,193.572079,164.445047,22.844507,23.930323,24.557716,187.851949,23.777515,194.013215,0.760836,359,45.316456
S1MI02-20220603-2W.png,Data/Images_dataset/S1MI02-20220603-2W.png,S1MI02,1,S1MI02-20220603-2W,S1MI02,MI,MI,14,0.188,1,2835,650,RGBA,2513650,215.048858,205.143425,182.260437,22.375576,23.713756,24.792971,200.817573,23.627434,205.597169,0.806263,475,60.000000
S1MI02-20220609-3W.png,Data/Images_dataset/S1MI02-20220609-3W.png,S1MI02,1,S1MI02-20220609-3W,S1MI02,MI,MI,21,0.209,1,2835,650,RGBA,2539110,210.936588,198.904599,172.265682,20.014180,21.616259,23.200940,194.035623,21.610460,199.539270,0.782507,410,51.772152
S1MI02-20220616-4W.png,Data/Images_dataset/S1MI02-20220616-4W.png,S1MI02,1,S1MI02-20220616-4W,S1MI02,MI,MI,28,0.209,1,2835,650,RGBA,2539110,210.936588,198.904599,172.265682,20.014180,21.616259,23.200940,194.035623,21.610460,199.539270,0.782507,411,51.898734
S1MI02-20220623-5W.png,Data/Images_dataset/S1MI02-20220623-5W.png,S1MI02,1,S1MI02-20220623-5W,S1MI02,MI,MI,35,0.264,1,2835,650,RGBA,2440391,204.443927,193.760602,166.468044,21.495001,22.880565,24.354447,188.224191,22.910004,194.061354,0.761025,360,45.443038
S1MI02-20220630-6W.png,Data/Images_dataset/S1MI02-20220630-6W.png,S1MI02,1,S1MI02-20220630-6W,S1MI02,MI,MI,42,0.399,1,2835,650,RGBA,2519626,193.895403,182.783004,156.376697,22.406447,23.970148,25.570137,177.685035,23.982244,183.238965,0.718584,252,31.772152
S1MI02-20220708-7W.png,Data/Images_dataset/S1MI02-20220708-7W.png,S1MI02,1,S1MI02-20220708-7W,S1MI02,MI,MI,49,0.307,1,2835,650,RGBA,2900493,210.204213,199.166551,173.629817,22.409009,23.827440,25.214437,194.333527,23.816962,199.669406,0.783017,414,52.278481
S1MI02-20220714-8W.png,Data/Images_dataset/S1MI02-20220714-8W.png,S1MI02,1,S1MI02-20220714-8W,S1MI02,MI,MI,56,0.302,1,2835,650,RGBA,2765474,203.961681,189.613390,160.472595,22.161043,23.515073,24.572320,184.682556,23.416145,190.559872,0.747294,318,40.126582
S1MI02-20220721-9W.png,Data/Images_dataset/S1MI02-20220721-9W.png,S1MI02,1,S1MI02-20220721-9W,S1MI02,MI,MI,63,0.183,1,2835,650,RGBA,2667227,206.406635,194.736628,169.321851,20.270586,21.532496,22.645355,190.155038,21.482813,195.382725,0.766207,374,47.215190
S1MI02-20220802-10W.png,Data/Images_dataset/S1MI02-20220802-10W.png,S1MI02,1,S1MI02-20220802-10W,S1MI02,MI,MI,70,0.247,1,2835,650,RGBA,2548100,188.772669,176.556379,150.395340,21.996423,22.591483,22.275334,171.908129,22.287747,177.264735,0.695156,200,25.189873
S1MI02-20220822-13W.png,Data/Images_dataset/S1MI02-20220822-13W.png,S1MI02,1,S1MI02-20220822-13W,S1MI02,MI,MI,91,0.141,1,2835,650,RGBA,2294769,188.918087,176.247644,153.123514,18.894633,19.397195,19.094125,172.763082,19.128651,177.271818,0.695184,201,25.316456
S1MI02-20220906-15W.png,Data/Images_dataset/S1MI02-20220906-15W.png,S1MI02,1,S1MI02-20220906-15W,S1MI02,MI,MI,105,0.478,1,2835,650,RGBA,3150154,184.924551,172.433644,145.615438,26.647045,27.093659,27.130755,167.657877,26.957153,173.152936,0.679031,165,20.759494
S1MI02-20221102-24W.png,Data/Images_dataset/S1MI02-20221102-24W.png,S1MI02,2,S1MI02-20221102-24W,S1MI02,MI,MI,168,9.584,2,2835,650,RGBA,2738531,141.527593,122.938615,91.275539,26.167620,30.996156,29.716697,118.580582,28.960158,124.604558,0.488645,11,1.265823
S1MI02-20221110-25W.png,Data/Images_dataset/S1MI02-20221110-25W.png,S1MI02,1,S1MI02-20221110-25W,S1MI02,MI,MI,175,4.58,1,2835,650,RGBA,2756073,188.103020,169.668635,139.274687,26.384308,33.935453,36.089935,165.682114,32.136565,171.393343,0.672131,145,18.227848
S1MI02-20221206-28W.png,Data/Images_dataset/S1MI02-20221206-28W.png,S1MI02,2,S1MI02-20221206-28W,S1MI02,MI,MI,196,8.318,2,2835,650,RGBA,2573008,169.726745,147.429372,109.762056,29.042796,36.476206,36.065288,142.306058,33.861430,149.450214,0.586079,50,6.202532
S1MI03-20220518-0W.png,Data/Images_dataset/S1MI03-20220518-0W.png,S1MI03,1,S1MI03-20220518-0W,S1MI03,MI,MI,0,0.356,1,2835,650,RGBA,2685695,218.133794,204.763880,175.168355,24.285601,25.528044,25.098323,199.355343,24.970656,205.469527,0.805763,474,59.873418
S1MI03-20220603-2W.png,Data/Images_dataset/S1MI03-20220603-2W.png,S1MI03,1,S1MI03-20220603-2W,S1MI03,MI,MI,14,0.758,1,2835,650,RGBA,2273198,186.649320,174.523230,145.792452,23.138460,24.286375,24.223602,168.988334,23.882812,175.026875,0.686380,184,23.164557
S1MI03-20220609-3W.png,Data/Images_dataset/S1MI03-20220609-3W.png,S1MI03,1,S1MI03-20220609-3W,S1MI03,MI,MI,21,0.463,1,2835,650,RGBA,2838631,223.064631,212.442293,188.950567,26.518346,28.360296,30.026558,208.152497,28.301733,213.004500,0.835312,525,66.329114
S1MI03-20220616-4W.png,Data/Images_dataset/S1MI03-20220616-4W.png,S1MI03,1,S1MI03-20220616-4W,S1MI03,MI,MI,28,0.303,1,2835,650,RGBA,2745765,224.849388,213.622119,188.569757,23.819011,25.534447,26.884669,209.013754,25.412709,214.200256,0.840001,533,67.341772
S1MI03-20220623-5W.png,Data/Images_dataset/S1MI03-20220623-5W.png,S1MI03,1,S1MI03-20220623-5W,S1MI03,MI,MI,35,0.471,1,2835,650,RGBA,2421480,208.200228,197.017858,169.467194,25.668685,27.045382,27.704684,191.561760,26.806250,197.406072,0.774141,393,49.620253
S1MI03-20220630-6W.png,Data/Images_dataset/S1MI03-20220630-6W.png,S1MI03,1,S1MI03-20220630-6W,S1MI03,MI,MI,42,0.686,1,2835,650,RGBA,2746876,214.755099,203.870807,177.503440,26.917457,28.559290,30.371702,198.709782,28.616150,204.281083,0.801102,463,58.481013
S1MI03-20220708-7W.png,Data/Images_dataset/S1MI03-20220708-7W.png,S1MI03,1,S1MI03-20220708-7W,S1MI03,MI,MI,49,0.282,1,2835,650,RGBA,2464596,211.522321,200.877790,175.000265,20.971759,22.797982,24.403133,195.800125,22.724291,201.272460,0.789304,429,54.177215
S1MI03-20220714-8W.png,Data/Images_dataset/S1MI03-20220714-8W.png,S1MI03,1,S1MI03-20220714-8W,S1MI03,MI,MI,56,0.344,1,2835,650,RGBA,2812156,204.789525,190.568381,161.552330,22.176913,23.453172,24.380574,185.636745,23.336887,191.496837,0.750968,328,41.392405
S1MI03-20220721-9W.png,Data/Images_dataset/S1MI03-20220721-9W.png,S1MI03,1,S1MI03-20220721-9W,S1MI03,MI,MI,63,0.528,1,2835,650,RGBA,2824791,207.151916,195.952917,172.462323,22.369420,24.233976,25.602511,191.855719,24.068636,196.637803,0.771129,390,49.240506
S1MI03-20220802-10W.png,Data/Images_dataset/S1MI03-20220802-10W.png,S1MI03,1,S1MI03-20220802-10W,S1MI03,MI,MI,70,0.783,1,2835,650,RGBA,3024620,199.801131,187.975107,162.387446,25.471597,27.028796,27.625694,183.387895,26.708696,188.641890,0.739772,299,37.721519
S1MI03-20220822-13W.png,Data/Images_dataset/S1MI03-20220822-13W.png,S1MI03,1,S1MI03-20220822-13W,S1MI03,MI,MI,91,0.371,1,2835,650,RGBA,2488714,205.080658,192.197688,165.745702,20.184102,21.759294,22.296946,187.674682,21.413447,193.026774,0.756968,344,43.417722
S1MI03-20220906-15W.png,Data/Images_dataset/S1MI03-20220906-15W.png,S1MI03,1,S1MI03-20220906-15W,S1MI03,MI,MI,105,1.399,1,2835,650,RGBA,3178567,180.552923,167.798988,141.430103,28.453136,29.640628,29.855988,163.260671,29.316584,168.606641,0.661203,131,16.455696
S1MI03-20221102-24W.png,Data/Images_dataset/S1MI03-20221102-24W.png,S1MI03,2,S1MI03-20221102-24W,S1MI03,MI,MI,168,8.146,2,2835,650,RGBA,3147987,155.548034,137.600224,105.973134,25.500199,32.369640,31.707916,133.040464,29.859251,139.132453,0.545617,27,3.291139
S1MI03-20221110-25W.png,Data/Images_dataset/S1MI03-20221110-25W.png,S1MI03,2,S1MI03-20221110-25W,S1MI03,MI,MI,175,8.899,2,2835,650,RGBA,3234489,173.652489,152.557168,120.778641,29.718221,37.938521,37.273808,148.996100,34.976850,154.747624,0.606853,74,9.240506
S1MI03-20221206-28W.png,Data/Images_dataset/S1MI03-20221206-28W.png,S1MI03,2,S1MI03-20221206-28W,S1MI03,MI,MI,196,12.772,2,2835,650,RGBA,3003634,164.149214,140.613079,102.804036,29.533160,38.735199,36.700713,135.855443,34.989690,142.887049,0.560341,36,4.430380
S1MI04-20220518-0W.png,Data/Images_dataset/S1MI04-20220518-0W.png,S1MI04,1,S1MI04-20220518-0W,S1MI04,MI,MI,0,0.296,1,2835,650,RGBA,2161446,185.087140,174.212640,150.840494,19.236525,20.078648,19.689706,170.046758,19.668293,174.837090,0.685636,182,22.911392
S1MI04-20220603-2W.png,Data/Images_dataset/S1MI04-20220603-2W.png,S1MI04,1,S1MI04-20220603-2W,S1MI04,MI,MI,14,0.636,1,2835,650,RGBA,2752437,213.151455,201.797171,174.128586,25.943273,27.558086,28.324425,196.359071,27.275262,202.213420,0.792994,443,55.949367
S1MI04-20220609-3W.png,Data/Images_dataset/S1MI04-20220609-3W.png,S1MI04,1,S1MI04-20220609-3W,S1MI04,MI,MI,21,0.629,1,2835,650,RGBA,3177055,223.334206,212.468571,188.786224,28.826706,31.392182,32.964135,208.196334,31.061008,213.068740,0.835564,527,66.582278
S1MI04-20220616-4W.png,Data/Images_dataset/S1MI04-20220616-4W.png,S1MI04,1,S1MI04-20220616-4W,S1MI04,MI,MI,28,0.396,1,2835,650,RGBA,2634498,220.933852,209.178039,184.715167,21.358123,24.118129,25.956270,204.942353,23.810841,209.911106,0.823181,503,63.544304
S1MI04-20220623-5W.png,Data/Images_dataset/S1MI04-20220623-5W.png,S1MI04,1,S1MI04-20220623-5W,S1MI04,MI,MI,35,0.854,1,2835,650,RGBA,2783761,215.062713,202.941251,174.691350,26.439033,29.430214,31.363959,197.565105,29.077735,203.478631,0.797955,455,57.468354
S1MI04-20220630-6W.png,Data/Images_dataset/S1MI04-20220630-6W.png,S1MI04,1,S1MI04-20220630-6W,S1MI04,MI,MI,42,0.994,1,2835,650,RGBA,2501352,194.105001,183.019163,157.431169,22.473809,25.773388,27.527977,178.185111,25.258391,183.528559,0.719720,253,31.898734
S1MI04-20220708-7W.png,Data/Images_dataset/S1MI04-20220708-7W.png,S1MI04,1,S1MI04-20220708-7W,S1MI04,MI,MI,49,0.954,1,2835,650,RGBA,3119077,211.646735,200.063767,174.016174,27.370549,30.163625,31.623169,195.242225,29.719115,200.645670,0.786846,423,53.417722
S1MI04-20220714-8W.png,Data/Images_dataset/S1MI04-20220714-8W.png,S1MI04,1,S1MI04-20220714-8W,S1MI04,MI,MI,56,1.231,1,2835,650,RGBA,3087165,208.331327,194.920950,166.522576,26.158523,29.836533,32.022953,189.924951,29.339336,195.721633,0.767536,377,47.594937
S1MI04-20220721-9W.png,Data/Images_dataset/S1MI04-20220721-9W.png,S1MI04,1,S1MI04-20220721-9W,S1MI04,MI,MI,63,1.234,1,2835,650,RGBA,3145038,207.138456,194.110857,169.607878,26.499364,30.141637,32.197154,190.285730,29.612719,195.111410,0.765143,371,46.835443
S1MI04-20220802-10W.png,Data/Images_dataset/S1MI04-20220802-10W.png,S1MI04,1,S1MI04-20220802-10W,S1MI04,MI,MI,70,2.278,1,2835,650,RGBA,3272372,194.405878,179.383372,150.627284,28.845039,32.955261,34.317899,174.805511,32.039400,180.500967,0.707847,221,27.848101
S1MI04-20220822-13W.png,Data/Images_dataset/S1MI04-20220822-13W.png,S1MI04,1,S1MI04-20220822-13W,S1MI04,MI,MI,91,1.17,1,2835,650,RGBA,2151954,200.908112,184.692171,155.599453,18.836665,23.935465,25.671105,180.399912,22.814412,186.039186,0.729565,273,34.430380
S1MI04-20220906-15W.png,Data/Images_dataset/S1MI04-20220906-15W.png,S1MI04,1,S1MI04-20220906-15W,S1MI04,MI,MI,105,4.25,1,2835,650,RGBA,3105621,188.351896,170.943797,140.412413,28.484370,35.297942,37.947373,166.569369,33.909895,172.440393,0.676237,158,19.873418
S1MI04-20221102-24W.png,Data/Images_dataset/S1MI04-20221102-24W.png,S1MI04,3,S1MI04-20221102-24W,S1MI04,MI,MI,168,24.223,3,2835,650,RGBA,3128462,155.904730,122.627793,86.047519,27.812054,39.550647,35.430540,121.526681,34.264414,127.061374,0.498280,13,1.518987
S1MI04-20221110-25W.png,Data/Images_dataset/S1MI04-20221110-25W.png,S1MI04,3,S1MI04-20221110-25W,S1MI04,MI,MI,175,16.735,3,2835,650,RGBA,2447571,192.304404,154.274682,112.173360,36.123911,49.456882,46.175062,152.917482,43.918618,159.320086,0.624785,89,11.139241
S1MI04-20221206-28W.png,Data/Images_dataset/S1MI04-20221206-28W.png,S1MI04,4,S1MI04-20221206-28W,S1MI04,MI,MI,196,32.041,4,2835,650,RGBA,3032733,167.536568,124.315504,78.888762,35.954499,48.428162,39.395367,123.580278,41.259343,130.224491,0.510684,19,2.278481
S1MI05-20220518-0W.png,Data/Images_dataset/S1MI05-20220518-0W.png,S1MI05,1,S1MI05-20220518-0W,S1MI05,MI,MI,0,0.241,1,2835,650,RGBA,2053485,188.723242,178.531761,156.148564,18.887606,19.791987,19.663061,174.467855,19.447551,179.082403,0.702284,213,26.835443
S1MI05-20220603-2W.png,Data/Images_dataset/S1MI05-20220603-2W.png,S1MI05,1,S1MI05-20220603-2W,S1MI05,MI,MI,14,0.529,1,2835,650,RGBA,2603063,184.068988,172.367649,146.507286,26.551692,27.303985,27.375801,167.647975,27.077159,172.988236,0.678385,161,20.253165
S1MI05-20220609-3W.png,Data/Images_dataset/S1MI05-20220609-3W.png,S1MI05,1,S1MI05-20220609-3W,S1MI05,MI,MI,21,0.415,1,2835,650,RGBA,2655725,212.941333,201.961365,179.028532,24.925076,26.519276,27.438319,197.977077,26.294223,202.639956,0.794666,449,56.708861
S1MI05-20220616-4W.png,Data/Images_dataset/S1MI05-20220616-4W.png,S1MI05,1,S1MI05-20220616-4W,S1MI05,MI,MI,28,0.415,1,2835,650,RGBA,2732154,216.635819,204.404003,178.218259,23.761049,25.772449,26.757460,199.752693,25.430320,205.113876,0.804368,472,59.620253
S1MI05-20220623-5W.png,Data/Images_dataset/S1MI05-20220623-5W.png,S1MI05,1,S1MI05-20220623-5W,S1MI05,MI,MI,35,0.833,1,2835,650,RGBA,2400955,164.374055,154.009010,129.134211,21.583272,22.633361,22.217636,149.172425,22.144756,154.416658,0.605556,72,8.987342
S1MI05-20220630-6W.png,Data/Images_dataset/S1MI05-20220630-6W.png,S1MI05,1,S1MI05-20220630-6W,S1MI05,MI,MI,42,0.795,1,2835,650,RGBA,2519739,181.319290,170.256018,144.015102,25.940061,27.037764,26.888888,165.196803,26.622237,170.713475,0.669465,143,17.974684
S1MI05-20220708-7W.png,Data/Images_dataset/S1MI05-20220708-7W.png,S1MI05,1,S1MI05-20220708-7W,S1MI05,MI,MI,49,0.365,1,2835,650,RGBA,2550873,206.088066,195.125166,169.524720,22.925565,24.497827,25.034084,190.245984,24.152492,195.607526,0.767088,375,47.341772
S1MI05-20220714-8W.png,Data/Images_dataset/S1MI05-20220714-8W.png,S1MI05,1,S1MI05-20220714-8W,S1MI05,MI,MI,56,0.695,1,2835,650,RGBA,3018195,206.257027,193.183951,164.673262,26.276580,28.454355,29.599733,188.038080,28.110223,193.904815,0.760411,358,45.189873
S1MI05-20220721-9W.png,Data/Images_dataset/S1MI05-20220721-9W.png,S1MI05,1,S1MI05-20220721-9W,S1MI05,MI,MI,63,0.716,1,2835,650,RGBA,2663570,198.203438,185.709730,161.608306,21.707155,24.464655,26.449390,181.840491,24.207067,186.625769,0.731866,280,35.316456
S1MI05-20220802-10W.png,Data/Images_dataset/S1MI05-20220802-10W.png,S1MI05,1,S1MI05-20220802-10W,S1MI05,MI,MI,70,1.155,1,2835,650,RGBA,3404871,201.828558,188.298052,162.161528,28.022480,30.921290,32.542888,184.096046,30.495553,189.287580,0.742304,308,38.860759
S1MI05-20220822-13W.png,Data/Images_dataset/S1MI05-20220822-13W.png,S1MI05,1,S1MI05-20220822-13W,S1MI05,MI,MI,91,1.067,1,2835,650,RGBA,2327027,196.075359,179.807689,151.653446,18.819815,22.797206,24.224123,175.845498,21.947048,181.233459,0.710719,229,28.860759
S1MI05-20220906-15W.png,Data/Images_dataset/S1MI05-20220906-15W.png,S1MI05,1,S1MI05-20220906-15W,S1MI05,MI,MI,105,4.938,1,2835,650,RGBA,2643550,166.170121,148.817222,117.454017,25.204117,30.094936,31.224782,144.147120,28.841278,150.242025,0.589184,54,6.708861
S1MI05-20221102-24W.png,Data/Images_dataset/S1MI05-20221102-24W.png,S1MI05,4,S1MI05-20221102-24W,S1MI05,MI,MI,168,27.656,4,2835,650,RGBA,2672103,143.951724,112.799243,74.202355,30.310053,38.488257,33.964369,110.317774,34.254226,116.635565,0.457394,8,0.886076
S1MI05-20221110-25W.png,Data/Images_dataset/S1MI05-20221110-25W.png,S1MI05,3,S1MI05-20221110-25W,S1MI05,MI,MI,175,18.451,3,2835,650,RGBA,3188014,169.529728,134.168426,93.115261,31.976705,41.493064,36.168635,132.271138,36.546135,138.722200,0.544009,26,3.164557
S1MI05-20221206-28W.png,Data/Images_dataset/S1MI05-20221206-28W.png,S1MI05,4,S1MI05-20221206-28W,S1MI05,MI,MI,196,34.269,4,2835,650,RGBA,2868993,162.847309,118.045495,69.170921,32.698186,42.951094,32.462523,116.687908,36.037268,124.041616,0.486438,10,1.139241
S1MI06-20220518-0W.png,Data/Images_dataset/S1MI06-20220518-0W.png,S1MI06,1,S1MI06-20220518-0W,S1MI06,MI,MI,0,0.173,1,2835,650,RGBA,2408144,198.410707,188.331848,165.936529,17.244127,17.749013,17.802713,184.226361,17.598618,188.857671,0.740618,306,38.607595
S1MI06-20220603-2W.png,Data/Images_dataset/S1MI06-20220603-2W.png,S1MI06,1,S1MI06-20220603-2W,S1MI06,MI,MI,14,0.15,1,2835,650,RGBA,2404342,221.588857,211.942072,186.786680,17.925939,18.853981,19.625733,206.772537,18.801884,212.176759,0.832066,517,65.316456
S1MI06-20220609-3W.png,Data/Images_dataset/S1MI06-20220609-3W.png,S1MI06,1,S1MI06-20220609-3W,S1MI06,MI,MI,21,0.239,1,2835,650,RGBA,2757858,225.950728,216.338082,197.579639,21.161540,22.006987,22.845236,213.289483,22.004588,217.027371,0.851088,553,69.873418
S1MI06-20220616-4W.png,Data/Images_dataset/S1MI06-20220616-4W.png,S1MI06,1,S1MI06-20220616-4W,S1MI06,MI,MI,28,0.242,1,2835,650,RGBA,2635935,224.223289,213.940292,190.179757,20.107169,20.888006,21.346631,209.447779,20.780602,214.410946,0.840827,536,67.721519
S1MI06-20220623-5W.png,Data/Images_dataset/S1MI06-20220623-5W.png,S1MI06,1,S1MI06-20220623-5W,S1MI06,MI,MI,35,0.121,1,2835,650,RGBA,2277243,203.042181,192.882939,168.763826,15.862412,16.848094,16.957465,188.229649,16.555990,193.301394,0.758045,353,44.556962
S1MI06-20220630-6W.png,Data/Images_dataset/S1MI06-20220630-6W.png,S1MI06,1,S1MI06-20220630-6W,S1MI06,MI,MI,42,0.263,1,2835,650,RGBA,2620698,219.761454,210.298609,186.653121,20.881454,21.861084,22.710189,205.571062,21.817576,210.603206,0.825895,505,63.797468
S1MI06-20220708-7W.png,Data/Images_dataset/S1MI06-20220708-7W.png,S1MI06,1,S1MI06-20220708-7W,S1MI06,MI,MI,49,0.31,1,2835,650,RGBA,3028884,214.260243,204.561228,182.034032,22.662749,23.459248,23.888270,200.285167,23.336756,204.996775,0.803909,470,59.367089
S1MI06-20220714-8W.png,Data/Images_dataset/S1MI06-20220714-8W.png,S1MI06,1,S1MI06-20220714-8W,S1MI06,MI,MI,56,0.309,1,2835,650,RGBA,2695532,204.781737,192.260346,165.292898,19.902218,21.067417,21.223748,187.444993,20.731128,192.975344,0.756766,343,43.291139
S1MI06-20220721-9W.png,Data/Images_dataset/S1MI06-20220721-9W.png,S1MI06,1,S1MI06-20220721-9W,S1MI06,MI,MI,63,0.328,1,2835,650,RGBA,2663951,201.514349,190.403039,166.902147,19.846684,20.856784,20.847157,186.273178,20.516875,191.068539,0.749288,322,40.632911
S1MI06-20220802-10W.png,Data/Images_dataset/S1MI06-20220802-10W.png,S1MI06,1,S1MI06-20220802-10W,S1MI06,MI,MI,70,0.279,1,2835,650,RGBA,2950528,206.408684,194.559735,171.041485,22.820414,23.640865,23.775265,190.669968,23.412182,195.380804,0.766199,373,47.088608
S1MI06-20220822-13W.png,Data/Images_dataset/S1MI06-20220822-13W.png,S1MI06,1,S1MI06-20220822-13W,S1MI06,MI,MI,91,0.133,1,2835,650,RGBA,2249260,205.834605,193.554294,167.691492,16.953777,17.601457,16.681439,189.026797,17.078891,194.297794,0.761952,362,45.696203
S1MI06-20220906-15W.png,Data/Images_dataset/S1MI06-20220906-15W.png,S1MI06,1,S1MI06-20220906-15W,S1MI06,MI,MI,105,0.88,1,2835,650,RGBA,2816133,183.025360,171.058945,144.407944,25.251624,25.902331,25.159911,166.164083,25.437955,171.678803,0.673250,148,18.607595
S1MI06-20221102-24W.png,Data/Images_dataset/S1MI06-20221102-24W.png,S1MI06,2,S1MI06-20221102-24W,S1MI06,MI,MI,168,5.066,2,2835,650,RGBA,3010744,151.625732,135.454978,106.940207,22.441389,26.434912,25.664554,131.340306,24.846952,136.834114,0.536604,24,2.911392
S1MI06-20221110-25W.png,Data/Images_dataset/S1MI06-20221110-25W.png,S1MI06,1,S1MI06-20221110-25W,S1MI06,MI,MI,175,4.888,1,2835,650,RGBA,2979780,177.847863,162.829085,136.590964,27.465687,32.863132,32.883036,159.089304,31.070618,164.127685,0.643638,108,13.544304
S1MI06-20221206-28W.png,Data/Images_dataset/S1MI06-20221206-28W.png,S1MI06,2,S1MI06-20221206-28W,S1MI06,MI,MI,196,6.321,2,2835,650,RGBA,2827170,179.160837,159.638056,124.692356,27.251375,33.880075,32.980531,154.497083,31.370660,161.265520,0.632414,98,12.278481
S1MI07-20220518-0W.png,Data/Images_dataset/S1MI07-20220518-0W.png,S1MI07,1,S1MI07-20220518-0W,S1MI07,MI,MI,0,0.238,1,2835,650,RGBA,2428311,187.491965,176.334806,154.142629,26.544510,28.582124,29.038302,172.656467,28.054978,177.104543,0.694528,198,24.936709
S1MI07-20220603-2W.png,Data/Images_dataset/S1MI07-20220603-2W.png,S1MI07,1,S1MI07-20220603-2W,S1MI07,MI,MI,14,0.976,1,2835,650,RGBA,2851119,179.609744,169.130923,144.019268,32.003772,33.666835,34.017933,164.253312,33.229513,169.545659,0.664885,138,17.341772
S1MI07-20220609-3W.png,Data/Images_dataset/S1MI07-20220609-3W.png,S1MI07,1,S1MI07-20220609-3W,S1MI07,MI,MI,21,0.234,1,2835,650,RGBA,3212784,221.147113,211.550198,192.325547,33.040106,35.488087,37.808098,208.340953,35.445430,212.202483,0.832167,518,65.443038
S1MI07-20220616-4W.png,Data/Images_dataset/S1MI07-20220616-4W.png,S1MI07,1,S1MI07-20220616-4W,S1MI07,MI,MI,28,0.139,1,2835,650,RGBA,3002678,224.056904,212.954553,191.907764,28.724236,31.118182,33.055024,209.639740,30.965814,213.795335,0.838413,530,66.962025
S1MI07-20220623-5W.png,Data/Images_dataset/S1MI07-20220623-5W.png,S1MI07,1,S1MI07-20220623-5W,S1MI07,MI,MI,35,0.349,1,2835,650,RGBA,2918086,209.066857,198.830805,176.080745,31.488342,33.618975,35.379814,194.659469,33.495710,199.364435,0.781821,407,51.392405
S1MI07-20220630-6W.png,Data/Images_dataset/S1MI07-20220630-6W.png,S1MI07,1,S1MI07-20220630-6W,S1MI07,MI,MI,42,0.403,1,2835,650,RGBA,3308292,213.766680,203.531583,181.449061,34.639977,36.950827,39.212631,199.582442,36.934478,204.113207,0.800444,458,57.848101
S1MI07-20220708-7W.png,Data/Images_dataset/S1MI07-20220708-7W.png,S1MI07,1,S1MI07-20220708-7W,S1MI07,MI,MI,49,0.228,1,2835,650,RGBA,3110015,212.190305,202.491311,179.963867,30.891813,32.693571,34.508798,198.215161,32.698061,202.926835,0.795792,451,56.962025
S1MI07-20220714-8W.png,Data/Images_dataset/S1MI07-20220714-8W.png,S1MI07,1,S1MI07-20220714-8W,S1MI07,MI,MI,56,0.557,1,2835,650,RGBA,3311693,199.188516,186.662952,161.333205,32.586811,34.590362,35.732020,182.394891,34.303064,187.497079,0.735283,292,36.835443
S1MI07-20220721-9W.png,Data/Images_dataset/S1MI07-20220721-9W.png,S1MI07,1,S1MI07-20220721-9W,S1MI07,MI,MI,63,0.693,1,2835,650,RGBA,3267373,190.502268,178.661950,153.878165,31.674927,33.305178,34.081336,174.347461,33.020480,179.389813,0.703489,215,27.088608
S1MI07-20220802-10W.png,Data/Images_dataset/S1MI07-20220802-10W.png,S1MI07,1,S1MI07-20220802-10W,S1MI07,MI,MI,70,0.79,1,2835,650,RGBA,3315513,183.858201,171.606104,146.812349,31.718552,32.703799,32.398332,167.425552,32.273561,172.420791,0.676160,157,19.746835
S1MI07-20220822-13W.png,Data/Images_dataset/S1MI07-20220822-13W.png,S1MI07,1,S1MI07-20220822-13W,S1MI07,MI,MI,91,0.152,1,2835,650,RGBA,2869081,207.847637,195.347440,170.500715,26.722070,28.302153,28.816281,191.231931,27.946835,196.211048,0.769455,383,48.354430
S1MI07-20220906-15W.png,Data/Images_dataset/S1MI07-20220906-15W.png,S1MI07,1,S1MI07-20220906-15W,S1MI07,MI,MI,105,1.262,1,2835,650,RGBA,3320285,176.388942,164.325576,139.018312,38.415128,39.508507,39.405816,159.910944,39.109817,165.063064,0.647306,114,14.303797
S1MI07-20221102-24W.png,Data/Images_dataset/S1MI07-20221102-24W.png,S1MI07,1,S1MI07-20221102-24W,S1MI07,MI,MI,168,1.882,1,2835,650,RGBA,2931572,154.058599,142.200632,116.229714,29.019089,29.196989,28.294442,137.496315,28.836840,142.846535,0.560182,35,4.303797
S1MI07-20221110-25W.png,Data/Images_dataset/S1MI07-20221110-25W.png,S1MI07,1,S1MI07-20221110-25W,S1MI07,MI,MI,175,1.393,1,2835,650,RGBA,3391136,189.516499,177.486592,154.585824,36.052855,37.655935,37.585070,173.862972,37.097953,178.390715,0.699571,209,26.329114
S1MI07-20221206-28W.png,Data/Images_dataset/S1MI07-20221206-28W.png,S1MI07,1,S1MI07-20221206-28W,S1MI07,MI,MI,196,2.019,1,2835,650,RGBA,3329693,187.749253,172.555604,140.601014,36.888943,38.982897,38.948254,166.968624,38.273365,173.478653,0.680308,171,21.518987
S2SA01-20220518-0W.png,Data/Images_dataset/S2SA01-20220518-0W.png,S2SA01,1,S2SA01-20220518-0W,S2SA01,NO,D,0,0.098,1,2835,650,RGBA,2076210,193.953298,183.744578,160.963079,13.131386,13.431299,13.233711,179.553652,13.265465,184.270128,0.722628,258,32.531646
S2SA01-20220603-2W.png,Data/Images_dataset/S2SA01-20220603-2W.png,S2SA01,1,S2SA01-20220603-2W,S2SA01,NO,D,14,0.23,1,2835,650,RGBA,2196036,208.754326,198.747293,171.840163,15.872495,16.219881,16.248436,193.113927,16.113604,198.932094,0.780126,406,51.265823
S2SA01-20220609-3W.png,Data/Images_dataset/S2SA01-20220609-3W.png,S2SA01,1,S2SA01-20220609-3W,S2SA01,NO,D,21,0.154,1,2835,650,RGBA,2324354,219.700879,209.981954,192.072908,17.903620,18.626432,19.853219,207.251914,18.794423,210.755164,0.826491,507,64.050633
S2SA01-20220616-4W.png,Data/Images_dataset/S2SA01-20220616-4W.png,S2SA01,1,S2SA01-20220616-4W,S2SA01,NO,D,28,0.066,1,2835,650,RGBA,2107680,222.386009,212.119617,187.700285,15.804384,16.554637,17.098133,207.401971,16.485718,212.539176,0.833487,522,65.949367
S2SA01-20220623-5W.png,Data/Images_dataset/S2SA01-20220623-5W.png,S2SA01,1,S2SA01-20220623-5W,S2SA01,NO,D,35,0.126,1,2835,650,RGBA,2129050,191.702050,181.008564,154.063402,13.454413,13.982666,13.691656,175.591339,13.709578,181.336559,0.711124,233,29.367089
S2SA01-20220630-6W.png,Data/Images_dataset/S2SA01-20220630-6W.png,S2SA01,1,S2SA01-20220630-6W,S2SA01,NO,D,42,0.314,1,2835,650,RGBA,2447755,203.607534,192.457384,168.432895,19.030906,19.930761,20.530807,188.165938,19.830824,193.093338,0.757229,346,43.670886
S2SA01-20220708-7W.png,Data/Images_dataset/S2SA01-20220708-7W.png,S2SA01,1,S2SA01-20220708-7W,S2SA01,NO,D,49,0.219,1,2835,650,RGBA,2714997,219.425724,209.994076,186.419057,21.004798,21.739026,22.366254,205.279619,21.703359,210.297128,0.824695,504,63.670886
S2SA01-20220714-8W.png,Data/Images_dataset/S2SA01-20220714-8W.png,S2SA01,1,S2SA01-20220714-8W,S2SA01,NO,D,56,0.535,1,2835,650,RGBA,3039252,193.781665,179.962087,153.127226,22.108688,23.130171,23.686078,175.623659,22.974979,180.962652,0.709657,223,28.101266
S2SA01-20220721-9W.png,Data/Images_dataset/S2SA01-20220721-9W.png,S2SA01,1,S2SA01-20220721-9W,S2SA01,NO,D,63,0.146,1,2835,650,RGBA,2492086,206.741838,195.105159,171.043452,17.062867,18.150227,19.205421,190.963483,18.139505,195.841861,0.768007,378,47.721519
S2SA01-20220802-10W.png,Data/Images_dataset/S2SA01-20220802-10W.png,S2SA01,1,S2SA01-20220802-10W,S2SA01,NO,D,70,0.369,1,2835,650,RGBA,2839029,202.221136,189.403940,162.826687,20.638430,21.886092,22.395152,184.817254,21.639891,190.209998,0.745922,314,39.620253
S2SA01-20220822-13W.png,Data/Images_dataset/S2SA01-20220822-13W.png,S2SA01,1,S2SA01-20220822-13W,S2SA01,NO,D,91,0.414,1,2835,650,RGBA,2805756,187.835104,174.116612,148.620482,20.623215,21.303417,21.284851,170.190732,21.070495,175.192342,0.687029,186,23.417722
S2SA01-20220906-15W.png,Data/Images_dataset/S2SA01-20220906-15W.png,S2SA01,1,S2SA01-20220906-15W,S2SA01,NO,D,105,1.651,1,2835,650,RGBA,2891104,178.197328,162.475088,133.149221,21.075128,23.734720,24.980945,157.940546,23.263598,163.700309,0.641962,103,12.911392
S2SA01-20221102-24W.png,Data/Images_dataset/S2SA01-20221102-24W.png,S2SA01,2,S2SA01-20221102-24W,S2SA01,NO,D,168,11.932,2,2835,650,RGBA,2359863,149.774591,127.706362,93.798198,24.822157,32.703722,31.673256,123.759717,29.733045,129.949898,0.509607,17,2.025316
S2SA01-20221110-25W.png,Data/Images_dataset/S2SA01-20221110-25W.png,S2SA01,2,S2SA01-20221110-25W,S2SA01,NO,D,175,6.52,2,2835,650,RGBA,2577671,189.059761,165.905551,131.034722,21.789585,33.915996,36.145063,162.000011,30.616881,168.310462,0.660041,128,16.075949
S2SA01-20221206-28W.png,Data/Images_dataset/S2SA01-20221206-28W.png,S2SA01,2,S2SA01-20221206-28W,S2SA01,NO,D,196,11.093,2,2835,650,RGBA,2387243,174.640037,149.344295,108.823279,23.226448,35.412046,34.899631,144.269204,31.179375,151.796552,0.595281,57,7.088608
S2SA02-20220518-0W.png,Data/Images_dataset/S2SA02-20220518-0W.png,S2SA02,1,S2SA02-20220518-0W,S2SA02,SA,SA,0,0.085,1,2835,650,RGBA,1896258,184.072328,173.797689,151.398022,13.738635,13.816481,13.609150,169.756013,13.721422,174.364822,0.683784,178,22.405063
S2SA02-20220603-2W.png,Data/Images_dataset/S2SA02-20220603-2W.png,S2SA02,1,S2SA02-20220603-2W,S2SA02,SA,SA,14,0.188,1,2835,650,RGBA,2537201,162.824273,153.081114,129.603231,15.445612,15.506293,15.135994,148.502873,15.362633,153.457406,0.601794,63,7.848101
S2SA02-20220609-3W.png,Data/Images_dataset/S2SA02-20220609-3W.png,S2SA02,1,S2SA02-20220609-3W,S2SA02,SA,SA,21,0.087,1,2835,650,RGBA,2246574,217.392263,207.498618,186.299218,14.731195,15.402908,16.205314,203.730033,15.446472,208.071411,0.815966,487,61.518987
S2SA02-20220616-4W.png,Data/Images_dataset/S2SA02-20220616-4W.png,S2SA02,1,S2SA02-20220616-4W,S2SA02,SA,SA,28,0.119,1,2835,650,RGBA,2430988,207.190386,197.021344,172.806848,15.022632,15.847643,16.401902,192.339526,15.757392,197.434996,0.774255,394,49.746835
S2SA02-20220623-5W.png,Data/Images_dataset/S2SA02-20220623-5W.png,S2SA02,1,S2SA02-20220623-5W,S2SA02,SA,SA,35,0.164,1,2835,650,RGBA,2582732,204.179903,194.924799,170.044973,18.690380,19.454253,19.824528,189.716558,19.323054,195.096111,0.765083,369,46.582278
S2SA02-20220630-6W.png,Data/Images_dataset/S2SA02-20220630-6W.png,S2SA02,1,S2SA02-20220630-6W,S2SA02,SA,SA,42,0.162,1,2835,650,RGBA,2711543,209.958546,199.724866,175.298445,17.797464,18.659088,19.612953,194.993952,18.689835,200.136958,0.784851,418,52.784810
S2SA02-20220708-7W.png,Data/Images_dataset/S2SA02-20220708-7W.png,S2SA02,1,S2SA02-20220708-7W,S2SA02,SA,SA,49,0.145,1,2835,650,RGBA,2372635,212.631290,203.584181,180.770646,14.527022,15.620636,16.855370,198.995372,15.667676,203.860459,0.799453,456,57.594937
S2SA02-20220714-8W.png,Data/Images_dataset/S2SA02-20220714-8W.png,S2SA02,1,S2SA02-20220714-8W,S2SA02,SA,SA,56,0.239,1,2835,650,RGBA,2893931,211.556547,199.110336,171.843261,19.200956,20.296591,20.976059,194.170048,20.157869,199.787717,0.783481,416,52.531646
S2SA02-20220721-9W.png,Data/Images_dataset/S2SA02-20220721-9W.png,S2SA02,1,S2SA02-20220721-9W,S2SA02,SA,SA,63,0.186,1,2835,650,RGBA,2724438,202.314676,191.912039,167.029269,17.280668,18.229412,18.840140,187.085328,18.116740,192.327104,0.754224,334,42.151899
S2SA02-20220802-10W.png,Data/Images_dataset/S2SA02-20220802-10W.png,S2SA02,1,S2SA02-20220802-10W,S2SA02,SA,SA,70,0.261,1,2835,650,RGBA,2207093,189.239417,177.876500,153.717044,17.633503,18.472000,18.797828,173.610987,18.301110,178.547944,0.700188,211,26.582278
S2SA02-20220822-13W.png,Data/Images_dataset/S2SA02-20220822-13W.png,S2SA02,1,S2SA02-20220822-13W,S2SA02,SA,SA,91,0.185,1,2835,650,RGBA,2641742,193.473856,181.277960,156.133536,16.922780,17.749143,17.785826,176.961784,17.485917,182.055380,0.713943,240,30.253165
S2SA02-20220906-15W.png,Data/Images_dataset/S2SA02-20220906-15W.png,S2SA02,1,S2SA02-20220906-15W,S2SA02,SA,SA,105,0.646,1,2835,650,RGBA,2605354,180.828836,168.174151,140.351863,19.759959,21.113472,21.477792,163.118283,20.783741,168.855767,0.662179,133,16.708861
S2SA02-20221102-24W.png,Data/Images_dataset/S2SA02-20221102-24W.png,S2SA02,1,S2SA02-20221102-24W,S2SA02,SA,SA,168,4.474,1,2835,650,RGBA,2643973,167.852425,151.864338,120.057794,35.436748,38.522727,37.781788,146.591519,37.247087,152.966972,0.599870,62,7.721519
S2SA02-20221110-25W.png,Data/Images_dataset/S2SA02-20221110-25W.png,S2SA02,1,S2SA02-20221110-25W,S2SA02,SA,SA,175,2.247,1,2835,650,RGBA,2846430,195.517192,180.165667,151.524764,29.072021,33.680474,36.060709,175.735874,32.937735,181.361528,0.711222,234,29.493671
S2SA02-20221206-28W.png,Data/Images_dataset/S2SA02-20221206-28W.png,S2SA02,1,S2SA02-20221206-28W,S2SA02,SA,SA,196,3.601,1,2835,650,RGBA,2618144,190.672038,170.741900,131.505100,26.592457,33.303830,35.693780,164.306346,31.863355,172.146150,0.675083,155,19.493671
S2SA03-20220518-0W.png,Data/Images_dataset/S2SA03-20220518-0W.png,S2SA03,1,S2SA03-20220518-0W,S2SA03,SA,SA,0,0.144,1,2835,650,RGBA,2343122,191.269055,182.097835,160.396839,17.006964,17.517089,17.485876,177.921243,17.336643,182.480824,0.715611,245,30.886076
S2SA03-20220603-2W.png,Data/Images_dataset/S2SA03-20220603-2W.png,S2SA03,1,S2SA03-20220603-2W,S2SA03,SA,SA,14,0.404,1,2835,650,RGBA,2856203,197.114090,185.984423,160.766949,22.523952,23.479534,24.120681,181.288487,23.374722,186.529888,0.731490,277,34.936709
S2SA03-20220609-3W.png,Data/Images_dataset/S2SA03-20220609-3W.png,S2SA03,1,S2SA03-20220609-3W,S2SA03,SA,SA,21,0.277,1,2835,650,RGBA,2584391,208.684185,197.324790,173.450968,20.093493,22.087869,23.684936,193.153314,21.955433,198.016107,0.776534,400,50.506329
S2SA03-20220616-4W.png,Data/Images_dataset/S2SA03-20220616-4W.png,S2SA03,1,S2SA03-20220616-4W,S2SA03,SA,SA,28,0.32,1,2835,650,RGBA,2591557,206.764262,195.418695,170.565566,19.062965,20.973291,22.387037,190.916174,20.807764,196.036367,0.768770,381,48.101266
S2SA03-20220623-5W.png,Data/Images_dataset/S2SA03-20220623-5W.png,S2SA03,1,S2SA03-20220623-5W,S2SA03,SA,SA,35,0.481,1,2835,650,RGBA,2517407,183.946473,173.282406,148.599273,19.310916,20.968691,21.812719,168.609384,20.697442,173.767465,0.681441,173,21.772152
S2SA03-20220630-6W.png,Data/Images_dataset/S2SA03-20220630-6W.png,S2SA03,1,S2SA03-20220630-6W,S2SA03,SA,SA,42,0.729,1,2835,650,RGBA,3162226,212.092941,199.698034,172.738488,23.156714,26.312831,29.404024,194.843155,26.291190,200.386712,0.785830,421,53.164557
S2SA03-20220708-7W.png,Data/Images_dataset/S2SA03-20220708-7W.png,S2SA03,1,S2SA03-20220708-7W,S2SA03,SA,SA,49,0.615,1,2835,650,RGBA,2720475,199.386665,187.406605,161.081797,18.677998,21.637113,23.884920,182.625022,21.400010,188.052914,0.737462,297,37.468354
S2SA03-20220714-8W.png,Data/Images_dataset/S2SA03-20220714-8W.png,S2SA03,1,S2SA03-20220714-8W,S2SA03,SA,SA,56,0.997,1,2835,650,RGBA,3245309,197.752667,183.723946,155.607063,23.337058,26.231101,28.403807,179.027892,25.990656,184.676413,0.724221,262,33.037975
S2SA03-20220721-9W.png,Data/Images_dataset/S2SA03-20220721-9W.png,S2SA03,1,S2SA03-20220721-9W,S2SA03,SA,SA,63,0.993,1,2835,650,RGBA,3237830,194.543922,181.363754,153.601599,23.001053,25.714280,27.730070,176.503092,25.481801,182.161430,0.714359,241,30.379747
S2SA03-20220802-10W.png,Data/Images_dataset/S2SA03-20220802-10W.png,S2SA03,1,S2SA03-20220802-10W,S2SA03,SA,SA,70,1.048,1,2835,650,RGBA,3501800,201.268040,185.612821,156.432015,26.266194,29.212764,31.282157,181.104292,28.920372,186.834266,0.732683,281,35.443038
S2SA03-20220822-13W.png,Data/Images_dataset/S2SA03-20220822-13W.png,S2SA03,1,S2SA03-20220822-13W,S2SA03,SA,SA,91,1.165,1,2835,650,RGBA,2879142,182.607712,168.083008,140.616747,20.939191,23.484145,24.581946,163.769156,23.001761,169.187896,0.663482,136,17.088608
S2SA03-20220906-15W.png,Data/Images_dataset/S2SA03-20220906-15W.png,S2SA03,1,S2SA03-20220906-15W,S2SA03,SA,SA,105,3.124,1,2835,650,RGBA,3307786,167.955760,151.306964,120.000100,28.782697,31.321863,31.938783,146.420941,30.681114,152.586142,0.598377,61,7.594937
S2SA03-20221102-24W.png,Data/Images_dataset/S2SA03-20221102-24W.png,S2SA03,3,S2SA03-20221102-24W,S2SA03,SA,SA,168,21.699,3,2835,650,RGBA,2972281,157.434938,125.108067,85.596610,26.469240,37.689114,34.282807,122.713205,32.813720,129.128032,0.506384,16,1.898734
S2SA03-20221110-25W.png,Data/Images_dataset/S2SA03-20221110-25W.png,S2SA03,3,S2SA03-20221110-25W,S2SA03,SA,SA,175,15.149,3,2835,650,RGBA,3518959,190.680621,151.350142,111.482079,28.752059,43.637982,41.899278,151.170947,38.096439,156.833328,0.615033,81,10.126582
S2SA03-20221206-28W.png,Data/Images_dataset/S2SA03-20221206-28W.png,S2SA03,4,S2SA03-20221206-28W,S2SA03,SA,SA,196,43.177,4,2835,650,RGBA,3361671,155.242941,106.309019,62.365405,31.975425,43.936919,34.769055,107.972455,36.893800,113.539642,0.445253,6,0.632911
S2SA04-20220518-0W.png,Data/Images_dataset/S2SA04-20220518-0W.png,S2SA04,1,S2SA04-20220518-0W,S2SA04,SA,SA,0,0.217,1,2835,650,RGBA,2623548,193.591025,184.415637,162.016457,20.259865,20.539084,20.303262,180.007707,20.367404,184.749104,0.724506,263,33.164557
S2SA04-20220603-2W.png,Data/Images_dataset/S2SA04-20220603-2W.png,S2SA04,1,S2SA04-20220603-2W,S2SA04,SA,SA,14,0.162,1,2835,650,RGBA,2857136,207.944168,197.526178,172.542485,20.349042,20.799579,20.908641,192.670943,20.685754,197.937220,0.776224,399,50.379747
S2SA04-20220609-3W.png,Data/Images_dataset/S2SA04-20220609-3W.png,S2SA04,1,S2SA04-20220609-3W,S2SA04,SA,SA,21,0.132,1,2835,650,RGBA,2815596,213.439259,203.766757,180.926586,21.396017,22.142176,22.601963,199.377534,22.046719,204.174071,0.800683,460,58.101266
S2SA04-20220616-4W.png,Data/Images_dataset/S2SA04-20220616-4W.png,S2SA04,1,S2SA04-20220616-4W,S2SA04,SA,SA,28,0.051,1,2835,650,RGBA,2360823,216.281394,205.713756,180.316380,16.291676,17.112529,17.703154,200.770510,17.035786,206.126745,0.808340,479,60.506329
S2SA04-20220623-5W.png,Data/Images_dataset/S2SA04-20220623-5W.png,S2SA04,1,S2SA04-20220623-5W,S2SA04,SA,SA,35,0.199,1,2835,650,RGBA,2832263,198.852118,187.420273,160.493593,22.618804,23.101389,22.958605,182.255328,22.892933,187.906577,0.736889,296,37.341772
S2SA04-20220630-6W.png,Data/Images_dataset/S2SA04-20220630-6W.png,S2SA04,1,S2SA04-20220630-6W,S2SA04,SA,SA,42,0.027,1,2835,650,RGBA,1593520,196.033480,184.455843,157.407278,17.444621,17.893800,18.185328,179.298867,17.841250,184.964342,0.725350,264,33.291139
S2SA04-20220708-7W.png,Data/Images_dataset/S2SA04-20220708-7W.png,S2SA04,1,S2SA04-20220708-7W,S2SA04,SA,SA,49,0.073,1,2835,650,RGBA,2433775,205.844371,196.165740,171.665281,17.654053,18.350254,18.824378,191.225131,18.276228,196.454484,0.770410,388,48.987342
S2SA04-20220714-8W.png,Data/Images_dataset/S2SA04-20220714-8W.png,S2SA04,1,S2SA04-20220714-8W,S2SA04,SA,SA,56,0.303,1,2835,650,RGBA,3522716,203.015227,190.202546,163.119140,26.113182,27.161028,27.297111,185.445638,26.857107,190.971100,0.748906,321,40.506329
S2SA04-20220721-9W.png,Data/Images_dataset/S2SA04-20220721-9W.png,S2SA04,1,S2SA04-20220721-9W,S2SA04,SA,SA,63,0.204,1,2835,650,RGBA,2995193,197.936723,186.580883,163.734222,20.384148,21.263952,21.325167,182.750610,20.991089,187.345606,0.734689,288,36.329114
S2SA04-20220802-10W.png,Data/Images_dataset/S2SA04-20220802-10W.png,S2SA04,1,S2SA04-20220802-10W,S2SA04,SA,SA,70,0.338,1,2835,650,RGBA,2598529,181.066381,169.111989,143.440052,19.456851,20.188842,19.774107,164.539474,19.806600,169.799979,0.665882,140,17.594937
S2SA04-20220822-13W.png,Data/Images_dataset/S2SA04-20220822-13W.png,S2SA04,1,S2SA04-20220822-13W,S2SA04,SA,SA,91,0.37,1,2835,650,RGBA,2774265,183.108787,171.043010,147.466688,19.395655,19.841575,19.524966,167.206162,19.587399,171.905984,0.674141,152,19.113924
S2SA04-20220906-15W.png,Data/Images_dataset/S2SA04-20220906-15W.png,S2SA04,1,S2SA04-20220906-15W,S2SA04,SA,SA,105,0.595,1,2835,650,RGBA,2196181,168.824195,155.627891,128.088781,18.452464,18.926780,18.716416,150.846956,18.698553,156.445102,0.613510,79,9.873418
S2SA04-20221102-24W.png,Data/Images_dataset/S2SA04-20221102-24W.png,S2SA04,1,S2SA04-20221102-24W,S2SA04,SA,SA,168,3.119,1,2835,650,RGBA,2613741,144.095279,128.899603,101.032148,18.797294,21.042211,20.886589,124.675676,20.242032,130.118173,0.510267,18,2.151899
S2SA04-20221110-25W.png,Data/Images_dataset/S2SA04-20221110-25W.png,S2SA04,1,S2SA04-20221110-25W,S2SA04,SA,SA,175,3.074,1,2835,650,RGBA,3259838,177.177295,161.095874,133.039124,25.507295,29.435096,30.266691,157.104098,28.403028,162.489087,0.637212,100,12.531646
S2SA04-20221206-28W.png,Data/Images_dataset/S2SA04-20221206-28W.png,S2SA04,2,S2SA04-20221206-28W,S2SA04,SA,SA,196,13.995,2,2835,650,RGBA,3084294,145.619634,122.861086,86.458533,25.785844,32.320420,30.429690,118.313084,29.511985,125.071289,0.490476,12,1.392405
S2SA05-20220518-0W.png,Data/Images_dataset/S2SA05-20220518-0W.png,S2SA05,1,S2SA05-20220518-0W,S2SA05,SA,SA,0,0.063,1,2835,650,RGBA,1974031,194.116376,185.763651,165.802551,14.627553,14.879075,14.775690,181.894192,14.760773,186.098249,0.729797,275,34.683544
S2SA05-20220603-2W.png,Data/Images_dataset/S2SA05-20220603-2W.png,S2SA05,1,S2SA05-20220603-2W,S2SA05,SA,SA,14,0.094,1,2835,650,RGBA,2553448,209.493047,200.633013,175.947335,17.788836,18.092122,18.348688,195.357799,18.076548,200.734350,0.787194,426,53.797468
S2SA05-20220609-3W.png,Data/Images_dataset/S2SA05-20220609-3W.png,S2SA05,1,S2SA05-20220609-3W,S2SA05,SA,SA,21,0.078,1,2835,650,RGBA,2345945,200.207442,192.602067,173.449112,16.549271,16.751091,16.886614,188.752874,16.728992,192.836126,0.756220,341,43.037975
S2SA05-20220616-4W.png,Data/Images_dataset/S2SA05-20220616-4W.png,S2SA05,1,S2SA05-20220616-4W,S2SA05,SA,SA,28,0.024,1,2835,650,RGBA,2133099,215.513050,206.153567,183.011989,13.507695,13.822661,13.959776,201.559535,13.763377,206.472571,0.809696,480,60.632911
S2SA05-20220623-5W.png,Data/Images_dataset/S2SA05-20220623-5W.png,S2SA05,1,S2SA05-20220623-5W,S2SA05,SA,SA,35,0.065,1,2835,650,RGBA,2282383,203.006646,193.152749,168.273132,16.043107,16.546980,16.523014,188.144175,16.371033,193.451379,0.758633,354,44.683544
S2SA05-20220630-6W.png,Data/Images_dataset/S2SA05-20220630-6W.png,S2SA05,1,S2SA05-20220630-6W,S2SA05,SA,SA,42,0.094,1,2835,650,RGBA,2969538,211.098423,202.257834,178.585491,19.863913,20.267704,20.546747,197.313916,20.226121,202.428200,0.793836,447,56.455696
S2SA05-20220708-7W.png,Data/Images_dataset/S2SA05-20220708-7W.png,S2SA05,1,S2SA05-20220708-7W,S2SA05,SA,SA,49,0.038,1,2835,650,RGBA,2354752,212.876672,204.567451,183.282369,16.282949,16.748968,17.360405,200.242164,16.797441,204.797209,0.803126,468,59.113924
S2SA05-20220714-8W.png,Data/Images_dataset/S2SA05-20220714-8W.png,S2SA05,1,S2SA05-20220714-8W,S2SA05,SA,SA,56,0.081,1,2835,650,RGBA,2667160,203.051910,192.159914,168.563914,19.084154,19.811987,19.833571,187.925246,19.576571,192.771921,0.755968,338,42.658228
S2SA05-20220721-9W.png,Data/Images_dataset/S2SA05-20220721-9W.png,S2SA05,1,S2SA05-20220721-9W,S2SA05,SA,SA,63,0.069,1,2835,650,RGBA,2494666,197.666783,186.680447,162.879345,16.688165,17.360294,17.233764,182.408858,17.094074,187.297703,0.734501,286,36.075949
S2SA05-20220802-10W.png,Data/Images_dataset/S2SA05-20220802-10W.png,S2SA05,1,S2SA05-20220802-10W,S2SA05,SA,SA,70,0.072,1,2835,650,RGBA,3005092,202.516398,191.779081,167.556290,23.037786,23.521336,23.393982,187.283923,23.317702,192.312949,0.754168,333,42.025316
S2SA05-20220822-13W.png,Data/Images_dataset/S2SA05-20220822-13W.png,S2SA05,1,S2SA05-20220822-13W,S2SA05,SA,SA,91,0.043,1,2835,650,RGBA,2831185,195.686909,183.735349,160.236209,22.677902,23.027054,21.986800,179.886155,22.563919,184.579613,0.723842,260,32.784810
S2SA05-20220906-15W.png,Data/Images_dataset/S2SA05-20220906-15W.png,S2SA05,1,S2SA05-20220906-15W,S2SA05,SA,SA,105,0.234,1,2835,650,RGBA,2901716,165.842091,153.532650,127.150910,22.093510,21.867196,20.956593,148.841884,21.639100,154.244875,0.604882,69,8.607595
S2SA05-20221102-24W.png,Data/Images_dataset/S2SA05-20221102-24W.png,S2SA05,1,S2SA05-20221102-24W,S2SA05,SA,SA,168,1.467,1,2835,650,RGBA,2337043,163.357712,149.192302,119.485066,19.240665,21.022542,21.505174,144.011693,20.589460,150.059005,0.588467,53,6.582278
S2SA05-20221110-25W.png,Data/Images_dataset/S2SA05-20221110-25W.png,S2SA05,1,S2SA05-20221110-25W,S2SA05,SA,SA,175,3.163,1,2835,650,RGBA,2739331,180.103391,163.153562,133.931885,20.304245,26.159664,28.159478,159.062946,24.874462,164.647291,0.645676,111,13.924051
S2SA05-20221206-28W.png,Data/Images_dataset/S2SA05-20221206-28W.png,S2SA05,2,S2SA05-20221206-28W,S2SA05,SA,SA,196,9.946,2,2835,650,RGBA,2708397,148.729363,129.568371,96.183306,21.040285,27.664078,26.249570,124.827013,24.984644,131.231596,0.514634,21,2.531646
S2SA06-20220518-0W.png,Data/Images_dataset/S2SA06-20220518-0W.png,S2SA06,1,S2SA06-20220518-0W,S2SA06,SA,SA,0,0.056,1,2835,650,RGBA,2150706,183.097165,173.724889,152.743290,17.407124,17.487134,17.363303,169.855115,17.419187,174.202563,0.683147,177,22.278481
S2SA06-20220603-2W.png,Data/Images_dataset/S2SA06-20220603-2W.png,S2SA06,1,S2SA06-20220603-2W,S2SA06,SA,SA,14,0.051,1,2835,650,RGBA,2457061,183.599378,172.745426,148.147071,17.381536,17.659766,17.218536,168.163958,17.419946,173.276975,0.679518,167,21.012658
S2SA06-20220609-3W.png,Data/Images_dataset/S2SA06-20220609-3W.png,S2SA06,1,S2SA06-20220609-3W,S2SA06,SA,SA,21,0.063,1,2835,650,RGBA,2525295,182.602161,173.332393,152.227813,18.800380,18.871211,18.391660,169.387456,18.687750,173.779395,0.681488,174,21.898734
S2SA06-20220616-4W.png,Data/Images_dataset/S2SA06-20220616-4W.png,S2SA06,1,S2SA06-20220616-4W,S2SA06,SA,SA,28,0.022,1,2835,650,RGBA,2424017,218.362892,207.678292,182.985697,16.054523,16.474187,16.986166,203.008960,16.504959,208.167033,0.816341,489,61.772152
S2SA06-20220623-5W.png,Data/Images_dataset/S2SA06-20220623-5W.png,S2SA06,1,S2SA06-20220623-5W,S2SA06,SA,SA,35,0.043,1,2835,650,RGBA,2315122,186.699450,174.665849,148.150072,16.446434,16.663449,16.099852,169.838457,16.403245,175.309754,0.687489,187,23.544304
S2SA06-20220630-6W.png,Data/Images_dataset/S2SA06-20220630-6W.png,S2SA06,1,S2SA06-20220630-6W,S2SA06,SA,SA,42,0.05,1,2835,650,RGBA,2686644,216.269283,204.761864,176.710825,19.666320,20.467149,21.318459,199.247324,20.483976,205.183056,0.804639,473,59.746835
S2SA06-20220708-7W.png,Data/Images_dataset/S2SA06-20220708-7W.png,S2SA06,1,S2SA06-20220708-7W,S2SA06,SA,SA,49,0.195,1,2835,650,RGBA,2282499,169.426910,158.565159,135.304758,15.118651,15.814419,15.769174,154.432276,15.567414,159.194966,0.624294,87,10.886076
S2SA06-20220714-8W.png,Data/Images_dataset/S2SA06-20220714-8W.png,S2SA06,1,S2SA06-20220714-8W,S2SA06,SA,SA,56,0.131,1,2835,650,RGBA,3337879,209.033975,194.997422,167.008283,25.419061,26.788452,27.430099,190.346560,26.545871,195.960777,0.768474,379,47.848101
S2SA06-20220721-9W.png,Data/Images_dataset/S2SA06-20220721-9W.png,S2SA06,1,S2SA06-20220721-9W,S2SA06,SA,SA,63,0.097,1,2835,650,RGBA,2705365,196.021923,183.057453,159.011294,17.878458,19.019238,19.178103,179.363557,18.691933,184.077567,0.721873,256,32.278481
S2SA06-20220802-10W.png,Data/Images_dataset/S2SA06-20220802-10W.png,S2SA06,1,S2SA06-20220802-10W,S2SA06,SA,SA,70,0.205,1,2835,650,RGBA,2922307,180.868257,167.241720,142.250930,23.883648,24.373046,23.579830,163.453636,23.945508,168.334387,0.660135,129,16.202532
S2SA06-20220822-13W.png,Data/Images_dataset/S2SA06-20220822-13W.png,S2SA06,1,S2SA06-20220822-13W,S2SA06,SA,SA,91,0.114,1,2835,650,RGBA,2227197,191.007468,176.863067,149.069146,17.697309,17.986832,17.156744,172.313227,17.613628,177.863445,0.697504,205,25.822785
S2SA06-20220906-15W.png,Data/Images_dataset/S2SA06-20220906-15W.png,S2SA06,1,S2SA06-20220906-15W,S2SA06,SA,SA,105,1.127,1,2835,650,RGBA,2769892,152.138971,138.283690,110.292623,21.394005,21.920656,21.331535,133.571761,21.548732,139.208368,0.545915,28,3.417722
S2SA06-20221102-24W.png,Data/Images_dataset/S2SA06-20221102-24W.png,S2SA06,1,S2SA06-20221102-24W,S2SA06,SA,SA,168,4.485,1,2835,650,RGBA,2833417,155.567893,137.639753,107.201727,22.090973,25.515956,25.695853,133.469791,24.434261,139.253650,0.546093,30,3.670886
S2SA06-20221110-25W.png,Data/Images_dataset/S2SA06-20221110-25W.png,S2SA06,1,S2SA06-20221110-25W,S2SA06,SA,SA,175,4.464,1,2835,650,RGBA,2644035,178.077141,157.100179,125.332508,18.971253,26.704702,29.081030,153.503276,24.918995,159.266255,0.624574,88,11.012658
S2SA06-20221206-28W.png,Data/Images_dataset/S2SA06-20221206-28W.png,S2SA06,3,S2SA06-20221206-28W,S2SA06,SA,SA,196,20.888,3,2835,650,RGBA,2771826,161.971007,126.571543,81.302761,22.352191,32.625590,30.454756,123.281770,28.477512,130.829063,0.513055,20,2.405063
S2SA07-20220518-0W.png,Data/Images_dataset/S2SA07-20220518-0W.png,S2SA07,1,S2SA07-20220518-0W,S2SA07,SA,SA,0,0.027,1,2835,650,RGBA,1844339,167.395118,158.952476,141.336771,12.930672,12.679481,12.855747,155.894789,12.821967,159.475528,0.625394,91,11.392405
S2SA07-20220603-2W.png,Data/Images_dataset/S2SA07-20220603-2W.png,S2SA07,1,S2SA07-20220603-2W,S2SA07,SA,SA,14,0.025,1,2835,650,RGBA,2360875,213.222314,203.176166,177.296315,14.471595,14.742512,15.272553,197.898265,14.828887,203.443452,0.797817,454,57.341772
S2SA07-20220609-3W.png,Data/Images_dataset/S2SA07-20220609-3W.png,S2SA07,1,S2SA07-20220609-3W,S2SA07,SA,SA,21,0.034,1,2835,650,RGBA,2041601,197.796241,188.346626,167.025702,15.395864,15.676486,15.800517,184.389523,15.624289,188.816243,0.740456,303,38.227848
S2SA07-20220616-4W.png,Data/Images_dataset/S2SA07-20220616-4W.png,S2SA07,1,S2SA07-20220616-4W,S2SA07,SA,SA,28,0.024,1,2835,650,RGBA,2515817,223.151862,212.481303,187.902147,13.693946,14.024447,14.713081,207.845104,14.143825,212.975249,0.835197,524,66.202532
S2SA07-20220623-5W.png,Data/Images_dataset/S2SA07-20220623-5W.png,S2SA07,1,S2SA07-20220623-5W,S2SA07,SA,SA,35,0.019,1,2835,650,RGBA,2328199,213.873153,203.935425,178.813372,14.724965,15.148877,15.510646,198.873983,15.128163,204.234374,0.800919,461,58.227848
S2SA07-20220630-6W.png,Data/Images_dataset/S2SA07-20220630-6W.png,S2SA07,1,S2SA07-20220630-6W,S2SA07,SA,SA,42,0.016,1,2835,650,RGBA,1998582,214.982945,203.989196,177.871552,12.065391,12.755144,14.525274,198.947898,13.115270,204.440773,0.801729,465,58.734177
S2SA07-20220708-7W.png,Data/Images_dataset/S2SA07-20220708-7W.png,S2SA07,1,S2SA07-20220708-7W,S2SA07,SA,SA,49,0.065,1,2835,650,RGBA,2336852,200.485835,191.117350,168.096084,13.874004,14.526453,15.329060,186.566423,14.576505,191.446954,0.750772,326,41.139241
S2SA07-20220714-8W.png,Data/Images_dataset/S2SA07-20220714-8W.png,S2SA07,1,S2SA07-20220714-8W,S2SA07,SA,SA,56,0.06,1,2835,650,RGBA,2281749,205.756559,193.926783,167.918313,14.414901,15.518757,16.164277,189.200552,15.365978,194.563982,0.762996,365,46.075949
S2SA07-20220721-9W.png,Data/Images_dataset/S2SA07-20220721-9W.png,S2SA07,1,S2SA07-20220721-9W,S2SA07,SA,SA,63,0.067,1,2835,650,RGBA,2346065,200.881410,189.691156,167.643919,15.273712,16.079835,16.378031,186.072162,15.910526,190.478394,0.746974,316,39.873418
S2SA07-20220802-10W.png,Data/Images_dataset/S2SA07-20220802-10W.png,S2SA07,1,S2SA07-20220802-10W,S2SA07,SA,SA,70,0.085,1,2835,650,RGBA,2797680,201.685543,190.429661,164.684988,19.376379,19.637458,19.268930,185.600064,19.427589,190.963896,0.748878,320,40.379747
S2SA07-20220822-13W.png,Data/Images_dataset/S2SA07-20220822-13W.png,S2SA07,1,S2SA07-20220822-13W,S2SA07,SA,SA,91,0.031,1,2835,650,RGBA,2142956,194.875627,182.823777,158.501656,13.946180,14.357595,13.785672,178.733687,14.029816,183.629943,0.720117,254,32.025316
S2SA07-20220906-15W.png,Data/Images_dataset/S2SA07-20220906-15W.png,S2SA07,1,S2SA07-20220906-15W,S2SA07,SA,SA,105,0.375,1,2835,650,RGBA,2534757,171.388113,158.993912,132.314686,19.445668,19.952576,19.707666,154.232237,19.701970,159.702679,0.626285,92,11.518987
S2SA07-20221102-24W.png,Data/Images_dataset/S2SA07-20221102-24W.png,S2SA07,2,S2SA07-20221102-24W,S2SA07,SA,SA,168,6.173,2,2835,650,RGBA,2332247,171.902735,153.049710,119.907212,20.447199,28.527441,30.658477,148.286553,26.544372,154.664975,0.606529,73,9.113924
S2SA07-20221110-25W.png,Data/Images_dataset/S2SA07-20221110-25W.png,S2SA07,2,S2SA07-20221110-25W,S2SA07,SA,SA,175,7.608,2,2835,650,RGBA,2444714,184.880781,162.183034,129.978263,21.341338,33.893182,37.827144,159.014026,31.020555,164.683390,0.645817,112,14.050633
S2SA07-20221206-28W.png,Data/Images_dataset/S2SA07-20221206-28W.png,S2SA07,3,S2SA07-20221206-28W,S2SA07,SA,SA,196,15.038,3,2835,650,RGBA,2379114,176.000389,146.571594,107.737141,24.042011,39.291460,40.491400,143.436375,34.608290,150.024308,0.588331,52,6.455696
S3PA01-20220518-0W.png,Data/Images_dataset/S3PA01-20220518-0W.png,S3PA01,1,S3PA01-20220518-0W,S3PA01,PA,G,0,0.018,1,2835,650,RGBA,1592973,249.594805,246.297131,234.443963,16.065334,17.188082,18.350488,243.445300,17.201301,246.142418,0.965264,716,90.506329
S3PA01-20220603-2W.png,Data/Images_dataset/S3PA01-20220603-2W.png,S3PA01,1,S3PA01-20220603-2W,S3PA01,PA,G,14,0.053,1,2835,650,RGBA,1319347,252.262004,251.498409,241.659779,14.990275,17.161046,21.197723,248.473397,17.783015,250.950400,0.984119,742,93.797468
S3PA01-20220609-3W.png,Data/Images_dataset/S3PA01-20220609-3W.png,S3PA01,1,S3PA01-20220609-3W,S3PA01,PA,G,21,0.124,1,2835,650,RGBA,1796253,240.109717,233.520404,218.762724,15.254266,16.505388,17.555579,230.797615,16.438411,233.855787,0.917082,661,83.544304
S3PA01-20220616-4W.png,Data/Images_dataset/S3PA01-20220616-4W.png,S3PA01,1,S3PA01-20220616-4W,S3PA01,PA,G,28,0.058,1,2835,650,RGBA,1590367,252.028204,248.639702,230.488242,12.906249,15.702445,18.088080,243.718716,15.565592,248.049562,0.972743,730,92.278481
S3PA01-20220623-5W.png,Data/Images_dataset/S3PA01-20220623-5W.png,S3PA01,1,S3PA01-20220623-5W,S3PA01,PA,G,35,0.208,1,2835,650,RGBA,2211689,243.525820,236.950683,219.961559,19.152795,20.865143,22.773489,233.479354,20.930476,237.121943,0.929890,677,85.569620
S3PA01-20220630-6W.png,Data/Images_dataset/S3PA01-20220630-6W.png,S3PA01,1,S3PA01-20220630-6W,S3PA01,PA,G,42,0.262,1,2835,650,RGBA,1982016,246.346644,238.635957,215.568544,17.473269,20.488430,24.092617,233.517048,20.684772,238.609782,0.935725,684,86.455696
S3PA01-20220708-7W.png,Data/Images_dataset/S3PA01-20220708-7W.png,S3PA01,1,S3PA01-20220708-7W,S3PA01,PA,G,49,0.366,1,2835,650,RGBA,2200141,243.564821,236.387687,216.138457,19.628820,22.830724,26.674309,232.030322,23.044618,236.451551,0.927261,675,85.316456
S3PA01-20220714-8W.png,Data/Images_dataset/S3PA01-20220714-8W.png,S3PA01,1,S3PA01-20220714-8W,S3PA01,PA,G,56,0.259,1,2835,650,RGBA,1600154,252.716679,250.452558,234.614150,13.449039,18.990475,26.679675,245.927796,19.706396,249.790377,0.979570,735,92.911392
S3PA01-20220721-9W.png,Data/Images_dataset/S3PA01-20220721-9W.png,S3PA01,1,S3PA01-20220721-9W,S3PA01,PA,G,63,0.283,1,2835,650,RGBA,1269438,242.248170,232.351706,209.851471,17.835034,21.777916,26.332287,228.150449,21.981746,232.831177,0.913063,649,82.025316
S3PA01-20220802-10W.png,Data/Images_dataset/S3PA01-20220802-10W.png,S3PA01,1,S3PA01-20220802-10W,S3PA01,PA,G,70,0.506,1,2835,650,RGBA,1660879,236.847308,225.947325,201.495542,22.295583,25.657808,28.940045,221.430058,25.631145,226.499243,0.888232,601,75.949367
S3PA01-20220822-13W.png,Data/Images_dataset/S3PA01-20220822-13W.png,S3PA01,1,S3PA01-20220822-13W,S3PA01,PA,G,91,0.257,1,2835,650,RGBA,1332274,245.164226,235.025137,207.295808,16.952615,21.523585,25.447470,229.161724,21.307890,235.178650,0.922269,668,84.430380
S3PA01-20220906-15W.png,Data/Images_dataset/S3PA01-20220906-15W.png,S3PA01,1,S3PA01-20220906-15W,S3PA01,PA,G,105,0.848,1,2835,650,RGBA,1722798,244.125039,233.353283,204.355484,21.942106,27.722942,32.728080,227.277936,27.464376,233.549718,0.915881,657,83.037975
S3PA01-20221102-24W.png,Data/Images_dataset/S3PA01-20221102-24W.png,S3PA01,1,S3PA01-20221102-24W,S3PA01,PA,G,168,2.212,1,2835,650,RGBA,2128100,248.889032,236.895764,196.198495,24.409219,38.021132,46.929575,227.327764,36.453308,236.507190,0.927479,676,85.443038
S3PA01-20221110-25W.png,Data/Images_dataset/S3PA01-20221110-25W.png,S3PA01,1,S3PA01-20221110-25W,S3PA01,PA,G,175,2.611,1,2835,650,RGBA,2360004,247.226857,231.247297,193.925528,23.970671,41.616990,52.422425,224.133228,39.336695,231.949920,0.909608,639,80.759494
S3PA01-20221206-28W.png,Data/Images_dataset/S3PA01-20221206-28W.png,S3PA01,2,S3PA01-20221206-28W,S3PA01,PA,G,196,5.497,2,2835,650,RGBA,1987969,244.538872,214.447647,156.191542,27.455758,53.599445,66.091762,205.059354,49.048988,216.638950,0.849565,552,69.746835
S3PA02-20220518-0W.png,Data/Images_dataset/S3PA02-20220518-0W.png,S3PA02,1,S3PA02-20220518-0W,S3PA02,SA_PA,G,0,0.146,1,2835,650,RGBA,1562756,238.351561,232.510279,219.960211,21.976423,22.823912,23.139657,230.274017,22.646664,232.846021,0.913122,650,82.151899
S3PA02-20220603-2W.png,Data/Images_dataset/S3PA02-20220603-2W.png,S3PA02,1,S3PA02-20220603-2W,S3PA02,SA_PA,G,14,0.26,1,2835,650,RGBA,1833770,235.857638,227.065032,209.012967,26.751891,27.388794,28.033102,223.978546,27.391263,227.630981,0.892671,613,77.468354
S3PA02-20220609-3W.png,Data/Images_dataset/S3PA02-20220609-3W.png,S3PA02,1,S3PA02-20220609-3W,S3PA02,SA_PA,G,21,0.137,1,2835,650,RGBA,1727766,238.260472,233.109614,218.083716,26.364002,27.866818,29.503606,229.817934,27.911475,233.119816,0.914195,652,82.405063
S3PA02-20220616-4W.png,Data/Images_dataset/S3PA02-20220616-4W.png,S3PA02,1,S3PA02-20220616-4W,S3PA02,SA_PA,G,28,0.032,1,2835,650,RGBA,1356387,248.409646,244.585119,228.860522,20.895367,23.242633,25.152418,240.618429,23.096806,244.262898,0.957894,713,90.126582
S3PA02-20220623-5W.png,Data/Images_dataset/S3PA02-20220623-5W.png,S3PA02,1,S3PA02-20220623-5W,S3PA02,SA_PA,G,35,0.065,1,2835,650,RGBA,731187,249.769467,248.800015,245.445023,20.937169,23.919410,29.815821,248.004835,24.890800,248.763890,0.975545,733,92.658228
S3PA02-20220630-6W.png,Data/Images_dataset/S3PA02-20220630-6W.png,S3PA02,1,S3PA02-20220630-6W,S3PA02,SA_PA,G,42,0.314,1,2835,650,RGBA,2112706,234.425787,227.672659,210.344441,27.099287,28.236053,29.293575,224.147629,28.209638,227.857277,0.893558,616,77.848101
S3PA02-20220708-7W.png,Data/Images_dataset/S3PA02-20220708-7W.png,S3PA02,1,S3PA02-20220708-7W,S3PA02,SA_PA,G,49,0.179,1,2835,650,RGBA,2080605,244.790694,238.470398,218.912002,23.408271,24.839746,25.928071,234.057698,24.725363,238.401976,0.934910,682,86.202532
S3PA02-20220714-8W.png,Data/Images_dataset/S3PA02-20220714-8W.png,S3PA02,1,S3PA02-20220714-8W,S3PA02,SA_PA,G,56,0.162,1,2835,650,RGBA,1821945,249.240184,246.698998,232.563419,22.264422,25.075501,27.778119,242.834200,25.039347,246.218665,0.965563,719,90.886076
S3PA02-20220721-9W.png,Data/Images_dataset/S3PA02-20220721-9W.png,S3PA02,1,S3PA02-20220721-9W,S3PA02,SA_PA,G,63,0.275,1,2835,650,RGBA,1584248,231.838441,223.571848,206.035175,28.080122,29.093536,29.940604,220.481821,29.038087,224.063178,0.878679,588,74.303797
S3PA02-20220802-10W.png,Data/Images_dataset/S3PA02-20220802-10W.png,S3PA02,1,S3PA02-20220802-10W,S3PA02,SA_PA,G,70,0.351,1,2835,650,RGBA,1622507,232.764569,224.207354,204.572488,30.153271,31.160539,31.817995,220.514804,31.043935,224.608981,0.880820,589,74.430380
S3PA02-20220822-13W.png,Data/Images_dataset/S3PA02-20220822-13W.png,S3PA02,1,S3PA02-20220822-13W,S3PA02,SA_PA,G,91,0.214,1,2835,650,RGBA,1530700,230.202533,219.436909,197.808863,24.202660,25.099144,24.964881,215.816102,24.755562,220.164136,0.863389,564,71.265823
S3PA02-20220906-15W.png,Data/Images_dataset/S3PA02-20220906-15W.png,S3PA02,1,S3PA02-20220906-15W,S3PA02,SA_PA,G,105,0.394,1,2835,650,RGBA,1558263,240.924713,231.416483,206.450591,25.465627,26.871711,27.822338,226.263929,26.719892,231.635395,0.908374,635,80.253165
S3PA02-20221102-24W.png,Data/Images_dataset/S3PA02-20221102-24W.png,S3PA02,1,S3PA02-20221102-24W,S3PA02,SA_PA,G,168,1.236,1,2835,650,RGBA,2359677,240.863176,231.164101,204.403266,32.728667,37.039114,40.318317,225.476848,36.695366,231.293992,0.907035,633,80.000000
S3PA02-20221110-25W.png,Data/Images_dataset/S3PA02-20221110-25W.png,S3PA02,1,S3PA02-20221110-25W,S3PA02,SA_PA,G,175,1.094,1,2835,650,RGBA,1953547,243.792440,236.300444,213.612673,31.651376,39.400938,44.919982,231.235185,38.657432,236.255185,0.926491,674,85.189873
S3PA02-20221206-28W.png,Data/Images_dataset/S3PA02-20221206-28W.png,S3PA02,1,S3PA02-20221206-28W,S3PA02,SA_PA,G,196,3.8,1,2835,650,RGBA,2369538,237.943093,220.437375,184.834927,36.391288,48.548179,56.755522,214.405132,47.231663,221.588594,0.868975,570,72.025316
S3PA03-20220518-0W.png,Data/Images_dataset/S3PA03-20220518-0W.png,S3PA03,1,S3PA03-20220518-0W,S3PA03,SA_PA,G,0,0.044,1,2835,650,RGBA,1604546,238.559338,233.967125,221.008161,28.843348,30.497276,32.165217,231.178208,30.501947,234.007792,0.917678,662,83.670886
S3PA03-20220603-2W.png,Data/Images_dataset/S3PA03-20220603-2W.png,S3PA03,1,S3PA03-20220603-2W,S3PA03,SA_PA,G,14,0.249,1,2835,650,RGBA,2004076,234.236550,225.618764,206.170272,29.122858,30.052616,31.250688,222.008529,30.142054,226.046724,0.886458,599,75.696203
S3PA03-20220609-3W.png,Data/Images_dataset/S3PA03-20220609-3W.png,S3PA03,1,S3PA03-20220609-3W,S3PA03,SA_PA,G,21,0.109,1,2835,650,RGBA,1990229,235.227436,229.966046,215.129130,31.723457,34.056098,36.662402,226.774204,34.147319,230.013392,0.902013,624,78.860759
S3PA03-20220616-4W.png,Data/Images_dataset/S3PA03-20220616-4W.png,S3PA03,1,S3PA03-20220616-4W,S3PA03,SA_PA,G,28,0.027,1,2835,650,RGBA,1814493,244.740974,240.333344,225.601149,24.992479,27.939846,30.919221,236.891823,27.950515,240.206742,0.941987,692,87.468354
S3PA03-20220623-5W.png,Data/Images_dataset/S3PA03-20220623-5W.png,S3PA03,1,S3PA03-20220623-5W,S3PA03,SA_PA,G,35,0.111,1,2835,650,RGBA,1938375,246.968882,244.446176,234.145573,23.871715,27.311744,32.412087,241.853544,27.865182,244.238800,0.957799,712,90.000000
S3PA03-20220630-6W.png,Data/Images_dataset/S3PA03-20220630-6W.png,S3PA03,1,S3PA03-20220630-6W,S3PA03,SA_PA,G,42,0.213,1,2835,650,RGBA,2118317,234.188190,228.646466,210.021407,32.464350,34.885559,37.974039,224.285354,35.107983,228.479907,0.896000,618,78.101266
S3PA03-20220708-7W.png,Data/Images_dataset/S3PA03-20220708-7W.png,S3PA03,1,S3PA03-20220708-7W,S3PA03,SA_PA,G,49,0.157,1,2835,650,RGBA,2217403,239.972817,233.771160,216.375323,27.300852,29.814006,32.851721,230.039767,29.988860,233.833653,0.916995,660,83.417722
S3PA03-20220714-8W.png,Data/Images_dataset/S3PA03-20220714-8W.png,S3PA03,1,S3PA03-20220714-8W,S3PA03,SA_PA,G,56,0.191,1,2835,650,RGBA,2043217,239.891146,232.385148,215.181613,27.043495,30.022320,33.559191,229.152636,30.208335,232.738828,0.912701,648,81.898734
S3PA03-20220721-9W.png,Data/Images_dataset/S3PA03-20220721-9W.png,S3PA03,1,S3PA03-20220721-9W,S3PA03,SA_PA,G,63,0.234,1,2835,650,RGBA,1581845,237.270437,226.504120,203.971171,28.603897,31.457350,34.571620,222.581909,31.544289,227.166160,0.890848,606,76.582278
S3PA03-20220802-10W.png,Data/Images_dataset/S3PA03-20220802-10W.png,S3PA03,1,S3PA03-20220802-10W,S3PA03,SA_PA,G,70,0.377,1,2835,650,RGBA,1791009,242.263653,233.626996,211.053223,26.705003,31.065152,34.845209,228.981290,30.871788,233.833323,0.916993,659,83.291139
S3PA03-20220822-13W.png,Data/Images_dataset/S3PA03-20220822-13W.png,S3PA03,1,S3PA03-20220822-13W,S3PA03,SA_PA,G,91,0.298,1,2835,650,RGBA,1756663,233.203654,221.140971,197.889550,23.711451,26.332805,28.438028,217.411391,26.160761,222.026745,0.870693,576,72.784810
S3PA03-20220906-15W.png,Data/Images_dataset/S3PA03-20220906-15W.png,S3PA03,1,S3PA03-20220906-15W,S3PA03,SA_PA,G,105,0.467,1,2835,650,RGBA,1884696,243.692387,235.440215,210.293814,27.693513,32.854205,37.580002,229.808805,32.709240,235.379057,0.923055,670,84.683544
S3PA03-20221102-24W.png,Data/Images_dataset/S3PA03-20221102-24W.png,S3PA03,1,S3PA03-20221102-24W,S3PA03,SA_PA,G,168,4.579,1,2835,650,RGBA,2352867,236.955342,216.576126,176.833880,34.560840,50.999393,59.938650,210.121783,48.499628,218.039357,0.855056,559,70.632911
S3PA03-20221110-25W.png,Data/Images_dataset/S3PA03-20221110-25W.png,S3PA03,2,S3PA03-20221110-25W,S3PA03,SA_PA,G,175,6.525,2,2835,650,RGBA,2823501,235.459077,212.969436,175.656567,37.867308,57.573922,66.895677,208.028360,54.112302,215.056745,0.843360,538,67.974684
S3PA03-20221206-28W.png,Data/Images_dataset/S3PA03-20221206-28W.png,S3PA03,2,S3PA03-20221206-28W,S3PA03,SA_PA,G,196,8.862,2,2835,650,RGBA,2226038,237.097022,208.649860,160.727160,36.797421,62.958384,73.914077,202.158014,57.889961,211.237708,0.828383,509,64.303797
S3PA04-20220518-0W.png,Data/Images_dataset/S3PA04-20220518-0W.png,S3PA04,1,S3PA04-20220518-0W,S3PA04,SA_PA,G,0,0.236,1,2835,650,RGBA,1610668,243.992097,237.290373,225.601645,22.043726,23.157899,23.813677,235.628038,23.005101,237.871233,0.932828,680,85.949367
S3PA04-20220603-2W.png,Data/Images_dataset/S3PA04-20220603-2W.png,S3PA04,1,S3PA04-20220603-2W,S3PA04,SA_PA,G,14,0.154,1,2835,650,RGBA,1571681,231.127290,222.427760,204.342271,18.322374,18.913085,19.995517,219.299107,19.076992,222.971508,0.874398,581,73.417722
S3PA04-20220609-3W.png,Data/Images_dataset/S3PA04-20220609-3W.png,S3PA04,1,S3PA04-20220609-3W,S3PA04,SA_PA,G,21,0.163,1,2835,650,RGBA,1574584,234.731802,229.387525,214.873729,18.492519,20.018778,22.116999,226.331019,20.209432,229.475822,0.899905,622,78.607595
S3PA04-20220616-4W.png,Data/Images_dataset/S3PA04-20220616-4W.png,S3PA04,1,S3PA04-20220616-4W,S3PA04,SA_PA,G,28,0.082,1,2835,650,RGBA,1046368,252.905414,251.611534,244.897926,12.007562,15.486265,21.668843,249.804958,16.387556,251.401891,0.985890,745,94.177215
S3PA04-20220623-5W.png,Data/Images_dataset/S3PA04-20220623-5W.png,S3PA04,1,S3PA04-20220623-5W,S3PA04,SA_PA,G,35,0.13,1,2835,650,RGBA,1743115,250.305105,246.431608,229.521607,13.523886,17.482090,21.826804,242.086107,17.610926,246.034211,0.964840,715,90.379747
S3PA04-20220630-6W.png,Data/Images_dataset/S3PA04-20220630-6W.png,S3PA04,1,S3PA04-20220630-6W,S3PA04,SA_PA,G,42,0.257,1,2835,650,RGBA,1901787,247.887018,243.139995,227.936175,19.102951,22.546345,26.286588,239.654396,22.645295,243.051496,0.953143,705,89.113924
S3PA04-20220708-7W.png,Data/Images_dataset/S3PA04-20220708-7W.png,S3PA04,1,S3PA04-20220708-7W,S3PA04,SA_PA,G,49,0.249,1,2835,650,RGBA,1869370,236.076164,228.883948,209.638001,17.826409,20.202963,22.765584,224.866038,20.264985,229.023456,0.898131,620,78.354430
S3PA04-20220714-8W.png,Data/Images_dataset/S3PA04-20220714-8W.png,S3PA04,1,S3PA04-20220714-8W,S3PA04,SA_PA,G,56,0.371,1,2835,650,RGBA,2178877,235.507094,226.583804,209.776811,18.829098,21.406844,24.052061,223.955903,21.429334,227.267431,0.891245,609,76.962025
S3PA04-20220721-9W.png,Data/Images_dataset/S3PA04-20220721-9W.png,S3PA04,1,S3PA04-20220721-9W,S3PA04,SA_PA,G,63,0.337,1,2835,650,RGBA,1687620,231.859338,223.216638,206.410873,20.315118,22.291955,24.736035,220.495617,22.447703,223.840700,0.877807,585,73.924051
S3PA04-20220802-10W.png,Data/Images_dataset/S3PA04-20220802-10W.png,S3PA04,1,S3PA04-20220802-10W,S3PA04,SA_PA,G,70,0.345,1,2835,650,RGBA,1763886,235.984714,226.363849,207.019988,23.128882,24.789186,26.504707,223.122850,24.807592,227.012618,0.890246,604,76.329114
S3PA04-20220822-13W.png,Data/Images_dataset/S3PA04-20220822-13W.png,S3PA04,1,S3PA04-20220822-13W,S3PA04,SA_PA,G,91,0.246,1,2835,650,RGBA,1681903,232.686646,221.891621,199.082810,20.771169,22.448409,23.607227,217.887026,22.275602,222.539847,0.872705,578,73.037975
S3PA04-20220906-15W.png,Data/Images_dataset/S3PA04-20220906-15W.png,S3PA04,1,S3PA04-20220906-15W,S3PA04,SA_PA,G,105,0.247,1,2835,650,RGBA,1755661,246.996379,239.303204,215.752167,19.157205,22.571607,25.276595,234.017250,22.335136,239.238388,0.938190,686,86.708861
S3PA04-20221102-24W.png,Data/Images_dataset/S3PA04-20221102-24W.png,S3PA04,1,S3PA04-20221102-24W,S3PA04,SA_PA,G,168,2.162,1,2835,650,RGBA,2330361,240.461316,224.654727,188.038839,29.176546,37.359588,43.137477,217.718294,36.557870,225.371541,0.883810,591,74.683544
S3PA04-20221110-25W.png,Data/Images_dataset/S3PA04-20221110-25W.png,S3PA04,1,S3PA04-20221110-25W,S3PA04,SA_PA,G,175,2.505,1,2835,650,RGBA,2322377,238.526699,220.654486,185.971951,27.986617,39.682971,48.736732,215.051045,38.802107,221.950039,0.870392,574,72.531646
S3PA04-20221206-28W.png,Data/Images_dataset/S3PA04-20221206-28W.png,S3PA04,1,S3PA04-20221206-28W,S3PA04,SA_PA,G,196,4.997,1,2835,650,RGBA,2423477,238.531247,214.285532,170.293296,30.338591,48.612781,59.872530,207.703359,46.274634,216.263932,0.848094,548,69.240506
S4SAVF01-20220518-0W.png,Data/Images_dataset/S4SAVF01-20220518-0W.png,S4SAVF01,1,S4SAVF01-20220518-0W,S4SAVF01,NO,D,0,0.13,1,2835,650,RGBA,1628673,148.366278,139.623694,120.080990,13.528318,13.324122,12.997190,136.023654,13.283210,140.071384,0.549300,31,3.797468
S4SAVF01-20220603-2W.png,Data/Images_dataset/S4SAVF01-20220603-2W.png,S4SAVF01,1,S4SAVF01-20220603-2W,S4SAVF01,NO,D,14,0.186,1,2835,650,RGBA,2820586,180.547158,169.688085,143.004212,19.335369,19.843655,19.894459,164.413152,19.691161,170.070149,0.666942,141,17.721519
S4SAVF01-20220609-3W.png,Data/Images_dataset/S4SAVF01-20220609-3W.png,S4SAVF01,1,S4SAVF01-20220609-3W,S4SAVF01,NO,D,21,0.137,1,2835,650,RGBA,2026146,191.653163,181.915788,160.547831,19.119370,20.292913,20.730988,178.038927,20.047757,182.443187,0.715463,244,30.759494
S4SAVF01-20220616-4W.png,Data/Images_dataset/S4SAVF01-20220616-4W.png,S4SAVF01,1,S4SAVF01-20220616-4W,S4SAVF01,NO,D,28,0.044,1,2835,650,RGBA,2211734,218.276709,207.827399,183.054280,14.149301,15.329816,16.567177,203.052796,15.348765,208.260303,0.816707,490,61.898734
S4SAVF01-20220623-5W.png,Data/Images_dataset/S4SAVF01-20220623-5W.png,S4SAVF01,1,S4SAVF01-20220623-5W,S4SAVF01,NO,D,35,0.057,1,2835,650,RGBA,2099867,207.457166,197.379037,171.969300,15.250146,16.122009,16.896488,192.268501,16.089548,197.687064,0.775243,396,50.000000
S4SAVF01-20220630-6W.png,Data/Images_dataset/S4SAVF01-20220630-6W.png,S4SAVF01,1,S4SAVF01-20220630-6W,S4SAVF01,NO,D,42,0.11,1,2835,650,RGBA,2501747,207.990299,197.915311,172.024353,17.899059,18.734432,20.326804,192.643321,18.986765,198.187927,0.777208,401,50.632911
S4SAVF01-20220708-7W.png,Data/Images_dataset/S4SAVF01-20220708-7W.png,S4SAVF01,1,S4SAVF01-20220708-7W,S4SAVF01,NO,D,49,0.092,1,2835,650,RGBA,2694920,198.698030,188.279624,162.935386,18.115932,18.645291,18.723042,183.304347,18.494755,188.664723,0.739862,300,37.848101
S4SAVF01-20220714-8W.png,Data/Images_dataset/S4SAVF01-20220714-8W.png,S4SAVF01,1,S4SAVF01-20220714-8W,S4SAVF01,NO,D,56,0.103,1,2835,650,RGBA,3429319,198.470832,185.526403,158.740917,25.443718,26.002156,25.361031,180.912717,25.602302,186.344476,0.730763,276,34.810127
S4SAVF01-20220721-9W.png,Data/Images_dataset/S4SAVF01-20220721-9W.png,S4SAVF01,1,S4SAVF01-20220721-9W,S4SAVF01,NO,D,63,0.089,1,2835,650,RGBA,2394100,193.745879,182.191212,158.462112,16.747207,17.351377,16.900413,178.133067,16.999666,182.934493,0.717390,249,31.392405
S4SAVF01-20220802-10W.png,Data/Images_dataset/S4SAVF01-20220802-10W.png,S4SAVF01,1,S4SAVF01-20220802-10W,S4SAVF01,NO,D,70,0.157,1,2835,650,RGBA,3174659,191.831696,178.886565,151.188745,23.988627,24.284784,23.080694,173.969002,23.784702,179.638917,0.704466,217,27.341772
S4SAVF01-20220822-13W.png,Data/Images_dataset/S4SAVF01-20220822-13W.png,S4SAVF01,1,S4SAVF01-20220822-13W,S4SAVF01,NO,D,91,0.092,1,2835,650,RGBA,2105939,188.322253,176.534827,149.059605,15.147141,14.990841,13.618169,171.305562,14.585384,177.057123,0.694342,197,24.810127
S4SAVF01-20220906-15W.png,Data/Images_dataset/S4SAVF01-20220906-15W.png,S4SAVF01,1,S4SAVF01-20220906-15W,S4SAVF01,NO,D,105,0.291,1,2835,650,RGBA,2706517,193.473403,179.716741,150.480367,19.919893,20.369379,20.189510,174.556837,20.159594,180.530541,0.707963,222,27.974684
S4SAVF01-20221102-24W.png,Data/Images_dataset/S4SAVF01-20221102-24W.png,S4SAVF01,1,S4SAVF01-20221102-24W,S4SAVF01,NO,D,168,4.948,1,2835,650,RGBA,2633057,139.968206,126.171956,98.683659,21.058211,24.312149,23.810240,121.607940,23.060200,127.120383,0.498511,14,1.645570
S4SAVF01-20221110-25W.png,Data/Images_dataset/S4SAVF01-20221110-25W.png,S4SAVF01,1,S4SAVF01-20221110-25W,S4SAVF01,NO,D,175,3.137,1,2835,650,RGBA,2852721,168.526964,154.455562,127.520463,23.066259,26.564166,26.215971,150.167663,25.282132,155.502428,0.609813,77,9.620253
S4SAVF01-20221206-28W.png,Data/Images_dataset/S4SAVF01-20221206-28W.png,S4SAVF01,2,S4SAVF01-20221206-28W,S4SAVF01,NO,D,196,5.602,2,2835,650,RGBA,2839372,166.700561,148.308546,117.541517,25.329787,30.250752,29.630298,144.183541,28.403612,149.997309,0.588225,51,6.329114
S4SAVF02-20220518-0W.png,Data/Images_dataset/S4SAVF02-20220518-0W.png,S4SAVF02,1,S4SAVF02-20220518-0W,S4SAVF02,SA_VF,VF,0,0.001,1,2835,650,RGBA,1999942,197.529054,196.747779,189.305261,23.528492,25.612023,28.034890,194.527365,25.725135,196.376528,0.770104,385,48.607595
S4SAVF02-20220603-2W.png,Data/Images_dataset/S4SAVF02-20220603-2W.png,S4SAVF02,1,S4SAVF02-20220603-2W,S4SAVF02,SA_VF,VF,14,0.001,1,2835,650,RGBA,2681828,221.076112,217.303385,203.388883,21.744687,23.944657,27.748590,213.922793,24.479312,217.100840,0.851376,555,70.126582
S4SAVF02-20220609-3W.png,Data/Images_dataset/S4SAVF02-20220609-3W.png,S4SAVF02,1,S4SAVF02-20220609-3W,S4SAVF02,SA_VF,VF,21,0.001,1,2835,650,RGBA,2349453,197.560830,192.809903,183.307095,21.453438,24.889504,28.715252,191.225943,25.019398,193.133847,0.757388,350,44.177215
S4SAVF02-20220616-4W.png,Data/Images_dataset/S4SAVF02-20220616-4W.png,S4SAVF02,1,S4SAVF02-20220616-4W,S4SAVF02,SA_VF,VF,28,0.002,1,2835,650,RGBA,2566466,206.049318,200.723309,187.570973,18.696953,21.465461,25.703541,198.114533,21.955318,200.906020,0.787867,427,53.924051
S4SAVF02-20220623-5W.png,Data/Images_dataset/S4SAVF02-20220623-5W.png,S4SAVF02,1,S4SAVF02-20220623-5W,S4SAVF02,SA_VF,VF,35,0.002,1,2835,650,RGBA,2835226,212.453378,208.858217,196.193635,23.702622,27.138977,32.734948,205.835077,27.858849,208.708165,0.818463,493,62.278481
S4SAVF02-20220630-6W.png,Data/Images_dataset/S4SAVF02-20220630-6W.png,S4SAVF02,1,S4SAVF02-20220630-6W,S4SAVF02,SA_VF,VF,42,0.002,1,2835,650,RGBA,2473390,208.412611,204.290178,188.475366,22.942820,25.931708,30.555251,200.392718,26.476593,204.024778,0.800097,457,57.721519
S4SAVF02-20220708-7W.png,Data/Images_dataset/S4SAVF02-20220708-7W.png,S4SAVF02,1,S4SAVF02-20220708-7W,S4SAVF02,SA_VF,VF,49,0.005,1,2835,650,RGBA,2792545,212.629280,207.597285,192.061850,22.571087,25.184198,29.144855,204.096139,25.633380,207.545429,0.813904,484,61.139241
S4SAVF02-20220714-8W.png,Data/Images_dataset/S4SAVF02-20220714-8W.png,S4SAVF02,1,S4SAVF02-20220714-8W,S4SAVF02,SA_VF,VF,56,0.004,1,2835,650,RGBA,2922081,222.024134,216.531522,200.747558,24.696186,27.842687,32.643452,213.101071,28.394109,216.559649,0.849254,551,69.620253
S4SAVF02-20220721-9W.png,Data/Images_dataset/S4SAVF02-20220721-9W.png,S4SAVF02,1,S4SAVF02-20220721-9W,S4SAVF02,SA_VF,VF,63,0.005,1,2835,650,RGBA,2850981,200.109759,194.114835,180.069412,23.781159,27.071086,32.001221,191.431335,27.617822,194.375276,0.762256,363,45.822785
S4SAVF02-20220802-10W.png,Data/Images_dataset/S4SAVF02-20220802-10W.png,S4SAVF02,1,S4SAVF02-20220802-10W,S4SAVF02,SA_VF,VF,70,0.011,1,2835,650,RGBA,3069596,206.654451,199.451420,182.398967,26.179460,29.396460,34.517062,196.168279,30.030994,199.751598,0.783340,415,52.405063
S4SAVF02-20220822-13W.png,Data/Images_dataset/S4SAVF02-20220822-13W.png,S4SAVF02,1,S4SAVF02-20220822-13W,S4SAVF02,SA_VF,VF,91,0.005,1,2835,650,RGBA,2370881,202.790905,193.907926,176.030351,18.478304,21.337904,25.554008,190.909727,21.790072,194.505686,0.762767,364,45.949367
S4SAVF02-20220906-15W.png,Data/Images_dataset/S4SAVF02-20220906-15W.png,S4SAVF02,1,S4SAVF02-20220906-15W,S4SAVF02,SA_VF,VF,105,0.042,1,2835,650,RGBA,2862743,193.609747,185.592934,168.363182,26.553356,30.775659,36.221589,182.521955,31.183535,186.053321,0.729621,274,34.556962
S4SAVF02-20221102-24W.png,Data/Images_dataset/S4SAVF02-20221102-24W.png,S4SAVF02,1,S4SAVF02-20221102-24W,S4SAVF02,SA_VF,VF,168,1.093,1,2835,650,RGBA,2808287,170.784915,158.683394,132.889369,21.963015,24.139849,25.921363,154.119226,24.008076,159.393849,0.625074,90,11.265823
S4SAVF02-20221110-25W.png,Data/Images_dataset/S4SAVF02-20221110-25W.png,S4SAVF02,1,S4SAVF02-20221110-25W,S4SAVF02,SA_VF,VF,175,1.301,1,2835,650,RGBA,3348923,200.037783,189.627357,169.006345,40.654314,45.491796,50.024406,186.223828,45.390172,190.351776,0.746478,315,39.746835
S4SAVF02-20221206-28W.png,Data/Images_dataset/S4SAVF02-20221206-28W.png,S4SAVF02,2,S4SAVF02-20221206-28W,S4SAVF02,SA_VF,VF,196,5.426,2,2835,650,RGBA,3134332,186.666738,171.815769,145.464945,43.604504,51.004157,55.763907,167.982484,50.124189,173.070555,0.678708,164,20.632911
S4SAVF03-20220518-0W.png,Data/Images_dataset/S4SAVF03-20220518-0W.png,S4SAVF03,1,S4SAVF03-20220518-0W,S4SAVF03,SA_VF,VF,0,0,1,2835,650,RGBA,1738566,202.572206,201.149247,195.265316,22.752659,25.280469,28.128402,199.662256,25.387176,201.026948,0.788341,428,54.050633
S4SAVF03-20220603-2W.png,Data/Images_dataset/S4SAVF03-20220603-2W.png,S4SAVF03,1,S4SAVF03-20220603-2W,S4SAVF03,SA_VF,VF,14,0.007,1,2835,650,RGBA,1867231,217.473048,211.540703,196.711849,22.938400,24.990342,29.882500,208.575200,25.937081,211.731277,0.830319,514,64.936709
S4SAVF03-20220609-3W.png,Data/Images_dataset/S4SAVF03-20220609-3W.png,S4SAVF03,1,S4SAVF03-20220609-3W,S4SAVF03,SA_VF,VF,21,0.049,1,2835,650,RGBA,2084353,234.904706,232.622786,220.470907,22.589247,25.585236,31.253470,229.332800,26.475984,232.230556,0.910708,641,81.012658
S4SAVF03-20220616-4W.png,Data/Images_dataset/S4SAVF03-20220616-4W.png,S4SAVF03,1,S4SAVF03-20220616-4W,S4SAVF03,SA_VF,VF,28,0.075,1,2835,650,RGBA,1843070,230.099073,223.572898,208.996417,20.383092,23.193987,28.293281,220.889462,23.956787,223.907941,0.878070,587,74.177215
S4SAVF03-20220623-5W.png,Data/Images_dataset/S4SAVF03-20220623-5W.png,S4SAVF03,1,S4SAVF03-20220623-5W,S4SAVF03,SA_VF,VF,35,0.098,1,2835,650,RGBA,2218698,221.555124,218.263531,205.718568,23.259437,26.268356,31.663899,215.179074,27.063897,218.057577,0.855128,560,70.759494
S4SAVF03-20220630-6W.png,Data/Images_dataset/S4SAVF03-20220630-6W.png,S4SAVF03,1,S4SAVF03-20220630-6W,S4SAVF03,SA_VF,VF,42,0.237,1,2835,650,RGBA,2153447,220.952205,215.465675,197.765470,22.646273,26.371974,31.927946,211.394450,26.982064,215.354156,0.844526,539,68.101266
S4SAVF03-20220708-7W.png,Data/Images_dataset/S4SAVF03-20220708-7W.png,S4SAVF03,1,S4SAVF03-20220708-7W,S4SAVF03,SA_VF,VF,49,0.446,1,2835,650,RGBA,2213816,211.628307,204.770394,185.962768,20.893354,25.086163,30.221887,200.787156,25.400468,204.870476,0.803414,469,59.240506
S4SAVF03-20220714-8W.png,Data/Images_dataset/S4SAVF03-20220714-8W.png,S4SAVF03,1,S4SAVF03-20220714-8W,S4SAVF03,SA_VF,VF,56,0.312,1,2835,650,RGBA,2386066,228.156600,221.037559,206.103476,22.421987,26.766516,33.752721,218.432545,27.647075,221.472826,0.868521,569,71.898734
S4SAVF03-20220721-9W.png,Data/Images_dataset/S4SAVF03-20220721-9W.png,S4SAVF03,1,S4SAVF03-20220721-9W,S4SAVF03,SA_VF,VF,63,0.574,1,2835,650,RGBA,2139861,208.906301,201.242166,187.641443,23.277336,27.663450,33.726315,199.263303,28.222367,201.889589,0.791724,436,55.063291
S4SAVF03-20220802-10W.png,Data/Images_dataset/S4SAVF03-20220802-10W.png,S4SAVF03,1,S4SAVF03-20220802-10W,S4SAVF03,SA_VF,VF,70,0.75,1,2835,650,RGBA,2792719,222.009157,213.881094,196.511979,26.618697,31.638865,37.865660,210.800743,32.041074,214.355070,0.840608,535,67.594937
S4SAVF03-20220822-13W.png,Data/Images_dataset/S4SAVF03-20220822-13W.png,S4SAVF03,1,S4SAVF03-20220822-13W,S4SAVF03,SA_VF,VF,91,0.565,1,2835,650,RGBA,2044649,209.879184,200.860043,181.581020,22.606998,26.673296,31.182710,197.440082,26.821001,201.385567,0.789747,433,54.683544
S4SAVF03-20220906-15W.png,Data/Images_dataset/S4SAVF03-20220906-15W.png,S4SAVF03,1,S4SAVF03-20220906-15W,S4SAVF03,SA_VF,VF,105,1.834,1,2835,650,RGBA,2726912,210.706584,200.720249,180.132756,28.309523,35.645013,43.142703,197.186530,35.699080,201.356927,0.789635,430,54.303797
S4SAVF03-20221102-24W.png,Data/Images_dataset/S4SAVF03-20221102-24W.png,S4SAVF03,3,S4SAVF03-20221102-24W,S4SAVF03,SA_VF,VF,168,22.891,3,2835,650,RGBA,2906649,173.710454,138.611044,95.916250,33.310864,47.461914,46.386591,136.079249,42.386456,142.990614,0.560748,37,4.556962
S4SAVF03-20221110-25W.png,Data/Images_dataset/S4SAVF03-20221110-25W.png,S4SAVF03,3,S4SAVF03-20221110-25W,S4SAVF03,SA_VF,VF,175,18.37,3,2835,650,RGBA,3090048,205.776291,166.796360,122.177668,43.451024,60.085595,60.185143,164.916773,54.573921,171.862024,0.673969,150,18.860759
S4SAVF03-20221206-28W.png,Data/Images_dataset/S4SAVF03-20221206-28W.png,S4SAVF03,4,S4SAVF03-20221206-28W,S4SAVF03,SA_VF,VF,196,25.28,4,2835,650,RGBA,2847200,198.240228,153.181566,102.468562,47.148757,62.916173,57.339571,151.296785,55.801501,159.099559,0.623920,86,10.759494
S5VF01-20220518-0W.png,Data/Images_dataset/S5VF01-20220518-0W.png,S5VF01,1,S5VF01-20220518-0W,S5VF01,NO,D,0,0.09,1,2835,650,RGBA,2019174,187.747265,177.190344,154.732858,22.066218,23.387850,23.471016,173.223489,22.975028,177.813315,0.697307,204,25.696203
S5VF01-20220603-2W.png,Data/Images_dataset/S5VF01-20220603-2W.png,S5VF01,1,S5VF01-20220603-2W,S5VF01,NO,D,14,0.077,1,2835,650,RGBA,2243181,184.750268,171.254627,141.396012,20.328821,21.664894,22.288455,165.800302,21.427390,171.968008,0.674384,154,19.367089
S5VF01-20220609-3W.png,Data/Images_dataset/S5VF01-20220609-3W.png,S5VF01,1,S5VF01-20220609-3W,S5VF01,NO,D,21,0.111,1,2835,650,RGBA,1890152,173.585159,163.512555,142.158944,19.801368,21.318465,22.212101,159.752219,21.110645,164.112260,0.643577,106,13.291139
S5VF01-20220616-4W.png,Data/Images_dataset/S5VF01-20220616-4W.png,S5VF01,1,S5VF01-20220616-4W,S5VF01,NO,D,28,0.083,1,2835,650,RGBA,2573155,223.714265,212.406211,188.165125,19.211863,21.459352,23.144249,208.095200,21.271821,213.060097,0.835530,526,66.455696
S5VF01-20220623-5W.png,Data/Images_dataset/S5VF01-20220623-5W.png,S5VF01,1,S5VF01-20220623-5W,S5VF01,NO,D,35,0.268,1,2835,650,RGBA,2254027,187.701709,176.541033,151.603543,21.443862,23.717092,25.005648,171.948762,23.388867,177.113306,0.694562,199,25.063291
S5VF01-20220630-6W.png,Data/Images_dataset/S5VF01-20220630-6W.png,S5VF01,1,S5VF01-20220630-6W,S5VF01,NO,D,42,0.338,1,2835,650,RGBA,2427877,197.681791,185.921988,160.709443,19.736860,22.113926,23.606767,181.437741,21.819184,186.601776,0.731772,279,35.189873
S5VF01-20220708-7W.png,Data/Images_dataset/S5VF01-20220708-7W.png,S5VF01,1,S5VF01-20220708-7W,S5VF01,NO,D,49,0.28,1,2835,650,RGBA,2244067,218.626171,207.859413,182.496367,19.083103,22.142805,24.341574,202.993984,21.855827,208.317214,0.816930,492,62.151899
S5VF01-20220714-8W.png,Data/Images_dataset/S5VF01-20220714-8W.png,S5VF01,1,S5VF01-20220714-8W,S5VF01,NO,D,56,0.447,1,2835,650,RGBA,2622111,201.109219,188.750526,162.994038,22.524751,25.554119,27.816882,184.284594,25.298584,189.518366,0.743209,310,39.113924
S5VF01-20220721-9W.png,Data/Images_dataset/S5VF01-20220721-9W.png,S5VF01,1,S5VF01-20220721-9W,S5VF01,NO,D,63,0.293,1,2835,650,RGBA,2332694,207.466454,195.513848,173.249260,18.981322,22.197048,25.762674,192.076521,22.313681,196.447469,0.770382,387,48.860759
S5VF01-20220802-10W.png,Data/Images_dataset/S5VF01-20220802-10W.png,S5VF01,1,S5VF01-20220802-10W,S5VF01,NO,D,70,0.797,1,2835,650,RGBA,2437400,193.465998,180.694467,154.898764,24.140628,27.378260,29.282357,176.353076,26.933748,181.547245,0.711950,235,29.620253
S5VF01-20220822-13W.png,Data/Images_dataset/S5VF01-20220822-13W.png,S5VF01,1,S5VF01-20220822-13W,S5VF01,NO,D,91,0.534,1,2835,650,RGBA,2254397,200.927754,186.247997,158.025697,18.954967,22.057529,23.591445,181.733816,21.534647,187.331263,0.734632,287,36.202532
S5VF01-20220906-15W.png,Data/Images_dataset/S5VF01-20220906-15W.png,S5VF01,1,S5VF01-20220906-15W,S5VF01,NO,D,105,1.45,1,2835,650,RGBA,2653817,193.664354,176.915051,145.083896,24.416811,29.039724,32.024225,171.887767,28.493587,178.177743,0.698736,208,26.202532
S5VF01-20221102-24W.png,Data/Images_dataset/S5VF01-20221102-24W.png,S5VF01,2,S5VF01-20221102-24W,S5VF01,NO,D,168,7.514,2,2835,650,RGBA,2662230,184.048627,160.515261,121.318102,36.342729,42.804416,41.873072,155.293997,40.340072,162.688420,0.637994,102,12.784810
S5VF01-20221110-25W.png,Data/Images_dataset/S5VF01-20221110-25W.png,S5VF01,2,S5VF01-20221110-25W,S5VF01,NO,D,175,8.206,2,2835,650,RGBA,2913462,192.862997,167.278731,131.764912,31.716567,41.710259,43.297294,163.968880,38.908040,170.153848,0.667270,142,17.848101
S5VF01-20221206-28W.png,Data/Images_dataset/S5VF01-20221206-28W.png,S5VF01,2,S5VF01-20221206-28W,S5VF01,NO,D,196,12.535,2,2835,650,RGBA,2617998,182.058941,152.342454,108.234963,33.915812,43.545172,41.046324,147.545453,39.502436,155.475619,0.609708,76,9.493671
S5VF02-20220518-0W.png,Data/Images_dataset/S5VF02-20220518-0W.png,S5VF02,1,S5VF02-20220518-0W,S5VF02,VF,VF,0,0.07,1,2835,650,RGBA,1865782,197.130920,188.413010,168.676329,18.726229,20.354573,22.416261,184.740086,20.499021,188.841449,0.740555,305,38.481013
S5VF02-20220603-2W.png,Data/Images_dataset/S5VF02-20220603-2W.png,S5VF02,1,S5VF02-20220603-2W,S5VF02,VF,VF,14,0.047,1,2835,650,RGBA,1733486,202.770425,193.031064,166.479822,18.612969,19.758108,21.864893,187.427104,20.078656,193.184652,0.757587,351,44.303797
S5VF02-20220609-3W.png,Data/Images_dataset/S5VF02-20220609-3W.png,S5VF02,1,S5VF02-20220609-3W,S5VF02,VF,VF,21,0.164,1,2835,650,RGBA,2442788,207.369091,198.954115,179.978470,22.880759,24.527079,26.871069,195.433892,24.759636,199.373098,0.781855,408,51.518987
S5VF02-20220616-4W.png,Data/Images_dataset/S5VF02-20220616-4W.png,S5VF02,1,S5VF02-20220616-4W,S5VF02,VF,VF,28,0.029,1,2835,650,RGBA,2000864,223.675870,214.381159,193.037237,16.602677,18.407926,20.972729,210.364755,18.661111,214.816183,0.842416,537,67.848101
S5VF02-20220623-5W.png,Data/Images_dataset/S5VF02-20220623-5W.png,S5VF02,1,S5VF02-20220623-5W,S5VF02,VF,VF,35,0.147,1,2835,650,RGBA,2513272,217.570918,208.358978,187.401781,22.014897,24.207511,27.000573,204.443892,24.407661,208.804327,0.818840,496,62.658228
S5VF02-20220630-6W.png,Data/Images_dataset/S5VF02-20220630-6W.png,S5VF02,1,S5VF02-20220630-6W,S5VF02,VF,VF,42,0.179,1,2835,650,RGBA,2809826,217.876500,208.819548,187.121233,24.072323,26.305423,29.779765,204.605760,26.719170,209.178438,0.820308,501,63.291139
S5VF02-20220708-7W.png,Data/Images_dataset/S5VF02-20220708-7W.png,S5VF02,1,S5VF02-20220708-7W,S5VF02,VF,VF,49,0.182,1,2835,650,RGBA,2509238,210.792006,200.246588,175.133417,20.221415,22.525530,24.705433,195.390670,22.484126,200.675373,0.786962,424,53.544304
S5VF02-20220714-8W.png,Data/Images_dataset/S5VF02-20220714-8W.png,S5VF02,1,S5VF02-20220714-8W,S5VF02,VF,VF,56,0.167,1,2835,650,RGBA,2597719,222.082645,210.839931,188.318319,22.062462,25.039838,28.603185,207.080298,25.235162,211.604071,0.829820,511,64.556962
S5VF02-20220721-9W.png,Data/Images_dataset/S5VF02-20220721-9W.png,S5VF02,1,S5VF02-20220721-9W,S5VF02,VF,VF,63,0.425,1,2835,650,RGBA,2728067,210.080877,198.856387,176.763864,21.851543,25.493168,29.258763,195.233710,25.534491,199.647634,0.782932,413,52.151899
S5VF02-20220802-10W.png,Data/Images_dataset/S5VF02-20220802-10W.png,S5VF02,1,S5VF02-20220802-10W,S5VF02,VF,VF,70,0.744,1,2835,650,RGBA,2885866,199.990452,187.996821,164.161600,23.209181,26.712320,29.054570,184.049624,26.325357,188.825764,0.740493,304,38.354430
S5VF02-20220822-13W.png,Data/Images_dataset/S5VF02-20220822-13W.png,S5VF02,1,S5VF02-20220822-13W,S5VF02,VF,VF,91,0.719,1,2835,650,RGBA,2132547,200.130800,186.577588,159.424541,17.214242,21.638427,23.381458,182.044310,20.744709,187.498551,0.735288,293,36.962025
S5VF02-20220906-15W.png,Data/Images_dataset/S5VF02-20220906-15W.png,S5VF02,1,S5VF02-20220906-15W,S5VF02,VF,VF,105,2.357,1,2835,650,RGBA,2964725,189.624349,174.405627,145.627610,25.730547,30.925670,34.102037,169.885862,30.252751,175.563354,0.688484,188,23.670886
S5VF02-20221102-24W.png,Data/Images_dataset/S5VF02-20221102-24W.png,S5VF02,3,S5VF02-20221102-24W,S5VF02,VF,VF,168,15.766,3,2835,650,RGBA,2420499,160.194690,130.452600,91.345986,20.548083,33.043583,30.398084,127.331092,27.996583,133.952271,0.525303,22,2.658228
S5VF02-20221110-25W.png,Data/Images_dataset/S5VF02-20221110-25W.png,S5VF02,2,S5VF02-20221110-25W,S5VF02,VF,VF,175,13.229,2,2835,650,RGBA,3303920,197.050388,162.105825,121.655469,32.946384,47.031153,46.574010,160.270561,42.183849,166.614523,0.653390,119,14.936709
S5VF02-20221206-28W.png,Data/Images_dataset/S5VF02-20221206-28W.png,S5VF02,3,S5VF02-20221206-28W,S5VF02,VF,VF,196,23.149,3,2835,650,RGBA,2841940,181.550275,139.479415,94.117140,34.258713,48.424746,42.804242,138.382276,41.829234,145.148524,0.569210,41,5.063291
S5VF03-20220518-0W.png,Data/Images_dataset/S5VF03-20220518-0W.png,S5VF03,1,S5VF03-20220518-0W,S5VF03,VF,VF,0,0.115,1,2835,650,RGBA,2089076,185.727433,176.377873,157.520286,18.848159,19.075809,19.254343,173.208531,19.059437,177.004071,0.694134,196,24.683544
S5VF03-20220603-2W.png,Data/Images_dataset/S5VF03-20220603-2W.png,S5VF03,1,S5VF03-20220603-2W,S5VF03,VF,VF,14,0.003,1,2835,650,RGBA,1889819,226.175163,216.625863,194.870403,13.861146,14.425066,15.704286,212.557143,14.663499,217.085300,0.851315,554,70.000000
S5VF03-20220609-3W.png,Data/Images_dataset/S5VF03-20220609-3W.png,S5VF03,1,S5VF03-20220609-3W,S5VF03,VF,VF,21,0.028,1,2835,650,RGBA,2252400,198.463367,190.611369,175.362498,17.550201,18.323919,19.120232,188.145745,18.331451,191.179735,0.749724,324,40.886076
S5VF03-20220616-4W.png,Data/Images_dataset/S5VF03-20220616-4W.png,S5VF03,1,S5VF03-20220616-4W,S5VF03,VF,VF,28,0,1,2835,650,RGBA,1759052,224.675293,215.280015,195.235274,11.550712,12.280155,14.191321,211.730194,12.674062,215.830221,0.846393,544,68.734177
S5VF03-20220623-5W.png,Data/Images_dataset/S5VF03-20220623-5W.png,S5VF03,1,S5VF03-20220623-5W,S5VF03,VF,VF,35,0.008,1,2835,650,RGBA,2241429,224.018826,215.050384,194.226863,15.419458,16.195909,17.462656,211.098691,16.359341,215.453617,0.844916,541,68.354430
S5VF03-20220630-6W.png,Data/Images_dataset/S5VF03-20220630-6W.png,S5VF03,1,S5VF03-20220630-6W,S5VF03,VF,VF,42,0.009,1,2835,650,RGBA,2215934,209.701371,201.097047,179.671215,15.705606,16.346585,17.817927,196.823211,16.623373,201.379381,0.789723,432,54.556962
S5VF03-20220708-7W.png,Data/Images_dataset/S5VF03-20220708-7W.png,S5VF03,1,S5VF03-20220708-7W,S5VF03,VF,VF,49,0.024,1,2835,650,RGBA,2484302,213.601396,204.121006,181.057637,17.229953,17.681164,18.600893,199.593346,17.837336,204.471361,0.801848,467,58.987342
S5VF03-20220714-8W.png,Data/Images_dataset/S5VF03-20220714-8W.png,S5VF03,1,S5VF03-20220714-8W,S5VF03,VF,VF,56,0.022,1,2835,650,RGBA,2545079,224.773344,215.175372,195.134922,17.797432,17.786791,19.168255,211.694546,18.250826,215.768980,0.846153,543,68.607595
S5VF03-20220721-9W.png,Data/Images_dataset/S5VF03-20220721-9W.png,S5VF03,1,S5VF03-20220721-9W,S5VF03,VF,VF,63,0.059,1,2835,650,RGBA,2249244,212.566588,202.783669,181.289256,14.291340,15.680963,17.979864,198.879838,15.984056,203.311621,0.797300,452,57.088608
S5VF03-20220802-10W.png,Data/Images_dataset/S5VF03-20220802-10W.png,S5VF03,1,S5VF03-20220802-10W,S5VF03,VF,VF,70,0.026,1,2835,650,RGBA,1986720,211.014599,201.342417,181.856052,12.465733,13.647595,14.941624,198.071023,13.684984,201.991807,0.792125,438,55.316456
S5VF03-20220822-13W.png,Data/Images_dataset/S5VF03-20220822-13W.png,S5VF03,1,S5VF03-20220822-13W,S5VF03,VF,VF,91,0.012,1,2835,650,RGBA,1926568,206.292020,196.144249,171.515136,11.753427,12.682193,13.721481,191.317135,12.719034,196.523443,0.770680,389,49.113924
S5VF03-20220906-15W.png,Data/Images_dataset/S5VF03-20220906-15W.png,S5VF03,1,S5VF03-20220906-15W,S5VF03,VF,VF,105,0.111,1,2835,650,RGBA,2616888,197.816419,187.023329,161.497941,19.105474,19.952806,20.661927,182.112563,19.906735,187.475007,0.735196,291,36.708861
S5VF03-20221102-24W.png,Data/Images_dataset/S5VF03-20221102-24W.png,S5VF03,1,S5VF03-20221102-24W,S5VF03,VF,VF,168,3.502,1,2835,650,RGBA,2122584,166.070466,151.549332,122.182420,26.042694,29.959220,30.203743,146.600739,28.735219,152.516234,0.598103,60,7.468354
S5VF03-20221110-25W.png,Data/Images_dataset/S5VF03-20221110-25W.png,S5VF03,1,S5VF03-20221110-25W,S5VF03,VF,VF,175,2.681,1,2835,650,RGBA,2692020,200.485237,186.117032,162.122552,22.689693,31.805518,37.376281,182.908274,30.623831,187.439311,0.735056,290,36.582278
S5VF03-20221206-28W.png,Data/Images_dataset/S5VF03-20221206-28W.png,S5VF03,2,S5VF03-20221206-28W,S5VF03,VF,VF,196,6.583,2,2835,650,RGBA,3168529,184.998489,165.445816,133.769406,27.729598,37.747674,41.440780,161.404570,35.639350,167.315677,0.656140,121,15.189873
