sample_name,specimen_id,n_steel_mesh_raw,treatment_raw,treatment_label_raw,ageing_days,surface_total_rust_pct,surface_total_rust_category,peak_rust_pct,peak_rust_category,peak_rust_location_cm,cover_mm_raw,wire_area_loss_raw,ultimate_load_kn,specimen_id_from_name,date,week,calendar_date,campaign_id,series_id,split_group_treatment,treatment_protocol,treatment_coarse,treatment_label_coarse,n_steel_mesh,nacl_pct,terminal_week,terminal_days,image_filename,image_path,image_readable,image_width,image_height,image_error,observation_id,wire_area_loss_frac,wire_area_loss_pct,cover_mm,has_structural_label,is_terminal_structural_row,img_rust_area_ratio_pct,img_black_mask_ratio_pct,img_gray_mask_ratio_pct,img_brightness_mean,img_brightness_std,img_brightness_p10,img_brightness_p90,img_contrast,img_r_mean,img_g_mean,img_b_mean,img_r_std,img_g_std,img_b_std,img_gray_hist_bin_0,img_gray_hist_bin_1,img_gray_hist_bin_2,img_gray_hist_bin_3,img_gray_hist_bin_4,img_gray_hist_bin_5,img_gray_hist_bin_6,img_gray_hist_bin_7,img_glcm_contrast,img_glcm_homogeneity,img_glcm_energy,img_lbp_mean,img_lbp_std,img_rust_blob_count,img_rust_blob_largest_ratio_pct,img_rust_blob_mean_ratio_pct,img_rust_blob_eccentricity_mean,img_rust_blob_eccentricity_max,img_strip_count,img_strip_rust_mean_pct,img_strip_rust_std_pct,img_strip_rust_max_pct,img_strip_rust_p90_pct,img_strip_high_count,img_strip_peak_location_cm,img_rust_center_of_mass_cm,img_edge_to_center_rust_ratio
D01-20240110-0W,D01,4,NO,D,0,0.003,1,0.02,1,13.99,7.16,,,D01,20240110,0,2024-01-10,campaign_2,D,D_NO,no_treatment_control,False,D,4,5.0,36,252,D01-20240110-0W.png,Data/Images_dataset/D01-20240110-0W.png,True,2835.0,650.0,,D01-20240110-0W,,,7.16,False,False,0.0032017365350698,0.0,0.0083570750237416,233.71117568850903,12.50049924924305,218.0,248.0,12.50049924924305,243.55421136887804,233.60938597205265,212.1841378374712,11.11153527621811,13.015855425169304,14.369385943524886,0.0,4.917921584588251e-07,2.001085334418668e-06,3.306878306878307e-06,5.2570885904219236e-06,0.0001721950888617,0.0054346255596255,0.0256321225071225,1.961147710376347,0.6456280800636451,0.2461224152929708,5.154853894277778,3.117202235262287,6.0,0.0017365350698684,0.0005336227558449,0.6051375110430725,1.0,47.0,0.0032733224222585,0.0091239790874763,0.0417209908735332,0.0065189048239895,0.0,13.985185185185186,14.40717424446238,0.0888833920501312
D01-20240124-2W,D01,4,NO,D,14,0.0,1,0.0,1,1.51,7.16,,,D01,20240124,2,2024-01-24,campaign_2,D,D_NO,no_treatment_control,False,D,4,5.0,36,252,D01-20240124-2W.png,Data/Images_dataset/D01-20240124-2W.png,True,2835.0,650.0,,D01-20240124-2W,,,7.16,False,False,0.0,0.0,0.0011396011396011,240.03829439696108,17.799417334767412,215.0,255.0,17.799417334767412,245.0441161307828,239.575429656763,233.12424148690815,15.996818306957596,18.461179382018035,19.994845345893708,0.0,0.0,0.0,3.0864197530864196e-06,5.935422602089269e-05,0.0007144552977886,0.0042524759191425,0.0262206281372948,4.980659580635212,0.6027331326573362,0.3674909604922159,5.209298502167574,2.849721466903005,0.0,0.0,0.0,0.0,0.0,47.0,0.0,0.0,0.0,0.0,0.0,0.4994708994708994,0.0,1.0
D01-20240207-4W,D01,4,NO,D,28,0.006,1,0.022,1,13.99,7.16,,,D01,20240207,4,2024-02-07,campaign_2,D,D_NO,no_treatment_control,False,D,4,5.0,36,252,D01-20240207-4W.png,Data/Images_dataset/D01-20240207-4W.png,True,2835.0,650.0,,D01-20240207-4W,,,7.16,False,False,0.0062406729073395,0.0,0.0128069461402794,218.4446571699905,21.5390204504669,186.0,242.0,21.5390204504669,227.38393759327093,217.50512169312168,203.88926387193055,20.199753578808647,21.91313155407704,23.724429424345576,0.0,5.935422602089269e-07,3.4255867589200924e-06,8.530050196716863e-06,0.0003574820241486,0.0036979548229548,0.0114796160629493,0.0157023979107312,6.203513733205565,0.450253417648752,0.1452433539366187,4.977225332491109,3.1371267526311546,8.0,0.0019536019536019,0.0007800841134174,0.7205873991326758,1.0,47.0,0.0063802047213514,0.014313151698701,0.0651890482398957,0.0195567144719687,0.0,14.484656084656084,12.233687600644126,0.323228327107063
D01-20240221-6W,D01,4,NO,D,42,0.0,1,0.004,1,21.49,7.16,,,D01,20240221,6,2024-02-21,campaign_2,D,D_NO,no_treatment_control,False,D,4,5.0,36,252,D01-20240221-6W.png,Data/Images_dataset/D01-20240221-6W.png,True,2835.0,650.0,,D01-20240221-6W,,,7.16,False,False,0.0004884004884004,0.0,0.0037986704653371,242.25319006919008,18.687862669760996,213.0,255.0,18.687862669760996,245.31290462623795,242.07949694749695,237.78620431420433,16.2159225834651,19.246761433294452,22.3056332811778,0.0,0.0,6.444173110839777e-07,3.646045312711979e-06,4.181929181929182e-05,0.0006622405372405,0.0045348154931488,0.0260068342151675,4.403870408506027,0.6568336641555304,0.490000588780709,5.655844661538328,2.558764316070447,1.0,0.0004884004884004,0.0004884004884004,0.786283935618104,0.786283935618104,47.0,0.000499320369497,0.0023684844745914,0.0117340286831812,0.0,0.0,20.977777777777774,21.1856554967666,978.8357235984356
D01-20240306-8W,D01,4,NO,D,56,0.081,1,0.403,1,21.49,7.16,,,D01,20240306,8,2024-03-06,campaign_2,D,D_NO,no_treatment_control,False,D,4,5.0,36,252,D01-20240306-8W.png,Data/Images_dataset/D01-20240306-8W.png,True,2835.0,650.0,,D01-20240306-8W,,,7.16,False,False,0.081074481074481,0.0,0.0021164021164021,242.7251455704789,18.18931078250294,221.0,255.0,18.18931078250294,247.2505803825804,243.06299118165785,232.9183774250441,13.72358987819546,19.581328631413964,26.120586472364874,0.0,0.0,7.970424637091304e-07,6.885090218423551e-05,0.0002033984533984,0.0004247049247049,0.0028258886175552,0.0277263600596933,3.888252360005785,0.6414626631633569,0.4474187956453097,5.515475871139685,3.284776847804797,38.0,0.029412562745896,0.0021335389756442,0.8041515705552937,1.0,47.0,0.0828871813365141,0.2459329000924595,1.2099087353324642,0.2018252933507167,0.0,21.47724867724868,18.09922724407329,1.571251403905168
D01-20240320-10W,D01,4,NO,D,70,0.565,1,2.658,1,11.5,7.16,,,D01,20240320,10,2024-03-20,campaign_2,D,D_NO,no_treatment_control,False,D,4,5.0,36,252,D01-20240320-10W.png,Data/Images_dataset/D01-20240320-10W.png,True,2835.0,650.0,,D01-20240320-10W,,,7.16,False,False,0.5650250983584317,0.0,0.0030389363722697,231.42258363858363,25.514709251763644,197.0,254.0,25.514709251763644,238.58370750237415,231.68833428300096,215.48242083842084,20.364980535406495,27.136388839568337,34.848985307836884,0.0,2.2045855379188713e-07,2.942273775607109e-05,0.0002037206620539,0.0002970763804097,0.0018479344729344,0.0068674535341202,0.0220041717541717,5.675884548657392,0.5222825778050884,0.2659304420822268,5.2837920859761,3.301474403447357,26.0,0.3933794600461267,0.0217317345522473,0.5886081818524125,1.0,47.0,0.5776581874670588,1.5909279680531905,7.8956975228161665,2.400521512385919,2.0,12.486772486772487,14.736777873312638,0.3024921429156835
D01-20240405-12W,D01,4,NO,D,84,0.194,1,1.274,1,11.5,7.16,,,D01,20240405,12,2024-04-05,campaign_2,D,D_NO,no_treatment_control,False,D,4,5.0,36,252,D01-20240405-12W.png,Data/Images_dataset/D01-20240405-12W.png,True,2835.0,650.0,,D01-20240405-12W,,,7.16,False,False,0.1937321937321937,0.0,0.0052096052096052,239.60357889024556,22.606720911284793,208.0,255.0,22.606720911284793,241.20349803283136,240.4278551078551,234.2659991859992,19.492084128488045,23.495405892610304,29.896835644226936,0.0,6.952923619590287e-07,3.340795007461674e-06,9.6001221001221e-05,0.0002403337403337,0.0009437321937321,0.0050172296838963,0.024948667073667,5.780012964431986,0.6111229068159421,0.4452229257835384,5.890842541555981,2.9913330184585485,33.0,0.1480938814272147,0.0058706725373392,0.6929570936722906,1.0,47.0,0.1980637465671724,0.6554031042430237,3.524119947848761,0.2983050847457627,0.0,12.486772486772487,12.931610570153984,0.0485113966858619
D01-20240417-14W,D01,4,NO,D,98,0.676,1,3.268,1,13.99,7.16,,,D01,20240417,14,2024-04-17,campaign_2,D,D_NO,no_treatment_control,False,D,4,5.0,36,252,D01-20240417-14W.png,Data/Images_dataset/D01-20240417-14W.png,True,2835.0,650.0,,D01-20240417-14W,,,7.16,False,False,0.675674942341609,0.0,0.0230633563966897,212.42501044634375,26.14086417409683,179.0,240.0,26.14086417409683,223.61607271740604,212.73313254646587,186.16325274725276,23.93859748445725,27.19327189598251,29.113275539805635,2.15371048704382e-06,6.919006919006919e-06,0.0001036324786324,0.0002253086419753,0.0009143264143264,0.0043814441731108,0.0132971950888617,0.0123190204856871,7.049644564340188,0.4317102874347477,0.1248752589033484,4.983135324097709,3.117956346000459,52.0,0.4372269705603039,0.0129937488911847,0.7242743933147321,1.0,47.0,0.6906710310965631,1.708902132903772,8.07561929595828,2.2784876140808343,2.0,12.986243386243386,14.853657618286965,0.3249083168025017
D01-20240508-17W,D01,4,NO,D,119,0.96,1,3.822,1,13.99,7.16,,,D01,20240508,17,2024-05-08,campaign_2,D,D_NO,no_treatment_control,False,D,4,5.0,36,252,D01-20240508-17W.png,Data/Images_dataset/D01-20240508-17W.png,True,2835.0,650.0,,D01-20240508-17W,,,7.16,False,False,0.9595984262650928,0.0,0.3234839234839234,197.38746764346763,39.41714493762046,147.0,252.0,39.41714493762046,204.98149667616337,198.4419943019943,177.0893029439696,38.230041183473304,40.02954946571171,41.70736276843234,3.832587165920499e-06,1.907814407814408e-05,0.0001882716049382,0.0009687627187627,0.0041950549450549,0.009369946411613,0.0065243691493691,0.0099806844390177,9.628729698245431,0.408587709285813,0.1111686384601234,5.1434925194908585,3.327416817802046,160.0,0.5483652150318817,0.0059974901641568,0.6699667180623357,1.0,47.0,0.9788621043579572,2.213141355524753,9.36245110821382,4.427640156453716,4.0,12.986243386243386,15.100330781335137,0.3954726235825072
D01-20240522-19W,D01,4,NO,D,133,0.893,1,3.254,1,11.5,7.16,,,D01,20240522,19,2024-05-22,campaign_2,D,D_NO,no_treatment_control,False,D,4,5.0,36,252,D01-20240522-19W.png,Data/Images_dataset/D01-20240522-19W.png,True,2835.0,650.0,,D01-20240522-19W,,,7.16,False,False,0.8930674264007596,0.0,0.029683896350563,207.62064631664632,24.399855295249335,178.0,232.0,24.399855295249335,215.0817501017501,209.61228001628,182.1926549993217,22.86701160291319,25.6234848982113,28.441458916745773,1.3227513227513228e-06,7.749966083299416e-06,0.0001339879256545,0.0003256851173517,0.0009785646452313,0.0043235653235653,0.0174034052367385,0.0080757190340523,5.245869836454815,0.5040173787559822,0.1564118448764303,5.024237022679484,3.1107282284912783,83.0,0.5167819834486501,0.0107598485108525,0.6930902775698279,1.0,47.0,0.9054065300008322,1.980668540467196,8.658409387222948,3.468839634941329,2.0,12.486772486772487,11.622485148887288,0.4220308265351951
D01-20240529-20W,D01,4,NO,D,140,0.655,1,3.522,1,13.99,7.16,,,D01,20240529,20,2024-05-29,campaign_2,D,D_NO,no_treatment_control,False,D,4,5.0,36,252,D01-20240529-20W.png,Data/Images_dataset/D01-20240529-20W.png,True,2835.0,650.0,,D01-20240529-20W,,,7.16,False,False,0.6545651878985213,0.0,0.0295753629086962,229.88959652692984,27.065560493695447,196.0,254.0,27.065560493695447,237.5928020621354,231.0115002035002,208.3439571292905,22.20598680828496,28.54893848530987,35.008547636873736,2.71333604666938e-07,8.32654999321666e-06,4.8059964726631394e-05,0.0002940069190069,0.0004944885361552,0.0017551383801383,0.006968203093203,0.0216815052231718,5.794286788337029,0.5728863459439664,0.2802487657081541,5.347729022990992,3.282355179625022,132.0,0.4179080179080179,0.0049588271810494,0.6836971284208492,1.0,47.0,0.6577158867097561,1.6248082216266246,8.026075619295959,1.9478487614080828,3.0,12.986243386243386,14.98022334341353,0.2814143756312199
D01-20240619-23W,D01,4,NO,D,161,1.197,1,4.321,1,11.5,7.16,,,D01,20240619,23,2024-06-19,campaign_2,D,D_NO,no_treatment_control,False,D,4,5.0,36,252,D01-20240619-23W.png,Data/Images_dataset/D01-20240619-23W.png,True,2835.0,650.0,,D01-20240619-23W,,,7.16,False,False,1.1971238637905306,0.0,0.2934201600868267,190.72499742233072,29.07061766654973,153.0,223.0,29.07061766654973,199.34520200786864,193.1534147334147,160.00609740876408,27.758605024359817,30.03513581120991,30.71166382113813,3.2729616062949395e-06,3.46967846967847e-05,0.0002714523131189,0.0007850359517026,0.0029846018179351,0.0096669719169719,0.0145959333876,0.0029080348663681,10.918707974340748,0.3834771184600868,0.1057839385292265,5.084193584673826,3.3273145288029946,247.0,0.6615113281779949,0.00484665531899,0.651324690976882,1.0,47.0,1.1783683319925655,2.2432440478576985,9.632333767926989,3.951238591916557,4.0,12.486772486772487,12.004577798884236,0.5108831490969048
D01-20240626-24W,D01,4,NO,D,168,1.555,1,5.895,2,11.5,7.16,,,D01,20240626,24,2024-06-26,campaign_2,D,D_NO,no_treatment_control,False,D,4,5.0,36,252,D01-20240626-24W.png,Data/Images_dataset/D01-20240626-24W.png,True,2835.0,650.0,,D01-20240626-24W,,,7.16,False,False,1.5551214217880884,0.0,0.0880206213539546,200.3234600461267,23.857694005514222,175.0,222.0,23.857694005514222,206.88319034052367,200.19540469407136,187.81885171618504,19.80091491583143,25.42867365102818,28.601305366715128,3.340795007461674e-06,9.666259666259666e-06,0.0002937355854022,0.0004622507122507,0.0008716761633428,0.0056799280965947,0.0214650149233482,0.0024643874643874,4.302046006034915,0.5282936541489358,0.1731126019831761,4.94243166301799,2.9570813499588073,90.0,0.8153574820241487,0.0172791269087565,0.6914450614978959,1.0,47.0,1.5202640849954234,2.8331040041978617,12.559322033898304,3.99973924380704,4.0,12.486772486772487,13.745456358207168,0.4372267965460863
D01-20240710-26W,D01,4,NO,D,182,1.003,1,3.882,1,11.5,7.16,,,D01,20240710,26,2024-07-10,campaign_2,D,D_NO,no_treatment_control,False,D,4,5.0,36,252,D01-20240710-26W.png,Data/Images_dataset/D01-20240710-26W.png,True,2835.0,650.0,,D01-20240710-26W,,,7.16,False,False,1.00328313661647,0.0,0.1304571971238638,194.24164048297385,23.390175204125224,166.0,217.0,23.390175204125224,209.9504458011125,196.4848677248677,146.16222439289106,20.871964007092775,24.730209934971473,24.90583227355558,7.122507122507122e-07,6.274589607922942e-06,0.0001562033645366,0.0006203025369692,0.0016670227920227,0.0077769129019129,0.0202190510107176,0.0008035205535205,6.96774844092481,0.4448154812314072,0.1520707011903877,5.1247068799916935,3.3400485745817985,286.0,0.441296974630308,0.0035079829951624,0.6882571986878833,1.0,47.0,0.9679047962495496,1.8198236914540933,8.491525423728813,2.5400260756192963,3.0,12.486772486772487,14.315954292674329,0.5848008210436744
D01-20240724-28W,D01,4,NO,D,196,2.063,1,6.289,2,13.99,7.16,,,D01,20240724,28,2024-07-24,campaign_2,D,D_NO,no_treatment_control,False,D,4,5.0,36,252,D01-20240724-28W.png,Data/Images_dataset/D01-20240724-28W.png,True,2835.0,650.0,,D01-20240724-28W,,,7.16,False,False,2.0625152625152623,0.0,0.0534527201193867,195.294418667752,26.740448358239497,165.0,220.0,26.740448358239497,214.2406984126984,195.53620784154117,149.13859557726224,23.057532944800325,28.511408657376883,29.643712677714195,5.5114638447971785e-06,5.313051146384479e-05,0.0004113926197259,0.0005365961199294,0.0015247083163749,0.0073366402116402,0.0195255901505901,0.0018564306064306,5.928458165392708,0.4839522715916654,0.1501076511101859,5.004248617684979,3.133885312492706,209.0,0.8758648758648758,0.0098684940790203,0.6418473420660833,1.0,47.0,1.9454076396016535,3.2302111202597255,12.279009126466754,5.435984354628423,7.0,12.986243386243386,14.957802899855675,0.746067182651032
D01-20240807-30W,D01,4,NO,D,210,1.077,1,2.262,1,1.51,7.16,,,D01,20240807,30,2024-08-07,campaign_2,D,D_NO,no_treatment_control,False,D,4,5.0,36,252,D01-20240807-30W.png,Data/Images_dataset/D01-20240807-30W.png,True,2835.0,650.0,,D01-20240807-30W,,,7.16,False,False,1.0774114774114774,0.0,0.1072310405643739,214.81238854972187,31.66212519139802,169.0,245.0,31.66212519139802,231.19312277845611,214.5915528422195,177.12429412562747,28.404543471702333,33.7576468489267,33.75263988369625,1.5262515262515261e-07,1.3956722290055625e-05,0.0001087030253696,0.0005189085605752,0.0015968830552163,0.0039100529100529,0.0091033781033781,0.015997964997965,12.87769195945997,0.390024949270073,0.1217144642520834,5.10250330976836,3.370008837197011,238.0,0.3603310269976936,0.0045269389807204,0.6410717042378798,1.0,47.0,0.9650198341146772,1.8793445767549248,9.216427640156454,3.5637548891786173,2.0,23.475132275132275,14.36147069373623,1.80147509888337
D01-20240902-33W,D01,4,NO,D,231,1.586,1,3.674,1,13.99,7.16,,,D01,20240902,33,2024-09-02,campaign_2,D,D_NO,no_treatment_control,False,D,4,5.0,36,252,D01-20240902-33W.png,Data/Images_dataset/D01-20240902-33W.png,True,2835.0,650.0,,D01-20240902-33W,,,7.16,False,False,1.5862162528829196,0.0,0.1944919278252611,202.7669987789988,31.598615025373707,161.0,237.0,31.598615025373707,217.64310948310947,202.6061560168227,169.0427849681183,28.92547574604098,33.15606496256764,33.51248146059535,1.0683760683760685e-06,1.8925518925518925e-05,0.0002871387871387,0.000617911409578,0.0020647978564645,0.0061374983041649,0.0132779304029304,0.0088447293447293,13.478892834955555,0.3456092924548654,0.0985081317749303,5.114920349234643,3.4273129190331373,304.0,0.5732193732193732,0.0052178166213253,0.6134167606541067,1.0,47.0,1.4747981913506614,2.6735481926400007,10.43155149934811,5.059452411994784,5.0,23.475132275132275,14.26684927241889,0.9993163892028322
D01-20240918-36W,D01,4,NO,D,252,0.943,1,2.94,1,11.5,7.16,0.2603,1.89,D01,20240918,36,2024-09-18,campaign_2,D,D_NO,no_treatment_control,False,D,4,5.0,36,252,D01-20240918-36W.png,Data/Images_dataset/D01-20240918-36W.png,True,2835.0,650.0,,D01-20240918-36W,0.2603,26.03,7.16,True,True,0.9433184099850768,0.0,0.1685524352191018,194.7012551892552,23.06301767111333,166.0,218.0,23.06301767111333,212.6935704789038,196.28810039343372,144.10198019264686,21.751696481795,24.365702138629462,22.692417959409713,6.952923619590287e-07,5.7997557997558e-06,0.000140991724325,0.0005035612535612,0.001607736399403,0.008179538054538,0.0198245997829331,0.0009870777370777,4.862094702556447,0.5072685830927464,0.1604948464006248,5.053830245658363,3.168382127471695,152.0,0.3851309184642518,0.0062060421709544,0.6464474108842883,1.0,47.0,0.8927016005991846,1.7613593049874354,7.026075619295959,3.08657105606258,3.0,12.486772486772487,14.830388261717724,0.7973383378014942
D02-20240110-0W,D02,4,NO,D,0,0.032,1,0.165,1,18.99,5.61,,,D02,20240110,0,2024-01-10,campaign_2,D,D_NO,no_treatment_control,False,D,4,5.0,36,252,D02-20240110-0W.png,Data/Images_dataset/D02-20240110-0W.png,True,2835.0,650.0,,D02-20240110-0W,,,5.61,False,False,0.032342965676299,0.0,0.0146520146520146,230.24842762176095,15.295647239807156,210.0,246.0,15.295647239807156,240.90050305250304,230.24078903812236,206.487349342016,14.137052356116808,15.736886813599424,16.61472741436082,0.0,8.580925247591914e-06,4.5617962284628954e-06,5.61321394654728e-06,9.751051417718084e-06,0.0006661579161579,0.007523199023199,0.0230321360738027,2.7775853061784757,0.5884139071729519,0.2358571438086371,5.189128384400391,3.240791867668881,8.0,0.0205128205128205,0.0040428707095373,0.5240897176079549,0.7905694150420949,47.0,0.0327332242225859,0.1059938162156909,0.4928292046936114,0.0294654498044328,0.0,17.98095238095238,14.811562089414442,2.0979206258979417
D02-20240124-2W,D02,4,NO,D,14,0.0,1,0.003,1,1.51,5.61,,,D02,20240124,2,2024-01-24,campaign_2,D,D_NO,no_treatment_control,False,D,4,5.0,36,252,D02-20240124-2W.png,Data/Images_dataset/D02-20240124-2W.png,True,2835.0,650.0,,D02-20240124-2W,,,5.61,False,False,0.0003256003256003,0.0,0.0234974901641568,227.03330565730565,23.76318566661382,192.0,254.0,23.76318566661382,234.25292524759192,226.28836304436305,215.75335775335776,21.86172267965222,24.3710851530714,26.3510652560697,0.0,0.0,2.5946275946275947e-06,1.4770723104056438e-05,5.9048975715642384e-05,0.0029461402794736,0.0094710351377018,0.0187564102564102,6.87632666097365,0.4548919521547396,0.1840647007921403,5.0836311403774435,3.082016380160792,1.0,0.0003256003256003,0.0003256003256003,0.9728783841900692,0.9728783841900692,47.0,0.0003328802463313,0.0015789896497276,0.0078226857887874,0.0,0.0,0.9989417989417988,1.3700176366843035,652.8904823989571
D02-20240207-4W,D02,4,NO,D,28,0.03,1,0.175,1,18.99,5.61,,,D02,20240207,4,2024-02-07,campaign_2,D,D_NO,no_treatment_control,False,D,4,5.0,36,252,D02-20240207-4W.png,Data/Images_dataset/D02-20240207-4W.png,True,2835.0,650.0,,D02-20240207-4W,,,5.61,False,False,0.0299552299552299,0.0,0.0244742911409578,204.83326875593545,26.14143753994429,165.0,235.0,26.14143753994429,216.3019981006648,203.8287678741012,183.9562051282051,24.220053570324584,26.601694799314576,29.17000820556109,0.0,7.071632071632071e-06,7.682132682132683e-06,1.4550264550264553e-05,0.0018306369556369,0.0074761565594898,0.0129537545787545,0.0089601478768145,6.7318412404732975,0.431041136743819,0.1162798781739483,5.00308046414634,3.1441893720694267,10.0,0.0213268213268213,0.0029955229955229,0.5990393391407978,1.0,47.0,0.0305972426419595,0.1048978303593811,0.5123859191655802,0.0610169491525423,0.0,17.98095238095238,15.033264320220848,4.490017693803422
D02-20240221-6W,D02,4,NO,D,42,0.021,1,0.11,1,11.5,5.61,,,D02,20240221,6,2024-02-21,campaign_2,D,D_NO,no_treatment_control,False,D,4,5.0,36,252,D02-20240221-6W.png,Data/Images_dataset/D02-20240221-6W.png,True,2835.0,650.0,,D02-20240221-6W,,,5.61,False,False,0.021001221001221,0.0,0.028707095373762,227.42495563695564,23.94287283415185,195.0,255.0,23.94287283415185,233.87092280558943,226.74478632478633,217.4624230090897,20.853498728453697,24.74143769055988,28.53587675837959,0.0,1.17012617012617e-06,8.954008954008954e-06,2.5386650386650383e-05,8.221408221408222e-05,0.0021717202550535,0.0112295143128476,0.0177310405643739,6.919914132423862,0.4784453322730327,0.2176947269155662,5.077305805290438,2.765080789824557,9.0,0.0052638719305385,0.0023334690001356,0.6789211153000715,0.9264639090022052,47.0,0.0214707758883741,0.0613787556868594,0.3285528031290743,0.0795306388526726,0.0,11.487830687830687,12.97246216315984,0.3249917667016902
D02-20240306-8W,D02,4,NO,D,56,0.692,1,2.289,1,11.5,5.61,,,D02,20240306,8,2024-03-06,campaign_2,D,D_NO,no_treatment_control,False,D,4,5.0,36,252,D02-20240306-8W.png,Data/Images_dataset/D02-20240306-8W.png,True,2835.0,650.0,,D02-20240306-8W,,,5.61,False,False,0.6921720255053588,0.0,0.0133496133496133,243.478442002442,23.928198671788156,229.0,254.0,23.928198671788156,249.04600298466968,243.6321752815086,232.06252828652828,16.27802578890659,26.537645061252775,33.130328692583774,0.0,0.0,5.4148012481345815e-05,0.0003983346900013,0.0004475986975986,0.0003878035544702,0.0011755358838692,0.0287865791615791,1.9134080073225692,0.7756322013297492,0.5805057529383086,5.610693364022602,3.0326042513861675,36.0,0.2741554741554741,0.0192270007084821,0.8317905398874519,1.0,47.0,0.7020999195539407,1.318050538383828,5.973924380704042,2.407822685788787,1.0,10.988359788359787,14.345672098710123,0.1618029672716598
D02-20240320-10W,D02,4,NO,D,70,2.722,1,9.196,2,11.5,5.61,,,D02,20240320,10,2024-03-20,campaign_2,D,D_NO,no_treatment_control,False,D,4,5.0,36,252,D02-20240320-10W.png,Data/Images_dataset/D02-20240320-10W.png,True,2835.0,650.0,,D02-20240320-10W,,,5.61,False,False,2.7221815221815224,0.0,0.1292090625423959,222.7502271062271,35.27648799834239,183.0,253.0,35.27648799834239,233.1940127526794,222.47807461674128,201.1083256003256,27.070574472074057,38.049549824392905,45.83983484945353,0.0,1.85354768688102e-05,0.0004281305114638,0.0007969746303079,0.0006474867724867,0.0023347069597069,0.0072886141636141,0.0197355514855514,6.956518229394494,0.4464363301302939,0.173224562043202,5.184940337639637,3.329996575004321,95.0,1.577750644417311,0.0286545423387528,0.6662383841646374,1.0,47.0,2.7460123720491554,3.540127475612443,12.401564537157755,7.998435462842242,12.0,12.986243386243386,14.730208514950258,0.260089323393667
D02-20240405-12W,D02,4,NO,D,84,2.33,1,8.748,2,11.5,5.61,,,D02,20240405,12,2024-04-05,campaign_2,D,D_NO,no_treatment_control,False,D,4,5.0,36,252,D02-20240405-12W.png,Data/Images_dataset/D02-20240405-12W.png,True,2835.0,650.0,,D02-20240405-12W,,,5.61,False,False,2.330430063763397,0.0,0.3474698141364808,227.18348609415276,36.08444467352565,184.0,255.0,36.08444467352565,232.66475159408492,227.43310161443495,215.84875430742096,27.91736957254832,39.07626582453474,45.89166784263997,0.0,4.036087369420703e-06,0.0004008106091439,0.0008276862026862,0.0007497625830959,0.0017890889974223,0.0059305216388549,0.0215480938814272,5.40755323360633,0.5403426608609116,0.2827000439222811,5.330855694099527,3.1313972417874556,109.0,1.480613213946547,0.0213800923281045,0.6592463272335553,1.0,47.0,2.3746289772254427,3.2701471224250565,11.294654498044329,7.53715775749674,8.0,10.488888888888887,14.026355672257312,0.1548070944039374
D02-20240417-14W,D02,4,NO,D,98,3.113,1,11.309,2,11.5,5.61,,,D02,20240417,14,2024-04-17,campaign_2,D,D_NO,no_treatment_control,False,D,4,5.0,36,252,D02-20240417-14W.png,Data/Images_dataset/D02-20240417-14W.png,True,2835.0,650.0,,D02-20240417-14W,,,5.61,False,False,3.113444580111247,0.0,0.9292633292633292,203.61357916157917,33.97827822974084,164.0,230.0,33.97827822974084,216.090558675892,203.7800683760684,174.7185765839099,29.841127653882673,35.91491170947496,37.32479564556398,3.0355447022113688e-06,0.0001573226156559,0.0008272792022792,0.0006299857549857,0.00117209333876,0.0036318342151675,0.0164408831908831,0.0083875661375661,5.309740025998578,0.4982879650268176,0.1639205458908884,5.04341204669153,3.12090094140715,213.0,2.0822683489350156,0.0146171107047476,0.6540682288931745,1.0,47.0,3.1530694332713805,4.181357368243524,16.019556714471967,9.66936114732725,10.0,10.988359788359787,14.673180063590186,0.26181756395717
D02-20240508-17W,D02,4,NO,D,119,2.826,1,7.396,2,11.5,5.61,,,D02,20240508,17,2024-05-08,campaign_2,D,D_NO,no_treatment_control,False,D,4,5.0,36,252,D02-20240508-17W.png,Data/Images_dataset/D02-20240508-17W.png,True,2835.0,650.0,,D02-20240508-17W,,,5.61,False,False,2.825505358838692,0.0,1.2758648758648758,201.66032125898792,46.89655003682067,142.0,254.0,46.89655003682067,209.75453805453805,202.28915805182473,181.46888020621353,42.94546803200705,48.28719606317304,52.75237189118744,2.204585537918871e-06,7.916157916157917e-05,0.0008830721747388,0.0009017094017094,0.0042982804232804,0.0068965879799213,0.0052389601139601,0.0129500237416904,3.508212999819426,0.6587168153595182,0.2409955089129635,5.400927600439572,3.0672929889970098,427.0,1.3641568308234977,0.0066171085687088,0.5939363652979659,1.0,47.0,2.847790507364975,3.2499909999835084,9.88135593220339,8.06962190352021,13.0,22.975661375661375,15.735244342784627,0.3634437414394654
D02-20240522-19W,D02,4,NO,D,133,2.916,1,9.743,2,11.5,5.61,,,D02,20240522,19,2024-05-22,campaign_2,D,D_NO,no_treatment_control,False,D,4,5.0,36,252,D02-20240522-19W.png,Data/Images_dataset/D02-20240522-19W.png,True,2835.0,650.0,,D02-20240522-19W,,,5.61,False,False,2.9158051824718494,0.0,1.0883190883190883,191.12558892958893,32.93171041695357,155.0,223.0,32.93171041695357,202.7224463437797,192.662545651879,157.29577750644418,30.335169322368813,34.894665924252465,33.96299410820255,2.5946275946275947e-06,0.0001098731515398,0.0008501221001221,0.0007878001628001,0.0018646045312711,0.0089912664495997,0.0155994437661104,0.0030442952109618,4.995662546444793,0.4810551228471835,0.1252531319076251,4.999195272006714,3.0861747086473663,293.0,2.1600868267534934,0.0099515535237947,0.6836348503479229,1.0,47.0,2.9516491442203665,3.5753205809098305,13.16949152542373,8.427640156453716,12.0,10.988359788359787,14.811561453641444,0.2561507561624446
D02-20240529-20W,D02,4,NO,D,140,1.121,1,2.048,1,13.99,5.61,,,D02,20240529,20,2024-05-29,campaign_2,D,D_NO,no_treatment_control,False,D,4,5.0,36,252,D02-20240529-20W.png,Data/Images_dataset/D02-20240529-20W.png,True,2835.0,650.0,,D02-20240529-20W,,,5.61,False,False,1.1205535205535206,0.0,0.4533984533984534,208.33937050603717,29.172321272154527,178.0,234.0,29.172321272154527,221.9874605887939,208.65784018450685,175.71994247727582,24.36629689760869,31.75736265518834,32.18463125830226,7.122507122507122e-07,1.2905304571971238e-05,0.0001569495319495,0.0011492843576176,0.0008469848053181,0.0028360805860805,0.0171876441459774,0.0090594390177723,5.1857707933395805,0.4781978307515094,0.1489017238315864,5.053354331253732,3.1608147847266985,447.0,0.1972052638719305,0.0025068311421778,0.6550368001359193,1.0,47.0,1.1097672612277734,1.4098741196072508,6.113428943937419,2.403129074315515,2.0,22.975661375661375,17.68590815343685,0.7996952280620176
D02-20240619-23W,D02,4,NO,D,161,4.682,1,14.71,3,11.5,5.61,,,D02,20240619,23,2024-06-19,campaign_2,D,D_NO,no_treatment_control,False,D,4,5.0,36,252,D02-20240619-23W.png,Data/Images_dataset/D02-20240619-23W.png,True,2835.0,650.0,,D02-20240619-23W,,,5.61,False,False,4.682186948853616,0.0,1.663980463980464,164.77640428707096,37.39156918357311,119.0,212.0,37.39156918357311,180.3240005426672,165.79643142043142,123.68107231040564,36.546140526340785,38.80805217894563,34.98998669035224,4.460046126712794e-06,0.0004862128612128,0.0011164869081535,0.0027381461131461,0.0088239892823226,0.0100803147469814,0.0069567053317053,0.0010436847103513,7.096103865881976,0.4168560955488308,0.0894533119263496,5.025708030839254,3.1531863473557693,451.0,2.9611721611721613,0.0103817892435778,0.6130424071948941,1.0,47.0,4.740408887902577,5.552701890650436,16.704041720990872,14.070925684485005,17.0,10.488888888888887,15.060315694216552,0.328867655236538
D02-20240626-24W,D02,4,NO,D,168,4.213,1,13.94,3,11.5,5.61,,,D02,20240626,24,2024-06-26,campaign_2,D,D_NO,no_treatment_control,False,D,4,5.0,36,252,D02-20240626-24W.png,Data/Images_dataset/D02-20240626-24W.png,True,2835.0,650.0,,D02-20240626-24W,,,5.61,False,False,4.213431013431014,0.0,1.2804775471442138,177.43392538325872,32.28179970126584,144.0,208.0,32.28179970126584,187.05545570478904,177.5892855786189,156.38907610907611,28.23062170995443,34.22727090595299,34.78379031145774,8.784425451092118e-06,0.0005280321530321,0.000918956043956,0.0008280762447429,0.0028513091846425,0.0155972900556233,0.0103029948446615,0.0002145570478903,2.6603655854938184,0.6242175742689464,0.1728563524156038,5.065624269904038,2.9958917843652544,317.0,3.168253968253968,0.0132915804840095,0.5348160332129201,1.0,47.0,4.261976753862797,5.231134349187258,17.402868318122554,13.61903520208605,17.0,10.988359788359787,14.843272726950584,0.278724597128449
D02-20240710-26W,D02,4,NO,D,182,1.271,1,3.319,1,11.5,5.61,,,D02,20240710,26,2024-07-10,campaign_2,D,D_NO,no_treatment_control,False,D,4,5.0,36,252,D02-20240710-26W.png,Data/Images_dataset/D02-20240710-26W.png,True,2835.0,650.0,,D02-20240710-26W,,,5.61,False,False,1.2706552706552707,0.0,3.3529778863112196,185.92907827974497,30.54380168797669,151.0,214.0,30.54380168797669,202.3411157237824,188.14767711301045,135.7771911545245,28.781590205047443,32.23093353956483,27.985439630699386,1.6958350291683628e-07,1.521164021164021e-05,0.0011216761633428,0.0009157000407,0.0017710113960113,0.0109278591778591,0.0155507054673721,0.0009476665309998,4.087620170274096,0.5218172245301549,0.148443618413497,5.07830955203475,3.13515293471936,698.0,0.184398317731651,0.0018204230238614,0.6291964128632298,1.0,47.0,1.2844739105106937,1.592852540092276,6.891786179921773,3.534289439374185,2.0,22.47619047619047,15.979657592982385,0.5465050642104416
D02-20240724-28W,D02,4,NO,D,196,4.431,1,12.981,3,11.5,5.61,,,D02,20240724,28,2024-07-24,campaign_2,D,D_NO,no_treatment_control,False,D,4,5.0,36,252,D02-20240724-28W.png,Data/Images_dataset/D02-20240724-28W.png,True,2835.0,650.0,,D02-20240724-28W,,,5.61,False,False,4.430986297652964,0.0,0.988739655406322,175.6089990503324,30.09027351361456,146.0,202.0,30.09027351361456,195.999139329806,175.8443549043549,125.90479337946005,27.85286997476107,32.12065928702554,27.681879795375263,3.561253561253561e-06,0.0004069325735992,0.0010539784289784,0.0007793888210554,0.0024090354090354,0.0180136175552842,0.0085716829466829,1.1803011803011803e-05,2.6832422700672787,0.5791212906023945,0.1761430570775624,5.048716329055872,3.078885779858154,296.0,2.745950345950346,0.0149695483028816,0.6426127980441302,1.0,47.0,4.453937695913895,5.255440181573444,16.182529335071706,13.475619295958278,17.0,12.986243386243386,15.671394694272276,0.414660182500481
D02-20240807-30W,D02,4,NO,D,210,0.415,1,1.226,1,21.49,5.61,,,D02,20240807,30,2024-08-07,campaign_2,D,D_NO,no_treatment_control,False,D,4,5.0,36,252,D02-20240807-30W.png,Data/Images_dataset/D02-20240807-30W.png,True,2835.0,650.0,,D02-20240807-30W,,,5.61,False,False,0.414977614977615,0.0,0.4097680097680097,211.30701831501833,33.74641634144954,172.0,246.0,33.74641634144954,225.9106525573192,210.5361638854972,181.35484520417853,29.565778271830553,36.24882908958997,34.48222410297948,0.0,1.1243386243386244e-05,0.0001099749016415,0.0011917141500474,0.0008741012074345,0.004980582688916,0.0102557149640482,0.0138266687016687,7.076139379500196,0.4426551974988965,0.1193202191832514,5.159206347832859,3.327066118717884,371.0,0.0518247184913851,0.0011185380457617,0.6665939882006293,1.0,47.0,0.4113845044245333,0.6527070727298712,3.0886571056062584,1.0975228161668835,0.0,22.47619047619047,18.883905228249414,1.7789682058722167
D02-20240902-33W,D02,4,NO,D,231,3.146,1,10.114,2,11.5,5.61,,,D02,20240902,33,2024-09-02,campaign_2,D,D_NO,no_treatment_control,False,D,4,5.0,36,252,D02-20240902-33W.png,Data/Images_dataset/D02-20240902-33W.png,True,2835.0,650.0,,D02-20240902-33W,,,5.61,False,False,3.146275946275946,0.0,0.7763939763939764,201.48528177994845,33.73349134172131,162.0,233.0,33.73349134172131,219.2769957943291,201.0204574684575,161.7784827024827,29.987786325135428,35.98800571074977,34.51776447369337,8.479175145841812e-07,2.8778320444987112e-05,0.0007839845339845,0.0007571394654727,0.0013685049518382,0.0053653167819834,0.0147477614977614,0.0081976665309998,7.229555944516331,0.4324668732006915,0.1193056589972198,5.125303936244776,3.3383664764239733,283.0,1.6947496947496947,0.0111175828490316,0.6057673867575775,1.0,47.0,3.194318843795944,3.86652476337254,13.951760104302476,9.4245110821382,11.0,10.988359788359787,14.98255032332096,0.3037352205477378
D02-20240918-36W,D02,4,NO,D,252,1.455,1,5.501,2,11.5,5.61,0.3292,1.8,D02,20240918,36,2024-09-18,campaign_2,D,D_NO,no_treatment_control,False,D,4,5.0,36,252,D02-20240918-36W.png,Data/Images_dataset/D02-20240918-36W.png,True,2835.0,650.0,,D02-20240918-36W,0.3292,32.92,5.61,True,True,1.4550535883869218,0.0,1.915398182064849,191.21927011260345,28.657071263433945,162.0,218.0,28.657071263433945,209.93832858499525,193.0123424230091,137.18333306199972,27.616909072559903,30.457779093422435,24.67278356773386,3.340795007461674e-06,1.804368471035138e-05,0.0007263091846425,0.0007448107448107,0.0014225681725681,0.0089395434812101,0.0176230667480667,0.0017723171889838,2.2877151218387572,0.6730676545947399,0.1947908647342554,5.2297974335234105,3.160835661955741,416.0,0.6378510378510378,0.0034977249720839,0.6625566337176666,1.0,47.0,1.4818164165441483,1.8400385980645069,7.745762711864407,4.1830508474576265,2.0,10.488888888888887,14.094482558705138,0.2305531613323969
D03-20240110-0W,D03,4,NO,D,0,0.0,1,0.0,1,1.51,5.9,,,D03,20240110,0,2024-01-10,campaign_2,D,D_NO,no_treatment_control,False,D,4,5.0,36,252,D03-20240110-0W.png,Data/Images_dataset/D03-20240110-0W.png,True,2835.0,650.0,,D03-20240110-0W,,,5.9,False,False,0.0,0.0,0.0014652014652014,225.8482442002442,13.129522219307551,209.0,240.0,13.129522219307551,236.04972839506172,226.14757346357345,202.0554779541446,12.516820928388205,13.347994823128278,14.05221416851231,0.0,0.0,3.222086555419889e-07,5.087505087505087e-07,6.461131461131461e-06,0.0007197802197802,0.0098984364401031,0.0206244912494912,2.3195821222903295,0.5872067360512742,0.2321004880516857,5.074701255548729,3.140457019366478,0.0,0.0,0.0,0.0,0.0,47.0,0.0,0.0,0.0,0.0,0.0,0.4994708994708994,0.0,1.0
D03-20240124-2W,D03,4,NO,D,14,0.0,1,0.0,1,1.51,5.9,,,D03,20240124,2,2024-01-24,campaign_2,D,D_NO,no_treatment_control,False,D,4,5.0,36,252,D03-20240124-2W.png,Data/Images_dataset/D03-20240124-2W.png,True,2835.0,650.0,,D03-20240124-2W,,,5.9,False,False,5.42667209333876e-05,0.0,0.0075430742097408,235.1188766788767,17.933949555779144,208.0,254.0,17.933949555779144,241.19240265906933,234.74788007054673,225.2139134445801,16.684536153243272,18.50099653152796,19.33383737112874,0.0,0.0,1.5092931759598427e-06,2.0519603852937186e-06,3.120336453669787e-06,0.0007218491385158,0.0068386582553249,0.0236828110161443,4.1717774596115245,0.5409033562920318,0.2470046449201023,5.065122396531882,2.9452356466798824,1.0,5.42667209333876e-05,5.42667209333876e-05,0.0,0.0,47.0,5.548004105523038e-05,0.0002631649416212,0.0013037809647979,0.0,0.0,1.9978835978835976,2.311111111111111,109.64841373315949
D03-20240207-4W,D03,4,NO,D,28,0.008,1,0.053,1,1.51,5.9,,,D03,20240207,4,2024-02-07,campaign_2,D,D_NO,no_treatment_control,False,D,4,5.0,36,252,D03-20240207-4W.png,Data/Images_dataset/D03-20240207-4W.png,True,2835.0,650.0,,D03-20240207-4W,,,5.9,False,False,0.0080857414190747,0.0,0.0040157373490706,206.86317623117623,23.966098544531988,172.0,237.0,23.966098544531988,218.6184246370913,205.83273477140145,185.44619780219784,22.59969985077503,24.354711782006348,25.977571630747825,2.71333604666938e-07,1.984126984126984e-06,1.271876271876272e-06,1.1192511192511193e-06,0.0005627119793786,0.0081833028083028,0.0133442205942205,0.009155118030118,8.100979642596624,0.3691928763569028,0.1054111908090721,5.014805264478614,3.1996722352849805,2.0,0.0066748066748066,0.0040428707095373,0.7973508429429623,0.947090989941448,47.0,0.0082665261172293,0.032616460864898,0.1603650586701434,0.0046936114732724,0.0,2.497354497354497,5.515088242605021,16189.613646240765
D03-20240221-6W,D03,4,NO,D,42,0.0,1,0.0,1,1.51,5.9,,,D03,20240221,6,2024-02-21,campaign_2,D,D_NO,no_treatment_control,False,D,4,5.0,36,252,D03-20240221-6W.png,Data/Images_dataset/D03-20240221-6W.png,True,2835.0,650.0,,D03-20240221-6W,,,5.9,False,False,0.0,0.0,0.0070546737213403,235.711092660426,20.262359051497484,204.0,255.0,20.262359051497484,240.39241188441187,235.50441568308236,228.0558024691358,18.55638419907519,20.715114973622946,22.71859263107356,0.0,0.0,1.678876678876679e-06,1.9332519332519332e-06,5.070546737213404e-06,0.00116802333469,0.0068695224528557,0.0232037715371048,5.88532880866949,0.5184787815987659,0.2916268663323539,5.1037060752637,2.7518725697100974,0.0,0.0,0.0,0.0,0.0,47.0,0.0,0.0,0.0,0.0,0.0,0.4994708994708994,0.0,1.0
D03-20240306-8W,D03,4,NO,D,56,0.023,1,0.181,1,1.51,5.9,,,D03,20240306,8,2024-03-06,campaign_2,D,D_NO,no_treatment_control,False,D,4,5.0,36,252,D03-20240306-8W.png,Data/Images_dataset/D03-20240306-8W.png,True,2835.0,650.0,,D03-20240306-8W,,,5.9,False,False,0.0225749559082892,0.0,0.0049382716049382,245.94015574548908,13.02417722962347,230.0,254.0,13.02417722962347,249.62540930674265,246.8513715913716,235.96843847510513,11.38479483661124,13.610876804607644,15.692828568319914,0.0,0.0,1.000542667209334e-06,1.7992809659476325e-05,2.79643196309863e-05,0.0002086385836385,0.001713319088319,0.0292810846560846,2.614664342622735,0.7134734748945325,0.5319964020854226,5.528091929356997,3.238659591502928,4.0,0.020729887396554,0.0056437389770723,0.8973800349177636,1.0,47.0,0.0230796970789758,0.103928674574102,0.5423728813559322,0.0,0.0,0.9989417989417988,0.8620472120472121,45198.740112994354
D03-20240320-10W,D03,4,NO,D,70,0.069,1,0.55,1,1.51,5.9,,,D03,20240320,10,2024-03-20,campaign_2,D,D_NO,no_treatment_control,False,D,4,5.0,36,252,D03-20240320-10W.png,Data/Images_dataset/D03-20240320-10W.png,True,2835.0,650.0,,D03-20240320-10W,,,5.9,False,False,0.0688102021435354,0.0,0.0060778727445394,233.3392825939493,19.25721973171969,205.0,253.0,19.25721973171969,239.80534690001355,234.06593949260616,217.09923646723647,17.578430059984278,19.794793734991412,21.653967422985644,0.0,0.0,1.2057387057387057e-05,2.3453398453398457e-05,3.527336860670194e-05,0.001073955365622,0.0070533340116673,0.0230519264685931,5.662711231085414,0.4749375576538139,0.2095971288585275,5.224969065563699,3.329476521823233,4.0,0.0678876678876678,0.0172025505358838,0.6701915695474142,1.0,47.0,0.0650780881577852,0.3084837411033536,1.645371577574967,0.0015645371577574,0.0,0.4994708994708994,0.7041944152354247,127445.58930899607
D03-20240405-12W,D03,4,NO,D,84,0.0,1,0.001,1,1.51,5.9,,,D03,20240405,12,2024-04-05,campaign_2,D,D_NO,no_treatment_control,False,D,4,5.0,36,252,D03-20240405-12W.png,Data/Images_dataset/D03-20240405-12W.png,True,2835.0,650.0,,D03-20240405-12W,,,5.9,False,False,0.0001628001628001,0.0,0.0161714828381495,240.96465337132005,14.07938353307645,223.0,254.0,14.07938353307645,242.2018190204857,242.7406229819563,233.96837661104328,13.957126730470748,14.049669885861295,15.05705351308144,0.0,0.0,4.154795821462488e-06,3.951295617962285e-06,1.2905304571971238e-05,0.0003436948853615,0.0028629256545923,0.0280223680640347,3.2066083917731847,0.6103104745475763,0.3142682922456343,5.224934453606998,3.1901010134756236,1.0,0.0001628001628001,0.0001628001628001,1.0,1.0,47.0,0.0001664401231656,0.0007894948248638,0.0039113428943937,0.0,0.0,0.4994708994708994,0.6433862433862435,326.9452411994786
D03-20240417-14W,D03,4,NO,D,98,0.051,1,0.327,1,1.51,5.9,,,D03,20240417,14,2024-04-17,campaign_2,D,D_NO,no_treatment_control,False,D,4,5.0,36,252,D03-20240417-14W.png,Data/Images_dataset/D03-20240417-14W.png,True,2835.0,650.0,,D03-20240417-14W,,,5.9,False,False,0.0510649843983177,0.0,0.0328856328856328,206.0137669244336,16.835768877217784,185.0,222.0,16.835768877217784,215.73361877628545,206.7739085605752,181.8387144213811,16.767664328219507,16.97150753815163,16.693920175254824,3.0864197530864196e-06,4.44308777642111e-06,1.4143264143264144e-05,3.742707909374576e-05,0.0007062983312983,0.0038174264007597,0.0243085741419074,0.0023586012752679,3.8091544737575713,0.5495910485965243,0.2081728359985703,5.024764855019167,3.045967460514559,23.0,0.0199158865825532,0.0022202167129703,0.5528281294410756,1.0,47.0,0.0515964381813642,0.155037825714966,0.7992177314211212,0.1342894393741851,0.0,0.9989417989417988,5.04874134799746,58.424565774505744
D03-20240508-17W,D03,4,NO,D,119,0.09,1,0.146,1,9.0,5.9,,,D03,20240508,17,2024-05-08,campaign_2,D,D_NO,no_treatment_control,False,D,4,5.0,36,252,D03-20240508-17W.png,Data/Images_dataset/D03-20240508-17W.png,True,2835.0,650.0,,D03-20240508-17W,,,5.9,False,False,0.0900827567494234,0.0,2.321041921041921,152.71215031881698,30.31159518816801,117.0,197.0,30.31159518816801,157.27950345950347,155.14364726631393,132.6578363858364,32.34216171528539,30.06032130029715,26.985723015639184,4.1887125220458555e-06,1.862026862026862e-05,0.0002890889974223,0.0061898317731651,0.0132679758513091,0.0074068477818477,0.0036059218559218,0.0004675247591914,3.4107598771376093,0.5870802893294287,0.1353228813733539,5.169685117723918,3.219615150143704,303.0,0.0088997422330755,0.0002973028275558,0.5212086646088716,1.0,47.0,0.0907653471663569,0.0522063796199305,0.2385919165580182,0.1710560625814862,0.0,2.497354497354497,11.506261235417863,0.8172441811978479
D03-20240522-19W,D03,4,NO,D,133,0.041,1,0.251,1,1.51,5.9,,,D03,20240522,19,2024-05-22,campaign_2,D,D_NO,no_treatment_control,False,D,4,5.0,36,252,D03-20240522-19W.png,Data/Images_dataset/D03-20240522-19W.png,True,2835.0,650.0,,D03-20240522-19W,,,5.9,False,False,0.0410799077465744,0.0,0.037389770723104,192.73566463166463,21.295926825430403,165.0,219.0,21.295926825430403,201.10393487993488,195.26456057522725,162.34696187762853,23.073433805747605,21.03177696286431,19.53215659534288,3.0016280016280017e-06,3.7308370641703977e-06,1.3922805589472256e-05,6.4000814000814e-05,0.0019800569800569,0.0119601478768145,0.0150766517433184,0.0021484873151539,5.494870587897983,0.4506550540072229,0.1300956568145347,5.029532652054653,3.1358054753034788,30.0,0.0223578890245556,0.0013693302582191,0.6130632020611849,1.0,47.0,0.0365336070348692,0.1035520066981306,0.6140808344198174,0.0847457627118644,0.0,0.4994708994708994,5.028660893390087,12.75816203909567
D03-20240529-20W,D03,4,NO,D,140,0.029,1,0.091,1,1.51,5.9,,,D03,20240529,20,2024-05-29,campaign_2,D,D_NO,no_treatment_control,False,D,4,5.0,36,252,D03-20240529-20W.png,Data/Images_dataset/D03-20240529-20W.png,True,2835.0,650.0,,D03-20240529-20W,,,5.9,False,False,0.0288698955365622,0.0,0.0381495048161714,208.01284818884815,19.96807045353605,184.0,234.0,19.96807045353605,218.58626292226293,209.14098168498168,179.5161807081807,19.853887620510772,20.160611183194625,20.041164245136613,6.78334011667345e-07,6.630714964048297e-06,8.682675349342016e-06,3.2390449057115725e-05,0.0002350088183421,0.0059707807624474,0.0177910222493555,0.0072048059964726,7.221649725074699,0.4153072166708322,0.1260643113213719,5.128349788434415,3.275865030393403,40.0,0.0099308099308099,0.000721747388414,0.6116560060603105,1.0,47.0,0.0290438014924131,0.049732170782427,0.2542372881355932,0.0691003911342894,0.0,2.497354497354497,11.70607471058599,4.37845071321437
D03-20240619-23W,D03,4,NO,D,161,0.071,1,0.339,1,1.51,5.9,,,D03,20240619,23,2024-06-19,campaign_2,D,D_NO,no_treatment_control,False,D,4,5.0,36,252,D03-20240619-23W.png,Data/Images_dataset/D03-20240619-23W.png,True,2835.0,650.0,,D03-20240619-23W,,,5.9,False,False,0.0714692714692714,0.0,0.1952516619183286,176.56331732465063,25.601473656891866,141.0,207.0,25.601473656891866,191.2878127798128,177.899522995523,135.78356043956043,26.67938407170376,25.649833765640132,23.43000765367882,3.8665038665038664e-06,1.0768552435219102e-05,3.596866096866097e-05,0.0010711402794736,0.0068231244064577,0.0135570139736806,0.0092778116944783,0.0004703059286392,5.792166597786826,0.4489425736664475,0.1144411748682845,5.083717670269195,3.20495669205699,104.0,0.0318002984669651,0.0006872045333583,0.5673130489756734,1.0,47.0,0.0700158118117007,0.1543704202699234,0.8265971316818774,0.1434159061277705,0.0,0.4994708994708994,6.636362102421328,4.232173779447117
D03-20240626-24W,D03,4,NO,D,168,0.082,1,0.562,1,1.51,5.9,,,D03,20240626,24,2024-06-26,campaign_2,D,D_NO,no_treatment_control,False,D,4,5.0,36,252,D03-20240626-24W.png,Data/Images_dataset/D03-20240626-24W.png,True,2835.0,650.0,,D03-20240626-24W,,,5.9,False,False,0.0815086148419481,0.0,0.0493284493284493,197.34556288156287,24.920557346906953,166.0,228.0,24.920557346906953,209.34995468728803,197.1415818749152,171.3080814000814,23.418227036235493,25.41904199061083,27.20676992800691,3.578211911545245e-06,1.1904761904761903e-05,1.6432641432641432e-05,0.000162037037037,0.0018053690137023,0.011232617690951,0.0120489417989417,0.0059691188441188,2.5762612693154407,0.6234518495088188,0.1700528573379159,4.9198819732276515,2.7248380220489277,26.0,0.0575769909103242,0.0031349467246903,0.7005289752008296,1.0,47.0,0.0765624566562179,0.2681831845282215,1.4680573663624512,0.1335071707953063,0.0,0.4994708994708994,3.3727108123912384,131.1768441812566
D03-20240710-26W,D03,4,NO,D,182,0.084,1,0.5,1,1.51,5.9,,,D03,20240710,26,2024-07-10,campaign_2,D,D_NO,no_treatment_control,False,D,4,5.0,36,252,D03-20240710-26W.png,Data/Images_dataset/D03-20240710-26W.png,True,2835.0,650.0,,D03-20240710-26W,,,5.9,False,False,0.0840591507258173,0.0,0.1224257224257224,195.5604650657984,21.9172287160213,166.0,219.0,21.9172287160213,209.35022493555823,198.5931135531135,147.77063627730294,21.931604266608108,22.178069428897405,21.635347542010543,1.5601682268348935e-06,1.1429928096594764e-05,3.866503866503866e-05,0.0001625966625966,0.0019707298873965,0.0090139397639397,0.0185687661104327,0.0014823124406457,5.383155620412899,0.493634511887803,0.1484552239610873,5.069128730519958,3.1733413831400066,88.0,0.0437932437932437,0.0009552176218842,0.6265305556605097,1.0,47.0,0.0729285139671003,0.2000326821364276,1.2190352020860495,0.1306388526727509,0.0,0.4994708994708994,4.700593316732761,12.231510636583916
D03-20240724-28W,D03,4,NO,D,196,0.08,1,0.28,1,1.51,5.9,,,D03,20240724,28,2024-07-24,campaign_2,D,D_NO,no_treatment_control,False,D,4,5.0,36,252,D03-20240724-28W.png,Data/Images_dataset/D03-20240724-28W.png,True,2835.0,650.0,,D03-20240724-28W,,,5.9,False,False,0.0795007461674128,0.0,0.0623524623524623,180.176313661647,17.00969309298267,158.0,199.0,17.00969309298267,199.1965111925112,180.8848145434812,131.49054293854294,17.093011663002773,17.268820789620978,16.57796417896282,4.765296431963099e-06,4.884004884004884e-06,2.3097273097273097e-05,0.0001649538732872,0.0032401641568308,0.0192874609957943,0.0085008987925654,2.3775607108940444e-05,3.250045682599164,0.5650908552113729,0.1802702357141162,4.9737987487777655,2.9888886887642077,88.0,0.0114502781169447,0.0009034175700842,0.5983789570542559,1.0,47.0,0.0786984382368442,0.1167263740158683,0.5827900912646675,0.1747066492829204,0.0,0.4994708994708994,8.548218935659209,2.3734895060518273
D03-20240807-30W,D03,4,NO,D,210,0.018,1,0.05,1,21.49,5.9,,,D03,20240807,30,2024-08-07,campaign_2,D,D_NO,no_treatment_control,False,D,4,5.0,36,252,D03-20240807-30W.png,Data/Images_dataset/D03-20240807-30W.png,True,2835.0,650.0,,D03-20240807-30W,,,5.9,False,False,0.0183964183964184,0.0,0.0352733686067019,215.0416573056573,25.989070641709116,180.0,246.0,25.989070641709116,227.5397644824311,215.05621109754443,186.34721964455295,24.61322523455716,26.547782479353973,27.515406198259964,2.8829195495862164e-07,3.8665038665038664e-06,7.139465472798806e-06,4.892484059150726e-05,0.0004669481752815,0.0059642009225342,0.0110782627865961,0.0136803690137023,9.756602227936185,0.3922489564911355,0.113428744877128,5.1654970709631645,3.4044561471322012,21.0,0.0062949396282729,0.0008760199236389,0.6601060734341223,1.0,47.0,0.018308413548226,0.0368381832649744,0.151238591916558,0.0743155149934811,0.0,21.976719576719574,14.510427494498291,14.84805932630229
D03-20240902-33W,D03,4,NO,D,231,0.039,1,0.207,1,1.51,5.9,,,D03,20240902,33,2024-09-02,campaign_2,D,D_NO,no_treatment_control,False,D,4,5.0,36,252,D03-20240902-33W.png,Data/Images_dataset/D03-20240902-33W.png,True,2835.0,650.0,,D03-20240902-33W,,,5.9,False,False,0.039072039072039,0.0,0.0288698955365622,211.63884086284085,24.802082498681006,177.0,242.0,24.802082498681006,224.9570354090354,212.4664078144078,176.95560439560438,23.759450188670385,25.06382328365127,26.952957385307336,6.78334011667345e-08,5.579297245963913e-06,8.869217202550536e-06,3.9428164428164426e-05,0.0007983991317324,0.0059124609957943,0.0128345543345543,0.011650641025641,6.745562454667201,0.4193486572734288,0.1150410273265731,5.135479851514706,3.319554407831032,21.0,0.0139465472798806,0.0018605732891447,0.6450645173985373,1.0,47.0,0.0377541679380842,0.0833074891903007,0.4302477183833116,0.0959582790091263,0.0,0.4994708994708994,6.69822457378013,16.663495679361084
D03-20240918-36W,D03,4,NO,D,252,0.044,1,0.177,1,1.51,5.9,0.2028,1.64,D03,20240918,36,2024-09-18,campaign_2,D,D_NO,no_treatment_control,False,D,4,5.0,36,252,D03-20240918-36W.png,Data/Images_dataset/D03-20240918-36W.png,True,2835.0,650.0,,D03-20240918-36W,0.2028,20.28,5.9,True,True,0.0443359110025776,0.0,0.0482973816307149,189.70985212318547,19.125243044783005,164.0,212.0,19.125243044783005,205.54732275132275,192.37884683218016,138.9658955365622,20.22031029573306,19.268784381117307,15.85757092949482,3.0016280016280017e-06,3.8665038665038664e-06,1.5466015466015466e-05,9.08119658119658e-05,0.0017928367928367,0.0126071089404422,0.0166820478903812,5.486026319359653e-05,2.2759196955383625,0.6660135163653639,0.1980541886820669,5.217337129111251,3.1438222812066474,55.0,0.0068376068376068,0.0008061074727741,0.5914334841236324,1.0,47.0,0.0448833532136813,0.0782341368453905,0.3585397653194263,0.123076923076923,0.0,0.4994708994708994,7.757719881098096,3.9022689688812537
D04-20240110-0W,D04,4,NO,D,0,0.082,1,0.647,1,1.51,2.28,,,D04,20240110,0,2024-01-10,campaign_2,D,D_NO,no_treatment_control,False,D,4,5.0,36,252,D04-20240110-0W.png,Data/Images_dataset/D04-20240110-0W.png,True,2835.0,650.0,,D04-20240110-0W,,,2.28,False,False,0.0816714150047483,0.0,0.0075430742097408,198.2000444987112,15.417367172308108,180.0,217.0,15.417367172308108,215.7233227513227,197.10810582010583,162.14311925111926,14.35324881074082,15.881827986553468,16.449749758503195,0.0,4.171754171754171e-06,1.3363180029846696e-05,2.894790394790395e-05,0.0003172737756071,0.0086166395333062,0.020873202414869,0.0013964014380681,2.1729008317915137,0.596782836534861,0.2021502970711032,5.027966461013957,3.0261601834445995,8.0,0.0729887396554063,0.0102089268755935,0.6931304932549547,1.0,47.0,0.0834974617881217,0.3785223799555153,1.941329856584094,0.0083441981747066,0.0,0.9989417989417988,0.9813749582520346,163516.86266840505
D04-20240124-2W,D04,4,NO,D,14,0.003,1,0.021,1,1.51,2.28,,,D04,20240124,2,2024-01-24,campaign_2,D,D_NO,no_treatment_control,False,D,4,5.0,36,252,D04-20240124-2W.png,Data/Images_dataset/D04-20240124-2W.png,True,2835.0,650.0,,D04-20240124-2W,,,2.28,False,False,0.0026590693257359,0.0,0.0017365350698684,217.3811634784968,19.29110710063298,192.0,241.0,19.29110710063298,228.43285849952517,215.57807461674128,201.4023264143264,18.306673959143975,19.71721999881696,20.662670395284092,0.0,0.0,2.3741690408357074e-07,2.106227106227106e-05,0.0001374813458146,0.0027253595170261,0.0159252984669651,0.0124405609822276,5.300710790313384,0.479066108902405,0.141842422682278,4.8939230057023195,2.888214150065071,6.0,0.0010310676977343,0.0004431782209559,0.7317387957413518,1.0,47.0,0.0023301617243196,0.0109444137017666,0.0625814863102998,0.0,0.0,0.4994708994708994,0.949875823345211,4564.233376792698
D04-20240207-4W,D04,4,NO,D,28,0.535,1,1.319,1,1.51,2.28,,,D04,20240207,4,2024-02-07,campaign_2,D,D_NO,no_treatment_control,False,D,4,5.0,36,252,D04-20240207-4W.png,Data/Images_dataset/D04-20240207-4W.png,True,2835.0,650.0,,D04-20240207-4W,,,2.28,False,False,0.5351784018450686,0.0,0.0081400081400081,182.68826862026864,24.25722867325415,151.0,212.0,24.25722867325415,201.00932139465473,180.3597671957672,151.1520010853344,23.018708922511617,25.00651091317093,25.90696953872128,0.0,7.733007733007733e-06,5.0332383665717e-05,0.0003069122235788,0.0051999898249898,0.0136508614841948,0.0108815628815628,0.0011526081942748,7.043637891685943,0.4251000997854096,0.1145439506884574,4.938607041802591,3.038450363838561,50.0,0.1622574955908289,0.0107035680369013,0.6988844683636745,1.0,47.0,0.5382673583178451,0.8166105141545159,3.890482398956975,1.3256844850065186,0.0,0.4994708994708994,10.86072670578856,0.95872859739541
D04-20240221-6W,D04,4,NO,D,42,0.815,1,1.79,1,13.99,2.28,,,D04,20240221,6,2024-02-21,campaign_2,D,D_NO,no_treatment_control,False,D,4,5.0,36,252,D04-20240221-6W.png,Data/Images_dataset/D04-20240221-6W.png,True,2835.0,650.0,,D04-20240221-6W,,,2.28,False,False,0.8154660154660154,0.0,0.0268620268620268,202.08004449871115,29.416092538231517,165.0,238.0,29.416092538231517,219.06757129290463,198.7463768823769,179.42790394790396,24.911276465554767,31.35791349357613,35.757053653808725,0.0,6.78334011667345e-08,4.234500067833401e-05,0.0005870811287477,0.0017734703568036,0.0080686813186813,0.0129810405643738,0.0077973137973137,9.277278280327282,0.4224097366963736,0.1039009184286358,4.714615764015679,2.65539769864943,151.0,0.1724596391263058,0.0054004371885166,0.7245089484884898,1.0,47.0,0.8264584315792396,0.995305500948966,4.2059973924380705,2.0179921773142113,0.0,0.4994708994708994,10.940546874532366,0.5683286608445137
D04-20240306-8W,D04,4,NO,D,56,2.353,1,5.959,2,13.99,2.28,,,D04,20240306,8,2024-03-06,campaign_2,D,D_NO,no_treatment_control,False,D,4,5.0,36,252,D04-20240306-8W.png,Data/Images_dataset/D04-20240306-8W.png,True,2835.0,650.0,,D04-20240306-8W,,,2.28,False,False,2.353439153439153,0.0,0.0412969746303079,186.97799050332384,32.103399349769646,145.0,227.0,32.103399349769646,208.95017609550945,183.3664192104192,152.2729133089133,26.45366856207794,34.866015878515505,39.8866925083944,0.0,3.391670058336725e-08,0.0001090591507258,0.0014706111789445,0.0040593711843711,0.0110633394383394,0.0106915954415954,0.003855989689323,8.83785233901291,0.4003827854072761,0.0932397349705162,5.01842221395381,3.128876619408711,416.0,0.2028490028490028,0.0056573056573056,0.6804614973586051,1.0,47.0,2.4031734583483595,2.201415517849002,8.088657105606258,5.065449804432855,5.0,14.984126984126984,12.414846047459957,0.3898040438291984
D04-20240320-10W,D04,4,NO,D,70,15.047,3,32.852,4,16.49,2.28,,,D04,20240320,10,2024-03-20,campaign_2,D,D_NO,no_treatment_control,False,D,4,5.0,36,252,D04-20240320-10W.png,Data/Images_dataset/D04-20240320-10W.png,True,2835.0,650.0,,D04-20240320-10W,,,2.28,False,False,15.047130647130649,0.0,0.0029304029304029,170.30685063085062,43.14827312508166,109.0,226.0,43.14827312508166,206.6629542802876,163.5131916971917,114.09704300637634,28.192333080444666,49.547899006203366,61.706150112512766,0.0,1.0802469135802469e-05,0.0009604361687695,0.005682098765432,0.0057282933116266,0.0075290666123999,0.0077367385700719,0.0036025641025641,7.838923744474764,0.4106832833194606,0.0799554489589337,5.0396220374328315,3.180535786987791,1428.0,4.517813051146384,0.0105372063355256,0.6582512500366688,1.0,47.0,15.28672085217343,11.009296048924265,40.591916558018255,31.182007822685787,41.0,16.48253968253968,13.409301575890703,0.3421828740309972
D04-20240405-12W,D04,4,NO,D,84,19.675,3,38.983,4,16.49,2.28,,,D04,20240405,12,2024-04-05,campaign_2,D,D_NO,no_treatment_control,False,D,4,5.0,36,252,D04-20240405-12W.png,Data/Images_dataset/D04-20240405-12W.png,True,2835.0,650.0,,D04-20240405-12W,,,2.28,False,False,19.67537647537647,0.0,0.0672907339574006,159.75119142585808,40.998415018844,102.0,212.0,40.998415018844,194.81330457197123,151.14264224664225,116.30524325057658,28.48160057569763,47.78352104456134,52.78816384993951,5.0875050875050885e-08,2.4589607922941257e-05,0.0018491554741554,0.0063554300637633,0.0066009021842355,0.0079695767195767,0.0072408424908424,0.0012094525844525,4.724438990189207,0.493093515588361,0.0939019968596713,4.861327195479679,2.870913102883794,569.0,6.437878171211505,0.0345788690252662,0.6861989249973166,1.0,47.0,19.99761435823462,13.104646262410675,50.60495436766623,40.113168187744456,42.0,16.48253968253968,12.622639329163896,0.3532971495236237
D04-20240417-14W,D04,4,NO,D,98,35.886,4,74.277,4,16.49,2.28,,,D04,20240417,14,2024-04-17,campaign_2,D,D_NO,no_treatment_control,False,D,4,5.0,36,252,D04-20240417-14W.png,Data/Images_dataset/D04-20240417-14W.png,True,2835.0,650.0,,D04-20240417-14W,,,2.28,False,False,35.88598561931896,0.0,2.440103106769773,123.46801410934744,39.48889589873827,71.0,176.0,39.48889589873827,151.40993732193732,118.25141771808438,81.37895265228599,31.898730872870622,43.462755005575175,43.9145074064774,5.1214217880884544e-06,0.0016575939492606,0.0075997490164156,0.0072324141907475,0.0076101444851444,0.0064034391534391,0.0007203907203907,2.114706281372948e-05,4.919105776254136,0.4962563628572942,0.0968860709500342,4.86576617892651,2.879137134570158,795.0,31.966463166463168,0.0451396045526024,0.6556713719582258,1.0,47.0,36.51751782296318,23.602398522137843,82.11864406779661,69.37757496740548,45.0,16.98201058201058,13.576935121762872,0.3909789213763345
D04-20240508-17W,D04,4,NO,D,119,29.643,4,54.728,4,11.5,2.28,,,D04,20240508,17,2024-05-08,campaign_2,D,D_NO,no_treatment_control,False,D,4,5.0,36,252,D04-20240508-17W.png,Data/Images_dataset/D04-20240508-17W.png,True,2835.0,650.0,,D04-20240508-17W,,,2.28,False,False,29.64346764346764,0.0,31.403337403337407,113.69152950752952,49.25151177607148,66.0,201.0,49.25151177607148,137.78670085470085,109.20132790666123,78.09164889431555,56.70938569472609,49.5566072313523,37.4910503952534,6.1389228055894725e-06,0.0025992572242572,0.0128711334961334,0.0066939017772351,0.0029062711979378,0.0022039919956586,0.0031776387193053,0.0007916666666666,2.6237478033813018,0.6078747120761387,0.134047461457293,5.083233102875388,3.0460913990390104,1661.0,25.632451499118165,0.0178467595686138,0.6152187624902726,1.0,47.0,30.14305528586092,20.25759647552146,63.73142112125163,56.34941329856584,40.0,16.48253968253968,11.27847484451488,0.287538653765326
D04-20240522-19W,D04,4,NO,D,133,40.627,4,69.547,4,16.49,2.28,,,D04,20240522,19,2024-05-22,campaign_2,D,D_NO,no_treatment_control,False,D,4,5.0,36,252,D04-20240522-19W.png,Data/Images_dataset/D04-20240522-19W.png,True,2835.0,650.0,,D04-20240522-19W,,,2.28,False,False,40.62721476054809,0.0,2.041025641025641,113.26378944512278,33.10811441297737,69.0,154.0,33.10811441297737,143.54165513498847,107.90603174603174,65.99640265906933,27.715003903161172,37.59635285741368,37.037245471435504,5.134988468321802e-05,0.0021371252204585,0.0077285816035816,0.0097184405101071,0.0093835809252475,0.0020051892551892,0.0002219169719169,3.815628815628816e-06,4.033425265575218,0.5228233544090529,0.1125186125463529,4.961087507679528,2.992099528302831,883.0,32.98808845475512,0.04601043574241,0.6345890835284231,1.0,47.0,41.20347305057006,17.873639671345675,76.71056062581486,65.68552803129074,47.0,16.48253968253968,12.686773727793792,0.5298483142053259
D04-20240529-20W,D04,4,NO,D,140,17.02,3,40.439,4,16.49,2.28,,,D04,20240529,20,2024-05-29,campaign_2,D,D_NO,no_treatment_control,False,D,4,5.0,36,252,D04-20240529-20W.png,Data/Images_dataset/D04-20240529-20W.png,True,2835.0,650.0,,D04-20240529-20W,,,2.28,False,False,17.020160086826753,0.0,1.5907203907203908,148.01576665309997,35.47959755763973,103.0,197.0,35.47959755763973,182.5820469407136,140.00970234703567,102.98353222086556,29.05246932772196,40.19709594741572,38.413747724677975,2.391127391127391e-06,3.591778591778592e-05,0.0017789648622981,0.0082638040971374,0.0093125254375254,0.0076182844932844,0.0039528897028897,0.0002852224935558,4.534583838640314,0.5005790077263729,0.102247350683987,5.104830963856465,3.1821288507401846,2578.0,6.669217202550536,0.0066020791647892,0.6549190428908506,1.0,47.0,17.339204971011675,11.930113688947104,46.56844850065189,34.39009126466753,40.0,16.98201058201058,14.207869779718946,0.4760492191965985
D04-20240619-23W,D04,4,NO,D,161,52.911,4,78.864,4,16.49,2.28,,,D04,20240619,23,2024-06-19,campaign_2,D,D_NO,no_treatment_control,False,D,4,5.0,36,252,D04-20240619-23W.png,Data/Images_dataset/D04-20240619-23W.png,True,2835.0,650.0,,D04-20240619-23W,,,2.28,False,False,52.91146384479718,0.0,3.0001356668023336,101.82548419481752,34.586701412596604,58.0,148.0,34.586701412596604,134.783092660426,95.4891683625017,52.42977018043685,31.807598709832792,38.02138373481473,31.432032468699425,0.0002579025912359,0.0040691222357889,0.0098989960656627,0.0094439187355854,0.0058739485822819,0.0015375966625966,0.0001667005833672,1.814543481210148e-06,4.791487593823607,0.4849884557652822,0.1024654102159999,5.05987003210259,3.1502021736915524,2096.0,51.14361687695021,0.0252440190099223,0.5989467839345836,1.0,47.0,53.46414602346806,18.364757940729977,82.35593220338983,77.88161668839635,47.0,14.984126984126984,13.06124230989168,0.646981286252474
D04-20240626-24W,D04,4,NO,D,168,53.412,4,80.172,4,16.49,2.28,,,D04,20240626,24,2024-06-26,campaign_2,D,D_NO,no_treatment_control,False,D,4,5.0,36,252,D04-20240626-24W.png,Data/Images_dataset/D04-20240626-24W.png,True,2835.0,650.0,,D04-20240626-24W,,,2.28,False,False,53.411531678198344,0.0,3.0763261429928095,99.66708234974902,32.06968689347938,58.0,138.0,32.06968689347938,130.83968253968254,91.97516592049924,61.81467480667481,28.4057147923838,35.38028691163787,30.6015163268075,0.0001525573192239,0.0044671855921855,0.0098332146248812,0.0098790869624202,0.0061318681318681,0.0006896791480124,8.838692172025506e-05,8.021299687966354e-06,2.727584768591732,0.5847633654007365,0.1287479095765327,4.936919708913444,2.9059579893236873,719.0,51.2365757699091,0.074285857688732,0.6665194412625124,1.0,47.0,54.13270825820412,19.31163130619156,84.30378096479791,80.23181225554107,47.0,16.48253968253968,12.75076689959183,0.5916195278204756
D04-20240710-26W,D04,4,NO,D,182,34.058,4,57.442,4,16.49,2.28,,,D04,20240710,26,2024-07-10,campaign_2,D,D_NO,no_treatment_control,False,D,4,5.0,36,252,D04-20240710-26W.png,Data/Images_dataset/D04-20240710-26W.png,True,2835.0,650.0,,D04-20240710-26W,,,2.28,False,False,34.05817392484059,0.0,10.27903947903948,115.7161975308642,30.528412024871688,78.0,156.0,30.528412024871688,146.3973094559761,110.6474877221544,65.89062053995387,28.39823619138811,33.81245436508521,24.804194534858084,5.0875050875050885e-08,0.0005049009632342,0.0090853683353683,0.0103696581196581,0.0087874101207434,0.0022197802197802,0.000281457739791,1.3736263736263736e-06,2.88243969725078,0.5671407042962877,0.1267791798024814,5.061981361461317,3.0890502021971535,3172.0,26.359082892416225,0.0107371292322952,0.6323604974391103,1.0,47.0,34.530611112652224,15.17639872238852,62.1212516297262,56.737418513689704,47.0,14.984126984126984,12.602720219136224,0.5353934990716837
D04-20240724-28W,D04,4,NO,D,196,47.365,4,70.304,4,16.49,2.28,,,D04,20240724,28,2024-07-24,campaign_2,D,D_NO,no_treatment_control,False,D,4,5.0,36,252,D04-20240724-28W.png,Data/Images_dataset/D04-20240724-28W.png,True,2835.0,650.0,,D04-20240724-28W,,,2.28,False,False,47.36453669787003,0.0,4.531379731379731,112.93909374576042,36.93073976211114,69.0,168.0,36.93073976211114,146.08774494641162,105.9856339709673,66.24108533441867,33.399060736633544,40.51961527690803,32.621951483452094,7.410799077465744e-06,0.001834130375797,0.0101917141500474,0.008941748066748,0.0057488637905304,0.0040107515940849,0.0005090218423551,6.359381359381359e-06,2.9362464225934475,0.5757668331672411,0.1186850492635089,4.9081139079495015,2.874018323408672,1246.0,40.92144892144892,0.038013271828146,0.6618623696873588,1.0,47.0,47.85663957391329,18.566233640840014,78.53455019556715,71.019295958279,47.0,11.487830687830687,13.264129542306009,0.586507800939396
D04-20240807-30W,D04,4,NO,D,210,16.467,3,27.742,4,16.49,2.28,,,D04,20240807,30,2024-08-07,campaign_2,D,D_NO,no_treatment_control,False,D,4,5.0,36,252,D04-20240807-30W.png,Data/Images_dataset/D04-20240807-30W.png,True,2835.0,650.0,,D04-20240807-30W,,,2.28,False,False,16.467073667073667,0.0,2.949124949124949,145.2707274453941,41.24945740029404,95.0,206.0,41.24945740029404,184.2517905304572,133.87857495590828,106.0521508614842,37.93230142281986,45.848689724277776,34.277843412962575,9.666259666259666e-07,4.9620132953466286e-05,0.003108550400217,0.0092917175417175,0.0076072446072446,0.0058599070682404,0.0043332315832315,0.0009987620404287,4.610467557597634,0.4978099043121627,0.0967082732746423,5.022783320498066,3.084506122934595,3582.0,1.4687288020621354,0.0045971729947162,0.6701883239737723,1.0,47.0,16.61943465838165,6.874987366514838,34.32855280312908,26.916297262059977,44.0,17.98095238095238,12.861549696979935,0.8021475752437851
D04-20240902-33W,D04,4,NO,D,231,35.013,4,58.943,4,16.49,2.28,,,D04,20240902,33,2024-09-02,campaign_2,D,D_NO,no_treatment_control,False,D,4,5.0,36,252,D04-20240902-33W.png,Data/Images_dataset/D04-20240902-33W.png,True,2835.0,650.0,,D04-20240902-33W,,,2.28,False,False,35.01256274589608,0.0,0.6241215574548908,139.81727635327636,42.57296593510657,85.0,198.0,42.57296593510657,184.399536019536,128.80352625152625,83.9973604666938,38.41622044845184,48.47831475108326,35.537538682772144,6.613756613756614e-07,0.0005306606973273,0.0048057420974087,0.0082496777913444,0.0065754646587979,0.0064881800298466,0.004359652692986,0.0002399606566273,3.867244096192966,0.5177690491698941,0.0961562525711414,4.981456644197738,3.029688978026834,1010.0,27.871225071225073,0.0346659037088079,0.6807819855959406,1.0,47.0,35.48539487919221,16.82348935392811,63.396349413298566,58.49256844850065,46.0,16.98201058201058,11.885526746862718,0.4780208171496469
D04-20240918-36W,D04,4,NO,D,252,31.395,4,57.293,4,16.49,2.28,0.2165,1.87,D04,20240918,36,2024-09-18,campaign_2,D,D_NO,no_treatment_control,False,D,4,5.0,36,252,D04-20240918-36W.png,Data/Images_dataset/D04-20240918-36W.png,True,2835.0,650.0,,D04-20240918-36W,0.2165,21.65,2.28,True,True,31.395414462081128,0.0,7.878388278388278,129.01325790259125,39.11176365517478,81.0,186.0,39.11176365517478,163.35214652014653,122.72619997286664,75.74673667073667,37.76784596720529,42.76758768354057,29.23307199104051,1.0175010175010177e-07,0.0003558031474698,0.0073246167412834,0.0087299721883055,0.0066984466151132,0.0060380545380545,0.0020767874101207,2.6217609550942883e-05,3.261013728541572,0.550076497651297,0.1083650263493349,4.959512663649658,2.961910835191857,1689.0,24.798589065255733,0.0185881672362824,0.6693739323263423,1.0,47.0,31.852561790895724,16.693343003068907,61.48761408083442,54.78461538461538,45.0,14.984126984126984,12.643000985395885,0.4710311793001995
D05-20240110-0W,D05,4,NO,D,0,0.0,1,0.0,1,1.51,4.27,,,D05,20240110,0,2024-01-10,campaign_2,D,D_NO,no_treatment_control,False,D,4,5.0,36,252,D05-20240110-0W.png,Data/Images_dataset/D05-20240110-0W.png,True,2835.0,650.0,,D05-20240110-0W,,,4.27,False,False,0.0,0.0,0.0,231.89732790666125,12.902271136679444,214.0,246.0,12.902271136679444,241.09535748202416,231.68002062135395,212.68234160900823,12.095185904478846,13.177377141610153,14.066572166949271,0.0,0.0,0.0,1.6958350291683625e-08,6.054131054131054e-06,0.0003159171075837,0.0062982973816307,0.024629714421381,2.4399005764009924,0.6046039840878386,0.2392172385245355,5.074666643592029,3.106869883485147,0.0,0.0,0.0,0.0,0.0,47.0,0.0,0.0,0.0,0.0,0.0,0.4994708994708994,0.0,1.0
D05-20240124-2W,D05,4,NO,D,14,0.0,1,0.0,1,1.51,4.27,,,D05,20240124,2,2024-01-24,campaign_2,D,D_NO,no_treatment_control,False,D,4,5.0,36,252,D05-20240124-2W.png,Data/Images_dataset/D05-20240124-2W.png,True,2835.0,650.0,,D05-20240124-2W,,,4.27,False,False,0.0,0.0,0.0,242.34881725681728,17.567743982973887,218.0,255.0,17.567743982973887,245.67458363858364,242.15557726224392,237.6639365079365,15.925143189051832,18.096788055381953,19.769028552276684,0.0,0.0,0.0,1.7467100800434133e-06,8.392687559354226e-05,0.0006217948717948,0.0035270146520146,0.0270155168905168,4.728050898025147,0.6460282673131339,0.4494649411625001,5.40662992030597,2.738087828970872,0.0,0.0,0.0,0.0,0.0,47.0,0.0,0.0,0.0,0.0,0.0,0.4994708994708994,0.0,1.0
D05-20240207-4W,D05,4,NO,D,28,0.108,1,0.863,1,4.0,4.27,,,D05,20240207,4,2024-02-07,campaign_2,D,D_NO,no_treatment_control,False,D,4,5.0,36,252,D05-20240207-4W.png,Data/Images_dataset/D05-20240207-4W.png,True,2835.0,650.0,,D05-20240207-4W,,,4.27,False,False,0.1078822412155745,0.0,0.0006512006512006,227.29487016687017,21.084736275713976,197.0,250.0,21.084736275713976,236.04631230497895,226.6634616741283,211.7384192104192,18.88489472408573,21.88959041087748,25.109722661812075,0.0,0.0,8.309591642924976e-06,5.224867724867725e-05,0.0001740096323429,0.0019807183557183,0.0084614875864875,0.0205732261565594,6.635027502348445,0.4555988988125973,0.15676798090508,5.03718189448545,3.1914615601670553,11.0,0.0713064713064713,0.0098074764741431,0.6307351575873255,0.9029558273454138,47.0,0.110294321617798,0.3781775541818394,1.7770534550195567,0.0086049543676662,0.0,3.4962962962962965,3.653093162147489,215994.04650152108
D05-20240221-6W,D05,4,NO,D,42,0.057,1,0.44,1,4.0,4.27,,,D05,20240221,6,2024-02-21,campaign_2,D,D_NO,no_treatment_control,False,D,4,5.0,36,252,D05-20240221-6W.png,Data/Images_dataset/D05-20240221-6W.png,True,2835.0,650.0,,D05-20240221-6W,,,4.27,False,False,0.0568715235381902,0.0,0.0,242.32532356532357,20.27149185560178,215.0,255.0,20.27149185560178,246.7246587979921,241.98392782526116,235.23681834215168,15.547246359248282,21.68710661663709,28.68102681645486,0.0,0.0,8.479175145841814e-08,5.326617826617827e-05,0.0002587165920499,0.0006921041921041,0.003528201736535,0.0267176265092931,4.540507811307152,0.6672334492176679,0.4997953011382053,5.474841433973366,2.5123482135911877,15.0,0.0315832315832315,0.003791434902546,0.570429042180619,0.8819048520875581,47.0,0.0581430830258814,0.2103937390236766,1.119947848761408,0.0516297262059973,0.0,3.4962962962962965,3.5228967244234424,113864.53759235116
D05-20240306-8W,D05,4,NO,D,56,5.28,2,13.594,3,6.5,4.27,,,D05,20240306,8,2024-03-06,campaign_2,D,D_NO,no_treatment_control,False,D,4,5.0,36,252,D05-20240306-8W.png,Data/Images_dataset/D05-20240306-8W.png,True,2835.0,650.0,,D05-20240306-8W,,,4.27,False,False,5.280477547144214,0.0,0.0,226.31389173789177,42.37681614987875,149.0,255.0,42.37681614987875,244.2644867724868,223.30198507665173,198.46786216252883,19.35276200376913,50.34675471620508,68.47966743577217,0.0,0.0,0.0001919515669515,0.0017174738841405,0.0017462182878849,0.0017520519603852,0.0029709842626509,0.0228713200379867,2.4595520596543556,0.691851170317157,0.4137113537447934,5.366878088035512,2.946865539760975,111.0,2.8895400895400893,0.047571869794092,0.6750040978107424,1.0,47.0,5.357208244334101,5.496680596243008,17.97522816166884,13.05475880052151,23.0,4.994708994708994,10.459272222238534,2.3303143652277893
D05-20240320-10W,D05,4,NO,D,70,10.883,2,21.944,3,4.0,4.27,,,D05,20240320,10,2024-03-20,campaign_2,D,D_NO,no_treatment_control,False,D,4,5.0,36,252,D05-20240320-10W.png,Data/Images_dataset/D05-20240320-10W.png,True,2835.0,650.0,,D05-20240320-10W,,,4.27,False,False,10.883245149911817,0.0,0.0075430742097408,208.1453718627052,51.91123706436337,115.0,253.0,51.91123706436337,229.8563429656763,204.72324080857413,173.1904588251255,32.88998155574653,59.27982295440245,72.62265381216837,0.0,0.000216982091982,0.0014109856193189,0.0023261938678605,0.001847154388821,0.0024880443630443,0.0055086996336996,0.0174519400352733,6.875564453802545,0.5129692941632408,0.1890939003918315,5.1166249881021395,3.1609121196162175,402.0,5.0224392891059555,0.0270727491291338,0.6987027184830829,1.0,47.0,10.899997225997948,7.7840470664023504,25.938722294654497,20.057627118644064,34.0,4.994708994708994,11.398009320301403,2.7506842495142045
D05-20240405-12W,D05,4,NO,D,84,10.806,2,23.553,4,4.0,4.27,,,D05,20240405,12,2024-04-05,campaign_2,D,D_NO,no_treatment_control,False,D,4,5.0,36,252,D05-20240405-12W.png,Data/Images_dataset/D05-20240405-12W.png,True,2835.0,650.0,,D05-20240405-12W,,,4.27,False,False,10.80640347307014,0.0,0.0028218694885361,209.56493121693123,50.06225248681627,117.0,254.0,50.06225248681627,227.56771130104465,206.01705657305655,185.05401221001225,30.61972088242482,57.95568068414459,68.70569184405936,0.0,8.479175145841812e-07,0.000933896350563,0.0029608940442273,0.0019235178401845,0.0023382512549179,0.0056356668023334,0.0174569257902591,5.9959312661724,0.5160517899948445,0.1936359466123066,5.152379139373696,3.1637174597997757,296.0,6.1024555691222355,0.0365081198414531,0.6696897683614574,1.0,47.0,10.825820411107106,8.013238313684928,25.825293350717075,22.276923076923076,33.0,4.994708994708994,10.657073557421562,2.8156236256702005
D05-20240417-14W,D05,4,NO,D,98,14.166,2,26.627,4,4.0,4.27,,,D05,20240417,14,2024-04-17,campaign_2,D,D_NO,no_treatment_control,False,D,4,5.0,36,252,D05-20240417-14W.png,Data/Images_dataset/D05-20240417-14W.png,True,2835.0,650.0,,D05-20240417-14W,,,4.27,False,False,14.1664360331027,0.0,0.3654320987654321,184.57493908560576,50.02960133589654,92.0,231.0,50.02960133589654,207.61193325193327,181.46090082756749,144.5727716727717,40.16119762805182,54.844976727175144,56.61541169662591,1.6958350291683625e-08,0.0004675417175417,0.0029311151811151,0.0019696275946275,0.0020752272418939,0.0047824243657576,0.0122434371184371,0.0067806098222764,6.347888604761608,0.474643929839624,0.1091151599261314,4.884422023588049,2.9506003793123243,304.0,7.874101207434541,0.0466001185299431,0.671854172873106,1.0,47.0,14.141890204998752,9.655696765177836,31.693611473272497,27.21512385919165,34.0,5.993650793650794,10.540556496396713,2.4052416537702723
D05-20240508-17W,D05,4,NO,D,119,12.551,2,30.585,4,4.0,4.27,,,D05,20240508,17,2024-05-08,campaign_2,D,D_NO,no_treatment_control,False,D,4,5.0,36,252,D05-20240508-17W.png,Data/Images_dataset/D05-20240508-17W.png,True,2835.0,650.0,,D05-20240508-17W,,,4.27,False,False,12.550535883869218,0.0,4.635191968525302,173.21575797042465,61.66182132003258,85.0,253.0,61.66182132003258,188.50173599240267,171.70924759191425,145.0885931352598,57.85352212693441,64.31029264486986,66.5255739512374,6.78334011667345e-07,0.0016283238366571,0.0025111755528422,0.0043841575091575,0.0043726597476597,0.004117385700719,0.0056720763804097,0.0085635429385429,4.673052657087506,0.5693469695533666,0.1404191930894923,5.192018482784878,3.137628522532202,1011.0,8.177235110568445,0.0124139820809784,0.6013657294873852,1.0,47.0,12.62800632472468,11.416874234684196,35.11082138200782,30.61043024771838,31.0,5.993650793650794,7.615813319195008,1.995251113883135
D05-20240522-19W,D05,4,NO,D,133,13.28,2,27.274,4,9.0,4.27,,,D05,20240522,19,2024-05-22,campaign_2,D,D_NO,no_treatment_control,False,D,4,5.0,36,252,D05-20240522-19W.png,Data/Images_dataset/D05-20240522-19W.png,True,2835.0,650.0,,D05-20240522-19W,,,4.27,False,False,13.279500746167413,0.0,0.0380952380952381,185.95340550807217,51.36228566481975,101.0,239.0,51.36228566481975,209.8175368335368,183.33751566951568,141.31877248677247,38.22791993821671,57.396389413565025,62.50891279845464,1.0175010175010177e-07,0.0005546398046398,0.0021909001492334,0.0025745149911816,0.002679012345679,0.0046671923755257,0.0108217338217338,0.0077619047619047,5.19799671860982,0.5263239375375804,0.1107830503138829,4.907110161205188,2.8641721668744284,421.0,7.280531813865148,0.0315427571167872,0.7076677299123152,1.0,47.0,13.434991261893536,9.969079529630717,33.26857887874837,28.92046936114733,36.0,9.48994708994709,9.67891823646764,1.3123231403864557
D05-20240529-20W,D05,4,NO,D,140,9.236,2,17.67,3,4.0,4.27,,,D05,20240529,20,2024-05-29,campaign_2,D,D_NO,no_treatment_control,False,D,4,5.0,36,252,D05-20240529-20W.png,Data/Images_dataset/D05-20240529-20W.png,True,2835.0,650.0,,D05-20240529-20W,,,4.27,False,False,9.235816035816036,0.0,1.3379460046126712,183.32386487586487,43.34336113142,111.0,227.0,43.34336113142,206.20650603717272,180.13780708180707,144.342849002849,33.67935096665716,48.53667698768504,49.79784913970251,3.222086555419889e-07,1.93664360331027e-05,0.0015915920499253,0.0032171347171347,0.0032971611721611,0.0053045550128883,0.013667853751187,0.0041520146520146,5.6611403854501745,0.4982483246424571,0.1123264043297281,5.062336134017496,3.2048701584108703,1343.0,4.1785917785917785,0.0068770037496768,0.6453559909810591,1.0,47.0,9.33465560764515,6.314760310488727,21.83050847457627,17.296740547588005,35.0,5.4941798941798945,10.549644861636542,1.8946232071301097
D05-20240619-23W,D05,4,NO,D,161,20.139,3,37.744,4,4.0,4.27,,,D05,20240619,23,2024-06-19,campaign_2,D,D_NO,no_treatment_control,False,D,4,5.0,36,252,D05-20240619-23W.png,Data/Images_dataset/D05-20240619-23W.png,True,2835.0,650.0,,D05-20240619-23W,,,4.27,False,False,20.138760005426672,0.0,0.5652421652421653,152.20352679419346,47.509514145337974,73.0,202.0,47.509514145337974,177.7667545787546,149.43649002849003,103.90175281508616,41.19943399609473,51.68296807306453,48.42682221317802,9.430538597205264e-05,0.0021784018450685,0.0028770519603852,0.0032121828788495,0.0053254477004477,0.0108251594084927,0.0065609652692986,0.0001764855514855,7.26808274868934,0.4487143599370942,0.0933760337791173,5.044545588273469,3.248061474195635,1089.0,10.47863247863248,0.0184928925669666,0.6311711719842339,1.0,47.0,20.08058475963273,13.427821240110482,42.561929595827905,38.54654498044329,36.0,5.993650793650794,9.303405759142784,1.682811541997976
D05-20240626-24W,D05,4,NO,D,168,15.98,3,33.569,4,4.0,4.27,,,D05,20240626,24,2024-06-26,campaign_2,D,D_NO,no_treatment_control,False,D,4,5.0,36,252,D05-20240626-24W.png,Data/Images_dataset/D05-20240626-24W.png,True,2835.0,650.0,,D05-20240626-24W,,,4.27,False,False,15.98013838013838,0.0,0.1800027133360466,173.22967684167685,48.888484720621285,92.0,223.0,48.888484720621285,201.93506335639668,166.75717704517706,135.26520634920635,39.42692002705626,53.68118250388674,56.15559570928147,7.495590828924162e-06,0.0007742504409171,0.0026267975851309,0.0028734567901234,0.0035747015330348,0.0063505121421788,0.0119330314746981,0.0031097544430877,4.716127199601191,0.5289469312610282,0.1068591234393815,4.802166708489447,2.766893026398288,366.0,8.830769230769231,0.0436615802736021,0.7071770892380864,1.0,47.0,15.922522122666372,12.659725411914618,37.182529335071706,34.05110821382007,33.0,5.993650793650794,7.890376904844735,1.563984767500194
D05-20240710-26W,D05,4,NO,D,182,13.515,2,31.381,4,4.0,4.27,,,D05,20240710,26,2024-07-10,campaign_2,D,D_NO,no_treatment_control,False,D,4,5.0,36,252,D05-20240710-26W.png,Data/Images_dataset/D05-20240710-26W.png,True,2835.0,650.0,,D05-20240710-26W,,,4.27,False,False,13.51539818206485,0.0,1.8194003527336864,162.38443196309862,42.4352547683847,93.0,208.0,42.4352547683847,192.42663139329807,159.98630525030526,100.27569285035952,37.76352441064494,46.42503012681959,41.051357082231185,4.4091710758377425e-07,0.000458028083028,0.0029466490299823,0.003383258716592,0.0048937559354226,0.0106049721883055,0.0084803791887125,0.0004825159408492,6.131310998298085,0.4823166405300096,0.1008309578808141,4.968944421850528,3.0801443339980983,1051.0,6.931216931216931,0.012859560591879,0.6549301145644211,1.0,47.0,13.482177036811006,11.638123711725102,40.46805736636245,29.321512385919164,32.0,5.4941798941798945,8.137708024162018,1.8314495043518673
D05-20240724-28W,D05,4,NO,D,196,19.174,3,37.567,4,6.5,4.27,,,D05,20240724,28,2024-07-24,campaign_2,D,D_NO,no_treatment_control,False,D,4,5.0,36,252,D05-20240724-28W.png,Data/Images_dataset/D05-20240724-28W.png,True,2835.0,650.0,,D05-20240724-28W,,,4.27,False,False,19.17433184099851,0.0,0.2210826210826211,157.21348039614708,45.99554873223283,86.0,211.0,45.99554873223283,195.25807895807895,151.04233238366572,93.64637688237688,40.83253900433954,50.31078296992904,43.16446799689566,2.218152218152218e-05,0.0012250203500203,0.0028492911409578,0.0038298738298738,0.0055999525166191,0.0098105582688916,0.0070180097680097,0.0008951126034459,5.279159870735669,0.5138610737349406,0.0963466956002219,4.856983394913773,2.876183691677003,607.0,8.32120472120472,0.03158868507578,0.6851177268260237,1.0,47.0,18.936891453299676,14.695584398784703,47.80182529335072,41.88996088657106,35.0,5.993650793650794,9.159317011307897,1.2922772818541786
D05-20240807-30W,D05,4,NO,D,210,11.857,2,26.178,4,4.0,4.27,,,D05,20240807,30,2024-08-07,campaign_2,D,D_NO,no_treatment_control,False,D,4,5.0,36,252,D05-20240807-30W.png,Data/Images_dataset/D05-20240807-30W.png,True,2835.0,650.0,,D05-20240807-30W,,,4.27,False,False,11.856844390177724,0.0,0.6371455704789037,185.50628679962017,48.57940221101095,109.0,241.0,48.57940221101095,224.23256328856328,179.53869542802877,119.0432961606295,39.875457393627485,55.6198880476216,47.298083096277246,6.986840320173653e-06,9.406796906796906e-05,0.001818376068376,0.0030975953059286,0.0038073361823361,0.0053521571021571,0.0088918226834893,0.0081816578483245,9.50967891785114,0.4430256666185969,0.0861505510263901,5.061289122327308,3.269595791573339,1682.0,5.108994708994709,0.0070492535018892,0.6673837805692788,1.0,47.0,11.723015895031764,10.149726056005465,35.56975228161669,25.72229465449804,30.0,4.994708994708994,7.706325155004284,1.6886897354084387
D05-20240902-33W,D05,4,NO,D,231,16.881,3,36.033,4,6.5,4.27,,,D05,20240902,33,2024-09-02,campaign_2,D,D_NO,no_treatment_control,False,D,4,5.0,36,252,D05-20240902-33W.png,Data/Images_dataset/D05-20240902-33W.png,True,2835.0,650.0,,D05-20240902-33W,,,4.27,False,False,16.881237281237283,0.0,0.1147741147741147,174.73573897707232,51.81692930223762,94.0,235.0,51.81692930223762,215.34079717813052,168.64715235381902,103.97290516890516,43.17708101600331,58.32225981030807,52.47200601371755,1.1904761904761903e-05,0.000756105006105,0.0024533984533984,0.0033031644281644,0.0040627967711301,0.0063384547551214,0.00850407000407,0.0058201058201058,8.864539813968468,0.4382666166220108,0.0789834973330888,5.057594295949536,3.2541165018699543,1583.0,8.837389770723105,0.0106640791416533,0.6767060077073083,1.0,47.0,16.76168548364726,14.362645206304204,46.15775749674055,37.04589308996088,35.0,4.994708994708994,7.639475278494305,1.4675788650388544
D05-20240918-36W,D05,4,NO,D,252,10.999,2,28.079,4,4.0,4.27,0.2281,2.05,D05,20240918,36,2024-09-18,campaign_2,D,D_NO,no_treatment_control,False,D,4,5.0,36,252,D05-20240918-36W.png,Data/Images_dataset/D05-20240918-36W.png,True,2835.0,650.0,,D05-20240918-36W,0.2281,22.81,4.27,True,True,10.998941798941798,0.0,1.5233753900420568,168.39467969067968,41.16937762550208,104.0,215.0,41.16937762550208,205.10883353683352,163.9402507122507,99.42753764753763,36.75865716722137,45.61907163543789,36.45313773741995,6.919006919006919e-06,0.0002293277709944,0.0020661375661375,0.0033126950210283,0.0053290937457604,0.0094241113824447,0.0095878272961606,0.0012938882105548,6.066974593405218,0.4883409829091611,0.0979708999794309,5.008047279932852,3.1349531292290216,1269.0,4.660317460317461,0.0086674088250132,0.6506039613769334,1.0,47.0,10.901578407168024,10.468787548384888,34.91786179921773,25.165058670143413,26.0,5.4941798941798945,7.313160282847923,1.7896682213394732
D06-20240110-0W,D06,4,NO,D,0,0.004,1,0.026,1,16.49,6.58,,,D06,20240110,0,2024-01-10,campaign_2,D,D_NO,no_treatment_control,False,D,4,5.0,36,252,D06-20240110-0W.png,Data/Images_dataset/D06-20240110-0W.png,True,2835.0,650.0,,D06-20240110-0W,,,6.58,False,False,0.0037986704653371,0.0,0.0097137430470763,215.71226373626376,23.166650541853343,180.0,241.0,23.166650541853343,227.9322387735721,215.5170641703975,188.99666096866096,21.997346442242417,23.664491796371873,24.133931104460473,8.479175145841814e-08,5.596255596255596e-07,2.3741690408357077e-06,7.52950752950753e-06,0.0005268959435626,0.0047414360331027,0.0112746404829738,0.0146964794464794,5.829954146551348,0.4674143696947969,0.1447028858996086,4.908148519906201,2.9909916878127807,10.0,0.0015194681861348,0.0003798670465337,0.3931262709545643,0.816496580927726,47.0,0.0038836028738661,0.0108832836553226,0.0508474576271186,0.0088657105606258,0.0,14.984126984126984,15.468480725623584,0.035619846644089
D06-20240124-2W,D06,4,NO,D,14,0.0,1,0.003,1,16.49,6.58,,,D06,20240124,2,2024-01-24,campaign_2,D,D_NO,no_treatment_control,False,D,4,5.0,36,252,D06-20240124-2W.png,Data/Images_dataset/D06-20240124-2W.png,True,2835.0,650.0,,D06-20240124-2W,,,6.58,False,False,0.0004341337674671,0.0,0.0009768009768009,227.7293951973952,25.308991261534036,189.0,254.0,25.308991261534036,234.08815357482024,227.23267019400353,217.76876570343236,23.345641185497133,25.946262709932615,27.665082325120117,0.0,0.0,6.78334011667345e-08,3.968253968253968e-06,7.992470492470493e-05,0.003566222357889,0.008546686338353,0.0190531305114638,8.550667464258824,0.4655842830109808,0.2263886572967008,5.0338245346855075,2.875988972685746,2.0,0.0003256003256003,0.0002170668837335,0.9821539221766366,1.0,47.0,0.0004438403284418,0.0021053195329701,0.0104302477183833,0.0,0.0,16.98201058201058,17.22010582010582,0.0011013481947809
D06-20240207-4W,D06,4,NO,D,28,0.308,1,1.59,1,18.99,6.58,,,D06,20240207,4,2024-02-07,campaign_2,D,D_NO,no_treatment_control,False,D,4,5.0,36,252,D06-20240207-4W.png,Data/Images_dataset/D06-20240207-4W.png,True,2835.0,650.0,,D06-20240207-4W,,,6.58,False,False,0.3082349749016415,0.0,0.0073260073260073,194.93714936914935,29.62027153082785,155.0,232.0,29.62027153082785,207.97320092253423,193.6159082892416,171.66780463980464,27.734052565678837,30.242283209852836,32.5302316473306,1.5262515262515261e-07,2.5946275946275947e-06,4.365079365079365e-05,0.0002136752136752,0.0041604938271604,0.0093927723511056,0.0108975715642382,0.0065390889974223,9.390461951967144,0.3712059180977659,0.0941489816321077,4.883513459724662,3.00122971009012,32.0,0.1824989824989825,0.0096323429656763,0.7610455825334197,1.0,47.0,0.3151266331937085,0.9549090840679982,4.664928292046936,0.7092568448500628,0.0,18.48042328042328,17.98326253819212,1.7021393646691434
D06-20240221-6W,D06,4,NO,D,42,0.182,1,0.831,1,18.99,6.58,,,D06,20240221,6,2024-02-21,campaign_2,D,D_NO,no_treatment_control,False,D,4,5.0,36,252,D06-20240221-6W.png,Data/Images_dataset/D06-20240221-6W.png,True,2835.0,650.0,,D06-20240221-6W,,,6.58,False,False,0.182010582010582,0.0,0.0049382716049382,215.7395121421788,30.090436221798672,175.0,253.0,30.090436221798672,227.17512847646185,214.43710812644147,196.41692090625423,26.601701767154022,31.47498090311232,36.55198078345026,0.0,2.035002035002035e-07,1.2108262108262108e-05,0.0001096866096866,0.0007920736670736,0.0067136582553249,0.0095593203093203,0.0140629493962827,10.786900297445015,0.4088528143369987,0.1429340952227228,4.7327697353050615,2.557091884418175,18.0,0.0817799484466151,0.0101116990005878,0.7788897830399192,1.0,47.0,0.1860800576992426,0.54023566981202,2.4172099087353325,0.3908735332464136,0.0,18.48042328042328,17.394536098412072,1.405952374130502
D06-20240306-8W,D06,4,NO,D,56,1.602,1,6.553,2,1.51,6.58,,,D06,20240306,8,2024-03-06,campaign_2,D,D_NO,no_treatment_control,False,D,4,5.0,36,252,D06-20240306-8W.png,Data/Images_dataset/D06-20240306-8W.png,True,2835.0,650.0,,D06-20240306-8W,,,6.58,False,False,1.601953601953602,0.0,0.0037444037444037,225.17399538732872,31.746340502787582,185.0,253.0,31.746340502787582,235.60442382309049,224.96233292633292,203.25989960656628,23.667430204734835,34.93836534834384,42.943708304121465,0.0,1.35666802333469e-06,0.0001336996336996,0.000547500339167,0.0006204042870709,0.0028625356125356,0.0076704483787817,0.0194140550807217,6.491789749482618,0.5004774234696584,0.2351465811399691,5.187155502868466,3.076171517150046,46.0,0.8153032153032153,0.0348250783033391,0.6626095572389641,1.0,47.0,1.569114261144553,2.688091122878337,10.220338983050848,4.844067796610169,5.0,1.4984126984126984,7.547189744913323,11.793474380691238
D06-20240320-10W,D06,4,NO,D,70,2.993,1,10.263,2,1.51,6.58,,,D06,20240320,10,2024-03-20,campaign_2,D,D_NO,no_treatment_control,False,D,4,5.0,36,252,D06-20240320-10W.png,Data/Images_dataset/D06-20240320-10W.png,True,2835.0,650.0,,D06-20240320-10W,,,6.58,False,False,2.9931352598019263,0.0,0.0081400081400081,207.40987057387056,36.35891806625886,165.0,248.0,36.35891806625886,221.67440347307013,206.50432451499117,178.73701533034867,29.26657702782354,39.494791559451,46.28591735066043,6.78334011667345e-08,4.894179894179894e-05,0.0004249762583095,0.0007176265092931,0.0013510378510378,0.0069376102292768,0.0092352631935965,0.0125344763261429,9.612893423895343,0.3856198766934622,0.1007719611592836,5.053276454351155,3.1962403618477193,98.0,1.3000678334011668,0.030542196528591,0.6983028179791146,1.0,47.0,2.9458237399095673,4.152168813478389,13.61277705345502,9.633376792698826,12.0,1.4984126984126984,8.326455295053451,8.91736878502642
D06-20240405-12W,D06,4,NO,D,84,3.156,1,11.282,2,1.51,6.58,,,D06,20240405,12,2024-04-05,campaign_2,D,D_NO,no_treatment_control,False,D,4,5.0,36,252,D06-20240405-12W.png,Data/Images_dataset/D06-20240405-12W.png,True,2835.0,650.0,,D06-20240405-12W,,,6.58,False,False,3.1557726224392892,0.0,0.0494912494912494,199.31026455026455,36.1054744645333,157.0,241.0,36.1054744645333,209.29965811965812,199.2240520960521,178.63941120607788,30.73689902642663,38.92112690745958,44.123473555534744,0.0,9.233821733821734e-05,0.00053256003256,0.0006140279473612,0.0022836114502781,0.0086596967846967,0.0094207366707366,0.0096470288970288,9.59213756810291,0.3869541781232877,0.0917970919809116,4.9111684131283155,3.0047424952359645,56.0,1.4082214082214082,0.0563530825435587,0.7540696060248696,1.0,47.0,3.0274903603428664,4.454152081755844,13.233376792698824,10.79843546284224,12.0,0.4994708994708994,7.0577642247685075,9.096506168961223
D06-20240417-14W,D06,4,NO,D,98,5.402,2,14.223,3,4.0,6.58,,,D06,20240417,14,2024-04-17,campaign_2,D,D_NO,no_treatment_control,False,D,4,5.0,36,252,D06-20240417-14W.png,Data/Images_dataset/D06-20240417-14W.png,True,2835.0,650.0,,D06-20240417-14W,,,6.58,False,False,5.4018722018722025,0.0,0.6455026455026455,169.06542884276217,39.091691928906414,121.0,215.0,39.091691928906414,184.4218173924841,168.88193080993082,134.43296594763262,35.51642872841671,41.05235350583478,42.40130429455667,1.071767738434405e-05,0.0005129222629222,0.0009325905575905,0.0026887464387464,0.0079495828245828,0.0084507699091032,0.0094717643467643,0.0012329059829059,11.043105447614352,0.3814010000285496,0.0821356736121278,4.918099457457579,3.0257115095333065,309.0,3.1482838149504815,0.017481787061075,0.6424022842061694,1.0,47.0,5.395323032539044,5.457361301914118,16.026075619295955,14.44954367666232,17.0,2.497354497354497,8.331033245211037,4.21821409431921
D06-20240508-17W,D06,4,NO,D,119,4.748,1,16.56,3,1.51,6.58,,,D06,20240508,17,2024-05-08,campaign_2,D,D_NO,no_treatment_control,False,D,4,5.0,36,252,D06-20240508-17W.png,Data/Images_dataset/D06-20240508-17W.png,True,2835.0,650.0,,D06-20240508-17W,,,6.58,False,False,4.747849681183014,0.0,4.494152760819428,171.7779362366029,45.192630036870405,107.0,226.0,45.192630036870405,186.47060208926877,171.75979867046533,137.88007705874372,46.1430761938111,46.442217217310585,42.3978520743414,2.950752950752951e-06,0.0006925281508614,0.0014082553249219,0.0035744301994301,0.005109364401031,0.0084401709401709,0.0084885022385022,0.0035337979921313,8.505184631342642,0.4107430029261131,0.0777992289761948,5.062041932385543,3.1925566399197565,518.0,2.089485822819156,0.0091657329752567,0.606693058951623,1.0,47.0,4.658936447612972,6.031566833749414,17.877444589308997,16.083963494132988,13.0,1.9978835978835976,5.903872634155749,5.278182780348896
D06-20240522-19W,D06,4,NO,D,133,6.472,2,16.37,3,4.0,6.58,,,D06,20240522,19,2024-05-22,campaign_2,D,D_NO,no_treatment_control,False,D,4,5.0,36,252,D06-20240522-19W.png,Data/Images_dataset/D06-20240522-19W.png,True,2835.0,650.0,,D06-20240522-19W,,,6.58,False,False,6.472174738841406,0.0,2.2590150590150593,153.26346764346764,37.74346337961875,107.0,201.0,37.74346337961875,168.0026682946683,153.891162664496,115.97881210147877,35.13344381701123,39.578356968145094,40.22324836783384,5.155338488671822e-05,0.0005308472391805,0.0013629256545923,0.0055993589743589,0.0097356023606023,0.0089992368742368,0.0042973137973137,0.0006731617148283,11.022265259436416,0.3545330438503096,0.0775591796403742,4.983472790675539,3.126196581287844,848.0,4.603771537104871,0.0076322815316526,0.5822966559904533,1.0,47.0,6.4715248689284035,5.832898596801129,19.13037809647979,15.38200782268579,24.0,4.994708994708994,7.661665902291061,2.272982013662926
D06-20240529-20W,D06,4,NO,D,140,1.673,1,3.887,1,1.51,6.58,,,D06,20240529,20,2024-05-29,campaign_2,D,D_NO,no_treatment_control,False,D,4,5.0,36,252,D06-20240529-20W.png,Data/Images_dataset/D06-20240529-20W.png,True,2835.0,650.0,,D06-20240529-20W,,,6.58,False,False,1.672934472934473,0.0,0.3025912359245692,173.85087993487994,29.781744693655305,136.0,214.0,29.781744693655305,190.79208845475512,173.2937902591236,136.93215303215302,27.78715553603728,31.84768670003791,32.26230792291116,5.935422602089269e-07,1.0276760276760276e-05,0.0001694139194139,0.0017407916157916,0.007776455026455,0.012774945733279,0.0071938678605345,0.0015836555419888,8.685022259036675,0.3867949968331778,0.0929538327373915,5.041170922495176,3.176981419588964,387.0,0.3427486094152761,0.0043228280954379,0.6329129081530506,1.0,47.0,1.6310299869621905,1.959736812209438,7.732724902216427,4.8821382007822685,4.0,1.9978835978835976,10.137166583254556,2.392469499412002
D06-20240619-23W,D06,4,NO,D,161,7.835,2,18.332,3,4.0,6.58,,,D06,20240619,23,2024-06-19,campaign_2,D,D_NO,no_treatment_control,False,D,4,5.0,36,252,D06-20240619-23W.png,Data/Images_dataset/D06-20240619-23W.png,True,2835.0,650.0,,D06-20240619-23W,,,6.58,False,False,7.835300501967168,0.0,4.381115181115181,141.94011178944513,35.1570154768418,101.0,188.0,35.1570154768418,161.33048541581874,141.5589304029304,97.58217663817663,33.76111276546663,36.978398824940975,34.06272717998772,4.600800434133768e-05,0.0007431488264821,0.0016400081400081,0.0083584486501153,0.0104554504137837,0.0075327974494641,0.0023728802062135,0.0001012583095916,12.876386912418914,0.3446362167556018,0.0799803710129018,5.070210354166847,3.2160653638899133,1150.0,5.312711979378646,0.0068133047843192,0.6050070513165676,1.0,47.0,7.751477156093093,6.379661424631926,19.51629726205997,17.140547588005216,27.0,4.994708994708994,8.185297414522056,2.135322450508234
D06-20240626-24W,D06,4,NO,D,168,10.224,2,24.66,4,4.0,6.58,,,D06,20240626,24,2024-06-26,campaign_2,D,D_NO,no_treatment_control,False,D,4,5.0,36,252,D06-20240626-24W.png,Data/Images_dataset/D06-20240626-24W.png,True,2835.0,650.0,,D06-20240626-24W,,,6.58,False,False,10.223741690408357,0.0,1.4223850223850223,148.95900094966763,38.58906551691637,102.0,197.0,38.58906551691637,171.07497978564646,145.69670492470493,112.09840835707504,35.78003389786254,40.42190595745213,40.4771081214871,0.0001663105413105,0.0009082722832722,0.0013860907610907,0.005178198344865,0.0112466592049925,0.0083378103378103,0.0035418701668701,0.0004847883597883,7.378165514463633,0.4439703612264229,0.0920708085563574,4.769622816201857,2.74803113403843,462.0,7.82379595712929,0.0221293110181999,0.6632559964894829,1.0,47.0,10.219451302393963,9.074023012912056,31.54758800521512,23.87535853976532,28.0,5.4941798941798945,7.621273639375743,1.778877630934185
D06-20240710-26W,D06,4,NO,D,182,9.993,2,21.637,3,4.0,6.58,,,D06,20240710,26,2024-07-10,campaign_2,D,D_NO,no_treatment_control,False,D,4,5.0,36,252,D06-20240710-26W.png,Data/Images_dataset/D06-20240710-26W.png,True,2835.0,650.0,,D06-20240710-26W,,,6.58,False,False,9.99343372676706,0.0,1.2905711572378238,143.5732090625424,32.69505927789022,101.0,184.0,32.69505927789022,165.25918925518926,143.66438692172025,90.77444634377969,29.94801991397323,35.06807378242289,33.38253552358456,3.391670058336725e-06,0.0004596052096052,0.0021112637362637,0.006510005426672,0.0115950176366843,0.0088202075702075,0.0017382987382987,1.221001221001221e-05,8.335395187130754,0.406837175072411,0.0916068511698311,5.018681803629064,3.1331007179087136,1254.0,6.9326278659612,0.0079692453961459,0.6466733432013202,1.0,47.0,9.974479181114594,7.845705207152493,24.16818774445893,20.783572359843543,28.0,5.4941798941798945,7.831540395251203,1.429928075293441
D06-20240724-28W,D06,4,NO,D,196,15.507,3,32.292,4,6.5,6.58,,,D06,20240724,28,2024-07-24,campaign_2,D,D_NO,no_treatment_control,False,D,4,5.0,36,252,D06-20240724-28W.png,Data/Images_dataset/D06-20240724-28W.png,True,2835.0,650.0,,D06-20240724-28W,,,6.58,False,False,15.507366707366709,0.0,0.8397775064441731,139.2494939628273,35.65453936216636,90.0,184.0,35.65453936216636,166.86132193732195,136.3489127662461,86.15023578890245,32.6209560323565,38.339017995417215,35.084410449060705,2.1554063220729887e-05,0.000963200379867,0.0027105887939221,0.006820411070411,0.0115659679826346,0.0071929860263193,0.00194826007326,2.70316103649437e-05,7.588076959444745,0.4184818623073478,0.0901852509463565,4.985705261882718,3.0891277345354498,1321.0,11.178564645231312,0.011739111814812,0.6346644571147263,1.0,47.0,15.57308108408,10.385919297240845,33.72359843546284,31.850065189048237,37.0,6.992592592592593,8.982671982667782,0.9599666760782763
D06-20240807-30W,D06,4,NO,D,210,6.782,2,18.986,3,4.0,6.58,,,D06,20240807,30,2024-08-07,campaign_2,D,D_NO,no_treatment_control,False,D,4,5.0,36,252,D06-20240807-30W.png,Data/Images_dataset/D06-20240807-30W.png,True,2835.0,650.0,,D06-20240807-30W,,,6.58,False,False,6.782309048975716,0.0,0.2792565459232126,179.81759761226428,36.89957232755763,132.0,227.0,36.89957232755763,220.2770582010582,176.0759473612807,97.30314421381088,31.956316262633745,42.90384432459722,37.67390408735528,1.3736263736263736e-06,3.8851580518247186e-05,0.0008990638990638,0.001796279337946,0.0053489180572513,0.01082326007326,0.0084441561524894,0.0038980972730972,10.151655587961312,0.4026443070515908,0.0857476228657396,5.036662715134943,3.205289608133979,619.0,4.8956179622846285,0.0109568805314631,0.5826016033254588,1.0,47.0,6.670614996255096,7.133717067730999,21.997392438070403,17.63885267275098,19.0,4.994708994708994,7.585666037110657,4.433178674916634
D06-20240902-33W,D06,4,NO,D,231,8.442,2,22.396,4,4.0,6.58,,,D06,20240902,33,2024-09-02,campaign_2,D,D_NO,no_treatment_control,False,D,4,5.0,36,252,D06-20240902-33W.png,Data/Images_dataset/D06-20240902-33W.png,True,2835.0,650.0,,D06-20240902-33W,,,6.58,False,False,8.442219508886176,0.0,0.3441052774386108,173.1852389092389,37.27487754419385,123.0,216.0,37.27487754419385,204.5426758920092,169.6270009496676,113.68081291547958,30.82832772775476,42.267449739370605,41.06940825082075,1.2549179215845882e-06,0.0002585978835978,0.0014527201193867,0.0017364502781169,0.0056778930945597,0.01159768009768,0.0087798466965133,0.0017455569122235,6.378736362848171,0.4399020482124062,0.0946128176332141,5.067874047089567,3.207580660398547,505.0,6.541202007868675,0.01671726635423,0.6142492025389001,1.0,47.0,8.405032039723709,8.846288006164722,25.69882659713168,21.940547588005213,21.0,5.4941798941798945,7.186612395166798,2.742888572040263
D06-20240918-36W,D06,4,NO,D,252,8.499,2,23.086,4,6.5,6.58,0.2253,1.61,D06,20240918,36,2024-09-18,campaign_2,D,D_NO,no_treatment_control,False,D,4,5.0,36,252,D06-20240918-36W.png,Data/Images_dataset/D06-20240918-36W.png,True,2835.0,650.0,,D06-20240918-36W,0.2253,22.53,6.58,True,True,8.498602631935965,0.0,1.7246506579839913,158.08564862298195,34.01935101091182,108.0,198.0,34.01935101091182,186.19152082485417,156.55446045312712,96.81763559896892,30.942659346278372,37.257656233937915,30.553393321904583,2.357210690544024e-06,0.0001948005698005,0.0021122812372812,0.0025321360738027,0.0095788054538054,0.0119017941934608,0.0049046431963098,2.3182064848731517e-05,5.057919865307763,0.4862895234890202,0.1065176758264442,5.053388943210432,3.1446017227366867,647.0,6.328259394926062,0.013135398194646,0.623829635096474,1.0,47.0,8.504563233376793,8.654035837609753,26.70013037809648,24.614863102998697,22.0,6.493121693121693,7.6098183608911025,1.9673004690318052
E01-20240110-0W,E01,4,SA,SA,0,0.0,1,0.001,1,18.99,6.22,,,E01,20240110,0,2024-01-10,campaign_2,E,E_SA_SPRAY,surface_inhibitor_spray_campaign2,SA,SA,4,5.0,36,252,E01-20240110-0W.png,Data/Images_dataset/E01-20240110-0W.png,True,2835.0,650.0,,E01-20240110-0W,,,6.22,False,False,0.0001085334418667,0.0,0.0008682675349342,200.1464192104192,14.478071387589688,181.0,218.0,14.478071387589688,218.36474074074073,198.80148582281916,163.42733631800297,14.024006401043245,14.78424662425564,14.429135566642648,0.0,0.0,0.0,1.6958350291683625e-06,0.0001170634920634,0.0080928469678469,0.0217852903269569,0.0012531033781033,1.8881715624371889,0.6099469950894336,0.2019699633207533,5.073117758529684,3.0703279739516818,1.0,0.0001085334418667,0.0001085334418667,1.0,1.0,47.0,0.0001109600821104,0.0005263298832425,0.0026075619295958,0.0,0.0,18.48042328042328,18.785185185185185,218.29682746631897
E01-20240124-2W,E01,4,SA,SA,14,0.0,1,0.0,1,1.51,6.22,,,E01,20240124,2,2024-01-24,campaign_2,E,E_SA_SPRAY,surface_inhibitor_spray_campaign2,SA,SA,4,5.0,36,252,E01-20240124-2W.png,Data/Images_dataset/E01-20240124-2W.png,True,2835.0,650.0,,E01-20240124-2W,,,6.22,False,False,0.0,0.0,0.0008682675349342,214.10559924026592,20.094446135712193,186.0,238.0,20.094446135712193,227.27990937457605,211.7642083842084,196.2378423551757,19.580404887147488,20.41396044944002,20.675171140025785,0.0,0.0,5.0875050875050885e-08,2.0858770858770857e-06,0.0003012142178808,0.0038464421381088,0.0167861382444715,0.0103140686474019,7.413310640299681,0.4311653481048517,0.1348997896945672,4.936054409995933,2.990603196317691,0.0,0.0,0.0,0.0,0.0,47.0,0.0,0.0,0.0,0.0,0.0,0.4994708994708994,0.0,1.0
E01-20240207-4W,E01,4,SA,SA,28,0.0,1,0.003,1,18.99,6.22,,,E01,20240207,4,2024-02-07,campaign_2,E,E_SA_SPRAY,surface_inhibitor_spray_campaign2,SA,SA,4,5.0,36,252,E01-20240207-4W.png,Data/Images_dataset/E01-20240207-4W.png,True,2835.0,650.0,,E01-20240207-4W,,,6.22,False,False,0.0004341337674671,0.0,0.0043956043956043,186.92404341337675,20.649281216986697,159.0,212.0,20.649281216986697,205.4343530050197,184.64376556776557,154.72138163071497,19.96733525885474,21.052677804389543,21.05397000022192,0.0,0.0,9.327092660425992e-07,2.6743318409985076e-05,0.0032475919142585,0.014291514041514,0.0127049586216252,0.000978259394926,6.538570891195095,0.4225584160562481,0.1263248672359214,4.941955748613358,3.05696921476078,6.0,0.0001628001628001,7.235562791118345e-05,0.1666666666666666,1.0,47.0,0.0004438403284418,0.0018492422327941,0.0091264667535853,0.0,0.0,18.48042328042328,17.297354497354497,14.143141834890692
E01-20240221-6W,E01,4,SA,SA,42,0.04,1,0.324,1,1.51,6.22,,,E01,20240221,6,2024-02-21,campaign_2,E,E_SA_SPRAY,surface_inhibitor_spray_campaign2,SA,SA,4,5.0,36,252,E01-20240221-6W.png,Data/Images_dataset/E01-20240221-6W.png,True,2835.0,650.0,,E01-20240221-6W,,,6.22,False,False,0.0404287070953737,0.0,0.0011938678605345,208.2990687830688,22.548133070834805,178.0,236.0,22.548133070834805,222.67019291819292,205.7360417853751,188.8390237416904,21.32696861565546,23.012999993209085,24.694889937362134,0.0,1.1192511192511193e-06,7.037715371048705e-06,2.0706145706145708e-05,0.0005306606973273,0.0067304300637633,0.0157390109890109,0.0082210351377018,7.351734178724071,0.428466981586185,0.1195064943238788,4.701186324815907,2.6318396550075245,4.0,0.0374440374440374,0.0101071767738434,0.9563655750052736,1.0,47.0,0.0412494105245637,0.1819055901868863,0.9048239895697524,0.0078226857887874,0.0,1.4984126984126984,1.7148141046127623,80781.0956106041
E01-20240306-8W,E01,4,SA,SA,56,0.659,1,5.279,2,1.51,6.22,,,E01,20240306,8,2024-03-06,campaign_2,E,E_SA_SPRAY,surface_inhibitor_spray_campaign2,SA,SA,4,5.0,36,252,E01-20240306-8W.png,Data/Images_dataset/E01-20240306-8W.png,True,2835.0,650.0,,E01-20240306-8W,,,6.22,False,False,0.6591778591778592,0.0,0.0004884004884004,213.6312733686067,24.34178870771972,183.0,244.0,24.34178870771972,225.75272229005563,212.27558323158323,191.77556152489487,20.03758668237082,26.10677407975567,31.24315491408202,0.0,0.0,3.3289241622574954e-05,0.0002537477954144,0.0003233279066612,0.004497388414055,0.0149969135802469,0.0111453330619997,5.021689219289535,0.4589642017411033,0.1255242971417609,5.148121868699542,3.230527033279317,14.0,0.5172161172161173,0.0470841327984185,0.7415329382547251,0.95653508534399,47.0,0.6394352131820578,1.9922707858755817,8.951760104302476,1.1335071707953026,3.0,1.4984126984126984,1.3503101991782325,1252228.2924815298
E01-20240320-10W,E01,4,SA,SA,70,1.049,1,8.392,2,1.51,6.22,,,E01,20240320,10,2024-03-20,campaign_2,E,E_SA_SPRAY,surface_inhibitor_spray_campaign2,SA,SA,4,5.0,36,252,E01-20240320-10W.png,Data/Images_dataset/E01-20240320-10W.png,True,2835.0,650.0,,E01-20240320-10W,,,6.22,False,False,1.0491385158051825,0.0,0.0087369420702754,193.087162664496,25.907566268785367,162.0,224.0,25.907566268785367,209.4010120743454,191.04018884818885,164.75865364265366,23.53738681335755,27.025331858042463,29.955888651348257,0.0,2.031610364943698e-05,0.0001198616198616,0.0003013838013838,0.0023696581196581,0.0109975410392077,0.0142689085605752,0.003172330755664,8.731483033418844,0.3742923419247198,0.1062613632124394,5.099768965189025,3.2469303685780315,42.0,1.0183150183150182,0.0249794884715519,0.6803483966111388,1.0,47.0,0.9925379344780716,2.9989107466754987,12.132985658409387,1.819817470664923,4.0,0.9989417989417988,1.2476550088302016,8533.701984406604
E01-20240405-12W,E01,4,SA,SA,84,1.081,1,8.614,2,1.51,6.22,,,E01,20240405,12,2024-04-05,campaign_2,E,E_SA_SPRAY,surface_inhibitor_spray_campaign2,SA,SA,4,5.0,36,252,E01-20240405-12W.png,Data/Images_dataset/E01-20240405-12W.png,True,2835.0,650.0,,E01-20240405-12W,,,6.22,False,False,1.0808845475512143,0.0,0.0128069461402794,186.90836412969747,24.48310493891856,158.0,216.0,24.48310493891856,198.0790763804097,185.7761611721612,166.62065554198887,22.286498899176927,25.568094075247185,28.04472325305744,0.0,3.1542531542531545e-05,0.0001461301044634,0.0002752849002849,0.0032317867317867,0.0136872880206213,0.0123483245149911,0.0015296431963098,7.084509875051104,0.4130033210659161,0.1144057409612134,5.021416148208399,3.1151269330957225,22.0,1.0588522588522589,0.0491311157977824,0.780457531895739,1.0,47.0,1.0370884074454214,3.1055032714227924,12.541069100391134,2.122555410690998,4.0,1.4984126984126984,1.3418014919370478,2030965.7979139504
E01-20240417-14W,E01,4,SA,SA,98,1.163,1,9.167,2,1.51,6.22,,,E01,20240417,14,2024-04-17,campaign_2,E,E_SA_SPRAY,surface_inhibitor_spray_campaign2,SA,SA,4,5.0,36,252,E01-20240417-14W.png,Data/Images_dataset/E01-20240417-14W.png,True,2835.0,650.0,,E01-20240417-14W,,,6.22,False,False,1.1625559625559625,0.0,0.2658526658526658,160.36782851716185,22.663849018601834,132.0,187.0,22.663849018601834,175.80811992945326,159.42406349206348,128.85985944919278,21.754327469313058,23.265975800071057,23.547012406406296,0.0,4.0920499253832585e-05,0.0002761158594491,0.001868199701533,0.0120201126034459,0.0150230124813458,0.0019375254375254,8.411341744675078e-05,6.074576425834679,0.4490469710655349,0.1273428547469276,4.917485095226146,2.949142379315393,49.0,1.12342965676299,0.0237256318888971,0.6855433977770248,1.0,47.0,1.1155094454769896,3.2473143980017585,13.200782268578878,3.349152542372873,5.0,1.4984126984126984,1.482361117594278,591.7653073212341
E01-20240522-19W,E01,4,SA,SA,133,1.208,1,4.038,1,4.0,6.22,,,E01,20240522,19,2024-05-22,campaign_2,E,E_SA_SPRAY,surface_inhibitor_spray_campaign2,SA,SA,4,5.0,36,252,E01-20240522-19W.png,Data/Images_dataset/E01-20240522-19W.png,True,2835.0,650.0,,E01-20240522-19W,,,6.22,False,False,1.207977207977208,0.0,0.4609415276081942,151.36302211368877,22.473273402290747,125.0,179.0,22.473273402290747,163.97342070275403,151.86289947089946,120.3591279337946,23.34370441267195,22.955814631500424,23.497722728024403,4.07000407000407e-07,2.660765160765161e-05,0.0002612603445936,0.0035021706688373,0.0175409544159544,0.0084282831366164,0.0013149165649165,0.0001754002170668,5.903866124995252,0.4973943180767844,0.1421736789064096,5.156593145101976,3.1711843205121144,187.0,0.3960927960927961,0.0064597711656535,0.6158467473464366,1.0,47.0,1.0795583788732002,2.00701983876938,8.423728813559322,4.670925684485005,5.0,4.495238095238095,8.391747743122407,8.766652669747131
E01-20240529-20W,E01,4,SA,SA,140,0.945,1,3.463,1,1.51,6.22,,,E01,20240529,20,2024-05-29,campaign_2,E,E_SA_SPRAY,surface_inhibitor_spray_campaign2,SA,SA,4,5.0,36,252,E01-20240529-20W.png,Data/Images_dataset/E01-20240529-20W.png,True,2835.0,650.0,,E01-20240529-20W,,,6.22,False,False,0.9454890788224122,0.0,0.4557861891195224,151.04311979378647,16.123332769057686,135.0,170.0,16.123332769057686,162.41535856735857,151.32708234974902,124.78360873694209,14.757725389577146,17.011409425623228,18.327391021310856,8.479175145841814e-08,3.2220865554198887e-06,0.0001900522317188,0.0012106227106227,0.0222853072853072,0.0070569461402794,0.0005009496676163,2.8150861484194817e-06,3.7818025145901992,0.5325100162766703,0.1927626077330369,5.279188695734941,3.3331064428780497,352.0,0.3251661918328585,0.0026860485193818,0.5756557999369631,1.0,47.0,0.8319509556437071,1.6962678777036158,7.427640156453716,3.9136897001303774,1.0,1.4984126984126984,8.755009540086736,56.637645617154966
E01-20240619-23W,E01,4,SA,SA,161,3.33,1,12.751,3,1.51,6.22,,,E01,20240619,23,2024-06-19,campaign_2,E,E_SA_SPRAY,surface_inhibitor_spray_campaign2,SA,SA,4,5.0,36,252,E01-20240619-23W.png,Data/Images_dataset/E01-20240619-23W.png,True,2835.0,650.0,,E01-20240619-23W,,,6.22,False,False,3.329534662867996,0.0,0.7021028354361688,147.19400949667616,23.228398527506595,124.0,175.0,23.228398527506595,163.14466096866096,147.74139248405916,107.15071604938272,22.23300328402593,24.43062486310317,24.274801390381953,1.3397096730430063e-06,0.0001994132410799,0.0007069257902591,0.0033268382851716,0.018848375390042,0.0072965676299009,0.0008403032153032,3.0236738570071905e-05,5.532240844161405,0.4656805684615164,0.1390491578912509,5.157648809781339,3.216173634091202,354.0,1.5437796771130103,0.0094054651493446,0.631487930592845,1.0,47.0,3.1155094454769894,4.777914065082623,16.371577574967404,11.49986962190352,11.0,1.9978835978835976,6.720795578166617,15.917036978449463
E01-20240626-24W,E01,4,SA,SA,168,4.772,1,16.553,3,1.51,6.22,,,E01,20240626,24,2024-06-26,campaign_2,E,E_SA_SPRAY,surface_inhibitor_spray_campaign2,SA,SA,4,5.0,36,252,E01-20240626-24W.png,Data/Images_dataset/E01-20240626-24W.png,True,2835.0,650.0,,E01-20240626-24W,,,6.22,False,False,4.771564238230905,0.0,0.6621082621082621,144.1254174467508,23.49426871110858,114.0,167.0,23.49426871110858,163.26583367250035,141.00767711301046,114.86408791208792,21.39497479835345,24.677021975704612,26.29252685487773,1.3905847239180571e-06,0.0002837132003798,0.0008113722697056,0.0054276726360059,0.0181248643331976,0.0061565425315425,0.0004009123592456,4.3532085198751865e-05,2.443072534541297,0.6254071973547218,0.1864743822693209,5.025759948774304,2.930999758131818,139.0,2.0936100936100934,0.0343278002750424,0.6849672745753019,1.0,47.0,4.572831423895253,5.996833911529007,20.78096479791395,14.154889178617989,16.0,1.9978835978835976,7.827690380633699,6.700430234096586
E01-20240710-26W,E01,4,SA,SA,182,3.044,1,8.568,2,1.51,6.22,,,E01,20240710,26,2024-07-10,campaign_2,E,E_SA_SPRAY,surface_inhibitor_spray_campaign2,SA,SA,4,5.0,36,252,E01-20240710-26W.png,Data/Images_dataset/E01-20240710-26W.png,True,2835.0,650.0,,E01-20240710-26W,,,6.22,False,False,3.0443087776421107,0.0,1.580681047347714,139.80426210826212,18.73181694379069,121.0,160.0,18.73181694379069,155.78298629765297,140.7930641703975,97.41321557454891,16.652073249327408,20.091211735798932,20.732920214134765,0.0,6.639194139194139e-05,0.000986399403066,0.0044143603310269,0.0224783781033781,0.0031895604395604,0.0001144688644688,4.4091710758377425e-07,2.783168095370933,0.5686166481025352,0.1860326008049392,5.139408308600206,3.139240152933461,392.0,0.9139058472391806,0.0077660938205155,0.7179325111042292,1.0,47.0,2.9013287469832725,3.802026603955575,13.5632333767927,8.886049543676663,12.0,1.9978835978835976,10.100487997833762,6.648252664428532
E01-20240724-28W,E01,4,SA,SA,196,4.921,1,10.519,2,21.49,6.22,,,E01,20240724,28,2024-07-24,campaign_2,E,E_SA_SPRAY,surface_inhibitor_spray_campaign2,SA,SA,4,5.0,36,252,E01-20240724-28W.png,Data/Images_dataset/E01-20240724-28W.png,True,2835.0,650.0,,E01-20240724-28W,,,6.22,False,False,4.921448921448921,0.0,0.4351648351648352,147.58580979514312,23.9782738990537,120.0,174.0,23.9782738990537,170.79637932437933,145.73416198616198,100.0540757020757,20.942644145449535,25.572971398919105,26.14073657175988,2.357210690544024e-06,0.0002230701397368,0.0008976224392891,0.003527794736128,0.0174439187355854,0.0084193291276624,0.000722154388821,1.375322208655542e-05,3.8983951121140823,0.5088554117791072,0.1449283847722905,5.108906521757941,3.151186122126634,561.0,1.9038393705060372,0.0087726362236166,0.6030822634871762,1.0,47.0,4.710394185691698,5.488293416319859,17.331160365058672,14.191655801825291,16.0,23.475132275132275,12.947206560403163,3.794842924490088
E01-20240807-30W,E01,4,SA,SA,210,4.181,1,10.371,2,1.51,6.22,,,E01,20240807,30,2024-08-07,campaign_2,E,E_SA_SPRAY,surface_inhibitor_spray_campaign2,SA,SA,4,5.0,36,252,E01-20240807-30W.png,Data/Images_dataset/E01-20240807-30W.png,True,2835.0,650.0,,E01-20240807-30W,,,6.22,False,False,4.181088047754714,0.0,0.0889974223307556,173.28403690137023,33.863226870084375,132.0,215.0,33.863226870084375,201.33566083299417,171.62243766110433,112.46719359652693,31.8741629341194,36.62802319946052,32.122324993292914,0.0,7.005494505494506e-05,0.00067558675892,0.001758954008954,0.0075146180979514,0.0122788122371455,0.0067594966761633,0.0021924772758106,6.7004000136286805,0.4266709426880288,0.0948198222796441,5.1019495184611525,3.2375509883291067,301.0,1.3668159001492337,0.0138906579659625,0.6302324389909738,1.0,47.0,4.078365557990513,5.26684993208496,16.924380704041724,12.588787483702736,17.0,4.495238095238095,10.122465288314704,8.136947739360807
E01-20240902-33W,E01,4,SA,SA,231,3.13,1,9.995,2,1.51,6.22,,,E01,20240902,33,2024-09-02,campaign_2,E,E_SA_SPRAY,surface_inhibitor_spray_campaign2,SA,SA,4,5.0,36,252,E01-20240902-33W.png,Data/Images_dataset/E01-20240902-33W.png,True,2835.0,650.0,,E01-20240902-33W,,,6.22,False,False,3.129887396554063,0.0,0.0506308506308506,186.3260811287478,30.60640007638156,147.0,220.0,30.60640007638156,208.2812562745896,185.51739302672635,137.39498684032017,25.695237628563504,33.36285084638412,36.19697580884872,0.0,3.071157237823904e-05,0.0005368674535341,0.001004477004477,0.0034427825261158,0.0105356464523131,0.0136588658255324,0.0020406491656491,5.315987557149891,0.4510971337031978,0.1122527654786353,5.087343272733566,3.2137264831950274,183.0,1.1418260751594085,0.0171032098172353,0.6837323588692985,1.0,47.0,3.056756081999501,4.367808315398017,15.019556714471967,9.832855280312906,12.0,4.495238095238095,8.237855034748021,12.241845001993209
E01-20240918-36W,E01,4,SA,SA,252,2.707,1,8.301,2,1.51,6.22,0.3889,1.7,E01,20240918,36,2024-09-18,campaign_2,E,E_SA_SPRAY,surface_inhibitor_spray_campaign2,SA,SA,4,5.0,36,252,E01-20240918-36W.png,Data/Images_dataset/E01-20240918-36W.png,True,2835.0,650.0,,E01-20240918-36W,0.3889,38.89,6.22,True,True,2.7072039072039074,0.0,0.704382037715371,174.29524189390855,25.329651346300704,144.0,199.0,25.329651346300704,197.50566490299823,174.30528829195495,118.25970804504138,22.387558374485803,27.514379846541356,25.41551830525384,0.0,2.1604938271604937e-05,0.0006533374033374,0.0011600868267534,0.0043940781440781,0.0177426400759734,0.0072026522859856,7.56003256003256e-05,2.7975722288287304,0.5554378024992159,0.1604182551076314,4.998528991840232,2.9968641762111075,204.0,0.881345814679148,0.0132706073882544,0.7121068073522406,1.0,47.0,2.5739687647368856,3.380755709791752,11.173402868318124,7.389048239895696,13.0,1.4984126984126984,9.943487307770589,8.13024658101527
E02-20240110-0W,E02,4,SA,SA,0,0.066,1,0.163,1,4.0,4.35,,,E02,20240110,0,2024-01-10,campaign_2,E,E_SA_SPRAY,surface_inhibitor_spray_campaign2,SA,SA,4,5.0,36,252,E02-20240110-0W.png,Data/Images_dataset/E02-20240110-0W.png,True,2835.0,650.0,,E02-20240110-0W,,,4.35,False,False,0.0663139329805996,0.0,0.0296296296296296,211.1244411884412,20.683142878807637,183.0,235.0,20.683142878807637,224.4956510649844,210.85135531135532,181.83719386786052,19.901551983347623,21.00299074891288,21.649064217154788,1.0090218423551756e-05,6.902048568715236e-06,9.835843169176502e-06,1.1175552842219509e-05,0.0005484160900827,0.0044029982363315,0.0171241520824854,0.0091364299280965,4.360982560784368,0.5183483795140708,0.1544677405108769,4.964496785414521,3.0223057195009377,24.0,0.0198616198616198,0.0027630805408583,0.4608244746551701,1.0,47.0,0.0677966101694915,0.112598004224554,0.4889178617992177,0.244328552803129,0.0,3.995767195767195,7.191215718875294,1.461251924643386
E02-20240124-2W,E02,4,SA,SA,14,0.005,1,0.034,1,6.5,4.35,,,E02,20240124,2,2024-01-24,campaign_2,E,E_SA_SPRAY,surface_inhibitor_spray_campaign2,SA,SA,4,5.0,36,252,E02-20240124-2W.png,Data/Images_dataset/E02-20240124-2W.png,True,2835.0,650.0,,E02-20240124-2W,,,4.35,False,False,0.0045584045584045,0.0,0.0357617690951024,232.22817690951024,22.50994765576117,197.0,254.0,22.50994765576117,239.0852041785375,231.5888807488807,221.71901722968389,21.0204461466063,23.164664637878943,23.856106802065767,0.0,5.935422602089269e-07,6.9529236195902864e-06,1.785714285714286e-05,6.847781847781848e-05,0.0021442307692307,0.0067824243657576,0.0222294634377967,6.752297103227354,0.5040822726707239,0.2376475916937035,5.031107496084522,2.9417716327576047,3.0,0.0042870709537376,0.0015194681861348,0.8948811418959347,1.0,47.0,0.0046603234486393,0.0191988199095656,0.1029986962190352,0.0031290743155149,0.0,5.993650793650794,6.001108591584782,7.509307156795455
E02-20240207-4W,E02,4,SA,SA,28,0.107,1,0.256,1,4.0,4.35,,,E02,20240207,4,2024-02-07,campaign_2,E,E_SA_SPRAY,surface_inhibitor_spray_campaign2,SA,SA,4,5.0,36,252,E02-20240207-4W.png,Data/Images_dataset/E02-20240207-4W.png,True,2835.0,650.0,,E02-20240207-4W,,,4.35,False,False,0.1065255731922398,0.0,0.030389363722697,195.0274589607923,30.543105880436308,156.0,236.0,30.543105880436308,209.9297614977615,193.3145168905169,169.08040374440375,28.556973619575757,31.290362914471157,32.88550011465745,1.1531678198344863e-05,1.385497218830552e-05,1.3447971781305116e-05,4.293854293854294e-05,0.0041470797720797,0.0106468423551756,0.0092373829873829,0.007136921720255,9.604770598728267,0.3726252273481657,0.0932220093723393,4.99143354071664,3.151938719161861,21.0,0.0229548229548229,0.0050726463424876,0.6829680942519024,1.0,47.0,0.1083525201808649,0.1767602248904594,0.7027379400260756,0.4159061277705345,0.0,4.495238095238095,10.002058182190632,1.0466206985703923
E02-20240221-6W,E02,4,SA,SA,42,0.073,1,0.247,1,13.99,4.35,,,E02,20240221,6,2024-02-21,campaign_2,E,E_SA_SPRAY,surface_inhibitor_spray_campaign2,SA,SA,4,5.0,36,252,E02-20240221-6W.png,Data/Images_dataset/E02-20240221-6W.png,True,2835.0,650.0,,E02-20240221-6W,,,4.35,False,False,0.0731515398182064,0.0,0.0524216524216524,225.44750128883464,25.872200699815192,189.0,254.0,25.872200699815192,233.34722995522995,224.4705934065934,213.74154226020892,23.367547729127388,26.785116965116153,28.89270712587176,0.0,9.140550807217474e-06,2.01973951973952e-05,5.501288834622168e-05,0.0001702618369285,0.0033277031610364,0.0096205738705738,0.0180471102971102,7.361295895301866,0.4904107153868071,0.1979694459013786,4.845552796213452,2.612098270884245,15.0,0.0293582960249626,0.0048767693212137,0.7983281890847522,1.0,47.0,0.0747870953424505,0.1869429929495318,0.727509778357236,0.151238591916558,0.0,13.485714285714286,9.334011586830576,0.4714818245282052
E02-20240306-8W,E02,4,SA,SA,56,0.984,1,2.34,1,6.5,4.35,,,E02,20240306,8,2024-03-06,campaign_2,E,E_SA_SPRAY,surface_inhibitor_spray_campaign2,SA,SA,4,5.0,36,252,E02-20240306-8W.png,Data/Images_dataset/E02-20240306-8W.png,True,2835.0,650.0,,E02-20240306-8W,,,4.35,False,False,0.9841269841269842,0.0,0.0632749966083299,225.2062802876136,31.258873408980374,183.0,253.0,31.258873408980374,235.194278659612,224.56131705331703,206.3935232668566,26.368573339371693,33.242157283271396,37.20451655287776,0.0,1.5025098358431693e-05,0.0001073463573463,0.0004188203771537,0.0006788766788766,0.003140466015466,0.0072458282458282,0.0196436372269705,7.357175808439631,0.4987964718394468,0.2275616427663727,5.112809019875916,3.0135507082465427,59.0,0.2446343779677113,0.0166801183750336,0.6264088314391509,1.0,47.0,0.9819135066159952,1.4375559301015397,6.910039113428944,2.8219035202086045,1.0,6.493121693121693,11.182447458289754,1.1266158225591236
E02-20240320-10W,E02,4,SA,SA,70,2.769,1,6.681,2,21.49,4.35,,,E02,20240320,10,2024-03-20,campaign_2,E,E_SA_SPRAY,surface_inhibitor_spray_campaign2,SA,SA,4,5.0,36,252,E02-20240320-10W.png,Data/Images_dataset/E02-20240320-10W.png,True,2835.0,650.0,,E02-20240320-10W,,,4.35,False,False,2.7687423687423687,0.0,0.1175417175417175,217.1117438610772,39.02497513625536,163.0,252.0,39.02497513625536,229.57732953466288,216.319069325736,192.3933034866368,31.64603625146956,41.73042737541056,48.73711805277469,3.3238366571699903e-06,3.669787003120336e-05,0.0004322853072853,0.0008703703703703,0.0014947089947089,0.0041122642789309,0.0060608126441459,0.01823953669787,11.353124220928812,0.426304656980581,0.1621889756420145,5.113579135912501,3.2851101830865734,257.0,0.5946547279880613,0.0107733166098924,0.6611304519597734,1.0,47.0,2.757052900219146,3.174782677407367,13.830508474576272,8.074837027379399,8.0,21.47724867724868,12.85052203320367,1.3417822338554202
E02-20240405-12W,E02,4,SA,SA,84,3.581,1,8.832,2,6.5,4.35,,,E02,20240405,12,2024-04-05,campaign_2,E,E_SA_SPRAY,surface_inhibitor_spray_campaign2,SA,SA,4,5.0,36,252,E02-20240405-12W.png,Data/Images_dataset/E02-20240405-12W.png,True,2835.0,650.0,,E02-20240405-12W,,,4.35,False,False,3.580843847510514,0.0,0.3964726631393298,210.7622911409578,40.39916554979094,159.0,249.0,40.39916554979094,220.86179405779407,210.2457207977208,191.73413485280153,32.96332268500779,43.39171995367288,48.97643715964089,3.357753357753358e-06,3.861416361416361e-05,0.0006507766924433,0.0010594559761226,0.0014352191018857,0.0052682302265635,0.0068252611585944,0.0159690849274182,8.938373032272974,0.4442306713831321,0.1290303211788093,4.970225064248445,3.0561509342109887,187.0,0.7802469135802469,0.0191488975802701,0.6608613957423454,1.0,47.0,3.5352991761213897,3.635247529222791,16.40417209908735,8.202868318122555,9.0,6.493121693121693,10.798422047838592,1.0065598938877849
E02-20240417-14W,E02,4,SA,SA,98,4.15,1,8.997,2,6.5,4.35,,,E02,20240417,14,2024-04-17,campaign_2,E,E_SA_SPRAY,surface_inhibitor_spray_campaign2,SA,SA,4,5.0,36,252,E02-20240417-14W.png,Data/Images_dataset/E02-20240417-14W.png,True,2835.0,650.0,,E02-20240417-14W,,,4.35,False,False,4.150047483380816,0.0,0.9433184099850768,197.95890978157644,41.47297541081414,141.0,234.0,41.47297541081414,212.2520347307014,197.93968742368745,165.34248107448107,38.036380108701024,43.370195271698755,43.338878908773594,3.998778998778999e-05,0.0004048466965133,0.0008663512413512,0.0009247218830552,0.0028887701804368,0.0042377560710894,0.0120045787545787,0.0098829873829873,8.459696925779538,0.4903046677210955,0.1380697040587196,4.881644414062838,2.887091238997883,397.0,0.7966897300230633,0.0104535201092715,0.5893561838157058,1.0,47.0,4.107548059585565,3.984573482390075,14.916558018252935,9.890743155149933,14.0,6.992592592592593,11.828480462716488,0.9642670934094434
E02-20240508-17W,E02,4,SA,SA,119,3.186,1,9.583,2,21.49,4.35,,,E02,20240508,17,2024-05-08,campaign_2,E,E_SA_SPRAY,surface_inhibitor_spray_campaign2,SA,SA,4,5.0,36,252,E02-20240508-17W.png,Data/Images_dataset/E02-20240508-17W.png,True,2835.0,650.0,,E02-20240508-17W,,,4.35,False,False,3.185727852394519,0.0,3.134391534391534,184.98140062406728,40.92688354264661,121.0,227.0,40.92688354264661,197.8308495455162,185.03206023606023,155.67883326549992,38.73058925105026,42.660344762827535,41.443757142012814,3.295007461674128e-05,0.000213607380274,0.0010660018993352,0.0023339099172432,0.0034789716456383,0.0065694274860941,0.0135217066883733,0.0040334249084249,9.160966528916816,0.4610202326843653,0.1096793376870316,5.02118251750067,3.1137601974650035,959.0,0.7228327228327228,0.0033219268533832,0.6092581320905852,1.0,47.0,3.124136591861078,3.6460015563131822,16.91134289439374,7.718383311603648,8.0,21.976719576719574,15.4020644339084,1.4077094909884738
E02-20240522-19W,E02,4,SA,SA,133,6.69,2,12.907,3,6.5,4.35,,,E02,20240522,19,2024-05-22,campaign_2,E,E_SA_SPRAY,surface_inhibitor_spray_campaign2,SA,SA,4,5.0,36,252,E02-20240522-19W.png,Data/Images_dataset/E02-20240522-19W.png,True,2835.0,650.0,,E02-20240522-19W,,,4.35,False,False,6.6897300230633565,0.0092253425586758,2.767331433998101,170.76843087776422,46.16998204286518,107.0,223.0,46.16998204286518,185.74653208519877,171.32147605480938,133.2471398724732,44.50454696046737,47.976586291923304,45.44585311351753,0.0001442646859313,0.0008376237959571,0.0013996235246235,0.0030489926739926,0.0056593576176909,0.0077152014652014,0.0097420126170126,0.0027029236195902,10.784366042368886,0.4461458849780993,0.0960143947978834,4.912076976991702,2.963315785066196,509.0,0.9788088454755122,0.0131428880610282,0.5717144925175313,1.0,47.0,6.645454797636551,5.151127229760766,21.79269882659713,13.465449804432854,26.0,6.992592592592593,11.543168126494834,1.0962415165624382
E02-20240529-20W,E02,4,SA,SA,140,3.013,1,7.506,2,21.49,4.35,,,E02,20240529,20,2024-05-29,campaign_2,E,E_SA_SPRAY,surface_inhibitor_spray_campaign2,SA,SA,4,5.0,36,252,E02-20240529-20W.png,Data/Images_dataset/E02-20240529-20W.png,True,2835.0,650.0,,E02-20240529-20W,,,4.35,False,False,3.0129968796635462,0.0,2.1701804368471036,178.90988088454756,33.75714710549652,133.0,215.0,33.75714710549652,191.99403337403336,179.06108533441866,148.54912983312985,30.322086599930408,35.976167867329956,35.480413758236686,1.8688102021435355e-05,5.99647266313933e-05,0.0009749185999185,0.0015986467236467,0.0044757326007326,0.0108014516347849,0.0123224799891466,0.0009981176231176,7.768174997591897,0.4322407437098831,0.1061781498940252,5.062578417714399,3.1967120040455415,1033.0,0.5395740062406729,0.002916744317196,0.5988310255097027,1.0,47.0,3.0455491137063437,2.973215434749966,11.834419817470664,6.941329856584094,9.0,21.976719576719574,14.386874510299462,1.2262160996890097
E02-20240619-23W,E02,4,SA,SA,161,6.32,2,14.389,3,6.5,4.35,,,E02,20240619,23,2024-06-19,campaign_2,E,E_SA_SPRAY,surface_inhibitor_spray_campaign2,SA,SA,4,5.0,36,252,E02-20240619-23W.png,Data/Images_dataset/E02-20240619-23W.png,True,2835.0,650.0,,E02-20240619-23W,,,4.35,False,False,6.320173653506987,0.0103106769773436,1.3242707909374576,171.4280982227649,40.224066895079424,118.0,215.0,40.224066895079424,191.56670194003527,171.4174185320852,123.20089919956588,38.749038899638016,42.172266305152355,38.32629707828584,8.156966490299824e-05,0.0006133835300501,0.0012766754850088,0.0020143128476461,0.0058059455976122,0.010265059015059,0.0098596187762854,0.001333435083435,9.484479870837784,0.4081068094270731,0.0904083051514404,4.954000709545112,3.053829664529476,553.0,1.1131189797856464,0.0114288854493797,0.6181400984532297,1.0,47.0,6.370162833920498,5.313417778011229,23.053455019556715,13.763233376792696,21.0,6.493121693121693,11.824978951143896,1.1208759470879264
E02-20240626-24W,E02,4,SA,SA,168,6.941,2,13.374,3,6.5,4.35,,,E02,20240626,24,2024-06-26,campaign_2,E,E_SA_SPRAY,surface_inhibitor_spray_campaign2,SA,SA,4,5.0,36,252,E02-20240626-24W.png,Data/Images_dataset/E02-20240626-24W.png,True,2835.0,650.0,,E02-20240626-24W,,,4.35,False,False,6.941256274589608,0.0004341337674671,1.5461674128340794,175.08062569529235,45.44012422451456,115.0,228.0,45.44012422451456,196.53871279337943,171.7367152353819,140.4638659611993,43.90008820068062,47.00598549599874,44.50277696693811,5.245217745217745e-05,0.0007345848595848,0.0013014516347849,0.0023256681590014,0.0058594491927825,0.0078640788224121,0.008627849002849,0.0044844661511328,9.731154540919071,0.4535693446274474,0.0900493694806475,4.883859579291666,2.9172438104148632,447.0,0.9876000542667208,0.0155285375270461,0.6031290758605728,1.0,47.0,6.898970845238425,5.243641203733523,22.258148631029982,13.987222946544978,27.0,6.992592592592593,11.372575376453105,1.041821564246048
E02-20240710-26W,E02,4,SA,SA,182,4.343,1,11.844,2,6.5,4.35,,,E02,20240710,26,2024-07-10,campaign_2,E,E_SA_SPRAY,surface_inhibitor_spray_campaign2,SA,SA,4,5.0,36,252,E02-20240710-26W.png,Data/Images_dataset/E02-20240710-26W.png,True,2835.0,650.0,,E02-20240710-26W,,,4.35,False,False,4.342585809252475,0.0,3.31982091982092,170.52777696377697,36.80547460139613,118.0,207.0,36.80547460139613,188.83950400217063,171.77837959571292,120.52699715099716,35.54469300390201,38.70571534810572,33.28067212127338,1.4109347442680776e-05,0.0003230735314068,0.0016845916429249,0.0020351716185049,0.0049746811830145,0.0115285409035409,0.0105615927282593,0.0001282390449057,8.02106825751102,0.4614527035503469,0.1155484161816911,4.9424835809530405,3.021901084485053,1016.0,1.1362366029032696,0.004274198631154,0.6295844270870937,1.0,47.0,4.38106466198785,4.352064279495226,19.40417209908735,10.194002607561927,13.0,6.493121693121693,10.5795210332056,0.726468224637005
E02-20240724-28W,E02,4,SA,SA,196,9.456,2,18.882,3,6.5,4.35,,,E02,20240724,28,2024-07-24,campaign_2,E,E_SA_SPRAY,surface_inhibitor_spray_campaign2,SA,SA,4,5.0,36,252,E02-20240724-28W.png,Data/Images_dataset/E02-20240724-28W.png,True,2835.0,650.0,,E02-20240724-28W,,,4.35,False,False,9.456084656084656,0.0022792022792022,0.8168226834893502,160.16405915072582,39.198850827456894,105.0,201.0,39.198850827456894,188.12214027947363,157.75489404422737,103.45599077465744,38.21763864528548,41.05498330175655,34.55632555855716,7.882241215574549e-05,0.0010277099443766,0.0015685965269298,0.0024940645773979,0.0072892924976258,0.0120598460181793,0.0066638007054673,6.786731786731787e-05,6.767674514156582,0.4544284755165818,0.1039119971206695,4.936409182552112,3.017082367502125,560.0,1.6394519061185728,0.016885865457294,0.6430793913531411,1.0,47.0,9.496158007156923,6.77322967982757,28.3767926988266,19.084224250325946,32.0,6.493121693121693,12.170511478419566,0.9167109701439836
E02-20240807-30W,E02,4,SA,SA,210,6.552,2,13.017,3,6.5,4.35,,,E02,20240807,30,2024-08-07,campaign_2,E,E_SA_SPRAY,surface_inhibitor_spray_campaign2,SA,SA,4,5.0,36,252,E02-20240807-30W.png,Data/Images_dataset/E02-20240807-30W.png,True,2835.0,650.0,,E02-20240807-30W,,,4.35,False,False,6.552055352055353,0.0,0.5813051146384479,192.29808004341336,41.35345136136173,134.0,232.0,41.35345136136173,223.99459937593272,190.9630937457604,120.33599348799348,37.65674591927899,45.29875855413648,37.09311472402137,2.881223714557048e-05,0.0002450820784154,0.0013038088454755,0.0012618538868538,0.0023610263193596,0.0064114434947768,0.0126333943833943,0.0070045787545787,7.323324486963061,0.4695805562992601,0.111560150841713,4.993181444530013,3.0995027718957493,224.0,1.187138787138787,0.0292502471073899,0.6693318389091153,1.0,47.0,6.5133013398429895,5.168269115815787,21.70013037809648,13.691264667535853,25.0,6.493121693121693,11.74196504548175,1.07455895469241
E02-20240902-33W,E02,4,SA,SA,231,6.545,2,14.26,3,6.5,4.35,,,E02,20240902,33,2024-09-02,campaign_2,E,E_SA_SPRAY,surface_inhibitor_spray_campaign2,SA,SA,4,5.0,36,252,E02-20240902-33W.png,Data/Images_dataset/E02-20240902-33W.png,True,2835.0,650.0,,E02-20240902-33W,,,4.35,False,False,6.544892144892145,0.0,0.9506986840320172,192.28756478089812,42.3685188914152,129.0,234.0,42.3685188914152,218.62103757970425,190.89029385429384,134.87931135531136,38.136197434473864,45.65438847383111,41.962929883979264,2.684506851173518e-05,0.00038081671415,0.0013456959706959,0.0012886989553656,0.0021112298195631,0.0059092558675892,0.0131710588793922,0.007016398724732,7.106719424300076,0.4654058187662553,0.1103924769661317,5.0081684217813045,3.1351294615497407,476.0,1.209659476326143,0.0137497734136389,0.6382090111746898,1.0,47.0,6.502954312186192,5.404983958810264,23.67926988265971,12.882659713168188,23.0,6.493121693121693,10.945818993272686,0.9785344315200226
E02-20240918-36W,E02,4,SA,SA,252,3.178,1,6.874,2,6.5,4.35,0.2531,1.79,E02,20240918,36,2024-09-18,campaign_2,E,E_SA_SPRAY,surface_inhibitor_spray_campaign2,SA,SA,4,5.0,36,252,E02-20240918-36W.png,Data/Images_dataset/E02-20240918-36W.png,True,2835.0,650.0,,E02-20240918-36W,0.2531,25.31,4.35,True,True,3.177696377696378,0.0,3.249057115723782,188.8274128340795,38.299064084155575,134.0,224.0,38.299064084155575,213.985024013024,188.93282973816304,126.8674649301316,37.366871206195945,40.66719540212421,32.07952019344693,1.997693664360331e-05,7.012277845611179e-05,0.0014390856057522,0.0012835775335775,0.0027097239180572,0.0065717338217338,0.0155811965811965,0.0035745828245828,6.081136726914679,0.5281305055172754,0.1409200014701614,5.02624451616811,3.063922774417358,908.0,0.3957671957671957,0.003499665614203,0.6585458264062714,1.0,47.0,3.179477932813671,2.4281394742879097,11.747066492829203,5.926727509778356,8.0,6.493121693121693,10.644376803572118,1.0493304051548862
E03-20240110-0W,E03,4,SA,SA,0,0.013,1,0.054,1,13.99,3.56,,,E03,20240110,0,2024-01-10,campaign_2,E,E_SA_SPRAY,surface_inhibitor_spray_campaign2,SA,SA,4,5.0,36,252,E03-20240110-0W.png,Data/Images_dataset/E03-20240110-0W.png,True,2835.0,650.0,,E03-20240110-0W,,,3.56,False,False,0.0126984126984126,0.0,0.0094966761633428,212.03490869624204,15.811086929491866,192.0,229.0,15.811086929491866,223.2900111246778,211.80817799484467,187.6379541446208,14.955141948549793,16.168421678970198,16.52351306629931,5.42667209333876e-07,1.9162935829602495e-06,2.849002849002849e-06,7.427757427757428e-06,0.0003037579704246,0.0027488468321801,0.0211606973273639,0.0070239621489621,2.742631968707444,0.5916053070935311,0.2118422804238265,5.060977614717004,3.0887760429722846,8.0,0.0033102699769366,0.0015873015873015,0.6628353477867772,1.0,47.0,0.0129823296069239,0.0285390215588633,0.1290743155149935,0.0388526727509778,0.0,12.986243386243386,14.75309546420657,0.3304937090818336
E03-20240124-2W,E03,4,SA,SA,14,0.004,1,0.027,1,9.0,3.56,,,E03,20240124,2,2024-01-24,campaign_2,E,E_SA_SPRAY,surface_inhibitor_spray_campaign2,SA,SA,4,5.0,36,252,E03-20240124-2W.png,Data/Images_dataset/E03-20240124-2W.png,True,2835.0,650.0,,E03-20240124-2W,,,3.56,False,False,0.0039614706281372,0.0,0.0037444037444037,233.00945814679147,22.54761413882007,199.0,254.0,22.54761413882007,237.3601584588251,232.66809062542396,227.0999842626509,21.39289565329813,23.02502688443806,23.928340292688254,0.0,0.0,5.257088590421924e-07,1.7517975851309185e-05,0.0001753832587165,0.0019155474155474,0.0063459164292497,0.0227951092117758,5.957637588084447,0.5519140702877956,0.2662660545092499,5.140844704803274,2.9477092263970692,3.0,0.00336453669787,0.001320490209379,0.570588666060697,0.9354143466934852,47.0,0.0040500429970318,0.0164438667529072,0.0808344198174706,0.0,0.0,9.989417989417989,9.326781184315433,0.1701449419871914
E03-20240207-4W,E03,4,SA,SA,28,0.152,1,0.438,1,11.5,3.56,,,E03,20240207,4,2024-02-07,campaign_2,E,E_SA_SPRAY,surface_inhibitor_spray_campaign2,SA,SA,4,5.0,36,252,E03-20240207-4W.png,Data/Images_dataset/E03-20240207-4W.png,True,2835.0,650.0,,E03-20240207-4W,,,3.56,False,False,0.1517297517297517,0.0,0.010364943698277,218.55662352462352,26.018940861103776,180.0,246.0,26.018940861103776,228.44389852123183,217.66481617148284,201.262161986162,23.94189087089891,26.706755665665952,29.132902867212472,7.292090625423958e-07,3.2390449057115725e-06,2.4148690815357483e-05,6.53574820241487e-05,0.0007300739384072,0.0044069834486501,0.0094442748609415,0.0165751933251933,8.198699091640421,0.4168916387028527,0.1281402570924938,5.039457630638504,3.231809279220093,23.0,0.0489485822819156,0.0065969457273805,0.7753289026874086,1.0,47.0,0.1551221947904241,0.3146030106297862,1.1760104302477183,0.590612777053455,0.0,9.989417989417989,11.119467720326089,0.3008330985283464
E03-20240221-6W,E03,4,SA,SA,42,0.177,1,0.454,1,4.0,3.56,,,E03,20240221,6,2024-02-21,campaign_2,E,E_SA_SPRAY,surface_inhibitor_spray_campaign2,SA,SA,4,5.0,36,252,E03-20240221-6W.png,Data/Images_dataset/E03-20240221-6W.png,True,2835.0,650.0,,E03-20240221-6W,,,3.56,False,False,0.1769095102428435,0.0,0.0411341744675078,233.1390932030932,26.764516715623476,195.0,255.0,26.764516715623476,238.2320407000407,232.73405128205127,225.2476749423416,23.298767233852857,27.793366386844273,31.75079139153909,0.0,0.0,2.101139601139601e-05,0.0001356837606837,0.0003722018722018,0.0021107041107041,0.0066889329805996,0.0219214658797992,7.860461592594085,0.5641338890028729,0.3585379818218697,5.222407780767866,2.6092448131914807,31.0,0.0433048433048433,0.0057067583949304,0.7261370484363836,1.0,47.0,0.180864933840051,0.317368668610015,1.2138200782268578,0.6628422425032595,0.0,9.989417989417989,10.062871425325412,0.5829445873888836
E03-20240306-8W,E03,4,SA,SA,56,1.938,1,4.575,1,9.0,3.56,,,E03,20240306,8,2024-03-06,campaign_2,E,E_SA_SPRAY,surface_inhibitor_spray_campaign2,SA,SA,4,5.0,36,252,E03-20240306-8W.png,Data/Images_dataset/E03-20240306-8W.png,True,2835.0,650.0,,E03-20240306-8W,,,3.56,False,False,1.937701804368471,0.0,0.0001628001628001,232.2452958892959,34.72942843002262,181.0,255.0,34.72942843002262,243.5993471713472,231.01954795821464,212.4755343915344,20.174607817870523,39.72144563970814,54.20655952095063,0.0,1.3736263736263736e-06,4.917921584588251e-05,0.0008872439289105,0.001303842762176,0.0013986568986568,0.0034478191561524,0.0241618844118844,4.365683229051323,0.6462518922942572,0.4130377630793609,5.446312528663027,3.0538171664313376,235.0,0.5080993080993081,0.0082455395930573,0.7583393045338359,1.0,47.0,1.9800826652611725,1.787495421940158,5.280312907431552,4.448500651890482,2.0,9.989417989417989,10.115899021178096,0.5742959060899466
E03-20240320-10W,E03,4,SA,SA,70,3.923,1,7.998,2,9.0,3.56,,,E03,20240320,10,2024-03-20,campaign_2,E,E_SA_SPRAY,surface_inhibitor_spray_campaign2,SA,SA,4,5.0,36,252,E03-20240320-10W.png,Data/Images_dataset/E03-20240320-10W.png,True,2835.0,650.0,,E03-20240320-10W,,,3.56,False,False,3.922669922669922,0.0,0.0784696784696784,216.3462075702076,40.37857921279363,156.0,253.0,40.37857921279363,231.0062623795957,214.6881161307828,190.4631691765025,28.759856665799465,44.9248357553621,56.54958995090286,1.0175010175010177e-07,2.1876271876271877e-05,0.0004055759055759,0.0013466117216117,0.0015458553791887,0.003128663003663,0.0074479548229548,0.0173533611450278,12.399090759173609,0.4455187463769745,0.181441307658758,5.1383093789749665,3.284475462268666,707.0,1.3543888210554875,0.0055483308665769,0.6972992517419644,1.0,47.0,3.9955893367361086,3.14772702412933,11.908735332464143,8.156714471968709,17.0,10.488888888888887,12.187011363382672,0.5226703441258508
E03-20240405-12W,E03,4,SA,SA,84,5.748,2,12.256,3,9.0,3.56,,,E03,20240405,12,2024-04-05,campaign_2,E,E_SA_SPRAY,surface_inhibitor_spray_campaign2,SA,SA,4,5.0,36,252,E03-20240405-12W.png,Data/Images_dataset/E03-20240405-12W.png,True,2835.0,650.0,,E03-20240405-12W,,,3.56,False,False,5.747551214217881,0.0,0.1524894858228191,211.31675050875052,43.25267461034132,145.0,254.0,43.25267461034132,223.15656817256817,209.8376100936101,192.28778401845068,31.911524510682906,48.35517734555266,57.448492868379155,6.78334011667345e-08,7.2072988739655405e-06,0.0006110771944105,0.001714133089133,0.0016411613078279,0.003812271062271,0.008078839370506,0.0153852428435761,11.108349478118647,0.4437653243208245,0.1704048205949953,5.1428868102486005,3.1678323044202825,349.0,3.4245014245014245,0.0164686281209681,0.7522894778680176,1.0,47.0,5.848733668062914,4.59018379110972,15.902216427640155,13.039634941329854,26.0,9.989417989417989,9.771306578520049,0.5085189404096663
E03-20240417-14W,E03,4,SA,SA,98,7.392,2,14.333,3,11.5,3.56,,,E03,20240417,14,2024-04-17,campaign_2,E,E_SA_SPRAY,surface_inhibitor_spray_campaign2,SA,SA,4,5.0,36,252,E03-20240417-14W.png,Data/Images_dataset/E03-20240417-14W.png,True,2835.0,650.0,,E03-20240417-14W,,,3.56,False,False,7.392429792429793,0.0,0.6087640754307422,193.23257522724188,45.33314457677107,124.0,239.0,45.33314457677107,209.3600982227649,191.8591740605074,162.6256014109347,38.70324692609507,48.51585508517251,51.53358830978172,3.934337267670601e-06,0.0002585130918464,0.0016386514719848,0.0013958587708587,0.0025961538461538,0.0061365825532492,0.0096034459367792,0.0096168599918599,11.503822511736818,0.4200554881497548,0.0958280240988155,4.842956899460919,2.92159437577197,572.0,4.648650115316782,0.0129238283084436,0.6707301000320749,1.0,47.0,7.516630142306306,5.298243957287789,19.794002607561932,15.416166883963497,28.0,10.488888888888887,9.93956166811464,0.4935669270331083
E03-20240508-17W,E03,4,SA,SA,119,3.212,1,5.163,2,21.49,3.56,,,E03,20240508,17,2024-05-08,campaign_2,E,E_SA_SPRAY,surface_inhibitor_spray_campaign2,SA,SA,4,5.0,36,252,E03-20240508-17W.png,Data/Images_dataset/E03-20240508-17W.png,True,2835.0,650.0,,E03-20240508-17W,,,3.56,False,False,3.211504544837878,0.0004341337674671,8.195360195360195,175.0657902591236,45.82658652480565,101.0,227.0,45.82658652480565,187.10365486365487,175.15306905440238,147.82405535205535,45.418097708390626,47.00971537210885,48.08602000832608,1.6296974630307962e-05,0.0001802503052503,0.0023088454755121,0.003348782390449,0.0038785103785103,0.0074934879934879,0.0101232872066205,0.0039005392755392,7.627993511254412,0.4782160959270864,0.0930676589614586,5.0828696773300335,3.2454825554928948,1767.0,0.3478496811830145,0.0018174898386179,0.6603481007352242,1.0,47.0,3.1704346861216677,2.2860037904124058,8.897001303780964,6.456584093872229,10.0,23.475132275132275,15.320363986832383,0.9039592618694188
E03-20240522-19W,E03,4,SA,SA,133,8.434,2,17.309,3,9.0,3.56,,,E03,20240522,19,2024-05-22,campaign_2,E,E_SA_SPRAY,surface_inhibitor_spray_campaign2,SA,SA,4,5.0,36,252,E03-20240522-19W.png,Data/Images_dataset/E03-20240522-19W.png,True,2835.0,650.0,,E03-20240522-19W,,,3.56,False,False,8.434025234025235,5.42667209333876e-05,0.4847646180979514,175.09261484194818,42.203096611642835,113.0,219.0,42.203096611642835,189.7764721204721,175.08062352462352,141.05916103649437,35.77255337313716,45.42031872771404,50.71048005674351,7.232736399403066e-05,0.000664886039886,0.0014515669515669,0.0019546364129697,0.0042681793515126,0.0096403133903133,0.0114272825939492,0.0017708078958078,9.628743947976124,0.4442159778364706,0.10067469680243,4.9988404994505355,3.144768545967368,839.0,4.351105684439018,0.0100524734612934,0.6681003533310816,1.0,47.0,8.525867569142003,6.519485065450153,21.929595827900915,18.592177314211213,27.0,4.994708994708994,9.3681912597405,0.4786711105532337
E03-20240529-20W,E03,4,SA,SA,140,5.15,2,11.366,2,11.5,3.56,,,E03,20240529,20,2024-05-29,campaign_2,E,E_SA_SPRAY,surface_inhibitor_spray_campaign2,SA,SA,4,5.0,36,252,E03-20240529-20W.png,Data/Images_dataset/E03-20240529-20W.png,True,2835.0,650.0,,E03-20240529-20W,,,3.56,False,False,5.150454483787817,0.0,1.0943426943426944,188.24130891330893,37.85830922839571,130.0,226.0,37.85830922839571,203.68948093881428,187.54978049111384,155.89009523809523,30.6011382427962,41.44697702466474,46.30508173986938,8.88617555284222e-06,5.604734771401438e-05,0.0010475342558675,0.0018371828788495,0.0030361552028218,0.0069723748473748,0.0143223951973951,0.003969424094424,11.218111091047753,0.4164623867342496,0.109692726075073,5.055491619579984,3.2729818814162046,1379.0,2.6307963641296976,0.0037349198577141,0.6650646620840749,1.0,47.0,5.231407251241366,4.143160615638291,15.172099087353324,11.372881355932202,20.0,10.488888888888887,10.39088522181136,0.3579564487501294
E03-20240619-23W,E03,4,SA,SA,161,8.753,2,16.466,3,9.0,3.56,,,E03,20240619,23,2024-06-19,campaign_2,E,E_SA_SPRAY,surface_inhibitor_spray_campaign2,SA,SA,4,5.0,36,252,E03-20240619-23W.png,Data/Images_dataset/E03-20240619-23W.png,True,2835.0,650.0,,E03-20240619-23W,,,3.56,False,False,8.752516619183286,0.0,0.602306335639669,180.64680558947225,43.625306206609714,112.0,224.0,43.625306206609714,201.4511892551893,180.07625668159002,133.51282322615657,37.94558836889892,47.086236344654345,48.14463488411667,1.1396011396011395e-05,0.0005585571835571,0.0016832688916022,0.0018155609822276,0.0035247761497761,0.007634479717813,0.0126208112874779,0.0034011497761497,11.30619113118362,0.4141226397215584,0.0955509556829288,4.950461636972492,3.096666140586149,911.0,5.184913851580518,0.0096075923371935,0.6839060122988961,1.0,47.0,8.808039057948902,6.177649062549809,20.482398956975228,17.82894393741851,29.0,4.994708994708994,8.958261402830402,0.5773728489830573
E03-20240626-24W,E03,4,SA,SA,168,8.907,2,15.967,3,9.0,3.56,,,E03,20240626,24,2024-06-26,campaign_2,E,E_SA_SPRAY,surface_inhibitor_spray_campaign2,SA,SA,4,5.0,36,252,E03-20240626-24W.png,Data/Images_dataset/E03-20240626-24W.png,True,2835.0,650.0,,E03-20240626-24W,,,3.56,False,False,8.907393840727174,0.0,0.3360738027404694,179.73960276760278,41.83330232131274,116.0,224.0,41.83330232131274,202.4048660968661,176.09607326007327,142.93875892009223,35.027579263453255,45.17701212776641,48.389200866012544,1.72975172975173e-05,0.0003959944376611,0.0015799925383258,0.0018941629358296,0.0036651912901912,0.0090211301044634,0.0114662020078686,0.0032100291683625,7.338813355088167,0.4865952831462362,0.1053908567174521,4.9331643116114465,3.0135097226551464,663.0,4.415357482024149,0.0134349831685176,0.689694728448378,1.0,47.0,8.933202030569502,5.6685561297725355,19.72490221642764,17.866232073011734,31.0,8.99047619047619,9.39607554467705,0.6501169510015595
E03-20240710-26W,E03,4,SA,SA,182,6.632,2,13.106,3,6.5,3.56,,,E03,20240710,26,2024-07-10,campaign_2,E,E_SA_SPRAY,surface_inhibitor_spray_campaign2,SA,SA,4,5.0,36,252,E03-20240710-26W.png,Data/Images_dataset/E03-20240710-26W.png,True,2835.0,650.0,,E03-20240710-26W,,,3.56,False,False,6.631827431827432,0.0,1.3361552028218695,176.52044390177724,37.40997654419174,117.0,213.0,37.40997654419174,196.2514481074481,177.02709428842763,126.33356505223172,31.422081211037053,40.679928735756214,41.60765301850111,1.5940849274182608e-06,0.0001394145977479,0.0016468932302265,0.0020372914122914,0.0039460215710215,0.0094872473205806,0.0133689289105955,0.0006226088726088,8.132916431134934,0.438946962202985,0.1114533090260396,5.004153434804053,3.1632598535664767,996.0,3.449626916293583,0.0066584612769351,0.682232204721525,1.0,47.0,6.660378928680409,5.192005305070683,17.63754889178618,15.518904823989567,28.0,6.992592592592593,9.254485370418864,0.4921766066648121
E03-20240724-28W,E03,4,SA,SA,196,13.177,2,24.916,4,6.5,3.56,,,E03,20240724,28,2024-07-24,campaign_2,E,E_SA_SPRAY,surface_inhibitor_spray_campaign2,SA,SA,4,5.0,36,252,E03-20240724-28W.png,Data/Images_dataset/E03-20240724-28W.png,True,2835.0,650.0,,E03-20240724-28W,,,3.56,False,False,13.176719576719575,0.0,0.2490299823633157,173.50945543345543,47.451548359672195,94.0,221.0,47.451548359672195,202.80854212454213,170.2226748066748,118.1822200515534,40.83177199967593,51.47025064943915,49.59331761551988,3.29331162664496e-05,0.0009676434676434,0.0022423009089675,0.0022095712929046,0.0038154422737756,0.0073995217745217,0.0122335843169176,0.0023490028490028,9.545660027887743,0.4362972958013958,0.0977862608256437,4.935976533093357,3.076017192530514,834.0,6.609469542802876,0.0157994239529011,0.6960398346853172,1.0,47.0,13.060695164914424,8.281586768286797,31.61147327249022,25.27535853976532,36.0,6.992592592592593,9.780786626016308,0.6506962643042767
E03-20240807-30W,E03,4,SA,SA,210,9.019,2,17.411,3,6.5,3.56,,,E03,20240807,30,2024-08-07,campaign_2,E,E_SA_SPRAY,surface_inhibitor_spray_campaign2,SA,SA,4,5.0,36,252,E03-20240807-30W.png,Data/Images_dataset/E03-20240807-30W.png,True,2835.0,650.0,,E03-20240807-30W,,,3.56,False,False,9.01929181929182,0.0,0.2376339709673043,190.38318816985483,43.370913676381505,121.0,238.0,43.370913676381505,227.5725518925519,187.2548897028897,113.28660154660156,34.30697748571742,50.45572177555475,49.349875603239184,2.2045855379188713e-07,4.5075295075295074e-05,0.0010611009361009,0.0026037511870845,0.0032472527472527,0.0060417175417175,0.0101402285985619,0.0081106532356532,12.118816512857949,0.4137688838904037,0.0890777070625774,5.031107496084522,3.230541388303718,1188.0,2.0401031067697732,0.0075919964808853,0.6597023968460177,1.0,47.0,8.874226746927793,6.069543532069986,22.258148631029982,17.230508474576272,30.0,6.992592592592593,9.407380933757716,0.8480179019089031
E03-20240902-33W,E03,4,SA,SA,231,11.33,2,20.551,3,6.5,3.56,,,E03,20240902,33,2024-09-02,campaign_2,E,E_SA_SPRAY,surface_inhibitor_spray_campaign2,SA,SA,4,5.0,36,252,E03-20240902-33W.png,Data/Images_dataset/E03-20240902-33W.png,True,2835.0,650.0,,E03-20240902-33W,,,3.56,False,False,11.329751729751733,0.0,0.1885225885225885,183.62060018993353,46.37721460317304,110.0,234.0,46.37721460317304,221.03105684439015,180.82355664088996,104.4038719305386,37.044362501890994,53.13146389717315,55.23609106129124,1.8654185320851989e-06,0.0003227852394519,0.0017209842626509,0.0025011701261701,0.0035740401573734,0.0065582180165513,0.0101793515126848,0.0063915852665852,14.003195769059811,0.3794038027137899,0.0796893317834313,5.042027568423512,3.2786290315881925,1457.0,5.1773165106498436,0.0077760821755331,0.6668183282994281,1.0,47.0,11.310383089683487,7.337812627805395,28.07040417209909,22.056584093872228,36.0,6.493121693121693,9.134324224412785,0.822644152409651
E03-20240918-36W,E03,4,SA,SA,252,7.367,2,13.262,3,9.0,3.56,0.3566,1.91,E03,20240918,36,2024-09-18,campaign_2,E,E_SA_SPRAY,surface_inhibitor_spray_campaign2,SA,SA,4,5.0,36,252,E03-20240918-36W.png,Data/Images_dataset/E03-20240918-36W.png,True,2835.0,650.0,,E03-20240918-36W,0.3566,35.66,3.56,True,True,7.3672500339167,0.0,1.2856328856328858,185.25152462352463,41.94768386097783,117.0,228.0,41.94768386097783,214.90739384072717,183.295769366436,122.0680238773572,36.30571534014271,46.22055516223358,42.06273029279819,4.103920770587437e-06,9.384751051417718e-05,0.001469305385972,0.0023604836521503,0.0032617182200515,0.0066013261429928,0.0125415309998643,0.0049176841676841,7.968253993385767,0.463660669703084,0.1061117102454772,4.993250668443414,3.112246120920641,1066.0,2.071415004748338,0.0069111163545184,0.6649330494648658,1.0,47.0,7.365391550389746,5.0756243477896295,18.34550195567145,14.513950456323338,29.0,9.989417989417989,8.957403572441875,0.6953153274124916
E04-20240110-0W,E04,4,SA,SA,0,0.0,1,0.0,1,1.51,6.13,,,E04,20240110,0,2024-01-10,campaign_2,E,E_SA_SPRAY,surface_inhibitor_spray_campaign2,SA,SA,4,5.0,36,252,E04-20240110-0W.png,Data/Images_dataset/E04-20240110-0W.png,True,2835.0,650.0,,E04-20240110-0W,,,6.13,False,False,0.0,0.0,5.42667209333876e-05,211.46533061999727,16.242651303969648,189.0,229.0,16.242651303969648,222.0414527201194,211.18297327363993,188.9347502374169,15.45361203218106,16.541869377473287,17.121606590956524,0.0,0.0,0.0,1.8484601817935151e-06,0.0001985822819156,0.0035123456790123,0.0200294566544566,0.0075077669244335,3.2067485570828245,0.5611342165963669,0.1949898040140213,5.054816686424325,3.11855518688894,0.0,0.0,0.0,0.0,0.0,47.0,0.0,0.0,0.0,0.0,0.0,0.4994708994708994,0.0,1.0
E04-20240124-2W,E04,4,SA,SA,14,0.0,1,0.0,1,1.51,6.13,,,E04,20240124,2,2024-01-24,campaign_2,E,E_SA_SPRAY,surface_inhibitor_spray_campaign2,SA,SA,4,5.0,36,252,E04-20240124-2W.png,Data/Images_dataset/E04-20240124-2W.png,True,2835.0,650.0,,E04-20240124-2W,,,6.13,False,False,0.0,0.0,0.0,239.0535807895808,19.486166264828352,210.0,255.0,19.486166264828352,243.0706498439832,238.6897094017094,233.77327146927144,17.42483711931961,20.040481667676175,22.151713537583777,0.0,0.0,0.0,5.0875050875050885e-08,4.068308234974902e-05,0.0009075769909103,0.0053604836521503,0.0249412053995387,4.648800585071111,0.6187849217226098,0.3958559460748105,5.358052039076899,2.7686613220852268,0.0,0.0,0.0,0.0,0.0,47.0,0.0,0.0,0.0,0.0,0.0,0.4994708994708994,0.0,1.0
E04-20240207-4W,E04,4,SA,SA,28,0.001,1,0.01,1,13.99,6.13,,,E04,20240207,4,2024-02-07,campaign_2,E,E_SA_SPRAY,surface_inhibitor_spray_campaign2,SA,SA,4,5.0,36,252,E04-20240207-4W.png,Data/Images_dataset/E04-20240207-4W.png,True,2835.0,650.0,,E04-20240207-4W,,,6.13,False,False,0.0011938678605345,0.0,0.0,220.88052150318816,24.052405516260094,184.0,247.0,24.052405516260094,229.4690495183829,220.26049762583096,205.58340469407136,22.305362839009295,24.576226558316623,26.51956493262953,0.0,0.0,0.0,4.68050468050468e-06,0.0003518348935015,0.0042059422059422,0.0093855650522317,0.017301977343644,7.153105071549115,0.4289062378652175,0.1330243068997382,5.002431489958206,3.159242062719374,1.0,0.0011938678605345,0.0011938678605345,0.9435951006223582,0.9435951006223582,47.0,0.001220560903215,0.0057896287156679,0.0286831812255541,0.0,0.0,14.484656084656084,14.94141414141414,0.0004007711362814
E04-20240221-6W,E04,4,SA,SA,42,0.0,1,0.0,1,1.51,6.13,,,E04,20240221,6,2024-02-21,campaign_2,E,E_SA_SPRAY,surface_inhibitor_spray_campaign2,SA,SA,4,5.0,36,252,E04-20240221-6W.png,Data/Images_dataset/E04-20240221-6W.png,True,2835.0,650.0,,E04-20240221-6W,,,6.13,False,False,0.0,0.0,0.0,232.33902916836252,25.17701711252012,194.0,255.0,25.17701711252012,237.0239359652693,231.91532329398996,225.3413724053724,22.745553598678317,25.77709414714051,28.768565512350698,0.0,0.0,0.0,3.3747117080450416e-06,0.0002264787681454,0.0025224528557861,0.0071739248405915,0.0213237688237688,6.843022266499079,0.5543524714464327,0.3282367111801282,5.180371559355179,2.5933557240153133,0.0,0.0,0.0,0.0,0.0,47.0,0.0,0.0,0.0,0.0,0.0,0.4994708994708994,0.0,1.0
E04-20240306-8W,E04,4,SA,SA,56,0.466,1,3.29,1,16.49,6.13,,,E04,20240306,8,2024-03-06,campaign_2,E,E_SA_SPRAY,surface_inhibitor_spray_campaign2,SA,SA,4,5.0,36,252,E04-20240306-8W.png,Data/Images_dataset/E04-20240306-8W.png,True,2835.0,650.0,,E04-20240306-8W,,,6.13,False,False,0.4659340659340659,0.0,0.0,240.27659313525984,21.08348275911603,214.0,255.0,21.08348275911603,245.2470986297653,240.2457555284222,230.5104154117487,15.875928094360932,22.69304048337431,29.60530851059652,0.0,0.0,3.90381223714557e-05,0.0001512006512006,0.0001418396418396,0.0005098019264685,0.0043825464658797,0.0260255731922398,3.17900703163455,0.6584735936608022,0.4446443870747486,5.506156601798091,2.95241532483064,6.0,0.4562745896079229,0.0776556776556776,0.7682993439042619,0.9978666670100792,47.0,0.476351632500208,1.073192447759169,3.5397653194263365,2.7546284224250317,0.0,15.483597883597884,16.670889118128812,0.2217680455687755
E04-20240320-10W,E04,4,SA,SA,70,0.826,1,4.877,1,16.49,6.13,,,E04,20240320,10,2024-03-20,campaign_2,E,E_SA_SPRAY,surface_inhibitor_spray_campaign2,SA,SA,4,5.0,36,252,E04-20240320-10W.png,Data/Images_dataset/E04-20240320-10W.png,True,2835.0,650.0,,E04-20240320-10W,,,6.13,False,False,0.8258309591642926,0.0,0.0155745489078822,218.9989879256546,32.09126303212246,175.0,253.0,32.09126303212246,227.1412682132682,218.79036277302944,202.58432831366164,28.299503035926534,33.38111041026369,39.15087982028863,5.0875050875050885e-08,4.685592185592186e-05,0.0001289512956179,0.0001773504273504,0.0011123660290326,0.0045577431827431,0.0086774521774521,0.0165492300908967,12.92794456140434,0.3807361334537643,0.1495278778004046,5.149739977675288,3.366535595200183,54.0,0.8035816035816036,0.0152931659104498,0.6453930648657943,1.0,47.0,0.844295264778496,1.6923871009482727,5.9439374185136895,4.165058670143416,2.0,15.483597883597884,16.687768661589136,0.3197809181489924
E04-20240405-12W,E04,4,SA,SA,84,0.696,1,4.187,1,16.49,6.13,,,E04,20240405,12,2024-04-05,campaign_2,E,E_SA_SPRAY,surface_inhibitor_spray_campaign2,SA,SA,4,5.0,36,252,E04-20240405-12W.png,Data/Images_dataset/E04-20240405-12W.png,True,2835.0,650.0,,E04-20240405-12W,,,6.13,False,False,0.695699362366029,0.0,0.0328313661646995,219.86693908560576,29.968301941805453,179.0,254.0,29.968301941805453,222.59940415140417,220.9798187491521,211.72764997965,27.334085171328557,30.95523055960797,35.79057355327534,0.0,9.49667616334283e-07,0.0001088556505223,0.000201923076923,0.000692155067155,0.0044497015330348,0.0094584011667345,0.0163380138380138,8.873021619431203,0.4243679052608194,0.1552852984101495,5.135652911298208,3.1563430010926967,34.0,0.6459367792701126,0.020461745951942,0.5922398319000617,1.0,47.0,0.7112541263280534,1.4803046149908012,5.043024771838331,3.8044328552803126,1.0,14.984126984126984,16.396963738867015,0.18167228524261
E04-20240417-14W,E04,4,SA,SA,98,0.778,1,3.972,1,16.49,6.13,,,E04,20240417,14,2024-04-17,campaign_2,E,E_SA_SPRAY,surface_inhibitor_spray_campaign2,SA,SA,4,5.0,36,252,E04-20240417-14W.png,Data/Images_dataset/E04-20240417-14W.png,True,2835.0,650.0,,E04-20240417-14W,,,6.13,False,False,0.7784561117894451,0.0,0.3248948582281916,190.28902564102563,30.09109802973651,149.0,224.0,30.09109802973651,199.87810283543615,190.3772389092389,169.21113824447158,29.07509946945793,30.720563269369585,31.943325460149087,1.6958350291683625e-08,2.657373490706824e-05,0.0001953262786596,0.0007912935829602,0.004037851037851,0.0090010853344186,0.0138021469271469,0.0033957061457061,9.565648951146166,0.3977025890037305,0.1049284493379492,4.878157259425269,2.985822224809147,57.0,0.4555691222357889,0.0136571247682358,0.6506798582173322,1.0,47.0,0.7955837887320037,1.5541968283008325,6.146023468057367,3.2774445893089945,1.0,15.483597883597884,16.95577516270441,0.589856112695412
E04-20240508-17W,E04,4,SA,SA,119,1.919,1,7.171,2,16.49,6.13,,,E04,20240508,17,2024-05-08,campaign_2,E,E_SA_SPRAY,surface_inhibitor_spray_campaign2,SA,SA,4,5.0,36,252,E04-20240508-17W.png,Data/Images_dataset/E04-20240508-17W.png,True,2835.0,650.0,,E04-20240508-17W,,,6.13,False,False,1.9185999185999187,0.0,25.125925925925923,145.1386574413241,49.98269467177907,88.0,216.0,49.98269467177907,150.04394084927418,147.26461158594492,125.60301885768553,51.092188173138446,49.86489485006135,48.62034409078948,8.479175145841812e-07,0.0003196818613485,0.0052448446615113,0.0093558201058201,0.00295058336725,0.0057600393433726,0.0058258547008547,0.001792328042328,3.188520475868833,0.5553674865394915,0.1102118879954918,5.090691979544333,3.1395315795317265,1020.0,1.3225342558675892,0.0018809803123528,0.6367131539116699,1.0,47.0,1.951538184138256,3.0932783842898957,12.395045632333767,6.874054758800519,10.0,14.984126984126984,17.123176847979565,0.6047686629944359
E04-20240522-19W,E04,4,SA,SA,133,0.829,1,3.973,1,16.49,6.13,,,E04,20240522,19,2024-05-22,campaign_2,E,E_SA_SPRAY,surface_inhibitor_spray_campaign2,SA,SA,4,5.0,36,252,E04-20240522-19W.png,Data/Images_dataset/E04-20240522-19W.png,True,2835.0,650.0,,E04-20240522-19W,,,6.13,False,False,0.8294668294668295,0.0002170668837335,0.4430877764211098,177.60346221679555,26.896282154064725,142.0,209.0,26.896282154064725,184.91143128476463,179.59599728666396,152.32566164699497,26.345077186354025,27.559904474613777,29.347902450063504,4.68050468050468e-06,4.900963234296567e-05,0.0001925111925111,0.0012542735042735,0.0055394281644281,0.0136397198480531,0.0101522011938678,0.0004181759598426,9.889604734317752,0.3792443488178171,0.1059696616906026,5.046821324426523,3.2526017941002245,262.0,0.4997422330755664,0.0031659039292627,0.6727568354751858,1.0,47.0,0.8480124275291964,1.6627169462559437,7.389830508474576,3.2166883963494133,2.0,14.984126984126984,16.193596862435594,0.3150296467841093
E04-20240529-20W,E04,4,SA,SA,140,0.242,1,1.244,1,16.49,6.13,,,E04,20240529,20,2024-05-29,campaign_2,E,E_SA_SPRAY,surface_inhibitor_spray_campaign2,SA,SA,4,5.0,36,252,E04-20240529-20W.png,Data/Images_dataset/E04-20240529-20W.png,True,2835.0,650.0,,E04-20240529-20W,,,6.13,False,False,0.2419753086419753,0.0,0.1592728259394926,204.7453327906661,30.744503877048725,164.0,246.0,30.744503877048725,213.80303839370507,205.6972785239452,180.81531081264416,30.50652621907726,31.536441078769357,31.724508299944972,1.1870845204178537e-07,1.3057929724596392e-06,5.226563559896893e-05,0.0002335843169176,0.0020440408357075,0.0081403981820648,0.0114994403744403,0.0092788461538461,6.0379304511025325,0.4640664004049724,0.1128161374663944,5.104874228802339,3.2370646461973647,132.0,0.0867724867724867,0.0018331462775907,0.5988558866368926,1.0,47.0,0.2472468029626342,0.6054937677724224,3.0821382007822686,0.7585397653194259,0.0,14.984126984126984,15.688815320302202,0.1695736585524569
E04-20240619-23W,E04,4,SA,SA,161,3.321,1,9.748,2,1.51,6.13,,,E04,20240619,23,2024-06-19,campaign_2,E,E_SA_SPRAY,surface_inhibitor_spray_campaign2,SA,SA,4,5.0,36,252,E04-20240619-23W.png,Data/Images_dataset/E04-20240619-23W.png,True,2835.0,650.0,,E04-20240619-23W,,,6.13,False,False,3.3207434540767875,0.0,0.5861348528015194,193.70260208926877,37.96669221958711,141.0,233.0,37.96669221958711,205.0583958757292,194.76792077058744,162.84879012345678,33.740607955326865,40.11988765520813,43.353627273110206,4.1887125220458555e-06,0.00013256342423,0.0006223714557047,0.001388261429928,0.0032132682132682,0.0067986026319359,0.0117088929588929,0.0073818511735178,11.260901068526056,0.3917442282782772,0.0976791319338027,5.0611766334680315,3.250227690377479,688.0,0.3819291819291819,0.0048266619972046,0.6300842366617427,1.0,47.0,3.250936225692808,3.5108328848164563,10.795306388526727,8.561408083441982,13.0,0.4994708994708994,10.031439187506058,6.309502340542453
E04-20240626-24W,E04,4,SA,SA,168,4.566,1,14.999,3,1.51,6.13,,,E04,20240626,24,2024-06-26,campaign_2,E,E_SA_SPRAY,surface_inhibitor_spray_campaign2,SA,SA,4,5.0,36,252,E04-20240626-24W.png,Data/Images_dataset/E04-20240626-24W.png,True,2835.0,650.0,,E04-20240626-24W,,,6.13,False,False,4.5664360331027,0.0,0.205670872337539,200.6926224392891,40.33470092032935,146.0,241.0,40.33470092032935,215.8625641025641,197.54532356532357,181.3867486094153,34.007355816331376,42.60535485936101,47.90687346396703,1.1192511192511193e-06,0.0001889160222493,0.0007212725546058,0.0012303113553113,0.0021969034052367,0.0057721815221815,0.0097042294125627,0.0114350664767331,4.829229042684186,0.5466670118181158,0.1352638156007742,4.8507099777618174,2.733734403938211,159.0,1.8601003934337268,0.0287197234786333,0.7489397621318731,1.0,47.0,4.413575966046214,5.108410148362213,19.50586701434159,12.590352020860491,17.0,0.4994708994708994,9.031261272341276,7.497964729414391
E04-20240710-26W,E04,4,SA,SA,182,2.739,1,6.255,2,1.51,6.13,,,E04,20240710,26,2024-07-10,campaign_2,E,E_SA_SPRAY,surface_inhibitor_spray_campaign2,SA,SA,4,5.0,36,252,E04-20240710-26W.png,Data/Images_dataset/E04-20240710-26W.png,True,2835.0,650.0,,E04-20240710-26W,,,6.13,False,False,2.7394383394383395,0.0,1.3854293854293855,183.85425206891873,33.042401790439065,138.0,219.0,33.042401790439065,197.24907176773843,185.28680450413785,145.8994003527337,28.514106325655938,35.29152420197155,36.738676696339,1.8315018315018316e-06,1.7195767195767195e-05,0.000738027404694,0.0016711606294939,0.0035067324650657,0.0098200888617555,0.0137010751594084,0.0017938882105548,8.953618808093118,0.4126226263707097,0.1064792707976622,5.081199650419237,3.2909036500838007,1073.0,0.2319359652692986,0.0025530646220301,0.6306333014687769,1.0,47.0,2.6353851701850264,2.402946897656968,8.414602346805736,6.556975228161669,10.0,22.47619047619047,10.729374653924484,3.297474694382069
E04-20240724-28W,E04,4,SA,SA,196,6.245,2,14.482,3,21.49,6.13,,,E04,20240724,28,2024-07-24,campaign_2,E,E_SA_SPRAY,surface_inhibitor_spray_campaign2,SA,SA,4,5.0,36,252,E04-20240724-28W.png,Data/Images_dataset/E04-20240724-28W.png,True,2835.0,650.0,,E04-20240724-28W,,,6.13,False,False,6.2450685117351785,0.0,0.2011667345000678,186.6739253832587,37.436607058985146,134.0,222.0,37.436607058985146,209.33054402387737,185.42266503866503,138.17382987382987,31.850596216617635,40.45747314314381,39.940505007787785,1.6958350291683625e-06,0.0002670261836928,0.0011592049925383,0.0013078958078958,0.0027835605752272,0.0076294091710758,0.0154359822276488,0.0026652252068918,5.692055071858409,0.5230025887282175,0.1343891111968385,4.8439779521835815,2.8089669600019693,219.0,2.428001628001628,0.0285162945741332,0.726181149338539,1.0,47.0,6.0909595273100505,5.735235153880937,24.88005215123859,12.0722294654498,23.0,22.47619047619047,13.32730653159916,2.545464750729147
E04-20240807-30W,E04,4,SA,SA,210,5.742,2,14.154,3,21.49,6.13,,,E04,20240807,30,2024-08-07,campaign_2,E,E_SA_SPRAY,surface_inhibitor_spray_campaign2,SA,SA,4,5.0,36,252,E04-20240807-30W.png,Data/Images_dataset/E04-20240807-30W.png,True,2835.0,650.0,,E04-20240807-30W,,,6.13,False,False,5.7423416090082755,0.0,0.2879392212725546,201.1503285849953,44.36318931447217,137.0,251.0,44.36318931447217,226.5726398046398,199.4304365757699,147.4916157916158,35.296773524222864,48.83335807452773,56.760645468017664,3.391670058336725e-07,0.0001094152760819,0.0009635904219237,0.0014704755121421,0.0026158255324921,0.0055740231990231,0.0087273097273097,0.0117890211640211,9.81134976689356,0.4834062164749456,0.1554224524738517,5.194328830894633,3.2405789826895464,795.0,2.0968118301451635,0.0072230712062997,0.648917953738191,1.0,47.0,5.521207245693363,6.388864315844541,26.213820078226856,14.869100391134287,19.0,22.975661375661375,12.761870880910358,3.0025621176897657
E04-20240902-33W,E04,4,SA,SA,231,6.776,2,13.221,3,21.49,6.13,,,E04,20240902,33,2024-09-02,campaign_2,E,E_SA_SPRAY,surface_inhibitor_spray_campaign2,SA,SA,4,5.0,36,252,E04-20240902-33W.png,Data/Images_dataset/E04-20240902-33W.png,True,2835.0,650.0,,E04-20240902-33W,,,6.13,False,False,6.775959842626509,0.0,0.3246235246235246,201.52233401166737,45.40769709575728,131.0,249.0,45.40769709575728,224.52564753764753,201.5748435761769,145.46424582824582,35.75976846234947,50.12908886045032,55.84326577858915,6.444173110839777e-07,8.682675349342016e-05,0.0012348053181386,0.0016360907610907,0.0022572920906254,0.0048807827974494,0.0084863654863654,0.0126671923755257,13.25007430479724,0.4249976801160651,0.1141614179847534,5.067251031868959,3.215515114922227,832.0,1.5250033916700585,0.0081441825031568,0.647213469156888,1.0,47.0,6.563455296956919,6.249769883651857,22.765319426336376,16.471707953063884,22.0,22.975661375661375,12.2296808853959,2.1539346515972895
E04-20240918-36W,E04,4,SA,SA,252,3.274,1,6.458,2,21.49,6.13,0.5099,1.66,E04,20240918,36,2024-09-18,campaign_2,E,E_SA_SPRAY,surface_inhibitor_spray_campaign2,SA,SA,4,5.0,36,252,E04-20240918-36W.png,Data/Images_dataset/E04-20240918-36W.png,True,2835.0,650.0,,E04-20240918-36W,0.5099,50.99,6.13,True,True,3.2735314068647403,0.0,0.7004205670872338,196.7341820648487,33.940465060580905,148.0,228.0,33.940465060580905,219.72775362908695,196.69919305385972,141.45379242979243,28.362861454036793,37.09759442600671,36.428408328833015,1.6958350291683625e-08,9.666259666259666e-06,0.0006068884818884,0.0014260615927282,0.0019364061864061,0.0056999728666395,0.0159393230226563,0.0056316646316646,4.633672489197456,0.5255607871009207,0.144845683763111,4.9725786773040745,3.02245569842432,354.0,0.4912766246099579,0.0092472638611998,0.7417528939189193,1.0,47.0,3.2249715664789593,3.233067720637076,11.73663624511082,8.059713168187743,11.0,22.47619047619047,11.959388642113309,2.623730444730023
E05-20240110-0W,E05,4,SA,SA,0,0.037,1,0.158,1,13.99,4.49,,,E05,20240110,0,2024-01-10,campaign_2,E,E_SA_SPRAY,surface_inhibitor_spray_campaign2,SA,SA,4,5.0,36,252,E05-20240110-0W.png,Data/Images_dataset/E05-20240110-0W.png,True,2835.0,650.0,,E05-20240110-0W,,,4.49,False,False,0.0369556369556369,0.0,0.0198616198616198,185.48147442680775,21.271318250102127,157.0,213.0,21.271318250102127,199.5840694614028,184.43042680776017,158.0346275946276,21.081481392656404,21.57378144919912,20.771148974435327,1.000542667209334e-06,8.631800298466964e-06,6.59679826346493e-06,4.884004884004884e-06,0.0041156559489892,0.0137382817799484,0.0126402116402116,0.0007347374847374,5.113316546389607,0.4632335436316808,0.1270343042744694,4.952711414158021,3.036352427887291,9.0,0.0196445529778863,0.0041061818839596,0.6062844802990375,1.0,47.0,0.0364781269938139,0.1080887470423739,0.4745762711864406,0.0644067796610169,0.0,14.484656084656084,14.129175115959256,0.1413381160450507
E05-20240124-2W,E05,4,SA,SA,14,0.0,1,0.0,1,1.51,4.49,,,E05,20240124,2,2024-01-24,campaign_2,E,E_SA_SPRAY,surface_inhibitor_spray_campaign2,SA,SA,4,5.0,36,252,E05-20240124-2W.png,Data/Images_dataset/E05-20240124-2W.png,True,2835.0,650.0,,E05-20240124-2W,,,4.49,False,False,0.0,0.0,0.0034730701397368,226.7786862026862,21.57005653095908,197.0,254.0,21.57005653095908,233.3902260208927,226.0174641161308,217.44580328313663,20.249298833498685,22.093491509899167,22.98382458489037,0.0,0.0,6.444173110839777e-07,3.069461402794736e-06,2.162189662189662e-05,0.0017177113010446,0.0122371794871794,0.0172697734364401,7.085066620988977,0.4559815385105318,0.1741982985628739,5.0106258707070355,2.926731619224292,0.0,0.0,0.0,0.0,0.0,47.0,0.0,0.0,0.0,0.0,0.0,0.4994708994708994,0.0,1.0
E05-20240207-4W,E05,4,SA,SA,28,0.016,1,0.061,1,9.0,4.49,,,E05,20240207,4,2024-02-07,campaign_2,E,E_SA_SPRAY,surface_inhibitor_spray_campaign2,SA,SA,4,5.0,36,252,E05-20240207-4W.png,Data/Images_dataset/E05-20240207-4W.png,True,2835.0,650.0,,E05-20240207-4W,,,4.49,False,False,0.0158458825125491,0.0,0.0233346900013566,185.4712272418939,27.70479698257436,152.0,226.0,27.70479698257436,198.1174885361552,184.0968964862298,163.63636901370234,26.350006184777925,28.288036328973856,28.950691765055495,1.5262515262515261e-07,1.7806267806267806e-06,7.478632478632479e-06,8.591100257766925e-05,0.0054958960792294,0.0139019129019129,0.0082105379188712,0.0035463302129968,8.605046400363381,0.3794361007230368,0.0992723873741931,4.967957981084566,3.0975196170258683,9.0,0.0075973409306742,0.0017606536125054,0.3893203261633962,1.0,47.0,0.016144691947072,0.0437169522163997,0.1838331160365058,0.0764015645371577,0.0,9.989417989417989,13.519315793288394,0.2756551139413015
E05-20240221-6W,E05,4,SA,SA,42,0.021,1,0.072,1,18.99,4.49,,,E05,20240221,6,2024-02-21,campaign_2,E,E_SA_SPRAY,surface_inhibitor_spray_campaign2,SA,SA,4,5.0,36,252,E05-20240221-6W.png,Data/Images_dataset/E05-20240221-6W.png,True,2835.0,650.0,,E05-20240221-6W,,,4.49,False,False,0.0205670872337539,0.0,0.0445529778863112,208.9502971102971,28.70297311597804,173.0,252.0,28.70297311597804,218.18801356668024,207.48050250983584,196.45593867860535,26.433232480633272,29.42439898191374,31.811307327791045,0.0,1.492334825668159e-06,1.0310676977343644e-05,3.640957807624474e-05,0.0007675179758513,0.0089867894451227,0.0112049586216252,0.0102425213675213,10.29873404214267,0.4099113675971918,0.1183694394351609,4.806571079979579,2.6899030481385937,24.0,0.0054809388142721,0.000856961968073,0.6061446513601204,1.0,47.0,0.0188632139587783,0.0408040332455775,0.18122555410691,0.071186440677966,0.0,18.48042328042328,10.895193421842498,8.623022386207133
E05-20240306-8W,E05,4,SA,SA,56,0.178,1,0.705,1,18.99,4.49,,,E05,20240306,8,2024-03-06,campaign_2,E,E_SA_SPRAY,surface_inhibitor_spray_campaign2,SA,SA,4,5.0,36,252,E05-20240306-8W.png,Data/Images_dataset/E05-20240306-8W.png,True,2835.0,650.0,,E05-20240306-8W,,,4.49,False,False,0.1784832451499118,0.0,0.0248541581874915,223.4831360738027,27.612901880412615,187.0,253.0,27.612901880412615,231.00017853751183,223.2718654185321,208.7736214896215,24.57307643966346,28.7490620857682,31.451385947484585,0.0,0.0,7.71604938271605e-06,0.0001721611721611,0.0004710860127526,0.0034196343779677,0.0099948785782119,0.0171845238095238,5.491996266251439,0.5181843949154066,0.2100683092716833,5.129336229200377,3.0036591530011063,32.0,0.0580653913987247,0.0055776014109347,0.6481069019214748,1.0,47.0,0.1824738550306527,0.3775418424375042,1.395045632333768,0.8185136897001303,0.0,3.4962962962962965,14.341796046143871,8.394465214004688
E05-20240320-10W,E05,4,SA,SA,70,0.837,1,4.386,1,21.49,4.49,,,E05,20240320,10,2024-03-20,campaign_2,E,E_SA_SPRAY,surface_inhibitor_spray_campaign2,SA,SA,4,5.0,36,252,E05-20240320-10W.png,Data/Images_dataset/E05-20240320-10W.png,True,2835.0,650.0,,E05-20240320-10W,,,4.49,False,False,0.8374440374440375,0.0,0.1571564238230905,201.11471225071224,33.90225522698461,161.0,250.0,33.90225522698461,211.88162962962963,200.27673368606705,181.09206783340116,30.00613090906571,35.18504085433673,40.13989400843363,0.0,1.183692850359517e-05,0.0001684812101478,0.0003396248812915,0.0023815967982634,0.0103358601275267,0.0089111721611721,0.0091014278930945,14.124490569059368,0.3342932297974907,0.093293053986716,5.177991987332024,3.310370013709479,140.0,0.4303350970017636,0.0059817431246002,0.6696445618703972,1.0,47.0,0.8553357929484867,2.019156091243464,10.279009126466754,2.5846153846153843,3.0,20.977777777777774,18.737379073511782,25.007243545591635
E05-20240405-12W,E05,4,SA,SA,84,0.676,1,3.815,1,21.49,4.49,,,E05,20240405,12,2024-04-05,campaign_2,E,E_SA_SPRAY,surface_inhibitor_spray_campaign2,SA,SA,4,5.0,36,252,E05-20240405-12W.png,Data/Images_dataset/E05-20240405-12W.png,True,2835.0,650.0,,E05-20240405-12W,,,4.49,False,False,0.6758377425044091,0.0,0.1729480396147062,201.50638556505223,33.80758472432951,162.0,250.0,33.80758472432951,207.66732980599647,201.55424121557456,189.32353656220323,30.01066636100327,35.22917025817164,40.56460107177752,0.0,8.055216388549721e-06,0.0001227445394112,0.0003887362637362,0.0021419922669922,0.0109145807895807,0.0082740469407136,0.0093998439831773,12.911892184549252,0.3767767366317546,0.1021766452808853,5.08064585911203,3.1446069377097583,101.0,0.3774793108126441,0.0066914627970733,0.5772877970083837,1.0,47.0,0.6901994507475936,1.7725454494021446,8.46284224250326,1.2881355932203389,2.0,20.977777777777774,19.021249499746368,12.407188209525108
E05-20240417-14W,E05,4,SA,SA,98,2.05,1,11.503,2,21.49,4.49,,,E05,20240417,14,2024-04-17,campaign_2,E,E_SA_SPRAY,surface_inhibitor_spray_campaign2,SA,SA,4,5.0,36,252,E05-20240417-14W.png,Data/Images_dataset/E05-20240417-14W.png,True,2835.0,650.0,,E05-20240417-14W,,,4.49,False,False,2.0498711165377834,0.0,0.6912494912494913,181.76606593406592,36.21722357199869,138.0,227.0,36.21722357199869,192.9502444715778,181.77568308234976,156.86096594763262,34.26053830045608,37.17251069552596,38.00014571858053,2.4250440917107585e-06,0.0001671245421245,0.0004757495590828,0.0011365486365486,0.006955060371727,0.009133665716999,0.009154015737349,0.004225410392077,12.218463284003974,0.3653862737596372,0.0838058822338018,4.9516557494786575,3.0664345361247745,280.0,1.463627730294397,0.0073209682733492,0.5600695339408717,1.0,47.0,2.08677078421038,4.02544883117187,18.12777053455019,7.786701434159061,7.0,20.977777777777774,20.14786845631341,14.969933765591058
E05-20240508-17W,E05,4,SA,SA,119,1.889,1,9.927,2,21.49,4.49,,,E05,20240508,17,2024-05-08,campaign_2,E,E_SA_SPRAY,surface_inhibitor_spray_campaign2,SA,SA,4,5.0,36,252,E05-20240508-17W.png,Data/Images_dataset/E05-20240508-17W.png,True,2835.0,650.0,,E05-20240508-17W,,,4.49,False,False,1.8886989553656224,0.0,14.23915343915344,134.41400732600732,29.74766409504451,96.0,173.0,29.74766409504451,139.82810744810746,136.15810554877223,115.42476190476192,29.821543850745925,29.937116540186786,30.03510141224768,1.814543481210148e-06,0.0003482227648894,0.0024627255460588,0.0094842117758784,0.0128456281372948,0.0052781169447836,0.0007539682539682,7.531203364536698e-05,6.689042094563613,0.463744870455884,0.1091374931320519,5.120717851981968,3.212488374540873,374.0,1.0986840320173654,0.0050499972068599,0.5601024144055304,1.0,47.0,1.9248245443701633,3.748155736241043,17.410691003911342,5.500391134289438,6.0,20.47830687830688,19.60045436606751,6.739829676275144
E05-20240522-19W,E05,4,SA,SA,133,2.96,1,14.435,3,21.49,4.49,,,E05,20240522,19,2024-05-22,campaign_2,E,E_SA_SPRAY,surface_inhibitor_spray_campaign2,SA,SA,4,5.0,36,252,E05-20240522-19W.png,Data/Images_dataset/E05-20240522-19W.png,True,2835.0,650.0,,E05-20240522-19W,,,4.49,False,False,2.9595441595441594,0.0001085334418667,3.284330484330485,161.38959598426266,38.82079765832351,112.0,213.0,38.82079765832351,171.62310025776694,162.16630362230362,135.3416920363587,36.46892696726432,39.78673064681408,41.72837913944579,2.1910188576855244e-05,0.0002263600596933,0.0008729649979649,0.0050641364808031,0.0089219746303079,0.0092704178537511,0.0050653744403744,0.001806861348528,11.87583500230695,0.3686939877093095,0.0783085222577127,5.050576721728521,3.176334854758097,465.0,1.818152218152218,0.0063646110957938,0.5081046718508202,1.0,47.0,3.0098754473078313,5.006132911720534,21.31812255541069,10.014341590612776,11.0,20.47830687830688,19.70509088873502,6.751456850192756
E05-20240529-20W,E05,4,SA,SA,140,2.119,1,11.526,2,21.49,4.49,,,E05,20240529,20,2024-05-29,campaign_2,E,E_SA_SPRAY,surface_inhibitor_spray_campaign2,SA,SA,4,5.0,36,252,E05-20240529-20W.png,Data/Images_dataset/E05-20240529-20W.png,True,2835.0,650.0,,E05-20240529-20W,,,4.49,False,False,2.1188441188441187,0.0,0.4370099036765703,192.7427806267806,32.99736106279874,151.0,230.0,32.99736106279874,207.2784257224257,191.9425651878985,163.05578673178672,30.186138134915748,34.44486601982632,35.08891558285891,3.900420567087234e-07,5.7709266042599374e-05,0.0004707468457468,0.0008541412291412,0.0026910866910866,0.0093257190340523,0.0128686745353412,0.0049815323565323,8.717198825989108,0.4040976393739478,0.0970925415707579,5.086460667837705,3.183476104085065,251.0,1.389010989010989,0.0084416100352355,0.6891158256113314,1.0,47.0,2.1645815417903407,4.277711354393412,18.860495436766623,6.746544980443284,8.0,20.47830687830688,20.17194941937163,6.564766280881091
E05-20240619-23W,E05,4,SA,SA,161,2.133,1,9.93,2,21.49,4.49,,,E05,20240619,23,2024-06-19,campaign_2,E,E_SA_SPRAY,surface_inhibitor_spray_campaign2,SA,SA,4,5.0,36,252,E05-20240619-23W.png,Data/Images_dataset/E05-20240619-23W.png,True,2835.0,650.0,,E05-20240619-23W,,,4.49,False,False,2.1331705331705333,0.0,0.6699769366436032,165.7439647266314,31.052216234773727,130.0,207.0,31.052216234773727,177.45476597476596,167.47538515805184,130.6321286121286,29.60067010408173,32.262750740318374,32.09354967036074,9.276217609550942e-06,0.0001030558947225,0.0005324752408085,0.0020206043956043,0.0108096425179758,0.0108872608872608,0.0062827126577126,0.0006049721883055,10.036072205214182,0.3865113432292006,0.0920106660571425,5.01058260576116,3.118683265074763,296.0,1.22995522995523,0.0072066572066572,0.6086108613612768,1.0,47.0,2.1806152736553024,3.976121613372166,19.71186440677966,4.989569752281616,5.0,20.47830687830688,18.56405037229785,3.923313467458989
E05-20240626-24W,E05,4,SA,SA,168,3.614,1,17.046,3,21.49,4.49,,,E05,20240626,24,2024-06-26,campaign_2,E,E_SA_SPRAY,surface_inhibitor_spray_campaign2,SA,SA,4,5.0,36,252,E05-20240626-24W.png,Data/Images_dataset/E05-20240626-24W.png,True,2835.0,650.0,,E05-20240626-24W,,,4.49,False,False,3.6140008140008137,0.0,0.6277031610364944,168.95315805182472,35.450401210362884,129.0,212.0,35.450401210362884,184.30831094831095,167.4181576448243,140.4028148148148,34.070191937863406,36.46220954224143,35.472617361064216,2.60989010989011e-05,0.000342965676299,0.0006546771130104,0.0018852428435761,0.0096490469407136,0.0086541853208519,0.0094376611043277,0.0006001221001221,5.582901864743569,0.5127860383890108,0.1125190891051034,4.943997854058685,2.937347917779324,203.0,2.239044905711572,0.0178029596748808,0.6779245075882909,1.0,47.0,3.69244639241033,5.80374010621205,24.754889178617994,11.819035202086049,12.0,20.47830687830688,18.939476705538244,4.1028766701906845
E05-20240710-26W,E05,4,SA,SA,182,1.697,1,8.547,2,21.49,4.49,,,E05,20240710,26,2024-07-10,campaign_2,E,E_SA_SPRAY,surface_inhibitor_spray_campaign2,SA,SA,4,5.0,36,252,E05-20240710-26W.png,Data/Images_dataset/E05-20240710-26W.png,True,2835.0,650.0,,E05-20240710-26W,,,4.49,False,False,1.696703296703297,0.0,1.2889974223307556,163.37666151132817,30.174282372870795,127.0,202.0,30.174282372870795,175.4528427621761,165.5266525573192,125.1419704246371,28.875230692448017,31.28822526149849,29.139329837075767,0.0,9.094763261429928e-05,0.0005669854836521,0.0025349511599511,0.0107801519468186,0.0109108838692172,0.0062624135124135,0.000103666395333,8.28279487761826,0.4213152850008356,0.0993315515218908,5.027533811555202,3.110179185044075,370.0,0.4989824989824989,0.0045856845856845,0.6487812195855912,1.0,47.0,1.73025604038947,3.0445684468188783,13.595827900912646,5.5582790091264656,6.0,20.47830687830688,19.297800981981883,4.085547259122503
E05-20240724-28W,E05,4,SA,SA,196,4.77,1,16.603,3,21.49,4.49,,,E05,20240724,28,2024-07-24,campaign_2,E,E_SA_SPRAY,surface_inhibitor_spray_campaign2,SA,SA,4,5.0,36,252,E05-20240724-28W.png,Data/Images_dataset/E05-20240724-28W.png,True,2835.0,650.0,,E05-20240724-28W,,,4.49,False,False,4.769990503323837,0.0,0.9367521367521368,154.89674182607516,30.509069304096386,118.0,191.0,30.509069304096386,175.17405670872338,154.13654483787818,109.78199810066477,28.63788580429103,31.91109452097364,29.799663987155707,3.2492199158865824e-05,0.0003515635598968,0.0009581298331298,0.0034169380002713,0.0118162562745896,0.0116924603174603,0.0029523809523809,2.9778863112196445e-05,5.966579729808405,0.4486303323386109,0.1062943478052323,4.969004992774754,3.0534407550542433,581.0,2.210717677384344,0.0082099664428981,0.6159455395375768,1.0,47.0,4.8383034203445305,5.741047800051191,24.61408083441982,11.452411994784876,17.0,20.47830687830688,17.423911510752085,1.818960502559669
E05-20240807-30W,E05,4,SA,SA,210,3.563,1,14.413,3,21.49,4.49,,,E05,20240807,30,2024-08-07,campaign_2,E,E_SA_SPRAY,surface_inhibitor_spray_campaign2,SA,SA,4,5.0,36,252,E05-20240807-30W.png,Data/Images_dataset/E05-20240807-30W.png,True,2835.0,650.0,,E05-20240807-30W,,,4.49,False,False,3.563044363044363,0.0,0.6642789309455976,175.4079484466151,34.07177675079425,132.0,215.0,34.07177675079425,192.0572155745489,175.0723256003256,138.07446696513364,31.59063148428608,35.88753869008297,34.92935765563607,8.32654999321666e-06,0.0001365486365486,0.0007069427486094,0.001697039072039,0.0063323836657169,0.0115990537240537,0.0091356328856328,0.001634072717406,8.55934280094769,0.3954160726995889,0.0905457474568621,5.148147827667068,3.3134606314162145,460.0,1.7800027133360468,0.0077457486153138,0.6150552644275968,1.0,47.0,3.639462953202586,5.49859969525613,24.08865710560626,10.713428943937418,12.0,20.47830687830688,18.59748599484808,2.2264574000708817
E05-20240902-33W,E05,4,SA,SA,231,2.646,1,11.288,2,21.49,4.49,,,E05,20240902,33,2024-09-02,campaign_2,E,E_SA_SPRAY,surface_inhibitor_spray_campaign2,SA,SA,4,5.0,36,252,E05-20240902-33W.png,Data/Images_dataset/E05-20240902-33W.png,True,2835.0,650.0,,E05-20240902-33W,,,4.49,False,False,2.6460995794329127,0.0,0.1383801383801383,195.28685877085877,33.395346636555715,156.0,237.0,33.395346636555715,215.9784533984534,196.11886256952923,141.4489995929996,28.322574025429944,36.23132902035055,38.63611564757149,6.681590014923348e-06,4.588929588929589e-05,0.0003786290869624,0.000845238095238,0.0023424908424908,0.0095297788631121,0.0113503425586758,0.0067509496676163,7.682953973836263,0.4113014173638457,0.0970021475151951,5.086140507238225,3.2380703055787503,165.0,1.2737484737484737,0.0160369671480782,0.6788040062196449,1.0,47.0,2.6993536575217068,4.0284065046064805,17.22555410691004,7.64954367666232,8.0,20.977777777777774,17.53236489088502,1.89453140457981
E05-20240918-36W,E05,4,SA,SA,252,2.385,1,9.393,2,21.49,4.49,0.2336,1.64,E05,20240918,36,2024-09-18,campaign_2,E,E_SA_SPRAY,surface_inhibitor_spray_campaign2,SA,SA,4,5.0,36,252,E05-20240918-36W.png,Data/Images_dataset/E05-20240918-36W.png,True,2835.0,650.0,,E05-20240918-36W,0.2336,23.36,4.49,True,True,2.385293718627052,0.0,1.1075837742504409,180.68021272554608,32.79915954329056,141.0,217.0,32.79915954329056,199.31401546601543,181.7628099308099,131.16836847103514,31.150110357649627,34.40613811087119,30.851224802445813,4.3074209740876405e-06,8.470695970695971e-05,0.0006748066748066,0.001208604666938,0.0054159713743047,0.0097811694478361,0.0132073158323158,0.0008731176231176,6.825782264802359,0.4579305928954056,0.1162753444291627,5.155156748898907,3.27799821595732,667.0,0.8264821598154931,0.0035761525016897,0.6185120395921263,1.0,47.0,2.4367388831867736,3.5558268889117532,16.76140808344198,6.140547588005215,8.0,20.47830687830688,17.66448769454571,1.9805683343269336
E06-20240110-0W,E06,4,SA,SA,0,0.035,1,0.248,1,11.5,9.37,,,E06,20240110,0,2024-01-10,campaign_2,E,E_SA_SPRAY,surface_inhibitor_spray_campaign2,SA,SA,4,5.0,36,252,E06-20240110-0W.png,Data/Images_dataset/E06-20240110-0W.png,True,2835.0,650.0,,E06-20240110-0W,,,9.37,False,False,0.0347849681183014,0.0,0.0135124135124135,220.8089757156424,21.540990453742193,189.0,243.0,21.540990453742193,234.37656708723375,219.84489757156425,194.39200434133767,20.09250885760314,22.09790730371522,22.94447854839596,0.0,7.919549586216253e-06,6.003256003256003e-06,6.003256003256003e-06,0.0003578551078551,0.0031456552706552,0.0100073938407271,0.0177191697191697,5.264561162789805,0.5021699049887238,0.17340838299945,4.908217743819603,2.9457579358074,8.0,0.0296296296296296,0.0043481210147876,0.3891493894578436,0.8041066303484722,47.0,0.0355627063164026,0.1259030331497048,0.7131681877444589,0.034941329856584,0.0,10.488888888888887,11.188100603389216,0.1193849721605609
E06-20240124-2W,E06,4,SA,SA,14,0.0,1,0.0,1,1.51,9.37,,,E06,20240124,2,2024-01-24,campaign_2,E,E_SA_SPRAY,surface_inhibitor_spray_campaign2,SA,SA,4,5.0,36,252,E06-20240124-2W.png,Data/Images_dataset/E06-20240124-2W.png,True,2835.0,650.0,,E06-20240124-2W,,,9.37,False,False,0.0,0.0,0.0037986704653371,237.69154958621624,20.821509790486253,204.0,254.0,20.821509790486253,242.94586568986568,237.4234692714693,229.34763098629764,18.41512570090824,21.651791676707273,23.49458221892032,0.0,0.0,5.087505087505087e-07,2.730294396961063e-06,2.5149233482566816e-05,0.0013321801655134,0.0058664190747524,0.0240230124813458,6.23251845248072,0.5716610599283812,0.3814135306185241,5.2525547950539515,2.88630970772215,0.0,0.0,0.0,0.0,0.0,47.0,0.0,0.0,0.0,0.0,0.0,0.4994708994708994,0.0,1.0
E06-20240207-4W,E06,4,SA,SA,28,0.003,1,0.011,1,11.5,9.37,,,E06,20240207,4,2024-02-07,campaign_2,E,E_SA_SPRAY,surface_inhibitor_spray_campaign2,SA,SA,4,5.0,36,252,E06-20240207-4W.png,Data/Images_dataset/E06-20240207-4W.png,True,2835.0,650.0,,E06-20240207-4W,,,9.37,False,False,0.0027133360466693,0.0,0.0344051010717677,211.841931352598,26.313963238130604,171.0,241.0,26.313963238130604,223.7838844118844,211.12367928367928,188.3294358974359,25.164416712211203,26.8353940287659,27.076049427291416,0.0,3.561253561253561e-07,8.784425451092118e-06,1.1803011803011803e-05,0.0014372541039207,0.0055459232125898,0.0111031746031746,0.0131427045177045,9.108422187338814,0.3877955066513472,0.1177210222820188,4.901390535360441,3.0467927770613583,10.0,0.0009225342558675,0.0002713336046669,0.5422880001012866,1.0,47.0,0.0027740020527615,0.0058900366707965,0.0221642764015645,0.0093872229465449,0.0,11.487830687830687,14.923343915343915,0.1827113228915024
E06-20240221-6W,E06,4,SA,SA,42,0.001,1,0.009,1,11.5,9.37,,,E06,20240221,6,2024-02-21,campaign_2,E,E_SA_SPRAY,surface_inhibitor_spray_campaign2,SA,SA,4,5.0,36,252,E06-20240221-6W.png,Data/Images_dataset/E06-20240221-6W.png,True,2835.0,650.0,,E06-20240221-6W,,,9.37,False,False,0.0012481345814679,0.0,0.0408628408628408,229.85854836521503,26.071421030610377,189.0,254.0,26.071421030610377,236.33025695292363,229.3905288291955,219.14580653913987,23.927338394946993,26.84630169791229,28.59771506128378,0.0,0.0,6.7663817663817665e-06,1.3447971781305116e-05,0.0003135259801926,0.0031045312711979,0.0070475342558675,0.0207641941391941,9.180044156736532,0.4841712648055566,0.2548129044983074,4.900680990248081,2.6109613585316738,4.0,0.0008140008140008,0.0003120336453669,0.6168763997802325,0.860439603151109,47.0,0.0012760409442702,0.0052873672544318,0.0260756192959582,0.0,0.0,10.488888888888887,12.14483551874856,0.1441274611864302
E06-20240306-8W,E06,4,SA,SA,56,0.022,1,0.179,1,11.5,9.37,,,E06,20240306,8,2024-03-06,campaign_2,E,E_SA_SPRAY,surface_inhibitor_spray_campaign2,SA,SA,4,5.0,36,252,E06-20240306-8W.png,Data/Images_dataset/E06-20240306-8W.png,True,2835.0,650.0,,E06-20240306-8W,,,9.37,False,False,0.0223578890245556,0.0,0.0073260073260073,232.7803142043142,24.272616814001797,195.0,253.0,24.272616814001797,238.67489078822413,233.1962208655542,219.43380599647267,22.382844537439325,24.97706095376311,26.438970275298065,0.0,0.0,8.309591642924976e-07,1.9722561389228055e-05,0.0001273063356396,0.0025663919413919,0.0064119013702347,0.0221238468321801,7.549647939599405,0.5176265579824395,0.3083527234241322,5.220253186463264,3.0450334782406907,5.0,0.0217609550942884,0.0044715778049111,0.526506166060898,0.9873534931844618,47.0,0.0228577769147549,0.1084239559479629,0.5371577574967406,0.0,0.0,10.488888888888887,10.73889145733806,2.1408522247887164e-05
E06-20240320-10W,E06,4,SA,SA,70,0.035,1,0.253,1,11.5,9.37,,,E06,20240320,10,2024-03-20,campaign_2,E,E_SA_SPRAY,surface_inhibitor_spray_campaign2,SA,SA,4,5.0,36,252,E06-20240320-10W.png,Data/Images_dataset/E06-20240320-10W.png,True,2835.0,650.0,,E06-20240320-10W,,,9.37,False,False,0.034730701397368,0.0,0.0397232397232397,222.65058960792297,29.234096400727957,178.0,253.0,29.234096400727957,230.3857392484059,222.56966598833264,206.17151919685253,27.69642811771639,29.85885903301931,31.007782494009017,0.0,4.748338081671415e-07,1.5499932166598832e-05,2.4403066069732737e-05,0.0009796160629493,0.0044934032017365,0.0073594152760819,0.0183771876271876,13.307840994705328,0.3851463749928032,0.1580750187440212,5.112791713897566,3.2896896288200943,22.0,0.0290326956993623,0.0015786682453349,0.6415405980544703,1.0,47.0,0.0355072262753474,0.1502655685619978,0.7470664928292047,0.0161668839634941,0.0,10.488888888888887,11.623068783068785,0.0673214493163148
E06-20240405-12W,E06,4,SA,SA,84,0.055,1,0.41,1,11.5,9.37,,,E06,20240405,12,2024-04-05,campaign_2,E,E_SA_SPRAY,surface_inhibitor_spray_campaign2,SA,SA,4,5.0,36,252,E06-20240405-12W.png,Data/Images_dataset/E06-20240405-12W.png,True,2835.0,650.0,,E06-20240405-12W,,,9.37,False,False,0.0546465879799213,0.0,0.0189933523266856,206.19740388007057,26.89245820546614,166.0,237.0,26.89245820546614,209.9966294939628,206.91746248812916,196.77669461402795,26.729452399840255,26.931025807881223,27.338378151310433,2.3741690408357074e-07,1.4295889295889296e-05,6.715506715506716e-06,3.9495997829331166e-05,0.0019189051689051,0.0071159951159951,0.0117892924976258,0.010365062406729,10.132440814154736,0.3717791035067563,0.1072602177734912,4.94713888912925,3.076623037192661,5.0,0.0510649843983177,0.0109293175959842,0.420381057966379,0.76726379023353,47.0,0.0558684013426169,0.2439097427109841,1.2281616688396348,0.0378096479791395,0.0,10.488888888888887,11.38340190097886,0.065049395615206
E06-20240417-14W,E06,4,SA,SA,98,0.07,1,0.462,1,11.5,9.37,,,E06,20240417,14,2024-04-17,campaign_2,E,E_SA_SPRAY,surface_inhibitor_spray_campaign2,SA,SA,4,5.0,36,252,E06-20240417-14W.png,Data/Images_dataset/E06-20240417-14W.png,True,2835.0,650.0,,E06-20240417-14W,,,9.37,False,False,0.0702754036087369,0.0,0.141419074752408,182.39267616334283,27.362850238401276,141.0,213.0,27.362850238401276,192.15150780084113,182.91451851851852,158.84759028625697,27.381745103916774,27.575370104944504,26.844836236160667,1.4889431556098224e-05,7.5803825803825804e-06,1.1209469542802875e-05,0.0011672262922262,0.0055573361823361,0.0099755460588793,0.0142477106227106,0.0002685015601682,9.64361898532491,0.4077435247978392,0.1159386186888593,4.855676793548331,2.9302579465673735,24.0,0.0539953873287206,0.0029281418170307,0.5764807768002864,1.0,47.0,0.0718466531665233,0.2401616784876744,1.3024771838331162,0.0883963494132985,0.0,10.488888888888887,11.599419827991255,0.1409131186086542
E06-20240508-17W,E06,4,SA,SA,119,0.091,1,0.521,1,11.5,9.37,,,E06,20240508,17,2024-05-08,campaign_2,E,E_SA_SPRAY,surface_inhibitor_spray_campaign2,SA,SA,4,5.0,36,252,E06-20240508-17W.png,Data/Images_dataset/E06-20240508-17W.png,True,2835.0,650.0,,E06-20240508-17W,,,9.37,False,False,0.0908967575634242,5.42667209333876e-05,3.85999185999186,152.43279392212725,27.86463755390165,114.0,187.0,27.86463755390165,157.8080065120065,154.42915208248542,132.77513227513228,28.66577031917715,27.69564212228215,26.876530762224206,9.004884004884004e-06,1.6347849681183016e-05,0.0003985042735042,0.0062040259123592,0.0111408221408221,0.0112956518789852,0.0020750407000407,0.0001106023606023,8.94682779884102,0.4008858032073008,0.1005930304505228,4.991312398868189,3.109067364170646,70.0,0.0554063220729887,0.0012985251080489,0.5563871142122558,1.0,47.0,0.0917362478848234,0.2735216748965289,1.3702737940026075,0.1397653194263363,0.0,10.488888888888887,11.557597409776514,0.2398601422661236
E06-20240522-19W,E06,4,SA,SA,133,2.397,1,10.422,2,4.0,9.37,,,E06,20240522,19,2024-05-22,campaign_2,E,E_SA_SPRAY,surface_inhibitor_spray_campaign2,SA,SA,4,5.0,36,252,E06-20240522-19W.png,Data/Images_dataset/E06-20240522-19W.png,True,2835.0,650.0,,E06-20240522-19W,,,9.37,False,False,2.397449464116131,0.0,2.191073124406458,164.08482159815492,36.58046286535038,119.0,207.0,36.58046286535038,173.66412861212862,165.47743426943427,136.62301343101342,35.09774211971174,37.499258127870654,37.28855254043891,7.090286256952924e-05,0.0003760005426672,0.0005393433726767,0.0036023436440103,0.0088229887396554,0.0109433591100257,0.0055683421516754,0.0013267195767195,13.21692570001401,0.3184742578621016,0.077255547985986,5.066074225341144,3.2326196185983775,225.0,2.0948582281915615,0.0106553309516272,0.5635481425906085,1.0,47.0,2.4510527337790227,5.155979241101942,21.233376792698827,11.396870925684482,7.0,4.495238095238095,5.407830457885915,3.083305725187519
E06-20240529-20W,E06,4,SA,SA,140,1.154,1,5.616,2,6.5,9.37,,,E06,20240529,20,2024-05-29,campaign_2,E,E_SA_SPRAY,surface_inhibitor_spray_campaign2,SA,SA,4,5.0,36,252,E06-20240529-20W.png,Data/Images_dataset/E06-20240529-20W.png,True,2835.0,650.0,,E06-20240529-20W,,,9.37,False,False,1.1541988875322209,0.0,0.6160900827567494,193.06465879799217,31.651417701585903,156.0,233.0,31.651417701585903,203.86389906389903,193.56757075023745,166.61346194546195,31.28935404427613,32.28622560026657,31.45578332385705,2.0858770858770857e-06,7.024148690815357e-05,0.0003296872880206,0.00052209673043,0.0027869522452855,0.0107178639261972,0.0113441527608194,0.005476919685253,8.412127986294331,0.3775277990721462,0.0927039673285269,5.031315167824725,3.1629502712997324,165.0,0.8874236874236874,0.0069951447729225,0.6365862893806575,1.0,47.0,1.1800049932036951,2.6222021174813226,8.988265971316817,6.36114732724902,6.0,4.994708994708994,5.815373493628232,2.1157609016561283
E06-20240619-23W,E06,4,SA,SA,161,2.134,1,10.118,2,4.0,9.37,,,E06,20240619,23,2024-06-19,campaign_2,E,E_SA_SPRAY,surface_inhibitor_spray_campaign2,SA,SA,4,5.0,36,252,E06-20240619-23W.png,Data/Images_dataset/E06-20240619-23W.png,True,2835.0,650.0,,E06-20240619-23W,,,9.37,False,False,2.1340930674264005,0.0,0.3394383394383394,173.82380572513907,33.14807183026714,133.0,214.0,33.14807183026714,188.3724471577805,175.07861185727853,133.7761557454891,32.18189333818481,34.27273741993683,32.54550476987121,1.809455976122643e-05,0.0002368572785239,0.0003685558268891,0.001695292361959,0.0077347883597883,0.0107533068783068,0.0092395706145706,0.0012035341202007,12.893440857554417,0.3353509395830025,0.0823314529522375,4.9745688648143505,3.1245046962085956,150.0,1.8301994301994304,0.014227287116176,0.6358097788697569,1.0,47.0,2.181697134455879,4.703745131960334,19.491525423728813,9.739504563233371,6.0,4.495238095238095,5.124895010019355,4.7018450006823125
E06-20240626-24W,E06,4,SA,SA,168,3.537,1,13.948,3,4.0,9.37,,,E06,20240626,24,2024-06-26,campaign_2,E,E_SA_SPRAY,surface_inhibitor_spray_campaign2,SA,SA,4,5.0,36,252,E06-20240626-24W.png,Data/Images_dataset/E06-20240626-24W.png,True,2835.0,650.0,,E06-20240626-24W,,,9.37,False,False,3.536670736670737,0.0,2.4036901370234705,153.92585049518382,32.12158943906121,115.0,193.0,32.12158943906121,170.40697870031204,151.8159370506037,125.6811629358296,30.74692797406006,33.12478257765767,32.27968871150719,5.401234567901235e-05,0.0004442409442409,0.0006502849002849,0.0048050976800976,0.0108617385700719,0.0109684744268077,0.0033927723511056,7.337878171211504e-05,11.327083433363727,0.3506031441052026,0.087327211493656,4.96163264599756,3.0954510646191578,510.0,2.132573599240266,0.0069346485032759,0.5414438490687152,1.0,47.0,3.6148575549945896,5.976651904065722,23.19556714471969,12.888657105606256,13.0,4.495238095238095,4.8449076550224275,4.133498928563378
E06-20240710-26W,E06,4,SA,SA,182,2.016,1,7.553,2,4.0,9.37,,,E06,20240710,26,2024-07-10,campaign_2,E,E_SA_SPRAY,surface_inhibitor_spray_campaign2,SA,SA,4,5.0,36,252,E06-20240710-26W.png,Data/Images_dataset/E06-20240710-26W.png,True,2835.0,650.0,,E06-20240710-26W,,,9.37,False,False,2.0163342830009494,0.0,1.8811016144349475,166.43682214082213,34.419144690752496,121.0,208.0,34.419144690752496,179.2555642382309,168.71859394926062,125.26310676977344,33.392259688343806,35.69069062455728,32.52432699681022,1.1107719441052774e-05,9.369488536155204e-05,0.0008074718491385,0.003625644417311,0.00808197666531,0.0093623829873829,0.0091036155202821,0.0001641059557726,15.529860218610736,0.333699813459216,0.0821476373522817,5.066878953334429,3.264135739537066,572.0,0.9832044498711164,0.0035250599353163,0.63948998633068,1.0,47.0,2.061277705345502,3.55824678819256,14.01303780964798,7.368187744458929,9.0,4.994708994708994,5.210926048389713,3.501542089118976
E06-20240724-28W,E06,4,SA,SA,196,3.536,1,11.835,2,4.0,9.37,,,E06,20240724,28,2024-07-24,campaign_2,E,E_SA_SPRAY,surface_inhibitor_spray_campaign2,SA,SA,4,5.0,36,252,E06-20240724-28W.png,Data/Images_dataset/E06-20240724-28W.png,True,2835.0,650.0,,E06-20240724-28W,,,9.37,False,False,3.535911002577669,0.0,0.6461538461538461,158.10336399403067,28.52807229051759,124.0,191.0,28.52807229051759,179.6830611857279,157.2940762447429,109.74637633970968,27.21636653146531,29.95343532635914,27.231385227973146,1.979039479039479e-05,0.0002363485280151,0.0007696377696377,0.0027786765703432,0.0111010887260887,0.0132226631393298,0.0031151302401302,6.664631664631665e-06,7.673492717246162,0.3929616495527616,0.102480165935899,4.96826948869487,3.092269346316473,382.0,1.6763532763532762,0.0092563115250724,0.6371713908928163,1.0,47.0,3.6149685150767006,5.48906125874269,18.45632333767927,12.574185136897002,13.0,4.495238095238095,5.401754075685135,2.7600652737456635
E06-20240807-30W,E06,4,SA,SA,210,2.163,1,6.964,2,4.0,9.37,,,E06,20240807,30,2024-08-07,campaign_2,E,E_SA_SPRAY,surface_inhibitor_spray_campaign2,SA,SA,4,5.0,36,252,E06-20240807-30W.png,Data/Images_dataset/E06-20240807-30W.png,True,2835.0,650.0,,E06-20240807-30W,,,9.37,False,False,2.1627458960792296,0.0,0.736996336996337,181.1387448107448,32.42285003034041,139.0,221.0,32.42285003034041,199.2044471577805,181.09996364129697,138.33446425179758,30.58251103223521,34.276508707735395,31.883384023756207,1.146384479717813e-05,1.622914122914123e-05,0.0004614875864875,0.0013735924569257,0.0055888447971781,0.010501339709673,0.0109234160900827,0.0023736263736263,9.866137907150758,0.3707610985195987,0.0885500877572681,5.109183417411545,3.30970551723363,410.0,0.5221001221001221,0.0052749899904371,0.5603088984887704,1.0,47.0,2.211101556215152,3.362646394113636,11.168187744458931,7.499348109517601,12.0,10.488888888888887,5.795528706232776,2.085329821108631
E06-20240902-33W,E06,4,SA,SA,231,4.323,1,14.481,3,4.0,9.37,,,E06,20240902,33,2024-09-02,campaign_2,E,E_SA_SPRAY,surface_inhibitor_spray_campaign2,SA,SA,4,5.0,36,252,E06-20240902-33W.png,Data/Images_dataset/E06-20240902-33W.png,True,2835.0,650.0,,E06-20240902-33W,,,9.37,False,False,4.32326685660019,0.0,0.1560710894044227,190.8929078822412,36.09947997159475,147.0,229.0,36.09947997159475,212.3749711029711,190.62025179758513,140.7187442680776,31.754983117144928,38.73370420225964,38.119217409863424,1.5822140822140822e-05,0.000184710351377,0.0008030626780626,0.0008778829195495,0.0028690306606973,0.0086891703975037,0.012495760412427,0.0053145604395604,7.739475622675177,0.4171969292040552,0.0986850973823255,5.00116815353864,3.1327833386123216,90.0,2.0842219508886175,0.0480362984066687,0.6729532917984181,1.0,47.0,4.4193736303364854,6.5778380209887715,21.77705345501956,15.05058670143416,16.0,4.495238095238095,5.071689106965946,2.926252644471002
E06-20240918-36W,E06,4,SA,SA,252,2.638,1,8.772,2,4.0,9.37,0.0301,1.87,E06,20240918,36,2024-09-18,campaign_2,E,E_SA_SPRAY,surface_inhibitor_spray_campaign2,SA,SA,4,5.0,36,252,E06-20240918-36W.png,Data/Images_dataset/E06-20240918-36W.png,True,2835.0,650.0,,E06-20240918-36W,0.0301,3.01,9.37,True,True,2.6377967711301045,0.0,1.0455569122235788,179.88223524623524,29.566358494199573,145.0,211.0,29.566358494199573,201.4446512006512,180.59640374440377,124.3721047347714,27.865046331995956,31.54053650015275,26.744036633742947,4.1208791208791205e-06,7.052977886311219e-05,0.0007041276624609,0.0008970797720797,0.004739248405915,0.0113695902862569,0.0133913817663817,7.392144892144892e-05,6.344550780247007,0.454434750137541,0.1218501752525744,5.013282338383795,3.1205923501648676,270.0,1.078768145434812,0.0097696176708522,0.6800207097718777,1.0,47.0,2.696690615551055,4.116626762091586,13.869621903520208,9.698044328552802,12.0,4.495238095238095,4.928185488224988,3.221227866695942
F01-20240110-0W,F01,4,SA,SA,0,0.0,1,0.001,1,1.51,7.31,,,F01,20240110,0,2024-01-10,campaign_2,F,F_SA_BRUSH,surface_inhibitor_brush_campaign2,SA,SA,4,5.0,36,252,F01-20240110-0W.png,Data/Images_dataset/F01-20240110-0W.png,True,2835.0,650.0,,F01-20240110-0W,,,7.31,False,False,0.0001085334418667,0.0,0.0015737349070682,203.90749531949533,16.37108191569202,185.0,228.0,16.37108191569202,220.75189852123185,202.94838692172024,168.92903649436985,14.762189244915044,16.85736343511394,18.64816497249246,0.0,0.0,4.07000407000407e-07,4.748338081671415e-07,2.2147605480938817e-05,0.0069072039072039,0.020140873015873,0.0041788936372269,3.158947252480091,0.5364400408607013,0.1789640989106555,5.041240146408577,3.0669911624826436,1.0,0.0001085334418667,0.0001085334418667,1.0,1.0,47.0,0.0001109600821104,0.0005263298832425,0.0026075619295958,0.0,0.0,2.497354497354497,2.670899470899471,218.29682746631897
F01-20240124-2W,F01,4,SA,SA,14,0.0,1,0.0,1,1.51,7.31,,,F01,20240124,2,2024-01-24,campaign_2,F,F_SA_BRUSH,surface_inhibitor_brush_campaign2,SA,SA,4,5.0,36,252,F01-20240124-2W.png,Data/Images_dataset/F01-20240124-2W.png,True,2835.0,650.0,,F01-20240124-2W,,,7.31,False,False,0.0,0.0,0.0005969339302672,216.19263709130377,19.378640290928463,192.0,244.0,19.378640290928463,227.83475892009224,214.36181684981685,199.41173029439696,18.659643926089807,19.826685642089306,20.30188288954122,0.0,0.0,1.6958350291683625e-08,3.900420567087234e-07,3.225478225478226e-05,0.0029556708723375,0.0176628171211504,0.0105988502238502,6.069612511896867,0.4395711151952174,0.1326919796352252,4.954528541884794,2.9726545780210514,0.0,0.0,0.0,0.0,0.0,47.0,0.0,0.0,0.0,0.0,0.0,0.4994708994708994,0.0,1.0
F01-20240207-4W,F01,4,SA,SA,28,0.001,1,0.007,1,9.0,7.31,,,F01,20240207,4,2024-02-07,campaign_2,F,F_SA_BRUSH,surface_inhibitor_brush_campaign2,SA,SA,4,5.0,36,252,F01-20240207-4W.png,Data/Images_dataset/F01-20240207-4W.png,True,2835.0,650.0,,F01-20240207-4W,,,7.31,False,False,0.0010853344186677,0.0,0.0025505358838692,171.44335911002577,23.29280039674652,142.0,201.0,23.29280039674652,189.89524786324787,169.1015639668973,139.7263025369692,22.66645923299872,23.577159243274295,24.179780238333016,0.0,1.35666802333469e-07,6.105006105006105e-07,0.0004115961199294,0.0099415784832451,0.0146626644959978,0.0056623253289919,0.0005710894044227,8.611661196537488,0.3682102868443088,0.106335352158658,5.008436664445733,3.162125482141402,2.0,0.0008682675349342,0.0005426672093338,0.342624688285778,0.685249376571556,47.0,0.0011096008211046,0.0042945995684459,0.0208604954367666,0.0,0.0,9.989417989417989,11.351957671957672,0.0004408305826922
F01-20240221-6W,F01,4,SA,SA,42,0.0,1,0.0,1,1.51,7.31,,,F01,20240221,6,2024-02-21,campaign_2,F,F_SA_BRUSH,surface_inhibitor_brush_campaign2,SA,SA,4,5.0,36,252,F01-20240221-6W.png,Data/Images_dataset/F01-20240221-6W.png,True,2835.0,650.0,,F01-20240221-6W,,,7.31,False,False,0.0,0.0,0.0015737349070682,200.5897218830552,21.641846079773007,173.0,229.0,21.641846079773007,215.57235761769095,197.88559544159543,180.37660018993353,20.886573762444332,21.970967490733095,22.551752772537576,0.0,0.0,2.71333604666938e-07,1.2905304571971238e-05,0.0007979582146248,0.0096424501424501,0.0162673653506986,0.0045290496540496,7.799092715596583,0.4113752599060761,0.1230625324707865,4.70806545121012,2.6843395951892695,0.0,0.0,0.0,0.0,0.0,47.0,0.0,0.0,0.0,0.0,0.0,0.4994708994708994,0.0,1.0
F01-20240306-8W,F01,4,SA,SA,56,0.0,1,0.0,1,1.51,7.31,,,F01,20240306,8,2024-03-06,campaign_2,F,F_SA_BRUSH,surface_inhibitor_brush_campaign2,SA,SA,4,5.0,36,252,F01-20240306-8W.png,Data/Images_dataset/F01-20240306-8W.png,True,2835.0,650.0,,F01-20240306-8W,,,7.31,False,False,0.0,0.0,0.0002713336046669,239.30038529371865,19.121666693736525,209.0,255.0,19.121666693736525,243.711803011803,239.29312711979375,230.8707871387871,15.559564925208514,19.828688373762414,25.985923957714174,0.0,0.0,0.0,4.917921584588251e-07,3.588386921720255e-05,0.000544651336318,0.006091168091168,0.0245778049111382,2.3723137723438485,0.6867618597150309,0.4306035064665288,5.530419583445101,2.94052073544143,0.0,0.0,0.0,0.0,0.0,47.0,0.0,0.0,0.0,0.0,0.0,0.4994708994708994,0.0,1.0
F01-20240320-10W,F01,4,SA,SA,70,0.106,1,0.838,1,1.51,7.31,,,F01,20240320,10,2024-03-20,campaign_2,F,F_SA_BRUSH,surface_inhibitor_brush_campaign2,SA,SA,4,5.0,36,252,F01-20240320-10W.png,Data/Images_dataset/F01-20240320-10W.png,True,2835.0,650.0,,F01-20240320-10W,,,7.31,False,False,0.105711572378239,0.0,0.0056980056980056,221.4368378781712,26.84257202162319,184.0,254.0,26.84257202162319,228.0679592999593,221.26889757156425,208.15220458553793,23.540762642793457,27.589639868627152,33.4430799410018,0.0,0.0,6.2576312576312575e-06,5.9744268077601414e-05,0.000375814000814,0.0043915004748338,0.0100871828788495,0.0163295007461674,7.718319068383291,0.4310978082809228,0.1515025669747101,5.221793418536433,3.329202276580081,9.0,0.1037037037037037,0.0117457302642487,0.7240657563522641,1.0,47.0,0.1080473799550611,0.3938601986911139,2.1251629726205996,0.0615384615384613,0.0,1.9978835978835976,2.252273393957171,211593.78574532812
F01-20240405-12W,F01,4,SA,SA,84,0.027,1,0.212,1,1.51,7.31,,,F01,20240405,12,2024-04-05,campaign_2,F,F_SA_BRUSH,surface_inhibitor_brush_campaign2,SA,SA,4,5.0,36,252,F01-20240405-12W.png,Data/Images_dataset/F01-20240405-12W.png,True,2835.0,650.0,,F01-20240405-12W,,,7.31,False,False,0.0269162935829602,0.0,0.0086284086284086,216.52258418125083,28.699468541550186,178.0,254.0,28.699468541550186,220.22486555419889,217.1729312169312,207.6036109076109,25.91627770600071,29.46687163192998,33.87217046068681,0.0,0.0,3.1881698548365216e-06,2.6692443359110023e-05,0.0006859991859991,0.0063123558540225,0.0100754137837471,0.0141463505630172,9.44908168647686,0.4014813731991572,0.1319627537551712,5.194363442851333,3.2612185685346247,11.0,0.0247456247456247,0.0024469357802691,0.6914100266959153,1.0,47.0,0.0275181003633942,0.12092120271902,0.623207301173403,0.0065189048239895,0.0,2.497354497354497,2.598668714797747,78.15047126692058
F01-20240417-14W,F01,4,SA,SA,98,0.317,1,1.637,1,1.51,7.31,,,F01,20240417,14,2024-04-17,campaign_2,F,F_SA_BRUSH,surface_inhibitor_brush_campaign2,SA,SA,4,5.0,36,252,F01-20240417-14W.png,Data/Images_dataset/F01-20240417-14W.png,True,2835.0,650.0,,F01-20240417-14W,,,7.31,False,False,0.3172432505765839,0.0,0.1013159679826346,192.36495563695564,33.35426515197995,144.0,231.0,33.35426515197995,201.3284645231312,192.9615178401845,170.6713949260616,31.331957396250996,34.039490884713054,36.456037395471625,1.3397096730430063e-06,6.78334011667345e-06,7.40401573734907e-05,0.0008460181793515,0.0056952245285578,0.0066404320987654,0.0116894078144078,0.0062967541717541,6.161666508581793,0.4873395957666505,0.1149405934111421,4.909385897358242,2.9292762945351196,42.0,0.2260208926875593,0.0075534107280139,0.6738925438162363,1.0,47.0,0.3236428194956864,0.7902573308728976,3.537157757496741,1.5016949152542372,0.0,1.9978835978835976,3.7086562149853295,19.59414273418142
F01-20240508-17W,F01,4,SA,SA,119,0.12,1,0.372,1,21.49,7.31,,,F01,20240508,17,2024-05-08,campaign_2,F,F_SA_BRUSH,surface_inhibitor_brush_campaign2,SA,SA,4,5.0,36,252,F01-20240508-17W.png,Data/Images_dataset/F01-20240508-17W.png,True,2835.0,650.0,,F01-20240508-17W,,,7.31,False,False,0.1196581196581196,0.0001085334418667,2.811830145163478,164.22300800434132,30.903716904639765,119.0,202.0,30.903716904639765,167.99239994573327,166.71798941798943,145.51747985347984,29.125632860404178,31.888560307265507,31.298166450261125,1.2888346221679557e-06,4.154795821462488e-06,0.0002786935286935,0.0044688644688644,0.0082206790123456,0.0110454992538325,0.0071820139736806,4.880613213946547e-05,8.980644005348172,0.4520339654742391,0.103993307346339,5.146685472496474,3.2283284871877664,85.0,0.0346764346764346,0.0014077425842131,0.6549654647607894,1.0,47.0,0.1223057505062554,0.247984054237536,1.0873533246414602,0.4495436766623206,0.0,22.47619047619047,12.503826560606605,12.082086936947569
F01-20240522-19W,F01,4,SA,SA,133,0.706,1,2.917,1,4.0,7.31,,,F01,20240522,19,2024-05-22,campaign_2,F,F_SA_BRUSH,surface_inhibitor_brush_campaign2,SA,SA,4,5.0,36,252,F01-20240522-19W.png,Data/Images_dataset/F01-20240522-19W.png,True,2835.0,650.0,,F01-20240522-19W,,,7.31,False,False,0.7059557726224394,5.42667209333876e-05,2.7644010310676976,180.14854483787815,42.5435734663907,118.0,233.0,42.5435734663907,187.48746710080044,181.78493664360332,157.26375254375253,40.86278300809058,43.14028365257227,44.57059159024252,2.4589607922941256e-06,7.502374169040835e-05,0.0003992334825668,0.0041822853072853,0.005290411748745,0.0073589234839234,0.0084054911138244,0.0055361721611721,9.668072394621458,0.3948454631182704,0.0790490302222641,5.128306523488539,3.2284197283881007,236.0,0.4759734093067426,0.0029913380195866,0.5755018231336466,1.0,47.0,0.7191600321784238,1.512678085658143,5.544980443285528,3.3332464146023453,2.0,2.996825396825397,3.527057255030197,26.4334450517411
F01-20240529-20W,F01,4,SA,SA,140,0.129,1,0.527,1,4.0,7.31,,,F01,20240529,20,2024-05-29,campaign_2,F,F_SA_BRUSH,surface_inhibitor_brush_campaign2,SA,SA,4,5.0,36,252,F01-20240529-20W.png,Data/Images_dataset/F01-20240529-20W.png,True,2835.0,650.0,,F01-20240529-20W,,,7.31,False,False,0.1285035951702618,0.0,0.2437118437118437,172.98417853751187,29.464172916844745,130.0,210.0,29.464172916844745,181.4923250576584,174.02416497083163,150.271115995116,30.89869732056917,29.258657155625816,27.9226945481431,1.0683760683760685e-06,2.4080857414190748e-06,5.401234567901235e-05,0.0023612298195631,0.0076852191018857,0.0120613892280558,0.0081159951159951,0.0009686779270112,6.695989421274861,0.4185037624889571,0.1002171650117129,5.109642025837826,3.2159730937439885,83.0,0.0444444444444444,0.0015482360863886,0.6570714491933303,1.0,47.0,0.1313767372187855,0.2591799864184654,1.1212516297262058,0.4396349413298565,0.0,5.4941798941798945,5.295356070356071,14.426174515893894
F01-20240619-23W,F01,4,SA,SA,161,0.873,1,3.361,1,4.0,7.31,,,F01,20240619,23,2024-06-19,campaign_2,F,F_SA_BRUSH,surface_inhibitor_brush_campaign2,SA,SA,4,5.0,36,252,F01-20240619-23W.png,Data/Images_dataset/F01-20240619-23W.png,True,2835.0,650.0,,F01-20240619-23W,,,7.31,False,False,0.8725003391670058,0.0,0.6908153574820242,163.34621028354363,30.41382541005882,127.0,205.0,30.41382541005882,176.0733658933659,164.96806620539954,126.3627269027269,30.476025724633953,31.02763929340284,29.846407172527428,2.3741690408357074e-07,3.110161443494777e-05,0.000287562745896,0.002847154388821,0.0116840998507665,0.0105308641975308,0.0049438509021842,0.0009251288834622,9.148504838722497,0.3896201860036842,0.0939911747044278,5.014216861214707,3.1173284062985926,188.0,0.534690001356668,0.0046409592508883,0.5576690709642023,1.0,47.0,0.8915087797164969,1.6193890909590398,7.3129074315514995,2.940808344198172,1.0,2.996825396825397,5.221176921239117,3.668205587629848
F01-20240626-24W,F01,4,SA,SA,168,1.008,1,4.02,1,4.0,7.31,,,F01,20240626,24,2024-06-26,campaign_2,F,F_SA_BRUSH,surface_inhibitor_brush_campaign2,SA,SA,4,5.0,36,252,F01-20240626-24W.png,Data/Images_dataset/F01-20240626-24W.png,True,2835.0,650.0,,F01-20240626-24W,,,7.31,False,False,1.008329941663275,0.0,0.7588658255324922,191.10423606023605,38.259626324664374,133.0,234.0,38.259626324664374,203.71811368878036,190.55887559354227,165.17055487722155,36.126605480485296,39.2552535313625,40.27234606670938,0.0,3.586691086691087e-05,0.0003241588658255,0.0021312745896079,0.0044350495183828,0.0060701566951566,0.0115439730023063,0.0067095204178537,3.197209853635995,0.5781032643694932,0.1234267236476236,4.953204634541002,2.889403795398904,119.0,0.333089133089133,0.0084733608543132,0.5911653691379715,1.0,47.0,1.0303753224777386,1.755010457978447,7.956975228161668,2.750456323337679,2.0,3.4962962962962965,6.097131136687672,2.354492114664613
F01-20240710-26W,F01,4,SA,SA,182,0.9,1,2.84,1,13.99,7.31,,,F01,20240710,26,2024-07-10,campaign_2,F,F_SA_BRUSH,surface_inhibitor_brush_campaign2,SA,SA,4,5.0,36,252,F01-20240710-26W.png,Data/Images_dataset/F01-20240710-26W.png,True,2835.0,650.0,,F01-20240710-26W,,,7.31,False,False,0.9000135666802334,0.0,1.9118165784832453,165.0039348799349,34.9006021296973,114.0,208.0,34.9006021296973,175.7221684981685,168.06655541988874,125.37732030932033,33.979203799776386,36.057285014787915,33.3125790622872,3.900420567087234e-07,2.2808981142314477e-05,0.0004279270112603,0.0058284154117487,0.0062341609008275,0.0105308981142314,0.0077704178537511,0.0004349816849816,7.656018791675852,0.4248846643585136,0.0943255641808774,5.127493142506078,3.2305552461200935,347.0,0.2497897164563831,0.0025936990394243,0.6419128610549412,1.0,47.0,0.920136480900996,1.426923396520295,5.672750977835723,3.298826597131682,1.0,3.4962962962962965,8.73929645740318,0.9212739310631454
F01-20240724-28W,F01,4,SA,SA,196,3.231,1,8.973,2,13.99,7.31,,,F01,20240724,28,2024-07-24,campaign_2,F,F_SA_BRUSH,surface_inhibitor_brush_campaign2,SA,SA,4,5.0,36,252,F01-20240724-28W.png,Data/Images_dataset/F01-20240724-28W.png,True,2835.0,650.0,,F01-20240724-28W,,,7.31,False,False,3.2305521638854975,0.0,0.3639668973002306,159.9542862569529,29.44483984455873,124.0,195.0,29.44483984455873,179.6047331433998,159.7560580653914,113.90801953601954,27.434440716239266,30.84182423207436,30.165023699234204,4.477004477004477e-06,0.0002339065255731,0.0005980023063356,0.0029874508207841,0.0105674264007597,0.0125539275539275,0.0042649063899063,3.990299823633157e-05,6.269298946634372,0.4424674378066202,0.1069150218674576,5.021416148208399,3.1242883118862683,492.0,1.3345272011938678,0.0065661629347266,0.6723929197010274,1.0,47.0,3.3009514827040976,3.420215027928385,11.941329856584094,9.209387222946544,13.0,13.485714285714286,9.762519318777402,0.6090247610415467
F01-20240807-30W,F01,4,SA,SA,210,1.697,1,7.588,2,13.99,7.31,,,F01,20240807,30,2024-08-07,campaign_2,F,F_SA_BRUSH,surface_inhibitor_brush_campaign2,SA,SA,4,5.0,36,252,F01-20240807-30W.png,Data/Images_dataset/F01-20240807-30W.png,True,2835.0,650.0,,F01-20240807-30W,,,7.31,False,False,1.696649029982363,0.0,0.0804232804232804,175.04704761904762,29.03631665296823,138.0,211.0,29.03631665296823,194.92845095645097,174.71089838556506,129.05511979378647,28.944101474402288,30.35857468782916,30.575466869085503,4.4091710758377425e-07,2.146927146927147e-05,0.0002404354904354,0.0013310100393433,0.0075324752408085,0.0124383903133903,0.0086299179215845,0.0010558608058608,9.545565311977548,0.3807589589800447,0.094204664836445,5.0639196310365415,3.204176054613719,163.0,0.8657169990503324,0.010408889754493,0.6870391438231688,1.0,47.0,1.7345834835917775,2.826076724810053,13.059973924380705,4.909778357235984,5.0,13.485714285714286,11.749612537304843,0.3083571954272156
F01-20240902-33W,F01,4,SA,SA,231,1.648,1,5.635,2,13.99,7.31,,,F01,20240902,33,2024-09-02,campaign_2,F,F_SA_BRUSH,surface_inhibitor_brush_campaign2,SA,SA,4,5.0,36,252,F01-20240902-33W.png,Data/Images_dataset/F01-20240902-33W.png,True,2835.0,650.0,,F01-20240902-33W,,,7.31,False,False,1.6483516483516485,0.0,0.0148690815357482,195.78365866232537,31.851329837768088,158.0,238.0,31.851329837768088,217.07993813593816,196.9199750373084,138.79579975579975,27.207799469854805,34.240737304987675,41.48083351099455,3.391670058336725e-07,1.3040971374304708e-05,0.0002690272690272,0.0006008682675349,0.00254709333876,0.0100960351377018,0.0113124406457739,0.0064111552028218,10.65229629807461,0.359319213505175,0.0891136212733306,5.120847646819594,3.3028249250095154,118.0,0.6841948175281508,0.0139690817656919,0.6971630815344212,1.0,47.0,1.6851507670115673,2.745817017387854,11.097783572359845,5.029465449804432,5.0,13.485714285714286,9.092603340083176,0.7770479903745907
F01-20240918-36W,F01,4,SA,SA,252,1.132,1,3.51,1,4.0,7.31,0.2084,1.9,F01,20240918,36,2024-09-18,campaign_2,F,F_SA_BRUSH,surface_inhibitor_brush_campaign2,SA,SA,4,5.0,36,252,F01-20240918-36W.png,Data/Images_dataset/F01-20240918-36W.png,True,2835.0,650.0,,F01-20240918-36W,0.2084,20.84,7.31,True,True,1.1320037986704654,0.0,0.1731651064984398,191.5516803690137,27.909168230012412,159.0,224.0,27.909168230012412,209.4577012617013,193.0070514177181,141.93278306878307,24.83135711183523,29.57633740502632,30.081234331877653,7.631257631257631e-07,9.954551621218287e-06,0.0002481515398182,0.0004839404422737,0.0026054131054131,0.0110167887667887,0.0136817765567765,0.0032032119115452,4.508004506989752,0.5217251600375069,0.1278808702669572,5.093928197495825,3.1468804288064125,93.0,0.3678741012074345,0.0121720838566716,0.7629071556457424,1.0,47.0,1.156620155898915,1.9446932311795568,7.370273794002608,3.702477183833115,3.0,13.485714285714286,7.711108473217773,1.155383636208066
F02-20240110-0W,F02,4,SA,SA,0,0.0,1,0.0,1,1.51,7.99,,,F02,20240110,0,2024-01-10,campaign_2,F,F_SA_BRUSH,surface_inhibitor_brush_campaign2,SA,SA,4,5.0,36,252,F02-20240110-0W.png,Data/Images_dataset/F02-20240110-0W.png,True,2835.0,650.0,,F02-20240110-0W,,,7.99,False,False,0.0,0.0,0.0,222.6130885904219,13.385828375981818,204.0,238.0,13.385828375981818,234.9730185863519,222.46224772758103,195.2431621218288,12.158711768425585,13.736018742982385,15.409138856033753,0.0,0.0,0.0,1.1870845204178537e-07,3.340795007461674e-06,0.0007452855786189,0.0136666157916157,0.0168346391263057,2.704027435383302,0.5490013271483567,0.2057057932603655,5.05909126307683,3.1358955147015157,0.0,0.0,0.0,0.0,0.0,47.0,0.0,0.0,0.0,0.0,0.0,0.4994708994708994,0.0,1.0
F02-20240124-2W,F02,4,SA,SA,14,0.0,1,0.0,1,1.51,7.99,,,F02,20240124,2,2024-01-24,campaign_2,F,F_SA_BRUSH,surface_inhibitor_brush_campaign2,SA,SA,4,5.0,36,252,F02-20240124-2W.png,Data/Images_dataset/F02-20240124-2W.png,True,2835.0,650.0,,F02-20240124-2W,,,7.99,False,False,0.0,0.0,0.0,227.50078795278796,20.340149065599174,200.0,253.0,20.340149065599174,235.401150997151,226.61285849952515,215.4180100393434,18.38932608710066,21.111371816626267,22.55439787092391,0.0,0.0,0.0,6.78334011667345e-08,1.763668430335097e-06,0.0011079907746574,0.012656746031746,0.017483431691765,4.973766135334589,0.4928549722838424,0.1808277200299505,4.9892183754878126,2.930589743446496,0.0,0.0,0.0,0.0,0.0,47.0,0.0,0.0,0.0,0.0,0.0,0.4994708994708994,0.0,1.0
F02-20240207-4W,F02,4,SA,SA,28,0.0,1,0.0,1,1.51,7.99,,,F02,20240207,4,2024-02-07,campaign_2,F,F_SA_BRUSH,surface_inhibitor_brush_campaign2,SA,SA,4,5.0,36,252,F02-20240207-4W.png,Data/Images_dataset/F02-20240207-4W.png,True,2835.0,650.0,,F02-20240207-4W,,,7.99,False,False,0.0,0.0,0.0007597340930674,184.951266313933,21.977793352266996,158.0,215.0,21.977793352266996,201.59266042599376,183.0711800298467,155.45754280287613,21.569632498424415,22.218121313048325,22.52966923382463,0.0,0.0,0.0,1.2752679419346088e-05,0.0035821971238637,0.0165764821598154,0.0092602258852258,0.0018183421516754,6.123681427374785,0.4136243721896393,0.1206996765949075,5.057092422577379,3.176007831277711,0.0,0.0,0.0,0.0,0.0,47.0,0.0,0.0,0.0,0.0,0.0,0.4994708994708994,0.0,1.0
F02-20240221-6W,F02,4,SA,SA,42,0.0,1,0.0,1,1.51,7.99,,,F02,20240221,6,2024-02-21,campaign_2,F,F_SA_BRUSH,surface_inhibitor_brush_campaign2,SA,SA,4,5.0,36,252,F02-20240221-6W.png,Data/Images_dataset/F02-20240221-6W.png,True,2835.0,650.0,,F02-20240221-6W,,,7.99,False,False,0.0,0.0,0.0,222.6095352055352,20.388598358486767,197.0,251.0,20.388598358486767,231.97427160493828,221.21115886582552,209.0585407678741,18.511952735464643,21.097970003446058,22.390553549837605,0.0,0.0,0.0,3.391670058336725e-07,7.292090625423959e-06,0.0016792667209333,0.0146794871794871,0.0148836148419481,4.653148139856601,0.5012839080994608,0.1509120871317888,4.803066619363659,2.6641364388761297,0.0,0.0,0.0,0.0,0.0,47.0,0.0,0.0,0.0,0.0,0.0,0.4994708994708994,0.0,1.0
F02-20240306-8W,F02,4,SA,SA,56,0.027,1,0.219,1,1.51,7.99,,,F02,20240306,8,2024-03-06,campaign_2,F,F_SA_BRUSH,surface_inhibitor_brush_campaign2,SA,SA,4,5.0,36,252,F02-20240306-8W.png,Data/Images_dataset/F02-20240306-8W.png,True,2835.0,650.0,,F02-20240306-8W,,,7.99,False,False,0.0274046940713607,0.0,0.0,243.08596228462895,13.809254602253407,226.0,254.0,13.809254602253407,247.7069249762583,243.38433808167144,233.02225315425315,12.402815088929364,14.409319249262753,16.0591557444999,0.0,0.0,1.5940849274182608e-06,1.15995115995116e-05,2.074006240672907e-05,0.0002644315560982,0.002355175688509,0.028596459096459,2.8692192365129308,0.6318801791734918,0.3785770264772268,5.3148822760822725,3.2107540279015168,2.0,0.027024827024827,0.0137023470356803,0.706554140177477,0.816496580927726,47.0,0.0280174207328913,0.1306211145604113,0.6584093872229466,0.0,0.0,0.9989417989417988,1.1008308449892608,54868.44893524556
F02-20240320-10W,F02,4,SA,SA,70,0.059,1,0.475,1,1.51,7.99,,,F02,20240320,10,2024-03-20,campaign_2,F,F_SA_BRUSH,surface_inhibitor_brush_campaign2,SA,SA,4,5.0,36,252,F02-20240320-10W.png,Data/Images_dataset/F02-20240320-10W.png,True,2835.0,650.0,,F02-20240320-10W,,,7.99,False,False,0.059367792701126,0.0,0.0022792022792022,209.6337620404287,27.867491487469422,172.0,247.0,27.867491487469422,219.899522995523,208.78997368064032,190.2815802469136,26.07800700225095,28.46538667740511,30.358289108318008,0.0,0.0,1.2464387464387463e-05,2.22663139329806e-05,0.0008093711843711,0.0083497150997151,0.010932912766246,0.0111232702482702,10.575386132108088,0.3380993579223237,0.0947779020700546,5.161265759256535,3.338458511735656,4.0,0.058390991724325,0.0148419481752815,0.5331930599235296,0.9241763718304448,47.0,0.060695164914422,0.2533125477091077,1.4263363754889178,0.0,0.0,0.9989417989417988,1.0471431473259627,118862.3646240765
F02-20240405-12W,F02,4,SA,SA,84,0.152,1,1.21,1,1.51,7.99,,,F02,20240405,12,2024-04-05,campaign_2,F,F_SA_BRUSH,surface_inhibitor_brush_campaign2,SA,SA,4,5.0,36,252,F02-20240405-12W.png,Data/Images_dataset/F02-20240405-12W.png,True,2835.0,650.0,,F02-20240405-12W,,,7.99,False,False,0.1524894858228191,0.0,0.0051553384886718,201.6246956993624,25.27922388540841,169.0,235.0,25.27922388540841,207.0283315696649,202.0016741283408,189.6807912087912,24.761464615320307,25.43825608251287,26.319482139117326,0.0,2.1028354361687694e-06,2.791344458011125e-05,5.73700990367657e-05,0.0014803452720119,0.0095027133360466,0.0130717338217338,0.0071078211911545,8.891461507365719,0.363710847926821,0.0995740361439221,5.107842204089403,3.2600996849064887,9.0,0.1508072174738841,0.0169432762025354,0.7141731048345427,1.0,47.0,0.1558989153651973,0.6398982242268018,3.6310299869621905,0.0159061277705345,0.0,0.9989417989417988,1.252500329511006,243.6576943460927
F02-20240417-14W,F02,4,SA,SA,98,0.205,1,1.516,1,1.51,7.99,,,F02,20240417,14,2024-04-17,campaign_2,F,F_SA_BRUSH,surface_inhibitor_brush_campaign2,SA,SA,4,5.0,36,252,F02-20240417-14W.png,Data/Images_dataset/F02-20240417-14W.png,True,2835.0,650.0,,F02-20240417-14W,,,7.99,False,False,0.2045855379188712,0.0,0.131054131054131,189.618188034188,24.98068842741003,155.0,218.0,24.98068842741003,199.8241340388007,189.6172736399403,166.40833591100258,24.735671323739247,25.1848993994474,25.02476093181545,4.578754578754579e-07,2.2385022385022384e-05,5.0213675213675216e-05,0.0003699972866639,0.0035567426400759,0.0104999491249491,0.0151569834486501,0.0015932709266042,9.492335338654602,0.3635553594665532,0.1081167571406733,5.008609724229235,3.1390078360829,28.0,0.1705060371727038,0.0073066263542454,0.5457284277223169,1.0,47.0,0.1973979860745096,0.7302890436821703,3.9960886571056062,0.1468057366362447,0.0,0.9989417989417988,2.1891524567386633,13.802000346129638
F02-20240508-17W,F02,4,SA,SA,119,0.636,1,3.161,1,18.99,7.99,,,F02,20240508,17,2024-05-08,campaign_2,F,F_SA_BRUSH,surface_inhibitor_brush_campaign2,SA,SA,4,5.0,36,252,F02-20240508-17W.png,Data/Images_dataset/F02-20240508-17W.png,True,2835.0,650.0,,F02-20240508-17W,,,7.99,False,False,0.6364401031067698,5.42667209333876e-05,0.6144078144078144,178.8103654863655,33.360593878653056,134.0,217.0,33.360593878653056,185.46742748609415,180.39076380409713,158.2344593677927,31.59256230335011,34.51360786058012,32.98748663093476,7.970424637091304e-07,2.7472527472527473e-05,0.0002549009632342,0.0015881325464658,0.0086496743996743,0.0059114265364265,0.0144788868538868,0.0003387091303757,6.270293678480706,0.4900445259674895,0.1328063799126648,5.097744165722049,3.190532335765478,137.0,0.4054809388142721,0.0046455481978596,0.627416117734292,1.0,47.0,0.6492551804488336,1.3346163713107808,5.653194263363755,2.7332464146023465,1.0,17.48148148148148,15.551722644492088,2.3358020906322983
F02-20240522-19W,F02,4,SA,SA,133,1.627,1,9.339,2,1.51,7.99,,,F02,20240522,19,2024-05-22,campaign_2,F,F_SA_BRUSH,surface_inhibitor_brush_campaign2,SA,SA,4,5.0,36,252,F02-20240522-19W.png,Data/Images_dataset/F02-20240522-19W.png,True,2835.0,650.0,,F02-20240522-19W,,,7.99,False,False,1.6273504273504271,0.0,0.7726495726495727,193.8723831230498,39.234567188049866,144.0,252.0,39.234567188049866,201.30586134852803,195.04564862298196,172.77423090489756,36.43608811992416,40.11820486678086,43.50016614584887,1.9213810880477548e-05,0.0001385158051824,0.0004189899606566,0.0009688135938135,0.0038816815900149,0.0086926638176638,0.0100610839777506,0.0070690374440374,8.469364686864798,0.4394549618573959,0.1217216235175755,5.112090821774382,3.1360314224756887,102.0,1.1261429928096596,0.0159544159544159,0.5760551770456206,1.0,47.0,1.571499902909928,4.15003652116698,21.28813559322034,3.2323337679269883,3.0,0.9989417989417988,5.895241906286325,8.031634810663515
F02-20240529-20W,F02,4,SA,SA,140,0.3,1,1.02,1,1.51,7.99,,,F02,20240529,20,2024-05-29,campaign_2,F,F_SA_BRUSH,surface_inhibitor_brush_campaign2,SA,SA,4,5.0,36,252,F02-20240529-20W.png,Data/Images_dataset/F02-20240529-20W.png,True,2835.0,650.0,,F02-20240529-20W,,,7.99,False,False,0.2997150997150997,0.0,0.9829873829873832,192.26015845882512,30.88148581109427,155.0,231.0,30.88148581109427,203.4905152625153,193.00817582417585,163.45058472391807,31.53809379221481,31.236113681059894,30.139287969043735,1.0175010175010177e-07,5.664088997422331e-06,0.0002112501695835,0.0006455704789038,0.00319419006919,0.0109891805725139,0.0108413207163207,0.0053627221543888,6.011448032349073,0.45003929516941,0.1035439043252815,5.082307233033651,3.2325763032802444,181.0,0.1209062542395875,0.0016558845288127,0.5967498232198781,1.0,47.0,0.3025049238536436,0.6443011012374742,2.533246414602347,1.298826597131682,0.0,17.48148148148148,10.69997882831488,2.57944497980516
F02-20240619-23W,F02,4,SA,SA,161,3.719,1,24.363,4,1.51,7.99,,,F02,20240619,23,2024-06-19,campaign_2,F,F_SA_BRUSH,surface_inhibitor_brush_campaign2,SA,SA,4,5.0,36,252,F02-20240619-23W.png,Data/Images_dataset/F02-20240619-23W.png,True,2835.0,650.0,,F02-20240619-23W,,,7.99,False,False,3.719278252611586,0.0,0.8995794329127662,169.8014597747931,34.335874155291,129.0,211.0,34.335874155291,184.12891493691492,171.0976117216117,130.41351566951568,32.87741489805329,35.5896742602998,34.716313723058676,2.2622439289105957e-05,0.0002844593677927,0.0008241079907746,0.0018035035951702,0.0078614672364672,0.0119628442545109,0.0073135938135938,0.0011774013024013,10.094340925039988,0.3707546075308118,0.0883444763316977,5.068747998996253,3.219994510383093,290.0,3.0777370777370776,0.0128250974227985,0.5857539069081379,1.0,47.0,3.67988016311132,8.239009395050049,32.79400260756193,16.093089960886566,7.0,1.4984126984126984,3.746103695736741,16.430313152853554
F02-20240626-24W,F02,4,SA,SA,168,4.85,1,28.628,4,1.51,7.99,,,F02,20240626,24,2024-06-26,campaign_2,F,F_SA_BRUSH,surface_inhibitor_brush_campaign2,SA,SA,4,5.0,36,252,F02-20240626-24W.png,Data/Images_dataset/F02-20240626-24W.png,True,2835.0,650.0,,F02-20240626-24W,,,7.99,False,False,4.850033916700584,0.0,0.7840998507665173,188.51586921720255,43.41891497907767,130.0,236.0,43.41891497907767,205.69791995658665,187.25660073260073,154.28674264007597,39.125403515258775,45.54343335000331,47.05741819928633,3.503595170261837e-05,0.000354768688102,0.0009193969610636,0.0015653405236738,0.004416514041514,0.0063796635463302,0.0105498745082078,0.0070294057794057,5.615311091381591,0.4986957682008677,0.1008081380364862,4.903008644336186,2.8967687758397265,183.0,4.1659476326143,0.0265029175775988,0.6451890515133951,1.0,47.0,4.708119504008432,9.676981746604673,37.18122555410691,17.912907431551492,9.0,1.4984126984126984,3.455561179624106,19.398473145498773
F02-20240710-26W,F02,4,SA,SA,182,6.675,2,42.444,4,1.51,7.99,,,F02,20240710,26,2024-07-10,campaign_2,F,F_SA_BRUSH,surface_inhibitor_brush_campaign2,SA,SA,4,5.0,36,252,F02-20240710-26W.png,Data/Images_dataset/F02-20240710-26W.png,True,2835.0,650.0,,F02-20240710-26W,,,7.99,False,False,6.674535341202008,0.0,2.1508614841948175,162.58954931488265,40.07562261605449,109.0,205.0,40.07562261605449,176.55844308777642,164.60930348663683,119.5470704110704,37.6116711725414,41.979748990464614,38.40808923256405,1.6449599782933116e-06,0.0010920160086826,0.0012592931759598,0.0031418735585402,0.0067516449599782,0.0104410697327364,0.0083267026183692,0.0002357549857549,6.430345475331247,0.45744192969114,0.0998001377894629,5.028684659115491,3.138814147294664,494.0,6.0224121557454895,0.0135112051441336,0.6217496047626693,1.0,47.0,6.511498238508697,14.418745916391485,49.77053455019556,35.629726205997386,8.0,1.9978835978835976,2.6809381290717926,45.63480480476562
F02-20240724-28W,F02,4,SA,SA,196,6.941,2,39.051,4,1.51,7.99,,,F02,20240724,28,2024-07-24,campaign_2,F,F_SA_BRUSH,surface_inhibitor_brush_campaign2,SA,SA,4,5.0,36,252,F02-20240724-28W.png,Data/Images_dataset/F02-20240724-28W.png,True,2835.0,650.0,,F02-20240724-28W,,,7.99,False,False,6.941202007868674,0.0,0.771021571021571,163.20496649029982,34.010531154493336,124.0,201.0,34.010531154493336,186.3162968389635,162.4168199701533,111.2379655406322,31.253516751154283,36.19449383013394,33.059910643574405,8.869217202550536e-06,0.0007003459503459,0.0014011328177994,0.0012690442273775,0.0074764278930945,0.0150305928639261,0.0053319427486094,3.1644281644281645e-05,3.591878556848151,0.5483590027797619,0.1340554141711005,5.000891257885036,3.0706953874923046,296.0,5.721611721611722,0.0234500067833401,0.6031078877638834,1.0,47.0,6.851036089766707,13.21690422511494,48.72359843546285,30.174967405475876,12.0,1.9978835978835976,4.370379024009339,14.194177907053405
F02-20240807-30W,F02,4,SA,SA,210,4.151,1,21.391,3,1.51,7.99,,,F02,20240807,30,2024-08-07,campaign_2,F,F_SA_BRUSH,surface_inhibitor_brush_campaign2,SA,SA,4,5.0,36,252,F02-20240807-30W.png,Data/Images_dataset/F02-20240807-30W.png,True,2835.0,650.0,,F02-20240807-30W,,,7.99,False,False,4.151349884683218,0.0,1.3902591235924568,183.57704517704516,35.056568515352815,135.0,220.0,35.056568515352815,206.0817365350699,182.6142498982499,134.01062813729482,31.84172011351337,37.94388832534779,35.74648892233027,2.5437525437525436e-07,5.224867724867725e-05,0.00093605006105,0.0016487077737077,0.0035926265092931,0.0095557081807081,0.0132311762311762,0.0022332281915615,11.302750735610124,0.3601156888140465,0.0924035846865539,5.1578651345107165,3.4060763345575342,778.0,2.7750373083706417,0.0053359253016493,0.5821420406287469,1.0,47.0,4.145024827318372,7.979154835047126,33.54628422425033,11.220860495436764,12.0,2.497354497354497,5.938935135646205,7.963096930451293
F02-20240902-33W,F02,4,SA,SA,231,5.736,2,37.556,4,1.51,7.99,,,F02,20240902,33,2024-09-02,campaign_2,F,F_SA_BRUSH,surface_inhibitor_brush_campaign2,SA,SA,4,5.0,36,252,F02-20240902-33W.png,Data/Images_dataset/F02-20240902-33W.png,True,2835.0,650.0,,F02-20240902-33W,,,7.99,False,False,5.735992402659069,0.0,0.6444715778049112,201.64178646045312,41.059946870248616,150.0,243.0,41.059946870248616,221.54056166056165,201.52025288291955,154.54982824582825,33.24632680382777,44.90808374554032,48.16168090837959,0.0,0.0001828788495455,0.0012279541446208,0.0009334723918057,0.001445292361959,0.0047354327770994,0.0122366707366707,0.0104882987382987,3.753601426121884,0.5141227804373949,0.1183100968730882,5.107366289684772,3.212694335186726,123.0,5.3134717134717135,0.0466340845744639,0.6771649325766674,1.0,47.0,5.597575522205886,12.87993538590814,47.32594524119948,27.432333767926977,7.0,1.9978835978835976,2.7798553758515916,36.30869026518822
F02-20240918-36W,F02,4,SA,SA,252,3.389,1,22.551,4,1.51,7.99,0.4723,1.71,F02,20240918,36,2024-09-18,campaign_2,F,F_SA_BRUSH,surface_inhibitor_brush_campaign2,SA,SA,4,5.0,36,252,F02-20240918-36W.png,Data/Images_dataset/F02-20240918-36W.png,True,2835.0,650.0,,F02-20240918-36W,0.4723,47.23,7.99,True,True,3.388576855243522,0.0,2.1736535069868403,190.54935775335775,32.96184659584397,156.0,221.0,32.96184659584397,214.31976990910323,190.61386243386244,132.74284791751458,30.124611273879637,35.526903556947694,32.25027408564842,1.0175010175010177e-07,5.843847510514177e-05,0.0012026862026862,0.0008684201600868,0.0012547313797313,0.0086726529643196,0.0174420872337539,0.0017508818342151,3.18406729388065,0.6009253063546375,0.1620804411164292,5.086426055881004,3.0728670542244627,270.0,2.5688237688237687,0.01255028464905,0.6866430617002723,1.0,47.0,3.333629226885628,7.808950104599188,32.66362451108214,13.57940026075619,7.0,1.9978835978835976,3.5001797957197285,20.940582473509135
F03-20240110-0W,F03,4,SA,SA,0,0.037,1,0.125,1,13.99,6.95,,,F03,20240110,0,2024-01-10,campaign_2,F,F_SA_BRUSH,surface_inhibitor_brush_campaign2,SA,SA,4,5.0,36,252,F03-20240110-0W.png,Data/Images_dataset/F03-20240110-0W.png,True,2835.0,650.0,,F03-20240110-0W,,,6.95,False,False,0.0374440374440374,0.0,0.0388007054673721,231.6084894858228,15.543249491119091,211.0,249.0,15.543249491119091,241.39701044634376,231.908964319631,208.7094988468322,13.881579746701531,16.0724371025395,17.880078304645814,1.1870845204178537e-07,6.868131868131868e-06,1.2176095509428843e-05,1.885768552435219e-05,3.807149640482974e-05,0.000284188034188,0.0076387193053859,0.0232510005426672,2.4177997964141835,0.6435270580102243,0.2250947896607112,5.153296356226258,3.088850155314181,17.0,0.0126441459774793,0.0022025904378845,0.6241687615099257,1.0,47.0,0.0382812283281089,0.0825869469511562,0.3650586701434159,0.1173402868318122,0.0,13.985185185185186,11.41804462847941,0.162441900024668
F03-20240124-2W,F03,4,SA,SA,14,0.0,1,0.0,1,1.51,6.95,,,F03,20240124,2,2024-01-24,campaign_2,F,F_SA_BRUSH,surface_inhibitor_brush_campaign2,SA,SA,4,5.0,36,252,F03-20240124-2W.png,Data/Images_dataset/F03-20240124-2W.png,True,2835.0,650.0,,F03-20240124-2W,,,6.95,False,False,0.0,0.0,0.0048840048840048,238.18078741012076,19.285581821765852,210.0,255.0,19.285581821765852,243.31531840998508,237.75712386379053,230.77649111382445,17.313527087510806,19.94477588545099,21.723580491109335,0.0,0.0,1.0683760683760685e-06,1.44993894993895e-05,7.465065798399132e-05,0.000863027404694,0.0053360975444308,0.0249606566273232,5.582311857160407,0.5780497134989866,0.3421658828415258,5.195548902368323,2.8218508554545245,0.0,0.0,0.0,0.0,0.0,47.0,0.0,0.0,0.0,0.0,0.0,0.4994708994708994,0.0,1.0
F03-20240207-4W,F03,4,SA,SA,28,0.035,1,0.106,1,11.5,6.95,,,F03,20240207,4,2024-02-07,campaign_2,F,F_SA_BRUSH,surface_inhibitor_brush_campaign2,SA,SA,4,5.0,36,252,F03-20240207-4W.png,Data/Images_dataset/F03-20240207-4W.png,True,2835.0,650.0,,F03-20240207-4W,,,6.95,False,False,0.0351105684439017,0.0,0.0619725953059286,213.9200689187356,23.76121952316821,180.0,241.0,23.76121952316821,225.44712359245693,213.08781603581605,192.1374386107719,22.24644390971108,24.30076265705731,26.645991726912705,1.6958350291683625e-08,4.8670465337132e-06,1.782322615655949e-05,3.9699498032831366e-05,0.0005047313797313,0.0051888481888481,0.0124746642246642,0.0130193494776828,8.019463806567744,0.4129582584538712,0.1214484106249541,4.9698443327247395,3.134634854229125,35.0,0.0086284086284086,0.0010031590983971,0.7089023796774504,1.0,47.0,0.035895586562734,0.0579327731817021,0.2073011734028683,0.1095176010430247,0.0,9.989417989417989,11.286579491834516,0.2049850139393706
F03-20240221-6W,F03,4,SA,SA,42,0.041,1,0.123,1,6.5,6.95,,,F03,20240221,6,2024-02-21,campaign_2,F,F_SA_BRUSH,surface_inhibitor_brush_campaign2,SA,SA,4,5.0,36,252,F03-20240221-6W.png,Data/Images_dataset/F03-20240221-6W.png,True,2835.0,650.0,,F03-20240221-6W,,,6.95,False,False,0.0414055080721747,0.0,0.0211640211640211,235.06323049789717,22.53623080340853,205.0,255.0,22.53623080340853,241.7486294939628,234.45010826210827,224.39962393162392,17.80842006508083,24.319947350439552,32.21505503330304,0.0,0.0,1.7975851309184643e-06,6.674806674806674e-05,0.0003542260208926,0.001005291005291,0.0064676265092931,0.0233543108126441,5.18584901343751,0.5656908820493431,0.3057470904822956,5.074407053916776,2.560380707513849,23.0,0.0065120065120065,0.0018002394813989,0.7989384400205697,1.0,47.0,0.0423312713251407,0.0825757464859074,0.363754889178618,0.1507170795306388,0.0,1.9978835978835976,5.225865595983551,1.4953712435501556
F03-20240306-8W,F03,4,SA,SA,56,1.882,1,5.258,2,6.5,6.95,,,F03,20240306,8,2024-03-06,campaign_2,F,F_SA_BRUSH,surface_inhibitor_brush_campaign2,SA,SA,4,5.0,36,252,F03-20240306-8W.png,Data/Images_dataset/F03-20240306-8W.png,True,2835.0,650.0,,F03-20240306-8W,,,6.95,False,False,1.8819698819698816,0.0,5.42667209333876e-05,235.4262390449057,30.22698380296697,201.0,255.0,30.22698380296697,248.22427676027675,234.15804368471035,212.0629662189662,14.141236330191624,35.6429271213372,54.21908722580379,0.0,0.0,1.726360059693393e-05,0.0006193189526522,0.0008944681861348,0.0010619488536155,0.003647503730837,0.0250094966761633,2.634851632933221,0.6959199693361289,0.4359112672553249,5.4966469666946445,3.1284377986804595,86.0,0.8081942748609415,0.02188337072058,0.7058213912506284,1.0,47.0,1.866487281200588,2.0788066140984007,6.224250325945241,4.896740547588005,5.0,6.493121693121693,7.707254962987374,0.4789959770934264
F03-20240320-10W,F03,4,SA,SA,70,2.883,1,5.984,2,6.5,6.95,,,F03,20240320,10,2024-03-20,campaign_2,F,F_SA_BRUSH,surface_inhibitor_brush_campaign2,SA,SA,4,5.0,36,252,F03-20240320-10W.png,Data/Images_dataset/F03-20240320-10W.png,True,2835.0,650.0,,F03-20240320-10W,,,6.95,False,False,2.8832451499118164,0.0,0.0085198751865418,222.0705472798806,33.375144406597094,183.0,253.0,33.375144406597094,237.28061538461537,220.4080179080179,194.87812345679012,20.250089731327023,38.42720704795137,54.30891256494081,0.0,3.171211504544838e-06,0.0001701600868267,0.0008604327770994,0.0009232804232804,0.0020703262786596,0.008634072717406,0.0185885565052231,5.7559219106902955,0.4928670989599358,0.1768667252930278,5.159145776908633,3.2941427077368703,152.0,1.922018722018722,0.0189687180915251,0.641628532328886,1.0,47.0,2.8791644705817085,2.5550880670274267,7.086049543676662,6.1337679269882655,16.0,4.994708994708994,8.66451560926726,0.3887195618941614
F03-20240405-12W,F03,4,SA,SA,84,3.877,1,9.071,2,6.5,6.95,,,F03,20240405,12,2024-04-05,campaign_2,F,F_SA_BRUSH,surface_inhibitor_brush_campaign2,SA,SA,4,5.0,36,252,F03-20240405-12W.png,Data/Images_dataset/F03-20240405-12W.png,True,2835.0,650.0,,F03-20240405-12W,,,6.95,False,False,3.876706010039344,0.0,0.1923212589879256,204.35379460046127,33.252864881714245,165.0,238.0,33.252864881714245,216.38670736670736,202.90051824718492,184.7475875729209,23.8961654635662,38.141492114303915,49.23258014893508,0.0,1.2871387871387871e-05,0.0005183658933658,0.000935931352598,0.0012416734500067,0.0049981515398182,0.0140786358703025,0.0094643705060371,6.626840841824505,0.4528004477010287,0.1141158428724668,5.024462000398038,3.1596275856098286,118.0,2.957536290869624,0.0328534407630452,0.612853245984202,1.0,47.0,3.879386390745929,3.460231135956837,10.052151238591916,8.604172099087354,19.0,4.994708994708994,8.198232559228106,0.4561961411905924
F03-20240417-14W,F03,4,SA,SA,98,4.413,1,11.227,2,6.5,6.95,,,F03,20240417,14,2024-04-17,campaign_2,F,F_SA_BRUSH,surface_inhibitor_brush_campaign2,SA,SA,4,5.0,36,252,F03-20240417-14W.png,Data/Images_dataset/F03-20240417-14W.png,True,2835.0,650.0,,F03-20240417-14W,,,6.95,False,False,4.413349613349613,0.0,0.158078958078958,188.6850012210012,34.030681987540355,147.0,223.0,34.030681987540355,204.79638854972188,187.7151659204993,155.94221625288293,28.090707512935456,36.82599182712249,42.17712294889583,3.985212318545652e-06,0.0001283068783068,0.0008456790123456,0.0009860432777099,0.0027204755121421,0.0090452109618776,0.0144541276624609,0.0030661714828381,6.716103315039669,0.4463103624648018,0.1113407179620109,4.940709718172142,3.057217027218802,269.0,3.4312304978971646,0.0164065041388461,0.6860823528529476,1.0,47.0,4.422674692779273,3.949033934725321,12.971316818774444,9.587744458930898,19.0,4.994708994708994,8.208376985899825,0.4931459548892055
F03-20240508-17W,F03,4,SA,SA,119,4.708,1,11.102,2,6.5,6.95,,,F03,20240508,17,2024-05-08,campaign_2,F,F_SA_BRUSH,surface_inhibitor_brush_campaign2,SA,SA,4,5.0,36,252,F03-20240508-17W.png,Data/Images_dataset/F03-20240508-17W.png,True,2835.0,650.0,,F03-20240508-17W,,,6.95,False,False,4.7081264414597745,0.0,0.3168091168091168,181.18603771537104,30.916743788117728,144.0,211.0,30.916743788117728,196.1386167412834,181.0774521774522,147.10542992809658,26.082775847803852,33.79273017998822,37.85287445062547,4.1887125220458555e-06,7.726224392891059e-05,0.0009342185592185,0.0011185049518382,0.0033478666395333,0.011584537376204,0.0135574209740876,0.0006260005426672,5.911940358703399,0.4789684830388818,0.1320929481298258,5.08878832192581,3.2267581752674213,387.0,3.90259123592457,0.0121657013991208,0.6346662949154883,1.0,47.0,4.754251158145857,4.232992826510579,12.720990873533248,10.368709256844848,18.0,5.993650793650794,8.028661430365002,0.5443237273626383
F03-20240522-19W,F03,4,SA,SA,133,3.589,1,10.313,2,4.0,6.95,,,F03,20240522,19,2024-05-22,campaign_2,F,F_SA_BRUSH,surface_inhibitor_brush_campaign2,SA,SA,4,5.0,36,252,F03-20240522-19W.png,Data/Images_dataset/F03-20240522-19W.png,True,2835.0,650.0,,F03-20240522-19W,,,6.95,False,False,3.588766788766789,0.0002713336046669,0.495346628679962,201.49492280558948,47.44049524757703,133.0,254.0,47.44049524757703,214.83665879799213,201.4580274046941,170.8564482431149,42.19687253791596,50.17883200840955,59.24156809810512,9.835843169176502e-06,0.0001470628137294,0.0005574718491385,0.001834418667752,0.0040848765432098,0.0050754985754985,0.0068444071360738,0.0126964285714285,7.549443227060042,0.5316591495744996,0.2117231603803477,5.249924286344718,3.105487790548026,428.0,1.6551349884683215,0.0083849691326326,0.6117685712673194,1.0,47.0,3.577963327692862,3.878943453844734,12.453715775749677,9.614602346805736,14.0,2.996825396825397,5.548061164827632,1.8578458078938176
F03-20240529-20W,F03,4,SA,SA,140,4.948,1,11.967,2,6.5,6.95,,,F03,20240529,20,2024-05-29,campaign_2,F,F_SA_BRUSH,surface_inhibitor_brush_campaign2,SA,SA,4,5.0,36,252,F03-20240529-20W.png,Data/Images_dataset/F03-20240529-20W.png,True,2835.0,650.0,,F03-20240529-20W,,,6.95,False,False,4.948039614706282,0.0,1.20336453669787,177.81370506037172,42.0331014966038,126.0,234.0,42.0331014966038,189.75486799620137,178.05868457468458,149.48486501153167,43.80580462256863,43.31442388080581,41.77669634238739,4.1887125220458555e-06,9.037104870438205e-05,0.001203432370099,0.0019017941934608,0.0076521842355175,0.0081402455569122,0.0065315594898928,0.005726224392891,5.159594848122173,0.50941235548072,0.1031514512973793,5.1025638806925855,3.227583165184736,555.0,3.3861891195224527,0.0089153866931644,0.606226405935778,1.0,47.0,5.0147854309412185,4.737766310184773,13.076923076923078,11.3877444589309,20.0,5.4941798941798945,7.3050487494356755,0.6759048427886928
F03-20240619-23W,F03,4,SA,SA,161,4.186,1,9.308,2,6.5,6.95,,,F03,20240619,23,2024-06-19,campaign_2,F,F_SA_BRUSH,surface_inhibitor_brush_campaign2,SA,SA,4,5.0,36,252,F03-20240619-23W.png,Data/Images_dataset/F03-20240619-23W.png,True,2835.0,650.0,,F03-20240619-23W,,,6.95,False,False,4.185863519196852,0.0,0.2342694342694342,186.67987410120745,34.267600790268354,140.0,222.0,34.267600790268354,205.75189743589743,187.05565811965812,139.50794410527743,31.02568726463892,36.83098516433704,39.25525670603153,1.2040428707095374e-06,9.347442680776012e-05,0.0006512684846018,0.0014684235517568,0.0035191459774793,0.0085369183285849,0.0143085571835571,0.0026710080043413,8.298778325543473,0.4177142787812092,0.1056936059616069,5.060743984009276,3.2558350499699613,493.0,2.6316646316646315,0.0084905953736244,0.6853902441896478,1.0,47.0,4.169103165136342,3.6990280115251504,12.03129074315515,9.689178617992177,22.0,5.4941798941798945,6.559639195075768,1.0588629565636138
F03-20240626-24W,F03,4,SA,SA,168,7.125,2,14.751,3,6.5,6.95,,,F03,20240626,24,2024-06-26,campaign_2,F,F_SA_BRUSH,surface_inhibitor_brush_campaign2,SA,SA,4,5.0,36,252,F03-20240626-24W.png,Data/Images_dataset/F03-20240626-24W.png,True,2835.0,650.0,,F03-20240626-24W,,,6.95,False,False,7.1247320580653914,0.0,0.4904083570750237,179.8762555962556,45.038954752051026,120.0,230.0,45.038954752051026,197.89705006105007,177.60133821733822,148.12170560303895,40.67694685320758,47.26722937725758,50.67768126595487,3.083028083028083e-05,0.0006294261294261,0.0012081637498304,0.0020362569529236,0.0056397028897028,0.0062044329127662,0.0104205670872337,0.0050806199972866,1.838347287023106,0.695433468433319,0.1390181497422745,4.980911505879706,2.7674526889875852,151.0,5.94616741283408,0.047183656013678,0.6406919205548084,1.0,47.0,7.127104774057533,5.830397822804589,16.791395045632335,15.146023468057365,27.0,5.4941798941798945,6.677665651554189,0.9489426461187712
F03-20240710-26W,F03,4,SA,SA,182,6.694,2,13.682,3,1.51,6.95,,,F03,20240710,26,2024-07-10,campaign_2,F,F_SA_BRUSH,surface_inhibitor_brush_campaign2,SA,SA,4,5.0,36,252,F03-20240710-26W.png,Data/Images_dataset/F03-20240710-26W.png,True,2835.0,650.0,,F03-20240710-26W,,,6.95,False,False,6.694288427621761,0.0,1.1511056844390175,172.00216144349477,38.13293226783585,116.0,214.0,38.13293226783585,189.26603120336455,173.04663193596528,125.54012589879255,33.89278404155895,40.93757747708869,40.18671947210436,3.900420567087234e-06,0.0002415377832044,0.0015439730023063,0.0025116503866503,0.0052064509564509,0.0105787037037037,0.0101904931488264,0.0009732905982905,4.538114752528935,0.5412187241556664,0.1171106167773002,5.045696435833759,3.1085001064839752,675.0,4.015791615791616,0.0099174643372174,0.6493136581998149,1.0,47.0,6.692585092512969,5.47943613198406,15.857887874837026,14.485006518904823,26.0,0.4994708994708994,6.644786398163127,0.9671682940600678
F03-20240724-28W,F03,4,SA,SA,196,5.853,2,12.665,3,6.5,6.95,,,F03,20240724,28,2024-07-24,campaign_2,F,F_SA_BRUSH,surface_inhibitor_brush_campaign2,SA,SA,4,5.0,36,252,F03-20240724-28W.png,Data/Images_dataset/F03-20240724-28W.png,True,2835.0,650.0,,F03-20240724-28W,,,6.95,False,False,5.853371320037986,0.0,0.1091846425179758,181.02686908153575,33.27344864636413,138.0,213.0,33.27344864636413,207.35927119793783,178.84741500474834,127.42583367250036,27.10781006926678,36.468992661281426,37.87357957664854,1.9162935829602495e-06,0.0002188135938135,0.0010167548500881,0.0013059455976122,0.0030645434812101,0.0110474494641161,0.01401221001221,0.0005823667073667,4.535253158678031,0.532532294293695,0.1381269858789972,4.904228715809877,2.9112888772279137,254.0,4.182173382173382,0.0230447689765275,0.6607837798161478,1.0,47.0,5.864600959804711,4.652820869406045,14.464146023468055,12.638591916558015,27.0,6.493121693121693,7.383822561119689,0.7255720660348677
F03-20240807-30W,F03,4,SA,SA,210,5.033,2,9.156,2,6.5,6.95,,,F03,20240807,30,2024-08-07,campaign_2,F,F_SA_BRUSH,surface_inhibitor_brush_campaign2,SA,SA,4,5.0,36,252,F03-20240807-30W.png,Data/Images_dataset/F03-20240807-30W.png,True,2835.0,650.0,,F03-20240807-30W,,,6.95,False,False,5.033129833129833,0.0,0.3310269976936644,192.32011667345,37.64147996001487,136.0,233.0,37.64147996001487,220.08400434133767,190.82912386379053,131.81235707502375,31.820509203591204,42.725587662388534,46.55234577957177,3.1033781033781033e-06,8.762379595712929e-05,0.0004498202414869,0.0018618233618233,0.0033667582417582,0.0067320750237416,0.0120516212182878,0.0066971747388414,16.74428949099913,0.3429171810007808,0.085211457170147,5.1121860046553085,3.433696732092532,1623.0,2.659340659340659,0.0031011274387737,0.6302633606060094,1.0,47.0,5.043524092207828,3.5896261035488513,12.923076923076923,10.59921773142112,25.0,9.989417989417989,9.171278377799272,0.5420664388583227
F03-20240902-33W,F03,4,SA,SA,231,6.464,2,13.455,3,6.5,6.95,,,F03,20240902,33,2024-09-02,campaign_2,F,F_SA_BRUSH,surface_inhibitor_brush_campaign2,SA,SA,4,5.0,36,252,F03-20240902-33W.png,Data/Images_dataset/F03-20240902-33W.png,True,2835.0,650.0,,F03-20240902-33W,,,6.95,False,False,6.463763397096731,0.0,0.1053317053317053,201.16760710894044,39.95354193393419,139.0,241.0,39.95354193393419,229.0301044634378,200.90733848867183,133.88656573056574,29.42478085509869,46.244979662694725,54.79517536581691,2.5437525437525436e-07,6.537444037444038e-05,0.0007529168362501,0.001656457739791,0.0020012549179215,0.0045794837878171,0.0115054605887939,0.0106887973137973,8.057703615518752,0.4585455299025593,0.1071252055359356,5.020213382713059,3.170283263878403,297.0,4.195034595034595,0.0217635131215378,0.6838202022784203,1.0,47.0,6.481677716441509,4.878708493338421,15.748370273794002,13.895697522816167,29.0,5.993650793650794,7.640138825644783,0.7394622129260274
F03-20240918-36W,F03,4,SA,SA,252,4.206,1,10.467,2,6.5,6.95,0.4237,2.39,F03,20240918,36,2024-09-18,campaign_2,F,F_SA_BRUSH,surface_inhibitor_brush_campaign2,SA,SA,4,5.0,36,252,F03-20240918-36W.png,Data/Images_dataset/F03-20240918-36W.png,True,2835.0,650.0,,F03-20240918-36W,0.4237,42.370000000000005,6.95,True,True,4.205887939221273,0.0,0.2601003934337267,194.51402035002036,33.085097477398946,149.0,227.0,33.085097477398946,218.49671577804912,194.17410283543617,138.20824854158187,26.81634114276932,36.508174934241445,36.88954288828571,2.8829195495862164e-07,4.751729751729752e-05,0.0006382783882783,0.0013769162935829,0.0017671279337946,0.0061383462216795,0.0172015330348663,0.0040799925383258,3.4163469375671767,0.5710349263392233,0.1504636227294757,4.963700710410412,2.952666419088001,201.0,2.679039479039479,0.0209248156180162,0.6957341471613254,1.0,47.0,4.212821437487864,3.950251611447189,12.594524119947849,10.771577574967404,18.0,5.993650793650794,7.1142851681456145,0.7179332708614264
F04-20240110-0W,F04,4,SA,SA,0,0.037,1,0.0,1,1.51,5.76,,,F04,20240110,0,2024-01-10,campaign_2,F,F_SA_BRUSH,surface_inhibitor_brush_campaign2,SA,SA,4,5.0,36,252,F04-20240110-0W.png,Data/Images_dataset/F04-20240110-0W.png,True,2835.0,650.0,,F04-20240110-0W,,,5.76,False,False,0.0367385700719034,0.0,0.0,230.39438013838017,15.851987385082804,207.0,247.0,15.851987385082804,239.4556635463302,230.9972492199159,208.38686962420297,14.572070995895816,16.330596450842314,17.706590579147466,0.0,0.0,8.360466693800028e-06,3.900420567087234e-06,1.6398724732058066e-05,0.000642908017908,0.0076979039479039,0.022880528422195,2.4636078693076064,0.5984377550340215,0.2158165947500553,5.123521420474703,3.144677588157698,1.0,0.0367385700719034,0.0367385700719034,0.7319251979958193,0.7319251979958193,47.0,0.0163666121112929,0.1110037640446034,0.7692307692307693,0.0,0.0,23.475132275132275,23.890534805748988,32052.282051282054
F04-20240124-2W,F04,4,SA,SA,14,0.048,1,0.0,1,1.51,5.76,,,F04,20240124,2,2024-01-24,campaign_2,F,F_SA_BRUSH,surface_inhibitor_brush_campaign2,SA,SA,4,5.0,36,252,F04-20240124-2W.png,Data/Images_dataset/F04-20240124-2W.png,True,2835.0,650.0,,F04-20240124-2W,,,5.76,False,False,0.0479175145841812,0.0,0.0205670872337539,232.7712587165921,24.623309038922223,196.0,255.0,24.623309038922223,238.19503676570343,232.06046180979516,225.661057658391,21.962263598919375,25.477728981208,27.73292781080338,0.0,0.0,1.748405915072582e-05,1.407543074209741e-05,0.0001935117351784,0.0022319393569393,0.0071518281101614,0.0216411613078279,7.343525339678724,0.5385577120335703,0.3141749197055142,5.291856671887303,2.9758241549606064,12.0,0.0413512413512413,0.0039931262153484,0.7308255883650933,1.0,47.0,0.0225248966684235,0.1512409120472136,1.048239895697523,0.0,0.0,23.475132275132275,23.82742813999893,44112.25597566277
F04-20240207-4W,F04,4,SA,SA,28,0.122,1,0.339,1,21.49,5.76,,,F04,20240207,4,2024-02-07,campaign_2,F,F_SA_BRUSH,surface_inhibitor_brush_campaign2,SA,SA,4,5.0,36,252,F04-20240207-4W.png,Data/Images_dataset/F04-20240207-4W.png,True,2835.0,650.0,,F04-20240207-4W,,,5.76,False,False,0.1218830552163885,0.0,0.0059150725817392,208.03869434269436,30.54468926054712,163.0,243.0,30.54468926054712,217.31364048297385,207.29888481888483,191.6408378781712,28.534596442862203,31.14354436412242,33.48708867786233,0.0,2.0689187355854024e-06,1.1870845204178537e-05,0.000101512684846,0.0023105073938407,0.0071691086691086,0.008726105684439,0.0129288258038258,7.967511424086415,0.4157952170699756,0.1122473316208148,5.0017479038133725,3.173293550164986,11.0,0.0457468457468457,0.0110802777469444,0.7293951503819713,0.987779934280852,47.0,0.0861327637382451,0.33956385653138,1.779661016949153,0.0,0.0,23.475132275132275,23.390389499027076,168677.66232073013
F04-20240221-6W,F04,4,SA,SA,42,0.001,1,0.005,1,21.49,5.76,,,F04,20240221,6,2024-02-21,campaign_2,F,F_SA_BRUSH,surface_inhibitor_brush_campaign2,SA,SA,4,5.0,36,252,F04-20240221-6W.png,Data/Images_dataset/F04-20240221-6W.png,True,2835.0,650.0,,F04-20240221-6W,,,5.76,False,False,0.0007597340930674,0.0,0.0,233.48231773165105,25.969067532486296,193.0,255.0,25.969067532486296,238.0056030389364,232.9289768009768,227.5482447429114,22.187947452502183,26.995653595561595,30.811799116681588,0.0,0.0,0.0,1.4380681047347714e-05,0.0002353988603988,0.0026547788631121,0.0067816781983448,0.0215637633970967,3.933923507838407,0.6408118366655287,0.4083210309397326,5.365147490200489,2.5460534285701124,3.0,0.0004341337674671,0.0002532446976891,0.8707908118985982,1.0,47.0,0.0007212405337179,0.0031686826955074,0.0156453715775749,0.0,0.0,22.47619047619047,22.736810279667424,1413.4293785310736
F04-20240306-8W,F04,4,SA,SA,56,0.698,1,1.545,1,21.49,5.76,,,F04,20240306,8,2024-03-06,campaign_2,F,F_SA_BRUSH,surface_inhibitor_brush_campaign2,SA,SA,4,5.0,36,252,F04-20240306-8W.png,Data/Images_dataset/F04-20240306-8W.png,True,2835.0,650.0,,F04-20240306-8W,,,5.76,False,False,0.6984126984126984,0.0,0.0,237.61472961606296,27.85724762672376,206.0,255.0,27.85724762672376,244.64730484330485,237.06376014109347,225.34888074888076,18.488271277804184,30.73796769060154,40.658715080056616,0.0,0.0,9.954551621218287e-06,0.0004503968253968,0.0006779609279609,0.0009111891195224,0.0039187695021028,0.0252817290733957,2.99460327964241,0.6869811555835162,0.4821974929125906,5.61450067925965,3.0438211843789147,71.0,0.3794329127662461,0.0098367985691929,0.6704735527119784,1.0,47.0,0.6234292213376237,1.8226916883768591,9.667535853976531,1.446153846153845,2.0,23.475132275132275,22.129559000670103,10.26491830340952
F04-20240320-10W,F04,4,SA,SA,70,5.076,2,13.257,3,21.49,5.76,,,F04,20240320,10,2024-03-20,campaign_2,F,F_SA_BRUSH,surface_inhibitor_brush_campaign2,SA,SA,4,5.0,36,252,F04-20240320-10W.png,Data/Images_dataset/F04-20240320-10W.png,True,2835.0,650.0,,F04-20240320-10W,,,5.76,False,False,5.075620675620676,0.0,0.0026590693257359,212.40532193732193,41.7753560023903,147.0,253.0,41.7753560023903,228.57317813051145,209.9886517433184,186.07460046126712,28.257323748170407,46.76602953225824,60.11822165124302,0.0,4.900963234296568e-06,0.0004709842626509,0.0016364808031474,0.0017171855921855,0.0038426265092931,0.0072109279609279,0.0163668939085605,7.290963876331288,0.4566531325155621,0.1544101847923804,5.134467451781218,3.272822251799399,474.0,1.9221815221815224,0.01070806049709,0.6799285115766937,1.0,47.0,4.812394241171738,7.322737990904772,31.14471968709257,10.406779661016948,16.0,23.475132275132275,19.457082474819913,2.518029090424239
F04-20240405-12W,F04,4,SA,SA,84,6.984,2,14.879,3,21.49,5.76,,,F04,20240405,12,2024-04-05,campaign_2,F,F_SA_BRUSH,surface_inhibitor_brush_campaign2,SA,SA,4,5.0,36,252,F04-20240405-12W.png,Data/Images_dataset/F04-20240405-12W.png,True,2835.0,650.0,,F04-20240405-12W,,,5.76,False,False,6.9840184506851175,0.0,0.0230090896757563,193.61267670601003,41.58326380225319,131.0,238.0,41.58326380225319,207.02272798806132,191.74635734635737,172.63833401166735,30.359359925737515,46.49313670178658,57.235287729597786,0.0,2.1723646723646724e-05,0.0009592660425993,0.0018783238366571,0.0032318206484873,0.0064460046126712,0.0096813017229683,0.0090315594898928,8.647141283097302,0.3859478078681436,0.0889939255444305,5.057403930187683,3.2495350280878412,367.0,3.144159544159544,0.0190300230263899,0.6727922846861794,1.0,47.0,6.733057782462759,8.071187211444546,34.10691003911343,14.233116036505868,22.0,23.475132275132275,18.02158122362011,1.45284795284865
F04-20240417-14W,F04,4,SA,SA,98,9.464,2,20.133,3,21.49,5.76,,,F04,20240417,14,2024-04-17,campaign_2,F,F_SA_BRUSH,surface_inhibitor_brush_campaign2,SA,SA,4,5.0,36,252,F04-20240417-14W.png,Data/Images_dataset/F04-20240417-14W.png,True,2835.0,650.0,,F04-20240417-14W,,,5.76,False,False,9.463899063899063,0.0,1.165432098765432,172.4952266992267,43.16177851310208,107.0,221.0,43.16177851310208,190.2697435897436,170.56525030525032,140.10724840591507,36.807405103325216,46.18009421284987,49.47462005643864,8.818342151675485e-07,0.0003776455026455,0.0019564509564509,0.0026440611857278,0.0055053249219915,0.0079457502374169,0.010317969067969,0.0025019162935829,6.8716172784011,0.4493694393276828,0.0917443026907173,4.932437460520737,3.018153089205274,782.0,5.456030389363723,0.0121021727159834,0.6578582286037256,1.0,47.0,9.167882604233126,9.843369357197613,42.3102998696219,16.36662320730117,29.0,23.475132275132275,17.510193707418416,1.2407921758633074
F04-20240508-17W,F04,4,SA,SA,119,8.983,2,16.91,3,21.49,5.76,,,F04,20240508,17,2024-05-08,campaign_2,F,F_SA_BRUSH,surface_inhibitor_brush_campaign2,SA,SA,4,5.0,36,252,F04-20240508-17W.png,Data/Images_dataset/F04-20240508-17W.png,True,2835.0,650.0,,F04-20240508-17W,,,5.76,False,False,8.98342151675485,0.0,1.0588522588522589,172.87737403337402,43.82209575883787,108.0,230.0,43.82209575883787,188.2325546058879,172.4266568986569,139.59247049247048,37.110910698567544,47.159029152845115,51.15242344052069,4.239587572920906e-07,0.0003986229819563,0.0019671177587844,0.0021628001628001,0.0052727241893908,0.010826923076923,0.0071079568579568,0.003513431013431,5.138355004706708,0.5105317141966788,0.1114993087015414,5.039717220313757,3.0577914702406077,858.0,4.9236738570071905,0.010470188247966,0.6569337214209445,1.0,47.0,8.713001747621293,8.755062693998802,39.41069100391134,15.14263363754889,28.0,23.475132275132275,16.998867698914815,1.0564438242142429
F04-20240522-19W,F04,4,SA,SA,133,6.765,2,14.311,3,21.49,5.76,,,F04,20240522,19,2024-05-22,campaign_2,F,F_SA_BRUSH,surface_inhibitor_brush_campaign2,SA,SA,4,5.0,36,252,F04-20240522-19W.png,Data/Images_dataset/F04-20240522-19W.png,True,2835.0,650.0,,F04-20240522-19W,,,5.76,False,False,6.7649436982770315,0.0,0.1037037037037037,195.9079365079365,42.83318369583171,130.0,240.0,42.83318369583171,214.7845177045177,194.84636277302943,156.19035788902457,34.232606532984256,47.43646154740723,54.231046790260514,1.8501560168226835e-05,0.0002242402659069,0.0009848222764889,0.0017540530457197,0.0024290801790801,0.005253086419753,0.0119379154795821,0.0086483007733007,5.98011931823593,0.4997586086159546,0.1137442033101199,5.028909636834045,3.0784904477675705,437.0,2.379270112603446,0.01548042036219,0.6698852413335182,1.0,47.0,6.55915559377514,7.959921561538255,32.301173402868315,15.379661016949152,19.0,23.475132275132275,16.463452285773617,0.9876233780894376
F04-20240529-20W,F04,4,SA,SA,140,7.543,2,16.016,3,21.49,5.76,,,F04,20240529,20,2024-05-29,campaign_2,F,F_SA_BRUSH,surface_inhibitor_brush_campaign2,SA,SA,4,5.0,36,252,F04-20240529-20W.png,Data/Images_dataset/F04-20240529-20W.png,True,2835.0,650.0,,F04-20240529-20W,,,5.76,False,False,7.543454076787411,0.0,1.293664360331027,175.8747735721069,38.27752025109074,115.0,217.0,38.27752025109074,190.19771265771263,175.28976366843034,145.64427513227514,30.910430725567892,42.096772834934,46.99665581604731,1.865418532085199e-07,7.838149504816172e-05,0.0016937152353819,0.0022982125898792,0.0043152557319223,0.0093959774793108,0.012011921720255,0.0014563492063492,6.08522790928442,0.4658193911089466,0.1077062719930829,5.110862097311516,3.2699804983128034,1050.0,3.4128883462216795,0.0071842419778927,0.6531460711900852,1.0,47.0,7.213293017836835,8.712077783375156,39.56714471968709,12.758800521512386,26.0,23.475132275132275,17.807309083403094,1.4171916897706565
F04-20240619-23W,F04,4,SA,SA,161,9.828,2,23.034,4,21.49,5.76,,,F04,20240619,23,2024-06-19,campaign_2,F,F_SA_BRUSH,surface_inhibitor_brush_campaign2,SA,SA,4,5.0,36,252,F04-20240619-23W.png,Data/Images_dataset/F04-20240619-23W.png,True,2835.0,650.0,,F04-20240619-23W,,,5.76,False,False,9.827594627594628,0.0,0.878958078958079,174.03690137023472,42.8491132829383,105.0,218.0,42.8491132829383,193.52398534798536,173.6942254782255,129.17545190611858,35.92567978830916,46.519373775401014,49.612242483369904,1.899335232668566e-06,0.0004658458825125,0.0019607075023741,0.0023281610364943,0.0047103344186677,0.007950176366843,0.0121364299280965,0.0016964455297788,8.021776153693056,0.4226668494726832,0.0967944443202809,5.05360526793981,3.238595956820811,1007.0,5.922886989553656,0.0097592796699052,0.646545759611908,1.0,47.0,9.594024799578351,10.164675718906574,39.813559322033896,18.75462842242503,28.0,22.47619047619047,17.308455295127704,1.2805051801499665
F04-20240626-24W,F04,4,SA,SA,168,11.835,2,22.407,4,21.49,5.76,,,F04,20240626,24,2024-06-26,campaign_2,F,F_SA_BRUSH,surface_inhibitor_brush_campaign2,SA,SA,4,5.0,36,252,F04-20240626-24W.png,Data/Images_dataset/F04-20240626-24W.png,True,2835.0,650.0,,F04-20240626-24W,,,5.76,False,False,11.834812101478768,0.0,0.4075430742097408,168.2439772079772,41.03201197271287,101.0,210.0,41.03201197271287,189.5983470356804,165.44565459232126,131.09314448514448,32.995469734757044,44.76828819952704,48.32328550069298,3.391670058336725e-06,0.0006183523266856,0.0021183523266856,0.0024809218559218,0.0042239689323022,0.0117012956179622,0.0094161239994573,0.0006875932709266,4.704060046524077,0.5028172757462775,0.1134481373197077,4.9635709155727845,3.0266619960169634,514.0,6.051227784561118,0.0230249262674684,0.7071315454114958,1.0,47.0,11.61804765735527,11.12138327845821,41.84745762711864,21.88500651890482,31.0,22.47619047619047,16.322235522154823,0.8809828049558651
F04-20240710-26W,F04,4,SA,SA,182,10.881,2,18.903,3,9.0,5.76,,,F04,20240710,26,2024-07-10,campaign_2,F,F_SA_BRUSH,surface_inhibitor_brush_campaign2,SA,SA,4,5.0,36,252,F04-20240710-26W.png,Data/Images_dataset/F04-20240710-26W.png,True,2835.0,650.0,,F04-20240710-26W,,,5.76,False,False,10.880694614027949,0.0,2.5910188576855244,153.64421272554603,37.28135966848625,96.0,195.0,37.28135966848625,172.2843310269977,153.70186189119522,108.81259856193188,32.57457944273658,40.47528991024101,39.23553963822044,1.3227513227513228e-06,0.0004182098765432,0.002636514719848,0.0043142212725546,0.0077202550535883,0.0115263193596526,0.0046305623388956,2.5946275946275947e-06,6.033679256899002,0.4529602970269951,0.1006091483591051,5.056581896216048,3.195869494648466,1309.0,4.51358024691358,0.0083122189564766,0.6520774528939202,1.0,47.0,10.734638963632834,9.644411420043577,36.614080834419816,19.929856584093873,31.0,22.975661375661375,16.032804317247518,0.74230239246422
F04-20240724-28W,F04,4,SA,SA,196,12.656,2,27.716,4,21.49,5.76,,,F04,20240724,28,2024-07-24,campaign_2,F,F_SA_BRUSH,surface_inhibitor_brush_campaign2,SA,SA,4,5.0,36,252,F04-20240724-28W.png,Data/Images_dataset/F04-20240724-28W.png,True,2835.0,650.0,,F04-20240724-28W,,,5.76,False,False,12.656355989689322,0.0,0.3526251526251526,167.78800705467373,41.8793966823776,99.0,210.0,41.8793966823776,196.6894418667752,164.40702536969204,113.7354774114774,35.852321712519164,45.78519323185189,43.010503288741695,6.935965269298602e-06,0.0007614638447971,0.0021133835300501,0.0025981718898385,0.004153201736535,0.0105749050332383,0.0108126271876271,0.0002293108126441,5.266596861396777,0.4840746093266008,0.1118946806386102,4.978341568094699,3.0798258117296924,588.0,5.498901098901099,0.0215244149484512,0.6657997757145843,1.0,47.0,12.42311853310772,12.982161336350709,50.90091264667536,22.945241199478485,32.0,22.975661375661375,16.837192542342503,0.9405210181764913
F04-20240807-30W,F04,4,SA,SA,210,10.801,2,22.824,4,21.49,5.76,,,F04,20240807,30,2024-08-07,campaign_2,F,F_SA_BRUSH,surface_inhibitor_brush_campaign2,SA,SA,4,5.0,36,252,F04-20240807-30W.png,Data/Images_dataset/F04-20240807-30W.png,True,2835.0,650.0,,F04-20240807-30W,,,5.76,False,False,10.8013024013024,0.0,0.2971645638312305,189.63712766246095,48.67448348213878,112.0,244.0,48.67448348213878,223.18557644824313,186.34157916157915,122.904964319631,38.27944641049093,55.173716447961326,57.58433812345581,1.9671686338353003e-06,0.000182268348935,0.001695292361959,0.0025993250576583,0.0032607176773843,0.0053107278523945,0.0088313152896486,0.0093683862433862,9.414071706019492,0.4354890430112283,0.0923449563056589,5.102010089385378,3.269073745941627,1150.0,5.747931081264414,0.0093924368706977,0.6688257645976506,1.0,47.0,10.713889428278176,10.735898497948051,39.50717079530639,29.08735332464146,32.0,22.47619047619047,17.315424965354378,1.0708450905963198
F04-20240902-33W,F04,4,SA,SA,231,9.888,2,17.404,3,21.49,5.76,,,F04,20240902,33,2024-09-02,campaign_2,F,F_SA_BRUSH,surface_inhibitor_brush_campaign2,SA,SA,4,5.0,36,252,F04-20240902-33W.png,Data/Images_dataset/F04-20240902-33W.png,True,2835.0,650.0,,F04-20240902-33W,,,5.76,False,False,9.888264821598156,0.0,0.4379324379324379,182.89669352869353,46.0263474989162,112.0,235.0,46.0263474989162,210.27782390449056,179.56244580111246,132.7577620404287,40.199002824984454,50.98258814519701,50.24763994684999,4.917921584588251e-06,0.0002781508614841,0.001611399403066,0.00253837674671,0.0041703635870302,0.0067020248270248,0.0095112433862433,0.0064335232668566,11.235257947863996,0.3818612142217131,0.0790722694219798,5.119229537843848,3.353685797188518,1639.0,3.2028761362094698,0.0060331084939586,0.6767782954078372,1.0,47.0,9.737995506116675,8.992673505648376,31.964797913950456,22.9767926988266,31.0,23.475132275132275,16.400664923982305,0.8475603463213319
F04-20240918-36W,F04,4,SA,SA,252,7.361,2,12.627,3,21.49,5.76,0.1962,2.01,F04,20240918,36,2024-09-18,campaign_2,F,F_SA_BRUSH,surface_inhibitor_brush_campaign2,SA,SA,4,5.0,36,252,F04-20240918-36W.png,Data/Images_dataset/F04-20240918-36W.png,True,2835.0,650.0,,F04-20240918-36W,0.1962,19.62,5.76,True,True,7.360955094288428,0.0,1.4148419481752816,171.6234584181251,36.46274266164261,115.0,210.0,36.46274266164261,198.73587030253697,169.617080993081,115.5410061050061,32.859469339295096,39.913952075604726,37.12636181352062,1.5601682268348935e-06,0.0001531508614841,0.0015464150047483,0.0025369861619861,0.0048081162664496,0.0110107855107855,0.0108993013159679,0.0002936847103513,5.924493671843108,0.4731445092118544,0.1127221054476835,5.073749426739467,3.2007331941510717,1171.0,2.2370913037579703,0.0062860419250968,0.6710106129730834,1.0,47.0,7.175816250104025,7.102330159686875,25.534550195567142,17.532985658409384,24.0,23.475132275132275,16.53764408826778,0.8582955514179044
F05-20240110-0W,F05,4,SA,SA,0,0.002,1,0.008,1,18.99,6.41,,,F05,20240110,0,2024-01-10,campaign_2,F,F_SA_BRUSH,surface_inhibitor_brush_campaign2,SA,SA,4,5.0,36,252,F05-20240110-0W.png,Data/Images_dataset/F05-20240110-0W.png,True,2835.0,650.0,,F05-20240110-0W,,,6.41,False,False,0.0017365350698684,0.0,0.0047212047212047,229.17394437661105,16.69109952801908,204.0,246.0,16.69109952801908,239.805858635192,229.01840781440785,206.18753601953603,15.074712521895258,17.289231622551586,18.43455926062572,0.0,6.78334011667345e-08,1.085334418667752e-06,2.577669244335911e-06,8.496133496133496e-06,0.0012706043956043,0.0076872541039207,0.0222799145299145,2.577900454744377,0.5900885362297803,0.2120570319192809,5.03286405288707,3.0421044458438593,5.0,0.0006512006512006,0.0003473070139736,0.7951930753390636,1.0,47.0,0.0017753613137673,0.0042047868892887,0.0156453715775749,0.0078226857887874,0.0,18.48042328042328,15.102116402116405,0.8456683107450044
F05-20240124-2W,F05,4,SA,SA,14,0.001,1,0.007,1,13.99,6.41,,,F05,20240124,2,2024-01-24,campaign_2,F,F_SA_BRUSH,surface_inhibitor_brush_campaign2,SA,SA,4,5.0,36,252,F05-20240124-2W.png,Data/Images_dataset/F05-20240124-2W.png,True,2835.0,650.0,,F05-20240124-2W,,,6.41,False,False,0.0008140008140008,0.0,0.0015737349070682,230.82105603038937,24.13567759134515,193.0,254.0,24.13567759134515,237.34449599782937,230.02587057387055,221.87262352462352,21.920975089032257,24.97384675344253,26.57328432590118,0.0,0.0,1.6958350291683628e-07,5.5114638447971785e-06,0.0001408390991724,0.0026077872744539,0.0072978734228734,0.0211978191561524,5.654563478094884,0.5448879932360706,0.262043726868249,5.029143267541772,2.817278264502177,1.0,0.0008140008140008,0.0008140008140008,0.9677354576024422,0.9677354576024422,47.0,0.0008322006158284,0.003947474124319,0.0195567144719687,0.0,0.0,13.485714285714286,13.666878306878308,0.0005876877533447
F05-20240207-4W,F05,4,SA,SA,28,0.165,1,0.734,1,13.99,6.41,,,F05,20240207,4,2024-02-07,campaign_2,F,F_SA_BRUSH,surface_inhibitor_brush_campaign2,SA,SA,4,5.0,36,252,F05-20240207-4W.png,Data/Images_dataset/F05-20240207-4W.png,True,2835.0,650.0,,F05-20240207-4W,,,6.41,False,False,0.1645366978700312,0.0,0.0085741419074752,192.44761796228465,27.708534563399223,156.0,230.0,27.708534563399223,206.5113943833944,190.90068701668704,167.85138624338623,26.130753365917876,28.331113646493716,29.914511423779345,0.0,3.900420567087234e-07,1.4516347849681184e-05,0.0001169108669108,0.0038560066476733,0.011551807760141,0.0106561864061864,0.0050541819291819,7.801199810141052,0.3919042860432945,0.0981694856889465,5.004785103013836,3.15306523283982,31.0,0.0493827160493827,0.0053076354151622,0.8104822058862156,1.0,47.0,0.1682154844794585,0.3317081039605022,1.6649282920469362,0.5259452411994779,0.0,13.485714285714286,12.220008097052954,0.0944473384398253
F05-20240221-6W,F05,4,SA,SA,42,0.133,1,0.284,1,13.99,6.41,,,F05,20240221,6,2024-02-21,campaign_2,F,F_SA_BRUSH,surface_inhibitor_brush_campaign2,SA,SA,4,5.0,36,252,F05-20240221-6W.png,Data/Images_dataset/F05-20240221-6W.png,True,2835.0,650.0,,F05-20240221-6W,,,6.41,False,False,0.1334961334961334,0.0,0.0173110839777506,228.8358013838014,28.11100177362036,192.0,255.0,28.11100177362036,234.91926956993623,227.99472961606295,220.5823600596934,23.39129327989613,29.525340241146488,33.683370572912345,0.0,0.0,3.120336453669787e-06,0.0002899369149369,0.0003539886039886,0.0023229887396554,0.0086900522317188,0.0195899131732465,5.235209847351878,0.5754209019958102,0.3007753073502514,5.136076907767788,2.629662202867211,83.0,0.0128069461402794,0.0016083871505558,0.7121236598162033,1.0,47.0,0.1356487003800383,0.1708568013906621,0.5814863102998696,0.3601043024771838,0.0,13.485714285714286,10.605115498774031,0.3398000867737772
F05-20240306-8W,F05,4,SA,SA,56,1.396,1,3.103,1,11.5,6.41,,,F05,20240306,8,2024-03-06,campaign_2,F,F_SA_BRUSH,surface_inhibitor_brush_campaign2,SA,SA,4,5.0,36,252,F05-20240306-8W.png,Data/Images_dataset/F05-20240306-8W.png,True,2835.0,650.0,,F05-20240306-8W,,,6.41,False,False,1.3959028625695291,0.0,0.0239316239316239,237.3839294532628,31.083539738915864,203.0,254.0,31.083539738915864,244.06773409306743,237.03814733414737,225.36426536426535,22.540042622854088,33.959117163534415,41.110214852615215,0.0,3.391670058336725e-08,9.338963505630172e-05,0.0007745048161714,0.0006089404422737,0.0008648249898249,0.0028699803283136,0.0260383258716592,4.018999002690684,0.6873382188133899,0.4926886447873863,5.432164891361721,2.9693167232816933,89.0,0.2996608329941663,0.0156843018266239,0.7258846821586753,1.0,47.0,1.3911342894393743,1.5608158467673112,5.701434159061278,3.539765319426336,2.0,11.487830687830687,11.865785236978333,0.6305143541643397
F05-20240320-10W,F05,4,SA,SA,70,3.461,1,7.105,2,13.99,6.41,,,F05,20240320,10,2024-03-20,campaign_2,F,F_SA_BRUSH,surface_inhibitor_brush_campaign2,SA,SA,4,5.0,36,252,F05-20240320-10W.png,Data/Images_dataset/F05-20240320-10W.png,True,2835.0,650.0,,F05-20240320-10W,,,6.41,False,False,3.460588793922127,0.0,0.1987789987789987,213.98231718898384,36.93312847201664,173.0,249.0,36.93312847201664,224.52879934879937,212.92461809795145,195.42018939085605,29.745568689546484,39.59686871860625,44.658378602055,0.0,4.790733957400624e-05,0.0006103140686474,0.0008518688102021,0.0007140482973816,0.0041988196988196,0.0087686033102699,0.0160584384751051,4.72024465989808,0.5322659505499758,0.1452544395140405,4.937049503751071,2.892648419256751,112.0,0.5789173789173789,0.0308981142314475,0.6329996861036712,1.0,47.0,3.463508002995922,3.338435304315119,11.808344198174709,8.576271186440676,14.0,13.485714285714286,12.22934975478178,0.5264062095488803
F05-20240405-12W,F05,4,SA,SA,84,4.514,1,10.376,2,11.5,6.41,,,F05,20240405,12,2024-04-05,campaign_2,F,F_SA_BRUSH,surface_inhibitor_brush_campaign2,SA,SA,4,5.0,36,252,F05-20240405-12W.png,Data/Images_dataset/F05-20240405-12W.png,True,2835.0,650.0,,F05-20240405-12W,,,6.41,False,False,4.5138515805182475,0.0,0.591398724732058,197.30757346357348,39.20442751434558,151.0,236.0,39.20442751434558,203.84405263871932,197.12514719848053,185.84349314882647,32.99921175080003,41.81646072495171,45.651033962970274,0.0,0.000214947089947,0.0010258784425451,0.000739655406322,0.0022013295346628,0.0070762108262108,0.0105908119658119,0.0094011667345,9.51325440970865,0.3973022058381218,0.1018619410955746,4.975728365363815,3.1029685749084255,277.0,0.7537647537647537,0.0162954930704629,0.5994279340771749,1.0,47.0,4.521429165857583,4.238335523982518,14.38722294654498,10.784093872229464,16.0,12.986243386243386,12.316754502354232,0.4906479746830957
F05-20240417-14W,F05,4,SA,SA,98,4.075,1,8.927,2,13.99,6.41,,,F05,20240417,14,2024-04-17,campaign_2,F,F_SA_BRUSH,surface_inhibitor_brush_campaign2,SA,SA,4,5.0,36,252,F05-20240417-14W.png,Data/Images_dataset/F05-20240417-14W.png,True,2835.0,650.0,,F05-20240417-14W,,,6.41,False,False,4.075430742097408,0.0,1.3415276081942749,187.15102157102157,39.77765589883098,134.0,225.0,39.77765589883098,198.17438610771944,186.7597384344051,164.53387600054268,36.89584034289249,41.21666784003204,41.749780780820835,7.461674128340795e-07,0.0005055114638447,0.000949481074481,0.0010732261565594,0.0041186914936914,0.006186864061864,0.0147732159815493,0.0036422636005969,8.81505294173847,0.4221315436284401,0.115976558566337,4.919362793877145,3.015510109108312,593.0,0.6258038258038258,0.006872564489203,0.5445834191316709,1.0,47.0,4.078199117867347,3.679080607585558,13.597131681877444,9.44250325945241,15.0,13.485714285714286,12.716480629002596,0.486937986290878
F05-20240508-17W,F05,4,SA,SA,119,4.799,1,11.458,2,13.99,6.41,,,F05,20240508,17,2024-05-08,campaign_2,F,F_SA_BRUSH,surface_inhibitor_brush_campaign2,SA,SA,4,5.0,36,252,F05-20240508-17W.png,Data/Images_dataset/F05-20240508-17W.png,True,2835.0,650.0,,F05-20240508-17W,,,6.41,False,False,4.7994573327906656,0.0001085334418667,2.8663139329806,159.51248622981956,34.29837017742609,115.0,194.0,34.29837017742609,168.70077601410935,160.78900664767332,133.32960900827567,31.347561144115485,35.92581040884551,35.397480913363886,6.189797856464523e-06,0.0008416598833265,0.0010922025505358,0.0027004307420974,0.0084335911002577,0.0137854259937593,0.0043888040971374,1.6958350291683625e-06,7.587155783701801,0.4651282378937379,0.1144767920680637,5.025829172687705,3.110529038297128,672.0,0.8423280423280424,0.007142049602367,0.5026561484533972,1.0,47.0,4.7677882881633336,4.343396955657548,14.913950456323338,11.21069100391134,18.0,13.485714285714286,13.491359237136129,0.4549385050560131
F05-20240522-19W,F05,4,SA,SA,133,6.271,2,13.78,3,13.99,6.41,,,F05,20240522,19,2024-05-22,campaign_2,F,F_SA_BRUSH,surface_inhibitor_brush_campaign2,SA,SA,4,5.0,36,252,F05-20240522-19W.png,Data/Images_dataset/F05-20240522-19W.png,True,2835.0,650.0,,F05-20240522-19W,,,6.41,False,False,6.271170804504138,0.0,2.141310541310541,163.2399023199023,40.12955232415086,111.0,207.0,40.12955232415086,174.65573680640347,164.04284411884413,133.8284954551621,36.76262079380367,42.00220171380224,42.1711271951219,5.886243386243386e-05,0.0010652218152218,0.0010530965947632,0.0027579365079365,0.0076050061050061,0.0099138346221679,0.0083881596798263,0.0004078822412155,9.903175203298606,0.3975798951727655,0.0911037448537184,4.976732112108127,3.1118425296883663,729.0,1.0555962555962557,0.0086024290871113,0.548455060565982,1.0,47.0,6.170573386224306,4.7987434434568055,16.859191655801826,13.337679269882658,21.0,14.984126984126984,13.172018227188614,0.5649513329714757
F05-20240529-20W,F05,4,SA,SA,140,2.497,1,5.372,2,13.99,6.41,,,F05,20240529,20,2024-05-29,campaign_2,F,F_SA_BRUSH,surface_inhibitor_brush_campaign2,SA,SA,4,5.0,36,252,F05-20240529-20W.png,Data/Images_dataset/F05-20240529-20W.png,True,2835.0,650.0,,F05-20240529-20W,,,6.41,False,False,2.4966490299823634,0.0,3.0840320173653506,168.5942558675892,29.45161213192072,133.0,200.0,29.45161213192072,177.51477628544296,169.6737495590829,144.34983421516756,25.67528044896426,31.41027409336356,31.867793526346937,8.648758648758649e-07,4.9416632749966087e-05,0.0013008411341744,0.001368318409985,0.00589535002035,0.0165367148283814,0.0059000135666802,0.0001984805318138,5.650745053490129,0.4777551750310637,0.1269153463198381,5.014363962030684,3.062113024088092,1055.0,0.1990503323836657,0.0023664919715472,0.584339344406967,1.0,47.0,2.432550140087104,2.3379347134003203,10.033898305084746,5.714993481095175,6.0,15.483597883597884,14.913400962793446,0.6201564022769193
F05-20240619-23W,F05,4,SA,SA,161,5.362,2,11.297,2,13.99,6.41,,,F05,20240619,23,2024-06-19,campaign_2,F,F_SA_BRUSH,surface_inhibitor_brush_campaign2,SA,SA,4,5.0,36,252,F05-20240619-23W.png,Data/Images_dataset/F05-20240619-23W.png,True,2835.0,650.0,,F05-20240619-23W,,,6.41,False,False,5.362311762311762,0.0,2.1684981684981683,159.29415330348664,35.48770026143486,116.0,202.0,35.48770026143486,173.56817256817257,160.3455059015059,121.1661625288292,34.11334453416343,37.10432947444271,34.32740758910487,3.951295617962285e-06,0.0005794498711165,0.0014330314746981,0.0026809964726631,0.0095951024284357,0.0115291683625016,0.0051594424094424,0.0002688576855243,6.921310336010853,0.4340244414870799,0.0985538301686469,4.972293128661296,3.0550333972725587,862.0,0.8510107176773843,0.0062207793066261,0.5303128922003728,1.0,47.0,5.297983300507641,4.013061681572578,13.694915254237287,10.738200782268578,20.0,14.984126984126984,13.195765353815837,0.6811845099928107
F05-20240626-24W,F05,4,SA,SA,168,6.125,2,14.179,3,13.99,6.41,,,F05,20240626,24,2024-06-26,campaign_2,F,F_SA_BRUSH,surface_inhibitor_brush_campaign2,SA,SA,4,5.0,36,252,F05-20240626-24W.png,Data/Images_dataset/F05-20240626-24W.png,True,2835.0,650.0,,F05-20240626-24W,,,6.41,False,False,6.124921991588658,0.0,1.7281779948446614,168.2733197666531,38.48112944598322,114.0,206.0,38.48112944598322,183.21131244064577,167.2518958078958,138.7895509428843,36.07811519130136,40.17533241712818,38.93534769491533,3.747795414462081e-06,0.0009199735449735,0.0010683591100257,0.002452737077737,0.0050344424094424,0.0123032661782661,0.009166107041107,0.0003013668430335,6.7820908721895625,0.4703904335580329,0.1150516852495852,4.803231026157986,2.785040109438272,559.0,1.099063899063899,0.0109569266396934,0.512010496465125,1.0,47.0,6.137507281755388,5.006372724708954,17.91134289439374,14.032594524119949,23.0,15.483597883597884,13.047957189674433,0.4838861053619187
F05-20240710-26W,F05,4,SA,SA,182,5.226,2,11.987,2,13.99,6.41,,,F05,20240710,26,2024-07-10,campaign_2,F,F_SA_BRUSH,surface_inhibitor_brush_campaign2,SA,SA,4,5.0,36,252,F05-20240710-26W.png,Data/Images_dataset/F05-20240710-26W.png,True,2835.0,650.0,,F05-20240710-26W,,,6.41,False,False,5.226156559489893,0.0,5.060914394247728,149.22250278116945,34.74447931794905,103.0,192.0,34.74447931794905,163.6219601139601,150.76101967168634,108.2257674671008,34.223311178939205,36.118989703919944,31.14962502087158,2.391127391127391e-06,0.0007082994166327,0.0017765059015059,0.0049554334554334,0.0106415683082349,0.0100162460995794,0.003137328720662,1.2226970560303892e-05,8.371284416474872,0.4029215980548469,0.0905029268631979,5.033166907508199,3.147967009172766,1050.0,0.6371455704789039,0.0049772919614189,0.5194239021332803,1.0,47.0,5.188326999361979,4.151060907432155,15.265971316818774,11.597392438070402,21.0,14.984126984126984,12.63608672732602,0.5047265176497306
F05-20240724-28W,F05,4,SA,SA,196,7.526,2,14.855,3,13.99,6.41,,,F05,20240724,28,2024-07-24,campaign_2,F,F_SA_BRUSH,surface_inhibitor_brush_campaign2,SA,SA,4,5.0,36,252,F05-20240724-28W.png,Data/Images_dataset/F05-20240724-28W.png,True,2835.0,650.0,,F05-20240724-28W,,,6.41,False,False,7.526414326414327,0.0,1.5066069732736398,156.2617614977615,33.2582612132597,111.0,189.0,33.2582612132597,179.8098260751594,154.7350009496676,106.43132654999322,31.89623481035975,34.99565309602441,30.066634783557685,1.1684303350970017e-05,0.0009255698005698,0.0014014041514041,0.0022059591642924,0.0087272418939085,0.0155674264007597,0.0024064068647401,4.3074209740876405e-06,5.237555026544019,0.4906534991377781,0.1287088393720367,4.863793297394585,2.8729338054533926,682.0,1.2697870031203364,0.0110357981325723,0.6453024359903995,1.0,47.0,7.365058670143417,5.072200467833017,19.045632333767927,15.093611473272489,29.0,14.984126984126984,13.935492912537176,0.6295075179728572
F05-20240807-30W,F05,4,SA,SA,210,3.756,1,7.139,2,13.99,6.41,,,F05,20240807,30,2024-08-07,campaign_2,F,F_SA_BRUSH,surface_inhibitor_brush_campaign2,SA,SA,4,5.0,36,252,F05-20240807-30W.png,Data/Images_dataset/F05-20240807-30W.png,True,2835.0,650.0,,F05-20240807-30W,,,6.41,False,False,3.7557454890788224,0.0,1.2371184371184372,198.15185782119116,38.8245065575449,142.0,238.0,38.8245065575449,216.3121394654728,197.31649816849816,159.43438122371455,34.114222700271455,41.85389761389319,39.85903095451335,1.5262515262515261e-07,8.784425451092118e-06,0.0009439187355854,0.0014194139194139,0.0021005799755799,0.0057660934744268,0.012021978021978,0.0089890788224121,7.903520866662484,0.4183752679310504,0.0993505384885821,5.049131672536277,3.198465011185953,537.0,0.7009089675756343,0.0069939394582473,0.6233568386902927,1.0,47.0,3.714388748647674,2.9108359135408644,10.415906127770532,7.923598435462842,14.0,14.984126984126984,14.558754897843745,0.7565897900105959
F05-20240902-33W,F05,4,SA,SA,231,5.633,2,11.525,2,13.99,6.41,,,F05,20240902,33,2024-09-02,campaign_2,F,F_SA_BRUSH,surface_inhibitor_brush_campaign2,SA,SA,4,5.0,36,252,F05-20240902-33W.png,Data/Images_dataset/F05-20240902-33W.png,True,2835.0,650.0,,F05-20240902-33W,,,6.41,False,False,5.633428300094967,0.0,0.6851173517840184,192.62722452855783,40.23979074217805,138.0,234.0,40.23979074217805,210.89953710487043,192.11132872066204,151.95688129154794,35.47971531197783,43.21463816498566,42.245566022373154,2.5437525437525436e-07,7.782186948853616e-05,0.0013408458825125,0.0012199837199837,0.0025240978157644,0.007072039072039,0.0116926807760141,0.0073222764889431,6.340113897692376,0.4605069502588984,0.1065571699045056,5.025950314536156,3.1330820881781265,329.0,0.8297381630714964,0.0171228823711093,0.5900000580334058,1.0,47.0,5.587727814918583,4.010977705435167,14.10691003911343,11.653715775749674,22.0,14.984126984126984,13.139289126604412,0.6983694243139804
F05-20240918-36W,F05,4,SA,SA,252,3.594,1,7.186,2,13.99,6.41,0.172,1.6,F05,20240918,36,2024-09-18,campaign_2,F,F_SA_BRUSH,surface_inhibitor_brush_campaign2,SA,SA,4,5.0,36,252,F05-20240918-36W.png,Data/Images_dataset/F05-20240918-36W.png,True,2835.0,650.0,,F05-20240918-36W,0.172,17.2,6.41,True,True,3.593705060371727,0.0,2.498059964726631,180.1782129968797,34.4659807932692,132.0,211.0,34.4659807932692,199.99366544566544,180.73691439424772,130.16525139058473,32.917027208788795,36.47085587271827,31.27682637687344,1.1870845204178537e-07,0.0001281372948039,0.0013998948582281,0.0013054538054538,0.0032737586487586,0.0094444105277438,0.0155373422873422,0.0001608838692172,5.555238768045607,0.5040346688322324,0.144579929481154,5.012771812022463,3.0935625803241273,992.0,0.4059693393026726,0.003622686552794,0.5992983477332745,1.0,47.0,3.5608754750478515,2.3739043556139805,9.39895697522816,6.853715775749674,15.0,14.984126984126984,12.965687283794288,0.746099242291605
F06-20240110-0W,F06,4,SA,SA,0,0.007,1,0.02,1,11.5,6.37,,,F06,20240110,0,2024-01-10,campaign_2,F,F_SA_BRUSH,surface_inhibitor_brush_campaign2,SA,SA,4,5.0,36,252,F06-20240110-0W.png,Data/Images_dataset/F06-20240110-0W.png,True,2835.0,650.0,,F06-20240110-0W,,,6.37,False,False,0.00672907339574,0.0,0.0064034730701397,221.3861055487722,21.427584804538174,189.0,246.0,21.427584804538174,233.05289594356265,221.48758540225208,194.6666688373355,19.49588938471361,22.147463033931658,23.397900672714115,0.0,1.2888346221679557e-06,2.1876271876271877e-06,3.154253154253154e-06,8.835300501967169e-05,0.0034300128883462,0.0108696411613078,0.0168553622303622,4.2510776159388035,0.5150118929113291,0.1531630909208969,4.731783294539099,2.6135600939548636,5.0,0.0024962691629358,0.001345814679148,0.5425026214500833,0.8649886185779687,47.0,0.0068795250908485,0.0166655431396259,0.059973924380704,0.0273794002607561,0.0,12.486772486772487,6.5373613244581,1.624880179225633
F06-20240124-2W,F06,4,SA,SA,14,0.005,1,0.037,1,4.0,6.37,,,F06,20240124,2,2024-01-24,campaign_2,F,F_SA_BRUSH,surface_inhibitor_brush_campaign2,SA,SA,4,5.0,36,252,F06-20240124-2W.png,Data/Images_dataset/F06-20240124-2W.png,True,2835.0,650.0,,F06-20240124-2W,,,6.37,False,False,0.0052638719305385,0.0,0.0129697463030796,224.91618993352327,28.30983030830351,182.0,254.0,28.30983030830351,231.75675919142583,224.13412562745896,214.88986731786733,26.187557887956356,29.05373429703759,30.821903438921275,0.0,8.479175145841814e-08,3.5951702618369286e-06,7.885632885632886e-06,0.000350817392484,0.004765296431963,0.0080724969474969,0.0180498236331569,13.673844615634314,0.4022272878694504,0.2002660950296839,5.09078716242526,3.0551044585111833,4.0,0.0044498711165377,0.0013159679826346,0.5454343942567336,0.97372313034591,47.0,0.0053538239618297,0.0224395334250438,0.1108213820078227,0.0,0.0,3.995767195767195,3.865030273277697,10485.571925249891
F06-20240207-4W,F06,4,SA,SA,28,0.031,1,0.121,1,4.0,6.37,,,F06,20240207,4,2024-02-07,campaign_2,F,F_SA_BRUSH,surface_inhibitor_brush_campaign2,SA,SA,4,5.0,36,252,F06-20240207-4W.png,Data/Images_dataset/F06-20240207-4W.png,True,2835.0,650.0,,F06-20240207-4W,,,6.37,False,False,0.0309862976529643,0.0,0.0098765432098765,202.234582010582,28.910614858796382,161.0,239.0,28.910614858796382,214.0708772215439,201.14063274996607,180.937127662461,27.64577269105057,29.470263390438824,30.155522135345414,2.3232939899606564e-06,3.5103785103785103e-06,4.477004477004477e-06,1.1022927689594355e-05,0.0027669074752408,0.0085716151132817,0.0107458960792294,0.009144247727581,11.268578997708534,0.3488513997799672,0.0931233672754669,4.851506052765928,2.988416805404718,13.0,0.0118301451634784,0.0023835613579203,0.6164504743280672,1.0,47.0,0.0314017032372603,0.0726048179803827,0.363754889178618,0.0771838331160365,0.0,3.995767195767195,6.687682428488034,1.823253359796957
F06-20240221-6W,F06,4,SA,SA,42,0.035,1,0.263,1,4.0,6.37,,,F06,20240221,6,2024-02-21,campaign_2,F,F_SA_BRUSH,surface_inhibitor_brush_campaign2,SA,SA,4,5.0,36,252,F06-20240221-6W.png,Data/Images_dataset/F06-20240221-6W.png,True,2835.0,650.0,,F06-20240221-6W,,,6.37,False,False,0.0351105684439017,0.0,0.0068918735585402,225.8030183150183,25.33517410800573,189.0,254.0,25.33517410800573,232.5894825668159,225.08746058879393,215.70863220729888,22.883526315176017,26.122182051737543,28.923647009594553,0.0,4.748338081671415e-07,2.8150861484194817e-06,3.3238366571699904e-05,0.000107210690544,0.0035330009496676,0.0098553622303622,0.0177178978428978,8.336509317237349,0.4499820321744895,0.1987572453008345,4.817681518080421,2.4872559298006,9.0,0.0116673450006783,0.0039011742715446,0.7985427162646118,1.0,47.0,0.035895586562734,0.1356992980442874,0.7796610169491526,0.0245110821382007,0.0,3.995767195767195,4.03533442915205,60.99291658126283
F06-20240306-8W,F06,4,SA,SA,56,1.166,1,6.2,2,4.0,6.37,,,F06,20240306,8,2024-03-06,campaign_2,F,F_SA_BRUSH,surface_inhibitor_brush_campaign2,SA,SA,4,5.0,36,252,F06-20240306-8W.png,Data/Images_dataset/F06-20240306-8W.png,True,2835.0,650.0,,F06-20240306-8W,,,6.37,False,False,1.1663003663003662,0.0,0.005046805046805,226.07975959842628,30.93858782521223,187.0,254.0,30.93858782521223,234.28849925383255,225.57813431013432,210.6973718627052,24.395875898490115,33.30594939946841,40.591879563020825,0.0,1.8823768823768824e-06,4.4329127662460995e-05,0.0004994912494912,0.0005112094695428,0.0030577431827431,0.0080638312304978,0.01907151336318,8.591568622137203,0.4685282769011354,0.2452314321536569,5.1758806579732966,3.1145450197843823,41.0,0.3967439967439967,0.0284463503975699,0.6950009590024839,1.0,47.0,1.099198313406752,2.563700580428497,11.466753585397653,3.3011734028683155,4.0,4.495238095238095,4.0731645686791795,13.095606324232234
F06-20240320-10W,F06,4,SA,SA,70,1.864,1,8.97,2,4.0,6.37,,,F06,20240320,10,2024-03-20,campaign_2,F,F_SA_BRUSH,surface_inhibitor_brush_campaign2,SA,SA,4,5.0,36,252,F06-20240320-10W.png,Data/Images_dataset/F06-20240320-10W.png,True,2835.0,650.0,,F06-20240320-10W,,,6.37,False,False,1.8637362637362636,0.0,0.024365757699091,210.37138841405508,34.81662222046175,167.0,251.0,34.81662222046175,220.66002767602768,209.7638355718356,190.74078741012073,29.917345865803306,37.010290832815734,42.17752964925494,1.6958350291683625e-08,7.054673721340388e-06,0.0002240367657034,0.000568376068376,0.0012273775607108,0.0073186982770316,0.0084335741419074,0.0134708655541988,13.467633092975609,0.3510930417300861,0.1059499092262538,5.059047998130954,3.1975369744581976,66.0,0.4467779134445801,0.0282384282384282,0.7065380415328503,1.0,47.0,1.8045438153624231,3.483457334241512,15.915254237288137,5.953846153846154,6.0,4.495238095238095,3.9324461994855646,7.140054778292237
F06-20240405-12W,F06,4,SA,SA,84,2.895,1,13.217,3,4.0,6.37,,,F06,20240405,12,2024-04-05,campaign_2,F,F_SA_BRUSH,surface_inhibitor_brush_campaign2,SA,SA,4,5.0,36,252,F06-20240405-12W.png,Data/Images_dataset/F06-20240405-12W.png,True,2835.0,650.0,,F06-20240405-12W,,,6.37,False,False,2.8945326278659613,0.0,0.0546465879799213,188.97863899063896,35.37662587756772,146.0,232.0,35.37662587756772,196.51751404151403,188.9276402116402,174.19937430470765,31.77022890991032,37.343328248632254,41.089728429119866,2.0689187355854024e-06,7.314136480803148e-05,0.0005163648080314,0.0007298704382037,0.004857736399403,0.0095424297924297,0.0095057319223985,0.0060226563559896,13.848270009052069,0.3292728385592602,0.0799475165208554,4.9481426358735625,3.084058934689134,88.0,0.6086555419888753,0.0328924162257495,0.718490011634819,1.0,47.0,2.871730145080308,4.880449478086971,20.551499348109516,9.181747066492829,10.0,4.495238095238095,4.454682245566964,4.743033003993341
F06-20240417-14W,F06,4,SA,SA,98,3.484,1,14.959,3,4.0,6.37,,,F06,20240417,14,2024-04-17,campaign_2,F,F_SA_BRUSH,surface_inhibitor_brush_campaign2,SA,SA,4,5.0,36,252,F06-20240417-14W.png,Data/Images_dataset/F06-20240417-14W.png,True,2835.0,650.0,,F06-20240417-14W,,,6.37,False,False,3.48386921720255,0.0,0.8192646859313526,172.5310763804097,35.96442867855695,128.0,216.0,35.96442867855695,185.2987654320988,172.5058190204857,143.89021408221407,33.462071516789585,37.35573670130777,38.15080800055389,8.987925654592321e-06,0.0002808472391805,0.000748609415276,0.0019666429249762,0.0078918226834893,0.0091948175281508,0.0101813525980192,0.000976919685253,12.26464135894857,0.364746069305933,0.0849571352133284,4.8447480682201665,2.920856284849081,185.0,0.6801790801790801,0.0188317254983921,0.6213422383473184,1.0,47.0,3.4171266886737492,5.5053465172212475,22.241199478487612,11.596349413298563,10.0,4.495238095238095,4.578104374699338,5.273915528306911
F06-20240508-17W,F06,4,SA,SA,119,3.729,1,14.212,3,4.0,6.37,,,F06,20240508,17,2024-05-08,campaign_2,F,F_SA_BRUSH,surface_inhibitor_brush_campaign2,SA,SA,4,5.0,36,252,F06-20240508-17W.png,Data/Images_dataset/F06-20240508-17W.png,True,2835.0,650.0,,F06-20240508-17W,,,6.37,False,False,3.728829195495862,0.0,2.221028354361688,153.26702591235926,33.596782384129455,113.0,196.0,33.596782384129455,165.71771971238638,153.88996933930267,122.13484194817528,31.9085872944497,34.91358316084781,33.774884382797566,4.595712929046262e-06,0.0002570716320716,0.0010201634784968,0.0060950854700854,0.0101024793108126,0.0092652455569122,0.0043951973951973,0.0001101614434947,10.40580167045628,0.3853767471764569,0.0873189494860124,4.902351017158877,2.977001660091116,491.0,0.6402930402930402,0.0075943568136371,0.5692491284392456,1.0,47.0,3.714416488668202,5.2548312142328495,21.010430247718386,10.309256844850063,13.0,4.495238095238095,6.666866685809245,5.012896116418471
F06-20240522-19W,F06,4,SA,SA,133,5.066,2,17.491,3,4.0,6.37,,,F06,20240522,19,2024-05-22,campaign_2,F,F_SA_BRUSH,surface_inhibitor_brush_campaign2,SA,SA,4,5.0,36,252,F06-20240522-19W.png,Data/Images_dataset/F06-20240522-19W.png,True,2835.0,650.0,,F06-20240522-19W,,,6.37,False,False,5.066069732736399,0.0,5.266151132817799,143.3272218152218,33.86658417024428,103.0,188.0,33.86658417024428,155.66661836928503,144.10913797313796,111.73801003934338,32.07520842239024,35.35742636868521,34.6949332332097,3.4679826346493014e-05,0.0005969678469678,0.0013938068104734,0.0082852394519061,0.0107065357482024,0.0076836419753086,0.00251395672229,3.517161850495184e-05,12.516992527691595,0.3423528176557316,0.081572416790949,4.966902316405202,3.096273529542589,615.0,0.715995115995116,0.0082375117605469,0.5931693030188614,1.0,47.0,4.978667924214265,6.413222867821257,24.315514993481095,14.61903520208605,17.0,4.495238095238095,6.6736653594304505,5.146723287579874
F06-20240529-20W,F06,4,SA,SA,140,2.732,1,7.732,2,4.0,6.37,,,F06,20240529,20,2024-05-29,campaign_2,F,F_SA_BRUSH,surface_inhibitor_brush_campaign2,SA,SA,4,5.0,36,252,F06-20240529-20W.png,Data/Images_dataset/F06-20240529-20W.png,True,2835.0,650.0,,F06-20240529-20W,,,6.37,False,False,2.7324921991588655,0.0,1.1254917921584588,166.95141012074345,30.508247576010735,132.0,207.0,30.508247576010735,182.5286756206756,166.56304978971644,132.67931461131462,28.66498400398837,32.14684603045378,31.350007186569197,6.478089811423145e-06,1.858635191968525e-05,0.0006879833129833,0.0017452855786189,0.0102174230090896,0.0115401912901912,0.006468203093203,0.0005658492741826,9.80214084468181,0.3735702234571757,0.0916937979809131,4.954009362534287,3.0454041297071033,336.0,0.4681590014923348,0.0081324172594013,0.6597772645548874,1.0,47.0,2.6641793114926906,3.2524423243480367,13.664928292046936,7.215384615384613,9.0,4.495238095238095,8.873369251181893,4.329758187861868
F06-20240619-23W,F06,4,SA,SA,161,4.807,1,13.993,3,4.0,6.37,,,F06,20240619,23,2024-06-19,campaign_2,F,F_SA_BRUSH,surface_inhibitor_brush_campaign2,SA,SA,4,5.0,36,252,F06-20240619-23W.png,Data/Images_dataset/F06-20240619-23W.png,True,2835.0,650.0,,F06-20240619-23W,,,6.37,False,False,4.807380274046941,0.0,1.325735992402659,157.98294939628272,34.06288986206253,117.0,202.0,34.06288986206253,174.4512733686067,158.86160086826754,114.89725084791752,31.653625764406904,35.893785581546005,34.64962389354425,8.682675349342016e-06,0.0002029405779405,0.0012104361687695,0.0039636582553249,0.0105165513498846,0.0098321971238637,0.0051526251526251,0.000362908696242,12.612876216210209,0.3389760260214509,0.0806506740649033,5.010522034836934,3.1486834372434056,488.0,0.795658662325329,0.0098511890861617,0.6244169364912427,1.0,47.0,4.705234541873561,5.490492062304952,20.314211212516295,13.107692307692302,15.0,4.495238095238095,8.674018505020447,6.270995049190261
F06-20240626-24W,F06,4,SA,SA,168,7.124,2,18.752,3,1.51,6.37,,,F06,20240626,24,2024-06-26,campaign_2,F,F_SA_BRUSH,surface_inhibitor_brush_campaign2,SA,SA,4,5.0,36,252,F06-20240626-24W.png,Data/Images_dataset/F06-20240626-24W.png,True,2835.0,650.0,,F06-20240626-24W,,,6.37,False,False,7.123972323972325,0.0,2.2074074074074073,154.34425613892282,40.585319397274795,107.0,209.0,40.585319397274795,172.18869461402795,152.4320407000407,121.55610202143536,37.82974834100938,42.20670107892565,42.12613017282561,2.8354361687695026e-05,0.0007312271062271,0.0013161375661375,0.0059367623117623,0.0092990096323429,0.0073083876000542,0.0057717575634242,0.0008583638583638,15.086946603546608,0.3402569263452634,0.0732283741357896,5.016466638400235,3.1757794563580872,1180.0,1.5235924569257902,0.0060372646813324,0.5802391146745771,1.0,47.0,6.95802934894172,7.346371370398212,26.092568448500653,19.144458930899606,25.0,0.9989417989417988,8.15280972383892,4.783424298497836
F06-20240710-26W,F06,4,SA,SA,182,5.973,2,15.823,3,1.51,6.37,,,F06,20240710,26,2024-07-10,campaign_2,F,F_SA_BRUSH,surface_inhibitor_brush_campaign2,SA,SA,4,5.0,36,252,F06-20240710-26W.png,Data/Images_dataset/F06-20240710-26W.png,True,2835.0,650.0,,F06-20240710-26W,,,6.37,False,False,5.972920906254239,0.0,4.034893501560168,144.61209605209606,34.90571181929572,103.0,192.0,34.90571181929572,160.29274074074075,145.9520287613621,101.04332709266042,33.27395433703532,36.600106356617104,34.014815175987216,7.563424230090897e-06,0.0003212929046262,0.0018743894993894,0.0084828211911545,0.0096150793650793,0.0076353276353276,0.0032774216524216,3.610432777099444e-05,15.648791551650117,0.3283445906071223,0.0781794718397558,5.094205093149428,3.2442399278462135,1212.0,1.3082078415411749,0.004928152562916,0.6110549952249952,1.0,47.0,5.805847596327221,6.505652739054836,22.14341590612777,16.761147327249024,18.0,0.4994708994708994,8.939613394060723,8.120711089242063
F06-20240724-28W,F06,4,SA,SA,196,8.616,2,20.289,3,21.49,6.37,,,F06,20240724,28,2024-07-24,campaign_2,F,F_SA_BRUSH,surface_inhibitor_brush_campaign2,SA,SA,4,5.0,36,252,F06-20240724-28W.png,Data/Images_dataset/F06-20240724-28W.png,True,2835.0,650.0,,F06-20240724-28W,,,6.37,False,False,8.61641568308235,0.0,1.304571971238638,149.1843364536698,34.63828682029096,106.0,192.0,34.63828682029096,172.68066910866912,147.37133360466694,101.03765187898522,32.3926594076528,36.67446185461239,33.49001712200229,3.011803011803012e-05,0.0006143840727174,0.0017297178130511,0.0046880172296838,0.0117037884954551,0.009235585402252,0.0031841507258173,6.423823090489757e-05,10.018157225317976,0.3710485795484722,0.086876438878866,5.016362802530134,3.1531855741760197,909.0,3.722154388821055,0.0094790051519057,0.5921779690120805,1.0,47.0,8.296956919748121,8.657924989359186,29.033898305084744,19.978617992177313,25.0,22.975661375661375,12.416853094302883,5.698452521298661
F06-20240807-30W,F06,4,SA,SA,210,4.412,1,12.266,3,21.49,6.37,,,F06,20240807,30,2024-08-07,campaign_2,F,F_SA_BRUSH,surface_inhibitor_brush_campaign2,SA,SA,4,5.0,36,252,F06-20240807-30W.png,Data/Images_dataset/F06-20240807-30W.png,True,2835.0,650.0,,F06-20240807-30W,,,6.37,False,False,4.412047212047212,0.0,0.9862433862433864,184.84921828788495,37.92000499626557,134.0,231.0,37.92000499626557,209.2328308234975,182.78289784289785,135.75585130918464,35.108555888907425,40.952735111414654,37.47384447618634,1.0175010175010177e-07,2.3877357210690543e-05,0.0008338081671415,0.0016923076923076,0.0046445529778863,0.0094178367928367,0.0092579025912359,0.0053796126712793,11.698595109109476,0.3621504188341091,0.0798862730398959,5.031765123261831,3.194975036309698,432.0,1.9644010310676976,0.0102130722501092,0.5920136561851818,1.0,47.0,4.363338788870703,4.804154525655718,16.552803129074313,11.508213820078224,17.0,22.975661375661375,13.155092307064562,5.290475174939304
F06-20240902-33W,F06,4,SA,SA,231,7.047,2,18.044,3,1.51,6.37,,,F06,20240902,33,2024-09-02,campaign_2,F,F_SA_BRUSH,surface_inhibitor_brush_campaign2,SA,SA,4,5.0,36,252,F06-20240902-33W.png,Data/Images_dataset/F06-20240902-33W.png,True,2835.0,650.0,,F06-20240902-33W,,,6.37,False,False,7.047239180572514,0.0,0.4261565594898928,181.32631447564785,39.0633559870532,126.0,227.0,39.0633559870532,204.63571781305112,179.8967038393705,132.01760575227243,32.15897921673278,42.88650161119723,44.47692419924348,3.4764618097951432e-06,0.000172907339574,0.0012902421652421,0.0017415377832044,0.003728259394926,0.0105380884547551,0.0098977411477411,0.0038777472527472,7.461514680831051,0.4242607548259193,0.0905928294714833,4.972777696055102,3.0587374174717517,274.0,1.9341202007868672,0.0257198510239872,0.5995225703209697,1.0,47.0,6.8943937418513705,7.312914179856108,23.434159061277704,18.112125162972617,21.0,0.4994708994708994,9.43293527851716,6.019467240432172
F06-20240918-36W,F06,4,SA,SA,252,5.557,2,17.059,3,1.51,6.37,0.5698,1.68,F06,20240918,36,2024-09-18,campaign_2,F,F_SA_BRUSH,surface_inhibitor_brush_campaign2,SA,SA,4,5.0,36,252,F06-20240918-36W.png,Data/Images_dataset/F06-20240918-36W.png,True,2835.0,650.0,,F06-20240918-36W,0.5698,56.98,6.37,True,True,5.55658662325329,0.0,2.217989417989418,163.7024995251662,34.79665591452589,117.0,206.0,34.79665591452589,185.69416524216524,163.4844135124135,111.92216035816035,31.993476590241215,37.17818603969938,32.97783112462415,5.867589200922534e-06,0.0001982091982091,0.0015468389635056,0.0023474935558268,0.0089507529507529,0.0110565900149233,0.0067897503730837,0.0003544973544973,7.011004842404599,0.4332969942248074,0.0958025149025516,4.947805169295733,3.027354529449841,485.0,1.0111518111518112,0.0114568796355737,0.6868162605117835,1.0,47.0,5.414380426641515,6.402868910198549,24.7470664928292,13.862581486310294,18.0,0.9989417989417988,8.235036258428254,7.113572209776002
G01-20240110-0W,G01,4,PA,G,0,0.0,1,0.0,1,1.51,5.94,,,G01,20240110,0,2024-01-10,campaign_2,G,G_PAINT,paint_campaign2,PA,G,4,5.0,36,252,G01-20240110-0W.png,Data/Images_dataset/G01-20240110-0W.png,True,2835.0,650.0,,G01-20240110-0W,,,5.94,False,False,0.0,0.0,0.0,254.9999945733279,0.0023295155385978,255.0,255.0,0.0023295155385978,255.0,255.0,254.99998914665585,0.0,0.0,0.0055126441865602,0.0,0.0,0.0,0.0,0.0,0.0,0.0,0.03125,0.0,1.0,1.0,7.95462372476572,0.3665333750182996,0.0,0.0,0.0,0.0,0.0,47.0,0.0,0.0,0.0,0.0,0.0,0.4994708994708994,0.0,1.0
G01-20240124-2W,G01,4,PA,G,14,0.0,1,0.0,1,1.51,5.94,,,G01,20240124,2,2024-01-24,campaign_2,G,G_PAINT,paint_campaign2,PA,G,4,5.0,36,252,G01-20240124-2W.png,Data/Images_dataset/G01-20240124-2W.png,True,2835.0,650.0,,G01-20240124-2W,,,5.94,False,False,0.0,0.0,0.0,254.99781902048568,0.2469932988405512,255.0,255.0,0.2469932988405512,254.99800949667616,254.997894993895,254.99781142314475,0.2282630690041103,0.2462083485700945,0.279060941990242,0.0,0.0,0.0,0.0,0.0,6.78334011667345e-08,4.748338081671415e-07,0.0312494573327906,0.0010848205830032,0.999945167040047,0.9999218909681796,7.951387506814229,0.3785286505691794,0.0,0.0,0.0,0.0,0.0,47.0,0.0,0.0,0.0,0.0,0.0,0.4994708994708994,0.0,1.0
G01-20240207-4W,G01,4,PA,G,28,0.0,1,0.0,1,1.51,5.94,,,G01,20240207,4,2024-02-07,campaign_2,G,G_PAINT,paint_campaign2,PA,G,4,5.0,36,252,G01-20240207-4W.png,Data/Images_dataset/G01-20240207-4W.png,True,2835.0,650.0,,G01-20240207-4W,,,5.94,False,False,0.0,0.0,0.0,250.11444525844527,5.590057950862257,242.0,255.0,5.590057950862257,252.32921991588657,250.5221815221815,245.9613838013838,4.72915475636053,5.8585822692484175,7.131638415420083,0.0,0.0,0.0,0.0,3.391670058336725e-08,2.001085334418668e-06,3.920770587437254e-05,0.0312087572920906,0.1962283773530956,0.9200644481946452,0.7091562821698114,6.141485026002233,2.7699211911393604,0.0,0.0,0.0,0.0,0.0,47.0,0.0,0.0,0.0,0.0,0.0,0.4994708994708994,0.0,1.0
G01-20240221-6W,G01,4,PA,G,42,0.0,1,0.0,1,1.51,5.94,,,G01,20240221,6,2024-02-21,campaign_2,G,G_PAINT,paint_campaign2,PA,G,4,5.0,36,252,G01-20240221-6W.png,Data/Images_dataset/G01-20240221-6W.png,True,2835.0,650.0,,G01-20240221-6W,,,5.94,False,False,0.0,0.0,0.0,254.99388468321803,0.5651115084262015,255.0,255.0,0.5651115084262015,254.9941451634785,254.99405996472663,254.9931336318003,0.546720384194179,0.5529477158231854,0.62322356190148,0.0,0.0,0.0,0.0,0.0,1.000542667209334e-06,1.9332519332519332e-06,0.0312470662053995,0.0052362912190336,0.9998243907631846,0.9997873601783708,7.953533448129656,0.3714162897352114,0.0,0.0,0.0,0.0,0.0,47.0,0.0,0.0,0.0,0.0,0.0,0.4994708994708994,0.0,1.0
G01-20240306-8W,G01,4,PA,G,56,0.0,1,0.0,1,1.51,5.94,,,G01,20240306,8,2024-03-06,campaign_2,G,G_PAINT,paint_campaign2,PA,G,4,5.0,36,252,G01-20240306-8W.png,Data/Images_dataset/G01-20240306-8W.png,True,2835.0,650.0,,G01-20240306-8W,,,5.94,False,False,0.0,0.0,0.0,254.99403228869895,0.4676269978652324,255.0,255.0,0.4676269978652324,254.99525383258717,254.994278659612,254.991512684846,0.4145635911578824,0.4696703612327265,0.5770330780703575,0.0,0.0,0.0,0.0,0.0,2.71333604666938e-07,2.0858770858770857e-06,0.0312476427893094,0.004028169348758,0.9997416873298192,0.9996571897165684,7.95027127121064,0.382624793094712,0.0,0.0,0.0,0.0,0.0,47.0,0.0,0.0,0.0,0.0,0.0,0.4994708994708994,0.0,1.0
G01-20240320-10W,G01,4,PA,G,70,0.0,1,0.0,1,1.51,5.94,,,G01,20240320,10,2024-03-20,campaign_2,G,G_PAINT,paint_campaign2,PA,G,4,5.0,36,252,G01-20240320-10W.png,Data/Images_dataset/G01-20240320-10W.png,True,2835.0,650.0,,G01-20240320-10W,,,5.94,False,False,0.0,0.0,0.0,254.94017690951023,0.798042022051967,255.0,255.0,0.798042022051967,254.98217121150455,254.97096242029576,254.827592999593,0.6532679828199967,0.7593266616231424,1.4289995682205787,0.0,0.0,0.0,0.0,5.0875050875050885e-08,4.748338081671415e-07,3.5442952109618778e-06,0.0312459299959299,0.0123426846914836,0.9986211347861716,0.9975795340099752,7.783407027957808,0.8612874669716443,0.0,0.0,0.0,0.0,0.0,47.0,0.0,0.0,0.0,0.0,0.0,0.4994708994708994,0.0,1.0
G01-20240405-12W,G01,4,PA,G,84,0.0,1,0.0,1,1.51,5.94,,,G01,20240405,12,2024-04-05,campaign_2,G,G_PAINT,paint_campaign2,PA,G,4,5.0,36,252,G01-20240405-12W.png,Data/Images_dataset/G01-20240405-12W.png,True,2835.0,650.0,,G01-20240405-12W,,,5.94,False,False,0.0,0.0,0.0,226.122722018722,7.6673115018356,218.0,236.0,7.6673115018356,223.9028131868132,228.6512901912902,223.62681698548369,7.556736520376243,7.749714216815474,8.101920743341983,0.0,0.0,0.0,1.0175010175010177e-07,2.764211097544431e-06,1.2328720662053997e-05,0.0127653642653642,0.0184694410527743,0.8744494645390604,0.7415796899706848,0.3445898865477196,5.426514489430374,3.2164223279397963,0.0,0.0,0.0,0.0,0.0,47.0,0.0,0.0,0.0,0.0,0.0,0.4994708994708994,0.0,1.0
G01-20240417-14W,G01,4,PA,G,98,0.0,1,0.0,1,1.51,5.94,,,G01,20240417,14,2024-04-17,campaign_2,G,G_PAINT,paint_campaign2,PA,G,4,5.0,36,252,G01-20240417-14W.png,Data/Images_dataset/G01-20240417-14W.png,True,2835.0,650.0,,G01-20240417-14W,,,5.94,False,False,0.0,0.0,0.0,253.16164753764753,1.766937812272496,252.0,255.0,1.766937812272496,254.9746113146113,254.84417148283816,243.6073064713065,0.9396042575582804,1.4348531707664798,8.760317926150508,0.0,0.0,0.0,1.6958350291683625e-08,5.596255596255596e-07,2.221543888210555e-06,7.71604938271605e-06,0.0312394858228191,0.0316055467365146,0.9955649918709985,0.9909677270143094,7.2899703202471295,1.7910428404109453,0.0,0.0,0.0,0.0,0.0,47.0,0.0,0.0,0.0,0.0,0.0,0.4994708994708994,0.0,1.0
G01-20240508-17W,G01,4,PA,G,119,0.0,1,0.0,1,1.51,5.94,,,G01,20240508,17,2024-05-08,campaign_2,G,G_PAINT,paint_campaign2,PA,G,4,5.0,36,252,G01-20240508-17W.png,Data/Images_dataset/G01-20240508-17W.png,True,2835.0,650.0,,G01-20240508-17W,,,5.94,False,False,0.0,0.0,0.0009225342558675,245.2642572242572,10.8434450614904,228.0,254.0,10.8434450614904,248.59824230090896,247.3699943019943,230.1466270519604,9.693106533113,10.468248153230173,16.724012841233364,0.0,0.0,2.035002035002035e-07,3.900420567087234e-07,1.3905847239180571e-06,8.682675349342016e-06,0.0013072174738841,0.0299321157237823,0.6393826913565771,0.8457810307029565,0.5767879900003223,5.771111130339976,2.9508264853896717,0.0,0.0,0.0,0.0,0.0,47.0,0.0,0.0,0.0,0.0,0.0,0.4994708994708994,0.0,1.0
G01-20240522-19W,G01,4,PA,G,133,0.0,1,0.0,1,1.51,5.94,,,G01,20240522,19,2024-05-22,campaign_2,G,G_PAINT,paint_campaign2,PA,G,4,5.0,36,252,G01-20240522-19W.png,Data/Images_dataset/G01-20240522-19W.png,True,2835.0,650.0,,G01-20240522-19W,,,5.94,False,False,0.0,0.0,0.0,244.8258021978022,9.039229385206951,231.0,253.0,9.039229385206951,247.1987442680776,248.03622520689188,226.5144300637634,9.557176529866382,8.894017379597162,9.839453826423478,0.0,0.0,0.0,2.035002035002035e-07,5.765839099172433e-07,2.865961199294533e-06,0.0010851987518654,0.0301611552028218,0.2571477066451514,0.9118180017590324,0.5381630550393739,6.299921257798506,2.673180336617299,0.0,0.0,0.0,0.0,0.0,47.0,0.0,0.0,0.0,0.0,0.0,0.4994708994708994,0.0,1.0
G01-20240529-20W,G01,4,PA,G,140,0.0,1,0.0,1,1.51,5.94,,,G01,20240529,20,2024-05-29,campaign_2,G,G_PAINT,paint_campaign2,PA,G,4,5.0,36,252,G01-20240529-20W.png,Data/Images_dataset/G01-20240529-20W.png,True,2835.0,650.0,,G01-20240529-20W,,,5.94,False,False,0.0,0.0,0.0,251.56590421923755,4.135805040510661,248.0,254.0,4.135805040510661,254.23463736263736,253.68749531949533,237.95328991995655,3.138190017299652,4.00514108325915,9.95219561166287,0.0,0.0,0.0,8.479175145841814e-08,4.4091710758377425e-07,2.4759191425858093e-06,7.107244607244607e-05,0.0311759259259259,0.3024618747903043,0.9290615643020586,0.8611633762487791,6.184888419704587,2.770494230326389,0.0,0.0,0.0,0.0,0.0,47.0,0.0,0.0,0.0,0.0,0.0,0.4994708994708994,0.0,1.0
G01-20240619-23W,G01,4,PA,G,161,0.001,1,0.005,1,18.99,5.94,,,G01,20240619,23,2024-06-19,campaign_2,G,G_PAINT,paint_campaign2,PA,G,4,5.0,36,252,G01-20240619-23W.png,Data/Images_dataset/G01-20240619-23W.png,True,2835.0,650.0,,G01-20240619-23W,,,5.94,False,False,0.0006512006512006,0.0,0.0005426672093338,230.29333930267265,15.08043449720178,207.0,247.0,15.08043449720178,240.74794573327907,233.30903106769773,191.7349352869353,17.240457644299127,15.519342358812064,11.117761518193989,0.0,1.6958350291683625e-08,2.71333604666938e-07,6.613756613756614e-07,3.4425451092117757e-06,6.825735992402658e-05,0.0098143399810066,0.0213630104463437,0.3361450469899904,0.8786070568834529,0.3346182042473633,5.9292098955584205,3.0762008451361766,3.0,0.0004884004884004,0.0002170668837335,0.6302902687915827,1.0,47.0,0.0006657604926627,0.0026607292980735,0.0130378096479791,0.0,0.0,17.48148148148148,18.24620811287478,1.3410649939109085
G01-20240626-24W,G01,4,PA,G,168,0.0,1,0.0,1,1.51,5.94,,,G01,20240626,24,2024-06-26,campaign_2,G,G_PAINT,paint_campaign2,PA,G,4,5.0,36,252,G01-20240626-24W.png,Data/Images_dataset/G01-20240626-24W.png,True,2835.0,650.0,,G01-20240626-24W,,,5.94,False,False,0.0,0.0,0.002387735721069,167.2582102835436,20.803357719204143,151.0,176.0,20.803357719204143,169.6964894858228,170.55162610229277,147.95040401573735,20.741459295527793,20.50656321873631,22.79412858771098,0.0,0.0,5.087505087505087e-07,4.968796635463302e-06,0.0121275267941934,0.0174497863247863,0.0002695699362366,0.0013976393976393,0.3317657647679493,0.8582657879284634,0.3624592207783673,5.785518357316535,3.1149222748367444,0.0,0.0,0.0,0.0,0.0,47.0,0.0,0.0,0.0,0.0,0.0,0.4994708994708994,0.0,1.0
G01-20240710-26W,G01,4,PA,G,182,0.0,1,0.002,1,1.51,5.94,,,G01,20240710,26,2024-07-10,campaign_2,G,G_PAINT,paint_campaign2,PA,G,4,5.0,36,252,G01-20240710-26W.png,Data/Images_dataset/G01-20240710-26W.png,True,2835.0,650.0,,G01-20240710-26W,,,5.94,False,False,0.0003798670465337,0.0,0.0011396011396011,249.65334038800705,4.445037104150423,247.0,252.0,4.445037104150423,254.43761172161172,253.84109130375796,219.4654999321666,3.105202916863437,4.343298015074291,12.14662776608152,0.0,5.0875050875050885e-08,2.71333604666938e-07,6.952923619590287e-07,1.1192511192511193e-06,5.579297245963913e-06,0.0001358872608872,0.03110639668973,0.1972185924889264,0.951314070631093,0.864132612970372,6.415473275242933,2.700423996330807,3.0,0.0002170668837335,0.0001266223488445,0.6666666666666666,1.0,47.0,0.0002774002052761,0.0009291871743706,0.0052151238591916,0.0005215123859191,0.0,0.4994708994708994,2.927891156462585,1.435578987769191
G01-20240724-28W,G01,4,PA,G,196,0.0,1,0.0,1,1.51,5.94,,,G01,20240724,28,2024-07-24,campaign_2,G,G_PAINT,paint_campaign2,PA,G,4,5.0,36,252,G01-20240724-28W.png,Data/Images_dataset/G01-20240724-28W.png,True,2835.0,650.0,,G01-20240724-28W,,,5.94,False,False,0.0,0.0,5.42667209333876e-05,241.26085090218425,8.889481372372178,228.0,250.0,8.889481372372178,253.8931336318003,245.1641926468593,192.3753189526523,3.079842254217447,10.93603719128884,16.554056414187272,0.0,0.0,1.6958350291683625e-08,8.479175145841814e-08,5.935422602089269e-07,5.3249219915886586e-06,0.0011361416361416,0.0301078381495048,0.4157932477730899,0.8499493392954082,0.4274504800124342,5.975088044164857,2.971462677009834,0.0,0.0,0.0,0.0,0.0,47.0,0.0,0.0,0.0,0.0,0.0,0.4994708994708994,0.0,1.0
G01-20240807-30W,G01,4,PA,G,210,0.0,1,0.0,1,1.51,5.94,,,G01,20240807,30,2024-08-07,campaign_2,G,G_PAINT,paint_campaign2,PA,G,4,5.0,36,252,G01-20240807-30W.png,Data/Images_dataset/G01-20240807-30W.png,True,2835.0,650.0,,G01-20240807-30W,,,5.94,False,False,0.0,0.0,5.42667209333876e-05,241.74797232397233,15.850742707816936,219.0,252.0,15.850742707816936,251.02636819970152,244.8684710351377,205.51447564780895,10.78855166267713,17.186481479965032,26.85325389096092,0.0,0.0,0.0,7.970424637091304e-07,3.947903947903947e-05,0.000578025369692,0.0032138108804775,0.0274178876678876,2.674327032227614,0.7019638806797203,0.4923483126178653,5.57577855270103,3.2283777130419646,0.0,0.0,0.0,0.0,0.0,47.0,0.0,0.0,0.0,0.0,0.0,0.4994708994708994,0.0,1.0
G01-20240902-33W,G01,4,PA,G,231,0.0,1,0.0,1,1.51,5.94,,,G01,20240902,33,2024-09-02,campaign_2,G,G_PAINT,paint_campaign2,PA,G,4,5.0,36,252,G01-20240902-33W.png,Data/Images_dataset/G01-20240902-33W.png,True,2835.0,650.0,,G01-20240902-33W,,,5.94,False,False,0.0,0.0,0.0,239.03077411477412,15.681845033171443,217.0,252.0,15.681845033171443,249.9561155881156,242.71244878578213,195.76528340795008,11.21856174431971,16.683343059865326,26.951935929119426,0.0,0.0,0.0,3.900420567087234e-07,3.0236738570071905e-05,0.0004887905304571,0.0041819122235788,0.0265486704653371,2.7344382630970125,0.664528185741596,0.3824716641947117,5.507973729524864,3.241682440056107,0.0,0.0,0.0,0.0,0.0,47.0,0.0,0.0,0.0,0.0,0.0,0.4994708994708994,0.0,1.0
G01-20240918-36W,G01,4,PA,G,252,0.0,1,0.0,1,1.51,5.94,0.0188,1.91,G01,20240918,36,2024-09-18,campaign_2,G,G_PAINT,paint_campaign2,PA,G,4,5.0,36,252,G01-20240918-36W.png,Data/Images_dataset/G01-20240918-36W.png,True,2835.0,650.0,,G01-20240918-36W,0.0188,1.88,5.94,True,True,0.0,0.0,0.0,245.2265809252476,3.9643974666314006,240.0,248.0,3.9643974666314006,254.9159126305793,252.24738515805183,187.73725356125357,1.0564104227891606,5.13810453178601,8.223454037030795,0.0,0.0,0.0,3.391670058336725e-08,5.257088590421924e-07,2.747252747252747e-06,4.8331298331298334e-05,0.0311983618233618,0.1388919041204477,0.941477517678259,0.6388678233700609,6.743014874488392,2.4489788779772317,0.0,0.0,0.0,0.0,0.0,47.0,0.0,0.0,0.0,0.0,0.0,0.4994708994708994,0.0,1.0
G02-20240110-0W,G02,4,PA,G,0,0.007,1,0.024,1,6.5,6.66,,,G02,20240110,0,2024-01-10,campaign_2,G,G_PAINT,paint_campaign2,PA,G,4,5.0,36,252,G02-20240110-0W.png,Data/Images_dataset/G02-20240110-0W.png,True,2835.0,650.0,,G02-20240110-0W,,,6.66,False,False,0.0070546737213403,0.0,0.0048840048840048,254.9015693935694,3.2246277376306556,255.0,255.0,3.2246277376306556,254.92329941663272,254.8945825532492,254.88928666395333,2.7513727301923314,3.4306225348864934,3.3396446232154307,0.0,1.3905847239180571e-06,2.8829195495862163e-06,2.730294396961063e-06,3.747795414462081e-06,7.410799077465744e-06,1.2837471170804505e-05,0.0312190001356668,0.1844871515787425,0.997910893784824,0.9975482282847812,7.94089143094482,0.4243371730544813,4.0,0.0030389363722697,0.001763668430335,0.7134873581493647,0.7456945631490607,47.0,0.0072124053371799,0.018864560117623,0.0730117340286831,0.0357235984354628,0.0,6.992592592592593,12.02969474969475,0.3394704118183947
G02-20240124-2W,G02,4,PA,G,14,0.0,1,0.004,1,21.49,6.66,,,G02,20240124,2,2024-01-24,campaign_2,G,G_PAINT,paint_campaign2,PA,G,4,5.0,36,252,G02-20240124-2W.png,Data/Images_dataset/G02-20240124-2W.png,True,2835.0,650.0,,G02-20240124-2W,,,6.66,False,False,0.0004884004884004,0.0,0.0064034730701397,254.83212752679415,4.1692880092269275,255.0,255.0,4.1692880092269275,254.83911382444717,254.83158974358977,254.8253083706417,4.03256642408516,4.188929204266773,4.2951981210660755,0.0,1.6958350291683625e-08,1.9162935829602495e-06,8.530050196716863e-06,1.4668973002306336e-05,1.5737349070682402e-05,1.2277845611178943e-05,0.0311968525301858,0.2885787586174663,0.997211171978043,0.9968756322404108,7.939602135557728,0.431848216512112,1.0,0.0004884004884004,0.0004884004884004,0.9324973354045192,0.9324973354045192,47.0,0.000499320369497,0.0023684844745914,0.0117340286831812,0.0,0.0,20.977777777777774,21.029512051734272,978.8357235984356
G02-20240207-4W,G02,4,PA,G,28,0.041,1,0.101,1,21.49,6.66,,,G02,20240207,4,2024-02-07,campaign_2,G,G_PAINT,paint_campaign2,PA,G,4,5.0,36,252,G02-20240207-4W.png,Data/Images_dataset/G02-20240207-4W.png,True,2835.0,650.0,,G02-20240207-4W,,,6.66,False,False,0.041025641025641,0.0,0.0143264143264143,254.56608981142315,6.249179031475453,254.0,255.0,6.249179031475453,254.7466617826618,254.65390476190476,254.20163234296567,5.756037092634059,6.383643411369372,7.060954214646454,6.393298059964727e-06,6.613756613756614e-06,5.698005698005698e-06,6.647673314339981e-06,1.090421923755257e-05,1.1192511192511192e-05,1.3227513227513228e-05,0.0311893230226563,0.6515053950634122,0.9950945034274884,0.9919840417701188,7.540439744909879,1.2352769951809572,15.0,0.0096594763261429,0.0027350427350427,0.7483857726995373,0.9294403032006736,47.0,0.0415545507503675,0.0684420234581611,0.2737940026075619,0.1507170795306388,0.0,21.47724867724868,15.041124268637498,1.0983738270114387
G02-20240221-6W,G02,4,PA,G,42,0.01,1,0.084,1,21.49,6.66,,,G02,20240221,6,2024-02-21,campaign_2,G,G_PAINT,paint_campaign2,PA,G,4,5.0,36,252,G02-20240221-6W.png,Data/Images_dataset/G02-20240221-6W.png,True,2835.0,650.0,,G02-20240221-6W,,,6.66,False,False,0.0104734771401438,0.0,0.0,254.3053664360331,5.770612821959678,255.0,255.0,5.770612821959678,254.85906498439832,254.39974711708044,252.5903676570343,3.3882653241615057,6.165210585319736,14.207297973601836,1.6958350291683625e-08,8.818342151675485e-07,1.3397096730430063e-06,6.359381359381359e-06,1.4482431149097816e-05,3.924162257495591e-05,0.0001458248541581,0.0310418532085198,0.2079199438592522,0.991707417424062,0.9789546005973482,7.799233345159085,0.8860106420501012,1.0,0.0104734771401438,0.0104734771401438,0.5502745004687725,0.5502745004687725,47.0,0.0107076479236594,0.0507908337329049,0.2516297262059974,0.0,0.0,20.977777777777774,21.187312553115664,20970.143850499782
G02-20240306-8W,G02,4,PA,G,56,0.048,1,0.221,1,21.49,6.66,,,G02,20240306,8,2024-03-06,campaign_2,G,G_PAINT,paint_campaign2,PA,G,4,5.0,36,252,G02-20240306-8W.png,Data/Images_dataset/G02-20240306-8W.png,True,2835.0,650.0,,G02-20240306-8W,,,6.66,False,False,0.0475919142585809,0.0,0.0056980056980056,250.7332323972324,16.275923105135536,252.0,255.0,16.275923105135536,254.53513227513227,250.4174462081129,242.9537718084385,4.916344210310343,18.712530506313804,39.81089910315343,0.0,2.15371048704382e-06,5.189255189255189e-06,2.1537104870438204e-05,0.0001395672229005,0.0006851343101343,0.0009251967168633,0.029471221679555,0.4005218813513171,0.97087483679202,0.91870548543426,7.575190149437123,1.3861143710179171,15.0,0.0261565594898928,0.0031727942839053,0.6339032013353015,1.0,47.0,0.0436905323309939,0.1243605261461023,0.6623207301173403,0.1747066492829204,0.0,21.47724867724868,20.82434465741193,4.072735979548615
G02-20240320-10W,G02,4,PA,G,70,1.18,1,4.159,1,21.49,6.66,,,G02,20240320,10,2024-03-20,campaign_2,G,G_PAINT,paint_campaign2,PA,G,4,5.0,36,252,G02-20240320-10W.png,Data/Images_dataset/G02-20240320-10W.png,True,2835.0,650.0,,G02-20240320-10W,,,6.66,False,False,1.1796499796499798,0.0,0.0179080179080179,247.00634160900827,26.18837659581894,239.0,255.0,26.18837659581894,253.0835539275539,246.19523049789717,236.248533984534,10.826075294094863,30.51898409194725,50.942747208041894,8.14000814000814e-07,9.140550807217474e-06,7.77709944376611e-05,0.0003384717134717,0.0005328483245149,0.0007965845882512,0.0008136107719441,0.028680759055759,0.6028857680710396,0.9544271717731307,0.8799190633088032,7.292159526508432,1.7782564996032226,66.0,0.7492606159272825,0.0178734845401512,0.7278105363205709,1.0,47.0,1.1508224916086438,2.282094751141264,7.533246414602347,5.93089960886571,7.0,22.975661375661375,20.714521811218837,2.502141048022436
G02-20240405-12W,G02,4,PA,G,84,2.718,1,7.375,2,16.49,6.66,,,G02,20240405,12,2024-04-05,campaign_2,G,G_PAINT,paint_campaign2,PA,G,4,5.0,36,252,G02-20240405-12W.png,Data/Images_dataset/G02-20240405-12W.png,True,2835.0,650.0,,G02-20240405-12W,,,6.66,False,False,2.7184371184371185,0.0,0.0392348392348392,221.1557742504409,29.18076361495926,199.0,240.0,29.18076361495926,227.6884015737349,221.461871659205,207.02489811423143,14.583422081140933,34.65397363634226,50.08099275826139,2.8150861484194817e-06,4.33964183964184e-05,0.0003036901370234,0.000670177045177,0.0009215337132003,0.0008956383123049,0.0049105955772622,0.023502153710487,1.1336834127636146,0.768607470453911,0.3518641633689344,5.3814670277847485,3.1553362541148355,53.0,1.3620404287070953,0.051291266385606,0.7060083217346347,1.0,47.0,2.714277788565564,3.856448579697292,12.06910039113429,8.889700130378097,12.0,16.98201058201058,19.195774293534505,1.6743990632635946
G02-20240417-14W,G02,4,PA,G,98,3.732,1,12.157,3,21.49,6.66,,,G02,20240417,14,2024-04-17,campaign_2,G,G_PAINT,paint_campaign2,PA,G,4,5.0,36,252,G02-20240417-14W.png,Data/Images_dataset/G02-20240417-14W.png,True,2835.0,650.0,,G02-20240417-14W,,,6.66,False,False,3.7322479989146657,0.0,0.3215845882512549,231.57032804232804,41.90810942005191,174.0,253.0,41.90810942005191,243.34049599782932,232.18240564373895,201.6848878035545,31.311278732956737,45.79134757656643,55.28327537399368,1.8823768823768825e-05,0.0002269366436033,0.0006243725410392,0.0008189526522859,0.0009080687830687,0.0012448446615113,0.0022733855650522,0.0251346153846153,1.650966544136165,0.842968374572348,0.5851396560775153,6.208943729611394,2.585446735457435,162.0,2.135069868403202,0.0230385678945349,0.7433897843619582,1.0,47.0,3.7481206136092537,4.625947702417488,12.770534550195569,11.180964797913951,16.0,22.47619047619047,19.100649359041817,1.9771948785907616
G02-20240508-17W,G02,4,PA,G,119,4.949,1,13.608,3,18.99,6.66,,,G02,20240508,17,2024-05-08,campaign_2,G,G_PAINT,paint_campaign2,PA,G,4,5.0,36,252,G02-20240508-17W.png,Data/Images_dataset/G02-20240508-17W.png,True,2835.0,650.0,,G02-20240508-17W,,,6.66,False,False,4.9485280151946816,0.0,0.1423416090082757,222.11557346357347,43.95231349239464,157.0,255.0,43.95231349239464,234.6325464658798,221.67210744810745,195.5449778863112,32.22457428176731,47.78000710050532,60.13920416568251,2.3317731651064984e-05,0.0002614468864468,0.0006856769773436,0.0010678673178673,0.0011755019671686,0.0012284968118301,0.0076004273504273,0.0192072649572649,1.5582625461698631,0.8094227395215849,0.4029844520353844,5.651578737874999,2.7730572151027397,146.0,2.3640754307420973,0.0338940275013334,0.6745839682907829,1.0,47.0,5.003772642791756,5.932145807572681,18.525423728813557,13.670925684485008,18.0,17.98095238095238,18.45969999746442,1.596046701615689
G02-20240522-19W,G02,4,PA,G,133,5.849,2,20.677,3,21.49,6.66,,,G02,20240522,19,2024-05-22,campaign_2,G,G_PAINT,paint_campaign2,PA,G,4,5.0,36,252,G02-20240522-19W.png,Data/Images_dataset/G02-20240522-19W.png,True,2835.0,650.0,,G02-20240522-19W,,,6.66,False,False,5.84940984940985,0.0009225342558675,0.091710758377425,219.22524053724052,43.407252673987195,154.0,248.0,43.407252673987195,232.55377669244336,220.50019970153303,182.23506118572783,31.742948307810703,48.19215401158672,56.40271161655347,3.7732329398996066e-05,0.0004054402387735,0.0008129154795821,0.0010947971781305,0.0009215337132003,0.0009348968932302,0.0044189390856057,0.0226237450820784,1.4916591576354552,0.7867766114637705,0.2816847737705081,5.602689349035624,2.967126128689519,149.0,3.677981277981278,0.0392577842242271,0.7124709451746146,1.0,47.0,5.869649643540736,7.261482941088433,25.5632333767927,17.865971316818772,19.0,20.47830687830688,18.85474273658706,2.1566398035124057
G02-20240529-20W,G02,4,PA,G,140,3.328,1,11.874,2,21.49,6.66,,,G02,20240529,20,2024-05-29,campaign_2,G,G_PAINT,paint_campaign2,PA,G,4,5.0,36,252,G02-20240529-20W.png,Data/Images_dataset/G02-20240529-20W.png,True,2835.0,650.0,,G02-20240529-20W,,,6.66,False,False,3.3277438610771948,0.0,0.3251661918328585,234.17122235788904,39.64677121794339,171.0,254.0,39.64677121794339,246.6122854429521,234.53957889024556,203.75960276760276,25.299198926541305,45.08422596879214,56.07057342448875,3.4255867589200924e-06,2.5657983991317323e-05,0.0004576041242707,0.0010624406457739,0.0012283441866775,0.0009956586623253,0.0012845272011938,0.0261923416090082,1.072470583204534,0.8653203546124155,0.632443010945771,6.088753709969109,2.7403376415671623,206.0,1.8887532220865555,0.016154096412996,0.7131260337107717,1.0,47.0,3.369996393797331,4.224690769442179,15.04432855280313,9.692046936114732,15.0,20.47830687830688,18.48037799945435,1.6194523825518965
G02-20240619-23W,G02,4,PA,G,161,5.01,2,17.608,3,21.49,6.66,,,G02,20240619,23,2024-06-19,campaign_2,G,G_PAINT,paint_campaign2,PA,G,4,5.0,36,252,G02-20240619-23W.png,Data/Images_dataset/G02-20240619-23W.png,True,2835.0,650.0,,G02-20240619-23W,,,6.66,False,False,5.009632342965676,0.0,0.0493284493284493,215.30438040971373,38.20020381887687,167.0,242.0,38.20020381887687,235.70648704382037,216.01584533984533,162.73087505087506,28.824352092642854,43.03636139073397,47.49976998488521,1.2684846018179352e-05,0.0002211368878035,0.0007029575362908,0.0010993420160086,0.0009036426536426,0.0009797178130511,0.0100981210147876,0.0172323972323972,1.214141835314253,0.7992989964683174,0.2791783872867837,5.543312537316016,3.152116375513682,137.0,2.8811830145163477,0.0365666594377056,0.6953900522479716,1.0,47.0,5.038170268245999,6.14059585374394,21.383311603650583,14.141590612777051,19.0,20.977777777777774,18.737026726124927,2.01810937701203
G02-20240626-24W,G02,4,PA,G,168,4.448,1,15.636,3,21.49,6.66,,,G02,20240626,24,2024-06-26,campaign_2,G,G_PAINT,paint_campaign2,PA,G,4,5.0,36,252,G02-20240626-24W.png,Data/Images_dataset/G02-20240626-24W.png,True,2835.0,650.0,,G02-20240626-24W,,,6.66,False,False,4.447863247863248,0.0,0.0708180708180708,229.14114285714285,39.91059707045516,179.0,251.0,39.91059707045516,244.15027106227103,230.39514150047484,187.68762610229277,27.793984938712143,45.27988025052954,50.74884959276099,1.2650929317595983e-05,0.00017616334283,0.0006825905575905,0.0009029134445801,0.0008611280694614,0.0007983482566815,0.0019014380681047,0.0259147673314339,0.9450816729267288,0.8839783007313144,0.4310689949702347,6.132122491714763,2.505987399030402,113.0,2.533170533170533,0.0393616216625066,0.7610539181396486,1.0,47.0,4.4704984881688805,5.455884882688414,19.4980443285528,12.320208604954368,18.0,20.977777777777774,18.626536234861945,1.8147142234524312
G02-20240710-26W,G02,4,PA,G,182,2.723,1,10.768,2,21.49,6.66,,,G02,20240710,26,2024-07-10,campaign_2,G,G_PAINT,paint_campaign2,PA,G,4,5.0,36,252,G02-20240710-26W.png,Data/Images_dataset/G02-20240710-26W.png,True,2835.0,650.0,,G02-20240710-26W,,,6.66,False,False,2.7230497897164563,0.0,0.6230904897571564,232.48296296296297,39.201248146704664,170.0,252.0,39.201248146704664,245.40975986975988,235.20197476597477,188.6673661646995,27.521324157659777,44.026262855662154,51.29764465351802,9.8358431691765e-07,1.923076923076923e-05,0.0004311830145163,0.0012232397232397,0.00114535002035,0.0009210419210419,0.0013237009903676,0.0261852699769366,0.9695115045035044,0.8708604126578499,0.5970798710949661,6.1769536286310105,2.6932484255829117,261.0,1.5735721069054402,0.010433140956768,0.6924874993892891,1.0,47.0,2.730755360758967,3.790059357997315,15.645371577574968,8.291786179921772,11.0,20.47830687830688,18.85861643886315,2.055219551239054
G02-20240724-28W,G02,4,PA,G,196,5.212,2,20.039,3,21.49,6.66,,,G02,20240724,28,2024-07-24,campaign_2,G,G_PAINT,paint_campaign2,PA,G,4,5.0,36,252,G02-20240724-28W.png,Data/Images_dataset/G02-20240724-28W.png,True,2835.0,650.0,,G02-20240724-28W,,,6.66,False,False,5.212047212047212,0.0,0.0945868945868946,224.83764265364263,42.506234404501264,162.0,251.0,42.506234404501264,244.34729507529508,225.92967195767196,172.12059964726632,30.125834289280377,48.41960620937563,51.39406977038659,2.131664631664632e-05,0.0002287003120336,0.0007917853751187,0.0010118708452041,0.0010055114638447,0.001022503730837,0.0030103954687288,0.0241579161579161,1.0383407476118138,0.841708172153161,0.3970996888534607,5.940380904583488,2.842153334998449,140.0,3.1156695156695156,0.03722890865748,0.7366709027632902,1.0,47.0,5.251074925795446,6.755745810903727,25.582790091264663,14.644589308996087,18.0,20.47830687830688,18.636520832799658,1.8799020247040137
G02-20240807-30W,G02,4,PA,G,210,3.167,1,12.085,3,21.49,6.66,,,G02,20240807,30,2024-08-07,campaign_2,G,G_PAINT,paint_campaign2,PA,G,4,5.0,36,252,G02-20240807-30W.png,Data/Images_dataset/G02-20240807-30W.png,True,2835.0,650.0,,G02-20240807-30W,,,6.66,False,False,3.1666802333469004,0.0,0.037389770723104,231.8505364265364,35.324527835478285,185.0,252.0,35.324527835478285,249.71989417989417,234.35682051282052,176.2846284086284,18.484135386449548,42.368554702696414,58.0120853322713,2.6115859449192785e-06,2.772690272690273e-05,0.0002847307013973,0.0008302469135802,0.0010798738298738,0.0011903744403744,0.0025779066612399,0.0252565289648622,1.5364515598017872,0.7757680236548108,0.4564552645365562,5.745705954121852,3.119971436379346,181.0,1.7848867182200516,0.017495470902469,0.7265422906064116,1.0,47.0,3.2123221171183665,4.725475421671208,19.113428943937414,9.11264667535854,12.0,20.977777777777774,18.92018330739241,2.1959155151499603
G02-20240902-33W,G02,4,PA,G,231,2.804,1,10.459,2,21.49,6.66,,,G02,20240902,33,2024-09-02,campaign_2,G,G_PAINT,paint_campaign2,PA,G,4,5.0,36,252,G02-20240902-33W.png,Data/Images_dataset/G02-20240902-33W.png,True,2835.0,650.0,,G02-20240902-33W,,,6.66,False,False,2.804070004070004,0.0,0.0351648351648351,230.2489751729752,34.16974478477545,189.0,251.0,34.16974478477545,247.7447841541175,232.2812551892552,178.1310997150997,19.682190009695297,40.44419873542846,50.45502091985518,2.984669651336318e-06,2.4335232668566003e-05,0.0002620234703568,0.0008279405779405,0.0010225546058879,0.0010824514991181,0.0033107108940442,0.0247169990503323,1.658180221756739,0.7333464041696589,0.3602403745537665,5.63172012771812,3.1264957867401604,141.0,1.5015059015059016,0.019887021305461,0.7312691601318757,1.0,47.0,2.852145690587811,4.11471042259986,17.60104302477184,7.716818774445892,11.0,20.977777777777774,18.405868682474967,1.7791491523132508
G02-20240918-36W,G02,4,PA,G,252,2.513,1,7.1,2,21.49,6.66,0.1463,2.25,G02,20240918,36,2024-09-18,campaign_2,G,G_PAINT,paint_campaign2,PA,G,4,5.0,36,252,G02-20240918-36W.png,Data/Images_dataset/G02-20240918-36W.png,True,2835.0,650.0,,G02-20240918-36W,0.1463,14.63,6.66,True,True,2.5129833129833132,0.0,0.4317460317460317,229.34182281915616,37.46319280680655,172.0,249.0,37.46319280680655,246.47307827974495,233.26231121964457,168.50130999864334,26.201174764424763,43.443422386177225,43.22113408197819,4.714421381088048e-06,4.817867317867318e-05,0.0003899403066069,0.001058201058201,0.0011830484330484,0.0011058031474698,0.0018054538054538,0.0256546601546601,0.8960130382703828,0.8767390882711366,0.4503091677496968,6.2022982339249095,2.731758835395027,192.0,1.0648215981549314,0.0130884547551214,0.7520298263863459,1.0,47.0,2.5676440400565896,3.4354898563177763,13.685788787483702,7.040938722294653,12.0,19.978835978835978,17.378589823921082,1.066324077801598
G03-20240110-0W,G03,4,PA,G,0,0.0,1,0.0,1,1.51,6.83,,,G03,20240110,0,2024-01-10,campaign_2,G,G_PAINT,paint_campaign2,PA,G,4,5.0,36,252,G03-20240110-0W.png,Data/Images_dataset/G03-20240110-0W.png,True,2835.0,650.0,,G03-20240110-0W,,,6.83,False,False,0.0,0.0,0.0,254.96306606973275,0.3905006034777873,255.0,255.0,0.3905006034777873,254.99487070953737,254.984547008547,254.88995143128477,0.1941562740912203,0.3617335374900989,0.9596490762569228,0.0,0.0,0.0,0.0,0.0,0.0,0.0,0.03125,0.0007639377585509,0.9996648969016642,0.9989673868271554,7.800773577232255,0.7670012182947562,0.0,0.0,0.0,0.0,0.0,47.0,0.0,0.0,0.0,0.0,0.0,0.4994708994708994,0.0,1.0
G03-20240124-2W,G03,4,PA,G,14,0.0,1,0.0,1,1.51,6.83,,,G03,20240124,2,2024-01-24,campaign_2,G,G_PAINT,paint_campaign2,PA,G,4,5.0,36,252,G03-20240124-2W.png,Data/Images_dataset/G03-20240124-2W.png,True,2835.0,650.0,,G03-20240124-2W,,,6.83,False,False,0.0,0.0,0.0,254.97592836792836,0.5664007279173489,255.0,255.0,0.5664007279173489,254.97492009225343,254.97663654863655,254.9856111789445,0.5864100647725298,0.560503065572876,0.4188150428391727,0.0,0.0,0.0,0.0,0.0,0.0,4.578754578754579e-07,0.0312495421245421,0.0023004293918848,0.9992509133819626,0.9981648599076598,7.927487950712574,0.4561499729598953,0.0,0.0,0.0,0.0,0.0,47.0,0.0,0.0,0.0,0.0,0.0,0.4994708994708994,0.0,1.0
G03-20240207-4W,G03,4,PA,G,28,0.0,1,0.0,1,1.51,6.83,,,G03,20240207,4,2024-02-07,campaign_2,G,G_PAINT,paint_campaign2,PA,G,4,5.0,36,252,G03-20240207-4W.png,Data/Images_dataset/G03-20240207-4W.png,True,2835.0,650.0,,G03-20240207-4W,,,6.83,False,False,0.0,0.0,0.0,253.3737408764075,4.215629551781112,249.0,255.0,4.215629551781112,253.9004596391263,253.60114828381495,252.4495102428436,3.6753297970632786,4.1093712696523905,5.394468993076818,0.0,0.0,0.0,0.0,0.0,0.0,5.9099850766517434e-05,0.0311909001492334,0.0821536863771003,0.9683575286373362,0.904491778791076,6.855676793548331,1.9261456045081449,0.0,0.0,0.0,0.0,0.0,47.0,0.0,0.0,0.0,0.0,0.0,0.4994708994708994,0.0,1.0
G03-20240221-6W,G03,4,PA,G,42,0.0,1,0.0,1,1.51,6.83,,,G03,20240221,6,2024-02-21,campaign_2,G,G_PAINT,paint_campaign2,PA,G,4,5.0,36,252,G03-20240221-6W.png,Data/Images_dataset/G03-20240221-6W.png,True,2835.0,650.0,,G03-20240221-6W,,,6.83,False,False,0.0,0.0,0.0,254.96369447836113,0.7796088990897874,255.0,255.0,0.7796088990897874,254.96290435490437,254.9664647944648,254.9691982091982,0.8013542383529939,0.7552713050392769,0.7088003092291685,0.0,0.0,0.0,0.0,0.0,0.0,3.2899199565866233e-06,0.0312467100800434,0.0053724062176251,0.9987029726747948,0.9973017031848972,7.91310668270354,0.4960705293706297,0.0,0.0,0.0,0.0,0.0,47.0,0.0,0.0,0.0,0.0,0.0,0.4994708994708994,0.0,1.0
G03-20240306-8W,G03,4,PA,G,56,0.0,1,0.0,1,1.51,6.83,,,G03,20240306,8,2024-03-06,campaign_2,G,G_PAINT,paint_campaign2,PA,G,4,5.0,36,252,G03-20240306-8W.png,Data/Images_dataset/G03-20240306-8W.png,True,2835.0,650.0,,G03-20240306-8W,,,6.83,False,False,0.0,0.0,0.0,254.94844607244607,0.9464596256562636,255.0,255.0,0.9464596256562636,254.9553368606702,254.95587572920903,254.9341625288292,0.904925873688469,0.8983091355244894,1.0648479780195337,0.0,0.0,0.0,0.0,0.0,8.479175145841814e-08,6.274589607922942e-06,0.0312436406186406,0.0075562111986338,0.9982423202433977,0.9961914514867568,7.883210605103533,0.5683198704242555,0.0,0.0,0.0,0.0,0.0,47.0,0.0,0.0,0.0,0.0,0.0,0.4994708994708994,0.0,1.0
G03-20240320-10W,G03,4,PA,G,70,0.0,1,0.0,1,1.51,6.83,,,G03,20240320,10,2024-03-20,campaign_2,G,G_PAINT,paint_campaign2,PA,G,4,5.0,36,252,G03-20240320-10W.png,Data/Images_dataset/G03-20240320-10W.png,True,2835.0,650.0,,G03-20240320-10W,,,6.83,False,False,0.0,0.0,0.0,254.4575590828924,3.0788258778618434,255.0,255.0,3.0788258778618434,254.5447922941256,254.56749857549855,254.1335873015873,2.9647789377356273,2.876781412052889,3.907667140110069,0.0,0.0,0.0,0.0,3.391670058336725e-08,2.6963776963776963e-06,6.328856328856329e-05,0.0311839811423144,0.0826480452511551,0.981892895803936,0.9641484165168344,7.378888437010565,1.333353346132904,0.0,0.0,0.0,0.0,0.0,47.0,0.0,0.0,0.0,0.0,0.0,0.4994708994708994,0.0,1.0
G03-20240405-12W,G03,4,PA,G,84,0.0,1,0.0,1,1.51,6.83,,,G03,20240405,12,2024-04-05,campaign_2,G,G_PAINT,paint_campaign2,PA,G,4,5.0,36,252,G03-20240405-12W.png,Data/Images_dataset/G03-20240405-12W.png,True,2835.0,650.0,,G03-20240405-12W,,,6.83,False,False,0.0,0.0,0.0,250.2360705467372,9.804251479708835,239.0,255.0,9.804251479708835,250.1054950481617,250.9249241622575,249.21244498711167,9.988912987190275,9.270577951338264,10.770700303225524,0.0,0.0,0.0,0.0,8.14000814000814e-07,6.825735992402658e-05,0.0009279270112603,0.0302530016280016,1.3076343551998089,0.8359319768174268,0.7127469634272656,6.642666159024635,2.3931645387611544,0.0,0.0,0.0,0.0,0.0,47.0,0.0,0.0,0.0,0.0,0.0,0.4994708994708994,0.0,1.0
G03-20240417-14W,G03,4,PA,G,98,0.0,1,0.0,1,1.51,6.83,,,G03,20240417,14,2024-04-17,campaign_2,G,G_PAINT,paint_campaign2,PA,G,4,5.0,36,252,G03-20240417-14W.png,Data/Images_dataset/G03-20240417-14W.png,True,2835.0,650.0,,G03-20240417-14W,,,6.83,False,False,0.0,0.0,0.0,252.6428484601818,3.524410210701459,250.0,255.0,3.524410210701459,254.54888563288563,253.99389662189665,244.72776393976395,2.32022595452878,3.458920649703465,8.986418919607406,0.0,0.0,0.0,0.0,0.0,0.0,3.437457604124271e-05,0.0312156254239587,0.0616499931316543,0.9749286683150252,0.9215544785340511,6.386918410965068,2.465591155883395,0.0,0.0,0.0,0.0,0.0,47.0,0.0,0.0,0.0,0.0,0.0,0.4994708994708994,0.0,1.0
G03-20240508-17W,G03,4,PA,G,119,0.0,1,0.001,1,21.49,6.83,,,G03,20240508,17,2024-05-08,campaign_2,G,G_PAINT,paint_campaign2,PA,G,4,5.0,36,252,G03-20240508-17W.png,Data/Images_dataset/G03-20240508-17W.png,True,2835.0,650.0,,G03-20240508-17W,,,6.83,False,False,0.0001628001628001,0.0,0.0004884004884004,224.8147621760955,19.60826566225726,197.0,250.0,19.60826566225726,227.4267437254104,226.91716727716727,211.2908549721883,19.864885515013913,19.519279323713636,19.79891521947925,0.0,3.391670058336725e-08,8.479175145841814e-08,7.631257631257631e-07,1.3244471577804911e-05,0.0016227106227106,0.0126085334418667,0.0170046296296296,1.1771175001617669,0.7105082443479247,0.2035102189119316,5.250071387160695,3.0456774206449584,1.0,0.0001628001628001,0.0001628001628001,0.816496580927726,0.816496580927726,47.0,0.0001664401231656,0.0007894948248638,0.0039113428943937,0.0,0.0,20.977777777777774,21.31358024691358,326.9452411994786
G03-20240522-19W,G03,4,PA,G,133,0.0,1,0.0,1,1.51,6.83,,,G03,20240522,19,2024-05-22,campaign_2,G,G_PAINT,paint_campaign2,PA,G,4,5.0,36,252,G03-20240522-19W.png,Data/Images_dataset/G03-20240522-19W.png,True,2835.0,650.0,,G03-20240522-19W,,,6.83,False,False,0.0,0.0,0.0,244.8705624745625,12.103427465559186,226.0,254.0,12.103427465559186,247.48857468457467,247.6148544295211,228.02502455569123,12.542126241108214,11.586884852184308,15.51184960715679,0.0,0.0,0.0,1.1870845204178537e-07,4.239587572920906e-07,2.572581739248406e-05,0.0024940476190476,0.0287296838963505,0.4088635951464214,0.8784296813868502,0.5956695059924682,5.837756452966677,2.7658795794925006,0.0,0.0,0.0,0.0,0.0,47.0,0.0,0.0,0.0,0.0,0.0,0.4994708994708994,0.0,1.0
G03-20240529-20W,G03,4,PA,G,140,0.0,1,0.0,1,1.51,6.83,,,G03,20240529,20,2024-05-29,campaign_2,G,G_PAINT,paint_campaign2,PA,G,4,5.0,36,252,G03-20240529-20W.png,Data/Images_dataset/G03-20240529-20W.png,True,2835.0,650.0,,G03-20240529-20W,,,6.83,False,False,0.0,0.0,0.0,249.5881324107991,6.593313677435091,242.0,254.0,6.593313677435091,252.91367575634243,251.51780002713335,235.34501478768144,5.4131707541415235,6.637462760216646,11.243284140918137,0.0,0.0,0.0,6.78334011667345e-08,1.1362094695428028e-06,7.699091032424366e-06,0.0003164258580925,0.0309246710080043,0.6124043426993216,0.8680286395185229,0.7123205001782553,5.871632905587235,2.8638380825905005,0.0,0.0,0.0,0.0,0.0,47.0,0.0,0.0,0.0,0.0,0.0,0.4994708994708994,0.0,1.0
G03-20240619-23W,G03,4,PA,G,161,0.0,1,0.001,1,21.49,6.83,,,G03,20240619,23,2024-06-19,campaign_2,G,G_PAINT,paint_campaign2,PA,G,4,5.0,36,252,G03-20240619-23W.png,Data/Images_dataset/G03-20240619-23W.png,True,2835.0,650.0,,G03-20240619-23W,,,6.83,False,False,0.0001628001628001,0.0,0.0002713336046669,225.6290690544024,13.418096210186716,207.0,242.0,13.418096210186716,237.35282268348936,228.31749613349612,185.51531840998507,15.292556553024475,13.65454673298722,12.60367295755972,0.0,1.6958350291683625e-08,6.78334011667345e-08,4.239587572920906e-07,5.409713743047076e-06,0.0002728259394926,0.0125392246642246,0.0184320309320309,0.7980388983036116,0.7550902050006324,0.2593586012084037,5.329791376430988,3.1484367226037997,1.0,0.0001628001628001,0.0001628001628001,0.816496580927726,0.816496580927726,47.0,0.0001664401231656,0.0007894948248638,0.0039113428943937,0.0,0.0,20.977777777777774,21.110405643738975,326.9452411994786
G03-20240626-24W,G03,4,PA,G,168,0.0,1,0.002,1,13.99,6.83,,,G03,20240626,24,2024-06-26,campaign_2,G,G_PAINT,paint_campaign2,PA,G,4,5.0,36,252,G03-20240626-24W.png,Data/Images_dataset/G03-20240626-24W.png,True,2835.0,650.0,,G03-20240626-24W,,,6.83,False,False,0.0002170668837335,0.0,0.0001628001628001,186.6079582146249,19.091210871564673,160.0,209.0,19.091210871564673,193.02883299416632,189.61502591235924,158.45592022792022,17.85215111523664,19.674781272576706,19.763692628753603,0.0,0.0,0.0,2.7421652421652423e-05,0.0024783441866775,0.0134336758920092,0.0152654490571157,4.510921177587844e-05,0.8434363064776598,0.7036027906108406,0.2129442832603739,5.377927955212128,3.387676549948735,1.0,0.0002170668837335,0.0002170668837335,0.7905694150420949,0.7905694150420949,47.0,0.0002219201642209,0.001052659766485,0.0052151238591916,0.0,0.0,14.484656084656084,14.950264550264553,0.0022002731227302
G03-20240710-26W,G03,4,PA,G,182,0.0,1,0.0,1,1.51,6.83,,,G03,20240710,26,2024-07-10,campaign_2,G,G_PAINT,paint_campaign2,PA,G,4,5.0,36,252,G03-20240710-26W.png,Data/Images_dataset/G03-20240710-26W.png,True,2835.0,650.0,,G03-20240710-26W,,,6.83,False,False,0.0,0.0,0.0,245.81478713878712,11.4059462166869,234.0,252.0,11.4059462166869,251.8893762040429,250.09045611178945,211.97407624474292,7.685813295745937,12.37701288679153,19.32817991743638,0.0,0.0,0.0,2.357210690544024e-06,0.0001147401980735,0.0001621727038393,0.0008714726631393,0.0300992572242572,0.5501311417075699,0.8588944259477984,0.6438997846238375,5.923646023518825,2.901121363530714,0.0,0.0,0.0,0.0,0.0,47.0,0.0,0.0,0.0,0.0,0.0,0.4994708994708994,0.0,1.0
G03-20240724-28W,G03,4,PA,G,196,0.018,1,0.14,1,13.99,6.83,,,G03,20240724,28,2024-07-24,campaign_2,G,G_PAINT,paint_campaign2,PA,G,4,5.0,36,252,G03-20240724-28W.png,Data/Images_dataset/G03-20240724-28W.png,True,2835.0,650.0,,G03-20240724-28W,,,6.83,False,False,0.0175281508614841,0.0,0.0001628001628001,237.5288639261973,14.316922205331904,220.0,250.0,14.316922205331904,251.2694760548094,240.8089252475919,189.09349287749288,7.67159061814895,16.780284459769497,21.496595025868555,0.0,0.0,1.6958350291683625e-08,3.072853072853073e-05,0.0001303079636412,0.0001447056030389,0.0042154727988061,0.0267287681454348,0.6287739325515692,0.8003601886799501,0.3555339121344342,5.618247423572473,2.999127132288195,15.0,0.0071632071632071,0.0011685433907656,0.7159607330743029,1.0,47.0,0.0179200532608394,0.0781053862313724,0.4132985658409387,0.0,0.0,14.484656084656084,14.618585679885992,2.7307303826398137e-05
G03-20240807-30W,G03,4,PA,G,210,0.003,1,0.02,1,13.99,6.83,,,G03,20240807,30,2024-08-07,campaign_2,G,G_PAINT,paint_campaign2,PA,G,4,5.0,36,252,G03-20240807-30W.png,Data/Images_dataset/G03-20240807-30W.png,True,2835.0,650.0,,G03-20240807-30W,,,6.83,False,False,0.0025505358838692,0.0,0.0,239.8811444851445,17.186217753347083,216.0,252.0,17.186217753347083,250.46485307285303,242.5364889431556,202.6743144756478,10.582610482692449,19.342992408166342,29.85997643461045,0.0,0.0,0.0,2.4250440917107585e-06,0.0001296974630307,0.0006607142857142,0.0037008377425044,0.0267563254646588,2.4124540854284726,0.6986155003996979,0.4220868906689254,5.562790415949189,3.1873742190289365,3.0,0.0012481345814679,0.0008501786279564,0.9352616612310376,1.0,47.0,0.0026075619295958,0.0106532514220472,0.0612777053455019,0.0,0.0,14.984126984126984,14.987008893391875,0.0001876349992657
G03-20240902-33W,G03,4,PA,G,231,0.001,1,0.01,1,13.99,6.83,,,G03,20240902,33,2024-09-02,campaign_2,G,G_PAINT,paint_campaign2,PA,G,4,5.0,36,252,G03-20240902-33W.png,Data/Images_dataset/G03-20240902-33W.png,True,2835.0,650.0,,G03-20240902-33W,,,6.83,False,False,0.0012481345814679,0.0,0.0,239.03957780491115,16.28738439784451,216.0,252.0,16.28738439784451,250.05077682811017,242.81542423009088,194.92894912494913,10.474745225505943,17.797533952379812,29.951126783370466,0.0,0.0,0.0,1.5940849274182608e-06,8.950617283950617e-05,0.0005190272690272,0.0041840320173653,0.0264558404558404,2.3735934251619852,0.6805146016482079,0.3922988188673069,5.55502003166994,3.230373625217444,3.0,0.0009768009768009,0.0004160448604893,0.9985453640580808,1.0,47.0,0.0012760409442702,0.0054887400309049,0.029986962190352,0.0,0.0,14.484656084656084,14.550908672647806,0.0003833529841305
G03-20240918-36W,G03,4,PA,G,252,0.0,1,0.0,1,1.51,6.83,0.0,1.6,G03,20240918,36,2024-09-18,campaign_2,G,G_PAINT,paint_campaign2,PA,G,4,5.0,36,252,G03-20240918-36W.png,Data/Images_dataset/G03-20240918-36W.png,True,2835.0,650.0,,G03-20240918-36W,0.0,0.0,6.83,True,True,0.0,0.0,0.0,239.5509412562746,11.548532982632535,230.0,248.0,11.548532982632535,253.0435083435083,244.68328856328856,181.79937647537648,6.368866697752002,13.803698388436274,15.70163443518778,0.0,0.0,0.0,7.0885904219237556e-06,0.0001622405372405,0.0001811321394654,0.0011557624474291,0.0297437762854429,0.4157132725403736,0.844424494359225,0.4301751600267784,5.673920755925134,2.841731341488132,0.0,0.0,0.0,0.0,0.0,47.0,0.0,0.0,0.0,0.0,0.0,0.4994708994708994,0.0,1.0
G04-20240110-0W,G04,4,PA,G,0,0.0,1,0.0,1,1.51,4.58,,,G04,20240110,0,2024-01-10,campaign_2,G,G_PAINT,paint_campaign2,PA,G,4,5.0,36,252,G04-20240110-0W.png,Data/Images_dataset/G04-20240110-0W.png,True,2835.0,650.0,,G04-20240110-0W,,,4.58,False,False,0.0,0.0,0.001682268348935,254.93781142314475,1.0338772088655186,255.0,255.0,1.0338772088655186,254.99222466422464,254.98642246642245,254.8203424230091,0.8685482830122284,1.0416996354857275,1.496924689741202,0.0,0.0,3.391670058336725e-07,5.087505087505087e-07,5.257088590421924e-07,3.900420567087234e-07,7.122507122507122e-07,0.0312475240808574,0.0142168618032888,0.9997768559313108,0.9996962689721958,7.746804883747091,0.9590427838648646,0.0,0.0,0.0,0.0,0.0,47.0,0.0,0.0,0.0,0.0,0.0,0.4994708994708994,0.0,1.0
G04-20240124-2W,G04,4,PA,G,14,0.0,1,0.0,1,1.51,4.58,,,G04,20240124,2,2024-01-24,campaign_2,G,G_PAINT,paint_campaign2,PA,G,4,5.0,36,252,G04-20240124-2W.png,Data/Images_dataset/G04-20240124-2W.png,True,2835.0,650.0,,G04-20240124-2W,,,4.58,False,False,0.0,0.0,0.0,254.9988918735585,0.1193927956159443,255.0,255.0,0.1193927956159443,254.9989873829874,254.998905982906,254.99942640075977,0.1173351057527322,0.1191517855158265,0.1035272477923805,0.0,0.0,0.0,0.0,0.0,0.0,1.35666802333469e-07,0.0312498643331976,0.0004338742290539,0.9999833125296518,0.999982645106138,7.951820156272984,0.3764983033481437,0.0,0.0,0.0,0.0,0.0,47.0,0.0,0.0,0.0,0.0,0.0,0.4994708994708994,0.0,1.0
G04-20240207-4W,G04,4,PA,G,28,0.0,1,0.0,1,1.51,4.58,,,G04,20240207,4,2024-02-07,campaign_2,G,G_PAINT,paint_campaign2,PA,G,4,5.0,36,252,G04-20240207-4W.png,Data/Images_dataset/G04-20240207-4W.png,True,2835.0,650.0,,G04-20240207-4W,,,4.58,False,False,0.0,0.0,0.0,254.81111490978157,1.073293705529914,255.0,255.0,1.073293705529914,254.92454809388144,254.87901668701667,254.59247700447705,0.7658553306100212,1.0062557652839603,1.8468178837118507,0.0,0.0,0.0,0.0,0.0,3.391670058336725e-08,1.5601682268348935e-06,0.0312484059150725,0.0094824654915953,0.9970393153809072,0.9921845644502948,7.483433852224251,1.2005679131182232,0.0,0.0,0.0,0.0,0.0,47.0,0.0,0.0,0.0,0.0,0.0,0.4994708994708994,0.0,1.0
G04-20240221-6W,G04,4,PA,G,42,0.0,1,0.0,1,1.51,4.58,,,G04,20240221,6,2024-02-21,campaign_2,G,G_PAINT,paint_campaign2,PA,G,4,5.0,36,252,G04-20240221-6W.png,Data/Images_dataset/G04-20240221-6W.png,True,2835.0,650.0,,G04-20240221-6W,,,4.58,False,False,0.0,0.0,0.0,254.9986113146113,0.133267070132116,255.0,255.0,0.133267070132116,254.9987730294397,254.99878388278387,254.99854890788225,0.1287326445914557,0.128221662890963,0.1344965938469764,0.0,0.0,0.0,0.0,0.0,0.0,3.391670058336725e-08,0.0312499660832994,0.0003471362042527,0.9999253625862998,0.9998785043837702,7.952148969861638,0.3754816555787753,0.0,0.0,0.0,0.0,0.0,47.0,0.0,0.0,0.0,0.0,0.0,0.4994708994708994,0.0,1.0
G04-20240306-8W,G04,4,PA,G,56,0.0,1,0.0,1,1.51,4.58,,,G04,20240306,8,2024-03-06,campaign_2,G,G_PAINT,paint_campaign2,PA,G,4,5.0,36,252,G04-20240306-8W.png,Data/Images_dataset/G04-20240306-8W.png,True,2835.0,650.0,,G04-20240306-8W,,,4.58,False,False,0.0,0.0,0.0,254.99612264278932,0.2846322032581446,255.0,255.0,0.2846322032581446,254.9968796635463,254.9966512006512,254.9946634106634,0.2649251825745741,0.2742257234844135,0.330763820443082,0.0,0.0,0.0,0.0,0.0,3.391670058336725e-08,6.105006105006105e-07,0.0312493555826889,0.0016834320087294,0.999787002932526,0.9996876191418368,7.947311948912752,0.3909356387036622,0.0,0.0,0.0,0.0,0.0,47.0,0.0,0.0,0.0,0.0,0.0,0.4994708994708994,0.0,1.0
G04-20240320-10W,G04,4,PA,G,70,0.0,1,0.0,1,1.51,4.58,,,G04,20240320,10,2024-03-20,campaign_2,G,G_PAINT,paint_campaign2,PA,G,4,5.0,36,252,G04-20240320-10W.png,Data/Images_dataset/G04-20240320-10W.png,True,2835.0,650.0,,G04-20240320-10W,,,4.58,False,False,0.0,0.0,0.0,254.94701451634785,1.007815221665723,255.0,255.0,1.007815221665723,254.96333903133905,254.96404449871116,254.89595658662324,0.9546755452995168,0.9481293326874934,1.362210325381113,0.0,0.0,0.0,1.0175010175010177e-07,2.035002035002035e-07,8.14000814000814e-07,4.917921584588251e-06,0.0312439628272961,0.0223822397837163,0.998292837656842,0.997136841053594,7.832443517613159,0.7011092148544951,0.0,0.0,0.0,0.0,0.0,47.0,0.0,0.0,0.0,0.0,0.0,0.4994708994708994,0.0,1.0
G04-20240405-12W,G04,4,PA,G,84,0.0,1,0.0,1,1.51,4.58,,,G04,20240405,12,2024-04-05,campaign_2,G,G_PAINT,paint_campaign2,PA,G,4,5.0,36,252,G04-20240405-12W.png,Data/Images_dataset/G04-20240405-12W.png,True,2835.0,650.0,,G04-20240405-12W,,,4.58,False,False,0.0,0.0,0.0,252.99785266585263,4.741909632345844,248.0,255.0,4.741909632345844,252.89018966218967,253.5219932166599,252.12526495726496,5.027163795170935,4.184478309351124,5.974355218467205,0.0,0.0,0.0,0.0,0.0,7.122507122507122e-07,4.855175688509022e-05,0.0312007359924026,0.1968151446874205,0.9424894713982966,0.8632850599705785,6.61956267792709,2.0283062964617793,0.0,0.0,0.0,0.0,0.0,47.0,0.0,0.0,0.0,0.0,0.0,0.4994708994708994,0.0,1.0
G04-20240417-14W,G04,4,PA,G,98,0.0,1,0.0,1,1.51,4.58,,,G04,20240417,14,2024-04-17,campaign_2,G,G_PAINT,paint_campaign2,PA,G,4,5.0,36,252,G04-20240417-14W.png,Data/Images_dataset/G04-20240417-14W.png,True,2835.0,650.0,,G04-20240417-14W,,,4.58,False,False,0.0,0.0,0.0,253.00891656491655,2.5846798771839543,252.0,255.0,2.5846798771839543,254.8570571157238,254.4760352733686,244.6600808574142,1.3483552844099007,2.4436781120572815,8.98457030387202,0.0,0.0,0.0,0.0,6.78334011667345e-08,1.085334418667752e-06,1.2973137973137971e-05,0.031235873694207,0.0512847930310691,0.9867861431109456,0.9579744208190636,6.7512611731722725,2.0755995536658176,0.0,0.0,0.0,0.0,0.0,47.0,0.0,0.0,0.0,0.0,0.0,0.4994708994708994,0.0,1.0
G04-20240508-17W,G04,4,PA,G,119,0.001,1,0.003,1,4.0,4.58,,,G04,20240508,17,2024-05-08,campaign_2,G,G_PAINT,paint_campaign2,PA,G,4,5.0,36,252,G04-20240508-17W.png,Data/Images_dataset/G04-20240508-17W.png,True,2835.0,650.0,,G04-20240508-17W,,,4.58,False,False,0.0005969339302672,0.0,0.0032017365350698,220.56866205399535,19.930140423444577,196.0,248.0,19.930140423444577,222.76876624609957,223.05801003934337,205.9984680504681,20.84781345749522,19.46621342521872,20.68156579114913,3.391670058336725e-08,1.35666802333469e-07,7.631257631257631e-07,1.9332519332519332e-06,6.545923212589879e-06,0.0015756512006512,0.0158994878578211,0.0137654490571157,0.6285320676135847,0.8002150288764198,0.2351868241483718,5.45519049555669,2.967048291741616,3.0,0.0003798670465337,0.0001989779767557,0.6513903574603154,0.9804479420350364,47.0,0.0006102804516075,0.0019736395912558,0.0091264667535853,0.0013037809647979,0.0,2.996825396825397,6.361519961519962,1.6755935650731513
G04-20240522-19W,G04,4,PA,G,133,0.0,1,0.0,1,1.51,4.58,,,G04,20240522,19,2024-05-22,campaign_2,G,G_PAINT,paint_campaign2,PA,G,4,5.0,36,252,G04-20240522-19W.png,Data/Images_dataset/G04-20240522-19W.png,True,2835.0,650.0,,G04-20240522-19W,,,4.58,False,False,0.0,0.0,0.0003256003256003,246.2508077601411,12.532309570165989,224.0,255.0,12.532309570165989,247.28078198344863,248.5501918328585,235.36670573870575,13.670659994390196,11.44215800878838,17.09738501994524,0.0,0.0,8.479175145841814e-08,1.6958350291683628e-07,1.35666802333469e-06,1.3210554877221545e-05,0.0029678300094966,0.0282673483923483,0.2504722539946622,0.9221557140829024,0.689138324853066,6.168992878589909,2.696902598979295,0.0,0.0,0.0,0.0,0.0,47.0,0.0,0.0,0.0,0.0,0.0,0.4994708994708994,0.0,1.0
G04-20240529-20W,G04,4,PA,G,140,0.0,1,0.0,1,1.51,4.58,,,G04,20240529,20,2024-05-29,campaign_2,G,G_PAINT,paint_campaign2,PA,G,4,5.0,36,252,G04-20240529-20W.png,Data/Images_dataset/G04-20240529-20W.png,True,2835.0,650.0,,G04-20240529-20W,,,4.58,False,False,0.0,0.0,5.42667209333876e-05,251.68938651471984,4.274471336631162,247.0,254.0,4.274471336631162,254.296533984534,253.4303540903541,240.12111897978565,2.888502703835213,4.234751485416858,10.44589913265237,0.0,0.0,0.0,1.5262515262515261e-07,8.818342151675485e-07,4.3074209740876405e-06,6.157576990910325e-05,0.031183082349749,0.2260124501161236,0.9419233637048608,0.8578025564711079,6.073818650652868,2.7408216642746934,0.0,0.0,0.0,0.0,0.0,47.0,0.0,0.0,0.0,0.0,0.0,0.4994708994708994,0.0,1.0
G04-20240619-23W,G04,4,PA,G,161,0.0,1,0.001,1,21.49,4.58,,,G04,20240619,23,2024-06-19,campaign_2,G,G_PAINT,paint_campaign2,PA,G,4,5.0,36,252,G04-20240619-23W.png,Data/Images_dataset/G04-20240619-23W.png,True,2835.0,650.0,,G04-20240619-23W,,,4.58,False,False,0.0001628001628001,0.0,0.0004341337674671,225.6895335775336,12.816352336961202,206.0,240.0,12.816352336961202,238.26311708045043,228.2759185999186,183.99229412562747,15.89940641364734,12.924342726072569,10.194538948877677,0.0,0.0,1.35666802333469e-07,5.935422602089269e-07,2.1876271876271877e-06,8.514787681454349e-05,0.0122067222900556,0.0189552129968796,0.4918898535338791,0.8090569020013314,0.2985262988766257,5.384460962039337,3.2105351606904464,2.0,0.0001085334418667,8.14000814000814e-05,0.5,1.0,47.0,0.0001664401231656,0.0005778986006823,0.0026075619295958,0.0,0.0,20.977777777777774,18.043033509700177,1.908651902560135
G04-20240626-24W,G04,4,PA,G,168,0.0,1,0.0,1,1.51,4.58,,,G04,20240626,24,2024-06-26,campaign_2,G,G_PAINT,paint_campaign2,PA,G,4,5.0,36,252,G04-20240626-24W.png,Data/Images_dataset/G04-20240626-24W.png,True,2835.0,650.0,,G04-20240626-24W,,,4.58,False,False,0.0,0.0,0.0,241.76903595170265,11.664202138023986,223.0,252.0,11.664202138023986,247.46368850902184,244.36052096052097,218.17093854293853,11.193088642915988,12.093923570481769,11.944956739941878,0.0,0.0,0.0,1.1870845204178537e-07,3.561253561253561e-07,5.596255596255596e-06,0.00336860670194,0.0278753222086555,0.1592588318628004,0.9407100170559048,0.499492224116544,6.450829389012434,2.415733675344459,0.0,0.0,0.0,0.0,0.0,47.0,0.0,0.0,0.0,0.0,0.0,0.4994708994708994,0.0,1.0
G04-20240710-26W,G04,4,PA,G,182,0.0,1,0.0,1,1.51,4.58,,,G04,20240710,26,2024-07-10,campaign_2,G,G_PAINT,paint_campaign2,PA,G,4,5.0,36,252,G04-20240710-26W.png,Data/Images_dataset/G04-20240710-26W.png,True,2835.0,650.0,,G04-20240710-26W,,,4.58,False,False,0.0,0.0,0.0002170668837335,248.60375959842625,5.242346818429761,243.0,252.0,5.242346818429761,253.9832842219509,253.1650663410663,215.06996771130105,3.797812571787075,5.169825141986835,12.90386889686332,0.0,0.0,3.391670058336725e-08,2.8829195495862164e-07,1.7127933794600462e-06,6.105006105006105e-06,0.0001874406457739,0.031054419346086,0.2373993227683547,0.9363511340245256,0.7955489871353003,6.322306540794518,2.53896870311675,0.0,0.0,0.0,0.0,0.0,47.0,0.0,0.0,0.0,0.0,0.0,0.4994708994708994,0.0,1.0
G04-20240724-28W,G04,4,PA,G,196,0.0,1,0.0,1,1.51,4.58,,,G04,20240724,28,2024-07-24,campaign_2,G,G_PAINT,paint_campaign2,PA,G,4,5.0,36,252,G04-20240724-28W.png,Data/Images_dataset/G04-20240724-28W.png,True,2835.0,650.0,,G04-20240724-28W,,,4.58,False,False,0.0,0.0,0.0,239.45563044363044,11.104694356082309,224.0,250.0,11.104694356082309,252.9464528557862,243.07993433726767,189.7500236060236,5.0003147527625496,13.199514237146174,19.640495294654144,0.0,0.0,0.0,1.1870845204178537e-07,1.984126984126984e-06,3.400149233482567e-05,0.0030570139736806,0.0281568816985483,0.3718772224547673,0.8710764365012733,0.4234061252365111,5.863473136795106,2.8504992817920987,0.0,0.0,0.0,0.0,0.0,47.0,0.0,0.0,0.0,0.0,0.0,0.4994708994708994,0.0,1.0
G04-20240807-30W,G04,4,PA,G,210,0.0,1,0.0,1,1.51,4.58,,,G04,20240807,30,2024-08-07,campaign_2,G,G_PAINT,paint_campaign2,PA,G,4,5.0,36,252,G04-20240807-30W.png,Data/Images_dataset/G04-20240807-30W.png,True,2835.0,650.0,,G04-20240807-30W,,,4.58,False,False,0.0,0.0,0.0,246.86139139872472,8.768710033359554,236.0,253.0,8.768710033359554,253.77476380409715,250.29240537240537,215.33275159408493,4.7171253577496595,9.565046801583168,19.913420005605612,0.0,0.0,0.0,4.07000407000407e-07,2.2724189390856056e-06,2.4640482973816307e-05,0.0009959130375797,0.0302267670601003,0.8482002332390028,0.8319829247960389,0.6327406332182203,5.789965993752542,3.0926781463070756,0.0,0.0,0.0,0.0,0.0,47.0,0.0,0.0,0.0,0.0,0.0,0.4994708994708994,0.0,1.0
G04-20240902-33W,G04,4,PA,G,231,0.0,1,0.0,1,1.51,4.58,,,G04,20240902,33,2024-09-02,campaign_2,G,G_PAINT,paint_campaign2,PA,G,4,5.0,36,252,G04-20240902-33W.png,Data/Images_dataset/G04-20240902-33W.png,True,2835.0,650.0,,G04-20240902-33W,,,4.58,False,False,0.0,0.0,0.0,245.71496784696785,8.641707896866407,234.0,252.0,8.641707896866407,253.27603201736537,250.1608715235382,206.96636277302943,5.356517380337839,9.074314638104282,19.75840411492351,0.0,0.0,0.0,2.035002035002035e-07,1.6958350291683625e-06,1.989214489214489e-05,0.0010736331569664,0.0301545753629086,0.7469938345919738,0.8321744839826365,0.6001370773662595,5.784601140463973,3.0250268839521075,0.0,0.0,0.0,0.0,0.0,47.0,0.0,0.0,0.0,0.0,0.0,0.4994708994708994,0.0,1.0
G04-20240918-36W,G04,4,PA,G,252,0.0,1,0.002,1,11.5,4.58,0.2543,2.21,G04,20240918,36,2024-09-18,campaign_2,G,G_PAINT,paint_campaign2,PA,G,4,5.0,36,252,G04-20240918-36W.png,Data/Images_dataset/G04-20240918-36W.png,True,2835.0,650.0,,G04-20240918-36W,0.2543,25.430000000000003,4.58,True,True,0.0002713336046669,0.0,0.0001628001628001,242.5782965676299,7.104251147541549,234.0,248.0,7.104251147541549,254.1243082349749,248.85011965811967,184.02319468186136,3.6502812068920822,8.68683724747141,10.885830290148096,0.0,0.0,5.0875050875050885e-08,3.052503052503053e-07,1.7975851309184643e-06,1.0090218423551756e-05,0.0009286392619725,0.0303091168091168,0.2687345419265126,0.9057007648004672,0.5586181555066989,6.094352193965405,2.698669280877969,2.0,0.0001628001628001,0.0001356668023334,0.908248290463863,1.0,47.0,0.0002774002052761,0.001139031050384,0.0065189048239895,0.0,0.0,11.987301587301587,11.85015873015873,0.0017609934314875
G05-20240110-0W,G05,4,PA,G,0,0.011,1,0.06,1,4.0,5.23,,,G05,20240110,0,2024-01-10,campaign_2,G,G_PAINT,paint_campaign2,PA,G,4,5.0,36,252,G05-20240110-0W.png,Data/Images_dataset/G05-20240110-0W.png,True,2835.0,650.0,,G05-20240110-0W,,,5.23,False,False,0.0105820105820105,0.0,0.0054266720933387,254.92136752136753,3.0408977454933073,255.0,255.0,3.0408977454933073,254.94133767467105,254.9257153710487,254.8908365215032,2.6871828413129153,3.1441436086358197,3.398016416881283,0.0,1.6449599782933116e-06,2.933794600461267e-06,3.2390449057115725e-06,3.0016280016280017e-06,2.71333604666938e-06,4.036087369420703e-06,0.0312324311490978,0.1426628787175841,0.9988577620252048,0.9986374314284994,7.893914352713145,0.5680053483467776,5.0,0.0069461402794736,0.0021164021164021,0.8195778261549014,0.982945628564238,47.0,0.0108186080057699,0.0373780899099246,0.1799217731421121,0.0130378096479791,0.0,3.995767195767195,4.258895672229006,17.714423709233937
G05-20240124-2W,G05,4,PA,G,14,0.0,1,0.0,1,1.51,5.23,,,G05,20240124,2,2024-01-24,campaign_2,G,G_PAINT,paint_campaign2,PA,G,4,5.0,36,252,G05-20240124-2W.png,Data/Images_dataset/G05-20240124-2W.png,True,2835.0,650.0,,G05-20240124-2W,,,5.23,False,False,0.0,0.0,0.0,254.9461614434948,2.110910037718301,255.0,255.0,2.110910037718301,254.94949884683217,254.9456855243522,254.94516022249357,1.9938139731111444,2.1335276382770427,2.218889088999095,0.0,0.0,0.0,7.122507122507122e-07,6.2576312576312575e-06,5.206213539546873e-06,5.850630850630851e-06,0.0312319732736399,0.0727643043976166,0.9988134100640186,0.9985810651549668,7.942769129595819,0.4094367712596942,0.0,0.0,0.0,0.0,0.0,47.0,0.0,0.0,0.0,0.0,0.0,0.4994708994708994,0.0,1.0
G05-20240207-4W,G05,4,PA,G,28,0.019,1,0.11,1,4.0,5.23,,,G05,20240207,4,2024-02-07,campaign_2,G,G_PAINT,paint_campaign2,PA,G,4,5.0,36,252,G05-20240207-4W.png,Data/Images_dataset/G05-20240207-4W.png,True,2835.0,650.0,,G05-20240207-4W,,,5.23,False,False,0.0189933523266856,0.0,0.0073260073260073,253.98628625695292,4.320388193113421,253.0,255.0,4.320388193113421,254.62764563831232,254.27470573870573,252.78994112060775,3.795696984651899,4.3944311837761365,5.441525875357365,2.71333604666938e-07,4.8161714828381495e-06,2.6794193460860126e-06,2.0689187355854024e-06,2.7811694478361147e-06,3.6969203635870302e-06,1.6754850088183422e-05,0.0312169312169312,0.2541890648867685,0.9818192750036746,0.9617631099629,6.845613367137678,2.0178695706008245,4.0,0.013729480396147,0.0047483380816714,0.7049470904225336,0.8530238240958785,47.0,0.0194180143693306,0.0674474854554029,0.3298565840938722,0.0286831812255541,0.0,3.995767195767195,5.150137566137566,18.762842520444025
G05-20240221-6W,G05,4,PA,G,42,0.0,1,0.004,1,4.0,5.23,,,G05,20240221,6,2024-02-21,campaign_2,G,G_PAINT,paint_campaign2,PA,G,4,5.0,36,252,G05-20240221-6W.png,Data/Images_dataset/G05-20240221-6W.png,True,2835.0,650.0,,G05-20240221-6W,,,5.23,False,False,0.0004884004884004,0.0,0.0068376068376068,254.9274546194546,2.7411857897250527,255.0,255.0,2.7411857897250527,254.93127065527065,254.92760927960927,254.92301343101343,2.624253922026623,2.758335989673091,2.8559678770383816,0.0,0.0,1.5092931759598427e-06,4.171754171754171e-06,4.341337674671008e-06,4.968796635463302e-06,6.5798399131732465e-06,0.0312284289784289,0.1040995726504538,0.9986099067061972,0.9983510382414272,7.943919977156108,0.4084218302517322,1.0,0.0004884004884004,0.0004884004884004,0.6945875203623407,0.6945875203623407,47.0,0.000499320369497,0.0023684844745914,0.0117340286831812,0.0,0.0,3.995767195767195,4.377660199882423,978.8357235984356
G05-20240306-8W,G05,4,PA,G,56,0.0,1,0.0,1,1.51,5.23,,,G05,20240306,8,2024-03-06,campaign_2,G,G_PAINT,paint_campaign2,PA,G,4,5.0,36,252,G05-20240306-8W.png,Data/Images_dataset/G05-20240306-8W.png,True,2835.0,650.0,,G05-20240306-8W,,,5.23,False,False,0.0,0.0,0.000705467372134,254.9169995929996,2.485223204394569,255.0,255.0,2.485223204394569,254.93703920770588,254.92282729616065,254.85339791073125,2.3135577152545226,2.4859837473026527,3.1741756011556173,0.0,0.0,6.78334011667345e-08,3.5103785103785103e-06,5.664088997422331e-06,4.544837878171211e-06,6.105006105006105e-06,0.0312301078551078,0.0885532269294528,0.997891342604032,0.9967156601894536,7.919406058823021,0.4876963450471339,0.0,0.0,0.0,0.0,0.0,47.0,0.0,0.0,0.0,0.0,0.0,0.4994708994708994,0.0,1.0
G05-20240320-10W,G05,4,PA,G,70,0.0,1,0.0,1,1.51,5.23,,,G05,20240320,10,2024-03-20,campaign_2,G,G_PAINT,paint_campaign2,PA,G,4,5.0,36,252,G05-20240320-10W.png,Data/Images_dataset/G05-20240320-10W.png,True,2835.0,650.0,,G05-20240320-10W,,,5.23,False,False,0.0001085334418667,0.0,0.0048840048840048,254.80002767602767,3.4031947609124504,255.0,255.0,3.4031947609124504,254.83845122778456,254.8184832451499,254.68563288563288,3.2117198133457796,3.3699258442470055,4.193767308588077,0.0,3.391670058336725e-08,5.257088590421924e-07,6.22371455704789e-06,6.681590014923348e-06,7.020757020757021e-06,2.808302808302808e-05,0.0312014312847646,0.1920971459986412,0.9927848065024856,0.989595626134982,7.794422283177724,0.7600477345586655,1.0,0.0001085334418667,0.0001085334418667,1.0,1.0,47.0,0.0001109600821104,0.0005263298832425,0.0026075619295958,0.0,0.0,22.975661375661375,23.284656084656085,218.29682746631897
G05-20240405-12W,G05,4,PA,G,84,0.0,1,0.001,1,4.0,5.23,,,G05,20240405,12,2024-04-05,campaign_2,G,G_PAINT,paint_campaign2,PA,G,4,5.0,36,252,G05-20240405-12W.png,Data/Images_dataset/G05-20240405-12W.png,True,2835.0,650.0,,G05-20240405-12W,,,5.23,False,False,0.0001628001628001,0.0,0.0122642789309455,253.54647727581064,5.7472404664412355,252.0,255.0,5.7472404664412355,253.62301505901505,253.847185999186,252.78832180165512,5.665921170446833,5.445344316901862,7.152986695059982,0.0,0.0,3.120336453669787e-06,4.578754578754579e-06,4.985754985754986e-06,1.3176638176638176e-05,0.0001689899606566,0.0310551485551485,0.5484847025397561,0.93868227355646,0.8974411508059932,6.977995448527694,1.8065258939260944,2.0,0.0001085334418667,8.14000814000814e-05,0.5,1.0,47.0,0.0001664401231656,0.0007894948248638,0.0039113428943937,0.0,0.0,3.995767195767195,4.356966490299824,326.9452411994786
G05-20240417-14W,G05,4,PA,G,98,0.026,1,0.142,1,4.0,5.23,,,G05,20240417,14,2024-04-17,campaign_2,G,G_PAINT,paint_campaign2,PA,G,4,5.0,36,252,G05-20240417-14W.png,Data/Images_dataset/G05-20240417-14W.png,True,2835.0,650.0,,G05-20240417-14W,,,5.23,False,False,0.026048026048026,0.0,0.0116673450006783,252.80502021435356,5.788819024605285,252.0,255.0,5.788819024605285,254.72021381088047,254.4185185185185,243.3510818070818,4.757120174172322,5.880199687785259,11.709025573915527,1.6110432777099444e-06,6.088047754714422e-06,2.8998778998779e-06,4.8670465337132e-06,9.717134717134716e-06,1.8247184913851585e-05,9.574684574684574e-05,0.0311108228191561,0.378174940642078,0.983820949359158,0.9692829242330284,7.118087343272734,1.852905600916261,8.0,0.017094017094017,0.0032560032560032,0.7230009666091739,0.8652264283810107,47.0,0.0266304197065105,0.0868326805558483,0.4250325945241199,0.038070404172099,0.0,3.995767195767195,5.5466313932980595,12.568077365890026
G05-20240508-17W,G05,4,PA,G,119,0.037,1,0.173,1,4.0,5.23,,,G05,20240508,17,2024-05-08,campaign_2,G,G_PAINT,paint_campaign2,PA,G,4,5.0,36,252,G05-20240508-17W.png,Data/Images_dataset/G05-20240508-17W.png,True,2835.0,650.0,,G05-20240508-17W,,,5.23,False,False,0.037389770723104,0.0001628001628001,0.0386379053045719,228.51696377696376,30.69703402763515,179.0,255.0,30.69703402763515,229.473257359924,229.91924026590692,222.96025830959164,31.56129162145268,29.857331537722043,32.4500707614028,2.5946275946275947e-06,7.461674128340795e-06,1.0989010989010989e-05,1.5177723511056844e-05,9.369488536155204e-05,0.0064538902455569,0.0035149742233075,0.0211512176095509,0.7480190787815448,0.8609618908663619,0.4292099505722069,5.904072962004724,2.855174337530392,28.0,0.019753086419753,0.0013353489543965,0.5783831589259263,1.0,47.0,0.0381980082665261,0.1039826001841412,0.5123859191655802,0.075619295958279,0.0,3.995767195767195,5.265264435075755,5.122552722184768
G05-20240522-19W,G05,4,PA,G,133,0.022,1,0.052,1,13.99,5.23,,,G05,20240522,19,2024-05-22,campaign_2,G,G_PAINT,paint_campaign2,PA,G,4,5.0,36,252,G05-20240522-19W.png,Data/Images_dataset/G05-20240522-19W.png,True,2835.0,650.0,,G05-20240522-19W,,,5.23,False,False,0.0216524216524216,0.0003798670465337,0.0148148148148148,250.1975986975987,9.347180738001894,239.0,255.0,9.347180738001894,252.75429276895943,251.80226020892687,238.77657088590425,7.403714593362996,9.261388903729207,18.333476373015497,4.086962420295754e-06,2.1876271876271877e-06,5.681047347714014e-06,8.83530050196717e-06,1.4652014652014653e-05,4.1191832858499525e-05,0.0003314509564509,0.0308419142585809,0.787375754867516,0.947513737442939,0.8112743626358462,6.584042157363261,2.3957338369557033,39.0,0.005046805046805,0.00055519029878,0.7120968717508943,1.0,47.0,0.0221365363810369,0.0414980322998302,0.1551499348109517,0.0891786179921773,0.0,4.495238095238095,9.09229687976555,1.1368655312013627
G05-20240529-20W,G05,4,PA,G,140,0.011,1,0.035,1,1.51,5.23,,,G05,20240529,20,2024-05-29,campaign_2,G,G_PAINT,paint_campaign2,PA,G,4,5.0,36,252,G05-20240529-20W.png,Data/Images_dataset/G05-20240529-20W.png,True,2835.0,650.0,,G05-20240529-20W,,,5.23,False,False,0.0106362773029439,0.0,0.0160629493962827,252.09476923076923,6.683712675593989,251.0,255.0,6.683712675593989,254.44184181250847,253.69859666259663,241.63436819970153,4.784665996246631,6.972497876856812,13.763422017897636,1.1870845204178537e-07,2.4080857414190748e-06,4.578754578754579e-06,6.105006105006105e-06,1.6110432777099442e-05,3.571428571428572e-05,0.0001938678605345,0.0309910968660968,0.6078536218568726,0.9480146796322776,0.907533309000069,6.355404224389315,2.5551917083625795,12.0,0.004070004070004,0.0008863564419119,0.8001051192426535,1.0,47.0,0.0108740880468251,0.0238673176368352,0.105606258148631,0.0338983050847457,0.0,1.4984126984126984,9.416434510312063,2.5854279697973412
G05-20240619-23W,G05,4,PA,G,161,0.043,1,0.147,1,6.5,5.23,,,G05,20240619,23,2024-06-19,campaign_2,G,G_PAINT,paint_campaign2,PA,G,4,5.0,36,252,G05-20240619-23W.png,Data/Images_dataset/G05-20240619-23W.png,True,2835.0,650.0,,G05-20240619-23W,,,5.23,False,False,0.04341337674671,0.0,0.0123185456518789,229.4599755799756,14.070113740271292,213.0,244.0,14.070113740271292,239.39674779541448,232.4796738570072,192.05995604395605,15.419885427280011,14.42401944970014,14.2721139132794,2.0689187355854024e-06,4.171754171754171e-06,8.309591642924976e-06,1.8840727174060508e-05,5.279134445801112e-05,0.0002545787545787,0.0097164902998236,0.0211927486094152,0.9875890859778428,0.8224206416732902,0.3149685820125316,5.677702112194658,3.164950417844106,17.0,0.0168226834893501,0.0025537280439241,0.6887871318726788,1.0,47.0,0.0443840328441842,0.0863030156894015,0.4041720990873533,0.1872229465449804,0.0,5.993650793650794,8.060645502645505,2.054072832549759
G05-20240626-24W,G05,4,PA,G,168,0.102,1,0.459,1,6.5,5.23,,,G05,20240626,24,2024-06-26,campaign_2,G,G_PAINT,paint_campaign2,PA,G,4,5.0,36,252,G05-20240626-24W.png,Data/Images_dataset/G05-20240626-24W.png,True,2835.0,650.0,,G05-20240626-24W,,,5.23,False,False,0.1024013024013024,0.0001085334418667,0.0325057658390991,181.42471794871796,11.44299892295051,165.0,193.0,11.44299892295051,187.7503378103378,183.78509727309728,156.89610853344186,10.617168633632389,11.921687073513365,12.710202294975964,3.256003256003256e-06,7.071632071632071e-06,2.0858770858770858e-05,6.952923619590286e-05,0.0007865452448785,0.0245937288020621,0.0057690103106769,0.0,0.6251111012594455,0.8406227520201683,0.34705263233877,5.784895342095927,3.2228537254108707,27.0,0.0452584452584452,0.0037926408296778,0.5934107594794278,1.0,47.0,0.1046908374712197,0.2492154582446667,1.2529335071707952,0.2821382007822685,0.0,6.493121693121693,8.284501868815596,0.6759891772292173
G05-20240710-26W,G05,4,PA,G,182,0.026,1,0.137,1,6.5,5.23,,,G05,20240710,26,2024-07-10,campaign_2,G,G_PAINT,paint_campaign2,PA,G,4,5.0,36,252,G05-20240710-26W.png,Data/Images_dataset/G05-20240710-26W.png,True,2835.0,650.0,,G05-20240710-26W,,,5.23,False,False,0.0256681590014923,0.0,0.01009361009361,249.1849887396554,8.67086450286126,246.0,252.0,8.67086450286126,254.1077042463709,253.1061142314476,219.9935107855108,5.98972926943313,9.125567559981926,17.701399181467842,1.6958350291683625e-08,1.8654185320851989e-06,5.681047347714014e-06,1.609347442680776e-05,3.9224664224664226e-05,9.528897028897028e-05,0.0003307047890381,0.0307611246777913,0.6679693326157654,0.9406915970929542,0.8489129961310011,6.607673470800488,2.376649517220638,19.0,0.0128612128612128,0.0013509557369206,0.6983990401579038,1.0,47.0,0.0262420594191239,0.0632132074512092,0.3350717079530639,0.0664928292046936,0.0,6.493121693121693,7.969323355369867,0.7652169996329078
G05-20240724-28W,G05,4,PA,G,196,0.012,1,0.047,1,4.0,5.23,,,G05,20240724,28,2024-07-24,campaign_2,G,G_PAINT,paint_campaign2,PA,G,4,5.0,36,252,G05-20240724-28W.png,Data/Images_dataset/G05-20240724-28W.png,True,2835.0,650.0,,G05-20240724-28W,,,5.23,False,False,0.0123185456518789,0.0,0.0056980056980056,252.86179405779407,4.834492407236085,252.0,255.0,4.834492407236085,254.78578917378917,254.4956217609551,243.29719603852936,3.6854687987419754,4.919735750170791,11.170832181884789,7.292090625423958e-07,2.8150861484194817e-06,1.7297517297517295e-06,2.6285442952109618e-06,8.207841541174874e-06,1.5516890516890516e-05,8.831908831908832e-05,0.0311300535883869,0.2680593428009477,0.9852844600224482,0.971157866625994,7.134052108300812,1.8150084960312505,7.0,0.0054266720933387,0.0017597922359827,0.6563738218702667,0.9429394057039684,47.0,0.0120669089295126,0.0320529425247652,0.1408083441981747,0.0312907431551499,0.0,4.495238095238095,6.3516304221150035,6.484135494626296
G05-20240807-30W,G05,4,PA,G,210,0.062,1,0.17,1,6.5,5.23,,,G05,20240807,30,2024-08-07,campaign_2,G,G_PAINT,paint_campaign2,PA,G,4,5.0,36,252,G05-20240807-30W.png,Data/Images_dataset/G05-20240807-30W.png,True,2835.0,650.0,,G05-20240807-30W,,,5.23,False,False,0.0621353954687288,0.0,0.0512820512820512,244.83395848595848,15.962726234318916,228.0,254.0,15.962726234318916,252.21528693528697,247.5039283679284,215.777941663275,10.484061495625411,17.21324013381105,30.292813344404664,3.391670058336725e-08,2.0519603852937186e-06,1.9739519739519735e-05,4.772079772079772e-05,0.0001121794871794,0.0003639261972595,0.001877272418939,0.0288270757020757,2.865969365116443,0.7720021815226158,0.6001756293596052,5.715558939835766,3.167368381443504,89.0,0.0153574820241486,0.0006981505108845,0.5989656996256546,1.0,47.0,0.0635246470082387,0.0930486300088036,0.4093872229465449,0.1431551499348109,0.0,5.993650793650794,12.072016820313763,0.4741683700146548
G05-20240902-33W,G05,4,PA,G,231,0.041,1,0.224,1,6.5,5.23,,,G05,20240902,33,2024-09-02,campaign_2,G,G_PAINT,paint_campaign2,PA,G,4,5.0,36,252,G05-20240902-33W.png,Data/Images_dataset/G05-20240902-33W.png,True,2835.0,650.0,,G05-20240902-33W,,,5.23,False,False,0.0407000407000407,0.0,0.0169854836521503,245.45955175688508,13.107373003459744,234.0,253.0,13.107373003459744,253.0057674671008,249.40138651471983,209.502151675485,8.15758857538639,13.964276834740604,28.20857373307974,0.0,3.391670058336725e-08,1.015805182471849e-05,3.0626780626780625e-05,9.511938678605346e-05,0.0002303622303622,0.0011643264143264,0.0297193732193732,1.2276986927952476,0.8333505867288895,0.613381182654562,5.799622729671965,2.943785368416094,17.0,0.025342558675892,0.0023941200411788,0.6461797200428215,1.0,47.0,0.0415822907708951,0.1215964680358201,0.6192959582790091,0.0920469361147325,0.0,6.493121693121693,6.485570370370369,0.985566424839016
G05-20240918-36W,G05,4,PA,G,252,0.052,1,0.252,1,6.5,5.23,0.168,2.16,G05,20240918,36,2024-09-18,campaign_2,G,G_PAINT,paint_campaign2,PA,G,4,5.0,36,252,G05-20240918-36W.png,Data/Images_dataset/G05-20240918-36W.png,True,2835.0,650.0,,G05-20240918-36W,0.168,16.8,5.23,True,True,0.052096052096052,0.0,0.0038529371862705,243.9409751729752,11.483729106057528,236.0,249.0,11.483729106057528,254.0486620539954,249.8428435761769,191.14515533848868,6.515703472273275,13.270620883962485,19.46773317538742,8.648758648758649e-07,1.8315018315018316e-06,7.0885904219237556e-06,2.665852665852666e-05,8.713200379867046e-05,0.0002168803418803,0.000691629358296,0.0302179148012481,0.7976698045040047,0.8922904663606064,0.562242585185996,6.377183798143069,2.6576416542782,27.0,0.0218694885361552,0.0019294834109648,0.7161192525638513,1.0,47.0,0.0532608394130211,0.127277616958121,0.6636245110821383,0.108735332464146,0.0,6.493121693121693,8.3039417989418,0.797395267954909
G06-20240110-0W,G06,4,PA,G,0,0.006,1,0.025,1,1.51,4.94,,,G06,20240110,0,2024-01-10,campaign_2,G,G_PAINT,paint_campaign2,PA,G,4,5.0,36,252,G06-20240110-0W.png,Data/Images_dataset/G06-20240110-0W.png,True,2835.0,650.0,,G06-20240110-0W,,,4.94,False,False,0.0061864061864061,0.0,0.0058608058608058,254.9478192918193,2.54047175745241,255.0,255.0,2.54047175745241,254.95943942477277,254.95094505494507,254.9255639668973,2.3168543484352084,2.6034515383874455,2.7681371001270265,3.900420567087234e-07,7.461674128340795e-07,2.2385022385022386e-06,2.119793786460453e-06,1.6619183285849952e-06,1.4245014245014244e-06,2.2385022385022386e-06,0.0312391805725139,0.086732796217903,0.9992516059534162,0.9990280116353568,7.914499813960733,0.5004534071465782,2.0,0.0031474698141364,0.003093203093203,0.7512579691514791,0.7748016963732204,47.0,0.0063247246802962,0.0200596986450747,0.075619295958279,0.0041720990873533,0.0,0.4994708994708994,6.17729508957579,0.9925606955663944
G06-20240124-2W,G06,4,PA,G,14,0.0,1,0.0,1,1.51,4.94,,,G06,20240124,2,2024-01-24,campaign_2,G,G_PAINT,paint_campaign2,PA,G,4,5.0,36,252,G06-20240124-2W.png,Data/Images_dataset/G06-20240124-2W.png,True,2835.0,650.0,,G06-20240124-2W,,,4.94,False,False,0.0,0.0,0.0,254.96589173789172,1.8362202738208968,255.0,255.0,1.8362202738208968,254.96845746845747,254.9653724053724,254.96434025234024,1.7135139386152762,1.868232440173107,1.920568179884257,0.0,0.0,0.0,3.900420567087234e-07,6.121964455297788e-06,1.8823768823768824e-06,1.8654185320851989e-06,0.0312397401980735,0.0429510939423744,0.9994437740471248,0.9992883458885438,7.949224259520451,0.3873541625558622,0.0,0.0,0.0,0.0,0.0,47.0,0.0,0.0,0.0,0.0,0.0,0.4994708994708994,0.0,1.0
G06-20240207-4W,G06,4,PA,G,28,0.004,1,0.029,1,11.5,4.94,,,G06,20240207,4,2024-02-07,campaign_2,G,G_PAINT,paint_campaign2,PA,G,4,5.0,36,252,G06-20240207-4W.png,Data/Images_dataset/G06-20240207-4W.png,True,2835.0,650.0,,G06-20240207-4W,,,4.94,False,False,0.0042870709537376,0.0,0.0072174738841405,254.88536263736265,2.6586900528008286,255.0,255.0,2.6586900528008286,254.93791507258177,254.91157889024555,254.77725790259123,2.433695319299765,2.705211343315558,2.9961528920581033,6.444173110839777e-07,4.4091710758377425e-07,1.7806267806267806e-06,3.2220865554198887e-06,1.577126577126577e-06,1.221001221001221e-06,2.6963776963776963e-06,0.0312384174467507,0.107334642001107,0.998178970171999,0.9967594610833193,7.727275087178866,0.8724313444031161,2.0,0.0036358703025369,0.0021435354768688,0.8221928791976911,0.9117883696636024,47.0,0.0043829232433632,0.017773929746661,0.0873533246414602,0.0,0.0,11.987301587301587,10.311111111111115,0.1717508294299852
G06-20240221-6W,G06,4,PA,G,42,0.0,1,0.0,1,1.51,4.94,,,G06,20240221,6,2024-02-21,campaign_2,G,G_PAINT,paint_campaign2,PA,G,4,5.0,36,252,G06-20240221-6W.png,Data/Images_dataset/G06-20240221-6W.png,True,2835.0,650.0,,G06-20240221-6W,,,4.94,False,False,0.0,0.0,0.0002713336046669,254.9593189526523,2.13183012583273,255.0,255.0,2.13183012583273,254.9612904626238,254.95937430470764,254.9578477818478,2.0465263555965603,2.1485688716478206,2.185826221085426,0.0,0.0,0.0,4.900963234296568e-06,2.170668837335504e-06,1.6619183285849952e-06,2.035002035002035e-06,0.0312392314475647,0.0572286858640609,0.9994332057237332,0.9992753245543896,7.947588844566355,0.3932018297712965,0.0,0.0,0.0,0.0,0.0,47.0,0.0,0.0,0.0,0.0,0.0,0.4994708994708994,0.0,1.0
G06-20240306-8W,G06,4,PA,G,56,0.0,1,0.0,1,1.51,4.94,,,G06,20240306,8,2024-03-06,campaign_2,G,G_PAINT,paint_campaign2,PA,G,4,5.0,36,252,G06-20240306-8W.png,Data/Images_dataset/G06-20240306-8W.png,True,2835.0,650.0,,G06-20240306-8W,,,4.94,False,False,0.0,0.0,0.0,254.78389092389097,3.1305436019265076,255.0,255.0,3.1305436019265076,254.95928910595575,254.81707448107448,254.20870601003935,1.8553380099169607,3.2335297674577954,8.779144084000208,0.0,0.0,0.0,8.479175145841812e-07,6.41025641025641e-06,1.0819427486094152e-05,5.401234567901235e-05,0.03117791005291,0.0637999841522374,0.9963346470897768,0.9920050724482552,7.904254674777402,0.5873593675477717,0.0,0.0,0.0,0.0,0.0,47.0,0.0,0.0,0.0,0.0,0.0,0.4994708994708994,0.0,1.0
G06-20240320-10W,G06,4,PA,G,70,0.009,1,0.067,1,16.49,4.94,,,G06,20240320,10,2024-03-20,campaign_2,G,G_PAINT,paint_campaign2,PA,G,4,5.0,36,252,G06-20240320-10W.png,Data/Images_dataset/G06-20240320-10W.png,True,2835.0,650.0,,G06-20240320-10W,,,4.94,False,False,0.0092796092796092,0.0,0.0034730701397368,253.86557210690543,8.2615497747598,255.0,255.0,8.2615497747598,254.7053604666938,253.84048026048023,252.0229765296432,3.734655948439421,9.108364140381124,18.601285743861315,0.0,0.0,1.5940849274182608e-06,1.4635056301722968e-05,4.71272554605888e-05,0.0001054978971645,0.0002295312711979,0.0308516144349477,0.2424288517451636,0.9838881152298272,0.9687920067069916,7.711007467529658,1.03504166654615,8.0,0.0040157373490706,0.0011599511599511,0.6329263013919287,1.0,47.0,0.0094870870204443,0.0376343860272278,0.2020860495436766,0.0083441981747066,0.0,17.48148148148148,16.569621584826265,0.0821942571781241
G06-20240405-12W,G06,4,PA,G,84,0.006,1,0.038,1,16.49,4.94,,,G06,20240405,12,2024-04-05,campaign_2,G,G_PAINT,paint_campaign2,PA,G,4,5.0,36,252,G06-20240405-12W.png,Data/Images_dataset/G06-20240405-12W.png,True,2835.0,650.0,,G06-20240405-12W,,,4.94,False,False,0.006023606023606,0.0,0.0213810880477547,250.70343942477277,11.045021579713524,240.0,255.0,11.045021579713524,250.86062135395468,251.32618369285035,248.6209312169312,9.11945750672474,11.40771597622554,19.896460308235618,0.0,0.0,6.2576312576312575e-06,8.394383394383394e-06,4.115791615791616e-05,0.0001295448378781,0.000777269027269,0.0302873762040428,0.7901825099615557,0.8844147307493506,0.7815018941269258,6.574056607855184,2.1075833572828397,3.0,0.0047212047212047,0.0020078686745353,0.532120238400558,0.8558225221003369,47.0,0.0061582845571305,0.0203100526219792,0.1134289439374185,0.0127770534550195,0.0,17.48148148148148,15.480165880165876,0.2043116761624089
G06-20240417-14W,G06,4,PA,G,98,0.051,1,0.148,1,1.51,4.94,,,G06,20240417,14,2024-04-17,campaign_2,G,G_PAINT,paint_campaign2,PA,G,4,5.0,36,252,G06-20240417-14W.png,Data/Images_dataset/G06-20240417-14W.png,True,2835.0,650.0,,G06-20240417-14W,,,4.94,False,False,0.0510649843983177,0.0,0.0047212047212047,251.7648888888889,12.155598164985934,252.0,255.0,12.155598164985934,254.3061864061864,252.57094885361553,244.04950101750103,6.105496942770207,13.449917564784064,25.204113669751003,1.0683760683760685e-06,5.42667209333876e-06,3.340795007461674e-06,2.162189662189662e-05,0.0001114333197666,0.0002484737484737,0.000416514041514,0.0304421211504544,0.45792171126771,0.9688158009872716,0.9354442127307916,6.862798203639447,2.075480266515598,14.0,0.0175824175824175,0.0036474988855941,0.7071461735409807,1.0,47.0,0.0517351382840023,0.1206187003463431,0.4445893089960886,0.2766623207301173,0.0,0.4994708994708994,8.585017627313059,1.0521174509891793
G06-20240508-17W,G06,4,PA,G,119,0.247,1,1.592,1,4.0,4.94,,,G06,20240508,17,2024-05-08,campaign_2,G,G_PAINT,paint_campaign2,PA,G,4,5.0,36,252,G06-20240508-17W.png,Data/Images_dataset/G06-20240508-17W.png,True,2835.0,650.0,,G06-20240508-17W,,,4.94,False,False,0.2469678469678469,5.42667209333876e-05,0.0089540089540089,229.79921584588251,34.67513108419085,170.0,255.0,34.67513108419085,232.7406734500068,231.53334093067423,216.3320689187356,33.83233487309542,34.8307921526179,43.27564569654611,6.206756206756207e-06,4.409171075837742e-06,3.125423958757292e-05,0.0001241012074345,0.0016077194410527,0.004206688373355,0.0025588115588115,0.0227108092524759,0.7682163844066268,0.8559321751298565,0.5042392843562566,5.926172696357957,2.821906533623969,35.0,0.1912901912901912,0.0070562241990813,0.7232046497405022,1.0,47.0,0.2524896668423534,0.7153740775165652,3.7783572359843545,0.4771838331160362,0.0,4.495238095238095,5.64804153747243,5.766929509069542
G06-20240522-19W,G06,4,PA,G,133,0.292,1,0.887,1,4.0,4.94,,,G06,20240522,19,2024-05-22,campaign_2,G,G_PAINT,paint_campaign2,PA,G,4,5.0,36,252,G06-20240522-19W.png,Data/Images_dataset/G06-20240522-19W.png,True,2835.0,650.0,,G06-20240522-19W,,,4.94,False,False,0.2922262922262922,0.0011938678605345,0.0126441459774793,245.59076868810203,19.071174491044392,231.0,255.0,19.071174491044392,249.70250712250711,247.29323022656357,229.59704354904355,11.625333092491552,21.120939361834573,37.84200674771994,1.5601682268348935e-06,4.799213132546466e-06,4.105616605616606e-05,9.522113688780356e-05,0.0002722663139329,0.0004631834215167,0.0010229276895943,0.0293489858906525,1.0525013223651896,0.880556715390326,0.6822225150939814,6.059619095416512,2.7312167418797904,52.0,0.1055487722154388,0.0056197363889671,0.7133992706792468,1.0,47.0,0.2985381009181946,0.499334709340663,2.224250325945241,0.940026075619296,0.0,4.495238095238095,8.079369206054444,0.652661583994116
G06-20240529-20W,G06,4,PA,G,140,0.164,1,0.507,1,13.99,4.94,,,G06,20240529,20,2024-05-29,campaign_2,G,G_PAINT,paint_campaign2,PA,G,4,5.0,36,252,G06-20240529-20W.png,Data/Images_dataset/G06-20240529-20W.png,True,2835.0,650.0,,G06-20240529-20W,,,4.94,False,False,0.1639940306606973,0.0,0.0076516076516076,248.17929995929995,18.199908989665236,240.0,255.0,18.199908989665236,253.40571645638312,248.8486029032696,234.54092361959027,8.114582446933056,20.96266131827077,35.6011694542979,4.578754578754579e-07,3.137294803961471e-06,1.0327635327635327e-05,8.156966490299824e-05,0.0002804232804232,0.0005397842897842,0.0010128035544702,0.0293214964048297,0.8131564879158847,0.915191680257872,0.8239058054596405,6.194467278721434,2.629246720281519,47.0,0.0588251254917921,0.0034892346949084,0.7611512024592666,1.0,47.0,0.1675774640073233,0.302031921850754,1.5202086049543675,0.4044328552803127,0.0,13.985185185185186,10.377317659911968,0.2563760214583729
G06-20240619-23W,G06,4,PA,G,161,0.624,1,1.363,1,13.99,4.94,,,G06,20240619,23,2024-06-19,campaign_2,G,G_PAINT,paint_campaign2,PA,G,4,5.0,36,252,G06-20240619-23W.png,Data/Images_dataset/G06-20240619-23W.png,True,2835.0,650.0,,G06-20240619-23W,,,4.94,False,False,0.6242300908967576,0.0,0.0153574820241486,230.26387193053856,23.85485159302359,210.0,250.0,23.85485159302359,243.12758540225207,233.19497924297923,185.3785369692036,16.306176116494115,27.142064400787277,35.43933203005513,1.35666802333469e-06,7.054673721340388e-06,7.470153303486637e-05,0.0002498473748473,0.0005897266313932,0.0009182098765432,0.0054930470763804,0.0239160561660561,1.0955864570559513,0.8172416329676822,0.3165433830056897,5.619268476295137,2.911065669160236,61.0,0.1690951024284357,0.0102332801786353,0.682993025078334,1.0,47.0,0.6346916696718355,0.9063274422890784,4.075619295958279,1.9087353324641456,0.0,14.484656084656084,10.372295610024896,0.3323823744668314
G06-20240626-24W,G06,4,PA,G,168,0.883,1,1.715,1,1.51,4.94,,,G06,20240626,24,2024-06-26,campaign_2,G,G_PAINT,paint_campaign2,PA,G,4,5.0,36,252,G06-20240626-24W.png,Data/Images_dataset/G06-20240626-24W.png,True,2835.0,650.0,,G06-20240626-24W,,,4.94,False,False,0.883028083028083,0.0,0.0094424094424094,202.23431881698548,19.064401791812426,187.0,219.0,19.064401791812426,215.76500122100123,201.9848205128205,173.07782281915615,13.72618753419843,21.435977393015214,28.808015846461647,9.327092660425992e-07,7.054673721340388e-06,7.755053588386922e-05,0.0003823429656762,0.000601105684439,0.004855701397368,0.0248541242707909,0.0004711877628544,0.652382103300508,0.8418623956179265,0.3202521792804528,5.620142428201822,2.932884623842455,51.0,0.2029032695699362,0.0173142761378055,0.8218407447328516,1.0,47.0,0.8262365114150184,1.194305751393224,5.146023468057366,2.471186440677966,1.0,0.4994708994708994,7.900861023968202,0.763049039925937
G06-20240710-26W,G06,4,PA,G,182,0.153,1,0.401,1,1.51,4.94,,,G06,20240710,26,2024-07-10,campaign_2,G,G_PAINT,paint_campaign2,PA,G,4,5.0,36,252,G06-20240710-26W.png,Data/Images_dataset/G06-20240710-26W.png,True,2835.0,650.0,,G06-20240710-26W,,,4.94,False,False,0.1527065527065527,0.0,0.0402116402116402,238.7456757563424,22.45457573558391,215.0,251.0,22.45457573558391,251.6579318952652,242.90767331433997,187.62024094424095,11.575424374849066,26.150124689938423,39.41155050203048,0.0,2.306335639668973e-06,1.909510242843576e-05,0.0001662087912087,0.0005418192918192,0.0008309422059422,0.0025565560982227,0.0271330721747388,1.038400299457907,0.8335786711872462,0.5128226801033022,5.877395796377859,2.768612341998482,62.0,0.0182336182336182,0.0024630089146218,0.7454688062894942,1.0,47.0,0.1365918610779772,0.2321617025047083,1.2020860495436765,0.4159061277705345,0.0,0.4994708994708994,6.985303264478815,0.4698878183138611
G06-20240724-28W,G06,4,PA,G,196,0.081,1,0.221,1,4.0,4.94,,,G06,20240724,28,2024-07-24,campaign_2,G,G_PAINT,paint_campaign2,PA,G,4,5.0,36,252,G06-20240724-28W.png,Data/Images_dataset/G06-20240724-28W.png,True,2835.0,650.0,,G06-20240724-28W,,,4.94,False,False,0.081074481074481,0.0,0.0051010717677384,251.11859991859993,14.187550801364733,252.0,255.0,14.187550801364733,254.0706921720255,251.8587496947497,242.67055379188713,7.119114965753089,15.776191687965843,28.406407971310077,6.952923619590287e-07,5.291005291005291e-06,6.2576312576312575e-06,4.421041921041921e-05,0.0001687186270519,0.0003128137294803,0.0004860432777099,0.0302259700176366,0.4854720252134563,0.9640001638563018,0.924379964534265,6.8662680522986665,2.0455290323948874,18.0,0.0221408221408221,0.0045041378374711,0.6780745036838515,1.0,47.0,0.0825820411107104,0.155517527038707,0.5501955671447196,0.3853976531942633,0.0,4.495238095238095,7.573455727672593,1.7691473213563775
G06-20240807-30W,G06,4,PA,G,210,0.732,1,2.765,1,16.49,4.94,,,G06,20240807,30,2024-08-07,campaign_2,G,G_PAINT,paint_campaign2,PA,G,4,5.0,36,252,G06-20240807-30W.png,Data/Images_dataset/G06-20240807-30W.png,True,2835.0,650.0,,G06-20240807-30W,,,4.94,False,False,0.7320037986704654,0.0,0.0102564102564102,232.78066096866095,27.20249420973131,194.0,251.0,27.20249420973131,252.23718464251797,236.87380545380543,164.96320010853344,9.757307221700788,33.17398839376932,61.21007398042553,0.0,2.119793786460453e-06,2.0299145299145294e-05,0.0002378239044905,0.0007964489214489,0.0018724901641568,0.0040436847103513,0.0242771333604666,2.2652482428277825,0.7195737663628619,0.3709226640817242,5.574160443725285,3.154645290800668,238.0,0.2854429521096188,0.0030756462129011,0.7362716310225028,1.0,47.0,0.7052622818940886,1.0281611533048134,3.504563233376793,2.4774445893089956,0.0,17.48148148148148,12.624551221630322,0.3778889789035423
G06-20240902-33W,G06,4,PA,G,231,0.493,1,3.273,1,1.51,4.94,,,G06,20240902,33,2024-09-02,campaign_2,G,G_PAINT,paint_campaign2,PA,G,4,5.0,36,252,G06-20240902-33W.png,Data/Images_dataset/G06-20240902-33W.png,True,2835.0,650.0,,G06-20240902-33W,,,4.94,False,False,0.4930674264007597,0.0,0.0021706688373355,236.04414434947768,22.910963311333383,210.0,251.0,22.910963311333383,253.78021978021977,241.93517894451227,163.3819074752408,6.964541898321374,26.909301994220655,58.742946435805926,0.0,9.666259666259666e-07,3.7189662189662186e-05,0.0001485042735042,0.0004869081535748,0.0011652082485415,0.0031815052231718,0.0262297178130511,0.7377646240039794,0.8378034262955143,0.413985525886445,5.689452871494458,2.7709865459245213,31.0,0.3891466558133225,0.0159054008516374,0.8406600120688486,1.0,47.0,0.3904130489056562,1.5323210152889597,9.790091264667536,0.5585397653194264,1.0,0.4994708994708994,1.946520666133257,5.152908203540122
G06-20240918-36W,G06,4,PA,G,252,0.344,1,0.811,1,16.49,4.94,0.4336,1.97,G06,20240918,36,2024-09-18,campaign_2,G,G_PAINT,paint_campaign2,PA,G,4,5.0,36,252,G06-20240918-36W.png,Data/Images_dataset/G06-20240918-36W.png,True,2835.0,650.0,,G06-20240918-36W,0.4336,43.36,4.94,True,True,0.343996743996744,0.0,0.0083028083028083,236.87332736399404,23.011785756729463,213.0,249.0,23.011785756729463,252.76507393840728,242.23906335639668,171.81835137701805,10.882501731385974,28.14051464748547,36.75785525647574,1.0344593677927012e-06,2.6624609957943293e-06,2.1978021978021977e-05,0.0002253934337267,0.0005506545923212,0.0009772588522588,0.0024293175959842,0.0270417005833672,0.6774824577346358,0.8850878025473501,0.4707862418554313,6.212673167945867,2.4457121376374125,56.0,0.0544837878171211,0.0061427989999418,0.7837180018402472,1.0,47.0,0.3175954950206663,0.4317297327848351,1.6297262059973925,0.9249022164276398,0.0,0.4994708994708994,9.438493711975337,0.367103909751139
S1MI01-20220518-0W,S1MI01,7,NO,D,0,0.112,1,0.296,1,21.49,3.74,,,S1MI01,20220518,0,2022-05-18,campaign_1,S1,S1_MI,no_treatment_control,False,D,7,3.5,28,196,S1MI01-20220518-0W.png,Data/Images_dataset/S1MI01-20220518-0W.png,True,2835.0,650.0,,S1MI01-20220518-0W,,,3.74,False,False,0.112006512006512,0.0,0.9940577940577942,176.4127320580654,21.879747837866528,146.0,199.0,21.879747837866528,186.18129588929588,176.38510866910866,154.5962029575363,21.332854073847116,22.17948913419087,22.165796039981593,2.865961199294533e-06,1.8315018315018315e-05,0.0001449769366436,0.0011009021842355,0.0041220153303486,0.018344424094424,0.0075079873829873,8.51309184642518e-06,3.8810743619434502,0.5856107472216278,0.181295103252957,5.019434613687299,2.9966513710205094,143.0,0.0073260073260073,0.0007832623217238,0.6934070066303528,1.0,47.0,0.1115981025825959,0.0984750568171025,0.3911342894393742,0.2495436766623207,0.0,20.47830687830688,14.306509166974283,2.12595077634855
S1MI01-20220603-2W,S1MI01,7,NO,D,14,0.117,1,0.268,1,21.49,3.74,,,S1MI01,20220603,2,2022-06-03,campaign_1,S1,S1_MI,no_treatment_control,False,D,7,3.5,28,196,S1MI01-20220603-2W.png,Data/Images_dataset/S1MI01-20220603-2W.png,True,2835.0,650.0,,S1MI01-20220603-2W,,,3.74,False,False,0.1174874508207841,0.0,0.3675485008818342,199.02531868131868,24.104511497902045,166.0,222.0,24.104511497902045,209.95917134717135,199.1520862840863,173.99220132953465,23.115483539315253,24.503362381764894,25.045240400274324,6.037172703839371e-06,1.9112060778727445e-05,7.059761226427894e-05,0.0004154965404965,0.0019891805725139,0.0055248439831773,0.0206726360059693,0.002552096052096,4.982214077742206,0.5837693500214789,0.1842753709475997,5.015030242197167,3.0011821871825175,133.0,0.016388549721883,0.0008833642918855,0.6423168109405637,1.0,47.0,0.1175899470165608,0.1103979909914778,0.5658409387222947,0.2159061277705345,0.0,20.47830687830688,13.840347031293913,1.1249347671927037
S1MI01-20220609-3W,S1MI01,7,NO,D,21,0.28,1,0.503,1,21.49,3.74,,,S1MI01,20220609,3,2022-06-09,campaign_1,S1,S1_MI,no_treatment_control,False,D,7,3.5,28,196,S1MI01-20220609-3W.png,Data/Images_dataset/S1MI01-20220609-3W.png,True,2835.0,650.0,,S1MI01-20220609-3W,,,3.74,False,False,0.2804504137837471,0.0,0.6359517026183693,205.10977614977617,28.21185791618928,167.0,232.0,28.21185791618928,214.8272131325465,205.11470194003527,183.74591452991453,27.365876664430647,28.477925205504924,29.34846450970624,1.2667887667887668e-05,5.22995522995523e-05,0.0001356498439831,0.0004856871523538,0.0017433014516347,0.0044572649572649,0.0165490096323429,0.0078141195224528,10.43758538178428,0.465356174946398,0.141640969614032,5.167392075592513,3.313693356104415,329.0,0.0168769502102835,0.0008524328686436,0.6793396835627326,1.0,47.0,0.2808677078421038,0.1719070580885206,0.8396349413298566,0.4675358539765317,0.0,20.47830687830688,13.715818959162611,0.878336578887831
S1MI01-20220616-4W,S1MI01,7,NO,D,28,0.083,1,0.182,1,21.49,3.74,,,S1MI01,20220616,4,2022-06-16,campaign_1,S1,S1_MI,no_treatment_control,False,D,7,3.5,28,196,S1MI01-20220616-4W.png,Data/Images_dataset/S1MI01-20220616-4W.png,True,2835.0,643.0,,S1MI01-20220616-4W,,,3.74,False,False,0.0826153858813267,0.0,0.2259580175598838,205.2832210126145,23.677926323355095,173.0,229.0,23.677926323355095,216.12692652661548,205.03075091680583,182.32019496353348,22.77906471077268,24.034157811080345,24.884057879758743,2.057156022941404e-07,1.3560086784555422e-05,4.642315425104435e-05,0.0002361786544005,0.001497763871403,0.0047375960349003,0.01858441608312,0.0061338563995381,4.917251925330644,0.5705976905035979,0.1730898511675654,5.044906219064556,3.067948878327301,84.0,0.0140435184499466,0.0009835164985872,0.5805960947945975,1.0,47.0,0.0812937911060835,0.0914454678955984,0.4191159026807602,0.1789809420881988,0.0,20.47830687830688,13.422981091506989,1.1803927523447302
S1MI01-20220623-5W,S1MI01,7,NO,D,35,0.26,1,0.512,1,21.49,3.74,,,S1MI01,20220623,5,2022-06-23,campaign_1,S1,S1_MI,no_treatment_control,False,D,7,3.5,28,196,S1MI01-20220623-5W.png,Data/Images_dataset/S1MI01-20220623-5W.png,True,2835.0,650.0,,S1MI01-20220623-5W,,,3.74,False,False,0.2595034595034595,0.0,0.4781440781440781,203.422568986569,26.682557670327856,169.0,230.0,26.682557670327856,214.2315181115181,203.751639668973,178.07652964319632,25.554598606366,27.188121313083197,27.960994911068624,9.377967711301044e-06,4.583842083842084e-05,0.0001110432777099,0.0003731345814679,0.001662969746303,0.005195699362366,0.0176915615248948,0.0061603751187084,9.17863085592743,0.4691687593214148,0.1377524981347775,5.123244524821099,3.2593838529693704,361.0,0.0171482838149504,0.000718846148209,0.6805589993584361,1.0,47.0,0.2565951898804404,0.1649951096593274,0.8265971316818774,0.4795306388526726,0.0,20.47830687830688,13.282120119761274,1.2369562043558526
S1MI01-20220630-6W,S1MI01,7,NO,D,42,0.47,1,0.793,1,16.49,3.74,,,S1MI01,20220630,6,2022-06-30,campaign_1,S1,S1_MI,no_treatment_control,False,D,7,3.5,28,196,S1MI01-20220630-6W.png,Data/Images_dataset/S1MI01-20220630-6W.png,True,2835.0,650.0,,S1MI01-20220630-6W,,,3.74,False,False,0.4702211368878035,5.42667209333876e-05,0.7320037986704654,211.61013539546872,30.79020304592677,173.0,242.0,30.79020304592677,222.04118301451635,211.93729480396144,187.3946758920092,29.50132552337074,31.311308606045756,32.39189091376574,2.586148419481753e-05,8.674196174196175e-05,0.000174942341609,0.0004438848188848,0.0013106091439424,0.0036399572649572,0.0128357922941256,0.012732210690544,15.469974884634858,0.3896886735429909,0.1174687093323854,5.208519733141814,3.4599939907573263,647.0,0.0177994844661511,0.0007267714635051,0.6470385884899691,1.0,47.0,0.4726344697495075,0.2331667685909095,1.138200782268579,0.7230769230769231,0.0,15.483597883597884,12.589980612877325,0.8326161331745231
S1MI01-20220708-7W,S1MI01,7,NO,D,49,0.392,1,0.621,1,16.49,3.74,,,S1MI01,20220708,7,2022-07-08,campaign_1,S1,S1_MI,no_treatment_control,False,D,7,3.5,28,196,S1MI01-20220708-7W.png,Data/Images_dataset/S1MI01-20220708-7W.png,True,2835.0,650.0,,S1MI01-20220708-7W,,,3.74,False,False,0.3923483923483923,0.0,0.6093610093610093,208.14680450413783,27.70865376273767,176.0,237.0,27.70865376273767,218.8642664495998,208.3287624474291,183.6502151675485,26.794589212744626,28.121130819235866,28.77289602325219,1.332926332926333e-05,7.080111246777914e-05,0.0001524725274725,0.0003439831773165,0.0010891839641839,0.0043444071360738,0.0162187966354633,0.0090170261836928,13.34268218765498,0.4004494050977478,0.1196799206389109,5.199070668962593,3.4248901505175597,517.0,0.0194274860941527,0.0007588943759156,0.651498447115068,1.0,47.0,0.3939082914921357,0.2120147030189457,0.9335071707953064,0.7462842242503259,0.0,1.9978835978835976,12.365015258293267,1.0770139557378813
S1MI01-20220714-8W,S1MI01,7,NO,D,56,0.635,1,1.091,1,16.49,3.74,,,S1MI01,20220714,8,2022-07-14,campaign_1,S1,S1_MI,no_treatment_control,False,D,7,3.5,28,196,S1MI01-20220714-8W.png,Data/Images_dataset/S1MI01-20220714-8W.png,True,2835.0,650.0,,S1MI01-20220714-8W,,,3.74,False,False,0.6349206349206349,0.0026048026048026,0.7436168769502103,198.7359191425858,30.54613571760308,162.0,231.0,30.54613571760308,210.43050061050064,198.91905467372135,171.37819997286664,29.51399871783687,30.967414544175345,32.02006817015944,5.533509700176367e-05,0.0001068376068376,0.0001850156016822,0.0005148046398046,0.0019982872066205,0.00721861009361,0.0154800569800569,0.0056910527743861,16.864978389013082,0.354402638062924,0.102467124745121,5.179774503102097,3.4398029800361485,947.0,0.0332654999321666,0.0006704547359246,0.6629569067017831,1.0,47.0,0.6404615939415796,0.3323578154200941,1.5488917861799218,1.0307692307692309,0.0,14.984126984126984,12.205806177361737,0.7779927999499606
S1MI01-20220721-9W,S1MI01,7,NO,D,63,0.626,1,1.465,1,1.51,3.74,,,S1MI01,20220721,9,2022-07-21,campaign_1,S1,S1_MI,no_treatment_control,False,D,7,3.5,28,196,S1MI01-20220721-9W.png,Data/Images_dataset/S1MI01-20220721-9W.png,True,2835.0,650.0,,S1MI01-20220721-9W,,,3.74,False,False,0.6257495590828924,0.0015194681861348,1.423741690408357,177.56935504002172,26.832209221667757,144.0,206.0,26.832209221667757,188.2442561389228,177.588417311084,154.13865309998644,26.31191500623113,27.316408148957024,26.79756554828457,4.5177045177045174e-05,9.581467914801247e-05,0.0002728259394926,0.0011936813186813,0.0043753052503052,0.0151152150318816,0.0100099884683218,0.0001419922669922,9.29588386280471,0.4668408476423485,0.130805589879454,5.1326503240544445,3.285367396909091,856.0,0.0510107176773843,0.0007310158400501,0.6305659214409356,1.0,47.0,0.6232350411939305,0.4161998586379681,2.089960886571056,1.1770534550195564,0.0,1.9978835978835976,11.091288401773182,1.5054343842123843
S1MI01-20220802-10W,S1MI01,7,NO,D,70,0.448,1,1.259,1,1.51,3.74,,,S1MI01,20220802,10,2022-08-02,campaign_1,S1,S1_MI,no_treatment_control,False,D,7,3.5,28,196,S1MI01-20220802-10W.png,Data/Images_dataset/S1MI01-20220802-10W.png,True,2835.0,650.0,,S1MI01-20220802-10W,,,3.74,False,False,0.4475376475376476,5.42667209333876e-05,0.8726088726088725,181.9026172839506,25.578806564408815,150.0,210.0,25.578806564408815,193.54429521096188,181.7165464658798,156.374301994302,24.90122430997895,26.08782839118269,25.7296182909584,2.001085334418668e-05,5.7556640889974224e-05,0.00017558675892,0.0008587708587708,0.0037273775607108,0.0143741520824854,0.0115425993759327,0.0004939458689458,7.316754440589198,0.4915152219238715,0.13461937958293,5.074796438429655,3.184200902854771,487.0,0.0609957943291276,0.0009189684754366,0.6327264301975406,1.0,47.0,0.4465033704124941,0.3785795029545705,1.779661016949153,0.9384615384615382,0.0,1.9978835978835976,10.47336809344812,1.7535724401480164
S1MI01-20220822-13W,S1MI01,7,NO,D,91,0.449,1,1.192,1,1.51,3.74,,,S1MI01,20220822,13,2022-08-22,campaign_1,S1,S1_MI,no_treatment_control,False,D,7,3.5,28,196,S1MI01-20220822-13W.png,Data/Images_dataset/S1MI01-20220822-13W.png,True,2835.0,650.0,,S1MI01-20220822-13W,,,3.74,False,False,0.4488400488400488,0.0001085334418667,0.5859177859177859,190.57490869624203,24.610189436415613,160.0,216.0,24.610189436415613,202.28481128747796,190.4453425586759,164.5771732465066,24.096773450501622,25.07852677972932,24.60097751631171,1.0785510785510784e-05,5.977818477818478e-05,0.0001433319766653,0.0005325261158594,0.0023265839099172,0.0101274080857414,0.0170958825125491,0.0009537037037037,8.956811950587575,0.4624857268197473,0.1409700742804381,5.178770756357784,3.3710804668677077,510.0,0.0939899606566273,0.0008800785271373,0.6460483464215565,1.0,47.0,0.4556575771866071,0.4143848073057632,2.406779661016949,0.7744458930899608,0.0,2.497354497354497,9.729818278820815,1.0849664894132265
S1MI01-20220906-15W,S1MI01,7,NO,D,105,1.023,1,3.062,1,1.51,3.74,,,S1MI01,20220906,15,2022-09-06,campaign_1,S1,S1_MI,no_treatment_control,False,D,7,3.5,28,196,S1MI01-20220906-15W.png,Data/Images_dataset/S1MI01-20220906-15W.png,True,2835.0,650.0,,S1MI01-20220906-15W,,,3.74,False,False,1.02330755664089,0.0036358703025369,1.4521231854565189,180.6267155067155,29.843000562350134,142.0,212.0,29.843000562350134,191.76645556912223,180.98283597883596,154.0683429656763,28.56470189733377,30.625347844608548,30.67033323761559,5.70648487315154e-05,0.000121048704382,0.0003706925790259,0.0011760107176773,0.0042755223171889,0.012216982091982,0.0125028659611992,0.0005298127798127,11.784138365793268,0.4268581568084709,0.1166010249598442,5.155952823903017,3.345186519203289,980.0,0.2179351512684846,0.0010441913843274,0.6362081319410471,1.0,47.0,1.0251601986185468,0.9443693174553652,5.385919165580182,2.059973924380704,1.0,2.497354497354497,10.20932403247724,2.140734442565369
S1MI01-20221102-24W,S1MI01,7,NO,D,168,4.059,1,10.629,2,1.51,3.74,,,S1MI01,20221102,24,2022-11-02,campaign_1,S1,S1_MI,no_treatment_control,False,D,7,3.5,28,196,S1MI01-20221102-24W.png,Data/Images_dataset/S1MI01-20221102-24W.png,True,2835.0,650.0,,S1MI01-20221102-24W,,,3.74,False,False,4.058770858770859,0.0317460317460317,2.333957400624067,147.53558051824717,28.398232078779817,117.0,176.0,28.398232078779817,161.31153927553927,147.15620187220188,117.51913824447158,26.69182754517153,29.75049421361085,28.666086889211716,0.0001461131461131,0.0002964658797992,0.0010703771537104,0.0035479242979242,0.017083842083842,0.0075056471306471,0.0014764957264957,0.0001231345814679,9.800930476729944,0.44831981289895,0.1326515427089697,5.155208666833958,3.3044524887530393,1921.0,0.6331298331298332,0.0021128427166948,0.6025514177383829,1.0,47.0,4.028932841410302,3.070934886920918,12.432855280312909,8.729856584093872,11.0,1.4984126984126984,8.813533281309677,1.2959321787724656
S1MI01-20221110-25W,S1MI01,7,NO,D,175,3.077,1,6.92,2,1.51,3.74,,,S1MI01,20221110,25,2022-11-10,campaign_1,S1,S1_MI,no_treatment_control,False,D,7,3.5,28,196,S1MI01-20221110-25W.png,Data/Images_dataset/S1MI01-20221110-25W.png,True,2835.0,650.0,,S1MI01-20221110-25W,,,3.74,False,False,3.0769773436440104,0.0010853344186677,0.4852530185863519,180.9217848324515,33.191512529754554,143.0,220.0,33.191512529754554,194.04494695428028,180.2302726902727,154.65845611178943,29.710319442674052,35.12594039507216,36.055736478567155,6.283068783068783e-05,0.0001163512413512,0.0005286256952923,0.0011195902862569,0.0047749796499796,0.0125542158458825,0.0095738705738705,0.002519536019536,12.782009080453712,0.4025530330093628,0.0990477915593937,5.069379667206037,3.205656804803966,903.0,0.3693935693935694,0.0034075053639468,0.6395508311357102,1.0,47.0,3.072013093289689,2.430177343622438,10.73794002607562,6.1473272490221635,9.0,2.497354497354497,9.167853389295692,1.2690619609519582
S1MI01-20221206-28W,S1MI01,7,NO,D,196,5.111,2,10.873,2,1.51,3.74,0.2125,2.38,S1MI01,20221206,28,2022-12-06,campaign_1,S1,S1_MI,no_treatment_control,False,D,7,3.5,28,196,S1MI01-20221206-28W.png,Data/Images_dataset/S1MI01-20221206-28W.png,True,2835.0,630.0,,S1MI01-20221206-28W,0.2125,21.25,3.74,True,True,5.111391058481005,0.0074466000391926,1.0396685423140448,166.97186025027295,35.772860503829946,122.0,207.0,35.772860503829946,182.55826432630664,166.72483581086755,131.79193751574704,32.07058108145129,38.06903962198576,37.70341311977314,0.0001175079085131,0.000277672797514,0.0010502575515803,0.0023555296604238,0.0073197838806304,0.0123384528708602,0.0070238795106519,0.0007669158198258,15.453624636066523,0.3448644771602248,0.0859933317755993,5.10622913356305,3.3162074053809394,1491.0,0.477310265670054,0.0034281630170898,0.6189876983423179,1.0,47.0,5.048626494713764,3.5063840029147015,14.56147430723702,10.199354317998385,18.0,2.996825396825397,9.047940639107445,1.3076963187126196
S1MI02-20220518-0W,S1MI02,7,MI,MI,0,0.342,1,0.554,1,6.5,3.54,,,S1MI02,20220518,0,2022-05-18,campaign_1,S1,S1_MI,mixed_in_inhibitor,MI,MI,7,3.5,28,196,S1MI02-20220518-0W.png,Data/Images_dataset/S1MI02-20220518-0W.png,True,2835.0,650.0,,S1MI02-20220518-0W,,,3.54,False,False,0.342314475647809,0.0010853344186677,0.3624474291140958,193.28133550400216,23.623238307171015,167.0,217.0,23.623238307171015,205.5387209333876,193.57207868674536,164.4450468050468,22.844507212434973,23.930323402045584,24.55771570081627,2.2588522588522587e-05,6.907136073802741e-05,9.032017365350698e-05,0.0003598222764889,0.001892619725953,0.0092540530457197,0.0182072479989146,0.0013542768959435,7.777999579356775,0.4860913154255566,0.1552944478711579,5.165609559822441,3.281637045468095,322.0,0.0108533441866775,0.0010630884336888,0.6508849432276209,1.0,47.0,0.3397320314017032,0.2056828375987456,0.8279009126466754,0.6070404172099086,0.0,5.993650793650794,9.77012276340114,1.0530989540042308
S1MI02-20220603-2W,S1MI02,7,MI,MI,14,0.188,1,0.311,1,11.5,3.54,,,S1MI02,20220603,2,2022-06-03,campaign_1,S1,S1_MI,mixed_in_inhibitor,MI,MI,7,3.5,28,196,S1MI02-20220603-2W.png,Data/Images_dataset/S1MI02-20220603-2W.png,True,2835.0,650.0,,S1MI02-20220603-2W,,,3.54,False,False,0.1877628544295211,0.0,0.3105141771808438,205.02083896350564,23.404529821198796,179.0,230.0,23.404529821198796,215.04885795685792,205.1434253154253,182.2604368471035,22.375576037803103,23.713756383648732,24.79297101658539,2.5607108940442272e-06,3.902116402116402e-05,8.338420838420838e-05,0.0001554402387735,0.0013080484330484,0.0045103785103785,0.0195018484601817,0.0056493182743182,6.699581408944635,0.4987998459139955,0.1521480563592823,5.148753536909325,3.2501349045525507,201.0,0.0112874779541446,0.0009341435543757,0.6242005585194026,1.0,47.0,0.1838608560570334,0.1171183075344203,0.6114732724902217,0.2800521512385919,0.0,12.486772486772487,11.492888032541211,0.8653346853184465
S1MI02-20220609-3W,S1MI02,7,MI,MI,21,0.209,1,0.478,1,1.51,3.54,,,S1MI02,20220609,3,2022-06-09,campaign_1,S1,S1_MI,mixed_in_inhibitor,MI,MI,7,3.5,28,196,S1MI02-20220609-3W.png,Data/Images_dataset/S1MI02-20220609-3W.png,True,2835.0,650.0,,S1MI02-20220609-3W,,,3.54,False,False,0.2086012752679419,0.0,0.3059557726224393,198.97890978157645,21.180626636199325,175.0,220.0,21.180626636199325,210.9365877085877,198.9045991045991,172.26568172568173,20.01418014583808,21.61625852829819,23.2009400023399,3.917378917378917e-06,3.757970424637091e-05,9.008275674942342e-05,0.0001445190611857,0.0013266856600189,0.0065044600461267,0.0210981210147876,0.0020446343779677,5.844319409296741,0.5410603707985315,0.1762245659303922,5.082056296347573,3.1481030543336472,243.0,0.0106905440238773,0.0008584414620079,0.6621566599656662,1.0,47.0,0.2043607312269411,0.1668786468795791,0.6427640156453716,0.5006518904823989,0.0,1.9978835978835976,9.453776654609122,1.3655755598688442
S1MI02-20220616-4W,S1MI02,7,MI,MI,28,0.209,1,0.478,1,1.51,3.54,,,S1MI02,20220616,4,2022-06-16,campaign_1,S1,S1_MI,mixed_in_inhibitor,MI,MI,7,3.5,28,196,S1MI02-20220616-4W.png,Data/Images_dataset/S1MI02-20220616-4W.png,True,2835.0,650.0,,S1MI02-20220616-4W,,,3.54,False,False,0.2086012752679419,0.0,0.3059557726224393,198.97890978157645,21.180626636199325,175.0,220.0,21.180626636199325,210.9365877085877,198.9045991045991,172.26568172568173,20.01418014583808,21.61625852829819,23.2009400023399,3.917378917378917e-06,3.757970424637091e-05,9.008275674942342e-05,0.0001445190611857,0.0013266856600189,0.0065044600461267,0.0210981210147876,0.0020446343779677,5.844319409296741,0.5410603707985315,0.1762245659303922,5.082056296347573,3.1481030543336472,243.0,0.0106905440238773,0.0008584414620079,0.6621566599656662,1.0,47.0,0.2043607312269411,0.1668786468795791,0.6427640156453716,0.5006518904823989,0.0,1.9978835978835976,9.453776654609122,1.3655755598688442
S1MI02-20220623-5W,S1MI02,7,MI,MI,35,0.264,1,0.638,1,1.51,3.54,,,S1MI02,20220623,5,2022-06-23,campaign_1,S1,S1_MI,mixed_in_inhibitor,MI,MI,7,3.5,28,196,S1MI02-20220623-5W.png,Data/Images_dataset/S1MI02-20220623-5W.png,True,2835.0,650.0,,S1MI02-20220623-5W,,,3.54,False,False,0.2640075973409306,0.0,0.2925518925518925,193.28670682404015,22.471500314804143,169.0,218.0,22.471500314804143,204.44392673992675,193.7606018179351,166.46804449871115,21.495000620897116,22.88056467825861,24.354447290903455,8.377425044091711e-06,5.090896757563424e-05,8.514787681454349e-05,0.000211165377832,0.0013986568986568,0.0118590591507258,0.0158325702075702,0.0018041140957807,6.209360848151827,0.5359917448582626,0.1545937685480962,5.0431524570162765,3.0657838889811413,239.0,0.0114502781169447,0.0011046342984976,0.6338922347360583,1.0,47.0,0.256706149962551,0.2017549981547021,0.7926988265971318,0.5123859191655801,0.0,1.9978835978835976,8.883633773253507,1.5981400350374677
S1MI02-20220630-6W,S1MI02,7,MI,MI,42,0.399,1,0.972,1,1.51,3.54,,,S1MI02,20220630,6,2022-06-30,campaign_1,S1,S1_MI,mixed_in_inhibitor,MI,MI,7,3.5,28,196,S1MI02-20220630-6W.png,Data/Images_dataset/S1MI02-20220630-6W.png,True,2835.0,650.0,,S1MI02-20220630-6W,,,3.54,False,False,0.3989689323022656,0.0005426672093338,0.3667345000678333,182.58412481345815,23.51647626138236,156.0,208.0,23.51647626138236,193.8954025234025,182.7830042056709,156.37669678469678,22.406447002229008,23.970147819575853,25.57013687017597,2.5234025234025233e-05,7.716049382716049e-05,9.179555012888346e-05,0.0005563186813186,0.0030262515262515,0.0161357515940849,0.0108480362230362,0.0004894519061185,6.4087498673216245,0.5144201327019731,0.1468815782400432,5.056339612519145,3.124955957231687,301.0,0.0119386786053452,0.0013254781804061,0.642895098655841,1.0,47.0,0.3912729895420122,0.3044940742659743,1.2046936114732725,0.8028683181225553,0.0,1.9978835978835976,8.20491562602553,1.54765146561868
S1MI02-20220708-7W,S1MI02,7,MI,MI,49,0.307,1,0.573,1,1.51,3.54,,,S1MI02,20220708,7,2022-07-08,campaign_1,S1,S1_MI,mixed_in_inhibitor,MI,MI,7,3.5,28,196,S1MI02-20220708-7W.png,Data/Images_dataset/S1MI02-20220708-7W.png,True,2835.0,650.0,,S1MI02-20220708-7W,,,3.54,False,False,0.3071496404829738,0.0,0.3835029168362501,199.08182770316105,23.434003280749984,172.0,224.0,23.434003280749984,210.20421272554609,199.16655107855107,173.62981684981685,22.4090091179147,23.82743967106385,25.21443656992625,9.055759055759056e-06,5.784493284493285e-05,0.0001108397775064,0.0001701261701261,0.0011796058879392,0.0079359991859991,0.018497388414055,0.0032891398724732,9.059620394538587,0.4522275915844216,0.1375320450632764,5.162260853011673,3.2940064979738386,391.0,0.012047212047212,0.0007855489526418,0.6551380058074601,1.0,47.0,0.3038641848594967,0.176746550318325,0.727509778357236,0.5514993481095176,0.0,1.9978835978835976,10.030344569708523,1.248431213809465
S1MI02-20220714-8W,S1MI02,7,MI,MI,56,0.302,1,0.684,1,1.51,3.54,,,S1MI02,20220714,8,2022-07-14,campaign_1,S1,S1_MI,mixed_in_inhibitor,MI,MI,7,3.5,28,196,S1MI02-20220714-8W.png,Data/Images_dataset/S1MI02-20220714-8W.png,True,2835.0,650.0,,S1MI02-20220714-8W,,,3.54,False,False,0.3021571021571022,0.0,0.3155609822276489,190.09456844390175,23.100384778804113,163.0,216.0,23.100384778804113,203.96168118301452,189.6133903133903,160.47259530592865,22.161042673188437,23.515073013899237,24.57231955637038,8.631800298466964e-06,6.133835300501967e-05,9.184642517975852e-05,0.0001923076923076,0.0020346798263464,0.0132164394247727,0.0140581671415004,0.0015865893365893,8.03393469651583,0.4594622778827402,0.1335274581707293,5.1305130357281925,3.24111926402338,331.0,0.0108533441866775,0.000912861335822,0.6150143679323772,1.0,47.0,0.2982329606923909,0.2201984273154347,0.998696219035202,0.5786179921773142,0.0,1.9978835978835976,9.152168095846257,1.5950820740579426
S1MI02-20220721-9W,S1MI02,7,MI,MI,63,0.183,1,0.462,1,1.51,3.54,,,S1MI02,20220721,9,2022-07-21,campaign_1,S1,S1_MI,mixed_in_inhibitor,MI,MI,7,3.5,28,196,S1MI02-20220721-9W.png,Data/Images_dataset/S1MI02-20220721-9W.png,True,2835.0,650.0,,S1MI02-20220721-9W,,,3.54,False,False,0.1830959164292497,0.0,0.2465337132003798,194.89007624474291,21.1264923804401,170.0,218.0,21.1264923804401,206.40663519196852,194.7366278659612,169.32185103785105,20.27058645489436,21.53249636880909,22.645355204923032,6.715506715506716e-06,3.218694885361552e-05,6.801994301994302e-05,0.0001293243793243,0.0012285646452313,0.0109115113281779,0.0169802435219101,0.001893433726767,6.30938070204016,0.502863742234475,0.1483834451738002,5.050092154334715,3.1084852687316302,264.0,0.0090082756749423,0.0006935451379895,0.5718966028718974,1.0,47.0,0.1813642542095481,0.1600801284416185,0.6701434159061278,0.3953063885267274,0.0,1.9978835978835976,7.945201870513074,1.7921360956659944
S1MI02-20220802-10W,S1MI02,7,MI,MI,70,0.247,1,0.627,1,1.51,3.54,,,S1MI02,20220802,10,2022-08-02,campaign_1,S1,S1_MI,mixed_in_inhibitor,MI,MI,7,3.5,28,196,S1MI02-20220802-10W.png,Data/Images_dataset/S1MI02-20220802-10W.png,True,2835.0,650.0,,S1MI02-20220802-10W,,,3.54,False,False,0.2466422466422466,0.0,0.3511056844390178,176.77777018043685,22.214933649386097,149.0,203.0,22.214933649386097,188.7726691086691,176.5563787817121,150.39533957400624,21.996423161175347,22.591482700254723,22.275333995551133,7.258173924840591e-06,4.714421381088048e-05,8.67928367928368e-05,0.0003661307827974,0.0058508682675349,0.0167005664088997,0.0079609449192782,0.000230294396961,5.950666855484801,0.4959387692229221,0.1366693799992246,5.048681717099172,3.1189136275633103,258.0,0.0094424094424094,0.0009559777001637,0.6281474117485718,1.0,47.0,0.2408665982412827,0.1999663272335417,0.8292046936114733,0.4910039113428942,0.0,1.9978835978835976,8.500540043422331,1.942047187642232
S1MI02-20220822-13W,S1MI02,7,MI,MI,91,0.141,1,0.36,1,1.51,3.54,,,S1MI02,20220822,13,2022-08-22,campaign_1,S1,S1_MI,mixed_in_inhibitor,MI,MI,7,3.5,28,196,S1MI02-20220822-13W.png,Data/Images_dataset/S1MI02-20220822-13W.png,True,2835.0,650.0,,S1MI02-20220822-13W,,,3.54,False,False,0.1409849409849409,0.0,0.3522452855786189,176.9976632749966,19.081220966962483,154.0,200.0,19.081220966962483,188.91808655541988,176.2476440103107,153.12351431284765,18.89463312058394,19.39719530775873,19.09412499241726,4.239587572920906e-07,2.165581332247999e-05,8.697937864604531e-05,0.0002418091168091,0.0046190306606973,0.0193422534255867,0.0068597374847374,7.811016144349477e-05,4.237136985349062,0.5634034646396764,0.1656815662530418,5.000250936686078,3.0006373586700175,170.0,0.0072174738841405,0.0008293231822643,0.6028653884416898,1.0,47.0,0.1397819634386529,0.1401918174373841,0.5853976531942634,0.3306388526727509,0.0,1.9978835978835976,7.052760976086611,1.8789323314266009
S1MI02-20220906-15W,S1MI02,7,MI,MI,105,0.478,1,0.977,1,1.51,3.54,,,S1MI02,20220906,15,2022-09-06,campaign_1,S1,S1_MI,mixed_in_inhibitor,MI,MI,7,3.5,28,196,S1MI02-20220906-15W.png,Data/Images_dataset/S1MI02-20220906-15W.png,True,2835.0,650.0,,S1MI02-20220906-15W,,,3.54,False,False,0.4782526115859449,0.0021164021164021,0.6167955501288834,172.6378955365622,26.820950724960188,141.0,206.0,26.820950724960188,184.92455080721749,172.43364373897708,145.61543779677112,26.647045325026667,27.093658843464507,27.130755220529363,4.84669651336318e-05,8.821733821733822e-05,0.0001319359652692,0.0008702007868674,0.0080484839234839,0.0146888821055487,0.0067118776285442,0.0006619352869352,12.162001322021528,0.386753616435502,0.1052524395726725,5.199572542334749,3.3870142183368825,641.0,0.0115588115588115,0.0007461039182308,0.6575613922288467,1.0,47.0,0.4718577491747344,0.2672488895928793,1.0990873533246417,0.8057366362451109,0.0,0.4994708994708994,9.408537772182386,1.4631226723192128
S1MI02-20221102-24W,S1MI02,7,MI,MI,168,9.584,2,19.849,3,6.5,3.54,,,S1MI02,20221102,24,2022-11-02,campaign_1,S1,S1_MI,mixed_in_inhibitor,MI,MI,7,3.5,28,196,S1MI02-20221102-24W.png,Data/Images_dataset/S1MI02-20221102-24W.png,True,2835.0,650.0,,S1MI02-20221102-24W,,,3.54,False,False,9.584425451092118,0.004341337674671,8.774277574277574,124.39201628001628,29.02693587780527,91.0,160.0,29.02693587780527,141.527592999593,122.93861511328178,91.27553927553927,26.16762048173588,30.996156464113948,29.716696515398137,0.0002092660425993,0.0008985042735042,0.0027134717134717,0.0134719508886175,0.0108142891059557,0.0027116571699905,0.0004199565866232,1.090421923755257e-05,6.236688370442515,0.4905356003910373,0.1318202050310613,5.164804831829155,3.268905296817999,2937.0,4.439397639397639,0.003263338594175,0.5677304025819171,1.0,47.0,9.481178396072012,7.61740585854189,22.466753585397655,19.948109517601043,27.0,8.49100529100529,7.41965911770404,0.9455714554655664
S1MI02-20221110-25W,S1MI02,7,MI,MI,175,4.58,1,10.011,2,9.0,3.54,,,S1MI02,20221110,25,2022-11-10,campaign_1,S1,S1_MI,mixed_in_inhibitor,MI,MI,7,3.5,28,196,S1MI02-20221110-25W.png,Data/Images_dataset/S1MI02-20221110-25W.png,True,2835.0,650.0,,S1MI02-20221110-25W,,,3.54,False,False,4.579785646452313,0.0004341337674671,0.3019400352733686,171.22134690001357,31.043794505569483,140.0,206.0,31.043794505569483,188.10302048568715,169.66863546330214,139.27468674535342,26.384307623544544,33.935453263658395,36.089935328437655,5.7980599647266314e-05,0.0002660765160765,0.0007028557861891,0.0011326142992809,0.0063288563288563,0.0155411748745082,0.0063366571699905,0.000883784425451,8.109180417840873,0.5116320509635416,0.1339629149250767,5.065831941644241,3.0997184588461097,721.0,1.075783475783476,0.0063519911878672,0.6033585038851171,1.0,47.0,4.533412854725513,4.726232230709024,18.84354628422425,12.948109517601043,15.0,8.49100529100529,8.389174936957954,0.6573268037168631
S1MI02-20221206-28W,S1MI02,7,MI,MI,196,8.318,2,14.741,3,6.5,3.54,0.1878,2.43,S1MI02,20221206,28,2022-12-06,campaign_1,S1,S1_MI,mixed_in_inhibitor,MI,MI,7,3.5,28,196,S1MI02-20221206-28W.png,Data/Images_dataset/S1MI02-20221206-28W.png,True,2835.0,650.0,,S1MI02-20221206-28W,0.1878,18.78,3.54,True,True,8.317785917785917,0.0006512006512006,0.4974087640754308,149.2905065798399,33.38118222885649,114.0,190.0,33.38118222885649,169.7267448107448,147.42937240537242,109.76205562338896,29.042796371221463,36.476206009920176,36.06528819579758,8.143399810066477e-05,0.0008026895943562,0.0011639024555691,0.0033931963098629,0.0142826109076109,0.0086224901641568,0.0027886311219644,0.0001150454483787,5.763580251095721,0.5337211332914369,0.1286288106880634,4.976801336021529,2.983432530379798,697.0,1.8809388142721477,0.0119336957213571,0.5917046404682558,1.0,47.0,8.150156731115981,6.089077149392409,21.972620599739244,16.996610169491525,30.0,8.49100529100529,9.16552958173042,0.8090580945017439
S1MI03-20220518-0W,S1MI03,7,MI,MI,0,0.356,1,0.658,1,1.51,3.8,,,S1MI03,20220518,0,2022-05-18,campaign_1,S1,S1_MI,mixed_in_inhibitor,MI,MI,7,3.5,28,196,S1MI03-20220518-0W.png,Data/Images_dataset/S1MI03-20220518-0W.png,True,2835.0,650.0,,S1MI03-20220518-0W,,,3.8,False,False,0.3555012888346222,0.0004341337674671,0.5348528015194682,204.94660643060644,25.092832354010984,178.0,231.0,25.092832354010984,218.13379351512685,204.76388007054675,175.1683549043549,24.285600961110504,25.528044456683084,25.0983227212031,1.4702889702889704e-05,6.5662732329399e-05,0.0001406695156695,0.0002766924433591,0.0008619081535748,0.0048203432370099,0.0192410629493962,0.005828958078958,8.296899324879426,0.5115944128404435,0.1508501330279319,4.988517483364628,3.0525632507207177,366.0,0.0116130782797449,0.0009713149968159,0.6278697192732726,1.0,47.0,0.3521318205775472,0.2568943168524962,0.894393741851369,0.7308996088657105,0.0,7.492063492063492,9.556826818313612,1.2494849846646192
S1MI03-20220603-2W,S1MI03,7,MI,MI,14,0.758,1,2.027,1,9.0,3.8,,,S1MI03,20220603,2,2022-06-03,campaign_1,S1,S1_MI,mixed_in_inhibitor,MI,MI,7,3.5,28,196,S1MI03-20220603-2W.png,Data/Images_dataset/S1MI03-20220603-2W.png,True,2835.0,650.0,,S1MI03-20220603-2W,,,3.8,False,False,0.7584316917650251,0.0005426672093338,1.1764482431149097,174.31531569664904,23.883526268016432,145.0,197.0,23.883526268016432,186.6493197666531,174.52323049789717,145.79245204178537,23.13846046385258,24.286374848513525,24.22360182935235,4.4278252611585945e-05,0.0001433489350156,0.0002735551485551,0.0009088827838827,0.0044453601953601,0.019170584045584,0.0062476427893094,1.6347849681183016e-05,7.270951645373813,0.5511848776041193,0.175262444950547,5.064750317997352,3.1194966834841464,607.0,0.0501424501424501,0.0012494756042257,0.6370409253645667,1.0,47.0,0.764209825515271,0.6912976303242927,2.831812255541069,2.081616688396349,0.0,7.991534391534391,9.437136981613223,0.5575792071320551
S1MI03-20220609-3W,S1MI03,7,MI,MI,21,0.463,1,1.127,1,9.0,3.8,,,S1MI03,20220609,3,2022-06-09,campaign_1,S1,S1_MI,mixed_in_inhibitor,MI,MI,7,3.5,28,196,S1MI03-20220609-3W.png,Data/Images_dataset/S1MI03-20220609-3W.png,True,2835.0,650.0,,S1MI03-20220609-3W,,,3.8,False,False,0.4626780626780627,5.42667209333876e-05,0.737701804368471,212.53118382851716,27.944348124055487,179.0,238.0,27.944348124055487,223.06463112196445,212.44229331162663,188.95056681590015,26.5183459378268,28.36029552465576,30.026557665388797,1.5177723511056844e-05,8.197666530999864e-05,0.0001942748609415,0.0003109652692986,0.0008928910595577,0.0033887193053859,0.0137260887260887,0.0126399063899063,12.072733816601716,0.4761124249812739,0.1488870768834261,5.16869002396878,3.3479662278625724,568.0,0.029683896350563,0.0008145740540106,0.6681437442172193,1.0,47.0,0.4614552414768788,0.4402569377221016,1.7940026075619298,1.192438070404172,0.0,8.49100529100529,9.182947150763244,0.539541619494468
S1MI03-20220616-4W,S1MI03,7,MI,MI,28,0.303,1,0.852,1,9.0,3.8,,,S1MI03,20220616,4,2022-06-16,campaign_1,S1,S1_MI,mixed_in_inhibitor,MI,MI,7,3.5,28,196,S1MI03-20220616-4W.png,Data/Images_dataset/S1MI03-20220616-4W.png,True,2835.0,650.0,,S1MI03-20220616-4W,,,3.8,False,False,0.3029168362501696,0.0,0.5821733821733821,213.7047667887668,25.134184241573568,184.0,236.0,25.134184241573568,224.84938760005423,213.62211911545245,188.56975661375665,23.819010930702987,25.534446730665433,26.88466898647746,5.8845475512142176e-06,4.7585130918464254e-05,0.0001512176095509,0.0002618369285035,0.0006626305792972,0.0031673110839777,0.0142553757970424,0.0126981583231583,9.557466046365215,0.5115727680539356,0.1684554349156717,5.153097337475231,3.2929305643838047,408.0,0.0328313661646995,0.0007424432261033,0.6268987518277167,1.0,47.0,0.3031152043052512,0.3318157431725642,1.5697522816166882,0.8229465449804432,0.0,7.991534391534391,9.257051861709693,0.538267564016279
S1MI03-20220623-5W,S1MI03,7,MI,MI,35,0.471,1,0.797,1,9.0,3.8,,,S1MI03,20220623,5,2022-06-23,campaign_1,S1,S1_MI,mixed_in_inhibitor,MI,MI,7,3.5,28,196,S1MI03-20220623-5W.png,Data/Images_dataset/S1MI03-20220623-5W.png,True,2835.0,650.0,,S1MI03-20220623-5W,,,3.8,False,False,0.4706552706552706,0.0,0.67328720662054,196.66496269162937,26.61344213553655,163.0,222.0,26.61344213553655,208.20022846289513,197.01785754985755,169.4671941391941,25.66868497637007,27.04538237544947,27.704683965978628,1.3447971781305116e-05,7.967032967032966e-05,0.0001731786731786,0.0005829941663274,0.0018452550535883,0.0068236331569664,0.0194245862162528,0.0023072344322344,6.153434128637678,0.5740161336422762,0.1688187306749122,4.976031219984944,2.9818787030114984,340.0,0.048026048026048,0.0013842802078096,0.6331967904637141,1.0,47.0,0.470803628394685,0.3654145828102338,1.6988265971316818,0.9734028683181226,0.0,7.991534391534391,10.147401685093373,0.5378345892490735
S1MI03-20220630-6W,S1MI03,7,MI,MI,42,0.686,1,1.878,1,9.0,3.8,,,S1MI03,20220630,6,2022-06-30,campaign_1,S1,S1_MI,mixed_in_inhibitor,MI,MI,7,3.5,28,196,S1MI03-20220630-6W.png,Data/Images_dataset/S1MI03-20220630-6W.png,True,2835.0,650.0,,S1MI03-20220630-6W,,,3.8,False,False,0.6863654863654864,0.0025505358838692,0.7292904626237959,203.59560005426673,28.180790850537473,170.0,229.0,28.180790850537473,214.7550991724325,203.8708066748067,177.50343996743996,26.91745746652439,28.55928997702488,30.371701958406103,4.336250169583503e-05,0.0001205738705738,0.000197446072446,0.0003788325871659,0.0013279914529914,0.0048255494505494,0.0181200990367657,0.0062361450278116,11.587486681840842,0.4849193137327394,0.1491284410286727,5.103463791566797,3.2736331753700796,684.0,0.0480803147469814,0.0010034583133998,0.6499699895077872,1.0,47.0,0.6839302061083525,0.7172336348438986,3.1434159061277707,1.6271186440677958,0.0,7.991534391534391,8.588622832645603,0.3973221239604727
S1MI03-20220708-7W,S1MI03,7,MI,MI,49,0.282,1,0.825,1,9.0,3.8,,,S1MI03,20220708,7,2022-07-08,campaign_1,S1,S1_MI,mixed_in_inhibitor,MI,MI,7,3.5,28,196,S1MI03-20220708-7W.png,Data/Images_dataset/S1MI03-20220708-7W.png,True,2835.0,650.0,,S1MI03-20220708-7W,,,3.8,False,False,0.2823497490164157,0.0,0.4388549721883055,200.5754084927418,22.32057591043933,175.0,222.0,22.32057591043933,211.52232098765433,200.8777902591236,175.00026482159817,20.971758560311503,22.79798188035105,24.40313274424872,5.545380545380545e-06,3.578211911545245e-05,0.0001126543209876,0.0002949565866232,0.0010933387600054,0.0057960927960927,0.0211661748745082,0.0027454551621218,6.13076871074328,0.537396094079379,0.1727087289217911,4.998355932056729,3.052033016218926,248.0,0.0509021842355175,0.0011385070524855,0.6069309023114396,1.0,47.0,0.2843629504285833,0.4110489789646017,1.9230769230769231,0.5694915254237287,0.0,7.991534391534391,8.742230316860338,0.4030698721051903
S1MI03-20220714-8W,S1MI03,7,MI,MI,56,0.344,1,0.841,1,1.51,3.8,,,S1MI03,20220714,8,2022-07-14,campaign_1,S1,S1_MI,mixed_in_inhibitor,MI,MI,7,3.5,28,196,S1MI03-20220714-8W.png,Data/Images_dataset/S1MI03-20220714-8W.png,True,2835.0,650.0,,S1MI03-20220714-8W,,,3.8,False,False,0.3440510107176774,0.0,0.3214217880884548,191.02395658662329,23.041053395812284,165.0,217.0,23.041053395812284,204.78952489485823,190.56838095238095,161.5523304843305,22.176912778184636,23.453172352256615,24.380574446614087,1.2667887667887668e-05,6.776556776556777e-05,9.674738841405508e-05,0.0001627323293989,0.0016757733007733,0.0132941086691086,0.0141537952787952,0.0017864095780762,9.172855001908305,0.4423394331242473,0.1306604773007375,5.1514446165427845,3.270596713403772,365.0,0.0122100122100122,0.0009426055088155,0.6294740512448358,1.0,47.0,0.3387611306832367,0.2517137686230279,1.0338983050847457,0.6818774445893088,0.0,1.9978835978835976,8.943811192896366,1.6912375230274366
S1MI03-20220721-9W,S1MI03,7,MI,MI,63,0.528,1,1.477,1,6.5,3.8,,,S1MI03,20220721,9,2022-07-21,campaign_1,S1,S1_MI,mixed_in_inhibitor,MI,MI,7,3.5,28,196,S1MI03-20220721-9W.png,Data/Images_dataset/S1MI03-20220721-9W.png,True,2835.0,650.0,,S1MI03-20220721-9W,,,3.8,False,False,0.5282322615655949,0.0001085334418667,0.5300773300773302,196.2018428978429,23.718076104280993,169.0,218.0,23.718076104280993,207.15191588658257,195.95291710758377,172.46232315832316,22.3694201456089,24.233975517656223,25.602510980701144,2.138447971781305e-05,7.783882783882784e-05,0.0001519468186134,0.00032326007326,0.0015487382987382,0.0071542531542531,0.0206335300501967,0.0013390482973816,8.808067210714256,0.4890458517893298,0.1613733708819391,5.047626052419808,3.199337147810441,513.0,0.0649029982363315,0.0010296925176717,0.6165474328998121,1.0,47.0,0.529335071707953,0.6597694681591022,2.771838331160365,1.0899608865710555,0.0,7.492063492063492,7.545514060245928,0.6070598868792333
S1MI03-20220802-10W,S1MI03,7,MI,MI,70,0.783,1,2.037,1,6.5,3.8,,,S1MI03,20220802,10,2022-08-02,campaign_1,S1,S1_MI,mixed_in_inhibitor,MI,MI,7,3.5,28,196,S1MI03-20220802-10W.png,Data/Images_dataset/S1MI03-20220802-10W.png,True,2835.0,650.0,,S1MI03-20220802-10W,,,3.8,False,False,0.7832315832315832,0.0007597340930674,0.7370506037172704,188.1492394519061,26.49764149416457,157.0,214.0,26.49764149416457,199.80113091846425,187.97510676977345,162.38744647944648,25.471597428028872,27.028796354423076,27.625693920527027,5.421584588251255e-05,0.0001163342830009,0.000205060371727,0.0004617080450413,0.0026949871116537,0.0110728869895536,0.0157983652150318,0.0008464421381088,12.214681741777095,0.4237472392970296,0.1282063547432564,5.12092552372217,3.336975058946438,813.0,0.0805860805860805,0.0009633844812196,0.6243983807236709,1.0,47.0,0.77480651335682,0.8150517222793345,3.938722294654498,1.4508474576271184,0.0,7.991534391534391,8.172264251859625,0.6723224153047175
S1MI03-20220822-13W,S1MI03,7,MI,MI,91,0.371,1,1.344,1,6.5,3.8,,,S1MI03,20220822,13,2022-08-22,campaign_1,S1,S1_MI,mixed_in_inhibitor,MI,MI,7,3.5,28,196,S1MI03-20220822-13W.png,Data/Images_dataset/S1MI03-20220822-13W.png,True,2835.0,650.0,,S1MI03-20220822-13W,,,3.8,False,False,0.3711843711843712,0.0,0.5377289377289377,192.58677248677247,21.2162294510624,168.0,213.0,21.2162294510624,205.0806577126577,192.19768769502105,165.74570180436848,20.184101730203167,21.759294460679243,22.296945722216932,3.4425451092117757e-06,4.7330755664089e-05,0.0001455535205535,0.0003251424501424,0.0015274725274725,0.0093414733414733,0.0195209266042599,0.0003386582553249,6.7944980795634216,0.5412981110494604,0.1824001693260374,5.089082523557763,3.1968939831788243,374.0,0.0565459232125898,0.0009924715807068,0.628288145189887,1.0,47.0,0.3749895974923022,0.5352474059987021,2.5202086049543677,0.7791395045632333,0.0,7.492063492063492,7.71094773971967,0.5179924220052061
S1MI03-20220906-15W,S1MI03,7,MI,MI,105,1.399,1,3.478,1,6.5,3.8,,,S1MI03,20220906,15,2022-09-06,campaign_1,S1,S1_MI,mixed_in_inhibitor,MI,MI,7,3.5,28,196,S1MI03-20220906-15W.png,Data/Images_dataset/S1MI03-20220906-15W.png,True,2835.0,650.0,,S1MI03-20220906-15W,,,3.8,False,False,1.3989960656627325,0.0201329534662868,1.6609957943291276,168.16540388007056,29.16747803025813,134.0,197.0,29.16747803025813,180.5529230769231,167.7989884683218,141.43010283543617,28.453136075056513,29.64062819942775,29.855987542712384,0.0001660900827567,0.0002012277845611,0.0004087471170804,0.0015682912766246,0.0067223070139736,0.0166982770316103,0.0053696242029575,0.0001154354904354,15.65863231011184,0.3996506642703655,0.1164095064067828,5.1601495236529455,3.39897348932869,2113.0,0.0982770316103649,0.0006620899506212,0.6256748571115481,1.0,47.0,1.4044772393131568,1.2457620249036123,5.567144719687093,2.9118644067796606,2.0,7.492063492063492,8.74656815299174,0.6128730231957188
S1MI03-20221102-24W,S1MI03,7,MI,MI,168,8.146,2,20.312,3,6.5,3.8,,,S1MI03,20221102,24,2022-11-02,campaign_1,S1,S1_MI,mixed_in_inhibitor,MI,MI,7,3.5,28,196,S1MI03-20221102-24W.png,Data/Images_dataset/S1MI03-20221102-24W.png,True,2835.0,650.0,,S1MI03-20221102-24W,,,3.8,False,False,8.145597612264279,0.018342151675485,2.8581739248405915,138.8621391941392,29.76630069154048,101.0,166.0,29.76630069154048,155.5480341880342,137.60022412155746,105.9731341744675,25.500198618126163,32.36964017152144,31.707915562984944,0.0002328720662053,0.00097732668566,0.0015857075023741,0.0041818274318274,0.0181849138515805,0.0058303486636819,0.0002150827567494,4.192104192104192e-05,11.592619947875194,0.4204632933763741,0.132062139808591,5.194597073559061,3.372887172253638,3174.0,1.0644417311083978,0.0025663508545256,0.6017240516715033,1.0,47.0,7.97067879830231,7.279766983192153,24.32724902216428,19.79243807040417,23.0,0.4994708994708994,6.854376446339299,1.3057343425164136
S1MI03-20221110-25W,S1MI03,7,MI,MI,175,8.899,2,18.75,3,6.5,3.8,,,S1MI03,20221110,25,2022-11-10,campaign_1,S1,S1_MI,mixed_in_inhibitor,MI,MI,7,3.5,28,196,S1MI03-20221110-25W.png,Data/Images_dataset/S1MI03-20221110-25W.png,True,2835.0,650.0,,S1MI03-20221110-25W,,,3.8,False,False,8.899308099308099,0.0151404151404151,0.981847781847782,154.75822927689595,34.48286189189736,110.0,188.0,34.48286189189736,173.65248948582283,152.5571683625017,120.77864116130785,29.71822125415048,37.93852133237401,37.27380783293119,0.0002484567901234,0.0004945733279066,0.0015699531949531,0.0025207909374576,0.0097614638447971,0.0141605786189119,0.002201516076516,0.0002926672093338,13.360131357233197,0.4452227343764439,0.118673053818698,5.142203224103767,3.267072891882994,2122.0,1.2556776556776557,0.0041938303955269,0.6229113644890603,1.0,47.0,8.737967766096146,6.737207594381163,24.065189048239898,18.32125162972621,30.0,0.4994708994708994,8.057322450366012,1.0470756769695426
S1MI03-20221206-28W,S1MI03,7,MI,MI,196,12.772,2,26.097,4,6.5,3.8,0.166,2.54,S1MI03,20221206,28,2022-12-06,campaign_1,S1,S1_MI,mixed_in_inhibitor,MI,MI,7,3.5,28,196,S1MI03-20221206-28W.png,Data/Images_dataset/S1MI03-20221206-28W.png,True,2835.0,650.0,,S1MI03-20221206-28W,0.166,16.6,3.8,True,True,12.771998371998372,0.0151404151404151,1.245746845746846,142.82298684032017,34.931216485714494,91.0,178.0,34.931216485714494,164.1492144892145,140.61307936507936,102.80403581603582,29.533159693752065,38.735198515677155,36.700712589693815,0.0002800841134174,0.000959249084249,0.0021783340116673,0.0039286901370234,0.0132889194139194,0.0094703737620404,0.0011028184778184,4.15309998643332e-05,9.925886217876483,0.4663824594453591,0.1162883743222396,5.054851298381026,3.1698090161148333,1800.0,1.7099986433319767,0.0070955546511102,0.5963051975730544,1.0,47.0,12.692168992205051,8.928079207123167,28.27249022164277,26.25475880052151,34.0,7.492063492063492,8.464893178596673,0.7920761972488933
S1MI04-20220518-0W,S1MI04,7,MI,MI,0,0.296,1,0.511,1,18.99,1.63,,,S1MI04,20220518,0,2022-05-18,campaign_1,S1,S1_MI,mixed_in_inhibitor,MI,MI,7,3.5,28,196,S1MI04-20220518-0W.png,Data/Images_dataset/S1MI04-20220518-0W.png,True,2835.0,650.0,,S1MI04-20220518-0W,,,1.63,False,False,0.2961877628544295,0.0,1.307231040564374,174.41564346764346,19.766455807014907,155.0,192.0,19.766455807014907,185.0871398724732,174.212640347307,150.8404938271605,19.23652497930552,20.07864825599644,19.68970551437404,4.171754171754171e-06,5.274046940713607e-05,0.0002436745353412,0.0009459367792701,0.0026883563966897,0.0237137091303757,0.0035894044227377,1.2006512006512008e-05,4.9217078310824895,0.5679477687693921,0.2072951504141296,5.010816236468888,3.0149145410202713,258.0,0.0168769502102835,0.001148014584707,0.6748359593467014,1.0,47.0,0.2982052206718633,0.1896640605615491,0.8396349413298566,0.5389830508474576,0.0,17.98095238095238,11.228886678648497,1.3857113831624168
S1MI04-20220603-2W,S1MI04,7,MI,MI,14,0.636,1,1.424,1,18.99,1.63,,,S1MI04,20220603,2,2022-06-03,campaign_1,S1,S1_MI,mixed_in_inhibitor,MI,MI,7,3.5,28,196,S1MI04-20220603-2W.png,Data/Images_dataset/S1MI04-20220603-2W.png,True,2835.0,650.0,,S1MI04-20220603-2W,,,1.63,False,False,0.6357346357346357,0.0004341337674671,0.9173789173789174,201.52753113553115,27.110525552263464,174.0,224.0,27.110525552263464,213.15145461945465,201.79717107583775,174.12858608058608,25.94327348648631,27.558086368604293,28.32442482250002,3.167819834486501e-05,0.0001075328991995,0.0002282933116266,0.0005929995929995,0.0011223714557047,0.004187152353819,0.0215668328584995,0.0034131393298059,12.373772915309814,0.4697728045382193,0.1649880299576382,5.145820173578963,3.312786905794851,648.0,0.0621353954687288,0.0009810719687262,0.6705175000517534,1.0,47.0,0.6388249327304502,0.3936167707962221,2.3833116036505864,0.8970013037809648,0.0,17.98095238095238,13.404692306476344,1.3014918780853757
S1MI04-20220609-3W,S1MI04,7,MI,MI,21,0.629,1,1.643,1,18.99,1.63,,,S1MI04,20220609,3,2022-06-09,campaign_1,S1,S1_MI,mixed_in_inhibitor,MI,MI,7,3.5,28,196,S1MI04-20220609-3W.png,Data/Images_dataset/S1MI04-20220609-3W.png,True,2835.0,650.0,,S1MI04-20220609-3W,,,1.63,False,False,0.6291140957807625,0.0,0.9116266449599782,212.5770462623796,30.662580824438965,178.0,240.0,30.662580824438965,223.33420648487316,212.46857142857144,188.78622439289103,28.826706468045135,31.39218226265354,32.96413500063923,1.7806267806267805e-05,9.254171754171754e-05,0.0002340761090761,0.0005679521096187,0.0010884208384208,0.002819478361145,0.0132685863519196,0.0131611382444715,16.503536584324088,0.4032850274074775,0.1325025259637361,5.169114020438361,3.4336165026645813,652.0,0.0694614027947361,0.0009648989199091,0.6804222315433829,1.0,47.0,0.6350245499181669,0.4453737899705315,2.0977835723598437,1.0031290743155148,0.0,18.48042328042328,14.772271353311638,1.3587516199756378
S1MI04-20220616-4W,S1MI04,7,MI,MI,28,0.396,1,1.382,1,18.99,1.63,,,S1MI04,20220616,4,2022-06-16,campaign_1,S1,S1_MI,mixed_in_inhibitor,MI,MI,7,3.5,28,196,S1MI04-20220616-4W.png,Data/Images_dataset/S1MI04-20220616-4W.png,True,2835.0,650.0,,S1MI04-20220616-4W,,,1.63,False,False,0.3962013295346628,0.0,0.3803011803011803,209.50100501967168,23.3573431634982,184.0,230.0,23.3573431634982,220.93385158051825,209.1780393433727,184.71516700583368,21.358122983049324,24.118128703060172,25.956269831414033,4.460046126712794e-06,4.215845882512549e-05,0.0001079568579568,0.0003374033374033,0.0008608058608058,0.0028298399131732,0.0199829907746574,0.0070843847510514,8.062467100427977,0.5215978109998426,0.1889855151960661,5.071075653084358,3.1753986872816005,271.0,0.069027269027269,0.0014619975259581,0.6147224707640755,1.0,47.0,0.3983744347970818,0.4636769963888502,2.08735332464146,0.8492829204693605,0.0,17.98095238095238,16.680044264429966,1.91186664868136
S1MI04-20220623-5W,S1MI04,7,MI,MI,35,0.854,1,2.154,1,18.99,1.63,,,S1MI04,20220623,5,2022-06-23,campaign_1,S1,S1_MI,mixed_in_inhibitor,MI,MI,7,3.5,28,196,S1MI04-20220623-5W.png,Data/Images_dataset/S1MI04-20220623-5W.png,True,2835.0,650.0,,S1MI04-20220623-5W,,,1.63,False,False,0.8543752543752543,0.0,0.7216931216931217,202.84439886039883,28.58719650512628,171.0,230.0,28.58719650512628,215.06271333604667,202.9412513905847,174.6913498846832,26.439033126822565,29.430213723617825,31.363958964383016,3.150861484194818e-05,0.000106108397775,0.000220238095238,0.0005473816307149,0.0012492029575362,0.0046151302401302,0.0189775132275132,0.0055029168362501,12.42895597316798,0.4665862038900592,0.1452597534367436,5.0919899279206,3.246540447615568,618.0,0.0902998236331569,0.0013824842303806,0.6431678937208604,1.0,47.0,0.858914255596549,0.6590451472029594,2.864406779661017,1.5048239895697522,0.0,17.98095238095238,15.565386931647094,1.532045652330338
S1MI04-20220630-6W,S1MI04,7,MI,MI,42,0.994,1,2.512,1,18.99,1.63,,,S1MI04,20220630,6,2022-06-30,campaign_1,S1,S1_MI,mixed_in_inhibitor,MI,MI,7,3.5,28,196,S1MI04-20220630-6W.png,Data/Images_dataset/S1MI04-20220630-6W.png,True,2835.0,650.0,,S1MI04-20220630-6W,,,1.63,False,False,0.9935693935693936,0.0,1.2217609550942885,182.839326007326,24.677020952374377,153.0,204.0,24.677020952374377,194.105000678334,183.019162664496,157.4311686338353,22.473809190596523,25.77338821335287,27.527976933305812,2.3962148962148963e-05,7.714353547686881e-05,0.0003112026862026,0.0009285544702211,0.002666225749559,0.0136814204314204,0.0134673721340388,9.411884411884411e-05,6.570594565042245,0.5428299411095121,0.1840541616393806,4.953360388346154,2.9852386215225497,441.0,0.1226970560303893,0.0022529918221528,0.6366939250188095,1.0,47.0,0.9763377624899444,0.8912367655210931,3.465449804432855,2.327249022164275,0.0,17.98095238095238,16.34401839555589,2.1127292516018645
S1MI04-20220708-7W,S1MI04,7,MI,MI,49,0.954,1,2.307,1,18.99,1.63,,,S1MI04,20220708,7,2022-07-08,campaign_1,S1,S1_MI,mixed_in_inhibitor,MI,MI,7,3.5,28,196,S1MI04-20220708-7W.png,Data/Images_dataset/S1MI04-20220708-7W.png,True,2835.0,650.0,,S1MI04-20220708-7W,,,1.63,False,False,0.9541717541717544,0.0,0.9046262379595712,200.01672771672773,29.22752299790741,167.0,228.0,29.22752299790741,211.64673504273503,200.0637671957672,174.016173653507,27.370549476820457,30.163625409994097,31.62316904567516,2.2842897842897844e-05,0.0001116707366707,0.0002723002306335,0.0006142823226156,0.0014160052910052,0.0057800501967168,0.0183485110568443,0.0046843372676706,16.065125196832824,0.3792097964799989,0.1224054361779218,5.144029004819715,3.3693461800251185,794.0,0.0928503595170261,0.0012017276500903,0.6516035249815634,1.0,47.0,0.9414408166662042,0.6673858584164436,3.0951760104302477,1.7947848761408078,0.0,17.98095238095238,14.988027336409298,1.3793300013109642
S1MI04-20220714-8W,S1MI04,7,MI,MI,56,1.231,1,3.081,1,18.99,1.63,,,S1MI04,20220714,8,2022-07-14,campaign_1,S1,S1_MI,mixed_in_inhibitor,MI,MI,7,3.5,28,196,S1MI04-20220714-8W.png,Data/Images_dataset/S1MI04-20220714-8W.png,True,2835.0,650.0,,S1MI04-20220714-8W,,,1.63,False,False,1.2313118979785649,5.42667209333876e-05,0.7242979242979243,195.2076174196174,28.633714686614795,163.0,223.0,28.633714686614795,208.3313270926604,194.92094966761633,166.5225760412427,26.158523263029448,29.836532605524784,32.022952647932094,3.311965811965812e-05,0.0001089234839234,0.0002706213539546,0.0006307658390991,0.0016930538597205,0.0078593135259801,0.0176349375932709,0.0030192646859313,13.543849121543978,0.4076010122308497,0.1237425800866132,5.088260489586127,3.2864039911228797,829.0,0.1193867860534527,0.0014852978262708,0.6416007784938087,1.0,47.0,1.204887791616966,1.019939893862794,4.146023468057367,2.752020860495436,0.0,18.48042328042328,16.326685927884697,1.6230742537476228
S1MI04-20220721-9W,S1MI04,7,MI,MI,63,1.234,1,2.96,1,18.99,1.63,,,S1MI04,20220721,9,2022-07-21,campaign_1,S1,S1_MI,mixed_in_inhibitor,MI,MI,7,3.5,28,196,S1MI04-20220721-9W.png,Data/Images_dataset/S1MI04-20220721-9W.png,True,2835.0,650.0,,S1MI04-20220721-9W,,,1.63,False,False,1.2340795007461671,0.0001085334418667,0.8242572242572241,194.80684140550807,28.940339021106396,159.0,221.0,28.940339021106396,207.13845611178945,194.11085714285716,169.6078778998779,26.499364219931437,30.141637355533117,32.19715444625156,3.09659476326143e-05,9.946072446072446e-05,0.0002853920770587,0.000782678741012,0.0019381189797856,0.0068689119522452,0.0188282797449464,0.0024161918328584,12.273449729944886,0.4349996980137209,0.1364128898308164,5.121159154429898,3.3253072191589954,912.0,0.1248134581467914,0.0013531573473093,0.6182459185152921,1.0,47.0,1.207689533690255,0.9674436798967504,4.118644067796611,2.569752281616688,0.0,18.48042328042328,15.857892732260614,1.7182119149360788
S1MI04-20220802-10W,S1MI04,7,MI,MI,70,2.278,1,5.508,2,21.49,1.63,,,S1MI04,20220802,10,2022-08-02,campaign_1,S1,S1_MI,mixed_in_inhibitor,MI,MI,7,3.5,28,196,S1MI04-20220802-10W.png,Data/Images_dataset/S1MI04-20220802-10W.png,True,2835.0,650.0,,S1MI04-20220802-10W,,,1.63,False,False,2.2778456111789445,0.0017365350698684,1.1755799755799756,180.12699009632342,31.4832197784686,142.0,213.0,31.4832197784686,194.4058781712115,179.3833721340388,150.6272836792837,28.845039255242728,32.95526144613442,34.31789948203047,5.370709537376204e-05,0.0001894586894586,0.0005106668023334,0.0011674297924297,0.0040874881291547,0.0127354497354497,0.0114353038936372,0.0010704958621625,14.384979230004914,0.3833150679589004,0.1044055691332167,5.132832036827122,3.366160498519435,1358.0,0.1612806946140279,0.0016773531746531,0.6412708094882341,1.0,47.0,2.256928070126772,2.0428866495585365,9.610169491525424,5.084745762711864,6.0,20.977777777777774,16.83748898153663,2.050116003970505
S1MI04-20220822-13W,S1MI04,7,MI,MI,91,1.17,1,3.413,1,21.49,1.63,,,S1MI04,20220822,13,2022-08-22,campaign_1,S1,S1_MI,mixed_in_inhibitor,MI,MI,7,3.5,28,196,S1MI04-20220822-13W.png,Data/Images_dataset/S1MI04-20220822-13W.png,True,2835.0,650.0,,S1MI04-20220822-13W,,,1.63,False,False,1.1699362366029034,0.0,0.2612399945733279,185.7443424230091,22.23989423566541,157.0,206.0,22.23989423566541,200.90811178944512,184.69217094017097,155.59945299145298,18.836665058686876,23.93546489284251,25.671104564808367,1.7467100800434133e-06,2.7235110568443903e-05,0.0001807420974087,0.0006996167412834,0.0025600156016822,0.0116614434947768,0.0160967643467643,2.2435897435897437e-05,3.735048460867073,0.6431010335209475,0.2188433245100272,4.929530056157899,2.8144330909775324,237.0,0.1249219915886582,0.0049364398168898,0.6254232456201592,1.0,47.0,1.1505728314238957,1.3504860055388752,5.302477183833116,3.1603650586701435,2.0,20.977777777777774,18.01468523316476,2.745427463869496
S1MI04-20220906-15W,S1MI04,7,MI,MI,105,4.25,1,10.809,2,21.49,1.63,,,S1MI04,20220906,15,2022-09-06,campaign_1,S1,S1_MI,mixed_in_inhibitor,MI,MI,7,3.5,28,196,S1MI04-20220906-15W.png,Data/Images_dataset/S1MI04-20220906-15W.png,True,2835.0,650.0,,S1MI04-20220906-15W,,,1.63,False,False,4.25006105006105,0.0015737349070682,1.0924433591100258,172.19146221679554,33.014011750303375,129.0,205.0,33.014011750303375,188.351896350563,170.9437970424637,140.4124129697463,28.484369848280252,35.29794244476766,37.94737311373383,8.56396689730023e-05,0.0002941086691086,0.0007749118165784,0.001776455026455,0.0053794261294261,0.0132104192104192,0.0095350359517026,0.0001940035273368,12.24921463241387,0.4314995101107768,0.113347976990905,5.07786824958682,3.278802411885897,1462.0,0.6720390720390721,0.0029070185020937,0.6529430438247804,1.0,47.0,4.205858692335432,3.766289992898022,17.344198174706648,8.563754889178616,13.0,20.977777777777774,16.540158634226408,1.8773896417826783
S1MI04-20221102-24W,S1MI04,7,MI,MI,168,24.223,3,35.34,4,18.99,1.63,,,S1MI04,20221102,24,2022-11-02,campaign_1,S1,S1_MI,mixed_in_inhibitor,MI,MI,7,3.5,28,196,S1MI04-20221102-24W.png,Data/Images_dataset/S1MI04-20221102-24W.png,True,2835.0,650.0,,S1MI04-20221102-24W,,,1.63,False,False,24.22260208926875,0.0007597340930674,1.8669380002713336,127.90997910731244,34.75506664257228,74.0,164.0,34.75506664257228,155.90472988739654,122.62779324379323,86.04751865418532,27.8120537683164,39.55064739782247,35.430539986932075,0.0001455535205535,0.0016161986161986,0.0043565493148826,0.0064973714557047,0.0140303554470221,0.0041624779541446,0.0003975376475376,4.3956043956043955e-05,11.064917158128948,0.4090399620290271,0.1007198102162252,5.070244966123547,3.220447221751935,3133.0,4.973653506986841,0.0077314401817008,0.6335762178460793,1.0,47.0,24.071402812838084,11.69118493225363,44.54237288135594,37.639113428943936,47.0,18.48042328042328,14.626347803354806,0.914305024766958
S1MI04-20221110-25W,S1MI04,7,MI,MI,175,16.735,3,23.661,4,21.49,1.63,,,S1MI04,20221110,25,2022-11-10,campaign_1,S1,S1_MI,mixed_in_inhibitor,MI,MI,7,3.5,28,196,S1MI04-20221110-25W.png,Data/Images_dataset/S1MI04-20221110-25W.png,True,2835.0,650.0,,S1MI04-20221110-25W,,,1.63,False,False,16.7345000678334,0.0,0.3682539682539683,160.34586514719848,43.967273212008,94.0,210.0,43.967273212008,192.30440374440377,154.27468240401575,112.17335992402658,36.12391127521152,49.45688201655613,46.17506157310935,0.0001057353140686,0.0006293922127255,0.0025199091032424,0.004010700719034,0.0055733109483109,0.0100454314204314,0.0073201397368064,0.0010453805453805,10.69751397062744,0.4328195736198603,0.0874661139100468,4.613202730883383,2.5209820233186617,572.0,3.6552977886311218,0.0292561189997087,0.6974789842740096,1.0,47.0,16.612721573413964,9.064427438209975,31.34289439374185,27.932985658409383,40.0,8.49100529100529,14.76918631759329,0.7788411014800274
S1MI04-20221206-28W,S1MI04,7,MI,MI,196,32.041,4,44.239,4,18.99,1.63,0.2399,2.38,S1MI04,20221206,28,2022-12-06,campaign_1,S1,S1_MI,mixed_in_inhibitor,MI,MI,7,3.5,28,196,S1MI04-20221206-28W.png,Data/Images_dataset/S1MI04-20221206-28W.png,True,2835.0,650.0,,S1MI04-20221206-28W,0.2399,23.99,1.63,True,True,32.041296974630306,0.0028218694885361,0.5196038529371863,131.56288156288156,42.72671991642855,71.0,184.0,42.72671991642855,167.53656817256817,124.31550400217068,78.8887619047619,35.95449948203227,48.42816165374921,39.39536745679859,0.0002669583502916,0.0016780457197123,0.0054503289919956,0.0060871320037986,0.0080288631121964,0.007947853072853,0.0017449294532627,4.588929588929589e-05,9.986869492988443,0.4551302562891944,0.0869885740355353,4.8887398651864284,2.959613498924475,1929.0,6.8126984126984125,0.0166103146576621,0.6261857649624761,1.0,47.0,31.962051651918223,14.44935493324414,54.23468057366363,46.49439374185137,45.0,7.991534391534391,14.389019546317227,0.698107395422608
S1MI05-20220518-0W,S1MI05,7,MI,MI,0,0.241,1,0.442,1,11.5,3.71,,,S1MI05,20220518,0,2022-05-18,campaign_1,S1,S1_MI,mixed_in_inhibitor,MI,MI,7,3.5,28,196,S1MI05-20220518-0W.png,Data/Images_dataset/S1MI05-20220518-0W.png,True,2835.0,650.0,,S1MI05-20220518-0W,,,3.71,False,False,0.2410527743861077,0.0003798670465337,0.5287749287749287,178.61213132546465,19.454080958409616,155.0,198.0,19.454080958409616,188.72324189390855,178.5317606837607,156.1485638312305,18.8876063699184,19.791986728152914,19.663061144137625,4.477004477004477e-06,4.811083977750645e-05,0.0001136887803554,0.000460232668566,0.0034185999185999,0.0199663885497218,0.0072053825803825,3.311965811965812e-05,3.3399156779243713,0.6186835651962838,0.1996364542966666,5.059195098946931,3.023652074502749,170.0,0.043684710351377,0.0014179574963888,0.6684362687726308,1.0,47.0,0.2356237343615634,0.2519242308019456,1.1251629726205996,0.6119947848761408,0.0,11.487830687830687,13.489241940209974,0.7862202681715067
S1MI05-20220603-2W,S1MI05,7,MI,MI,14,0.529,1,0.843,1,21.49,3.71,,,S1MI05,20220603,2,2022-06-03,campaign_1,S1,S1_MI,mixed_in_inhibitor,MI,MI,7,3.5,28,196,S1MI05-20220603-2W.png,Data/Images_dataset/S1MI05-20220603-2W.png,True,2835.0,650.0,,S1MI05-20220603-2W,,,3.71,False,False,0.5293175959842626,0.0054266720933387,1.1488264821598155,172.47016687016688,27.035941020501355,139.0,205.0,27.035941020501355,184.0689881969882,172.36764943698276,146.50728639261973,26.55169243201784,27.303984686993317,27.37580075146057,6.227106227106228e-05,8.799687966354633e-05,0.0002058574141907,0.0014104768688102,0.006625118708452,0.015003374711708,0.0077722323972323,8.267195767195767e-05,7.508812691328098,0.5003452835359832,0.1310377663298638,5.1076085733816745,3.206415303854711,558.0,0.0403744403744403,0.0009485978422657,0.6902593240276954,1.0,47.0,0.5091958168049044,0.3776961236289636,1.547588005215124,0.965580182529335,0.0,23.475132275132275,13.589537327244935,0.9610520844240964
S1MI05-20220609-3W,S1MI05,7,MI,MI,21,0.415,1,0.529,1,21.49,3.71,,,S1MI05,20220609,3,2022-06-09,campaign_1,S1,S1_MI,mixed_in_inhibitor,MI,MI,7,3.5,28,196,S1MI05-20220609-3W.png,Data/Images_dataset/S1MI05-20220609-3W.png,True,2835.0,650.0,,S1MI05-20220609-3W,,,3.71,False,False,0.4154117487450821,0.0,0.3861077194410527,202.27135151268484,26.11744924284689,171.0,231.0,26.11744924284689,212.94133279066617,201.96136535069869,179.02853181386516,24.925075914268884,26.519275613736983,27.43831861440748,1.8247184913851585e-05,6.437389770723104e-05,0.0001144349477682,0.0002432675349342,0.0012384852801519,0.0069831264414597,0.0162176943426943,0.0063703703703703,8.856165673137637,0.4741605976787352,0.1323421383086867,5.162555054643627,3.3045300223080054,326.0,0.046072446072446,0.0012742691679296,0.6622932077156194,1.0,47.0,0.3745457571638603,0.506238558577248,2.8878748370273795,0.8743155149934807,0.0,23.475132275132275,15.652325035682324,1.2036404468246524
S1MI05-20220616-4W,S1MI05,7,MI,MI,28,0.415,1,0.475,1,11.5,3.71,,,S1MI05,20220616,4,2022-06-16,campaign_1,S1,S1_MI,mixed_in_inhibitor,MI,MI,7,3.5,28,196,S1MI05-20220616-4W.png,Data/Images_dataset/S1MI05-20220616-4W.png,True,2835.0,650.0,,S1MI05-20220616-4W,,,3.71,False,False,0.4151404151404151,0.0,0.3301587301587301,204.59613078279745,25.214437901059487,174.0,232.0,25.214437901059487,216.6358187491521,204.40400271333604,178.21825858092524,23.761049366206297,25.772449195332072,26.757460303122404,9.564509564509564e-06,5.433455433455433e-05,0.0001122473205806,0.0002131155881155,0.0010594898928232,0.0060905915072581,0.0166780965947632,0.00703256003256,7.734895665951159,0.4841458080805379,0.1388576454392177,5.146953715160902,3.281781916002158,259.0,0.1288291954958621,0.0016028587457158,0.6571665035060394,1.0,47.0,0.3625343282754029,0.5927986568946104,3.670143415906128,0.754889178617992,0.0,23.475132275132275,16.464786250302595,1.3217417909132352
S1MI05-20220623-5W,S1MI05,7,MI,MI,35,0.833,1,0.854,1,21.49,3.71,,,S1MI05,20220623,5,2022-06-23,campaign_1,S1,S1_MI,mixed_in_inhibitor,MI,MI,7,3.5,28,196,S1MI05-20220623-5W.png,Data/Images_dataset/S1MI05-20220623-5W.png,True,2835.0,650.0,,S1MI05-20220623-5W,,,3.71,False,False,0.8331569664902998,0.0004341337674671,1.4519061185727853,153.7593357753358,22.18186378252814,129.0,180.0,22.18186378252814,164.37405453805454,154.00900990367657,129.13421136887803,21.583271851940523,22.63336114491365,22.21763592615461,5.141771808438475e-05,0.0001239146655813,0.0002856973273639,0.0023250237416904,0.0157938882105548,0.0120908119658119,0.0005607787274453,1.8467643467643468e-05,4.516829226514309,0.5488275922927515,0.1530268210626706,5.002241124196353,3.0208553683140047,444.0,0.2840320173653507,0.0018764796542574,0.579942616554867,1.0,47.0,0.7236261754833698,1.268084279811024,8.129074315514993,1.3702737940026068,1.0,23.475132275132275,16.682982110247142,1.7022744725957175
S1MI05-20220630-6W,S1MI05,7,MI,MI,42,0.795,1,0.899,1,21.49,3.71,,,S1MI05,20220630,6,2022-06-30,campaign_1,S1,S1_MI,mixed_in_inhibitor,MI,MI,7,3.5,28,196,S1MI05-20220630-6W.png,Data/Images_dataset/S1MI05-20220630-6W.png,True,2835.0,650.0,,S1MI05-20220630-6W,,,3.71,False,False,0.7951702618369284,0.0010853344186677,0.8022249355582689,170.08238013838013,26.626860299929152,139.0,202.0,26.626860299929152,181.31929019129015,170.2560179080179,144.01510188576856,25.940060738192383,27.037763545030437,26.8888878871595,5.301180301180301e-05,0.0001216422466422,0.0001977174060507,0.0011553554470221,0.0083984703568036,0.0143050976800976,0.0068978598561931,0.0001208452041785,7.407655375086778,0.4836168667277346,0.124340203459685,5.104303131516782,3.2030577088796024,552.0,0.2036630036630036,0.0014405258366611,0.6299902792362605,1.0,47.0,0.6862326278121446,0.9224080708998996,6.215123859191656,1.2844850065189046,1.0,23.475132275132275,15.245724280597685,1.7021130378959224
S1MI05-20220708-7W,S1MI05,7,MI,MI,49,0.365,1,0.418,1,21.49,3.71,,,S1MI05,20220708,7,2022-07-08,campaign_1,S1,S1_MI,mixed_in_inhibitor,MI,MI,7,3.5,28,196,S1MI05-20220708-7W.png,Data/Images_dataset/S1MI05-20220708-7W.png,True,2835.0,650.0,,S1MI05-20220708-7W,,,3.71,False,False,0.3646180979514313,0.0,0.3322751322751323,195.00521340388008,24.000806422878576,165.0,221.0,24.000806422878576,206.0880662053995,195.12516619183285,169.52471957671958,22.925564891202743,24.49782745087759,25.034083654965595,9.07271740605074e-06,3.727445394112061e-05,0.0001170295753629,0.0002232905982905,0.0018082180165513,0.0096210317460317,0.0169662528829195,0.0024678300094966,7.14835884341969,0.4642956299970768,0.1336130012576253,5.037631849922556,3.1460690648830076,216.0,0.0831366164699498,0.0016880467497751,0.6826021433483476,1.0,47.0,0.3060279064606507,0.4591202100131425,2.90612777053455,0.7173402868318122,0.0,23.475132275132275,15.66019130775791,1.4292741103226634
S1MI05-20220714-8W,S1MI05,7,MI,MI,56,0.695,1,1.33,1,13.99,3.71,,,S1MI05,20220714,8,2022-07-14,campaign_1,S1,S1_MI,mixed_in_inhibitor,MI,MI,7,3.5,28,196,S1MI05-20220714-8W.png,Data/Images_dataset/S1MI05-20220714-8W.png,True,2835.0,650.0,,S1MI05-20220714-8W,,,3.71,False,False,0.6948853615520282,0.0002713336046669,0.4274046940713608,193.3375807895808,27.804925164192227,158.0,224.0,27.804925164192227,206.25702672636007,193.18395061728395,164.67326224392892,26.276579645100387,28.45435549572775,29.599733051482833,2.23680640347307e-05,8.002645502645503e-05,0.0001618844118844,0.0003879222629222,0.0026685151268484,0.0094415445665445,0.0152356362773029,0.0032521028354361,10.452262972606242,0.4073266945342099,0.1128799665941067,5.122154248185035,3.297720485336483,462.0,0.1270926604259937,0.0015040808691602,0.6266373008543101,1.0,47.0,0.6299481261616133,0.7777928829716061,3.8591916558018258,1.4479791395045634,0.0,23.475132275132275,14.345828700346464,0.9670663169939928
S1MI05-20220721-9W,S1MI05,7,MI,MI,63,0.716,1,2.266,1,13.99,3.71,,,S1MI05,20220721,9,2022-07-21,campaign_1,S1,S1_MI,mixed_in_inhibitor,MI,MI,7,3.5,28,196,S1MI05-20220721-9W.png,Data/Images_dataset/S1MI05-20220721-9W.png,True,2835.0,650.0,,S1MI05-20220721-9W,,,3.71,False,False,0.7161036494369828,0.0003256003256003,0.2492470492470492,186.29543345543345,23.60595634397951,157.0,212.0,23.60595634397951,198.2034377967711,185.70973002306337,161.60830606430608,21.7071552219267,24.464655303766392,26.449389813359645,1.5092931759598426e-05,4.2260208926875595e-05,0.0001457231040564,0.0003655711572378,0.0030350698684032,0.0130351716185049,0.0140995455162121,0.0005115655948989,5.6674635960497595,0.5053312918102982,0.1430297447806993,4.973764136821065,3.036221170485573,306.0,0.2406186406186406,0.002340208004696,0.5980615885151841,1.0,47.0,0.6311964270853561,1.2283497570138937,6.529335071707953,1.29308996088657,1.0,14.484656084656084,13.936698470435966,0.7665457036097063
S1MI05-20220802-10W,S1MI05,7,MI,MI,70,1.155,1,2.887,1,13.99,3.71,,,S1MI05,20220802,10,2022-08-02,campaign_1,S1,S1_MI,mixed_in_inhibitor,MI,MI,7,3.5,28,196,S1MI05-20220802-10W.png,Data/Images_dataset/S1MI05-20220802-10W.png,True,2835.0,650.0,,S1MI05-20220802-10W,,,3.71,False,False,1.1554470221136888,0.0011938678605345,0.5147741147741147,188.92811667345,29.94337244162862,151.0,222.0,29.94337244162862,201.8285578618912,188.2980518247185,162.16152815086147,28.02247951381232,30.92129028990883,32.542887817639226,3.395061728395062e-05,8.779337946004613e-05,0.0002414869081535,0.0006974291140957,0.003439713064713,0.0102983312983312,0.0138406932573599,0.0026106023606023,13.833171050870623,0.3584707077552981,0.0991412217979329,5.153054072529355,3.3866587320374713,760.0,0.2815900149233482,0.0015203250290969,0.6197004952209607,1.0,47.0,1.0736497545008183,1.5470380468280478,7.7027379400260765,3.3176010430247715,2.0,14.484656084656084,12.254876362635144,0.5080174084100243
S1MI05-20220822-13W,S1MI05,7,MI,MI,91,1.067,1,2.979,1,13.99,3.71,,,S1MI05,20220822,13,2022-08-22,campaign_1,S1,S1_MI,mixed_in_inhibitor,MI,MI,7,3.5,28,196,S1MI05-20220822-13W.png,Data/Images_dataset/S1MI05-20220822-13W.png,True,2835.0,650.0,,S1MI05-20220822-13W,,,3.71,False,False,1.0668837335504002,0.0,0.2202686202686202,181.02969257902592,21.389521311752656,155.0,203.0,21.389521311752656,196.07535911002577,179.80768850902183,151.65344620811288,18.81981493762136,22.79720561946147,24.224123219528657,7.970424637091304e-07,1.8942477275810608e-05,0.0001927825261158,0.0005603547686881,0.0034146655813322,0.0161192850359517,0.0108182234432234,0.0001249491249491,3.5289986929032544,0.576806229442633,0.1746367202745164,4.903510517708343,2.86120271317366,213.0,0.3346628679962013,0.0050088438194854,0.5294152175795837,1.0,47.0,0.9945906959971148,1.7171184858368698,8.352020860495436,3.426075619295958,3.0,14.484656084656084,12.214883926216585,0.3789475217036444
S1MI05-20220906-15W,S1MI05,7,MI,MI,105,4.938,1,10.276,2,13.99,3.71,,,S1MI05,20220906,15,2022-09-06,campaign_1,S1,S1_MI,mixed_in_inhibitor,MI,MI,7,3.5,28,196,S1MI05-20220906-15W.png,Data/Images_dataset/S1MI05-20220906-15W.png,True,2835.0,650.0,,S1MI05-20220906-15W,,,3.71,False,False,4.9375661375661375,0.0042870709537376,1.3770180436847104,149.93766653099988,28.18174040946289,117.0,183.0,28.18174040946289,166.17012074345408,148.81722154388822,117.45401709401708,25.204116923413473,30.094935542134017,31.22478204097111,5.5369013702347035e-05,0.0002997218830552,0.000928198344865,0.0039661002577669,0.0142746913580246,0.0101673789173789,0.001489129697463,6.941052774386108e-05,5.6806256463928175,0.4939737462716665,0.1242409298040591,5.01920098297957,3.114546885758524,953.0,1.4379053045719712,0.0051810767445604,0.6058835758499145,1.0,47.0,4.6171599766983835,5.80544290682206,23.28161668839635,14.168187744458926,14.0,14.984126984126984,12.58316841937359,0.4233894669067851
S1MI05-20221102-24W,S1MI05,7,MI,MI,168,27.656,4,44.859,4,4.0,3.71,,,S1MI05,20221102,24,2022-11-02,campaign_1,S1,S1_MI,mixed_in_inhibitor,MI,MI,7,3.5,28,196,S1MI05-20221102-24W.png,Data/Images_dataset/S1MI05-20221102-24W.png,True,2835.0,650.0,,S1MI05-20221102-24W,,,3.71,False,False,27.656166056166057,0.0013024013024013,5.113932980599648,117.22505657305658,34.83840001758151,69.0,160.0,34.83840001758151,143.95172432505765,112.79924297924298,74.2023546330213,30.310052719070537,38.488256754333456,33.96436896327976,0.0003112026862026,0.0022357549857549,0.0045853344186677,0.0122660765160765,0.0086232872066205,0.002529304029304,0.0006968355718355,2.204585537918871e-06,4.443746702678591,0.5312176125116947,0.1167682412565452,5.025708030839254,3.070263810610942,4358.0,8.20936100936101,0.0063460683928788,0.5569564919503768,1.0,47.0,26.822463868623263,12.44027375621076,62.079530638852674,40.91812255541068,46.0,23.475132275132275,11.1785432737049,1.3172246955815954
S1MI05-20221110-25W,S1MI05,7,MI,MI,175,18.451,3,20.826,3,1.51,3.71,,,S1MI05,20221110,25,2022-11-10,campaign_1,S1,S1_MI,mixed_in_inhibitor,MI,MI,7,3.5,28,196,S1MI05-20221110-25W.png,Data/Images_dataset/S1MI05-20221110-25W.png,True,2835.0,650.0,,S1MI05-20221110-25W,,,3.71,False,False,18.451390584723917,0.0075430742097408,0.5038122371455704,139.56798371998372,37.074602520556546,87.0,181.0,37.074602520556546,169.52972785239453,134.1684259937593,93.11526088726087,31.976705000995207,41.49306444493333,36.16863546298106,0.0002680945597612,0.0009638447971781,0.0028099986433319,0.0052908357075023,0.0130510615927282,0.0069168362501695,0.0017642280558947,0.0001851003934337,9.581346410290315,0.4654927173443415,0.1062860120048302,5.1204323033391885,3.2369081310291468,2829.0,2.972296838963506,0.00652223067682,0.6457055523389567,1.0,47.0,17.676440400565898,8.52480197086894,45.97131681877444,26.124641460234677,43.0,23.475132275132275,12.144818801434871,1.1448194898891693
S1MI05-20221206-28W,S1MI05,7,MI,MI,196,34.269,4,48.059,4,18.99,3.71,0.4152,2.35,S1MI05,20221206,28,2022-12-06,campaign_1,S1,S1_MI,mixed_in_inhibitor,MI,MI,7,3.5,28,196,S1MI05-20221206-28W.png,Data/Images_dataset/S1MI05-20221206-28W.png,True,2835.0,650.0,,S1MI05-20221206-28W,0.4152,41.52,3.71,True,True,34.26943426943427,0.0075973409306742,0.2739926739926739,125.366605345272,37.59692655484981,73.0,170.0,37.59692655484981,162.8473086419753,118.04549504816173,69.17092063492063,32.698185992659184,42.95109374795691,32.4625229053622,0.0002026862026862,0.0015381902048568,0.0054998812915479,0.0075971883055216,0.010954365079365,0.0045587776421109,0.0007973816307149,0.0001015296431963,5.927314504836453,0.5321020182905846,0.1084869042926392,4.997334879334066,3.0381994058278594,1865.0,20.501587301587303,0.0183750317798575,0.6185589723564116,1.0,47.0,33.48608837970541,17.010772328290862,71.76401564537159,55.445110821382,45.0,14.484656084656084,13.584359175055612,1.22459017476082
S1MI06-20220518-0W,S1MI06,7,MI,MI,0,0.173,1,0.34,1,1.51,4.34,,,S1MI06,20220518,0,2022-05-18,campaign_1,S1,S1_MI,mixed_in_inhibitor,MI,MI,7,3.5,28,196,S1MI06-20220518-0W.png,Data/Images_dataset/S1MI06-20220518-0W.png,True,2835.0,650.0,,S1MI06-20220518-0W,,,4.34,False,False,0.1729480396147062,0.0,0.3868674535341201,188.38179405779405,17.564379900088735,170.0,207.0,17.564379900088735,198.41070736670736,188.33184751051417,165.9365285578619,17.24412699588458,17.749012706345304,17.8027130721693,5.782797449464116e-06,3.250915750915751e-05,8.976054809388143e-05,0.0001689730023063,0.0010839777506444,0.015594305385972,0.0139879595712929,0.0002867317867317,5.282169975991719,0.5265257458815267,0.1848598368995514,5.087343272733566,3.1522692867560713,166.0,0.0099308099308099,0.0010418556603295,0.6689987064237943,1.0,47.0,0.1711281866348581,0.1263293996645497,0.5632333767926988,0.3116036505867013,0.0,1.4984126984126984,9.253130525298708,1.8662930646873923
S1MI06-20220603-2W,S1MI06,7,MI,MI,14,0.15,1,0.293,1,1.51,4.34,,,S1MI06,20220603,2,2022-06-03,campaign_1,S1,S1_MI,mixed_in_inhibitor,MI,MI,7,3.5,28,196,S1MI06-20220603-2W.png,Data/Images_dataset/S1MI06-20220603-2W.png,True,2835.0,650.0,,S1MI06-20220603-2W,,,4.34,False,False,0.1495590828924162,0.0,0.2812101478768145,211.35705331705333,18.62039070608397,194.0,228.0,18.62039070608397,221.58885687152355,211.94207244607244,186.7866802333469,17.92593856291915,18.85398059197144,19.62573252965023,4.290462623795957e-06,2.881223714557048e-05,6.707027540360874e-05,0.0001581874915208,0.0004400861484194,0.0018791039207705,0.022881630714964,0.005790818749152,5.281196563509903,0.5822318384476923,0.2201952833715819,5.121462009051027,3.1695097326898267,178.0,0.0094424094424094,0.0008402195668113,0.687618163413349,1.0,47.0,0.1506560514854781,0.1049674386083811,0.3963494132985659,0.2925684485006519,0.0,2.996825396825397,10.006060466437823,1.501354515881373
S1MI06-20220609-3W,S1MI06,7,MI,MI,21,0.239,1,0.371,1,4.0,4.34,,,S1MI06,20220609,3,2022-06-09,campaign_1,S1,S1_MI,mixed_in_inhibitor,MI,MI,7,3.5,28,196,S1MI06-20220609-3W.png,Data/Images_dataset/S1MI06-20220609-3W.png,True,2835.0,650.0,,S1MI06-20220609-3W,,,4.34,False,False,0.2389363722697056,0.0,0.4133496133496134,216.7198648758649,21.83624100447364,196.0,235.0,21.83624100447364,225.95072798806132,216.338081671415,197.57963858363857,21.16154026094005,22.006987347838212,22.84523580366675,4.697463030796364e-06,4.802604802604803e-05,0.0001017331433998,0.0001869149369149,0.0004520587437254,0.0017574955908289,0.015793549043549,0.012905525030525,9.29934966487481,0.4971668808880489,0.1892912525125147,5.217224640251975,3.399420038184489,276.0,0.0116673450006783,0.0008657114937308,0.6705739051775884,1.0,47.0,0.2411162584260312,0.1447131653555904,0.546284224250326,0.4537157757496741,0.0,2.996825396825397,10.460269633378878,1.0296935901770985
S1MI06-20220616-4W,S1MI06,7,MI,MI,28,0.242,1,0.375,1,4.0,4.34,,,S1MI06,20220616,4,2022-06-16,campaign_1,S1,S1_MI,mixed_in_inhibitor,MI,MI,7,3.5,28,196,S1MI06-20220616-4W.png,Data/Images_dataset/S1MI06-20220616-4W.png,True,2835.0,650.0,,S1MI06-20220616-4W,,,4.34,False,False,0.2415411748745082,0.0,0.3820919820919821,213.86154226020892,20.6910201734902,195.0,231.0,20.6910201734902,224.22328856328855,213.9402919549586,190.17975742775744,20.107168787315608,20.888005794116435,21.346630518486517,4.137837471170805e-06,5.048500881834215e-05,9.729005562338896e-05,0.0001816239316239,0.0004221442138108,0.001882851716185,0.0192499152082485,0.0093615520282186,8.29909833693737,0.5153282647538185,0.1968672388891763,5.205240250244447,3.355017880212512,244.0,0.0122100122100122,0.0009899228478463,0.656825830280771,1.0,47.0,0.2438347804377376,0.1519463365689932,0.5554106910039113,0.4670143415906128,0.0,2.996825396825397,10.348562536924703,0.8642007202441425
S1MI06-20220623-5W,S1MI06,7,MI,MI,35,0.121,1,0.391,1,1.51,4.34,,,S1MI06,20220623,5,2022-06-23,campaign_1,S1,S1_MI,mixed_in_inhibitor,MI,MI,7,3.5,28,196,S1MI06-20220623-5W.png,Data/Images_dataset/S1MI06-20220623-5W.png,True,2835.0,650.0,,S1MI06-20220623-5W,,,4.34,False,False,0.1208519875186541,0.0,0.3339574006240673,192.71596364129695,16.511934980399527,177.0,209.0,16.511934980399527,203.0421809795143,192.88293908560576,168.763826346493,15.862412434437834,16.8480938170353,16.95746510834653,1.0344593677927012e-06,2.2028897028897027e-05,6.785035951702618e-05,0.0002019061185727,0.0008469339302672,0.0109359822276488,0.0190253188169854,0.0001489451906118,3.1372410587051567,0.6318547642063261,0.2332283199518927,5.0446840361002705,2.9831141238324506,105.0,0.0231718898385565,0.0011509713097014,0.5795454550831481,1.0,47.0,0.1220838303420344,0.1647853746180426,0.7392438070404173,0.3254237288135592,0.0,1.9978835978835976,7.728575942675627,1.950362000917661
S1MI06-20220630-6W,S1MI06,7,MI,MI,42,0.263,1,0.403,1,1.51,4.34,,,S1MI06,20220630,6,2022-06-30,campaign_1,S1,S1_MI,mixed_in_inhibitor,MI,MI,7,3.5,28,196,S1MI06-20220630-6W.png,Data/Images_dataset/S1MI06-20220630-6W.png,True,2835.0,650.0,,S1MI06-20220630-6W,,,4.34,False,False,0.2631393298059964,0.0,0.3890923890923891,209.8648834622168,21.617292427779645,188.0,228.0,21.617292427779645,219.76145434812105,210.29860914394249,186.6531211504545,20.881454085703226,21.861083977378172,22.71018941836681,1.14977614977615e-05,5.194342694342694e-05,9.566205399538732e-05,0.000214133089133,0.0006155711572378,0.0026612569529236,0.0213379968796635,0.0062619386786053,8.326404233021801,0.4997962554884912,0.187263379444353,5.160123564685421,3.2948662045555164,239.0,0.0162800162800162,0.0011010013799414,0.6278460153727287,1.0,47.0,0.2660545368803573,0.1747619972285899,0.7744458930899609,0.4485006518904824,0.0,1.4984126984126984,9.613909157072698,0.99727837900967
S1MI06-20220708-7W,S1MI06,7,MI,MI,49,0.31,1,0.476,1,6.5,4.34,,,S1MI06,20220708,7,2022-07-08,campaign_1,S1,S1_MI,mixed_in_inhibitor,MI,MI,7,3.5,28,196,S1MI06-20220708-7W.png,Data/Images_dataset/S1MI06-20220708-7W.png,True,2835.0,650.0,,S1MI06-20220708-7W,,,4.34,False,False,0.309700176366843,0.0,0.4858499525166191,204.422371998372,23.239216837835176,180.0,228.0,23.239216837835176,214.26024257224256,204.56122751322752,182.03403174603176,22.662749494553097,23.459248413345264,23.88827035915774,1.093813593813594e-05,6.186406186406186e-05,0.0001199972866639,0.0002448616198616,0.0006888481888481,0.0051133496133496,0.020068664360331,0.0049414767331433,11.685687320110947,0.3995103180838573,0.1367743079156448,5.162684849481253,3.383759562366103,370.0,0.0131868131868131,0.0008370275036941,0.6583529320235957,1.0,47.0,0.3124913312435851,0.1845413075001169,0.6323337679269883,0.6065189048239896,0.0,1.9978835978835976,9.81901999122956,0.998459312521165
S1MI06-20220714-8W,S1MI06,7,MI,MI,56,0.309,1,0.588,1,1.51,4.34,,,S1MI06,20220714,8,2022-07-14,campaign_1,S1,S1_MI,mixed_in_inhibitor,MI,MI,7,3.5,28,196,S1MI06-20220714-8W.png,Data/Images_dataset/S1MI06-20220714-8W.png,True,2835.0,650.0,,S1MI06-20220714-8W,,,4.34,False,False,0.3094288427621761,0.0002170668837335,0.4363587030253696,192.4485757699091,20.687131286412612,170.0,213.0,20.687131286412612,204.78173653506988,192.26034622167955,165.29289757156425,19.902218033286264,21.06741742889671,21.22374849996723,1.3905847239180571e-05,5.823497490164157e-05,0.0001094831094831,0.0002491520824854,0.0011260005426672,0.0112226292226292,0.0178825464658798,0.0005880477547144,6.903739571185469,0.4907715652333033,0.1615054252518228,5.03870482058027,3.1576634289409347,323.0,0.0241486908153574,0.0009579840333194,0.6430079953103544,1.0,47.0,0.3124635912230575,0.2370301467633042,1.119947848761408,0.5554106910039113,0.0,1.4984126984126984,9.397153509675432,1.4772845021564605
S1MI06-20220721-9W,S1MI06,7,MI,MI,63,0.328,1,0.765,1,1.51,4.34,,,S1MI06,20220721,9,2022-07-21,campaign_1,S1,S1_MI,mixed_in_inhibitor,MI,MI,7,3.5,28,196,S1MI06-20220721-9W.png,Data/Images_dataset/S1MI06-20220721-9W.png,True,2835.0,650.0,,S1MI06-20220721-9W,,,4.34,False,False,0.328042328042328,0.0004884004884004,0.474345407678741,190.6615938135938,20.5040799098004,169.0,211.0,20.5040799098004,201.5143492063492,190.40303893637227,166.9021467914801,19.846683742059746,20.85678408575135,20.847157366552267,1.7975851309184642e-05,5.869285035951703e-05,0.0001114333197666,0.000270875729209,0.0012687728937728,0.0119866707366707,0.0171963437796771,0.0003392348392348,7.130101550871457,0.49589319569754,0.1660602172346083,5.0727889449410295,3.2036532879448587,339.0,0.0273504273504273,0.0009676764839006,0.6199737028546606,1.0,47.0,0.3308829648533939,0.2707318082432488,1.1747066492829206,0.6657105606258149,0.0,1.9978835978835976,8.867610732556969,2.059349167200283
S1MI06-20220802-10W,S1MI06,7,MI,MI,70,0.279,1,0.553,1,1.51,4.34,,,S1MI06,20220802,10,2022-08-02,campaign_1,S1,S1_MI,mixed_in_inhibitor,MI,MI,7,3.5,28,196,S1MI06-20220802-10W.png,Data/Images_dataset/S1MI06-20220802-10W.png,True,2835.0,650.0,,S1MI06-20220802-10W,,,4.34,False,False,0.2789852123185456,0.0,0.3702075702075702,195.0381033781034,23.37393873188059,168.0,222.0,23.37393873188059,206.40868376068377,194.55973463573463,171.04148528015196,22.82041422994073,23.640865448259596,23.775265025045368,9.411884411884412e-06,5.048500881834215e-05,9.294871794871796e-05,0.0002378917378917,0.001410120743454,0.0104259598426265,0.0164097815764482,0.0026134004884004,9.405954821308612,0.4167549577620949,0.1249719005439462,5.1027109815085625,3.271069469991554,290.0,0.0315289648622982,0.0009620179735122,0.6381408490065598,1.0,47.0,0.2811173680268524,0.2197994526007556,0.9061277705345502,0.5947848761408082,0.0,1.9978835978835976,10.083641314919278,2.1917571552206807
S1MI06-20220822-13W,S1MI06,7,MI,MI,91,0.133,1,0.318,1,21.49,4.34,,,S1MI06,20220822,13,2022-08-22,campaign_1,S1,S1_MI,mixed_in_inhibitor,MI,MI,7,3.5,28,196,S1MI06-20220822-13W.png,Data/Images_dataset/S1MI06-20220822-13W.png,True,2835.0,650.0,,S1MI06-20220822-13W,,,4.34,False,False,0.1333876000542667,0.0,0.279039479039479,193.8490462623796,17.218386483699682,175.0,212.0,17.218386483699682,205.8346048026048,193.55429439696107,167.69149152082483,16.953777193571405,17.601456743577202,16.681438723359136,3.391670058336725e-07,1.678876678876679e-05,7.097069597069597e-05,0.0001698039614706,0.0008484093067426,0.0099531949531949,0.0199003188169854,0.0002901743318409,3.836367900013381,0.6064362030455567,0.213425188940018,5.019642285427501,2.9919222489380464,125.0,0.0336453669787003,0.0010671008004341,0.5476336197908529,1.0,47.0,0.1361480207495353,0.1676236642198695,0.8083441981747066,0.3173402868318122,0.0,21.47724867724868,10.44363680197692,3.2675965834040177
S1MI06-20220906-15W,S1MI06,7,MI,MI,105,0.88,1,3.084,1,1.51,4.34,,,S1MI06,20220906,15,2022-09-06,campaign_1,S1,S1_MI,mixed_in_inhibitor,MI,MI,7,3.5,28,196,S1MI06-20220906-15W.png,Data/Images_dataset/S1MI06-20220906-15W.png,True,2835.0,650.0,,S1MI06-20220906-15W,,,4.34,False,False,0.8797178130511464,0.0103106769773436,0.9573192239858906,171.1263432370099,25.52629561218899,141.0,198.0,25.52629561218899,183.0253599240266,171.05894505494504,144.40794356261023,25.251623629634704,25.902330774714304,25.15991127636605,8.219712386379053e-05,0.0001219135802469,0.0002600223850223,0.0009649131732465,0.0064907237823904,0.0175900827567494,0.0055910154660154,0.000149131732465,10.951573155539885,0.4191874932164314,0.1244182685011092,5.17019564408525,3.373575561603911,698.0,0.2588522588522589,0.001260340706377,0.6765969487509931,1.0,47.0,0.8022691336791592,1.0381115129604666,6.528031290743155,1.228683181225554,1.0,0.4994708994708994,8.130794721332013,2.558916772311661
S1MI06-20221102-24W,S1MI06,7,MI,MI,168,5.066,2,14.276,3,1.51,4.34,,,S1MI06,20221102,24,2022-11-02,campaign_1,S1,S1_MI,mixed_in_inhibitor,MI,MI,7,3.5,28,196,S1MI06-20221102-24W.png,Data/Images_dataset/S1MI06-20221102-24W.png,True,2835.0,650.0,,S1MI06-20221102-24W,,,4.34,False,False,5.0662325328992,0.0132953466286799,3.3173789173789174,136.56458445258446,24.869374033412132,111.0,158.0,24.869374033412132,151.6257321937322,135.45497761497762,106.94020729887396,22.441389366790354,26.43491218824309,25.664553590671417,0.0001461979378646,0.0006858296024962,0.0011662596662596,0.0047685354768688,0.0217459808709808,0.0025040869624202,0.0002024318274318,3.0677655677655675e-05,9.891406202209389,0.432589207030751,0.1590642518222637,5.233803767511487,3.4040061398671138,2404.0,0.8562745896079229,0.002107417858943,0.6064530972276032,1.0,47.0,4.62323504119393,6.113346143286606,26.628422425032593,12.58331160365058,12.0,0.4994708994708994,11.03664344491269,1.9478621543499348
S1MI06-20221110-25W,S1MI06,7,MI,MI,175,4.888,1,14.972,3,1.51,4.34,,,S1MI06,20221110,25,2022-11-10,campaign_1,S1,S1_MI,mixed_in_inhibitor,MI,MI,7,3.5,28,196,S1MI06-20221110-25W.png,Data/Images_dataset/S1MI06-20221110-25W.png,True,2835.0,650.0,,S1MI06-20221110-25W,,,4.34,False,False,4.887912087912087,0.0129697463030796,1.0573870573870574,163.871733007733,30.855330250334685,129.0,194.0,30.855330250334685,177.84786270519604,162.82908479175146,136.5909635056302,27.465687093632113,32.86313235564949,32.88303592711045,0.0001512176095509,0.0003203941120607,0.000900641025641,0.0015810948310948,0.0071845916429249,0.0174981006647673,0.003221459096459,0.000392501017501,11.447467539334417,0.4415946864861284,0.130963722703356,5.179835074026323,3.3058118641679073,1373.0,0.8373355040021707,0.003560023370657,0.6241884860973793,1.0,47.0,4.510887958057089,6.492104453304077,30.341590612777058,13.438591916558018,9.0,0.4994708994708994,9.124491776361392,1.1783874266299308
S1MI06-20221206-28W,S1MI06,7,MI,MI,196,6.321,2,12.355,3,1.51,4.34,0.2005,2.33,S1MI06,20221206,28,2022-12-06,campaign_1,S1,S1_MI,mixed_in_inhibitor,MI,MI,7,3.5,28,196,S1MI06-20221206-28W.png,Data/Images_dataset/S1MI06-20221206-28W.png,True,2835.0,650.0,,S1MI06-20221206-28W,0.2005,20.05,4.34,True,True,6.321476054809389,0.0051010717677384,0.830660697327364,160.98859530592864,31.360081485796464,124.0,193.0,31.360081485796464,179.160837335504,159.63805616605617,124.69235598968932,27.25137496127759,33.88007468871442,32.98053105537154,0.0001072785239451,0.0003883123049789,0.0011926807760141,0.0016606464523131,0.0086328008411341,0.01585639668973,0.0032453025369692,0.0001665818749152,8.547555057964617,0.4654913876587945,0.1275650040021093,5.051684304342936,3.1562250069007605,841.0,1.1752001085334418,0.0075166183767055,0.6099747947457937,1.0,47.0,5.97974978501484,6.640267828724844,26.813559322033896,14.293089960886569,19.0,0.4994708994708994,11.236361731999947,0.7094676741501965
S1MI07-20220518-0W,S1MI07,7,MI,MI,0,0.238,1,0.388,1,4.0,5.34,,,S1MI07,20220518,0,2022-05-18,campaign_1,S1,S1_MI,mixed_in_inhibitor,MI,MI,7,3.5,28,196,S1MI07-20220518-0W.png,Data/Images_dataset/S1MI07-20220518-0W.png,True,2835.0,650.0,,S1MI07-20220518-0W,,,5.34,False,False,0.2380681047347713,0.0002170668837335,1.2949667616334284,176.6936231176231,28.002682653096784,137.0,208.0,28.002682653096784,187.4919652692986,176.33480558947227,154.1426292226292,26.54450973177248,28.58212406292615,29.03830159595234,4.9348799348799345e-06,3.7308370641703977e-05,0.0002328890245556,0.0014314034730701,0.0061178774928774,0.0121603242436575,0.0110193664360331,0.0002458960792294,8.452539486114206,0.4376884505222664,0.1140648632782303,4.949925151643635,3.036695308934648,251.0,0.0135666802333469,0.0009484785049194,0.6763705872288951,1.0,47.0,0.2359288745873672,0.1792531536273194,0.6857887874837028,0.5215123859191654,0.0,3.4962962962962965,9.889496021796,1.4027958365040505
S1MI07-20220603-2W,S1MI07,7,MI,MI,14,0.976,1,1.489,1,4.0,5.34,,,S1MI07,20220603,2,2022-06-03,campaign_1,S1,S1_MI,mixed_in_inhibitor,MI,MI,7,3.5,28,196,S1MI07-20220603-2W.png,Data/Images_dataset/S1MI07-20220603-2W.png,True,2835.0,650.0,,S1MI07-20220603-2W,,,5.34,False,False,0.9756613756613756,0.0020078686745353,4.2699226699226696,168.84592863926198,33.140194566498366,120.0,204.0,33.140194566498366,179.6097441324108,169.13092280558948,144.0192679419346,32.00377222911202,33.66683500988122,34.01793287897638,3.951295617962285e-05,0.0001780118030118,0.0007793379460046,0.0029485992402659,0.0061656661239994,0.0123403201736535,0.0086484533984534,0.0001500983584316,12.492661143220666,0.4166980535906426,0.1069399687839153,5.078941220244533,3.238013316302591,1244.0,0.0213268213268213,0.0007842937103387,0.629788155870934,1.0,47.0,0.9658797747510334,0.5183890297523792,2.126466753585398,1.6091264667535852,0.0,3.4962962962962965,9.675954104009056,1.017051939726107
S1MI07-20220609-3W,S1MI07,7,MI,MI,21,0.234,1,0.422,1,9.0,5.34,,,S1MI07,20220609,3,2022-06-09,campaign_1,S1,S1_MI,mixed_in_inhibitor,MI,MI,7,3.5,28,196,S1MI07-20220609-3W.png,Data/Images_dataset/S1MI07-20220609-3W.png,True,2835.0,650.0,,S1MI07-20220609-3W,,,5.34,False,False,0.2338353005019671,5.42667209333876e-05,0.9200379867046532,211.7878480531814,34.976316158211425,161.0,248.0,34.976316158211425,221.14711328177995,211.550198344865,192.3255466015466,33.040105931779834,35.48808670421184,37.80809755977913,5.596255596255596e-06,4.346425179758513e-05,0.0001830993080993,0.0006280016280016,0.0021464692714692,0.0042957197123863,0.0092383496133496,0.0147092999592999,16.309864247811092,0.38763691610851,0.1090980333767629,5.123902151998408,3.386464628470027,475.0,0.0079229412562745,0.000492284843162,0.6256432200497825,1.0,47.0,0.2344309134788759,0.1228067721098628,0.500651890482399,0.3921773142112125,0.0,7.991534391534391,10.360865470450062,0.8418173202564986
S1MI07-20220616-4W,S1MI07,7,MI,MI,28,0.139,1,0.235,1,1.51,5.34,,,S1MI07,20220616,4,2022-06-16,campaign_1,S1,S1_MI,mixed_in_inhibitor,MI,MI,7,3.5,28,196,S1MI07-20220616-4W.png,Data/Images_dataset/S1MI07-20220616-4W.png,True,2835.0,650.0,,S1MI07-20220616-4W,,,5.34,False,False,0.1393569393569393,0.0,0.5127119793786461,213.4944121557455,30.60951871091731,169.0,244.0,30.60951871091731,224.05690354090353,212.9545532492199,191.90776393976395,28.724235917078797,31.11818233760097,33.0550241988162,2.6624609957943293e-06,2.362298195631529e-05,0.00010000339167,0.000392908017908,0.0016314272147605,0.0039992707909374,0.0105936779270112,0.0145064272147605,11.954404249321234,0.4380651167169416,0.1240439093511203,5.1022523730822815,3.290991287288522,281.0,0.0078686745353412,0.00049593216853,0.6242811052587711,1.0,47.0,0.1396710033565424,0.0847069677444508,0.3415906127770534,0.2414602346805736,0.0,1.4984126984126984,9.93926387446637,1.2540480750441274
S1MI07-20220623-5W,S1MI07,7,MI,MI,35,0.349,1,0.61,1,1.51,5.34,,,S1MI07,20220623,5,2022-06-23,campaign_1,S1,S1_MI,mixed_in_inhibitor,MI,MI,7,3.5,28,196,S1MI07-20220623-5W.png,Data/Images_dataset/S1MI07-20220623-5W.png,True,2835.0,650.0,,S1MI07-20220623-5W,,,5.34,False,False,0.3488807488807489,0.0,1.0740469407136073,198.7750449057116,33.1113261542544,151.0,233.0,33.1113261542544,209.0668566001899,198.83080450413783,176.0807450820784,31.488341796890744,33.6189754965107,35.37981352933871,1.085334418667752e-05,6.198277031610365e-05,0.000227733686067,0.0008403880070546,0.0030236568986568,0.0061410595577262,0.0132950922534255,0.0076492334825668,13.729141560874982,0.4220634717378562,0.1132515347847568,5.068670122093677,3.224007107197646,537.0,0.0134038800705467,0.0006496848210069,0.6045913290478113,1.0,47.0,0.3434769341729313,0.2030960023335962,0.8552803129074315,0.6526727509778356,0.0,1.4984126984126984,10.368586127180002,1.3484468350925445
S1MI07-20220630-6W,S1MI07,7,MI,MI,42,0.403,1,0.775,1,9.0,5.34,,,S1MI07,20220630,6,2022-06-30,campaign_1,S1,S1_MI,mixed_in_inhibitor,MI,MI,7,3.5,28,196,S1MI07-20220630-6W.png,Data/Images_dataset/S1MI07-20220630-6W.png,True,2835.0,650.0,,S1MI07-20220630-6W,,,5.34,False,False,0.4027133360466693,0.0003256003256003,1.2821055487722155,203.60492036358704,36.479874838138464,150.0,242.0,36.479874838138464,213.7666802333469,203.53158323158323,181.44906145706145,34.63997681261138,36.950826838463094,39.21263084275936,1.3464930131596798e-05,7.29209062542396e-05,0.0002677214760548,0.0009309625559625,0.0028504951838285,0.0051640042056708,0.010866164699498,0.0110842660425993,17.78149573421242,0.3571853700139409,0.094246754726967,5.1325118762276425,3.4214783477091744,726.0,0.0162257495590828,0.0005547015648025,0.6511293742746398,1.0,47.0,0.4037559987794392,0.2262468013422367,1.0247718383311604,0.648761408083442,0.0,10.488888888888887,10.157782183978114,0.6564557066216963
S1MI07-20220708-7W,S1MI07,7,MI,MI,49,0.228,1,0.439,1,1.51,5.34,,,S1MI07,20220708,7,2022-07-08,campaign_1,S1,S1_MI,mixed_in_inhibitor,MI,MI,7,3.5,28,196,S1MI07-20220708-7W.png,Data/Images_dataset/S1MI07-20220708-7W.png,True,2835.0,650.0,,S1MI07-20220708-7W,,,5.34,False,False,0.2282458282458282,5.42667209333876e-05,0.9941120607787276,202.30534635734637,32.30580452338193,157.0,238.0,32.30580452338193,212.19030470763803,202.49131081264417,179.96386704653372,30.891813471618544,32.69357102575905,34.50879787801139,7.071632071632071e-06,4.202279202279202e-05,0.0001974121557454,0.0006852869352869,0.0024611823361823,0.0056716354633021,0.0137964150047483,0.0083889736806403,14.826421894832713,0.3769399285405386,0.0995470148375995,5.121444703072677,3.366528878892239,455.0,0.0077601410934744,0.0005016391829578,0.6165336710259318,1.0,47.0,0.2249993064994868,0.1424794588319258,0.6245110821382007,0.4310299869621903,0.0,1.4984126984126984,9.640514558441328,1.6430824370981911
S1MI07-20220714-8W,S1MI07,7,MI,MI,56,0.557,1,0.808,1,9.0,5.34,,,S1MI07,20220714,8,2022-07-14,campaign_1,S1,S1_MI,mixed_in_inhibitor,MI,MI,7,3.5,28,196,S1MI07-20220714-8W.png,Data/Images_dataset/S1MI07-20220714-8W.png,True,2835.0,650.0,,S1MI07-20220714-8W,,,5.34,False,False,0.5568850902184236,0.0004341337674671,1.7542802876136208,187.07331271197936,34.092126097121486,139.0,225.0,34.092126097121486,199.18851553384889,186.66295156695156,161.3332047212047,32.58681052828873,34.59036202170376,35.73201981385928,2.3368606701940034e-05,9.318613485280152e-05,0.0003726597476597,0.0014105786189119,0.0040117860534527,0.0092171347171347,0.0123995217745217,0.0037217643467643,15.891840272817166,0.357289024745647,0.0906955746198641,5.123374319658726,3.368425746843129,1219.0,0.015411748745082,0.0004568376457903,0.574897289438236,1.0,47.0,0.5529695691974813,0.2289513078393283,1.0677966101694916,0.877444589308996,0.0,23.475132275132275,10.78891724644989,0.9457250364594804
S1MI07-20220721-9W,S1MI07,7,MI,MI,63,0.693,1,1.214,1,9.0,5.34,,,S1MI07,20220721,9,2022-07-21,campaign_1,S1,S1_MI,mixed_in_inhibitor,MI,MI,7,3.5,28,196,S1MI07-20220721-9W.png,Data/Images_dataset/S1MI07-20220721-9W.png,True,2835.0,650.0,,S1MI07-20220721-9W,,,5.34,False,False,0.6926604259937593,0.0018993352326685,2.404178537511871,178.9123657576991,32.85491873445448,133.0,215.0,32.85491873445448,190.5022678062678,178.66195034595034,153.87816524216524,31.67492723500311,33.30517759200806,34.08133621343856,3.657916157916158e-05,0.0001238637905304,0.0004769366436033,0.0018010446343779,0.0049231617148283,0.0111050908967575,0.0117308709808709,0.0010524521774521,15.993828921538135,0.3519197582555097,0.0940919148815255,5.143077176010453,3.404738915863367,1360.0,0.0179080179080179,0.0005093091367601,0.6155595621558565,1.0,47.0,0.6896723903575689,0.3449303513369515,1.4680573663624512,1.1752281616688394,0.0,9.48994708994709,10.834624497802189,0.6384825443466324
S1MI07-20220802-10W,S1MI07,7,MI,MI,70,0.79,1,1.264,1,9.0,5.34,,,S1MI07,20220802,10,2022-08-02,campaign_1,S1,S1_MI,mixed_in_inhibitor,MI,MI,7,3.5,28,196,S1MI07-20220802-10W.png,Data/Images_dataset/S1MI07-20220802-10W.png,True,2835.0,650.0,,S1MI07-20220802-10W,,,5.34,False,False,0.78990638990639,0.0036358703025369,2.9429928096594766,172.00656627323295,32.35138592452576,129.0,208.0,32.35138592452576,183.85820105820105,171.6061044634378,146.8123494776828,31.718552150144383,32.70379939593041,32.39833196524065,4.387125220458554e-05,0.0001393128476461,0.0005674264007597,0.0022046364129697,0.0063174264007597,0.0127037037037037,0.0086167752001085,0.0006568477818477,16.658460908312435,0.3349512448998307,0.0895657533976777,5.164631772045653,3.429229870166913,1658.0,0.0172025505358838,0.0004764212243102,0.64846438682436,1.0,47.0,0.78690116230686,0.369202476510334,1.528031290743155,1.2537157757496742,0.0,9.48994708994709,10.843247534426428,0.74285854419477
S1MI07-20220822-13W,S1MI07,7,MI,MI,91,0.152,1,0.304,1,1.51,5.34,,,S1MI07,20220822,13,2022-08-22,campaign_1,S1,S1_MI,mixed_in_inhibitor,MI,MI,7,3.5,28,196,S1MI07-20220822-13W.png,Data/Images_dataset/S1MI07-20220822-13W.png,True,2835.0,650.0,,S1MI07-20220822-13W,,,5.34,False,False,0.1520010853344186,0.0,0.6377425044091711,195.84235083435084,27.879651352202792,155.0,224.0,27.879651352202792,207.84763695563697,195.34743996743995,170.5007146927147,26.722069964562063,28.3021528572462,28.81628122301601,1.5432098765432098e-06,2.7014652014652016e-05,0.0001193019943019,0.0006069393569393,0.0030909815493148,0.0063636718220051,0.0178696581196581,0.0031708892958892,10.302647047647264,0.441522564038641,0.1321381921492079,5.118649787569116,3.308927307013499,305.0,0.0075430742097408,0.0004983642142112,0.6282129660755019,1.0,47.0,0.1532913534356015,0.1170782346601954,0.4354628422425032,0.3285528031290743,0.0,0.9989417989417988,7.958173668134395,1.1718947308682162
S1MI07-20220906-15W,S1MI07,7,MI,MI,105,1.262,1,2.954,1,11.5,5.34,,,S1MI07,20220906,15,2022-09-06,campaign_1,S1,S1_MI,mixed_in_inhibitor,MI,MI,7,3.5,28,196,S1MI07-20220906-15W.png,Data/Images_dataset/S1MI07-20220906-15W.png,True,2835.0,650.0,,S1MI07-20220906-15W,,,5.34,False,False,1.2619183285849953,0.0130782797449464,6.463980463980463,164.59107203907203,39.118995941228306,111.0,212.0,39.118995941228306,176.3889420702754,164.3255764482431,139.01831230497896,38.415127594416155,39.50850690338897,39.40581644701103,0.0001031746031746,0.0002222222222222,0.0011513024013024,0.0042268857685524,0.0072328720662053,0.0091225579975579,0.0084042870709537,0.0007866978700312,18.96113894697607,0.3338700278844827,0.0760131739072619,5.155052913028806,3.4058511135556704,2649.0,0.0257224257224257,0.0004763753599792,0.6478420752334997,1.0,47.0,1.2722405614580157,0.8617350539888115,3.36245110821382,2.4498044328552804,0.0,10.988359788359787,10.92810813000028,0.433303042684388
S1MI07-20221102-24W,S1MI07,7,MI,MI,168,1.882,1,2.887,1,1.51,5.34,,,S1MI07,20221102,24,2022-11-02,campaign_1,S1,S1_MI,mixed_in_inhibitor,MI,MI,7,3.5,28,196,S1MI07-20221102-24W.png,Data/Images_dataset/S1MI07-20221102-24W.png,True,2835.0,650.0,,S1MI07-20221102-24W,,,5.34,False,False,1.8815900149233484,0.029412562745896,5.124894858228191,142.29713417446752,28.962640449974987,111.0,177.0,28.962640449974987,154.05859937593272,142.20063166463166,116.22971374304709,29.019089448340612,29.196988912093232,28.294441722414717,0.0001692952109618,0.000258377425044,0.0009872642789309,0.0066304775471442,0.0155377492877492,0.0064051519468186,0.0010674942341609,0.00019419006919,12.833837879353345,0.3730403003652848,0.106093731787902,5.190270578971505,3.385202516915839,2030.0,0.1538461538461538,0.0009268916329671,0.6458395789468034,1.0,47.0,1.8094260589752835,0.8918518499401488,4.97522816166884,2.5105606258148625,0.0,0.4994708994708994,10.724624820526532,1.0086941537900216
S1MI07-20221110-25W,S1MI07,7,MI,MI,175,1.393,1,2.688,1,16.49,5.34,,,S1MI07,20221110,25,2022-11-10,campaign_1,S1,S1_MI,mixed_in_inhibitor,MI,MI,7,3.5,28,196,S1MI07-20221110-25W.png,Data/Images_dataset/S1MI07-20221110-25W.png,True,2835.0,650.0,,S1MI07-20221110-25W,,,5.34,False,False,1.393243793243793,0.0017908017908017,1.5595170261836928,178.05807244607246,36.99499998477817,133.0,225.0,36.99499998477817,189.5164992538326,177.486592321259,154.5858244471578,36.052854594847545,37.655934562922106,37.585070239043155,7.137769637769638e-05,0.0001502001085334,0.0003956722290055,0.0017625830959164,0.0073415920499253,0.009436338353005,0.0086527269027269,0.0034395095645095,20.98087571996122,0.3122238900819243,0.0744292311713459,5.161750326650341,3.3905562476919515,1215.0,0.2287884954551621,0.0011467027104887,0.61415858964432,1.0,47.0,1.3441981747066494,1.3037578571560395,5.78096479791395,2.4933507170795286,3.0,19.978835978835978,12.861226786162518,0.8535969376889364
S1MI07-20221206-28W,S1MI07,7,MI,MI,196,2.019,1,3.683,1,16.49,5.34,0.2505,2.1,S1MI07,20221206,28,2022-12-06,campaign_1,S1,S1_MI,mixed_in_inhibitor,MI,MI,7,3.5,28,196,S1MI07-20221206-28W.png,Data/Images_dataset/S1MI07-20221206-28W.png,True,2835.0,650.0,,S1MI07-20221206-28W,0.2505,25.05,5.34,True,True,2.019047619047619,0.0192104192104192,2.2744810744810744,172.94897463030796,38.15626388071459,125.0,219.0,38.15626388071459,187.74925301858636,172.5556043956044,140.60101370234705,36.88894288392697,38.9828969034011,38.94825441594694,0.0001309862976529,0.0001954619454619,0.000624830416497,0.0025432777099443,0.0072693325193325,0.0095000169583502,0.0087495421245421,0.0022365520282186,22.09866773732341,0.3202958015076395,0.0743881805171816,5.133818477593085,3.365283304257274,1878.0,0.3156695156695157,0.0010751052284598,0.6290618913137086,1.0,47.0,1.8972509639657131,1.741691309137082,8.65580182529335,3.696219035202086,3.0,0.4994708994708994,11.328366620050756,0.8565930810722006
S2SA01-20220518-0W,S2SA01,7,NO,D,0,0.098,1,0.147,1,18.99,4.42,,,S2SA01,20220518,0,2022-05-18,campaign_1,S2,S2_SA,no_treatment_control,False,D,7,3.5,28,196,S2SA01-20220518-0W.png,Data/Images_dataset/S2SA01-20220518-0W.png,True,2835.0,650.0,,S2SA01-20220518-0W,,,4.42,False,False,0.0981684981684981,0.0,0.2200515533848867,183.77906498439833,13.298900781510303,170.0,197.0,13.298900781510303,193.95329751729753,183.74457848324516,160.96307855107855,13.131386358096323,13.431298969266182,13.233711079175094,1.8315018315018316e-06,1.9485144485144485e-05,5.067155067155067e-05,0.0001094322344322,0.0009539241622574,0.0216794871794871,0.0084228564645231,1.2311762311762312e-05,2.53565536683888,0.655671702090725,0.2541471350357552,5.182699213443284,3.1445025205733343,116.0,0.0136209469542802,0.0008462801566249,0.6540519370389847,1.0,47.0,0.0901273266942217,0.0839732529794554,0.4615384615384615,0.1942633637548891,0.0,23.475132275132275,13.558306059356369,1.4330778495189376
S2SA01-20220603-2W,S2SA01,7,NO,D,14,0.23,1,0.28,1,18.99,4.42,,,S2SA01,20220603,2,2022-06-03,campaign_1,S2,S2_SA,no_treatment_control,False,D,7,3.5,28,196,S2SA01-20220603-2W.png,Data/Images_dataset/S2SA01-20220603-2W.png,True,2835.0,650.0,,S2SA01-20220603-2W,,,4.42,False,False,0.2298738298738298,0.0001628001628001,0.2216252882919549,198.11419563152896,16.09542210050401,183.0,212.0,16.09542210050401,208.7543258716592,198.74729344729343,171.8401628001628,15.872495336371278,16.21988063913977,16.248435868931026,1.4584181250847918e-05,4.641500474833808e-05,6.0168226834893504e-05,9.201600868267535e-05,0.0004333536833536,0.006280118030118,0.024070292361959,0.0002530525030525,4.873958149535121,0.5963045465810548,0.2397388757928569,5.1986380195038375,3.264793067806245,222.0,0.0177452177452177,0.0010354677021343,0.6286564100305956,1.0,47.0,0.2232239451857194,0.1333067113932544,0.7979139504563233,0.3676662320730117,0.0,23.475132275132275,12.527619647166388,1.6355775718497771
S2SA01-20220609-3W,S2SA01,7,NO,D,21,0.154,1,0.236,1,1.51,4.42,,,S2SA01,20220609,3,2022-06-09,campaign_1,S2,S2_SA,no_treatment_control,False,D,7,3.5,28,196,S2SA01-20220609-3W.png,Data/Images_dataset/S2SA01-20220609-3W.png,True,2835.0,650.0,,S2SA01-20220609-3W,,,4.42,False,False,0.1542802876136209,0.0,0.2102292768959435,210.47226048026047,18.493869191915422,191.0,227.0,18.493869191915422,219.7008791208791,209.9819541446208,192.07290842490843,17.90361950591943,18.626432013621542,19.853218736110623,2.6285442952109618e-06,2.8727445394112066e-05,5.748880748880749e-05,0.0001133665716999,0.0004223646723646,0.0026196072446072,0.022465930674264,0.005539886039886,5.110979897398007,0.5686385059746578,0.2143890388670309,5.2243027853972155,3.3159002292793667,198.0,0.0135666802333469,0.0007791933717859,0.6800887600869805,1.0,47.0,0.1423063053066659,0.1089988821088694,0.5332464146023468,0.2552803129074316,0.0,23.475132275132275,11.426772896206591,1.4646542482508986
S2SA01-20220616-4W,S2SA01,7,NO,D,28,0.066,1,0.119,1,1.51,4.42,,,S2SA01,20220616,4,2022-06-16,campaign_1,S2,S2_SA,no_treatment_control,False,D,7,3.5,28,196,S2SA01-20220616-4W.png,Data/Images_dataset/S2SA01-20220616-4W.png,True,2835.0,650.0,,S2SA01-20220616-4W,,,4.42,False,False,0.0664224664224664,0.0,0.1661646994980328,211.95664197530863,16.366622672110633,194.0,227.0,16.366622672110633,222.38600949667617,212.1196168769502,187.70028544295212,15.804383921516743,16.55463651060875,17.098132891993522,2.3741690408357074e-07,9.038800705467373e-06,4.444783611450278e-05,8.682675349342016e-05,0.0002733855650522,0.0021873897707231,0.0226365825532492,0.0060120913037579,3.596908662687443,0.6178889321113958,0.2367040651297906,5.187787171078249,3.211394308494883,96.0,0.0093338760005426,0.0006919006919006,0.6897937621520644,1.0,47.0,0.0616938056534161,0.0699744863286087,0.3102998696219035,0.1428943937418512,0.0,0.4994708994708994,11.122951896808104,1.4886525599083702
S2SA01-20220623-5W,S2SA01,7,NO,D,35,0.126,1,0.475,1,1.51,4.42,,,S2SA01,20220623,5,2022-06-23,campaign_1,S2,S2_SA,no_treatment_control,False,D,7,3.5,28,196,S2SA01-20220623-5W.png,Data/Images_dataset/S2SA01-20220623-5W.png,True,2835.0,650.0,,S2SA01-20220623-5W,,,4.42,False,False,0.1261158594491927,0.0,0.1729480396147062,180.6193781033781,13.73490166188102,166.0,195.0,13.73490166188102,191.70205019671687,181.0085643738977,154.0634019807353,13.45441333261082,13.982665835997928,13.6916556932423,1.3397096730430063e-06,1.6636141636141635e-05,4.756817256817257e-05,0.0001170295753629,0.0017018213268213,0.02356512006512,0.0057967032967032,3.781712115045449e-06,2.2286490553250884,0.6532140955583838,0.2469089625421669,5.086953888220686,3.0352958704836706,111.0,0.0354361687695021,0.0011361789139566,0.586263898631076,1.0,47.0,0.1061610585591833,0.1738528501175457,1.1473272490221642,0.2091264667535853,0.0,0.4994708994708994,7.890136509757853,2.9103459559637734
S2SA01-20220630-6W,S2SA01,7,NO,D,42,0.314,1,1.117,1,1.51,4.42,,,S2SA01,20220630,6,2022-06-30,campaign_1,S2,S2_SA,no_treatment_control,False,D,7,3.5,28,196,S2SA01-20220630-6W.png,Data/Images_dataset/S2SA01-20220630-6W.png,True,2835.0,650.0,,S2SA01-20220630-6W,,,4.42,False,False,0.3136073802740469,0.0001628001628001,0.3254917921584588,192.6835647808981,19.701369686332573,169.0,211.0,19.701369686332573,203.6075338488672,192.4573838013838,168.4328948582282,19.030905621478276,19.930760636262345,20.53080680760368,1.0225885225885226e-05,4.785646452313119e-05,9.68321801655135e-05,0.0001933930267263,0.001454772079772,0.0094014889431556,0.0198116096866096,0.0002338217338217,5.411999910549488,0.5585166629333135,0.1964085384909266,5.185390293076743,3.277597124142978,295.0,0.0346764346764346,0.0010630758653357,0.6226725710073094,1.0,47.0,0.264417875669228,0.3806867169522679,2.6453715775749673,0.3853976531942633,0.0,0.4994708994708994,7.702401415085271,2.57817672966227
S2SA01-20220708-7W,S2SA01,7,NO,D,49,0.219,1,0.478,1,1.51,4.42,,,S2SA01,20220708,7,2022-07-08,campaign_1,S2,S2_SA,no_treatment_control,False,D,7,3.5,28,196,S2SA01-20220708-7W.png,Data/Images_dataset/S2SA01-20220708-7W.png,True,2835.0,650.0,,S2SA01-20220708-7W,,,4.42,False,False,0.2186406186406186,0.0,0.2900013566680233,209.5632109618776,21.534019156664847,185.0,232.0,21.534019156664847,219.42572351105684,209.9940757020757,186.4190573870574,21.004797625690912,21.739025953247733,22.36625428644589,6.189797856464523e-06,3.8054538054538056e-05,7.928028761362095e-05,0.0001400929317595,0.0004460215710215,0.003947327363994,0.0188327397910731,0.007760293718627,8.810297140146552,0.4403355905127853,0.1448056065417856,5.202592435556863,3.4059592109141934,247.0,0.0160629493962827,0.0008851846908527,0.6850771705470639,1.0,47.0,0.1963161252739327,0.1700883243787384,1.1029986962190352,0.3804432855280312,0.0,0.4994708994708994,9.0305013519707,1.3198391079559837
S2SA01-20220714-8W,S2SA01,7,NO,D,56,0.535,1,1.711,1,1.51,4.42,,,S2SA01,20220714,8,2022-07-14,campaign_1,S2,S2_SA,no_treatment_control,False,D,7,3.5,28,196,S2SA01-20220714-8W.png,Data/Images_dataset/S2SA01-20220714-8W.png,True,2835.0,650.0,,S2SA01-20220714-8W,,,4.42,False,False,0.5353412020078687,0.0015194681861348,0.4706552706552706,180.60420024420023,22.760438601182496,154.0,205.0,22.760438601182496,193.78166544566545,179.9620865554199,153.12722561389228,22.10868797379899,23.130171113179713,23.68607846749512,3.49002849002849e-05,7.007190340523674e-05,0.0001393128476461,0.0004346086012752,0.0038235822819156,0.0161001560168226,0.0105015092931759,0.0001458587708587,9.807719927225962,0.4139048468060088,0.1301675791239411,5.195237394758019,3.3896966697565283,715.0,0.0566001899335232,0.0007487289538571,0.6507583108750682,1.0,47.0,0.4725235096673972,0.5551218034945878,3.9413298565840935,0.7559322033898306,0.0,0.4994708994708994,7.961769603938889,1.8747514581469733
S2SA01-20220721-9W,S2SA01,7,NO,D,63,0.146,1,0.595,1,1.51,4.42,,,S2SA01,20220721,9,2022-07-21,campaign_1,S2,S2_SA,no_treatment_control,False,D,7,3.5,28,196,S2SA01-20220721-9W.png,Data/Images_dataset/S2SA01-20220721-9W.png,True,2835.0,650.0,,S2SA01-20220721-9W,,,4.42,False,False,0.145760412427079,0.0,0.1614977614977615,195.46049925383255,17.78092899789121,174.0,214.0,17.78092899789121,206.741838013838,195.1051585944919,171.04345190611858,17.062867039812314,18.150226803389057,19.205420505174736,2.2724189390856056e-06,2.146927146927147e-05,4.471916971916972e-05,0.000118199701533,0.0010351885768552,0.0088814272147605,0.0207527811694478,0.0003939424772758,4.688862088921649,0.5312311539622321,0.1843203624845644,5.077392335182188,3.175733325749206,208.0,0.0086284086284086,0.0007007712135917,0.5874203469820816,1.0,47.0,0.1322921578961968,0.1951448279456877,1.1707953063885268,0.2409387222946544,0.0,0.4994708994708994,6.232686042068023,2.697876038215048
S2SA01-20220802-10W,S2SA01,7,NO,D,70,0.369,1,1.008,1,1.51,4.42,,,S2SA01,20220802,10,2022-08-02,campaign_1,S2,S2_SA,no_treatment_control,False,D,7,3.5,28,196,S2SA01-20220802-10W.png,Data/Images_dataset/S2SA01-20220802-10W.png,True,2835.0,650.0,,S2SA01-20220802-10W,,,4.42,False,False,0.3691765025098358,5.42667209333876e-05,0.2750237416904084,189.7761052774386,21.362082417792745,164.0,212.0,21.362082417792745,202.22113634513636,189.40393976393975,162.82668728802062,20.638430067164105,21.886091828966585,22.39515162528235,1.4838556505223173e-05,4.003866503866504e-05,8.750508750508751e-05,0.0002551892551892,0.0019991181657848,0.0121152489485822,0.016205060371727,0.0005330009496676,7.449902623158172,0.4576666120601317,0.1456411840819969,5.1644241003054505,3.3432942679667437,396.0,0.0481345814679148,0.0009322638952268,0.6104065585012642,1.0,47.0,0.3405919720380593,0.4168570462612126,1.9361147327249024,0.7647979139504562,0.0,0.4994708994708994,7.280510387962981,1.164418563862911
S2SA01-20220822-13W,S2SA01,7,NO,D,91,0.414,1,1.223,1,6.5,4.42,,,S2SA01,20220822,13,2022-08-22,campaign_1,S2,S2_SA,no_treatment_control,False,D,7,3.5,28,196,S2SA01-20220822-13W.png,Data/Images_dataset/S2SA01-20220822-13W.png,True,2835.0,650.0,,S2SA01-20220822-13W,,,4.42,False,False,0.4138922805589472,0.0003798670465337,0.4288698955365622,174.89726929860262,20.914062551424333,148.0,197.0,20.914062551424333,187.83510351377015,174.11661158594492,148.6204818884819,20.623215223069028,21.303417310231648,21.284851355364474,1.2973137973137971e-05,3.973341473341473e-05,0.0001132309048975,0.0006173178673178,0.0052753866503866,0.018777794736128,0.0063917887667887,2.1774521774521777e-05,7.216218994377964,0.4552281353639888,0.1421609745802495,5.143215623837254,3.3228408971539993,494.0,0.0708723375390042,0.0008378386246132,0.6059317410442703,1.0,47.0,0.3974312740991427,0.5160650846662549,2.2451108213820077,1.115775749674054,0.0,7.991534391534391,8.210859914963757,0.5731835875963931
S2SA01-20220906-15W,S2SA01,7,NO,D,105,1.651,1,5.738,2,6.5,4.42,,,S2SA01,20220906,15,2022-09-06,campaign_1,S2,S2_SA,no_treatment_control,False,D,7,3.5,28,196,S2SA01-20220906-15W.png,Data/Images_dataset/S2SA01-20220906-15W.png,True,2835.0,650.0,,S2SA01-20220906-15W,,,4.42,False,False,1.6505765839099171,0.0066748066748066,0.632967032967033,163.36015411748744,22.589812501590107,138.0,188.0,22.589812501590107,178.19732790666123,162.47508831908831,133.149221001221,21.075128211643698,23.73471953971691,24.980945473887992,5.1112467779134446e-05,0.0001035985619318,0.0003418294668294,0.0011286121286121,0.0097608872608872,0.0178329602496269,0.0020019502102835,2.904965404965405e-05,8.654228136887335,0.4259426600966932,0.135210614076173,5.188764958855036,3.402041203131326,971.0,0.7591914258580925,0.0016998728979504,0.6244007730006719,1.0,47.0,1.553524369608034,2.5978526247205886,10.32594524119948,5.319165580182529,6.0,7.991534391534391,7.11890734200045,0.7683749142943872
S2SA01-20221102-24W,S2SA01,7,NO,D,168,11.932,2,24.595,4,1.51,4.42,,,S2SA01,20221102,24,2022-11-02,campaign_1,S2,S2_SA,no_treatment_control,False,D,7,3.5,28,196,S2SA01-20221102-24W.png,Data/Images_dataset/S2SA01-20221102-24W.png,True,2835.0,650.0,,S2SA01-20221102-24W,,,4.42,False,False,11.931515398182064,0.0001628001628001,3.5788359788359787,129.93298711165377,29.71599797174055,93.0,163.0,29.71599797174055,149.77459123592456,127.70636168769502,93.7981978021978,24.82215708943731,32.70372223811665,31.673255622930125,7.566815900149233e-05,0.0012233245149911,0.0020835877085877,0.009117097408764,0.0147646689730023,0.0034843135259801,0.0005002204585537,1.1192511192511193e-06,2.9859725945644504,0.5768119044561467,0.1463895522089662,5.035035953170023,3.0418626004533498,1626.0,2.25679012345679,0.0073379553494354,0.5774795145808792,1.0,47.0,11.349163638381096,11.720413421431632,43.08083441981747,28.10560625814863,24.0,23.475132275132275,9.573327450053489,0.9989695448766528
S2SA01-20221110-25W,S2SA01,7,NO,D,175,6.52,2,11.918,2,1.51,4.42,,,S2SA01,20221110,25,2022-11-10,campaign_1,S2,S2_SA,no_treatment_control,False,D,7,3.5,28,196,S2SA01-20221110-25W.png,Data/Images_dataset/S2SA01-20221110-25W.png,True,2835.0,650.0,,S2SA01-20221110-25W,,,4.42,False,False,6.519603852937187,0.0024962691629358,0.2205942205942205,168.3464832451499,29.68088852275188,130.0,196.0,29.68088852275188,189.0597606837607,165.90555148555148,131.03472201872202,21.789585432669767,33.915995954030606,36.14506258066474,6.230497897164564e-05,0.00012849342016,0.0009900963234296,0.0017630579297245,0.0056749084249084,0.0174744946411613,0.004935931352598,0.0002207129290462,5.705990363401748,0.5412735699064564,0.1508016530237363,5.109806432632153,3.173041186143441,924.0,1.4467507800841135,0.0070558483256895,0.6593549851274096,1.0,47.0,6.160531498793308,6.674452824173881,21.39634941329857,16.090482398956976,20.0,23.475132275132275,9.244797894519884,0.7327880787754114
S2SA01-20221206-28W,S2SA01,7,NO,D,196,11.093,2,23.504,4,1.51,4.42,0.2982,2.35,S2SA01,20221206,28,2022-12-06,campaign_1,S2,S2_SA,no_treatment_control,False,D,7,3.5,28,196,S2SA01-20221206-28W.png,Data/Images_dataset/S2SA01-20221206-28W.png,True,2835.0,650.0,,S2SA01-20221206-28W,0.2982,29.82,4.42,True,True,11.093257359924026,0.0008140008140008,0.3705874372541039,151.74877655677656,30.721771058885455,105.0,181.0,30.721771058885455,174.64003744403743,149.34429466829468,108.823279337946,23.226448234425387,35.41204581863228,34.89963074382105,6.637498304164971e-05,0.0003180029846696,0.0019954890788224,0.003000118708452,0.0103101851851851,0.0147826278659612,0.0006609686609686,0.0001162325328991,3.877965465918813,0.5871533867854537,0.1563824138897223,4.985030328727059,2.968547504505614,863.0,2.825885225885226,0.012854295897942,0.6259228791999568,1.0,47.0,10.676773280812228,10.927816388327276,32.95827900912647,25.934289439374183,23.0,23.475132275132275,8.708069230195626,0.9485779854716092
S2SA02-20220518-0W,S2SA02,7,SA,SA,0,0.085,1,0.212,1,1.51,4.39,,,S2SA02,20220518,0,2022-05-18,campaign_1,S2,S2_SA,surface_applied_inhibitor_campaign1,SA,SA,7,3.5,28,196,S2SA02-20220518-0W.png,Data/Images_dataset/S2SA02-20220518-0W.png,True,2835.0,650.0,,S2SA02-20220518-0W,,,4.39,False,False,0.084710351377018,0.0001085334418667,0.1426129426129426,173.92180056980058,13.753498780187789,158.0,190.0,13.753498780187789,184.07232831366164,173.79768932302267,151.39802197802197,13.73863502869554,13.816480576110768,13.60915019719216,7.3938407271740605e-06,1.4618097951431284e-05,3.07624474291141e-05,0.0001446716863383,0.0034057454890788,0.0252293108126441,0.0024157169990503,1.7806267806267806e-06,2.014551736611363,0.6539285447237939,0.2356302886814218,5.152707952962351,3.087119560612254,64.0,0.0104734771401438,0.0013235992402659,0.670174744877243,1.0,47.0,0.0848289827734472,0.1149636816387921,0.5202086049543676,0.2067796610169491,0.0,0.9989417989417988,9.3523334994187,1.131952690600988
S2SA02-20220603-2W,S2SA02,7,SA,SA,14,0.188,1,0.349,1,1.51,4.39,,,S2SA02,20220603,2,2022-06-03,campaign_1,S2,S2_SA,surface_applied_inhibitor_campaign1,SA,SA,7,3.5,28,196,S2SA02-20220603-2W.png,Data/Images_dataset/S2SA02-20220603-2W.png,True,2835.0,650.0,,S2SA02-20220603-2W,,,4.39,False,False,0.1877628544295211,0.007000407000407,0.5204178537511871,152.82202414869082,15.426861701118003,135.0,170.0,15.426861701118003,162.82427296160628,153.08111355311354,129.60323104056437,15.4456119391599,15.506293002107348,15.135993733984796,3.6935286935286937e-05,3.301790801790802e-05,8.499525166191832e-05,0.0012003629086962,0.0193609584859584,0.0104810066476733,5.207909374576041e-05,6.444173110839777e-07,4.066632010732487,0.534016024040674,0.1873600610840534,5.209428297005201,3.3059855564852687,309.0,0.0128612128612128,0.000607646778089,0.6633105225700601,1.0,47.0,0.180504313573192,0.1759101900597882,0.8526727509778358,0.4320730117340285,0.0,0.4994708994708994,10.334276539132029,0.7733742473122935
S2SA02-20220609-3W,S2SA02,7,SA,SA,21,0.087,1,0.17,1,13.99,4.39,,,S2SA02,20220609,3,2022-06-09,campaign_1,S2,S2_SA,surface_applied_inhibitor_campaign1,SA,SA,7,3.5,28,196,S2SA02-20220609-3W.png,Data/Images_dataset/S2SA02-20220609-3W.png,True,2835.0,650.0,,S2SA02-20220609-3W,,,4.39,False,False,0.0874236874236874,0.0001085334418667,0.0955636955636955,207.6699943019943,15.252676568447368,190.0,223.0,15.252676568447368,217.39226319359653,207.49861836928503,186.29921801655135,14.731194571370647,15.402907998513568,16.205314117791982,5.019671686338353e-06,1.7551892551892552e-05,2.5708859042192376e-05,3.564645231311898e-05,0.0001640381223714,0.003231515398182,0.0246519637769637,0.0031185558268891,3.9647874058008097,0.5489895349828442,0.2041899195354908,5.1867315063988855,3.261643235604295,94.0,0.0115045448378781,0.0009300392279115,0.7386280896924976,1.0,47.0,0.0886571056062581,0.0986861357372314,0.4667535853976532,0.2002607561929595,0.0,14.484656084656084,10.594280722151607,0.7254699521630423
S2SA02-20220616-4W,S2SA02,7,SA,SA,28,0.119,1,0.213,1,13.99,4.39,,,S2SA02,20220616,4,2022-06-16,campaign_1,S2,S2_SA,surface_applied_inhibitor_campaign1,SA,SA,7,3.5,28,196,S2SA02-20220616-4W.png,Data/Images_dataset/S2SA02-20220616-4W.png,True,2835.0,650.0,,S2SA02-20220616-4W,,,4.39,False,False,0.1186270519603853,0.0,0.1158051824718491,196.82881671415004,15.578761420400427,179.0,213.0,15.578761420400427,207.19038610771943,197.0213436440103,172.80684846018178,15.02263201210228,15.847642897071516,16.40190239440867,9.428842762176096e-06,2.146927146927147e-05,3.060982227648894e-05,6.077872744539411e-05,0.0004522622439289,0.0085166191832858,0.0218529880613213,0.0003058438475105,4.31783953119294,0.5360125029966637,0.2018836788301206,5.211816522017531,3.310277530584578,120.0,0.0119929453262786,0.0009885587663365,0.7310501886063213,1.0,47.0,0.1191156481455796,0.1261299718617212,0.5071707953063885,0.3016949152542372,0.0,14.484656084656084,10.26597539900376,0.7577165446715743
S2SA02-20220623-5W,S2SA02,7,SA,SA,35,0.164,1,0.312,1,13.99,4.39,,,S2SA02,20220623,5,2022-06-23,campaign_1,S2,S2_SA,surface_applied_inhibitor_campaign1,SA,SA,7,3.5,28,196,S2SA02-20220623-5W.png,Data/Images_dataset/S2SA02-20220623-5W.png,True,2835.0,650.0,,S2SA02-20220623-5W,,,4.39,False,False,0.1644281644281644,0.0010853344186677,0.1699091032424365,194.27837037037037,19.191279282031296,172.0,214.0,19.191279282031296,204.17990286256952,194.92479880613217,170.04497300230634,18.69037968967005,19.454253459489877,19.82452815022346,2.138447971781305e-05,2.6811151811151813e-05,4.002170668837336e-05,0.0001374813458146,0.0010519264685931,0.0105204178537511,0.018979768688102,0.0004721883055216,5.258423775551688,0.5233787440977885,0.1708070302595635,5.2029125961563425,3.289401514985659,231.0,0.0131868131868131,0.0007118102356197,0.6933705716378948,1.0,47.0,0.162195900024966,0.1651539577820196,0.60625814863103,0.394263363754889,0.0,14.484656084656084,10.377461365184136,0.5981616913415564
S2SA02-20220630-6W,S2SA02,7,SA,SA,42,0.162,1,0.405,1,1.51,4.39,,,S2SA02,20220630,6,2022-06-30,campaign_1,S2,S2_SA,surface_applied_inhibitor_campaign1,SA,SA,7,3.5,28,196,S2SA02-20220630-6W.png,Data/Images_dataset/S2SA02-20220630-6W.png,True,2835.0,650.0,,S2SA02-20220630-6W,,,4.39,False,False,0.1624202957536291,0.0009225342558675,0.1235653235653235,199.51546167412835,18.43582264566539,178.0,219.0,18.43582264566539,209.95854565187895,199.72486555419889,175.29844525844527,17.797463815062486,18.65908776510762,19.612952855448217,1.6330891330891332e-05,2.3962148962148963e-05,3.427282593949261e-05,8.094220594220594e-05,0.0005961029711029,0.0076890008140008,0.021373083706417,0.0014363044363044,5.941799656788904,0.4782330013248936,0.1637041700580465,5.194848010245139,3.334359378478845,142.0,0.0208384208384208,0.0011438048996734,0.6566671921381506,1.0,47.0,0.1517933923271103,0.1781988172951469,1.002607561929596,0.3170795306388527,0.0,0.4994708994708994,8.964674893976598,0.8455891723293469
S2SA02-20220708-7W,S2SA02,7,SA,SA,49,0.145,1,0.671,1,1.51,4.39,,,S2SA02,20220708,7,2022-07-08,campaign_1,S2,S2_SA,surface_applied_inhibitor_campaign1,SA,SA,7,3.5,28,196,S2SA02-20220708-7W.png,Data/Images_dataset/S2SA02-20220708-7W.png,True,2835.0,650.0,,S2SA02-20220708-7W,,,4.39,False,False,0.1447836114502781,0.0,0.0870438203771537,203.11259693393023,15.340085036270924,186.0,218.0,15.340085036270924,212.6312901912902,203.5841807081807,180.7706460453127,14.52702162323482,15.620636247874158,16.85536985104644,5.036630036630037e-06,1.5957807624474292e-05,2.9711029711029712e-05,6.768077601410935e-05,0.0002419617419617,0.0049658628408628,0.0247011429928096,0.0012226461809795,3.263220104801426,0.5758314357824723,0.2116828117752394,5.136500904237368,3.1871863335831283,85.0,0.054755121421788,0.0017033366052973,0.634507641931453,1.0,47.0,0.1176731670781436,0.2748555062551602,1.8070404172099088,0.2604954367666231,0.0,0.4994708994708994,5.285008289506043,1.5541760756776983
S2SA02-20220714-8W,S2SA02,7,SA,SA,56,0.239,1,0.702,1,1.51,4.39,,,S2SA02,20220714,8,2022-07-14,campaign_1,S2,S2_SA,surface_applied_inhibitor_campaign1,SA,SA,7,3.5,28,196,S2SA02-20220714-8W.png,Data/Images_dataset/S2SA02-20220714-8W.png,True,2835.0,650.0,,S2SA02-20220714-8W,,,4.39,False,False,0.238719305385972,0.0009768009768009,0.2151675485008818,199.24483299416633,19.98921287818863,176.0,219.0,19.98921287818863,211.556547008547,199.11033563966896,171.8432608872609,19.200955850418687,20.296591335322276,20.976059457124972,2.189323022656356e-05,3.006715506715507e-05,5.735314068647402e-05,0.0001554063220729,0.0008023673857007,0.007267501017501,0.0213799857549857,0.0015354259937593,7.381086120119159,0.4538879643081824,0.1589159609884518,5.2026097415352135,3.374780185799489,245.0,0.0543209876543209,0.0009743645117794,0.6978058392259815,1.0,47.0,0.2129601375905018,0.3059656158292383,1.9165580182529336,0.4766623207301173,0.0,0.4994708994708994,8.020735833420535,0.7578153189596357
S2SA02-20220721-9W,S2SA02,7,SA,SA,63,0.186,1,0.606,1,1.51,4.39,,,S2SA02,20220721,9,2022-07-21,campaign_1,S2,S2_SA,surface_applied_inhibitor_campaign1,SA,SA,7,3.5,28,196,S2SA02-20220721-9W.png,Data/Images_dataset/S2SA02-20220721-9W.png,True,2835.0,650.0,,S2SA02-20220721-9W,,,4.39,False,False,0.1855921855921856,0.0016280016280016,0.1383258716592049,191.69053751187084,17.92344944619333,171.0,211.0,17.92344944619333,202.31467589200923,191.91203907203908,167.02926875593542,17.280667621733137,18.22941188181927,18.84013952587153,2.213064713064713e-05,2.2215438882105547e-05,3.690137023470357e-05,0.0001156050739384,0.0010755664088997,0.0122228327228327,0.0175075295075295,0.0002472188305521,5.854074387079929,0.4789092969091514,0.1677261305733852,5.185321069163343,3.353928118649656,193.0,0.0293040293040293,0.0009616175419284,0.6726109844300115,1.0,47.0,0.1619184998196898,0.2449204979159792,1.5906127770534553,0.3395045632333767,0.0,0.4994708994708994,7.868047897521581,1.0259842290217156
S2SA02-20220802-10W,S2SA02,7,SA,SA,70,0.261,1,1.473,1,1.51,4.39,,,S2SA02,20220802,10,2022-08-02,campaign_1,S2,S2_SA,surface_applied_inhibitor_campaign1,SA,SA,7,3.5,28,196,S2SA02-20220802-10W.png,Data/Images_dataset/S2SA02-20220802-10W.png,True,2835.0,650.0,,S2SA02-20220802-10W,,,4.39,False,False,0.2613485280151947,0.0,0.121394654727988,178.11860914394248,18.136091583107405,156.0,200.0,18.136091583107405,189.23941717541717,177.876500339167,153.71704354904355,17.63350344166504,18.47199990973203,18.797828129226406,1.816239316239316e-05,1.785714285714286e-05,4.1615791615791615e-05,0.0001867962284628,0.0039006240672907,0.0196321733821733,0.007445411070411,7.359924026590693e-06,3.200245316293939,0.5686374329271904,0.1720108168390337,5.088018205889225,3.1253387557662644,124.0,0.0937728937728937,0.0021076494194773,0.6656488475753265,1.0,47.0,0.1955116646786318,0.6086243457739788,4.177314211212516,0.2670143415906127,0.0,0.4994708994708994,4.057461020583943,2.583515328721946
S2SA02-20220822-13W,S2SA02,7,SA,SA,91,0.185,1,0.417,1,13.99,4.39,,,S2SA02,20220822,13,2022-08-22,campaign_1,S2,S2_SA,surface_applied_inhibitor_campaign1,SA,SA,7,3.5,28,196,S2SA02-20220822-13W.png,Data/Images_dataset/S2SA02-20220822-13W.png,True,2835.0,650.0,,S2SA02-20220822-13W,,,4.39,False,False,0.1849409849409849,0.0005426672093338,0.1912359245692579,181.6573029439696,17.370609773234214,161.0,200.0,17.370609773234214,193.47385646452312,181.2779595712929,156.1335362908696,16.92278037026023,17.74914339752991,17.78582641661071,1.109076109076109e-05,3.347578347578348e-05,4.5617962284628954e-05,0.0001890516890516,0.0025900488400488,0.0192168125084791,0.0091211334961334,4.27689594356261e-05,5.453205799102801,0.4959581181997755,0.171235658358631,5.19645746623171,3.3417203158917066,209.0,0.0249084249084249,0.0008848850954114,0.6931791368737308,1.0,47.0,0.176537490637743,0.191832946529715,0.9204693611473272,0.4409387222946544,0.0,0.4994708994708994,10.013513177832428,0.6216770312596265
S2SA02-20220906-15W,S2SA02,7,SA,SA,105,0.646,1,3.229,1,1.51,4.39,,,S2SA02,20220906,15,2022-09-06,campaign_1,S2,S2_SA,surface_applied_inhibitor_campaign1,SA,SA,7,3.5,28,196,S2SA02-20220906-15W.png,Data/Images_dataset/S2SA02-20220906-15W.png,True,2835.0,650.0,,S2SA02-20220906-15W,,,4.39,False,False,0.6462623795957129,0.0071089404422737,0.3410120743454077,168.32468864468865,20.49629103428339,144.0,191.0,20.49629103428339,180.8288357075024,168.1741505901506,140.35186270519603,19.75995882147135,21.11347239913405,21.4777918446328,4.317595984262651e-05,3.778320444987112e-05,0.0001433319766653,0.0006564407814407,0.007930877764211,0.0193270417853751,0.0030988332654999,1.2515262515262517e-05,6.023938062447048,0.4736603932403757,0.1457210614283399,5.173405903069216,3.3096618848279,356.0,0.3016144349477683,0.0018153437629093,0.6489600592680838,1.0,47.0,0.5105828178312851,1.4278217357215557,9.367666232073011,0.4808344198174706,1.0,0.4994708994708994,5.112875638494916,1.4905177953781623
S2SA02-20221102-24W,S2SA02,7,SA,SA,168,4.474,1,13.706,3,13.99,4.39,,,S2SA02,20221102,24,2022-11-02,campaign_1,S2,S2_SA,surface_applied_inhibitor_campaign1,SA,SA,7,3.5,28,196,S2SA02-20221102-24W.png,Data/Images_dataset/S2SA02-20221102-24W.png,True,2835.0,650.0,,S2SA02-20221102-24W,,,4.39,False,False,4.474074074074074,0.0018993352326685,7.17742504409171,152.5138087098087,37.27851386955566,101.0,196.0,37.27851386955566,167.85242490842492,151.8643375390042,120.05779351512685,35.436747579406,38.52272656581925,37.78178832441822,0.0001030389363722,0.0003580755664088,0.001924942341609,0.005995760412427,0.007362501695835,0.010691341066341,0.0048111687695021,3.171211504544838e-06,4.669299798427064,0.5001862087749656,0.1064911077868511,5.061790995699464,3.136856009351098,1515.0,1.8998236331569665,0.0029531842073096,0.5630699995309749,1.0,47.0,4.166662043329913,6.861196394329015,31.64406779661017,13.968448500651888,10.0,0.4994708994708994,9.554336787638585,0.6785457040764079
S2SA02-20221110-25W,S2SA02,7,SA,SA,175,2.247,1,7.973,2,1.51,4.39,,,S2SA02,20221110,25,2022-11-10,campaign_1,S2,S2_SA,surface_applied_inhibitor_campaign1,SA,SA,7,3.5,28,196,S2SA02-20221110-25W.png,Data/Images_dataset/S2SA02-20221110-25W.png,True,2835.0,650.0,,S2SA02-20221110-25W,,,4.39,False,False,2.24685931352598,0.007705874372541,0.6146791480124814,181.0455509428843,32.23394575579606,140.0,217.0,32.23394575579606,195.5171922398589,180.16566707366707,151.52476407543074,29.072020850425595,33.68047407365998,36.06070882774264,6.210147876814543e-05,0.0001300196716863,0.0004469881969881,0.0012035341202007,0.0049690510107176,0.0106735856735856,0.0127085707502374,0.0010561490978157,6.910212692388528,0.4897360141599341,0.1180126476506242,5.153555945901512,3.2528509859967403,1007.0,0.8036358703025369,0.0022312406291221,0.6208565191968592,1.0,47.0,1.985297789120364,4.091619196706613,23.02346805736636,5.754106910039113,6.0,0.4994708994708994,8.499400564012678,1.0356196094126755
S2SA02-20221206-28W,S2SA02,7,SA,SA,196,3.601,1,13.214,3,1.51,4.39,0.0183,2.87,S2SA02,20221206,28,2022-12-06,campaign_1,S2,S2_SA,surface_applied_inhibitor_campaign1,SA,SA,7,3.5,28,196,S2SA02-20221206-28W.png,Data/Images_dataset/S2SA02-20221206-28W.png,True,2835.0,650.0,,S2SA02-20221206-28W,0.0183,1.83,4.39,True,True,3.600868267534934,0.0021164021164021,0.250332383665717,171.6948967575634,30.9564979044245,134.0,208.0,30.9564979044245,190.67203798670465,170.74189987789987,131.50509998643332,26.592456850821858,33.30382962891788,35.693779686766234,4.361687695021028e-05,0.0001733821733821,0.0005618979785646,0.0015374949124949,0.0070397673314339,0.0126407373490706,0.0090773470356803,0.000175756342423,4.591503927623443,0.5193172828057451,0.1234029323758734,5.034352367025189,3.0968480830883443,634.0,1.6049925383258716,0.0056796029456386,0.6142988458620304,1.0,47.0,3.1786457321978414,6.590287242146742,36.67405475880052,7.847196870925684,9.0,0.4994708994708994,8.993187405087038,1.4612443581915084
S2SA03-20220518-0W,S2SA03,7,SA,SA,0,0.144,1,0.424,1,18.99,2.02,,,S2SA03,20220518,0,2022-05-18,campaign_1,S2,S2_SA,surface_applied_inhibitor_campaign1,SA,SA,7,3.5,28,196,S2SA03-20220518-0W.png,Data/Images_dataset/S2SA03-20220518-0W.png,True,2835.0,650.0,,S2SA03-20220518-0W,,,2.02,False,False,0.1442409442409442,0.0,0.3061728395061728,181.8639652692986,17.308987427526223,162.0,201.0,17.308987427526223,191.26905548772217,182.09783475783476,160.39683896350564,17.00696392674893,17.51708888845787,17.48587572870482,2.035002035002035e-06,2.5810609143942476e-05,7.670261836928504e-05,0.0001795550128883,0.0020841134174467,0.0203710147876814,0.0083804266720933,0.0001303418803418,4.553113177080678,0.5280328167979329,0.1774214273039558,5.043264945875553,3.074011375505095,154.0,0.024365757699091,0.000936629508058,0.6317834385764056,1.0,47.0,0.1448029071541512,0.1786888274106284,0.741851368970013,0.3499348109517599,0.0,19.978835978835978,16.987393154737024,2.0515833026588197
S2SA03-20220603-2W,S2SA03,7,SA,SA,14,0.404,1,1.006,1,18.99,2.02,,,S2SA03,20220603,2,2022-06-03,campaign_1,S2,S2_SA,surface_applied_inhibitor_campaign1,SA,SA,7,3.5,28,196,S2SA03-20220603-2W.png,Data/Images_dataset/S2SA03-20220603-2W.png,True,2835.0,650.0,,S2SA03-20220603-2W,,,2.02,False,False,0.403635870302537,0.0003256003256003,0.3131189797856464,185.9960341880342,23.160673176596855,157.0,211.0,23.160673176596855,197.11408981142316,185.9844227377561,160.76694939628274,22.52395244005174,23.479534016365427,24.12068082047014,2.8405236738570072e-05,5.369013702347036e-05,9.671347171347172e-05,0.0002875288291954,0.0031101614434947,0.0133408797992131,0.0137945835029168,0.0005380375797042,9.95396098573475,0.3850364507846153,0.1224318411234313,5.145924009449065,3.314719871366296,350.0,0.0562745896079229,0.0011532453437215,0.6332408388581559,1.0,47.0,0.4099420233570971,0.3717614161072736,1.835723598435463,0.8602346805736636,0.0,19.978835978835978,14.962160562590784,0.9627532994758152
S2SA03-20220609-3W,S2SA03,7,SA,SA,21,0.277,1,0.654,1,18.99,2.02,,,S2SA03,20220609,3,2022-06-09,campaign_1,S2,S2_SA,surface_applied_inhibitor_campaign1,SA,SA,7,3.5,28,196,S2SA03-20220609-3W.png,Data/Images_dataset/S2SA03-20220609-3W.png,True,2835.0,650.0,,S2SA03-20220609-3W,,,2.02,False,False,0.2771944105277439,0.0,0.2778998778998779,197.58022466422463,21.510173865884937,170.0,218.0,21.510173865884937,208.6841850495184,197.32478958078957,173.45096838963505,20.0934934240897,22.08786877024684,23.68493576055825,1.2973137973137971e-05,2.335164835164835e-05,8.443562610229277e-05,0.0002095204178537,0.0012549518382851,0.0075886752136752,0.0204911138244471,0.0015849782933116,6.927982990264626,0.4639719485729165,0.1565499624238115,5.063737918263865,3.165519225503567,190.0,0.0526387193053859,0.001458917950146,0.7015730516630189,1.0,47.0,0.2767067047629615,0.2928227763445982,1.453715775749674,0.7608865710560625,0.0,19.47936507936508,13.916358197329224,1.2132639492224755
S2SA03-20220616-4W,S2SA03,7,SA,SA,28,0.32,1,0.685,1,18.99,2.02,,,S2SA03,20220616,4,2022-06-16,campaign_1,S2,S2_SA,surface_applied_inhibitor_campaign1,SA,SA,7,3.5,28,196,S2SA03-20220616-4W.png,Data/Images_dataset/S2SA03-20220616-4W.png,True,2835.0,650.0,,S2SA03-20220616-4W,,,2.02,False,False,0.3202279202279202,0.0,0.3029711029711029,195.52250223850223,20.37646254821139,171.0,215.0,20.37646254821139,206.7642621082621,195.41869542802877,170.56556559489894,19.062965365124946,20.973290973731043,22.387036796409976,1.1005969339302672e-05,2.6081942748609416e-05,9.574684574684574e-05,0.0002118437118437,0.0011993284493284,0.0083788325871659,0.020401862026862,0.0009252984669651,6.4574740537074184,0.4797237508999735,0.1698941313852305,5.108318118494034,3.21914693739374,196.0,0.0531271197937864,0.0016338159195302,0.6684214927969316,1.0,47.0,0.3209520375045078,0.3301839095309042,1.469361147327249,0.7958279009126463,0.0,19.47936507936508,13.60212249919079,1.1464339566107136
S2SA03-20220623-5W,S2SA03,7,SA,SA,35,0.481,1,1.013,1,9.0,2.02,,,S2SA03,20220623,5,2022-06-23,campaign_1,S2,S2_SA,surface_applied_inhibitor_campaign1,SA,SA,7,3.5,28,196,S2SA03-20220623-5W.png,Data/Images_dataset/S2SA03-20220623-5W.png,True,2835.0,650.0,,S2SA03-20220623-5W,,,2.02,False,False,0.4812372812372812,5.42667209333876e-05,0.3400352733686066,173.1378548365215,20.39494949013153,148.0,196.0,20.39494949013153,183.94647293447292,173.28240618640618,148.5992728259395,19.310916441940684,20.968690896976952,21.812719358926287,1.5313390313390312e-05,3.144078144078144e-05,0.0001173687423687,0.0005556233889567,0.0057800332383665,0.0198767806267806,0.0048326889160222,4.075091575091575e-05,4.974675737006871,0.5000358242263341,0.1539166338483636,4.945728451893706,2.9777988045546353,211.0,0.0691900691900691,0.0022807454087074,0.6186402653405295,1.0,47.0,0.4746317512274959,0.4787310488745729,1.9595827900912648,1.2526727509778357,0.0,19.978835978835978,14.122976614090732,1.04057957870726
S2SA03-20220630-6W,S2SA03,7,SA,SA,42,0.729,1,1.331,1,9.0,2.02,,,S2SA03,20220630,6,2022-06-30,campaign_1,S2,S2_SA,surface_applied_inhibitor_campaign1,SA,SA,7,3.5,28,196,S2SA03-20220630-6W.png,Data/Images_dataset/S2SA03-20220630-6W.png,True,2835.0,650.0,,S2SA03-20220630-6W,,,2.02,False,False,0.7288020621353954,0.0002170668837335,0.3564238230904897,199.8342037715371,25.381382990439764,170.0,224.0,25.381382990439764,212.09294098494095,199.6980344593678,172.7384881291548,23.156714133414937,26.31283135877275,29.40402437871011,2.8049111382444716e-05,6.257631257631258e-05,0.0001467066883733,0.0003128985212318,0.0013511226427893,0.0064982363315696,0.0194039818206484,0.0034464285714285,11.570349570318458,0.38583807446081,0.1313727918775028,5.178225618039752,3.384516060561091,492.0,0.054755121421788,0.0014813050043402,0.6533095528531865,1.0,47.0,0.7266220977003525,0.4218913084550493,1.8409387222946545,1.4033898305084749,0.0,19.978835978835978,12.789499619819798,0.981738052051345
S2SA03-20220708-7W,S2SA03,7,SA,SA,49,0.615,1,1.236,1,9.0,2.02,,,S2SA03,20220708,7,2022-07-08,campaign_1,S2,S2_SA,surface_applied_inhibitor_campaign1,SA,SA,7,3.5,28,196,S2SA03-20220708-7W.png,Data/Images_dataset/S2SA03-20220708-7W.png,True,2835.0,650.0,,S2SA03-20220708-7W,,,2.02,False,False,0.6150047483380817,0.0,0.2895672229005562,187.4656676163343,20.642868246861596,164.0,209.0,20.642868246861596,199.38666503866503,187.4066048026048,161.08179677113012,18.677997835911658,21.637112930868316,23.88491974512331,1.63648080314747e-05,3.486636819970153e-05,0.0001240672907339,0.0003290598290598,0.001718779677113,0.014274131732465,0.0144144620811287,0.0003382682132682,7.06646611981085,0.4476811376241187,0.1504450817121562,5.0309257833118455,3.148274304961304,314.0,0.0697870031203364,0.0019586138482104,0.6779270541404994,1.0,47.0,0.6153568753640877,0.4281518980037845,1.9543676662320728,1.232333767926988,0.0,19.47936507936508,12.936036867564264,0.996310690059132
S2SA03-20220714-8W,S2SA03,7,SA,SA,56,0.997,1,1.782,1,9.0,2.02,,,S2SA03,20220714,8,2022-07-14,campaign_1,S2,S2_SA,surface_applied_inhibitor_campaign1,SA,SA,7,3.5,28,196,S2SA03-20220714-8W.png,Data/Images_dataset/S2SA03-20220714-8W.png,True,2835.0,650.0,,S2SA03-20220714-8W,,,2.02,False,False,0.9966083299416632,0.0005426672093338,0.3860534527201193,184.26324080857415,25.241315438185904,154.0,211.0,25.241315438185904,197.75266693800023,183.72394573327907,155.60706281372947,23.33705838360759,26.231101355414776,28.40380732988067,3.2492199158865824e-05,7.9331162664496e-05,0.0001924264007597,0.0004662867996201,0.0033787647537647,0.0137937016687016,0.0125225715642382,0.0007844254510921,12.213835987735356,0.3550928366763733,0.1139849855440646,5.143743456176936,3.34222068163349,642.0,0.0635463302129968,0.0015523494235851,0.6527924041680563,1.0,47.0,0.9910954534106357,0.5366460955009592,2.1616688396349413,1.8654498044328551,0.0,19.978835978835978,12.211966804811889,1.0269007861527548
S2SA03-20220721-9W,S2SA03,7,SA,SA,63,0.993,1,1.828,1,9.0,2.02,,,S2SA03,20220721,9,2022-07-21,campaign_1,S2,S2_SA,surface_applied_inhibitor_campaign1,SA,SA,7,3.5,28,196,S2SA03-20220721-9W.png,Data/Images_dataset/S2SA03-20220721-9W.png,True,2835.0,650.0,,S2SA03-20220721-9W,,,2.02,False,False,0.9927553927553928,0.0004884004884004,0.3902862569529236,181.67267290733955,24.748535471246804,152.0,208.0,24.748535471246804,194.54392185592187,181.36375362908697,153.6015992402659,23.0010531820092,25.714279887807464,27.730070053610604,3.4204992538325874e-05,7.298873965540633e-05,0.0001932743182743,0.0005341032424365,0.0038504782254782,0.0149001661918328,0.0112125390042056,0.0004522452855786,11.7076190057483,0.3594364185907288,0.1154321732426406,5.179419730545917,3.3793049976247787,670.0,0.0734771401438068,0.001481724466799,0.635233035755528,1.0,47.0,0.994868096202391,0.6369265026721236,2.422425032594524,1.909778357235984,0.0,23.475132275132275,12.259711022146794,1.0596132152240838
S2SA03-20220802-10W,S2SA03,7,SA,SA,70,1.048,1,1.857,1,9.0,2.02,,,S2SA03,20220802,10,2022-08-02,campaign_1,S2,S2_SA,surface_applied_inhibitor_campaign1,SA,SA,7,3.5,28,196,S2SA03-20220802-10W.png,Data/Images_dataset/S2SA03-20220802-10W.png,True,2835.0,650.0,,S2SA03-20220802-10W,,,2.02,False,False,1.0484873151539815,0.0003798670465337,0.3713471713471713,186.51330457197125,28.2055369068354,151.0,218.0,28.2055369068354,201.2680401573735,185.61282105548773,156.43201519468187,26.26619365001604,29.212764087188887,31.282156913564567,3.060982227648894e-05,6.82404015737349e-05,0.000188085063085,0.0006101275267941,0.0037938203771537,0.0117836114502781,0.0128253629086962,0.0019501424501424,15.35835926023352,0.3124370493518744,0.0947696187414877,5.184663441986034,3.4250037367118504,725.0,0.0980599647266314,0.0014461894002123,0.6474299125744213,1.0,47.0,1.0525950789203584,0.6707396839445924,2.8161668839634943,1.9906127770534543,0.0,19.978835978835978,12.841774651536053,0.9397749971689432
S2SA03-20220822-13W,S2SA03,7,SA,SA,91,1.165,1,2.217,1,9.0,2.02,,,S2SA03,20220822,13,2022-08-22,campaign_1,S2,S2_SA,surface_applied_inhibitor_campaign1,SA,SA,7,3.5,28,196,S2SA03-20220822-13W.png,Data/Images_dataset/S2SA03-20220822-13W.png,True,2835.0,650.0,,S2SA03-20220822-13W,,,2.02,False,False,1.165432098765432,0.0,0.4548636548636549,168.87233482566816,22.57906437271134,141.0,193.0,22.57906437271134,182.60771238637903,168.08300800434134,140.61674725274725,20.939190701325185,23.484145101362397,24.581945818343986,1.6907475240808575e-05,7.331094831094831e-05,0.0002207977207977,0.0010295075295075,0.0074580450413783,0.0185536901370234,0.0038627221543888,3.501899335232669e-05,8.310701790767702,0.421540983340577,0.1306381495005093,5.143155052913029,3.300040659365056,596.0,0.1071767738434405,0.0019554229845057,0.63040954107008,1.0,47.0,1.1776193514383202,0.7390422956733437,3.0704041720990873,2.392438070404172,0.0,19.978835978835978,12.654551259878138,0.7427526009687251
S2SA03-20220906-15W,S2SA03,7,SA,SA,105,3.124,1,6.634,2,9.0,2.02,,,S2SA03,20220906,15,2022-09-06,campaign_1,S2,S2_SA,surface_applied_inhibitor_campaign1,SA,SA,7,3.5,28,196,S2SA03-20220906-15W.png,Data/Images_dataset/S2SA03-20220906-15W.png,True,2835.0,650.0,,S2SA03-20220906-15W,,,2.02,False,False,3.1235381902048567,0.0123185456518789,3.3829331162664498,152.23197340930673,30.24879017491157,115.0,188.0,30.24879017491157,167.95575959842623,151.30696350563016,120.00009985076652,28.782697316602512,31.321862559233477,31.938783155883787,0.0001019366436033,0.0002196954280287,0.0009994573327906,0.004194597069597,0.0123075227241893,0.0110344593677927,0.0023149335232668,7.739791073124406e-05,13.7873293972165,0.3339721850114523,0.0913634653937958,5.161196535343135,3.3727195968631745,2038.0,0.2439289105955772,0.0015326487685009,0.604280871990625,1.0,47.0,3.107853199811368,2.067866076277913,9.258148631029988,6.092307692307692,7.0,9.989417989417989,13.30537854371833,0.7769169969412125
S2SA03-20221102-24W,S2SA03,7,SA,SA,168,21.699,3,39.557,4,13.99,2.02,,,S2SA03,20221102,24,2022-11-02,campaign_1,S2,S2_SA,surface_applied_inhibitor_campaign1,SA,SA,7,3.5,28,196,S2SA03-20221102-24W.png,Data/Images_dataset/S2SA03-20221102-24W.png,True,2835.0,650.0,,S2SA03-20221102-24W,,,2.02,False,False,21.69919956586623,0.0097137430470763,0.7207705874372541,129.77368823768825,33.0857241044925,79.0,166.0,33.0857241044925,157.43493800027133,125.10806674806676,85.59660995794329,26.469240188851295,37.68911364738623,34.282807290451515,0.0001344966761633,0.0011860670194003,0.0038419481752815,0.0066387871387871,0.0149131562881562,0.0038608397775064,0.0006484873151539,2.6217609550942883e-05,8.297408976746109,0.4470263557853385,0.1112458748680292,5.03440428496024,3.1154341539466426,2292.0,7.0201600868267535,0.0094673645575332,0.6178494618977708,1.0,47.0,21.74049210796416,9.2726374546013,44.67796610169491,35.06779661016948,47.0,12.986243386243386,13.185838680482334,0.6063360053455604
S2SA03-20221110-25W,S2SA03,7,SA,SA,175,15.149,3,26.457,4,13.99,2.02,,,S2SA03,20221110,25,2022-11-10,campaign_1,S2,S2_SA,surface_applied_inhibitor_campaign1,SA,SA,7,3.5,28,196,S2SA03-20221110-25W.png,Data/Images_dataset/S2SA03-20221110-25W.png,True,2835.0,650.0,,S2SA03-20221110-25W,,,2.02,False,False,15.148717948717948,0.0011938678605345,0.1377289377289377,158.05626373626373,37.63105392558164,104.0,201.0,37.63105392558164,190.68062081128747,151.35014190747523,111.48207895807896,28.75205867331993,43.63798209704527,41.89927754813962,0.0001115350698684,0.000248609415276,0.0018102021435354,0.0042981956315289,0.0073903981820648,0.0122432675349342,0.0043942816442816,0.0007535103785103,12.226621985108004,0.3775936328427114,0.0880014304907072,5.130798584370971,3.283937432082642,2673.0,3.938135938135938,0.005667309371013,0.6551794237971403,1.0,47.0,15.223279425226773,6.787579872797161,33.15123859191656,24.105606258148622,42.0,14.984126984126984,12.809948946659638,0.5519705202755577
S2SA03-20221206-28W,S2SA03,7,SA,SA,196,43.177,4,69.24,4,16.49,2.02,0.111,2.25,S2SA03,20221206,28,2022-12-06,campaign_1,S2,S2_SA,surface_applied_inhibitor_campaign1,SA,SA,7,3.5,28,196,S2SA03-20221206-28W.png,Data/Images_dataset/S2SA03-20221206-28W.png,True,2835.0,650.0,,S2SA03-20221206-28W,0.111,11.1,2.02,True,True,43.176828110161445,0.007000407000407,0.6448514448514449,115.43670818070818,38.39808278033828,65.0,164.0,38.39808278033828,155.24294125627458,106.30901858635193,62.36540496540496,31.975425461326605,43.93691923249725,34.769055150731965,0.0002352123185456,0.0026371760955094,0.0074709673043006,0.0081420261836928,0.008888549721883,0.0031517941934608,0.0006839472256138,4.032695699362366e-05,9.597281045830549,0.4158039760684918,0.0873572708218759,5.079927661010496,3.1946667044370027,3881.0,30.76266449599783,0.0111251811672665,0.6074826929565137,1.0,47.0,43.34120225248967,16.76847718416941,81.58409387222947,64.18800521512385,47.0,15.483597883597884,13.386843723468406,0.6504819792997599
S2SA04-20220518-0W,S2SA04,7,SA,SA,0,0.217,1,0.544,1,11.5,5.24,,,S2SA04,20220518,0,2022-05-18,campaign_1,S2,S2_SA,surface_applied_inhibitor_campaign1,SA,SA,7,3.5,28,196,S2SA04-20220518-0W.png,Data/Images_dataset/S2SA04-20220518-0W.png,True,2835.0,650.0,,S2SA04-20220518-0W,,,5.24,False,False,0.2167412834079501,0.0005426672093338,0.3840998507665174,184.07394546194547,20.382462541449,161.0,206.0,20.382462541449,193.59102536969203,184.41563695563696,162.01645746845747,20.25986536769604,20.539083687314005,20.30326248292304,1.816239316239316e-05,4.117487450820784e-05,8.652150318816985e-05,0.0002641771808438,0.0023135938135938,0.0172643806810473,0.0107855447022113,0.0004764448514448,8.434772318023944,0.4163522813427524,0.1427302905097152,5.231848191957912,3.38741120473618,296.0,0.0073260073260073,0.0007322340655673,0.6455758428015625,1.0,47.0,0.2203944630919027,0.1762563140121316,0.7131681877444589,0.4187744458930897,0.0,11.987301587301587,10.773222267263328,0.5039226844568063
S2SA04-20220603-2W,S2SA04,7,SA,SA,14,0.162,1,0.371,1,11.5,5.24,,,S2SA04,20220603,2,2022-06-03,campaign_1,S2,S2_SA,surface_applied_inhibitor_campaign1,SA,SA,7,3.5,28,196,S2SA04-20220603-2W.png,Data/Images_dataset/S2SA04-20220603-2W.png,True,2835.0,650.0,,S2SA04-20220603-2W,,,5.24,False,False,0.161986161986162,0.0005426672093338,0.2354633021299687,197.3491748745082,20.64459956254322,173.0,220.0,20.64459956254322,207.9441676841677,197.52617772351107,172.54248487315155,20.34904229406915,20.799578576979535,20.908640668232824,9.869759869759867e-06,3.21021571021571e-05,5.881155881155881e-05,0.0001116707366707,0.0009429521096187,0.0092572751322751,0.0186441968525301,0.0021931216931216,8.993263412199994,0.3962409874628007,0.1343573501866339,5.1812195522943405,3.351060225592393,239.0,0.0075973409306742,0.0006777663681429,0.6380553676826728,1.0,47.0,0.165441482426697,0.1599772972428385,0.6675358539765319,0.375488917861799,0.0,9.48994708994709,11.814920812173744,0.2721322942908209
S2SA04-20220609-3W,S2SA04,7,SA,SA,21,0.132,1,0.251,1,11.5,5.24,,,S2SA04,20220609,3,2022-06-09,campaign_1,S2,S2_SA,surface_applied_inhibitor_campaign1,SA,SA,7,3.5,28,196,S2SA04-20220609-3W.png,Data/Images_dataset/S2SA04-20220609-3W.png,True,2835.0,650.0,,S2SA04-20220609-3W,,,5.24,False,False,0.1318138651471984,0.0,0.2746438746438746,203.58659774793108,21.931760726406523,177.0,227.0,21.931760726406523,213.43925925925927,203.76675729209063,180.9265858092525,21.39601704527385,22.14217635274928,22.601963028198515,4.392212725546059e-06,2.4945733279066613e-05,6.684981684981686e-05,0.0001403642653642,0.0008027065527065,0.0061022249355582,0.019634479717813,0.0044740367657034,9.85310254562786,0.3869903116287495,0.1319763920693659,5.193203942301868,3.3705048654827467,192.0,0.0113960113960113,0.0006865305476416,0.629284203451579,1.0,47.0,0.1324585980193625,0.1076317729608144,0.4654498044328553,0.2876140808344198,0.0,9.989417989417989,11.943199566089644,0.5902449729797287
S2SA04-20220616-4W,S2SA04,7,SA,SA,28,0.051,1,0.099,1,16.49,5.24,,,S2SA04,20220616,4,2022-06-16,campaign_1,S2,S2_SA,surface_applied_inhibitor_campaign1,SA,SA,7,3.5,28,196,S2SA04-20220616-4W.png,Data/Images_dataset/S2SA04-20220616-4W.png,True,2835.0,650.0,,S2SA04-20220616-4W,,,5.24,False,False,0.0512820512820512,0.0,0.1377832044498711,205.47000244200245,16.884566879905826,186.0,223.0,16.884566879905826,216.28139356939357,205.7137560710894,180.31638040971373,16.291676410067193,17.112529050194418,17.70315362051144,1.3057929724596392e-06,6.630714964048297e-06,3.205128205128205e-05,8.998100664767332e-05,0.0003301960385293,0.0043291615791615,0.0233803757970424,0.0030802977886311,4.907573558803592,0.5059417201790332,0.182030903985428,5.09623854560558,3.1756540788780545,80.0,0.0112874779541446,0.0006410256410256,0.6523590885250752,1.0,47.0,0.0514299980581985,0.0622179658265784,0.2816166883963494,0.1202086049543676,0.0,15.483597883597884,11.926859830351892,0.880954554948961
S2SA04-20220623-5W,S2SA04,7,SA,SA,35,0.199,1,0.467,1,11.5,5.24,,,S2SA04,20220623,5,2022-06-23,campaign_1,S2,S2_SA,surface_applied_inhibitor_campaign1,SA,SA,7,3.5,28,196,S2SA04-20220623-5W.png,Data/Images_dataset/S2SA04-20220623-5W.png,True,2835.0,650.0,,S2SA04-20220623-5W,,,5.24,False,False,0.1986161986161986,5.42667209333876e-05,0.2609143942477276,187.28349531949533,22.891567015301383,160.0,214.0,22.891567015301383,198.85211830145164,187.4202729616063,160.4935927282594,22.618804430873087,23.101388819156973,22.958605135673924,1.2752679419346088e-05,3.679962013295346e-05,6.676502509835843e-05,0.0001982939899606,0.0027796262379595,0.0142591405508072,0.0125834011667345,0.0013132207298873,10.525764053131043,0.3665665514122175,0.1150875446132292,5.1577093807055645,3.3272947543670393,243.0,0.0101478768145434,0.0008173506115892,0.6341227768043387,1.0,47.0,0.2021137895642042,0.1690835739771528,0.6779661016949152,0.4265971316818774,0.0,9.989417989417989,12.183551045190388,0.4245992904160397
S2SA04-20220630-6W,S2SA04,7,SA,SA,42,0.027,1,0.086,1,16.49,5.24,,,S2SA04,20220630,6,2022-06-30,campaign_1,S2,S2_SA,surface_applied_inhibitor_campaign1,SA,SA,7,3.5,28,196,S2SA04-20220630-6W.png,Data/Images_dataset/S2SA04-20220630-6W.png,True,2835.0,650.0,,S2SA04-20220630-6W,,,5.24,False,False,0.0271333604666938,0.0,0.1773436440103106,184.35591425858092,17.757464351874322,162.0,204.0,17.757464351874322,196.03347985347983,184.45584262650928,157.40727825261158,17.44462134812177,17.89379970923963,18.185327770805728,8.648758648758649e-07,2.8829195495862163e-06,2.9812779812779812e-05,0.0002217134717134,0.0023718796635463,0.0168856668023334,0.0115770587437254,0.000160120743454,3.4386087112813577,0.5625138011864048,0.1838022586801331,4.57340763366705,2.2238020979311885,21.0,0.0093338760005426,0.0012920647841282,0.6922636760045018,1.0,47.0,0.027462620322339,0.0587846314410049,0.2568448500651891,0.0604954367666232,0.0,15.483597883597884,11.102984126984127,0.617674548067493
S2SA04-20220708-7W,S2SA04,7,SA,SA,49,0.073,1,0.115,1,16.49,5.24,,,S2SA04,20220708,7,2022-07-08,campaign_1,S2,S2_SA,surface_applied_inhibitor_campaign1,SA,SA,7,3.5,28,196,S2SA04-20220708-7W.png,Data/Images_dataset/S2SA04-20220708-7W.png,True,2835.0,650.0,,S2SA04-20220708-7W,,,5.24,False,False,0.0726631393298059,0.0,0.200352733686067,195.69753140686473,18.14211950872392,174.0,215.0,18.14211950872392,205.844370641704,196.16574033374033,171.66528123728125,17.65405319415302,18.350254313144404,18.82437794383812,2.035002035002035e-06,1.0022385022385022e-05,4.74325057658391e-05,0.0001167073667073,0.0007431657848324,0.0102278184778184,0.0190686474019807,0.0010341710758377,5.53568488501486,0.4694111294739753,0.1600799343532046,5.074640684624503,3.179205919240523,114.0,0.0118844118844118,0.0006373959590333,0.6408798886560535,1.0,47.0,0.0739826347471497,0.0770921372807294,0.3246414602346805,0.1694915254237287,0.0,15.983068783068784,12.30561225901032,0.868598273570066
S2SA04-20220714-8W,S2SA04,7,SA,SA,56,0.303,1,0.636,1,11.5,5.24,,,S2SA04,20220714,8,2022-07-14,campaign_1,S2,S2_SA,surface_applied_inhibitor_campaign1,SA,SA,7,3.5,28,196,S2SA04-20220714-8W.png,Data/Images_dataset/S2SA04-20220714-8W.png,True,2835.0,650.0,,S2SA04-20220714-8W,,,5.24,False,False,0.3025912359245692,0.0001085334418667,0.3782390449057116,190.48412047212048,26.81807661619453,156.0,221.0,26.81807661619453,203.0152272418939,190.2025461945462,163.1191398724732,26.113182311780637,27.16102772005372,27.29711073992819,1.7891059557726225e-05,5.379188712522046e-05,9.542463709130376e-05,0.0003685388685388,0.0032013295346628,0.0108642314475647,0.0141502170668837,0.0024985754985754,16.32619178807044,0.3019548121174468,0.0968654623522977,5.198698590428063,3.425297024524109,465.0,0.0117758784425451,0.0006507338406979,0.653701214486009,1.0,47.0,0.3064994868096202,0.2202827292501476,0.9791395045632334,0.5984354628422425,0.0,9.989417989417989,11.110815057730406,0.5988184427319392
S2SA04-20220721-9W,S2SA04,7,SA,SA,63,0.204,1,0.33,1,11.5,5.24,,,S2SA04,20220721,9,2022-07-21,campaign_1,S2,S2_SA,surface_applied_inhibitor_campaign1,SA,SA,7,3.5,28,196,S2SA04-20220721-9W.png,Data/Images_dataset/S2SA04-20220721-9W.png,True,2835.0,650.0,,S2SA04-20220721-9W,,,5.24,False,False,0.2041514041514041,0.0,0.2666123999457332,186.98223524623523,20.952799568784336,161.0,211.0,20.952799568784336,197.93672337539005,186.5808834622168,163.73422167955502,20.384148075034712,21.263952144958285,21.3251670447018,8.547008547008548e-06,3.471374304707638e-05,6.941052774386108e-05,0.0001877628544295,0.0025261836928503,0.0142170668837335,0.0136394145977479,0.0005669006919006,8.799407670238498,0.3899771184320678,0.1284366812606222,5.14601919232999,3.3241612852248323,314.0,0.0106362773029439,0.0006501637074885,0.6307575175221682,1.0,47.0,0.2076895336902549,0.1239591365547805,0.5658409387222947,0.3775749674054758,0.0,9.989417989417989,10.30424321184555,0.7878446684429796
S2SA04-20220802-10W,S2SA04,7,SA,SA,70,0.338,1,0.697,1,11.5,5.24,,,S2SA04,20220802,10,2022-08-02,campaign_1,S2,S2_SA,surface_applied_inhibitor_campaign1,SA,SA,7,3.5,28,196,S2SA04-20220802-10W.png,Data/Images_dataset/S2SA04-20220802-10W.png,True,2835.0,650.0,,S2SA04-20220802-10W,,,5.24,False,False,0.3381902048568715,0.0,0.3296160629493962,169.34898168498168,19.82877412106672,146.0,193.0,19.82877412106672,181.06638122371456,169.11198914665582,143.44005155338488,19.456851105354456,20.188842407782175,19.774106572265147,9.835843169176502e-06,3.664699498032831e-05,9.79683896350563e-05,0.0004836691086691,0.0081007834757834,0.0188547517297517,0.0036257122507122,4.063220729887396e-05,6.519679074463163,0.4350531863661265,0.1373585399217254,5.068557633234401,3.1799674655083923,258.0,0.0495455162121828,0.0013108147475072,0.6338065799138743,1.0,47.0,0.3393991511553718,0.3437529017079255,1.5267275097783573,0.7619295958279009,0.0,10.488888888888887,11.5895483967371,0.6496225792203435
S2SA04-20220822-13W,S2SA04,7,SA,SA,91,0.37,1,0.886,1,11.5,5.24,,,S2SA04,20220822,13,2022-08-22,campaign_1,S2,S2_SA,surface_applied_inhibitor_campaign1,SA,SA,7,3.5,28,196,S2SA04-20220822-13W.png,Data/Images_dataset/S2SA04-20220822-13W.png,True,2835.0,650.0,,S2SA04-20220822-13W,,,5.24,False,False,0.3696649029982363,0.0,0.3621760955094288,171.60524216524215,19.601360737316355,148.0,194.0,19.601360737316355,183.10878741012075,171.04300963234297,147.46668783068782,19.39565514923396,19.841574914577823,19.524966482876952,1.071767738434405e-05,4.7262922262922264e-05,0.0001006817256817,0.0004088488671822,0.0066830484330484,0.0198804266720933,0.004062678062678,5.6335639668973005e-05,7.267080812198799,0.4275631913517851,0.1389920692755811,5.199278340702795,3.35976231331261,343.0,0.0461809795143128,0.0010777402419773,0.639336588394229,1.0,47.0,0.3724097755832339,0.3912801216418062,1.589308996088657,0.8620599739243804,0.0,10.488888888888887,11.955812804667769,0.3246380382323194
S2SA04-20220906-15W,S2SA04,7,SA,SA,105,0.595,1,2.158,1,16.49,5.24,,,S2SA04,20220906,15,2022-09-06,campaign_1,S2,S2_SA,surface_applied_inhibitor_campaign1,SA,SA,7,3.5,28,196,S2SA04-20220906-15W.png,Data/Images_dataset/S2SA04-20220906-15W.png,True,2835.0,650.0,,S2SA04-20220906-15W,,,5.24,False,False,0.5953601953601954,0.0005969339302672,0.3749287749287749,155.97948609415275,18.581067479170557,135.0,180.0,18.581067479170557,168.82419481752814,155.62789146655814,128.08878144078145,18.45246382991022,18.926779565035776,18.716415583114927,1.351580518247185e-05,3.1169447836114505e-05,0.0001332417582417,0.0012867657034323,0.016504884004884,0.0126252035002035,0.0006541683625016,1.0514177180843847e-06,3.103443618639205,0.5685874615235437,0.1688493884129938,4.923213374060069,2.8951654023285553,135.0,0.2038800705467372,0.0044100755211866,0.650853826541771,1.0,47.0,0.5773807872617825,0.961135464242708,4.598435462842242,1.5942633637548889,0.0,17.48148148148148,11.655907469379352,0.453127156857993
S2SA04-20221102-24W,S2SA04,7,SA,SA,168,3.119,1,6.26,2,16.49,5.24,,,S2SA04,20221102,24,2022-11-02,campaign_1,S2,S2_SA,surface_applied_inhibitor_campaign1,SA,SA,7,3.5,28,196,S2SA04-20221102-24W.png,Data/Images_dataset/S2SA04-20221102-24W.png,True,2835.0,650.0,,S2SA04-20221102-24W,,,5.24,False,False,3.118599918599919,0.0026048026048026,5.099823633156967,129.80081074481075,20.181816956376743,108.0,150.0,20.181816956376743,144.0952787952788,128.89960276760277,101.03214760548094,18.797294240143156,21.04221128374572,20.8865889879789,9.176163342830008e-05,0.0002868674535341,0.0010815018315018,0.0106770451770451,0.0177552062135395,0.0012739960656627,8.021299687966354e-05,3.4086284086284087e-06,6.275792663055455,0.4614208296403208,0.1598715697685931,5.191888687947252,3.2782434261396216,1367.0,0.3356939356939357,0.002281345953621,0.5742806787286526,1.0,47.0,3.103775416793809,2.535817210534661,9.933507170795307,6.278748370273793,13.0,17.48148148148148,12.096493912600268,0.9806540146102928
S2SA04-20221110-25W,S2SA04,7,SA,SA,175,3.074,1,6.734,2,16.49,5.24,,,S2SA04,20221110,25,2022-11-10,campaign_1,S2,S2_SA,surface_applied_inhibitor_campaign1,SA,SA,7,3.5,28,196,S2SA04-20221110-25W.png,Data/Images_dataset/S2SA04-20221110-25W.png,True,2835.0,650.0,,S2SA04-20221110-25W,,,5.24,False,False,3.0743725410392075,0.0076516076516076,0.6508750508750508,162.270652014652,27.9739449090842,133.0,193.0,27.9739449090842,177.17729534662868,161.09587410120744,133.03912359245692,25.507295374126752,29.435096465571164,30.266691125988135,9.45597612264279e-05,0.0001279846696513,0.0005600664767331,0.0016584757834757,0.0108206824040157,0.014495641703975,0.0030095814679148,0.0004830077330077,13.654944440533242,0.3642210831643265,0.1124708487451311,5.239687800150562,3.378618584324701,1246.0,0.6960249626916294,0.0024673936926478,0.6376233013593406,1.0,47.0,3.0961746511692434,2.6948469261275436,9.30117340286832,7.028943937418513,12.0,11.487830687830687,11.549286854149797,0.7471871259838837
S2SA04-20221206-28W,S2SA04,7,SA,SA,196,13.995,2,22.182,4,21.49,5.24,0.1833,2.39,S2SA04,20221206,28,2022-12-06,campaign_1,S2,S2_SA,surface_applied_inhibitor_campaign1,SA,SA,7,3.5,28,196,S2SA04-20221206-28W.png,Data/Images_dataset/S2SA04-20221206-28W.png,True,2835.0,650.0,,S2SA04-20221206-28W,0.1833,18.33,5.24,True,True,13.995170261836927,0.0073260073260073,6.3693393026726355,125.01455596255596,29.70106389248308,85.0,159.0,29.70106389248308,145.6196336996337,122.8610864197531,86.45853262786596,25.78584366727781,32.32042022758085,30.429689630733648,0.0001501153167819,0.0011241181657848,0.0033054198887532,0.0103605175688509,0.0133304334554334,0.0027196615113281,0.0002535951702618,6.1389228055894725e-06,7.458280114700871,0.4403037896785173,0.1143061670362917,5.108491178277536,3.2029564120652827,4533.0,2.9667616334283,0.0030873969251791,0.512376250334037,1.0,47.0,14.142445005409304,8.3861085411294,34.58539765319426,24.29204693611473,39.0,20.977777777777774,12.584408398578454,1.7326396974155924
S2SA05-20220518-0W,S2SA05,7,SA,SA,0,0.063,1,0.225,1,21.49,4.11,,,S2SA05,20220518,0,2022-05-18,campaign_1,S2,S2_SA,surface_applied_inhibitor_campaign1,SA,SA,7,3.5,28,196,S2SA05-20220518-0W.png,Data/Images_dataset/S2SA05-20220518-0W.png,True,2835.0,650.0,,S2SA05-20220518-0W,,,4.11,False,False,0.0634920634920634,0.0,0.1528150861484195,185.41379460046127,14.754017774092212,169.0,201.0,14.754017774092212,194.11637606837607,185.7636505223172,165.80255053588388,14.627553034743274,14.879074982643662,14.77569039785056,1.5601682268348935e-06,1.3956722290055625e-05,3.3560575227241894e-05,7.82967032967033e-05,0.0012268009768009,0.019567969067969,0.010217270383937,0.000110585402252,3.168152799432619,0.5695046783238573,0.2082162438475082,5.1198352470861055,3.111106913974361,47.0,0.0099308099308099,0.0013508949679162,0.5952510149584233,1.0,47.0,0.0581153430053538,0.1248310232025978,0.5723598435462842,0.1882659713168185,0.0,23.475132275132275,19.999580337358115,11.747481457887773
S2SA05-20220603-2W,S2SA05,7,SA,SA,14,0.094,1,0.4,1,21.49,4.11,,,S2SA05,20220603,2,2022-06-03,campaign_1,S2,S2_SA,surface_applied_inhibitor_campaign1,SA,SA,7,3.5,28,196,S2SA05-20220603-2W.png,Data/Images_dataset/S2SA05-20220603-2W.png,True,2835.0,650.0,,S2SA05-20220603-2W,,,4.11,False,False,0.0942070275403608,0.0,0.1219915886582553,199.86070275403608,18.012900241583687,178.0,220.0,18.012900241583687,209.49304734771405,200.63301315967985,175.94733523266856,17.78883570048033,18.09212186287864,18.34868779433739,4.036087369420703e-06,1.8789852123185455e-05,3.10676977343644e-05,5.431759598426265e-05,0.0005036969203635,0.0082318376068376,0.020365469407136,0.0020407848324514,6.440528374613606,0.4336784261925955,0.1490316705965127,5.20392499588983,3.348489185937567,92.0,0.0088454755121421,0.0010239894297865,0.6310752131558164,1.0,47.0,0.0893783461399761,0.1536440381188549,0.5475880052151239,0.3389830508474574,0.0,21.47724867724868,18.92290737083364,7.253474332781814
S2SA05-20220609-3W,S2SA05,7,SA,SA,21,0.078,1,0.332,1,21.49,4.11,,,S2SA05,20220609,3,2022-06-09,campaign_1,S2,S2_SA,surface_applied_inhibitor_campaign1,SA,SA,7,3.5,28,196,S2SA05-20220609-3W.png,Data/Images_dataset/S2SA05-20220609-3W.png,True,2835.0,650.0,,S2SA05-20220609-3W,,,4.11,False,False,0.0779812779812779,0.0,0.1401166734500067,192.1661511328178,16.669426253866924,172.0,210.0,16.669426253866924,200.2074421381088,192.60206701940035,173.44911246777914,16.549270882893982,16.75109112164604,16.886613843674553,1.3227513227513228e-06,1.561864061864062e-05,3.4459367792701124e-05,7.159815493148827e-05,0.0008266856600189,0.0126072785239451,0.0172626339709673,0.0004304029304029,5.305723393899472,0.4775048228090078,0.1680842184545082,5.138707416477022,3.2486632810627114,69.0,0.0071632071632071,0.001130163449004,0.6467078462242084,1.0,47.0,0.0767288967793836,0.1269108091640894,0.4967405475880052,0.2977835723598435,0.0,22.975661375661375,17.813213153505426,5.944434310506063
S2SA05-20220616-4W,S2SA05,7,SA,SA,28,0.024,1,0.073,1,21.49,4.11,,,S2SA05,20220616,4,2022-06-16,campaign_1,S2,S2_SA,surface_applied_inhibitor_campaign1,SA,SA,7,3.5,28,196,S2SA05-20220616-4W.png,Data/Images_dataset/S2SA05-20220616-4W.png,True,2835.0,650.0,,S2SA05-20220616-4W,,,4.11,False,False,0.024094424094424,0.0,0.0945868945868946,205.7881519468186,13.720061890847084,190.0,220.0,13.720061890847084,215.51304951838284,206.15356722290056,183.01198914665585,13.50769500260492,13.822661159810304,13.959776239796687,3.391670058336725e-08,3.205128205128205e-06,2.3029439696106364e-05,4.997625830959164e-05,0.0001451295617962,0.0033736942070275,0.0259271978021978,0.001727733686067,3.433285375195774,0.5590693225352704,0.218382314002052,5.12759697837618,3.168650212988362,41.0,0.0028761362094695,0.0005876688803518,0.6864365097466762,1.0,47.0,0.0229687369968653,0.0366201683555718,0.1642764015645371,0.0748370273794002,0.0,21.47724867724868,14.82497735831069,3.049059861287814
S2SA05-20220623-5W,S2SA05,7,SA,SA,35,0.065,1,0.203,1,21.49,4.11,,,S2SA05,20220623,5,2022-06-23,campaign_1,S2,S2_SA,surface_applied_inhibitor_campaign1,SA,SA,7,3.5,28,196,S2SA05-20220623-5W.png,Data/Images_dataset/S2SA05-20220623-5W.png,True,2835.0,650.0,,S2SA05-20220623-5W,,,4.11,False,False,0.064685931352598,0.0,0.0935558268891602,192.73254375254376,16.336817314688197,173.0,211.0,16.336817314688197,203.0066455026455,193.15274888074887,168.27313200379868,16.043106844746415,16.5469796203002,16.523013650816917,4.917921584588251e-07,1.0734635734635735e-05,2.4708316374983043e-05,8.747117080450414e-05,0.00080291005291,0.012472561389228,0.0173194274860941,0.0005316951566951,4.686802628489861,0.5004012726056404,0.1778815512107238,5.015480197634273,3.086834062914981,60.0,0.0075430742097408,0.0010780988558766,0.500891728028203,1.0,47.0,0.0573663624511082,0.1055379133902846,0.4537157757496741,0.2104302477183832,0.0,23.475132275132275,16.865743403998444,7.888594397200472
S2SA05-20220630-6W,S2SA05,7,SA,SA,42,0.094,1,0.255,1,21.49,4.11,,,S2SA05,20220630,6,2022-06-30,campaign_1,S2,S2_SA,surface_applied_inhibitor_campaign1,SA,SA,7,3.5,28,196,S2SA05-20220630-6W.png,Data/Images_dataset/S2SA05-20220630-6W.png,True,2835.0,650.0,,S2SA05-20220630-6W,,,4.11,False,False,0.0937186270519604,0.0001085334418667,0.1384344051010717,201.6115571835572,20.14758212562922,177.0,223.0,20.14758212562922,211.0984230090897,202.25783421516755,178.58549070682403,19.863913024074822,20.267703510851273,20.546747378109508,3.951295617962285e-06,1.5771265771265772e-05,3.4781576448243114e-05,0.000128086419753,0.000910120743454,0.0063028930945597,0.0210382410799077,0.0028161545244878,9.283636434064904,0.392091842912562,0.1433086982958034,5.207213131776372,3.426113626362734,109.0,0.0082485415818749,0.0008598039179078,0.6101623350032204,1.0,47.0,0.0833865017060112,0.1274675706447464,0.5358539765319427,0.2344198174706649,0.0,0.4994708994708994,14.351265153812928,4.042875556653308
S2SA05-20220708-7W,S2SA05,7,SA,SA,49,0.038,1,0.112,1,21.49,4.11,,,S2SA05,20220708,7,2022-07-08,campaign_1,S2,S2_SA,surface_applied_inhibitor_campaign1,SA,SA,7,3.5,28,196,S2SA05-20220708-7W.png,Data/Images_dataset/S2SA05-20220708-7W.png,True,2835.0,650.0,,S2SA05-20220708-7W,,,4.11,False,False,0.0376068376068376,0.0,0.091710758377425,204.0022618369285,16.642198181616287,183.0,223.0,16.642198181616287,212.87667182200516,204.56745136345137,183.28236874236873,16.282949260279157,16.7489681341484,17.360405436761614,2.71333604666938e-07,6.376339709673043e-06,2.3639940306606977e-05,5.413105413105413e-05,0.0002709266042599,0.0057813220729887,0.0223897028897028,0.0027236297652964,5.007026675986799,0.4647025125545367,0.1623855502604516,5.129180475395225,3.2677448016219404,44.0,0.0048297381630714,0.0008547008547008,0.8186692962724926,1.0,47.0,0.0348414657826846,0.0519808460316882,0.2046936114732724,0.107431551499348,0.0,21.47724867724868,14.230480160638894,2.581780673942542
S2SA05-20220714-8W,S2SA05,7,SA,SA,56,0.081,1,0.243,1,21.49,4.11,,,S2SA05,20220714,8,2022-07-14,campaign_1,S2,S2_SA,surface_applied_inhibitor_campaign1,SA,SA,7,3.5,28,196,S2SA05-20220714-8W.png,Data/Images_dataset/S2SA05-20220714-8W.png,True,2835.0,650.0,,S2SA05-20220714-8W,,,4.11,False,False,0.0806403473070139,0.0,0.1195495862162528,192.32932302265635,19.561370805776793,166.0,214.0,19.561370805776793,203.0519104599105,192.15991425858093,168.5639137159137,19.084154290225303,19.811986824873564,19.833570588311257,1.3397096730430063e-06,1.4957264957264958e-05,3.1169447836114505e-05,8.792904626237959e-05,0.0017210690544023,0.0114675417175417,0.0171696343779677,0.0007563593813593,7.417288720801794,0.4048242004714967,0.1354178134405578,5.092258170585029,3.252855437979935,86.0,0.0061321394654727,0.0009376784570583,0.5593845225926143,1.0,47.0,0.0734833143776526,0.1066425971393973,0.3898305084745763,0.2015645371577574,0.0,21.976719576719574,15.599473035812204,3.632224650256078
S2SA05-20220721-9W,S2SA05,7,SA,SA,63,0.069,1,0.235,1,21.49,4.11,,,S2SA05,20220721,9,2022-07-21,campaign_1,S2,S2_SA,surface_applied_inhibitor_campaign1,SA,SA,7,3.5,28,196,S2SA05-20220721-9W.png,Data/Images_dataset/S2SA05-20220721-9W.png,True,2835.0,650.0,,S2SA05-20220721-9W,,,4.11,False,False,0.0688644688644688,0.0,0.1160222493555826,186.84946248812915,17.098202724128182,165.0,207.0,17.098202724128182,197.66678334011667,186.6804471577805,162.87934500067834,16.688165414672593,17.360293978586608,17.233764062376316,2.119793786460453e-06,1.26339709673043e-05,2.9456654456654455e-05,7.646520146520146e-05,0.0018229887396554,0.0160472290055623,0.0130643738977072,0.0001947327363994,4.798637558824017,0.477951714493249,0.1602687011016438,5.0303027680912376,3.1207327485131096,87.0,0.0058065391398724,0.0007915456191318,0.5592659098166699,1.0,47.0,0.0630253266387417,0.0932561813535358,0.3311603650586701,0.2127770534550195,0.0,21.47724867724868,14.62862479726152,5.888355653620276
S2SA05-20220802-10W,S2SA05,7,SA,SA,70,0.072,1,0.253,1,21.49,4.11,,,S2SA05,20220802,10,2022-08-02,campaign_1,S2,S2_SA,surface_applied_inhibitor_campaign1,SA,SA,7,3.5,28,196,S2SA05-20220802-10W.png,Data/Images_dataset/S2SA05-20220802-10W.png,True,2835.0,650.0,,S2SA05-20220802-10W,,,4.11,False,False,0.0715778049111382,0.0,0.119006919006919,191.81280965947633,23.325057182503983,161.0,220.0,23.325057182503983,202.51639777506443,191.7790807217474,167.5562897842898,23.037786447490557,23.52133597299583,23.393982214202516,2.6624609957943293e-06,1.4177180843847513e-05,2.843915343915344e-05,0.0001199972866639,0.0025725647808981,0.0119122914122914,0.0142355006105006,0.0023643671143671,10.118593082972064,0.3475871812161842,0.1054857757868275,5.164069327749271,3.379762478207714,96.0,0.0066748066748066,0.000745602134491,0.6756853191293389,1.0,47.0,0.0674359899026325,0.0903284756528545,0.3155149934810952,0.2159061277705344,0.0,21.976719576719574,15.710526252451947,3.58291962582498
S2SA05-20220822-13W,S2SA05,7,SA,SA,91,0.043,1,0.112,1,21.49,4.11,,,S2SA05,20220822,13,2022-08-22,campaign_1,S2,S2_SA,surface_applied_inhibitor_campaign1,SA,SA,7,3.5,28,196,S2SA05-20220822-13W.png,Data/Images_dataset/S2SA05-20220822-13W.png,True,2835.0,650.0,,S2SA05-20220822-13W,,,4.11,False,False,0.0431420431420431,0.0,0.1219373219373219,184.24323918057252,22.76518864879769,153.0,211.0,22.76518864879769,195.68690869624203,183.7353487993488,160.2362089268756,22.67790213632607,23.027054231894144,21.98680022848656,8.309591642924976e-07,6.935965269298602e-06,2.7845611178944512e-05,0.0002305148555148,0.004450702075702,0.0134662020078686,0.0123852089268755,0.0006817595984262,7.63378365182524,0.4001681563109954,0.1158555316288864,5.140463973279569,3.3115723787080493,64.0,0.0061321394654727,0.0006740944240944,0.6911157000516169,1.0,47.0,0.0426364115509445,0.0481764379435124,0.1720990873533246,0.1100391134289439,0.0,21.976719576719574,14.650219959402346,1.1888313928455765
S2SA05-20220906-15W,S2SA05,7,SA,SA,105,0.234,1,0.658,1,21.49,4.11,,,S2SA05,20220906,15,2022-09-06,campaign_1,S2,S2_SA,surface_applied_inhibitor_campaign1,SA,SA,7,3.5,28,196,S2SA05-20220906-15W.png,Data/Images_dataset/S2SA05-20220906-15W.png,True,2835.0,650.0,,S2SA05-20220906-15W,,,4.11,False,False,0.2340523673857007,0.0005969339302672,1.502862569529236,153.7428842762176,21.773162758496422,128.0,180.0,21.773162758496422,165.84209089675755,153.53264957264958,127.15091032424364,22.093509803089773,21.867195799737495,20.956592996976728,1.9315560982227648e-05,4.0716999050332386e-05,0.0002061457061457,0.0028576855243521,0.0157469644552977,0.011273199023199,0.0010729717813051,3.300094966761633e-05,8.494636160803921,0.379008064984085,0.119147846560271,5.191551221369422,3.3717041929617,286.0,0.0160629493962827,0.000818364920929,0.5829625111398244,1.0,47.0,0.2049155316374934,0.3139199591533739,1.410691003911343,0.7322033898305084,0.0,0.4994708994708994,14.176127543528423,5.419261597422966
S2SA05-20221102-24W,S2SA05,7,SA,SA,168,1.467,1,4.15,1,21.49,4.11,,,S2SA05,20221102,24,2022-11-02,campaign_1,S2,S2_SA,surface_applied_inhibitor_campaign1,SA,SA,7,3.5,28,196,S2SA05-20221102-24W.png,Data/Images_dataset/S2SA05-20221102-24W.png,True,2835.0,650.0,,S2SA05-20221102-24W,,,4.11,False,False,1.4666123999457332,0.0007597340930674,1.1437796771130104,149.50601872201872,20.396516587077077,128.0,171.0,20.396516587077077,163.35771157237824,149.19230172296838,119.48506579839912,19.240664597758876,21.02254163154985,21.50517368424803,3.101682268348935e-05,6.476393976393977e-05,0.0004930470763804,0.0024245862162528,0.0194460724460724,0.0081197598697598,0.0006370913037579,3.3662325328991994e-05,4.560445320162597,0.5101917577982485,0.1607835977041529,5.188946671627714,3.2470802655097257,365.0,0.5692579025912359,0.0040181161642348,0.5985364767329869,1.0,47.0,1.444838969180837,2.5158412443426186,12.130378096479792,3.830247718383311,3.0,22.975661375661375,15.258431680721324,2.674473226148798
S2SA05-20221110-25W,S2SA05,7,SA,SA,175,3.163,1,7.777,2,21.49,4.11,,,S2SA05,20221110,25,2022-11-10,campaign_1,S2,S2_SA,surface_applied_inhibitor_campaign1,SA,SA,7,3.5,28,196,S2SA05-20221110-25W.png,Data/Images_dataset/S2SA05-20221110-25W.png,True,2835.0,650.0,,S2SA05-20221110-25W,,,4.11,False,False,3.1629358296024965,0.000705467372134,0.3278795278795278,164.4193303486637,24.163244703300688,136.0,188.0,24.163244703300688,180.1033905847239,163.15356233889568,133.93188549721884,20.30424478050594,26.15966381788953,28.15947819832657,3.6070411070411074e-05,4.780558947225614e-05,0.0004189051689051,0.0016832180165513,0.0078432709266042,0.018686457061457,0.0022382309048975,0.0002960419210419,6.319927871569881,0.4783651027001372,0.1515525133953199,5.218115898137011,3.29384319084273,516.0,1.5765025098358432,0.0061297206000048,0.6360766918502982,1.0,47.0,3.116730006380204,5.949917373367092,29.962190352020865,8.659191655801823,8.0,22.975661375661375,15.704928700560504,2.712771728093894
S2SA05-20221206-28W,S2SA05,7,SA,SA,196,9.946,2,28.547,4,21.49,4.11,0.2254,2.76,S2SA05,20221206,28,2022-12-06,campaign_1,S2,S2_SA,surface_applied_inhibitor_campaign1,SA,SA,7,3.5,28,196,S2SA05-20221206-28W.png,Data/Images_dataset/S2SA05-20221206-28W.png,True,2835.0,650.0,,S2SA05-20221206-28W,0.2254,22.54,4.11,True,True,9.945679012345678,0.0010310676977343,2.5766381766381765,130.98711708045042,25.10375712342354,99.0,155.0,25.10375712342354,148.72936263736264,129.5683711843712,96.18330647130648,21.040285171058304,27.664078369654533,26.249569722348255,5.580993080993081e-05,0.0006382444715778,0.0021541174874508,0.0075115486365486,0.0186033441866775,0.0020255901505901,0.0002556471306471,5.698005698005698e-06,4.034529441735561,0.5439370784149156,0.1652006071510279,5.100824629868388,3.131662216835034,1805.0,4.7620132953466285,0.0055100714749837,0.5301494509123289,1.0,47.0,9.819218286221531,13.338037621870734,49.374185136897005,31.14810951760103,17.0,21.976719576719574,15.423334940202576,1.9513386503475416
S2SA06-20220518-0W,S2SA06,7,SA,SA,0,0.056,1,0.132,1,1.51,2.87,,,S2SA06,20220518,0,2022-05-18,campaign_1,S2,S2_SA,surface_applied_inhibitor_campaign1,SA,SA,7,3.5,28,196,S2SA06-20220518-0W.png,Data/Images_dataset/S2SA06-20220518-0W.png,True,2835.0,650.0,,S2SA06-20220518-0W,,,2.87,False,False,0.0563831230497897,0.0001628001628001,0.0755392755392755,173.7214353547687,17.428389255181063,152.0,195.0,17.428389255181063,183.09716510649844,173.7248888888889,152.74328964862298,17.407123629541438,17.487133730185995,17.36330250039826,4.086962420295754e-06,1.131121964455298e-05,1.7043142043142042e-05,0.0001307658390991,0.0060264380681047,0.0203420838420838,0.0046744335911002,4.383733550400217e-05,3.357665049193355,0.5336819166039678,0.1629033338125493,5.155996088848893,3.211568177198512,56.0,0.0080314746981413,0.0010068414830319,0.7306136430831364,1.0,47.0,0.0531498793309107,0.0920845514274038,0.4563233376792698,0.1395045632333767,0.0,23.475132275132275,12.85257802832394,2.5258028146348135
S2SA06-20220603-2W,S2SA06,7,SA,SA,14,0.051,1,0.146,1,1.51,2.87,,,S2SA06,20220603,2,2022-06-03,campaign_1,S2,S2_SA,surface_applied_inhibitor_campaign1,SA,SA,7,3.5,28,196,S2SA06-20220603-2W.png,Data/Images_dataset/S2SA06-20220603-2W.png,True,2835.0,650.0,,S2SA06-20220603-2W,,,2.87,False,False,0.0511192511192511,0.0,0.0800434133767467,172.83972541039208,17.515649789286574,150.0,195.0,17.515649789286574,183.5993775607109,172.74542612942614,148.14707095373765,17.38153619216198,17.659765806881204,17.218536209044768,2.543752543752544e-06,9.25925925925926e-06,1.890856057522724e-05,0.0001609517026183,0.0066316137566137,0.0198713539546872,0.0045487382987382,6.630714964048297e-06,3.3881455668044502,0.521148411489712,0.157585727230895,4.993518911107842,3.029098977576998,50.0,0.0052638719305385,0.001022385022385,0.5658412236333525,1.0,47.0,0.0486837360259646,0.0949975380705898,0.3898305084745763,0.1290743155149934,0.0,23.475132275132275,11.649513025309204,3.902429089350003
S2SA06-20220609-3W,S2SA06,7,SA,SA,21,0.063,1,0.094,1,11.5,2.87,,,S2SA06,20220609,3,2022-06-09,campaign_1,S2,S2_SA,surface_applied_inhibitor_campaign1,SA,SA,7,3.5,28,196,S2SA06-20220609-3W.png,Data/Images_dataset/S2SA06-20220609-3W.png,True,2835.0,650.0,,S2SA06-20220609-3W,,,2.87,False,False,0.062732329398996,0.0003798670465337,0.1316510649843983,173.26420675620676,18.762177847159183,147.0,194.0,18.762177847159183,182.60216144349477,173.33239289105956,152.22781277981278,18.800379585977495,18.87121055520938,18.39166028995445,6.155881155881156e-06,1.2481345814679148e-05,2.3368606701940034e-05,0.0004530592863926,0.006207502374169,0.0200490605073938,0.0044683218016551,3.0050196716863385e-05,5.866488983203036,0.4583144576402463,0.1492998798309806,5.05362257391816,3.18372427805987,76.0,0.0061864061864061,0.0008254253868288,0.6169845015591627,1.0,47.0,0.0601681045243973,0.1146564077567334,0.5958279009126466,0.1408083441981746,0.0,23.475132275132275,15.011493747825927,2.289482685785323
S2SA06-20220616-4W,S2SA06,7,SA,SA,28,0.022,1,0.031,1,6.5,2.87,,,S2SA06,20220616,4,2022-06-16,campaign_1,S2,S2_SA,surface_applied_inhibitor_campaign1,SA,SA,7,3.5,28,196,S2SA06-20220616-4W.png,Data/Images_dataset/S2SA06-20220616-4W.png,True,2835.0,650.0,,S2SA06-20220616-4W,,,2.87,False,False,0.0218152218152218,0.0,0.0525844525844525,207.6445296431963,16.37621728426986,186.0,226.0,16.37621728426986,218.36289187355857,207.67829222629223,182.9856969203636,16.054522695723303,16.474186777501195,16.986166093735104,1.5262515262515261e-07,4.25654592321259e-06,1.3346221679555011e-05,2.05026455026455e-05,0.0002220017636684,0.0044557726224392,0.022185117351784,0.0043488502238502,4.934067735732764,0.4749300038231968,0.1698226989162291,5.132217674595689,3.249644910425582,33.0,0.0038529371862705,0.0006610673277339,0.6137687474307355,1.0,47.0,0.0201947349441038,0.0409199999845326,0.2151238591916558,0.0396349413298565,0.0,23.475132275132275,16.10171365395246,2.91740467628207
S2SA06-20220623-5W,S2SA06,7,SA,SA,35,0.043,1,0.113,1,11.5,2.87,,,S2SA06,20220623,5,2022-06-23,campaign_1,S2,S2_SA,surface_applied_inhibitor_campaign1,SA,SA,7,3.5,28,196,S2SA06-20220623-5W.png,Data/Images_dataset/S2SA06-20220623-5W.png,True,2835.0,650.0,,S2SA06-20220623-5W,,,2.87,False,False,0.0432505765839099,0.0,0.0763532763532763,174.79467914801248,16.465165159356673,153.0,194.0,16.465165159356673,186.69944973544975,174.6658494098494,148.15007190340523,16.446434234994776,16.66344901409344,16.099851555657793,2.8829195495862164e-07,7.2072988739655405e-06,1.441459774793108e-05,0.0001911545244878,0.0048808506308506,0.0217400454483787,0.004405118030118,1.0921177587844254e-05,3.8657817129781664,0.5085925293821061,0.1688706862288677,4.913297048465393,2.9328073299299797,45.0,0.0086284086284086,0.0009611239240868,0.480005960150786,1.0,47.0,0.0414990707093123,0.0875827352574396,0.3689700130378096,0.1444589308996087,0.0,23.475132275132275,13.896864564869585,1.5746287331705269
S2SA06-20220630-6W,S2SA06,7,SA,SA,42,0.05,1,0.133,1,1.51,2.87,,,S2SA06,20220630,6,2022-06-30,campaign_1,S2,S2_SA,surface_applied_inhibitor_campaign1,SA,SA,7,3.5,28,196,S2SA06-20220630-6W.png,Data/Images_dataset/S2SA06-20220630-6W.png,True,2835.0,650.0,,S2SA06-20220630-6W,,,2.87,False,False,0.0499796499796499,0.0,0.0549179215845882,204.49391073124409,20.26973507249177,177.0,226.0,20.26973507249177,216.2692828652829,204.7618640618641,176.7108251254918,19.666320108800008,20.46714916190996,21.318459155833537,1.984126984126984e-06,7.037715371048705e-06,1.385497218830552e-05,7.588861755528422e-05,0.0010130748880748,0.0053796805046805,0.0205150929317596,0.0042433862433862,7.2319733788028575,0.4401471450783931,0.1497002131274821,5.157415179073611,3.3149589371843087,42.0,0.0130782797449464,0.0011899916661821,0.6210900034782479,1.0,47.0,0.0492107964159893,0.0882246396975661,0.3976531942633638,0.1139504563233376,0.0,0.9989417989417988,10.259453435132045,2.213423993757449
S2SA06-20220708-7W,S2SA06,7,SA,SA,49,0.195,1,0.76,1,1.51,2.87,,,S2SA06,20220708,7,2022-07-08,campaign_1,S2,S2_SA,surface_applied_inhibitor_campaign1,SA,SA,7,3.5,28,196,S2SA06-20220708-7W.png,Data/Images_dataset/S2SA06-20220708-7W.png,True,2835.0,650.0,,S2SA06-20220708-7W,,,2.87,False,False,0.1947089947089947,0.0,0.1155881155881155,158.7353487993488,15.497453242874816,140.0,179.0,15.497453242874816,169.42691032424366,158.56515913715913,135.30475810609144,15.11865055297268,15.814419021332167,15.76917364976639,2.357210690544024e-06,1.492334825668159e-05,4.254850088183422e-05,0.000506919006919,0.0155740231990231,0.0147287172703839,0.000380121421788,3.900420567087234e-07,3.619490263690464,0.5064695844429383,0.1686545279313544,4.958257980219266,2.989580488409356,82.0,0.0721747388414055,0.0023744999354755,0.6597634766908084,1.0,47.0,0.1926821825848151,0.4490120134542738,2.1838331160365057,0.5439374185136896,0.0,0.9989417989417988,8.545026631983154,2.6320412850555677
S2SA06-20220714-8W,S2SA06,7,SA,SA,56,0.131,1,0.352,1,1.51,2.87,,,S2SA06,20220714,8,2022-07-14,campaign_1,S2,S2_SA,surface_applied_inhibitor_campaign1,SA,SA,7,3.5,28,196,S2SA06-20220714-8W.png,Data/Images_dataset/S2SA06-20220714-8W.png,True,2835.0,650.0,,S2SA06-20220714-8W,,,2.87,False,False,0.1305114638447971,0.0002170668837335,0.1014787681454348,195.53920607787273,26.36951205291496,160.0,228.0,26.36951205291496,209.03397530864197,194.99742178808845,167.00828327228328,25.41906094394945,26.788452072276613,27.430098543372175,5.731922398589065e-06,1.3990638990638991e-05,2.8608736942070276e-05,0.0002146757563424,0.0027969576719576,0.0096005799755799,0.0142231379731379,0.0043663173246506,14.603838106661716,0.3159711339246728,0.0940944683725161,5.135531769449757,3.33627628486241,141.0,0.0331026997693664,0.0009256132187574,0.5949648872639793,1.0,47.0,0.1269938139754223,0.2315470164759232,1.0078226857887875,0.3045632333767925,0.0,0.9989417989417988,11.317466037466035,2.175401855763711
S2SA06-20220721-9W,S2SA06,7,SA,SA,63,0.097,1,0.424,1,1.51,2.87,,,S2SA06,20220721,9,2022-07-21,campaign_1,S2,S2_SA,surface_applied_inhibitor_campaign1,SA,SA,7,3.5,28,196,S2SA06-20220721-9W.png,Data/Images_dataset/S2SA06-20220721-9W.png,True,2835.0,650.0,,S2SA06-20220721-9W,,,2.87,False,False,0.0970831637498304,0.0,0.0450956450956451,183.78503866503863,18.550880147902262,160.0,207.0,18.550880147902262,196.02192266992267,183.0574532627866,159.01129398996065,17.87845765335866,19.019237714306513,19.17810294546581,1.1870845204178538e-06,5.579297245963913e-06,2.031610364943698e-05,7.465065798399132e-05,0.0030155677655677,0.0169639295889295,0.0109715608465608,0.0001972086555419,5.369940879205188,0.440551513134824,0.1365070727070848,4.980946117836407,3.070854786538069,50.0,0.0467236467236467,0.0019416632749966,0.638333606555745,1.0,47.0,0.0939554495270326,0.2603989903046566,1.2607561929595827,0.116818774445893,0.0,0.9989417989417988,8.352938740864957,6.520416930088179
S2SA06-20220802-10W,S2SA06,7,SA,SA,70,0.205,1,0.648,1,1.51,2.87,,,S2SA06,20220802,10,2022-08-02,campaign_1,S2,S2_SA,surface_applied_inhibitor_campaign1,SA,SA,7,3.5,28,196,S2SA06-20220802-10W.png,Data/Images_dataset/S2SA06-20220802-10W.png,True,2835.0,650.0,,S2SA06-20220802-10W,,,2.87,False,False,0.2051282051282051,0.0,0.2720933387600054,168.0390579297246,24.036496250454984,137.0,200.0,24.036496250454984,180.86825722425723,167.2417202550536,142.2509298602632,23.883648366760365,24.37304613971693,23.579829670021535,4.748338081671415e-06,1.3091846425179758e-05,4.52618369285036e-05,0.0011820648487315,0.0103526997693664,0.014030118030118,0.0054950820784154,0.0001269332519332,8.940155463702672,0.3659368235606412,0.1032059385413526,5.076535689253853,3.2282221486056724,129.0,0.0485687152353819,0.0015901411250248,0.6169821855325325,1.0,47.0,0.1940414435906682,0.3667668589642606,1.6636245110821382,0.3189048239895697,0.0,0.4994708994708994,11.507279191511994,3.8230446019996496
S2SA06-20220822-13W,S2SA06,7,SA,SA,91,0.114,1,0.515,1,1.51,2.87,,,S2SA06,20220822,13,2022-08-22,campaign_1,S2,S2_SA,surface_applied_inhibitor_campaign1,SA,SA,7,3.5,28,196,S2SA06-20220822-13W.png,Data/Images_dataset/S2SA06-20220822-13W.png,True,2835.0,650.0,,S2SA06-20220822-13W,,,2.87,False,False,0.113688780355447,0.0,0.0510649843983177,177.4723440510107,17.620999670739828,154.0,199.0,17.620999670739828,191.00746818613484,176.86306661239993,149.0691455704789,17.697308928299286,17.986831660232927,17.156744023213236,5.42667209333876e-07,6.715506715506716e-06,1.7975851309184642e-05,0.0001211334961334,0.004674535341202,0.0189054232804232,0.00751221001221,1.146384479717813e-05,3.236639337131489,0.5435839392897481,0.1632123354631388,5.016483944378586,3.039296309402541,69.0,0.032071632071632,0.0016476634834122,0.6484257343327933,1.0,47.0,0.1074925795445088,0.2382638598419339,1.1929595827900912,0.2954367666232072,0.0,0.4994708994708994,7.8674960538445005,6.409615546902389
S2SA06-20220906-15W,S2SA06,7,SA,SA,105,1.127,1,4.146,1,1.51,2.87,,,S2SA06,20220906,15,2022-09-06,campaign_1,S2,S2_SA,surface_applied_inhibitor_campaign1,SA,SA,7,3.5,28,196,S2SA06-20220906-15W.png,Data/Images_dataset/S2SA06-20220906-15W.png,True,2835.0,650.0,,S2SA06-20220906-15W,,,2.87,False,False,1.1267399267399267,0.0059693393026726,4.49371862705196,138.77163098629765,21.532293997468496,113.0,165.0,21.532293997468496,152.1389711029711,138.28369013702348,110.29262298195631,21.394005147781662,21.9206564603758,21.331534539762764,1.9586894586894588e-05,6.010039343372677e-05,0.0007470492470492,0.0078579398996065,0.01755116334283,0.0047900725817392,0.0002145570478903,9.530592863926196e-06,8.072673503788081,0.3930444823349573,0.1219185648727547,5.169070755492485,3.338940619728563,751.0,0.2920092253425587,0.0015003194763514,0.6050381029114272,1.0,47.0,1.088435185442037,1.6448015625157155,7.55019556714472,2.4917861799217733,3.0,0.9989417989417988,9.18080294948763,2.9463489786560397
S2SA06-20221102-24W,S2SA06,7,SA,SA,168,4.485,1,10.466,2,1.51,2.87,,,S2SA06,20221102,24,2022-11-02,campaign_1,S2,S2_SA,surface_applied_inhibitor_campaign1,SA,SA,7,3.5,28,196,S2SA06-20221102-24W.png,Data/Images_dataset/S2SA06-20221102-24W.png,True,2835.0,650.0,,S2SA06-20221102-24W,,,2.87,False,False,4.484601817935151,0.0029846696513363,4.3815493148826485,139.04021652421653,24.229297849662743,108.0,165.0,24.229297849662743,155.56789255189256,137.63975308641974,107.2017273097273,22.090972643301136,25.51595631227109,25.69585346420876,2.9778863112196445e-05,0.0001720424637091,0.0014269434269434,0.0064920804504137,0.018194478361145,0.0045158899742233,0.0003959944376611,2.279202279202279e-05,5.861823675378902,0.4708905535306602,0.1381611520316149,5.198724549395589,3.302368839046926,1985.0,0.5617690951024285,0.00225924524833,0.5273568203003098,1.0,47.0,4.371827235152154,3.1961676369754985,13.504563233376793,8.13063885267275,18.0,1.4984126984126984,8.893758662548594,1.673000884948222
S2SA06-20221110-25W,S2SA06,7,SA,SA,175,4.464,1,9.379,2,1.51,2.87,,,S2SA06,20221110,25,2022-11-10,campaign_1,S2,S2_SA,surface_applied_inhibitor_campaign1,SA,SA,7,3.5,28,196,S2SA06-20221110-25W.png,Data/Images_dataset/S2SA06-20221110-25W.png,True,2835.0,650.0,,S2SA06-20221110-25W,,,2.87,False,False,4.464414597747931,0.0010310676977343,0.3948989282322616,159.2635224528558,23.956847696963457,128.0,184.0,23.956847696963457,178.07714122914123,157.1001790801791,125.33250793650794,18.97125333884148,26.70470176630001,29.081030005779144,2.094356261022928e-05,2.3555148555148554e-05,0.0006203194953194,0.0024290971374304,0.0100263024013024,0.0167465404965404,0.0012932946682946,8.994708994708995e-05,4.571971437599231,0.5332662398580055,0.1573542186689321,5.112990732648593,3.134000797876561,733.0,0.4588251254917921,0.0060906065453587,0.6617256563973373,1.0,47.0,4.412494105245638,3.484610457047149,13.928292046936114,8.027900912646675,20.0,0.9989417989417988,9.424780489009596,1.6375530953730653
S2SA06-20221206-28W,S2SA06,7,SA,SA,196,20.888,3,29.599,4,9.0,2.87,0.1657,2.48,S2SA06,20221206,28,2022-12-06,campaign_1,S2,S2_SA,surface_applied_inhibitor_campaign1,SA,SA,7,3.5,28,196,S2SA06-20221206-28W.png,Data/Images_dataset/S2SA06-20221206-28W.png,True,2835.0,650.0,,S2SA06-20221206-28W,0.1657,16.57,2.87,True,True,20.88764075430742,0.0020078686745353,0.7276624609957943,131.51883326549992,28.616426580613957,90.0,164.0,28.616426580613957,161.97100691900692,126.57154307420974,81.3027610907611,22.352191140435067,32.62558994526797,30.454756153663276,3.240740740740741e-05,0.0003858703025369,0.0036254239587572,0.0078923992673992,0.0146855582688916,0.0044007936507936,0.00021686338353,1.0683760683760684e-05,5.023176113023016,0.5104284234320633,0.1234918137519134,5.053423555167132,3.102194978888679,2111.0,4.178157644824312,0.0098946663923768,0.644537454306369,1.0,47.0,20.873366806291433,7.231439900028427,36.50847457627119,29.958539765319426,46.0,16.98201058201058,11.294723575294206,0.752735973720162
S2SA07-20220518-0W,S2SA07,7,SA,SA,0,0.027,1,0.202,1,1.51,4.3,,,S2SA07,20220518,0,2022-05-18,campaign_1,S2,S2_SA,surface_applied_inhibitor_campaign1,SA,SA,7,3.5,28,196,S2SA07-20220518-0W.png,Data/Images_dataset/S2SA07-20220518-0W.png,True,2835.0,650.0,,S2SA07-20220518-0W,,,4.3,False,False,0.0268077601410934,0.0,0.0716320716320716,159.05111870845204,12.764542227663222,143.0,175.0,12.764542227663222,167.39511816578482,158.9524764618098,141.33677113010447,12.930672428357108,12.679481215234595,12.85574657462165,8.987925654592322e-07,5.850630850630851e-06,1.0683760683760684e-05,0.0003332994166327,0.0156128069461402,0.0151470288970288,0.0001390245556912,4.07000407000407e-07,1.5826626877392806,0.6412250216555698,0.2352849449217243,5.0767433609940555,3.013424443749369,19.0,0.0069461402794736,0.001410934744268,0.6852779708392054,1.0,47.0,0.0218036561347055,0.0941122214335453,0.5658409387222947,0.0132985658409387,0.0,0.4994708994708994,1.3792772529614634,42699.82659713168
S2SA07-20220603-2W,S2SA07,7,SA,SA,14,0.025,1,0.161,1,1.51,4.3,,,S2SA07,20220603,2,2022-06-03,campaign_1,S2,S2_SA,surface_applied_inhibitor_campaign1,SA,SA,7,3.5,28,196,S2SA07-20220603-2W.png,Data/Images_dataset/S2SA07-20220603-2W.png,True,2835.0,650.0,,S2SA07-20220603-2W,,,4.3,False,False,0.0245285578618911,0.0,0.021706688373355,202.68850142450145,14.68960472648308,184.0,219.0,14.68960472648308,213.2223144756478,203.1761655134989,177.29631528964862,14.471595154039084,14.74251237677031,15.272552970163964,1.5092931759598427e-06,5.223171889838557e-06,5.782797449464116e-06,1.221001221001221e-05,0.0002260717677384,0.0057819156152489,0.0237519671686338,0.0014653201736535,4.066458792429951,0.4910689287120055,0.1844080678416833,5.178831327282009,3.2975453916881796,28.0,0.0060778727445394,0.0008760199236389,0.6744294142298187,1.0,47.0,0.0183361535687536,0.0717593314964822,0.4706649282920469,0.0221642764015645,0.0,0.4994708994708994,3.019431568104135,20.14568614280294
S2SA07-20220609-3W,S2SA07,7,SA,SA,21,0.034,1,0.166,1,1.51,4.3,,,S2SA07,20220609,3,2022-06-09,campaign_1,S2,S2_SA,surface_applied_inhibitor_campaign1,SA,SA,7,3.5,28,196,S2SA07-20220609-3W.png,Data/Images_dataset/S2SA07-20220609-3W.png,True,2835.0,650.0,,S2SA07-20220609-3W,,,4.3,False,False,0.0342965676299009,0.0,0.0428164428164428,188.3383937050604,15.579979694295275,168.0,205.0,15.579979694295275,197.79624094424096,188.34662596662596,167.02570180436848,15.395863547935908,15.67648638637824,15.80051725489575,1.1531678198344866e-06,5.731922398589065e-06,1.0310676977343644e-05,7.398928232261566e-05,0.0014007427757427,0.0149370336453669,0.0147289038122371,9.213471713471714e-05,2.8817321938261853,0.5557002580508088,0.1928211266989195,5.132070573779712,3.1883854402036795,30.0,0.0074888074888074,0.0011432189209966,0.6570723700943761,1.0,47.0,0.0292102416155788,0.0834894988244514,0.4954367666232073,0.0372881355932203,0.0,0.4994708994708994,4.119737458977966,19.21773908396306
S2SA07-20220616-4W,S2SA07,7,SA,SA,28,0.024,1,0.103,1,1.51,4.3,,,S2SA07,20220616,4,2022-06-16,campaign_1,S2,S2_SA,surface_applied_inhibitor_campaign1,SA,SA,7,3.5,28,196,S2SA07-20220616-4W.png,Data/Images_dataset/S2SA07-20220616-4W.png,True,2835.0,650.0,,S2SA07-20220616-4W,,,4.3,False,False,0.0239316239316239,0.0,0.0285442952109618,212.46635951702615,13.963695589462157,195.0,227.0,13.963695589462157,223.15186216252883,212.4813034866368,187.90214733414737,13.693946037238948,14.0244467709251,14.713081391156352,6.105006105006105e-07,3.7308370641703977e-06,8.631800298466964e-06,1.3261429928096596e-05,0.0001050908967575,0.0021399403066069,0.0232930572513905,0.0056856769773436,4.031457293078444,0.502855197578312,0.2045716818379178,5.251853902930767,3.3923067040051684,29.0,0.0041242707909374,0.0008252284114353,0.676333508992819,1.0,47.0,0.0185858137535021,0.0475085896361297,0.2998696219035202,0.0398956975228161,0.0,0.4994708994708994,5.6843777369854465,10.504446405850372
S2SA07-20220623-5W,S2SA07,7,SA,SA,35,0.019,1,0.107,1,1.51,4.3,,,S2SA07,20220623,5,2022-06-23,campaign_1,S2,S2_SA,surface_applied_inhibitor_campaign1,SA,SA,7,3.5,28,196,S2SA07-20220623-5W.png,Data/Images_dataset/S2SA07-20220623-5W.png,True,2835.0,650.0,,S2SA07-20220623-5W,,,4.3,False,False,0.0186134852801519,0.0,0.0309320309320309,203.4857967711301,15.002078122386,186.0,219.0,15.002078122386,213.87315316781985,203.9354253154253,178.8133718627052,14.72496536627034,15.148876906977412,15.51064589749041,1.6958350291683628e-07,3.357753357753358e-06,6.732465065798399e-06,5.625084791751458e-05,0.0003861755528422,0.004489248405915,0.0247563593813593,0.0015517060100393,3.025517426009161,0.5608475900894732,0.2083973918125897,5.141086988500177,3.1680085732822674,22.0,0.0037444037444037,0.0008460675127341,0.627682690639315,1.0,47.0,0.0132319897916724,0.0480057706167443,0.3142112125162972,0.0182529335071707,0.0,0.4994708994708994,5.006012926712635,25913.646675358545
S2SA07-20220630-6W,S2SA07,7,SA,SA,42,0.016,1,0.089,1,1.51,4.3,,,S2SA07,20220630,6,2022-06-30,campaign_1,S2,S2_SA,surface_applied_inhibitor_campaign1,SA,SA,7,3.5,28,196,S2SA07-20220630-6W.png,Data/Images_dataset/S2SA07-20220630-6W.png,True,2835.0,650.0,,S2SA07-20220630-6W,,,4.3,False,False,0.0159001492334825,0.0,0.0256681590014923,203.82737973137972,12.698523617590142,188.0,217.0,12.698523617590142,214.98294451227784,203.98919603852937,177.8715522995523,12.065390708314522,12.7551444481136,14.525273906046106,1.865418532085199e-07,2.950752950752951e-06,5.647130647130647e-06,2.0095645095645094e-05,0.0002113858363858,0.0038719983719983,0.0265146011396011,0.0006231345814679,2.024478435309363,0.6226736758539171,0.2509681253657638,5.106319277994583,3.1036206758843106,19.0,0.0042328042328042,0.0008368499596569,0.6513404088583118,1.0,47.0,0.0131487697300896,0.0417607007019339,0.2529335071707953,0.0164276401564537,0.0,0.4994708994708994,3.5096736912436577,19.67441960138539
S2SA07-20220708-7W,S2SA07,7,SA,SA,49,0.065,1,0.255,1,4.0,4.3,,,S2SA07,20220708,7,2022-07-08,campaign_1,S2,S2_SA,surface_applied_inhibitor_campaign1,SA,SA,7,3.5,28,196,S2SA07-20220708-7W.png,Data/Images_dataset/S2SA07-20220708-7W.png,True,2835.0,650.0,,S2SA07-20220708-7W,,,4.3,False,False,0.064685931352598,0.0,0.0345136345136345,190.75481698548364,14.331302666671426,173.0,206.0,14.331302666671426,200.485835300502,191.1173496133496,168.09608411341745,13.874003955869211,14.526452867826473,15.329059630620424,1.7467100800434133e-06,5.341880341880342e-06,1.093813593813594e-05,4.727988061321395e-05,0.0009117826617826,0.0132346187762854,0.0169368979785646,0.0001013939763939,3.349651606971955,0.5353123812395336,0.2034049727134203,5.1990879749409435,3.2916284356367194,42.0,0.0239858906525573,0.0015401412226809,0.6767293199858352,1.0,47.0,0.057088962245832,0.1495201722630154,0.7431551499348109,0.1332464146023467,0.0,3.4962962962962965,3.639778416959625,14.448016381846417
S2SA07-20220714-8W,S2SA07,7,SA,SA,56,0.06,1,0.232,1,1.51,4.3,,,S2SA07,20220714,8,2022-07-14,campaign_1,S2,S2_SA,surface_applied_inhibitor_campaign1,SA,SA,7,3.5,28,196,S2SA07-20220714-8W.png,Data/Images_dataset/S2SA07-20220714-8W.png,True,2835.0,650.0,,S2SA07-20220714-8W,,,4.3,False,False,0.0596391263057929,0.0,0.0441188441188441,194.08247510514175,15.209234896272507,175.0,210.0,15.209234896272507,205.7565589472256,193.92678334011669,167.9183133903134,14.41490054796698,15.518756920768254,16.164276925667057,1.2040428707095374e-06,5.189255189255189e-06,1.1328177994844662e-05,5.703093203093203e-05,0.0008616198616198,0.0097947191697191,0.0203438814272147,0.0001750271333604,2.767962601735219,0.5777323558224653,0.2119506360241927,5.077729801760018,3.107738789723387,54.0,0.0181250847917514,0.001104428264922,0.6623315699687389,1.0,47.0,0.0551471608088989,0.1403903172583457,0.5853976531942634,0.1256844850065188,0.0,3.4962962962962965,3.5330935771336125,18.47899645942306
S2SA07-20220721-9W,S2SA07,7,SA,SA,63,0.067,1,0.302,1,1.51,4.3,,,S2SA07,20220721,9,2022-07-21,campaign_1,S2,S2_SA,surface_applied_inhibitor_campaign1,SA,SA,7,3.5,28,196,S2SA07-20220721-9W.png,Data/Images_dataset/S2SA07-20220721-9W.png,True,2835.0,650.0,,S2SA07-20220721-9W,,,4.3,False,False,0.0665852665852665,0.0,0.0305521638854972,190.16641161307828,15.779103661409431,169.0,207.0,15.779103661409431,200.88140984940983,189.6911561524895,167.6439185999186,15.27371191109708,16.0798350825188,16.378031376671064,1.3905847239180571e-06,6.155881155881156e-06,9.377967711301044e-06,6.372948039614707e-05,0.001417209333876,0.0124643705060371,0.0172478123728123,3.995387328720662e-05,3.3490759473088394,0.5481188405582695,0.1977065929643676,5.086659686588732,3.136659257585641,42.0,0.0176366843033509,0.0015853634901253,0.6360645089706779,1.0,47.0,0.0598629642985935,0.1483847743852293,0.6140808344198174,0.2636245110821382,0.0,0.4994708994708994,3.0269759339033993,85.14995183470906
S2SA07-20220802-10W,S2SA07,7,SA,SA,70,0.085,1,0.293,1,1.51,4.3,,,S2SA07,20220802,10,2022-08-02,campaign_1,S2,S2_SA,surface_applied_inhibitor_campaign1,SA,SA,7,3.5,28,196,S2SA07-20220802-10W.png,Data/Images_dataset/S2SA07-20220802-10W.png,True,2835.0,650.0,,S2SA07-20220802-10W,,,4.3,False,False,0.0846560846560846,5.42667209333876e-05,0.0466151132817799,190.4025928639262,19.42164827626855,165.0,213.0,19.42164827626855,201.68554280287617,190.42966056166057,164.6849881969882,19.376379467334488,19.637457697135165,19.268929870446552,2.5946275946275947e-06,6.41025641025641e-06,1.4635056301722968e-05,0.0001413478496811,0.0019437321937321,0.0125938814272147,0.0159434099850766,0.0006039886039886,6.2296533483602285,0.4314751149805532,0.1403591708342553,5.181029186532488,3.375586210275742,60.0,0.0214353547686881,0.001410934744268,0.7042525090454449,1.0,47.0,0.0795583788732003,0.1541914562101085,0.6127770534550195,0.3186440677966101,0.0,11.487830687830687,6.268663681997016,1.5471273304102982
S2SA07-20220822-13W,S2SA07,7,SA,SA,91,0.031,1,0.209,1,1.51,4.3,,,S2SA07,20220822,13,2022-08-22,campaign_1,S2,S2_SA,surface_applied_inhibitor_campaign1,SA,SA,7,3.5,28,196,S2SA07-20220822-13W.png,Data/Images_dataset/S2SA07-20220822-13W.png,True,2835.0,650.0,,S2SA07-20220822-13W,,,4.3,False,False,0.0313118979785646,0.0,0.0357617690951024,183.28923022656355,14.070176913182047,165.0,200.0,14.070176913182047,194.87562718762717,182.82377696377696,158.5016556776557,13.946180079539698,14.357594997065478,13.785671661359512,2.2045855379188713e-07,3.5442952109618778e-06,9.513634513634514e-06,4.356600189933523e-05,0.001876051417718,0.0203696750780084,0.0089361009361009,1.1328177994844662e-05,2.498869865027923,0.5854422675148419,0.2076863833188353,5.058710531553125,3.0508433818058123,44.0,0.0110161443494776,0.0007116340449673,0.5258776220388822,1.0,47.0,0.0257427390496268,0.0729093551145441,0.318122555410691,0.0315514993481095,0.0,0.4994708994708994,2.8252244321568414,13.86010780285972
S2SA07-20220906-15W,S2SA07,7,SA,SA,105,0.375,1,1.259,1,4.0,4.3,,,S2SA07,20220906,15,2022-09-06,campaign_1,S2,S2_SA,surface_applied_inhibitor_campaign1,SA,SA,7,3.5,28,196,S2SA07-20220906-15W.png,Data/Images_dataset/S2SA07-20220906-15W.png,True,2835.0,650.0,,S2SA07-20220906-15W,,,4.3,False,False,0.3746031746031746,0.0003798670465337,0.4518789852123185,159.22703622303624,19.633362771786583,134.0,183.0,19.633362771786583,171.38811341744676,158.99391181657847,132.3146862026862,19.44566832131292,19.95257585484498,19.70766611711384,7.614299280965948e-06,1.2617012617012617e-05,0.0001252204585537,0.0014876543209876,0.0132245624745624,0.0153233109483109,0.0010616944783611,7.326007326007326e-06,5.170513566185461,0.4495928421779662,0.1363005374452029,5.171476286483165,3.3208406326385607,147.0,0.0678334011667345,0.0025483209156678,0.6864009944613518,1.0,47.0,0.3650031901023607,0.6143862201324795,2.500651890482399,1.341851368970013,0.0,3.995767195767195,5.41203295553578,3.0182401123387512
S2SA07-20221102-24W,S2SA07,7,SA,SA,168,6.173,2,21.272,3,1.51,4.3,,,S2SA07,20221102,24,2022-11-02,campaign_1,S2,S2_SA,surface_applied_inhibitor_campaign1,SA,SA,7,3.5,28,196,S2SA07-20221102-24W.png,Data/Images_dataset/S2SA07-20221102-24W.png,True,2835.0,650.0,,S2SA07-20221102-24W,,,4.3,False,False,6.173165106498439,0.0001085334418667,0.2733957400624067,154.36353656220322,25.809661214876733,124.0,179.0,25.809661214876733,171.90273504273503,153.04971048704382,119.90721204721204,20.44719864809883,28.52744141619076,30.658476615578092,8.190883190883191e-06,0.0002762515262515,0.0011690917107583,0.0020317290733957,0.0122257156423823,0.0145900488400488,0.0009268247184913,2.2147605480938817e-05,3.615908954113459,0.5541409909475362,0.1643117611747546,5.144193411614042,3.1470478147376935,457.0,1.7375118708452042,0.0135080199266924,0.613409359184573,1.0,47.0,5.990041332630587,9.271361929172883,34.85658409387223,21.318644067796612,15.0,3.4962962962962965,3.7492505913055143,4.541524367652738
S2SA07-20221110-25W,S2SA07,7,SA,SA,175,7.608,2,26.266,4,4.0,4.3,,,S2SA07,20221110,25,2022-11-10,campaign_1,S2,S2_SA,surface_applied_inhibitor_campaign1,SA,SA,7,3.5,28,196,S2SA07-20221110-25W.png,Data/Images_dataset/S2SA07-20221110-25W.png,True,2835.0,650.0,,S2SA07-20221110-25W,,,4.3,False,False,7.607977207977208,0.0004884004884004,0.068050468050468,164.82363641296973,29.7175509699085,124.0,196.0,29.7175509699085,184.88078089811424,162.18303350970018,129.97826346493014,21.34133831340824,33.89318196585087,37.827144318461265,1.0412427079093744e-05,8.445258445258446e-05,0.0011560846560846,0.0021892382309048,0.0069111721611721,0.0162661613078279,0.0044485653235653,0.0001839133089133,4.011173887659398,0.5281373502049063,0.1348773630104232,5.1340348023224625,3.157211145512127,342.0,1.6278388278388278,0.0222455473917462,0.6578352248727228,1.0,47.0,7.390745929151987,11.1195378893486,44.366362451108216,24.513950456323336,16.0,3.995767195767195,3.9875633523497935,3.825324593132531
S2SA07-20221206-28W,S2SA07,7,SA,SA,196,15.038,3,45.484,4,4.0,4.3,0.3249,2.26,S2SA07,20221206,28,2022-12-06,campaign_1,S2,S2_SA,surface_applied_inhibitor_campaign1,SA,SA,7,3.5,28,196,S2SA07-20221206-28W.png,Data/Images_dataset/S2SA07-20221206-28W.png,True,2835.0,650.0,,S2SA07-20221206-28W,0.3249,32.49,4.3,True,True,15.037525437525437,0.0001085334418667,0.182716049382716,150.42207678741013,33.86082393038316,99.0,190.0,33.86082393038316,176.0003890923891,146.57159408492743,107.73714122914124,24.042010677621885,39.291459703599735,40.49139956135273,8.682675349342016e-06,0.000327211368878,0.0024237891737891,0.0040562338895672,0.0107626678876678,0.0108814441731108,0.0027237484737484,6.622235788902456e-05,3.313359457594121,0.5503500629674335,0.1254247825821871,5.040911332819922,3.0438154297645537,479.0,11.873992673992674,0.0313935812891971,0.6709114544856591,1.0,47.0,14.81389220228023,19.18720539919757,59.327249022164274,45.1457627118644,22.0,3.995767195767195,4.552662137280187,3.1318736571102628
S3PA01-20220518-0W,S3PA01,7,PA,G,0,0.018,1,0.068,1,1.51,2.46,,,S3PA01,20220518,0,2022-05-18,campaign_1,S3,S3_PA_SA,paint_only,PA,G,7,3.5,28,196,S3PA01-20220518-0W.png,Data/Images_dataset/S3PA01-20220518-0W.png,True,2835.0,650.0,,S3PA01-20220518-0W,,,2.46,False,False,0.0183964183964184,0.0,0.1356125356125356,245.32542124542124,16.912838789995508,240.0,254.0,16.912838789995508,249.59480504680505,246.29713146113147,234.44396255596257,16.065333792601535,17.188082305712086,18.350488128287505,1.5262515262515261e-07,3.5103785103785103e-06,2.1978021978021977e-05,0.0001858635191968,0.0002755053588386,0.0001506240672907,0.0002578686745353,0.0303544973544973,1.1741810982931442,0.8860735500275486,0.5656641339160294,5.682383379338392,2.866572548587121,31.0,0.00336453669787,0.0005934328514973,0.7175260083624766,1.0,47.0,0.0171988127271214,0.0262616988077108,0.1029986962190352,0.0508474576271185,0.0,1.9978835978835976,6.531978586255873,4.646405727263195
S3PA01-20220603-2W,S3PA01,7,PA,G,14,0.053,1,0.124,1,6.5,2.46,,,S3PA01,20220603,2,2022-06-03,campaign_1,S3,S3_PA_SA,paint_only,PA,G,7,3.5,28,196,S3PA01-20220603-2W.png,Data/Images_dataset/S3PA01-20220603-2W.png,True,2835.0,650.0,,S3PA01-20220603-2W,,,2.46,False,False,0.0531813865147198,0.0,0.0891602224935558,250.1153140686474,16.848624926019866,251.0,254.0,16.848624926019866,252.26200407000408,251.49840889974223,241.6597791344458,14.990275079140288,17.161045716230674,21.19772320001673,1.1022927689594355e-06,7.2751322751322755e-06,2.263939763939764e-05,5.764143264143264e-05,0.0003214116130782,0.0004269095102428,0.0002202550535883,0.0301927655677655,1.6338154283564776,0.9529742879159526,0.9204924654312135,6.549880156099925,2.4463582670664343,81.0,0.0132953466286799,0.0006565603273422,0.683457202090337,1.0,47.0,0.0513745180171433,0.0677136912586294,0.3389830508474576,0.1092568448500651,0.0,6.493121693121693,8.848789547565056,1.040352051219367
S3PA01-20220609-3W,S3PA01,7,PA,G,21,0.124,1,0.364,1,1.51,2.46,,,S3PA01,20220609,3,2022-06-09,campaign_1,S3,S3_PA_SA,paint_only,PA,G,7,3.5,28,196,S3PA01-20220609-3W.png,Data/Images_dataset/S3PA01-20220609-3W.png,True,2835.0,650.0,,S3PA01-20220609-3W,,,2.46,False,False,0.1236738570071903,0.0,0.1384886718220051,233.25562121828787,16.156527467605255,223.0,246.0,16.156527467605255,240.1097169990503,233.52040374440375,218.76272364672369,15.254266145250194,16.505388444226682,17.555578554412488,4.086962420295754e-06,1.8315018315018315e-05,3.678266178266178e-05,0.000117504409171,0.0002038224121557,0.000186338353005,0.0026463505630172,0.0280367996201329,2.0187619244839397,0.8018743016247689,0.3478433691127675,5.257642752688916,2.9279003052738863,83.0,0.0239858906525573,0.0014900464699661,0.7214439690586636,1.0,47.0,0.1092679408582762,0.1504532892838975,0.8265971316818774,0.1908735332464146,0.0,0.4994708994708994,7.152722232669579,2.3675264688389697
S3PA01-20220616-4W,S3PA01,7,PA,G,28,0.058,1,0.168,1,6.5,2.46,,,S3PA01,20220616,4,2022-06-16,campaign_1,S3,S3_PA_SA,paint_only,PA,G,7,3.5,28,196,S3PA01-20220616-4W.png,Data/Images_dataset/S3PA01-20220616-4W.png,True,2835.0,650.0,,S3PA01-20220616-4W,,,2.46,False,False,0.0581739248405915,0.0,0.0748880748880748,247.0782515262515,14.977868506343205,241.0,253.0,14.977868506343205,252.0282040428707,248.63970153303487,230.48824202957536,12.906249416207968,15.702445474744096,18.088080141101567,6.274589607922941e-07,7.444715778049111e-06,2.22663139329806e-05,4.164970831637498e-05,0.0002208485958485,0.000340930674264,0.0003103208519875,0.0303059116809116,1.6642854028851777,0.8856764330255344,0.6739672395003398,5.846253688336636,2.726607919678962,63.0,0.019047619047619,0.0009233956323903,0.6847675766138994,1.0,47.0,0.0576160226358567,0.0946031988433099,0.4758800521512386,0.1084745762711864,0.0,6.493121693121693,8.421369343757405,1.3916683477906449
S3PA01-20220623-5W,S3PA01,7,PA,G,35,0.208,1,0.399,1,6.5,2.46,,,S3PA01,20220623,5,2022-06-23,campaign_1,S3,S3_PA_SA,paint_only,PA,G,7,3.5,28,196,S3PA01-20220623-5W.png,Data/Images_dataset/S3PA01-20220623-5W.png,True,2835.0,650.0,,S3PA01-20220623-5W,,,2.46,False,False,0.2081671415004748,0.0002713336046669,0.2665581332247999,236.45988766788767,20.446829086875745,226.0,249.0,20.446829086875745,243.52582010582012,236.95068348935015,219.9615590828924,19.152795369546084,20.865142897914637,22.773488859867253,1.05650522317189e-05,2.960927960927961e-05,6.910527743861078e-05,0.0002087572920906,0.0003706756206756,0.0002158289241622,0.0015000847917514,0.0288453737620404,3.1149741545969833,0.7422594714882556,0.335185825942759,5.337155070219008,3.179073830721061,246.0,0.0275674942341609,0.0008462078922783,0.6790426691747573,1.0,47.0,0.1975366861771477,0.1796759396432365,0.8709256844850065,0.3608865710560626,0.0,6.493121693121693,8.158308643814378,1.1266924630873587
S3PA01-20220630-6W,S3PA01,7,PA,G,42,0.262,1,0.775,1,1.51,2.46,,,S3PA01,20220630,6,2022-06-30,campaign_1,S3,S3_PA_SA,paint_only,PA,G,7,3.5,28,196,S3PA01-20220630-6W.png,Data/Images_dataset/S3PA01-20220630-6W.png,True,2835.0,650.0,,S3PA01-20220630-6W,,,2.46,False,False,0.2619997286663953,0.0,0.1534120200786867,237.66572242572244,19.69914621525778,228.0,249.0,19.69914621525778,246.3466438746439,238.6359571292905,215.56854375254375,17.47326941224255,20.488429902245787,24.09261704484484,1.14977614977615e-05,3.0151946818613485e-05,5.4249762583095915e-05,0.0001706349206349,0.000336691086691,0.0002436914936914,0.0014012345679012,0.0290018484601817,2.8673043721855844,0.7657662590224134,0.3771694078256706,5.3336679155814375,3.0807439024710632,170.0,0.033048433048433,0.0015411748745082,0.6780260918408305,1.0,47.0,0.2577880107631279,0.3436595234991414,1.5123859191655802,0.5624511082138196,0.0,2.497354497354497,6.580367608702324,1.8697950638124097
S3PA01-20220708-7W,S3PA01,7,PA,G,49,0.366,1,1.495,1,1.51,2.46,,,S3PA01,20220708,7,2022-07-08,campaign_1,S3,S3_PA_SA,paint_only,PA,G,7,3.5,28,196,S3PA01-20220708-7W.png,Data/Images_dataset/S3PA01-20220708-7W.png,True,2835.0,650.0,,S3PA01-20220708-7W,,,2.46,False,False,0.366408899742233,0.0,0.2045855379188712,235.68407108940443,21.9876723905237,225.0,249.0,21.9876723905237,243.56482105548773,236.38768688102024,216.13845665445663,19.628820336728214,22.830723926787947,26.674308724177894,8.258716592049926e-06,3.518857685524352e-05,8.390991724325058e-05,0.0002140652557319,0.0004633869217202,0.0003753391670058,0.0016999728666395,0.0283698785782119,3.143890073870802,0.7293579437370675,0.3285103296969263,5.312623845907569,3.134770534886959,175.0,0.1230226563559896,0.0020937651413841,0.6576677829653267,1.0,47.0,0.3612028072900774,0.5847666111116492,3.0938722294654495,0.8258148631029985,0.0,2.497354497354497,5.420933323302991,3.0385988801229415
S3PA01-20220714-8W,S3PA01,7,PA,G,56,0.259,1,1.1,1,1.51,2.46,,,S3PA01,20220714,8,2022-07-14,campaign_1,S3,S3_PA_SA,paint_only,PA,G,7,3.5,28,196,S3PA01-20220714-8W.png,Data/Images_dataset/S3PA01-20220714-8W.png,True,2835.0,650.0,,S3PA01-20220714-8W,,,2.46,False,False,0.2589607922941256,0.0,0.0679419346086012,248.8152912766246,17.71279690606391,247.0,254.0,17.71279690606391,252.71667887667888,250.4525578618912,234.61415004748335,13.449038557036548,18.990474829922412,26.67967513438063,3.8665038665038664e-06,2.094356261022928e-05,4.588929588929589e-05,8.61653778320445e-05,0.0002442511192511,0.000344831094831,0.0004484805318138,0.0300555725139058,2.1258976471178506,0.9186784695081612,0.8491099135481164,6.130097692247787,2.6832051143383384,142.0,0.0389092389092389,0.001823667551367,0.6643268413008583,1.0,47.0,0.2500762850564509,0.3991174577962005,2.0117340286831813,0.6881355932203389,0.0,2.497354497354497,4.8149833464167076,3.032123549488127
S3PA01-20220721-9W,S3PA01,7,PA,G,63,0.283,1,1.475,1,1.51,2.46,,,S3PA01,20220721,9,2022-07-21,campaign_1,S3,S3_PA_SA,paint_only,PA,G,7,3.5,28,196,S3PA01-20220721-9W.png,Data/Images_dataset/S3PA01-20220721-9W.png,True,2835.0,650.0,,S3PA01-20220721-9W,,,2.46,False,False,0.2831094831094831,0.0,0.0492741826075159,232.21892606159273,20.7650707460946,226.0,244.0,20.7650707460946,242.24816985483653,232.35170587437253,209.8514708994709,17.835034494159544,21.777915741914093,26.332287283264577,2.1876271876271877e-06,1.1718220051553383e-05,4.5448378781712114e-05,0.0002120132953466,0.0006772825939492,0.0004700854700854,0.0013579398996065,0.0284733245149911,1.0647985822045731,0.8771305277293533,0.5201397143170602,5.50488461238935,2.746520170055607,59.0,0.1283407950074616,0.0047984658154149,0.5124886855476013,1.0,47.0,0.2806735276984105,0.656744319878949,3.134289439374186,0.7355932203389829,0.0,2.497354497354497,4.0912434217398745,6.365172723807636
S3PA01-20220802-10W,S3PA01,7,PA,G,70,0.506,1,2.345,1,1.51,2.46,,,S3PA01,20220802,10,2022-08-02,campaign_1,S3,S3_PA_SA,paint_only,PA,G,7,3.5,28,196,S3PA01-20220802-10W.png,Data/Images_dataset/S3PA01-20220802-10W.png,True,2835.0,650.0,,S3PA01-20220802-10W,,,2.46,False,False,0.505982905982906,0.0,0.2117487450820784,225.92984723918056,24.70094309775089,217.0,241.0,24.70094309775089,236.8473080993081,225.9473249219916,201.49554198887532,22.29558308035778,25.657807878604316,28.94004475010961,9.17446750780084e-06,3.776624609957943e-05,9.637430470763804e-05,0.0004412562745896,0.00083954008954,0.0004407983991317,0.0032215099715099,0.0261635802469135,2.124823246880548,0.8392701904391919,0.4097558131850742,5.504356780049668,3.010722882891093,208.0,0.2192375525708859,0.0024326101249178,0.5898579286225265,1.0,47.0,0.4941607256789369,0.9035562334616148,4.311603650586701,1.3147327249022158,0.0,2.497354497354497,5.910385669115827,5.911551316696133
S3PA01-20220822-13W,S3PA01,7,PA,G,91,0.257,1,1.282,1,1.51,2.46,,,S3PA01,20220822,13,2022-08-22,campaign_1,S3,S3_PA_SA,paint_only,PA,G,7,3.5,28,196,S3PA01-20220822-13W.png,Data/Images_dataset/S3PA01-20220822-13W.png,True,2835.0,650.0,,S3PA01-20220822-13W,,,2.46,False,False,0.2573327906661239,0.0,0.0457468457468457,234.3391404151404,20.251190603432565,227.0,247.0,20.251190603432565,245.16422574955908,235.0251368878035,207.29580789580788,16.95261516572923,21.523584974461855,25.447469544311335,1.0175010175010177e-07,9.02184235517569e-06,3.683353683353684e-05,0.0001477241893908,0.0007141500474833,0.0004400522317188,0.0013213437796771,0.0285807726224392,1.2503067681041304,0.8546385080609156,0.4513964090367774,5.461463912708645,2.788928319702554,61.0,0.0904083570750237,0.0042185703387889,0.5506889002262552,1.0,47.0,0.2451940414435906,0.5278963339994315,2.460234680573664,0.740026075619296,0.0,1.9978835978835976,5.44647113824676,7.810391502294866
S3PA01-20220906-15W,S3PA01,7,PA,G,105,0.848,1,2.835,1,1.51,2.46,,,S3PA01,20220906,15,2022-09-06,campaign_1,S3,S3_PA_SA,paint_only,PA,G,7,3.5,28,196,S3PA01-20220906-15W.png,Data/Images_dataset/S3PA01-20220906-15W.png,True,2835.0,650.0,,S3PA01-20220906-15W,,,2.46,False,False,0.848297381630715,0.0005969339302672,0.3485551485551486,232.698675349342,26.11099402635561,223.0,247.0,26.11099402635561,244.12503920770587,233.35328340795007,204.35548392348392,21.942106024814205,27.72294214268507,32.72808021809021,1.8128476461809795e-05,6.271197937864604e-05,0.0001754341337674,0.0003914156830823,0.000512735721069,0.0004448175281508,0.0016197937864604,0.0280249626916293,3.1054111738312,0.800393902590671,0.4019751998364868,5.420042053527391,3.03887392283223,320.0,0.2026319359652693,0.0026509293175959,0.5875740443377588,1.0,47.0,0.7572748203833672,1.1243656167386926,4.336375488917862,2.399217731421121,0.0,2.497354497354497,8.726586083085571,5.618202663889763
S3PA01-20221102-24W,S3PA01,7,PA,G,168,2.212,1,5.677,2,6.5,2.46,,,S3PA01,20221102,24,2022-11-02,campaign_1,S3,S3_PA_SA,paint_only,PA,G,7,3.5,28,196,S3PA01-20221102-24W.png,Data/Images_dataset/S3PA01-20221102-24W.png,True,2835.0,650.0,,S3PA01-20221102-24W,,,2.46,False,False,2.2123456790123455,0.0003798670465337,0.3099172432505765,235.35317161850497,33.84828253545779,213.0,252.0,33.84828253545779,248.88903215303216,236.89576393976395,196.19849464116132,24.409218537304085,38.021131606529806,46.92957500482868,6.267806267806268e-05,0.0001862705196038,0.0003014855514855,0.0004251967168633,0.0005612874779541,0.0007547483380816,0.0017028897028897,0.0272554436304436,3.985134167903607,0.7693935448044109,0.4268582226710962,5.574757499978367,2.9857940416802027,435.0,0.6801790801790801,0.0050858521356605,0.6237231470665775,1.0,47.0,2.1661904629809428,2.50653145779847,9.522816166883963,5.352542372881354,5.0,5.993650793650794,7.101344554915985,2.9103214416194225
S3PA01-20221110-25W,S3PA01,7,PA,G,175,2.611,1,7.442,2,6.5,2.46,,,S3PA01,20221110,25,2022-11-10,campaign_1,S3,S3_PA_SA,paint_only,PA,G,7,3.5,28,196,S3PA01-20221110-25W.png,Data/Images_dataset/S3PA01-20221110-25W.png,True,2835.0,650.0,,S3PA01-20221110-25W,,,2.46,False,False,2.6110975444308777,0.0,0.1898249898249898,231.2821576448243,36.28365249642303,187.0,252.0,36.28365249642303,247.2268571428571,231.24729724596392,193.92552815086148,23.97067067180053,41.6169896580606,52.422424895635366,2.8964862298195632e-05,0.0001193528693528,0.0003581942748609,0.0006336318002984,0.0009859415276081,0.0011900861484194,0.0025707332790666,0.0253630952380952,3.9035803203192208,0.7314986672538827,0.3827578241409729,5.4462519577388,2.99046785763093,502.0,0.6306335639668973,0.0052013895307388,0.6496943637956198,1.0,47.0,2.5852312130710975,2.849383949485937,12.651890482398956,5.710821382007822,7.0,5.993650793650794,8.570370282399546,1.8358931239456893
S3PA01-20221206-28W,S3PA01,7,PA,G,196,5.497,2,10.089,2,6.5,2.46,0.085,2.79,S3PA01,20221206,28,2022-12-06,campaign_1,S3,S3_PA_SA,paint_only,PA,G,7,3.5,28,196,S3PA01-20221206-28W.png,Data/Images_dataset/S3PA01-20221206-28W.png,True,2835.0,650.0,,S3PA01-20221206-28W,0.085,8.5,2.46,True,True,5.49667616334283,0.0,0.0494912494912494,216.31865798399133,45.35930969957278,145.0,251.0,45.35930969957278,244.5388717948718,214.44764672364673,156.19154198887531,27.455758085601275,53.59944473907361,66.09176152362811,1.909510242843576e-05,0.0001690238773572,0.0006994132410799,0.0012057047890381,0.0021027167277167,0.0028292294125627,0.0049608092524759,0.0192640075973409,2.7208583433903772,0.747174393121804,0.3170986967163976,5.320731696764647,2.627077378034496,337.0,1.515289648622982,0.0163106117606612,0.6363643001591253,1.0,47.0,5.464256983550168,4.192937896436337,14.332464146023469,11.318383311603649,24.0,5.993650793650794,10.009374643814368,2.185480366501363
S3PA02-20220518-0W,S3PA02,7,SA_PA,G,0,0.146,1,0.38,1,11.5,3.6,,,S3PA02,20220518,0,2022-05-18,campaign_1,S3,S3_PA_SA,paint_plus_surface_inhibitor,SA_PA,G,7,3.5,28,196,S3PA02-20220518-0W.png,Data/Images_dataset/S3PA02-20220518-0W.png,True,2835.0,650.0,,S3PA02-20220518-0W,,,3.6,False,False,0.1459774793108126,0.0,0.3940849274182608,232.4029738163071,22.59852893623688,227.0,245.0,22.59852893623688,238.35156098222765,232.5102792022792,219.9602105548772,21.97642261087674,22.823912120356084,23.139657285276417,4.833129833129833e-06,2.647198480531814e-05,6.557794057794058e-05,0.0004929453262786,0.0004343203093203,0.0002584452584452,0.0009434269434269,0.0290239791073124,2.287684204464413,0.8207835537246182,0.4371673557247132,5.290567376500212,2.8881514518767317,86.0,0.0359245692579025,0.0016974125501257,0.7392694902771885,1.0,47.0,0.1445532469694027,0.1882920299604347,1.002607561929596,0.2891786179921773,0.0,12.986243386243386,10.662430715367517,0.8264694047843331
S3PA02-20220603-2W,S3PA02,7,SA_PA,G,14,0.26,1,0.376,1,11.5,3.6,,,S3PA02,20220603,2,2022-06-03,campaign_1,S3,S3_PA_SA,paint_plus_surface_inhibitor,SA_PA,G,7,3.5,28,196,S3PA02-20220603-2W.png,Data/Images_dataset/S3PA02-20220603-2W.png,True,2835.0,650.0,,S3PA02-20220603-2W,,,3.6,False,False,0.25999185999186,0.0005969339302672,0.9102157102157102,227.24897408764076,27.25333023538617,219.0,243.0,27.25333023538617,235.85763776963776,227.06503215303215,209.01296703296703,26.751891317051253,27.388794449872425,28.03310219537567,1.3838013838013838e-05,5.124813458146791e-05,0.0001504036087369,0.0007695190611857,0.0005439730023063,0.0002211368878035,0.0031728734228734,0.0263270078686745,3.7838497381731657,0.770848373446102,0.3501238106508209,5.387221265586197,3.153133146276803,249.0,0.0125356125356125,0.0010441440160315,0.677401485836661,1.0,47.0,0.2605342727953618,0.1336842100552061,0.7235984354628422,0.4589308996088657,0.0,11.487830687830687,10.514642644552891,0.9636541336417028
S3PA02-20220609-3W,S3PA02,7,SA_PA,G,21,0.137,1,0.239,1,1.51,3.6,,,S3PA02,20220609,3,2022-06-09,campaign_1,S3,S3_PA_SA,paint_plus_surface_inhibitor,SA_PA,G,7,3.5,28,196,S3PA02-20220609-3W.png,Data/Images_dataset/S3PA02-20220609-3W.png,True,2835.0,650.0,,S3PA02-20220609-3W,,,3.6,False,False,0.1365350698684032,0.0003798670465337,0.4993080993080993,232.3321638854972,27.502481353712767,223.0,250.0,27.502481353712767,238.26047212047212,233.10961389228055,218.08371564238232,26.36400182458829,27.86681811305672,29.503605600349463,8.241758241758241e-06,2.5284900284900286e-05,7.153032153032153e-05,0.000706688373355,0.0007473036223036,0.0003041819291819,0.0013908390991724,0.0279959299959299,2.8619845709169187,0.7959447973141853,0.3431323693754932,5.260152119549699,2.87891607181277,109.0,0.0104192104192104,0.0012526153198936,0.7079979936447656,1.0,47.0,0.1297400760076562,0.0944582851964189,0.3468057366362451,0.2996088657105606,0.0,4.495238095238095,11.722270169328992,1.5941236820790383
S3PA02-20220616-4W,S3PA02,7,SA_PA,G,28,0.032,1,0.06,1,21.49,3.6,,,S3PA02,20220616,4,2022-06-16,campaign_1,S3,S3_PA_SA,paint_plus_surface_inhibitor,SA_PA,G,7,3.5,28,196,S3PA02-20220616-4W.png,Data/Images_dataset/S3PA02-20220616-4W.png,True,2835.0,650.0,,S3PA02-20220616-4W,,,3.6,False,False,0.0316917650250983,0.0,0.1062542395875729,243.44975281508616,22.664499848099148,239.0,253.0,22.664499848099148,248.40964645231313,244.58511897978565,228.86052150318815,20.895366695233346,23.242633327125308,25.15241791180008,2.5437525437525436e-07,3.6969203635870302e-06,2.338556505223172e-05,0.0001348528015194,0.0008670126170126,0.0005157882241215,0.0005306267806267,0.0291743827160493,1.8230958530411656,0.8744617168043778,0.6309405906064671,5.720889181167634,2.6199387127166944,36.0,0.0053181386514719,0.0008803268062527,0.5959042720043328,1.0,47.0,0.0301811423340453,0.0337700087359559,0.1395045632333768,0.066232073011734,0.0,22.47619047619047,13.08126404290788,2.6123455135141413
S3PA02-20220623-5W,S3PA02,7,SA_PA,G,35,0.065,1,0.096,1,4.0,3.6,,,S3PA02,20220623,5,2022-06-23,campaign_1,S3,S3_PA_SA,paint_plus_surface_inhibitor,SA_PA,G,7,3.5,28,196,S3PA02-20220623-5W.png,Data/Images_dataset/S3PA02-20220623-5W.png,True,2835.0,650.0,,S3PA02-20220623-5W,,,3.6,False,False,0.0654999321665988,0.0,0.1929724596391263,248.53317324650655,23.703376272889837,253.0,255.0,23.703376272889837,249.76946737213405,248.80001465201465,245.4450229276896,20.937169395066203,23.91940993514313,29.81582088510032,9.666259666259666e-07,1.0175010175010176e-05,4.402387735721069e-05,0.0001449599782933,0.0006076007326007,0.000918837335504,0.0002894620811287,0.0292339743589743,2.520977346438471,0.940207267174594,0.9083997593557096,6.9119731411216,2.0170848290452987,97.0,0.0088997422330755,0.0006752570326453,0.711878258365426,1.0,47.0,0.0648006879525091,0.0532213674969734,0.241199478487614,0.1342894393741851,0.0,4.994708994708994,12.498324149691175,1.124145249569289
S3PA02-20220630-6W,S3PA02,7,SA_PA,G,42,0.314,1,0.433,1,11.5,3.6,,,S3PA02,20220630,6,2022-06-30,campaign_1,S3,S3_PA_SA,paint_plus_surface_inhibitor,SA_PA,G,7,3.5,28,196,S3PA02-20220630-6W.png,Data/Images_dataset/S3PA02-20220630-6W.png,True,2835.0,650.0,,S3PA02-20220630-6W,,,3.6,False,False,0.3136073802740469,0.0002170668837335,0.8208384208384208,227.2077422330756,27.94005768349886,216.0,243.0,27.94005768349886,234.42578700312035,227.67265879799217,210.3444411884412,27.09928748388016,28.236052749950048,29.293574839314825,2.1180979514312848e-05,6.0422602089268753e-05,0.0001477750644417,0.0006825905575905,0.0006806573056573,0.0003241758241758,0.0034928435761769,0.025840354090354,5.007073438668914,0.6972489872646701,0.3104171479680413,5.287019650938417,3.1914891186918313,313.0,0.013729480396147,0.0010019405120576,0.6971235848132944,1.0,47.0,0.3099947293960997,0.159814209032982,0.8552803129074315,0.4933507170795305,0.0,11.487830687830687,11.1133501978977,1.0979979399420778
S3PA02-20220708-7W,S3PA02,7,SA_PA,G,49,0.179,1,0.239,1,11.5,3.6,,,S3PA02,20220708,7,2022-07-08,campaign_1,S3,S3_PA_SA,paint_plus_surface_inhibitor,SA_PA,G,7,3.5,28,196,S3PA02-20220708-7W.png,Data/Images_dataset/S3PA02-20220708-7W.png,True,2835.0,650.0,,S3PA02-20220708-7W,,,3.6,False,False,0.1789173789173789,0.0,0.2868538868538868,237.56239750373084,24.44642767898644,228.0,251.0,24.44642767898644,244.7906943426943,238.47039750373085,218.91200162800163,23.40827091115679,24.83974557738836,25.928071061261093,5.358838692172025e-06,3.596866096866097e-05,6.601885768552436e-05,0.0002809829059829,0.0007873083706417,0.0003661138244471,0.0009967779134445,0.0287114706281372,4.2554261648915475,0.7313927384035892,0.359283219579783,5.350402796646101,3.1569831623493427,177.0,0.008411341744675,0.0010108326492507,0.7152077824512342,1.0,47.0,0.1774529113151543,0.090474314035612,0.4276401564537157,0.3097783572359843,0.0,11.487830687830687,11.767085357379566,1.015413627845522
S3PA02-20220714-8W,S3PA02,7,SA_PA,G,56,0.162,1,0.246,1,4.0,3.6,,,S3PA02,20220714,8,2022-07-14,campaign_1,S3,S3_PA_SA,paint_plus_surface_inhibitor,SA_PA,G,7,3.5,28,196,S3PA02-20220714-8W.png,Data/Images_dataset/S3PA02-20220714-8W.png,True,2835.0,650.0,,S3PA02-20220714-8W,,,3.6,False,False,0.1618233618233618,0.0,0.2130511463844797,245.37743264143265,24.396853264866333,242.0,254.0,24.396853264866333,249.24018396418396,246.69899769366435,232.563419346086,22.264422053735416,25.075501180134815,27.77811881533945,5.42667209333876e-06,3.1169447836114505e-05,5.3181386514719845e-05,0.0001782492199158,0.0008221747388414,0.0004331332247998,0.000420295753629,0.0293063695563695,3.5566781258557816,0.8749891473326633,0.7567896139090177,5.993865030674846,2.7832082326962104,173.0,0.0105277438610771,0.0009353951550483,0.6113015366675031,1.0,47.0,0.1617520596965241,0.0978918480138164,0.4615384615384615,0.3061277705345501,0.0,11.487830687830687,10.587520892551074,1.1623645043875184
S3PA02-20220721-9W,S3PA02,7,SA_PA,G,63,0.275,1,0.333,1,11.5,3.6,,,S3PA02,20220721,9,2022-07-21,campaign_1,S3,S3_PA_SA,paint_plus_surface_inhibitor,SA_PA,G,7,3.5,28,196,S3PA02-20220721-9W.png,Data/Images_dataset/S3PA02-20220721-9W.png,True,2835.0,650.0,,S3PA02-20220721-9W,,,3.6,False,False,0.2748609415276082,5.42667209333876e-05,1.1462759462759462,223.54243331976664,28.80492783958517,216.0,238.0,28.80492783958517,231.8384414597748,223.57184751051415,206.0351751458418,28.0801215054364,29.09353616791151,29.94060398833196,1.829805996472663e-05,4.612671279337946e-05,0.0001782322615655,0.0009856532356532,0.0006891364808031,0.0002731481481481,0.0028202075702075,0.0262391975308642,3.5249730151094747,0.8160621599262365,0.4435821892503796,5.428790225583428,2.957642732502206,236.0,0.0157373490706824,0.0011646650064729,0.698610646461732,1.0,47.0,0.2565951898804405,0.1171949125199981,0.5541069100391135,0.4432855280312907,0.0,23.475132275132275,12.505707704602075,1.222375008712375
S3PA02-20220802-10W,S3PA02,7,SA_PA,G,70,0.351,1,0.373,1,1.51,3.6,,,S3PA02,20220802,10,2022-08-02,campaign_1,S3,S3_PA_SA,paint_plus_surface_inhibitor,SA_PA,G,7,3.5,28,196,S3PA02-20220802-10W.png,Data/Images_dataset/S3PA02-20220802-10W.png,True,2835.0,650.0,,S3PA02-20220802-10W,,,3.6,False,False,0.3508886175552842,0.0,1.2818342151675484,224.0147719441053,30.83603319328696,213.0,243.0,30.83603319328696,232.7645692579026,224.2073542260209,204.5724884004884,30.153271276522194,31.16053934606758,31.817994622390923,1.734839234839235e-05,5.482634649301316e-05,0.0002707739791073,0.0009486501153167,0.0007934642517975,0.0003102530185863,0.0041251356668023,0.0247295482295482,3.791407164465113,0.8134093189798827,0.3631562066892364,5.459499684165895,3.022387111779481,334.0,0.0325600325600325,0.0010505647232194,0.6934518726061012,1.0,47.0,0.3205636772171211,0.2513406783510755,1.5267275097783573,0.5564537157757495,0.0,23.475132275132275,14.330124035042068,1.6597490215998842
S3PA02-20220822-13W,S3PA02,7,SA_PA,G,91,0.214,1,0.225,1,16.49,3.6,,,S3PA02,20220822,13,2022-08-22,campaign_1,S3,S3_PA_SA,paint_plus_surface_inhibitor,SA_PA,G,7,3.5,28,196,S3PA02-20220822-13W.png,Data/Images_dataset/S3PA02-20220822-13W.png,True,2835.0,650.0,,S3PA02-20220822-13W,,,3.6,False,False,0.2141364808031474,0.0,0.5272011938678606,219.8503215303215,24.733091849098663,211.0,236.0,24.733091849098663,230.20253262786596,219.43690896757565,197.80886338353005,24.202659622592485,25.09914374921898,24.96488116902761,1.1870845204178538e-06,2.4759191425858093e-05,7.761836928503596e-05,0.0006663614163614,0.0009453941120607,0.0004122066205399,0.0100572853072853,0.0190651878985212,2.7016831276217124,0.802302890051273,0.3855113406552223,5.345020637379182,2.9263901794875644,112.0,0.067345000678334,0.0019119328643138,0.7033819709641539,1.0,47.0,0.1749285694471414,0.2560862751061831,1.7340286831812255,0.2792698826597131,0.0,23.475132275132275,15.87721864214515,1.6611891356577626
S3PA02-20220906-15W,S3PA02,7,SA_PA,G,105,0.394,1,0.612,1,11.5,3.6,,,S3PA02,20220906,15,2022-09-06,campaign_1,S3,S3_PA_SA,paint_plus_surface_inhibitor,SA_PA,G,7,3.5,28,196,S3PA02-20220906-15W.png,Data/Images_dataset/S3PA02-20220906-15W.png,True,2835.0,650.0,,S3PA02-20220906-15W,,,3.6,False,False,0.3936507936507937,0.0015194681861348,0.900827567494234,230.78806837606837,26.390861648354807,224.0,243.0,26.390861648354807,240.9247125220459,231.4164829738163,206.45059123592455,25.465626822434213,26.871711464466177,27.82233760202301,2.2147605480938817e-05,5.3774928774928775e-05,0.0002021096187762,0.0004863315696649,0.0005677486094152,0.000269247727581,0.0013482736399403,0.0283003663003663,4.143765459300848,0.7929279519028599,0.4302977920333978,5.420967923369128,3.0472750671964333,336.0,0.0767874101207434,0.0011715797430083,0.7524541808881166,1.0,47.0,0.3501622791200865,0.3182350582133557,1.8748370273794,0.7840938722294654,0.0,23.475132275132275,14.520491959918484,0.7984260658290888
S3PA02-20221102-24W,S3PA02,7,SA_PA,G,168,1.236,1,4.145,1,16.49,3.6,,,S3PA02,20221102,24,2022-11-02,campaign_1,S3,S3_PA_SA,paint_plus_surface_inhibitor,SA_PA,G,7,3.5,28,196,S3PA02-20221102-24W.png,Data/Images_dataset/S3PA02-20221102-24W.png,True,2835.0,650.0,,S3PA02-20221102-24W,,,3.6,False,False,1.2357617690951026,0.0002170668837335,1.5952787952787952,230.46446126712792,35.671957523760156,209.0,250.0,35.671957523760156,240.86317623117623,231.16410093610097,204.40326577126575,32.72866718745705,37.03911404540254,40.318317268181254,5.031542531542531e-05,0.0001650217066883,0.0004564848731515,0.0006581705331705,0.0006984974901641,0.0005082926332926,0.0020778049111382,0.026635412427079,6.108137683671783,0.6750863542009284,0.2992791453256084,5.294841953152717,3.2176486893347,723.0,0.2239587572920906,0.0017092140651384,0.726039635877764,1.0,47.0,1.254459208299814,1.5292771504686715,6.4576271186440675,3.6213820078226857,3.0,16.48253968253968,14.116625913007434,0.2129892398080169
S3PA02-20221110-25W,S3PA02,7,SA_PA,G,175,1.094,1,6.714,2,16.49,3.6,,,S3PA02,20221110,25,2022-11-10,campaign_1,S3,S3_PA_SA,paint_plus_surface_inhibitor,SA_PA,G,7,3.5,28,196,S3PA02-20221110-25W.png,Data/Images_dataset/S3PA02-20221110-25W.png,True,2835.0,650.0,,S3PA02-20221110-25W,,,3.6,False,False,1.0938000271333606,0.0,0.7864333197666532,235.42463654863656,36.90619334131222,187.0,253.0,36.90619334131222,243.79243956043956,236.30044390177724,213.61267290733957,31.65137631293938,39.40093757961478,44.91998168467348,1.5042056708723376e-05,5.764143264143264e-05,0.0002074006240672,0.001046279337946,0.0012401132817799,0.0006318172568172,0.0009789886039886,0.0270727174060507,4.151400958406693,0.783950997384607,0.5245690051555181,5.567116910536745,2.869830154258668,259.0,0.7698277031610365,0.004223166127928,0.6413393408532795,1.0,47.0,1.1106826819051845,2.7958885220322176,14.504563233376794,1.6250325945241166,3.0,16.98201058201058,15.91371177828808,0.2545482409443191
S3PA02-20221206-28W,S3PA02,7,SA_PA,G,196,3.8,1,14.279,3,16.49,3.6,0.074,2.84,S3PA02,20221206,28,2022-12-06,campaign_1,S3,S3_PA_SA,paint_plus_surface_inhibitor,SA_PA,G,7,3.5,28,196,S3PA02-20221206-28W.png,Data/Images_dataset/S3PA02-20221206-28W.png,True,2835.0,650.0,,S3PA02-20221206-28W,0.074,7.4,3.6,True,True,3.800407000407,0.0039072039072039,2.0156288156288156,221.09446913580248,44.54875883796561,148.0,248.0,44.54875883796561,237.9430932030932,220.43737457604124,184.83492714692716,36.391288414347784,48.54817873032782,56.75552241936538,8.012820512820513e-05,0.0002461504544837,0.0008508513091846,0.0012448785782119,0.0010688000271333,0.0011151302401302,0.0027516110432777,0.0238924501424501,6.47721873093592,0.6684216828872322,0.276720050856468,5.239982001782516,3.1409973410650043,1019.0,1.6252340252340252,0.0037295456333729,0.7017466827864892,1.0,47.0,3.8384143804266424,5.492395433887419,23.64276401564537,11.925162972620598,13.0,16.48253968253968,16.504286717606345,0.5124469491377186
S3PA03-20220518-0W,S3PA03,7,SA_PA,G,0,0.044,1,0.168,1,1.51,3.16,,,S3PA03,20220518,0,2022-05-18,campaign_1,S3,S3_PA_SA,paint_plus_surface_inhibitor,SA_PA,G,7,3.5,28,196,S3PA03-20220518-0W.png,Data/Images_dataset/S3PA03-20220518-0W.png,True,2835.0,650.0,,S3PA03-20220518-0W,,,3.16,False,False,0.0441731108397775,0.0,0.2374169040835707,233.3018011124678,30.125464565964997,215.0,252.0,30.125464565964997,238.5593384886718,233.96712467779133,221.00816062949397,28.84334752682693,30.49727647080652,32.16521698526805,5.935422602089269e-07,7.885632885632886e-06,3.737620404287071e-05,0.0006081264414597,0.0015019841269841,0.0004414258580925,0.0011896621896621,0.0274629460046126,2.3041760277946586,0.7983746742635266,0.37013389555968,5.31819637093634,2.864383844352451,44.0,0.0069461402794736,0.0010039343372676,0.6508879343105454,1.0,47.0,0.040223029765042,0.0594755355717649,0.2398956975228161,0.1530638852672751,0.0,0.4994708994708994,7.63988923988924,2.5774313126400688
S3PA03-20220603-2W,S3PA03,7,SA_PA,G,14,0.249,1,0.36,1,11.5,3.16,,,S3PA03,20220603,2,2022-06-03,campaign_1,S3,S3_PA_SA,paint_plus_surface_inhibitor,SA_PA,G,7,3.5,28,196,S3PA03-20220603-2W.png,Data/Images_dataset/S3PA03-20220603-2W.png,True,2835.0,650.0,,S3PA03-20220603-2W,,,3.16,False,False,0.2493013159679826,0.0,1.0025234025234029,225.5606398046398,29.9078211697688,210.0,243.0,29.9078211697688,234.23655026455023,225.61876434676435,206.17027160493828,29.122857550816143,30.05261581922213,31.250687671991436,7.2072988739655405e-06,5.107855107855108e-05,0.0001769434269434,0.0009661002577669,0.0006948514448514,0.0003103886853886,0.0045075464658797,0.0245358838692172,4.489484877022246,0.7060917577414689,0.2983907521476057,5.320290394316717,3.1789082846231387,346.0,0.0150861484194817,0.0007205240345895,0.6987060528343362,1.0,47.0,0.2467474825931371,0.1331670599655656,0.7131681877444589,0.3840938722294653,0.0,10.488888888888887,12.57807353967563,0.7557988420040139
S3PA03-20220609-3W,S3PA03,7,SA_PA,G,21,0.109,1,0.304,1,1.51,3.16,,,S3PA03,20220609,3,2022-06-09,campaign_1,S3,S3_PA_SA,paint_plus_surface_inhibitor,SA_PA,G,7,3.5,28,196,S3PA03-20220609-3W.png,Data/Images_dataset/S3PA03-20220609-3W.png,True,2835.0,650.0,,S3PA03-20220609-3W,,,3.16,False,False,0.1092389092389092,0.0,0.7252747252747254,229.2794578754579,33.594003608407355,199.0,253.0,33.594003608407355,235.22743616876951,229.9660458553792,215.12913037579705,31.72345674960256,34.05609793091915,36.66240223680284,3.256003256003256e-06,2.036697870031203e-05,0.0001074141907475,0.0010356973273639,0.0014592830009496,0.0003708282458282,0.0021476733143399,0.0261054809388142,3.668762125772123,0.726514846484069,0.2927905551641511,5.285661131637925,3.0256152145800455,128.0,0.0123728123728123,0.0008534289784289,0.7180119501732776,1.0,47.0,0.1028045160753419,0.1083999788854499,0.4185136897001303,0.2279009126466753,0.0,0.4994708994708994,9.73664408855666,2.733509444726146
S3PA03-20220616-4W,S3PA03,7,SA_PA,G,28,0.027,1,0.103,1,1.51,3.16,,,S3PA03,20220616,4,2022-06-16,campaign_1,S3,S3_PA_SA,paint_plus_surface_inhibitor,SA_PA,G,7,3.5,28,196,S3PA03-20220616-4W.png,Data/Images_dataset/S3PA03-20220616-4W.png,True,2835.0,650.0,,S3PA03-20220616-4W,,,3.16,False,False,0.0274046940713607,0.0,0.109076109076109,239.457674671008,27.33615840881585,223.0,253.0,27.33615840881585,244.74097408764075,240.33334418667752,225.60114936914937,24.99247854025562,27.939845636258756,30.919220655177543,8.479175145841814e-08,4.154795821462488e-06,2.0604395604395604e-05,0.0001482159815493,0.0016205738705738,0.000531339031339,0.000839133089133,0.0280858940442273,2.333794639214492,0.8131385039420737,0.5224890690745336,5.520650358666401,2.812471449721563,35.0,0.0077601410934744,0.0007829912591817,0.6363717713922513,1.0,47.0,0.0246331382285222,0.0463407317650367,0.1890482398956975,0.0745762711864406,0.0,9.989417989417989,7.329909371889571,1.6681734961461558
S3PA03-20220623-5W,S3PA03,7,SA_PA,G,35,0.111,1,0.201,1,1.51,3.16,,,S3PA03,20220623,5,2022-06-23,campaign_1,S3,S3_PA_SA,paint_plus_surface_inhibitor,SA_PA,G,7,3.5,28,196,S3PA03-20220623-5W.png,Data/Images_dataset/S3PA03-20220623-5W.png,True,2835.0,650.0,,S3PA03-20220623-5W,,,3.16,False,False,0.1112467779134445,0.0,0.2801248134581468,243.5371629358296,26.786833851416304,230.0,255.0,26.786833851416304,246.9688823768824,244.44617555284225,234.14557319223985,23.87171491203078,27.311743629333854,32.41208736799128,5.935422602089269e-07,1.933251933251933e-05,6.369556369556369e-05,0.0002186270519603,0.0010198921448921,0.0006455365622032,0.000680640347307,0.0286016822683489,4.071292053152255,0.8214247006007924,0.6818534851670384,5.867479470783182,2.9505303227766206,187.0,0.0124270790937457,0.0005949025556868,0.6518654625813384,1.0,47.0,0.1090460206940553,0.0886899084481717,0.4002607561929596,0.1940026075619295,0.0,10.488888888888887,11.433510388437218,1.204241138719138
S3PA03-20220630-6W,S3PA03,7,SA_PA,G,42,0.213,1,0.436,1,1.51,3.16,,,S3PA03,20220630,6,2022-06-30,campaign_1,S3,S3_PA_SA,paint_plus_surface_inhibitor,SA_PA,G,7,3.5,28,196,S3PA03-20220630-6W.png,Data/Images_dataset/S3PA03-20220630-6W.png,True,2835.0,650.0,,S3PA03-20220630-6W,,,3.16,False,False,0.2132682132682132,0.0001085334418667,0.7309184642517976,227.65019508886175,34.44400275194265,186.0,249.0,34.44400275194265,234.18819047619047,228.6464658797992,210.0214065934066,32.464349738784094,34.88555924134059,37.974038890666435,6.9529236195902864e-06,4.181929181929182e-05,0.0001326482159815,0.0009861280694614,0.0016447395197395,0.0004004544837878,0.0025029337946004,0.0255343237009903,5.255048639080759,0.6680674309269394,0.2801065519149879,5.2438498879437905,3.154254272591628,259.0,0.0166056166056166,0.0008234293948579,0.6594664507639101,1.0,47.0,0.2115453965435934,0.1427697391164391,0.6558018252933507,0.3504563233376792,0.0,0.9989417989417988,10.12406855419578,1.3098989860558623
S3PA03-20220708-7W,S3PA03,7,SA_PA,G,49,0.157,1,0.684,1,1.51,3.16,,,S3PA03,20220708,7,2022-07-08,campaign_1,S3,S3_PA_SA,paint_plus_surface_inhibitor,SA_PA,G,7,3.5,28,196,S3PA03-20220708-7W.png,Data/Images_dataset/S3PA03-20220708-7W.png,True,2835.0,650.0,,S3PA03-20220708-7W,,,3.16,False,False,0.1570478903812237,0.0,0.3091032424365758,233.1264344051011,29.241763903145134,211.0,252.0,29.241763903145134,239.97281725681725,233.77116049382715,216.37532275132276,27.300852470055904,29.814006006345455,32.85172088027411,1.5432098765432098e-06,2.263939763939764e-05,6.245760412427079e-05,0.0003447293447293,0.0016010887260887,0.0005206213539546,0.0018231583231583,0.0268737620404287,4.453804668275601,0.6893073557888307,0.2994700454529566,5.285842844410602,3.1510160953298767,141.0,0.057414190747524,0.0011138148253987,0.6838219715177142,1.0,47.0,0.1540958140309023,0.264763602511961,1.469361147327249,0.3079530638852671,0.0,0.9989417989417988,6.728739994807721,2.9588904414130908
S3PA03-20220714-8W,S3PA03,7,SA_PA,G,56,0.191,1,0.99,1,1.51,3.16,,,S3PA03,20220714,8,2022-07-14,campaign_1,S3,S3_PA_SA,paint_plus_surface_inhibitor,SA_PA,G,7,3.5,28,196,S3PA03-20220714-8W.png,Data/Images_dataset/S3PA03-20220714-8W.png,True,2835.0,650.0,,S3PA03-20220714-8W,,,3.16,False,False,0.1908560575227242,0.0,0.2361687695021028,232.15175417175416,29.31521390373067,212.0,250.0,29.31521390373067,239.89114584181252,232.38514774114773,215.18161334961337,27.04349543630421,30.02232017065863,33.55919052854962,2.6455026455026455e-06,1.8026726360059692e-05,5.5792972459639125e-05,0.0004059829059829,0.0015644417311083,0.000445411070411,0.0019996099579432,0.0267580891330891,3.2482335611621016,0.7223712004052876,0.3069733748721977,5.179099569946438,2.970999218368262,108.0,0.0923076923076923,0.001767185717803,0.5764122364446315,1.0,47.0,0.1905184609836611,0.4165693695422585,2.305084745762712,0.2857887874837027,0.0,0.9989417989417988,5.9102993321929915,4.563286191332465
S3PA03-20220721-9W,S3PA03,7,SA_PA,G,63,0.234,1,1.455,1,1.51,3.16,,,S3PA03,20220721,9,2022-07-21,campaign_1,S3,S3_PA_SA,paint_plus_surface_inhibitor,SA_PA,G,7,3.5,28,196,S3PA03-20220721-9W.png,Data/Images_dataset/S3PA03-20220721-9W.png,True,2835.0,650.0,,S3PA03-20220721-9W,,,3.16,False,False,0.2340523673857007,0.0,0.1912359245692579,226.74326902726904,30.724927280023103,199.0,246.0,30.724927280023103,237.27043711843712,226.50411992945325,203.97117134717135,28.603896902899304,31.4573504470592,34.57162045257952,4.799213132546466e-06,1.862026862026862e-05,5.189255189255189e-05,0.0005907780491113,0.0018631630714964,0.0004344559761226,0.0023869725953059,0.0258993182743182,2.223444577458295,0.8039209902372557,0.3725386660332565,5.275061219898414,2.764681771322679,112.0,0.1318681318681318,0.0020897532802294,0.5463499435501624,1.0,47.0,0.2344031734583483,0.6105135329693386,3.3168187744458932,0.3087353324641458,0.0,0.9989417989417988,3.9232668062716742,7.619844511994662
S3PA03-20220802-10W,S3PA03,7,SA_PA,G,70,0.377,1,2.026,1,1.51,3.16,,,S3PA03,20220802,10,2022-08-02,campaign_1,S3,S3_PA_SA,paint_plus_surface_inhibitor,SA_PA,G,7,3.5,28,196,S3PA03-20220802-10W.png,Data/Images_dataset/S3PA03-20220802-10W.png,True,2835.0,650.0,,S3PA03-20220802-10W,,,3.16,False,False,0.3765025098358431,0.0001628001628001,0.2981956315289648,233.16179839913173,29.803145602587627,212.0,252.0,29.803145602587627,242.26365323565324,233.62699552299551,211.05322262922263,26.705002520264543,31.06515190593682,34.84520887110813,9.344051010717676e-06,3.7460995794329126e-05,8.49104599104599e-05,0.0003674874508207,0.0015265228598561,0.0005094458011124,0.0015826719576719,0.027132156423823,3.803307444727002,0.795378309403286,0.3622630828999429,5.505602810490884,2.9535123494676805,216.0,0.1532492199158865,0.0017430671751659,0.606826103067005,1.0,47.0,0.377597159421898,0.7837066198807673,3.94393741851369,0.4829204693611471,0.0,0.9989417989417988,5.833182488587504,6.1350558704800005
S3PA03-20220822-13W,S3PA03,7,SA_PA,G,91,0.298,1,2.009,1,1.51,3.16,,,S3PA03,20220822,13,2022-08-22,campaign_1,S3,S3_PA_SA,paint_plus_surface_inhibitor,SA_PA,G,7,3.5,28,196,S3PA03-20220822-13W.png,Data/Images_dataset/S3PA03-20220822-13W.png,True,2835.0,650.0,,S3PA03-20220822-13W,,,3.16,False,False,0.2980870980870981,0.0,0.1610636277302944,221.712697327364,25.48230152071296,204.0,239.0,25.48230152071296,233.20365377832044,221.1409708316375,197.88954985754987,23.71145087428477,26.332805128504496,28.438028197486073,3.900420567087234e-07,1.6263057929724596e-05,6.028693528693529e-05,0.0002910222493555,0.0015858431691765,0.0006098901098901,0.0068704721204721,0.0218158323158323,2.6249342867716448,0.7701161030150256,0.3310479193895023,5.223177896804451,2.872736256263017,121.0,0.1521638854972188,0.002463529736257,0.5169772615117033,1.0,47.0,0.3015340231351771,0.8441159928611547,4.380704041720991,0.3144719687092565,0.0,0.9989417989417988,2.8353639119340923,9.234365366171469
S3PA03-20220906-15W,S3PA03,7,SA_PA,G,105,0.467,1,2.262,1,1.51,3.16,,,S3PA03,20220906,15,2022-09-06,campaign_1,S3,S3_PA_SA,paint_plus_surface_inhibitor,SA_PA,G,7,3.5,28,196,S3PA03-20220906-15W.png,Data/Images_dataset/S3PA03-20220906-15W.png,True,2835.0,650.0,,S3PA03-20220906-15W,,,3.16,False,False,0.4672364672364673,0.0,0.3666259666259666,234.48608872608872,31.335988429878658,210.0,252.0,31.335988429878658,243.69238692172024,235.44021489621488,210.2938141364808,27.69351269017124,32.85420498181409,37.580002168122526,1.4652014652014653e-05,4.217541717541718e-05,0.0001048704382037,0.0004474630307963,0.0015224698141364,0.0005271503188169,0.0014011836928503,0.0271900352733686,4.304136887061517,0.7692906292970757,0.3872911378879596,5.514056780914967,2.9808386527584614,227.0,0.1520010853344186,0.0020583104283544,0.6597130038357156,1.0,47.0,0.4696108075119976,0.8561690388476285,4.058670143415906,0.8954367666232071,0.0,0.9989417989417988,5.873468650332763,5.756708507273134
S3PA03-20221102-24W,S3PA03,7,SA_PA,G,168,4.579,1,17.348,3,1.51,3.16,,,S3PA03,20221102,24,2022-11-02,campaign_1,S3,S3_PA_SA,paint_plus_surface_inhibitor,SA_PA,G,7,3.5,28,196,S3PA03-20221102-24W.png,Data/Images_dataset/S3PA03-20221102-24W.png,True,2835.0,650.0,,S3PA03-20221102-24W,,,3.16,False,False,4.579460046126712,5.42667209333876e-05,0.823660290326957,217.630815357482,45.60179282029236,137.0,251.0,45.60179282029236,236.95534174467508,216.57612644145976,176.83387979921312,34.56084040553097,50.99939336005376,59.93864980685023,3.796974630307964e-05,0.0001675315425315,0.0006449769366436,0.001580993080993,0.0021675824175824,0.0013676739926739,0.0038730667480667,0.0214102055352055,5.300886242423831,0.6576960508287971,0.2492333039866898,5.235240163714555,3.0422346865261303,541.0,3.254212454212454,0.0084648060002342,0.6560153870308651,1.0,47.0,4.618186357457906,7.046571207146118,23.00391134289439,17.66805736636245,12.0,1.4984126984126984,4.005080087366668,5.6175553076844515
S3PA03-20221110-25W,S3PA03,7,SA_PA,G,175,6.525,2,21.583,3,1.51,3.16,,,S3PA03,20221110,25,2022-11-10,campaign_1,S3,S3_PA_SA,paint_plus_surface_inhibitor,SA_PA,G,7,3.5,28,196,S3PA03-20221110-25W.png,Data/Images_dataset/S3PA03-20221110-25W.png,True,2835.0,650.0,,S3PA03-20221110-25W,,,3.16,False,False,6.525356125356126,0.0002170668837335,1.3509700176366843,214.94577018043685,50.96154803855867,125.0,252.0,50.96154803855867,235.45907746574417,212.9694364401031,175.65656708723375,37.86730847171805,57.57392190319813,66.89567708286279,5.5216388549721885e-05,0.0002051112467779,0.001001458418125,0.0020443291276624,0.0020656627323293,0.0017956518789852,0.0037040428707095,0.0203785273368606,8.337766361955628,0.588791211173777,0.2897345842241196,5.3613228689850905,3.1930662581974754,1159.0,4.7629900963234295,0.005630160591334,0.6827281150774628,1.0,47.0,6.617908957252627,9.02574246004573,32.11994784876141,22.23024771838331,19.0,1.4984126984126984,4.453096619302564,3.3522415927419336
S3PA03-20221206-28W,S3PA03,7,SA_PA,G,196,8.862,2,30.48,4,1.51,3.16,0.1264,2.66,S3PA03,20221206,28,2022-12-06,campaign_1,S3,S3_PA_SA,paint_plus_surface_inhibitor,SA_PA,G,7,3.5,28,196,S3PA03-20221206-28W.png,Data/Images_dataset/S3PA03-20221206-28W.png,True,2835.0,650.0,,S3PA03-20221206-28W,0.1264,12.64,3.16,True,True,8.86153846153846,0.0,0.9633970967304302,211.204780355447,54.11661032792801,118.0,252.0,54.11661032792801,237.0970223850224,208.6498597205264,160.72715995115996,36.79742108694236,62.958383858122666,73.91407688990161,3.7562745896079226e-05,0.0001877289377289,0.0011921381088047,0.0024674738841405,0.0025984601817935,0.002242792701126,0.0029503120336453,0.0195735314068647,4.676889749944104,0.7074323371624898,0.3755290376464187,5.462060968961728,2.8620741093386273,733.0,6.6726360059693395,0.0120894112708573,0.6254154130224591,1.0,47.0,8.850148409109822,11.758907780706078,35.34550195567145,31.60704041720991,20.0,0.9989417989417988,4.343906064178452,3.3803924374429
S3PA04-20220518-0W,S3PA04,7,SA_PA,G,0,0.236,1,0.608,1,6.5,2.51,,,S3PA04,20220518,0,2022-05-18,campaign_1,S3,S3_PA_SA,paint_plus_surface_inhibitor,SA_PA,G,7,3.5,28,196,S3PA04-20220518-0W.png,Data/Images_dataset/S3PA04-20220518-0W.png,True,2835.0,650.0,,S3PA04-20220518-0W,,,2.51,False,False,0.2363858363858364,0.0013566680233346,0.6094152760819428,237.54777642110977,22.854697642317205,228.0,250.0,22.854697642317205,243.99209659476327,237.2903730837064,225.6016453669787,22.04372634241889,23.157898970924084,23.813677196188294,1.833197666531e-05,4.047958214624881e-05,0.0001445699362366,0.0003189696106362,0.0002299213132546,0.0001923585673585,0.0012516619183285,0.0290537070953737,3.1104658761048634,0.8147921870527435,0.3893194255214206,5.447264357472289,2.9601936999260583,206.0,0.0115588115588115,0.0011475040601254,0.7494323558451016,1.0,47.0,0.2412272185081417,0.2230329910036698,0.8096479791395045,0.5934810951760104,0.0,4.495238095238095,10.231057083582336,0.7389520580746931
S3PA04-20220603-2W,S3PA04,7,SA_PA,G,14,0.154,1,0.425,1,4.0,2.51,,,S3PA04,20220603,2,2022-06-03,campaign_1,S3,S3_PA_SA,paint_plus_surface_inhibitor,SA_PA,G,7,3.5,28,196,S3PA04-20220603-2W.png,Data/Images_dataset/S3PA04-20220603-2W.png,True,2835.0,650.0,,S3PA04-20220603-2W,,,2.51,False,False,0.1544430877764211,0.0,0.2328042328042328,222.5696632749966,18.75274690770625,213.0,235.0,18.75274690770625,231.127289648623,222.42776014109347,204.34227106227107,18.32237410345474,18.913085399024748,19.99551694153248,1.6941391941391942e-05,2.3521231854565187e-05,4.607583774250441e-05,0.0001799111382444,0.0004790903540903,0.0005120065120065,0.0115545719712386,0.0184378815628815,2.4010649053263102,0.8219596385341814,0.378783488571297,5.329739458495937,2.9460665753979995,95.0,0.0237145570478903,0.001625716713436,0.6157042335003096,1.0,47.0,0.1576187966379095,0.1790757707326943,1.0182529335071708,0.2675358539765319,0.0,4.495238095238095,10.553032381844751,1.541777062677152
S3PA04-20220609-3W,S3PA04,7,SA_PA,G,21,0.163,1,0.634,1,4.0,2.51,,,S3PA04,20220609,3,2022-06-09,campaign_1,S3,S3_PA_SA,paint_plus_surface_inhibitor,SA_PA,G,7,3.5,28,196,S3PA04-20220609-3W.png,Data/Images_dataset/S3PA04-20220609-3W.png,True,2835.0,650.0,,S3PA04-20220609-3W,,,2.51,False,False,0.1633428300094966,0.0008682675349342,0.2019264685931352,228.68484656084655,19.53055875418067,218.0,244.0,19.53055875418067,234.7318019264686,229.38752516619184,214.87372893772897,18.492518818841397,20.018778372332427,22.116999191370812,1.585605752272419e-05,2.1961063627730297e-05,4.3430335097001765e-05,0.0001602564102564,0.0004334384751051,0.0005156186406186,0.0047112332112332,0.0253482058065391,2.7196201387553085,0.8006244010565586,0.345217260930649,5.261026071456385,2.850641964357849,87.0,0.0498168498168498,0.0018775037932126,0.6134799643542557,1.0,47.0,0.1641099614413714,0.2809283334495981,1.5827900912646675,0.2070404172099087,0.0,4.495238095238095,9.161402731635288,2.4839701404266865
S3PA04-20220616-4W,S3PA04,7,SA_PA,G,28,0.082,1,0.4,1,4.0,2.51,,,S3PA04,20220616,4,2022-06-16,campaign_1,S3,S3_PA_SA,paint_plus_surface_inhibitor,SA_PA,G,7,3.5,28,196,S3PA04-20220616-4W.png,Data/Images_dataset/S3PA04-20220616-4W.png,True,2835.0,650.0,,S3PA04-20220616-4W,,,2.51,False,False,0.0815628815628815,0.0,0.0695156695156695,250.85036223036224,14.716177783452396,250.0,255.0,14.716177783452396,252.9054141907475,251.6115343915344,244.89792592592593,12.007561807815458,15.486264754883312,21.66884265924763,4.103920770587437e-06,8.309591642924976e-06,2.1961063627730297e-05,3.5629493962827294e-05,0.0001249660832994,0.0003589404422737,0.0005622032288698,0.0301338861755528,1.7486775366214395,0.9441215570960269,0.9021182176681296,6.384140801439857,2.374526942036089,42.0,0.0331569664902998,0.0019419733705447,0.6974926826681164,1.0,47.0,0.0833865017060112,0.1744501675398173,1.014341590612777,0.1288135593220338,0.0,4.495238095238095,7.824959604600323,2.656121854062366
S3PA04-20220623-5W,S3PA04,7,SA_PA,G,35,0.13,1,0.738,1,4.0,2.51,,,S3PA04,20220623,5,2022-06-23,campaign_1,S3,S3_PA_SA,paint_plus_surface_inhibitor,SA_PA,G,7,3.5,28,196,S3PA04-20220623-5W.png,Data/Images_dataset/S3PA04-20220623-5W.png,True,2835.0,650.0,,S3PA04-20220623-5W,,,2.51,False,False,0.1304029304029304,0.0,0.0552977886311219,245.1798572785239,16.39484668998286,237.0,253.0,16.39484668998286,250.30510541310545,246.4316076516077,229.52160683760684,13.523885594487924,17.48209005051069,21.826803793327123,6.7663817663817665e-06,1.2498304164970832e-05,1.904422737756071e-05,4.729683896350563e-05,0.0001996676163342,0.0004454619454619,0.0006649369149369,0.0298543277709944,1.7149785436613223,0.8739889001911103,0.5966470264876619,5.729931554855625,2.710804974129489,37.0,0.0713064713064713,0.0035244035244035,0.6092526322083214,1.0,47.0,0.1332075785736081,0.3776692639558272,1.9608865710560628,0.1556714471968708,0.0,4.495238095238095,7.018683435828671,4.481211884879203
S3PA04-20220630-6W,S3PA04,7,SA_PA,G,42,0.257,1,1.003,1,4.0,2.51,,,S3PA04,20220630,6,2022-06-30,campaign_1,S3,S3_PA_SA,paint_plus_surface_inhibitor,SA_PA,G,7,3.5,28,196,S3PA04-20220630-6W.png,Data/Images_dataset/S3PA04-20220630-6W.png,True,2835.0,650.0,,S3PA04-20220630-6W,,,2.51,False,False,0.2568443901777235,0.0001085334418667,0.2079500746167412,242.3032028218695,21.576585029033144,231.0,253.0,21.576585029033144,247.8870177723511,243.1399945733279,227.9361747388414,19.10295145293229,22.546345135255283,26.286588405994703,1.711097544430878e-05,3.278049111382445e-05,5.608126441459775e-05,0.0001484873151539,0.0003538190204856,0.0004660154660154,0.0011081264414597,0.0290675790259123,4.0348273727974036,0.7975013904555301,0.5036235328388343,5.589761783208009,2.993754124970607,180.0,0.0888346221679555,0.0014269132787651,0.667327253766866,1.0,47.0,0.2618103137396322,0.488120380301038,2.5853976531942635,0.3267275097783572,0.0,4.994708994708994,8.76400819641893,1.9267491710423832
S3PA04-20220708-7W,S3PA04,7,SA_PA,G,49,0.249,1,1.274,1,4.0,2.51,,,S3PA04,20220708,7,2022-07-08,campaign_1,S3,S3_PA_SA,paint_plus_surface_inhibitor,SA_PA,G,7,3.5,28,196,S3PA04-20220708-7W.png,Data/Images_dataset/S3PA04-20220708-7W.png,True,2835.0,650.0,,S3PA04-20220708-7W,,,2.51,False,False,0.2487586487586487,0.0,0.1398453398453398,228.3257457604124,19.430237729918673,216.0,242.0,19.430237729918673,236.0761644281644,228.8839484466151,209.638001356668,17.82640851893217,20.202962905659863,22.765583554766685,1.2786596119929451e-05,2.4521774521774523e-05,4.271808438475105e-05,0.0001428741012074,0.0004523809523809,0.0005855379188712,0.0050348154931488,0.024954365079365,2.957300577657814,0.7627472238842279,0.3423314770719631,5.240916524613428,2.995114874457586,97.0,0.119006919006919,0.002564522152151,0.6841107488440079,1.0,47.0,0.253599267663458,0.5980748773147404,3.286831812255541,0.3280312907431549,0.0,4.495238095238095,7.64577042762034,3.667345800080643
S3PA04-20220714-8W,S3PA04,7,SA_PA,G,56,0.371,1,1.629,1,4.0,2.51,,,S3PA04,20220714,8,2022-07-14,campaign_1,S3,S3_PA_SA,paint_plus_surface_inhibitor,SA_PA,G,7,3.5,28,196,S3PA04-20220714-8W.png,Data/Images_dataset/S3PA04-20220714-8W.png,True,2835.0,650.0,,S3PA04-20220714-8W,,,2.51,False,False,0.3705331705331705,0.0009225342558675,0.2045312711979378,226.84270628137295,20.592369857478396,214.0,241.0,20.592369857478396,235.5070937457604,226.58380409713743,209.77681074481077,18.829098342399877,21.406843557531097,24.052061273132075,3.2543074209740874e-05,3.727445394112061e-05,6.020214353547687e-05,0.0001742300908967,0.000375407000407,0.0004939458689458,0.0065787545787545,0.0234976427893094,4.229332993303585,0.7174694103883248,0.310270727188157,5.285643825659574,3.1621403101186334,267.0,0.1499932166598833,0.0013877646836448,0.6283419827933453,1.0,47.0,0.3779300396682294,0.7491161577933617,4.220338983050848,0.4445893089960886,0.0,4.495238095238095,8.278502152667357,2.312285450059881
S3PA04-20220721-9W,S3PA04,7,SA_PA,G,63,0.337,1,1.501,1,4.0,2.51,,,S3PA04,20220721,9,2022-07-21,campaign_1,S3,S3_PA_SA,paint_plus_surface_inhibitor,SA_PA,G,7,3.5,28,196,S3PA04-20220721-9W.png,Data/Images_dataset/S3PA04-20220721-9W.png,True,2835.0,650.0,,S3PA04-20220721-9W,,,2.51,False,False,0.3367792701126034,0.0002170668837335,0.3575634242300908,223.38903649436983,21.63618960287212,213.0,237.0,21.63618960287212,231.85933848867185,223.21663817663816,206.41087342287344,20.315117790429554,22.291955179001697,24.736034829588437,2.2656355989689324e-05,3.3831908831908834e-05,8.043345543345543e-05,0.0002866130782797,0.0005911511328177,0.0005356464523131,0.0078838013838013,0.0218158662325329,3.05476210780347,0.8044437896121812,0.3837996652523932,5.353716891500169,2.976428609488153,192.0,0.1364808031474698,0.0017540586985031,0.6528050282568986,1.0,47.0,0.3429498737829066,0.6707255393017392,3.848761408083442,0.4938722294654498,0.0,4.495238095238095,8.710231266209354,2.8549406534680615
S3PA04-20220802-10W,S3PA04,7,SA_PA,G,70,0.345,1,1.218,1,4.0,2.51,,,S3PA04,20220802,10,2022-08-02,campaign_1,S3,S3_PA_SA,paint_plus_surface_inhibitor,SA_PA,G,7,3.5,28,196,S3PA04-20220802-10W.png,Data/Images_dataset/S3PA04-20220802-10W.png,True,2835.0,650.0,,S3PA04-20220802-10W,,,2.51,False,False,0.3449192782526116,0.0009225342558675,0.4972459639126306,226.62808194274865,24.188040978873698,214.0,243.0,24.188040978873698,235.9847136073803,226.3638485958486,207.01998751865415,23.12888238967968,24.7891862900091,26.50470725395153,2.5522317188983856e-05,4.1615791615791615e-05,0.0001143331976665,0.0003080145163478,0.0006139092389092,0.0005758207841541,0.0062221883055216,0.0233485958485958,3.6179809214148304,0.8053938382158676,0.3394925667377251,5.413041785284727,3.035576179997078,267.0,0.1036494369827703,0.0012918325028187,0.642529069295106,1.0,47.0,0.3492745984632028,0.5461921735206766,3.1473272490221644,0.6289439374185135,0.0,4.495238095238095,10.4237425954229,2.369397180308239
S3PA04-20220822-13W,S3PA04,7,SA_PA,G,91,0.246,1,0.989,1,4.0,2.51,,,S3PA04,20220822,13,2022-08-22,campaign_1,S3,S3_PA_SA,paint_plus_surface_inhibitor,SA_PA,G,7,3.5,28,196,S3PA04-20220822-13W.png,Data/Images_dataset/S3PA04-20220822-13W.png,True,2835.0,650.0,,S3PA04-20220822-13W,,,2.51,False,False,0.2461538461538461,0.0,0.2570071903405236,222.12476624609957,21.826809044467783,211.0,237.0,21.826809044467783,232.6866455026455,221.8916212182879,199.08280993080993,20.77116917043062,22.448409134127076,23.607227236351328,9.394926061592727e-06,3.3034866368199704e-05,6.079568579568579e-05,0.0002782865282865,0.0008087437254103,0.0005810439560439,0.0091192002442002,0.0203595000678334,3.0617431871067913,0.7863983744156509,0.3572918374474542,5.299479955350576,2.974067395159709,159.0,0.0857956857956857,0.001548137397194,0.6356140176889676,1.0,47.0,0.2507975255901689,0.4397441097267913,2.564537157757497,0.3306388526727509,0.0,4.495238095238095,8.835732482293329,2.2411754447651324
S3PA04-20220906-15W,S3PA04,7,SA_PA,G,105,0.247,1,0.894,1,4.0,2.51,,,S3PA04,20220906,15,2022-09-06,campaign_1,S3,S3_PA_SA,paint_plus_surface_inhibitor,SA_PA,G,7,3.5,28,196,S3PA04-20220906-15W.png,Data/Images_dataset/S3PA04-20220906-15W.png,True,2835.0,650.0,,S3PA04-20220906-15W,,,2.51,False,False,0.2469678469678469,0.0001628001628001,0.2538597205263871,238.3591805725139,21.463370109194464,227.0,252.0,21.463370109194464,246.99637932437932,239.3032039072039,215.75216714150048,19.157205023799584,22.571606530004537,25.276595163153047,1.9688644688644688e-05,3.0185863519196852e-05,6.067697734364401e-05,0.0001915445665445,0.0003795109211775,0.0003647571564238,0.0013745421245421,0.0288290937457604,3.846779040460204,0.7860767952562042,0.3764284259056709,5.481486929659851,3.0012301181869843,178.0,0.0734771401438068,0.0013874598144261,0.627011541875392,1.0,47.0,0.241782018918694,0.4146431530293337,2.2320730117340286,0.3280312907431551,0.0,4.495238095238095,9.998834141923576,2.276682472777368
S3PA04-20221102-24W,S3PA04,7,SA_PA,G,168,2.162,1,4.507,1,1.51,2.51,,,S3PA04,20221102,24,2022-11-02,campaign_1,S3,S3_PA_SA,paint_plus_surface_inhibitor,SA_PA,G,7,3.5,28,196,S3PA04-20221102-24W.png,Data/Images_dataset/S3PA04-20221102-24W.png,True,2835.0,650.0,,S3PA04-20221102-24W,,,2.51,False,False,2.161660561660562,0.0005426672093338,0.7638583638583638,224.6848498168498,34.85526156615821,196.0,245.0,34.85526156615821,240.46131596798264,224.65472744539412,188.03883923483923,29.17654605548784,37.35958793227061,43.13747703527955,8.109483109483109e-05,0.0002071292904626,0.0004121387871387,0.0005539105955772,0.000615469407136,0.0010051722968389,0.0039905202821869,0.0243845645095645,4.88909727943798,0.6948398204720577,0.2932063741485331,5.2183408758555645,3.1169591555366303,694.0,0.5515669515669516,0.0031147846709806,0.6011524405070928,1.0,47.0,2.1872451385614022,2.3837897455853403,9.233376792698824,5.488396349413298,7.0,2.497354497354497,9.616026935060928,1.974202448122066
S3PA04-20221110-25W,S3PA04,7,SA_PA,G,175,2.505,1,4.829,1,1.51,2.51,,,S3PA04,20221110,25,2022-11-10,campaign_1,S3,S3_PA_SA,paint_plus_surface_inhibitor,SA_PA,G,7,3.5,28,196,S3PA04-20221110-25W.png,Data/Images_dataset/S3PA04-20221110-25W.png,True,2835.0,650.0,,S3PA04-20221110-25W,,,2.51,False,False,2.505385972052639,0.0,0.7762311762311762,221.4871100257767,36.17274976328483,178.0,245.0,36.17274976328483,238.52669922669924,220.65448595848596,185.9719506172839,27.98661722448934,39.68297056092595,48.73673206454554,5.316442816442816e-05,0.0001323090489757,0.000429249762583,0.0008632817799484,0.0009384072717406,0.0013721679555012,0.0046965303215303,0.0227648894315561,4.655938288675339,0.677847434591266,0.2710199698183791,5.165782619605943,3.1060204037970296,613.0,0.5276353276353276,0.0040870896770842,0.5889031119419194,1.0,47.0,2.4726344697495084,2.9111507995616774,10.848761408083442,7.811212516297261,9.0,17.98095238095238,10.195720987715443,1.8632020844123989
S3PA04-20221206-28W,S3PA04,7,SA_PA,G,196,4.997,1,7.815,2,16.49,2.51,0.019,2.85,S3PA04,20221206,28,2022-12-06,campaign_1,S3,S3_PA_SA,paint_plus_surface_inhibitor,SA_PA,G,7,3.5,28,196,S3PA04-20221206-28W.png,Data/Images_dataset/S3PA04-20221206-28W.png,True,2835.0,650.0,,S3PA04-20221206-28W,0.019,1.9,2.51,True,True,4.996879663546331,0.0015737349070682,0.4040700040700041,215.99168253968253,43.22345745301422,149.0,247.0,43.22345745301422,238.53124732058063,214.28553194953196,170.29329643196309,30.338590895810633,48.61278097598544,59.872530120010374,8.411341744675078e-05,0.0002466761633428,0.0007134038800705,0.0010574548907882,0.0016123829873829,0.0019140042056708,0.0044704246370913,0.0211515398182064,5.331887531846487,0.6836404961804883,0.2450805938878291,5.213581731809254,3.061605755744788,819.0,1.0115859449192783,0.0061011961703862,0.669905934148198,1.0,47.0,4.728730339260451,4.426711335267408,16.01173402868318,11.545241199478488,17.0,17.98095238095238,13.070929902224428,1.573174134103521
S4SAVF01-20220518-0W,S4SAVF01,7,NO,D,0,0.13,1,0.624,1,1.51,3.7,,,S4SAVF01,20220518,0,2022-05-18,campaign_1,S4,S4_SA_VF,no_treatment_control,False,D,7,3.5,28,196,S4SAVF01-20220518-0W.png,Data/Images_dataset/S4SAVF01-20220518-0W.png,True,2835.0,650.0,,S4SAVF01-20220518-0W,,,3.7,False,False,0.13007733007733,0.0,0.3479039479039479,139.56875322208654,13.33135452981154,124.0,157.0,13.33135452981154,148.36627757427758,139.62369447836116,120.08098982498984,13.52831775834633,13.324121661816012,12.99719024047486,5.307963641296974e-06,2.7336860670194003e-05,5.214692714692715e-05,0.0051305962555962,0.0236347510514177,0.0023891602224935,9.242300908967576e-06,1.4584181250847917e-06,1.11546287985658,0.7197152944180871,0.2533900953639925,5.080853530852233,2.899379357028561,36.0,0.0194274860941527,0.0036132591688147,0.6184527739168402,1.0,47.0,0.118727287858193,0.2400491840467923,1.1694915254237288,0.5335071707953064,0.0,0.4994708994708994,3.611837548258073,6.499066044198631
S4SAVF01-20220603-2W,S4SAVF01,7,NO,D,14,0.186,1,0.639,1,1.51,3.7,,,S4SAVF01,20220603,2,2022-06-03,campaign_1,S4,S4_SA_VF,no_treatment_control,False,D,7,3.5,28,196,S4SAVF01-20220603-2W.png,Data/Images_dataset/S4SAVF01-20220603-2W.png,True,2835.0,650.0,,S4SAVF01-20220603-2W,,,3.7,False,False,0.1857549857549857,0.0005426672093338,0.5336046669380002,169.42562854429522,19.662453458190736,144.0,190.0,19.662453458190736,180.54715832315833,169.68808519875188,143.00421218287886,19.335369230159984,19.84365495230222,19.89445905731127,2.189323022656356e-05,3.6002577669244333e-05,8.930267263600597e-05,0.0008910765160765,0.006470119386786,0.0212492538325871,0.0024739689323022,1.8382851716185048e-05,6.365732802403818,0.4480488191110329,0.1526822192535061,5.23563820121661,3.3965199470478806,262.0,0.0174738841405508,0.000708988495248,0.6270428261119013,1.0,47.0,0.1793947127520874,0.2639830107581027,1.0404172099087352,0.5428943937418513,0.0,0.4994708994708994,5.221428030425986,4.068015039589094
S4SAVF01-20220609-3W,S4SAVF01,7,NO,D,21,0.137,1,0.588,1,1.51,3.7,,,S4SAVF01,20220609,3,2022-06-09,campaign_1,S4,S4_SA_VF,no_treatment_control,False,D,7,3.5,28,196,S4SAVF01-20220609-3W.png,Data/Images_dataset/S4SAVF01-20220609-3W.png,True,2835.0,650.0,,S4SAVF01-20220609-3W,,,3.7,False,False,0.137077737077737,0.0,0.3342287342287342,181.98699552299553,19.966903267181245,156.0,201.0,19.966903267181245,191.6531629358296,181.91578781712116,160.5478312304979,19.119370430958387,20.292912762579327,20.73098787858895,6.020214353547687e-06,2.652285985619319e-05,5.769230769230769e-05,0.0005662901912901,0.0030413614163614,0.0169107482024148,0.010571225071225,7.013973680640347e-05,2.520744330816442,0.6226960396974082,0.2017867640338638,5.104787698910589,3.080154839896984,102.0,0.0164428164428164,0.001343899383115,0.5801732465600417,1.0,47.0,0.1332630586146633,0.22420999222633,0.8578878748370273,0.5655801825293351,0.0,0.4994708994708994,4.651697687960555,7.262600335953821
S4SAVF01-20220616-4W,S4SAVF01,7,NO,D,28,0.044,1,0.166,1,4.0,3.7,,,S4SAVF01,20220616,4,2022-06-16,campaign_1,S4,S4_SA_VF,no_treatment_control,False,D,7,3.5,28,196,S4SAVF01-20220616-4W.png,Data/Images_dataset/S4SAVF01-20220616-4W.png,True,2835.0,650.0,,S4SAVF01-20220616-4W,,,3.7,False,False,0.0439017772351105,0.0,0.0816714150047483,207.64470004070003,15.060458592084965,190.0,223.0,15.060458592084965,218.27670872337535,207.82739926739927,183.0542797449464,14.149300842574872,15.32981582012049,16.56717719000217,8.479175145841814e-08,5.681047347714014e-06,2.4080857414190747e-05,4.509225342558676e-05,0.0002677384344051,0.0030954415954415,0.0251112467779134,0.0027006342423009,2.4669771512380256,0.625844101648316,0.2360768377793711,5.135107772980176,3.1225020159434447,43.0,0.0105820105820105,0.0010209715636072,0.6962741319053324,1.0,47.0,0.0444117728647119,0.0902734857750848,0.378096479791395,0.1533246414602346,0.0,4.994708994708994,5.13516065951171,4.44388819143808
S4SAVF01-20220623-5W,S4SAVF01,7,NO,D,35,0.057,1,0.19,1,4.0,3.7,,,S4SAVF01,20220623,5,2022-06-23,campaign_1,S4,S4_SA_VF,no_treatment_control,False,D,7,3.5,28,196,S4SAVF01-20220623-5W.png,Data/Images_dataset/S4SAVF01-20220623-5W.png,True,2835.0,650.0,,S4SAVF01-20220623-5W,,,3.7,False,False,0.05670872337539,0.0,0.0819970153303486,196.9064827024827,15.862843022955648,178.0,214.0,15.862843022955648,207.45716619183287,197.37903730837064,171.96930023063356,15.25014599754154,16.12200910404914,16.896488253216564,3.222086555419889e-07,1.1243386243386244e-05,2.074006240672907e-05,6.406864740198074e-05,0.0007932777099443,0.0079878408628408,0.0219801078551078,0.0003923992673992,2.308912056504438,0.6293988843415608,0.2253499177360085,5.009224086460668,2.9561567762561336,38.0,0.0138922805589472,0.0014923348256681,0.7030852737668056,1.0,47.0,0.0568670420816111,0.1203564847968614,0.4511082138200782,0.1807040417209908,0.0,4.994708994708994,5.458729652413863,3.977673712373634
S4SAVF01-20220630-6W,S4SAVF01,7,NO,D,42,0.11,1,0.397,1,4.0,3.7,,,S4SAVF01,20220630,6,2022-06-30,campaign_1,S4,S4_SA_VF,no_treatment_control,False,D,7,3.5,28,196,S4SAVF01-20220630-6W.png,Data/Images_dataset/S4SAVF01-20220630-6W.png,True,2835.0,650.0,,S4SAVF01-20220630-6W,,,3.7,False,False,0.1104327770994437,0.0002170668837335,0.0957807624474291,197.4078670465337,18.596223635375747,174.0,217.0,18.596223635375747,207.99029928096596,197.91531135531136,172.02435327635328,17.899058903765134,18.73443242654884,20.32680434684292,6.630714964048297e-06,2.2808981142314477e-05,2.4504816171482837e-05,8.836996336996337e-05,0.0010220458553791,0.0082529337946004,0.0208971815221815,0.000935524352191,4.782500444552323,0.501906327722113,0.1707261944434102,5.18898993657359,3.3251715673296456,83.0,0.019047619047619,0.0013305153867402,0.5766397652597905,1.0,47.0,0.1111265222336264,0.1917206520725932,0.7913950456323338,0.3752281616688394,0.0,4.994708994708994,5.955320515320515,2.9831947444847837
S4SAVF01-20220708-7W,S4SAVF01,7,NO,D,49,0.092,1,0.311,1,4.0,3.7,,,S4SAVF01,20220708,7,2022-07-08,campaign_1,S4,S4_SA_VF,no_treatment_control,False,D,7,3.5,28,196,S4SAVF01-20220708-7W.png,Data/Images_dataset/S4SAVF01-20220708-7W.png,True,2835.0,650.0,,S4SAVF01-20220708-7W,,,3.7,False,False,0.0922534255867589,0.0,0.1228598561931895,188.01229846696512,18.404419173444182,165.0,210.0,18.404419173444182,198.6980295753629,188.27962447429115,162.93538624338623,18.115931652760143,18.645291291577827,18.72304205237319,2.4080857414190748e-06,1.839981006647673e-05,3.1915615248948585e-05,7.51933251933252e-05,0.0016333095916429,0.0157238671822005,0.0131538291954958,0.0006110771944105,5.400767060180154,0.4576488072893939,0.1466246480347989,5.078525876764128,3.1956791028349265,91.0,0.0162800162800162,0.0010137739075468,0.6739025867510022,1.0,47.0,0.0914311076590196,0.1431952327006177,0.5606258148631029,0.3123859191655802,0.0,4.495238095238095,6.474093993152816,3.5029978972892097
S4SAVF01-20220714-8W,S4SAVF01,7,NO,D,56,0.103,1,0.337,1,4.0,3.7,,,S4SAVF01,20220714,8,2022-07-14,campaign_1,S4,S4_SA_VF,no_treatment_control,False,D,7,3.5,28,196,S4SAVF01-20220714-8W.png,Data/Images_dataset/S4SAVF01-20220714-8W.png,True,2835.0,650.0,,S4SAVF01-20220714-8W,,,3.7,False,False,0.1027811694478361,0.0,0.2445801112467779,185.9078665038665,25.70859248190067,152.0,217.0,25.70859248190067,198.4708321801655,185.52640293040292,158.74091656491655,25.44371820770829,26.002156291535293,25.361030559212836,7.309048975715642e-06,1.9858228191561525e-05,3.871591371591371e-05,0.000502035002035,0.0041509123592456,0.0127119115452448,0.0119881630714964,0.0018310948310948,12.343540215366568,0.3594145517110418,0.102365734067642,5.151885918990716,3.316499487380087,117.0,0.0173110839777506,0.0008784715337421,0.5669602812061347,1.0,47.0,0.1046630974506921,0.1626941396415656,0.6857887874837028,0.3504563233376792,0.0,4.994708994708994,7.118490582904522,1.818761307909704
S4SAVF01-20220721-9W,S4SAVF01,7,NO,D,63,0.089,1,0.289,1,4.0,3.7,,,S4SAVF01,20220721,9,2022-07-21,campaign_1,S4,S4_SA_VF,no_treatment_control,False,D,7,3.5,28,196,S4SAVF01-20220721-9W.png,Data/Images_dataset/S4SAVF01-20220721-9W.png,True,2835.0,650.0,,S4SAVF01-20220721-9W,,,3.7,False,False,0.0885632885632885,0.0,0.0917650250983584,182.55412345679017,17.003096487414027,162.0,203.0,17.003096487414027,193.7458787138787,182.19121150454484,158.46211206077874,16.747206905236173,17.351377175219113,16.900412658693032,1.9332519332519332e-06,1.9010310676977345e-05,2.3928232261565593e-05,5.163817663817664e-05,0.0025126509293175,0.0190405134988468,0.0094450719034052,0.0001552536969203,4.062321019209463,0.5016164855389094,0.1587625696555699,4.954286258187891,2.9982638439975693,67.0,0.0146520146520146,0.0013218401278102,0.6840490699391234,1.0,47.0,0.0892951260783932,0.1388805395172719,0.5280312907431551,0.2500651890482399,0.0,4.495238095238095,5.67789708475983,3.1547826499723617
S4SAVF01-20220802-10W,S4SAVF01,7,NO,D,70,0.157,1,0.467,1,4.0,3.7,,,S4SAVF01,20220802,10,2022-08-02,campaign_1,S4,S4_SA_VF,no_treatment_control,False,D,7,3.5,28,196,S4SAVF01-20220802-10W.png,Data/Images_dataset/S4SAVF01-20220802-10W.png,True,2835.0,650.0,,S4SAVF01-20220802-10W,,,3.7,False,False,0.1573192239858906,0.0002170668837335,0.14673721340388,179.14121340388007,23.97021735830722,149.0,209.0,23.97021735830722,191.8316955636956,178.88656518789853,151.1887450820784,23.988627348404535,24.284783682139786,23.080694488050845,1.2176095509428843e-05,2.5183150183150183e-05,3.357753357753358e-05,0.0003760344593677,0.0059628612128612,0.0151034628951295,0.0089406796906796,0.0007960249626916,11.056324545974851,0.3493190419614638,0.1030300834393684,5.174643280521256,3.3716728115021506,133.0,0.0246370913037579,0.0011828513081645,0.6131828689914995,1.0,47.0,0.1589780576437626,0.1905803409074354,0.6584093872229466,0.4753585397653194,0.0,4.495238095238095,7.88970179463453,1.822524298657645
S4SAVF01-20220822-13W,S4SAVF01,7,NO,D,91,0.092,1,0.272,1,4.0,3.7,,,S4SAVF01,20220822,13,2022-08-22,campaign_1,S4,S4_SA_VF,no_treatment_control,False,D,7,3.5,28,196,S4SAVF01-20220822-13W.png,Data/Images_dataset/S4SAVF01-20220822-13W.png,True,2835.0,650.0,,S4SAVF01-20220822-13W,,,3.7,False,False,0.0919820919820919,0.0,0.1109754443087776,176.49019508886175,14.751576179518812,158.0,194.0,14.751576179518812,188.32225261158595,176.53482729616064,149.0596049382716,15.147141119412275,14.990841256802211,13.61816921327603,3.561253561253561e-07,1.422805589472256e-05,3.072853072853073e-05,6.283068783068783e-05,0.0033627560710894,0.0236098731515398,0.004130409713743,3.881766381766382e-05,2.6908778796361448,0.5930610731947644,0.2012996064823798,5.057395277198508,3.0352261632495057,63.0,0.0187220187220187,0.0014600332060649,0.5978003489445428,1.0,47.0,0.0925961885211795,0.1474271257274652,0.60625814863103,0.288657105606258,0.0,4.994708994708994,8.024278066519955,1.5845175054531158
S4SAVF01-20220906-15W,S4SAVF01,7,NO,D,105,0.291,1,1.569,1,13.99,3.7,,,S4SAVF01,20220906,15,2022-09-06,campaign_1,S4,S4_SA_VF,no_treatment_control,False,D,7,3.5,28,196,S4SAVF01-20220906-15W.png,Data/Images_dataset/S4SAVF01-20220906-15W.png,True,2835.0,650.0,,S4SAVF01-20220906-15W,,,3.7,False,False,0.2909781576448243,0.0004884004884004,0.1167277167277167,180.04142178808846,19.95088858620444,156.0,204.0,19.95088858620444,193.47340279473613,179.71674074074073,150.48036738570073,19.91989253304758,20.36937853386454,20.189509765267022,1.1684303350970017e-05,1.895943562610229e-05,5.367317867317867e-05,0.0002371455704789,0.0038040462623795,0.0185065628815628,0.0083130511463844,0.0003048772215438,5.719803814224558,0.4577539836999591,0.1395527989724581,5.1797139321778705,3.309961979753131,120.0,0.1585673585673585,0.0024248179803735,0.5940937889656775,1.0,47.0,0.2951260783932981,0.782492382270259,3.986962190352021,0.5807040417209909,0.0,13.485714285714286,11.307029478458052,0.3188457158431743
S4SAVF01-20221102-24W,S4SAVF01,7,NO,D,168,4.948,1,12.136,3,11.5,3.7,,,S4SAVF01,20221102,24,2022-11-02,campaign_1,S4,S4_SA_VF,no_treatment_control,False,D,7,3.5,28,196,S4SAVF01-20221102-24W.png,Data/Images_dataset/S4SAVF01-20221102-24W.png,True,2835.0,650.0,,S4SAVF01-20221102-24W,,,3.7,False,False,4.948093881427215,0.017365350698684,7.337511870845203,126.70070058336724,22.963134183141936,101.0,149.0,22.963134183141936,139.96820567087235,126.17195550128883,98.68365866232531,21.058210981385923,24.31214861956293,23.810239849702025,8.279066612399945e-05,0.0005457536290869,0.00169244335911,0.0122095712929046,0.0152942782526115,0.0012347883597883,0.000169481752815,2.0892687559354228e-05,4.628885267010741,0.5036479299162089,0.1560324589231216,5.26926371715109,3.3508011376179265,1901.0,2.0098765432098764,0.0026028899954903,0.5319826353840561,1.0,47.0,5.009043246692002,5.934365086117284,18.71186440677966,14.908996088657103,19.0,2.497354497354497,7.602225679500549,0.9807882340383394
S4SAVF01-20221110-25W,S4SAVF01,7,NO,D,175,3.137,1,7.668,2,1.51,3.7,,,S4SAVF01,20221110,25,2022-11-10,campaign_1,S4,S4_SA_VF,no_treatment_control,False,D,7,3.5,28,196,S4SAVF01-20221110-25W.png,Data/Images_dataset/S4SAVF01-20221110-25W.png,True,2835.0,650.0,,S4SAVF01-20221110-25W,,,3.7,False,False,3.1371048704382036,0.0058065391398724,0.4321258987925654,155.1007559354226,25.02756392111009,130.0,181.0,25.02756392111009,168.52696404829737,154.45556152489485,127.52046289512955,23.06625932989163,26.564166320255012,26.21597090159874,5.2503052503052506e-05,0.0001073463573463,0.0005454483787817,0.0020064441731108,0.0158013159679826,0.0108243114909781,0.0015299654049654,0.0003826651743318,6.164396774165347,0.4859705620924297,0.1476398547844809,5.259347391556413,3.3225442799433647,808.0,1.0092524759191426,0.0038825555327205,0.6037093264338371,1.0,47.0,3.1829454353796227,4.32527192149925,14.452411994784876,10.730638852672753,14.0,2.996825396825397,7.113528559338034,1.1773723827563032
S4SAVF01-20221206-28W,S4SAVF01,7,NO,D,196,5.602,2,17.893,3,1.51,3.7,0.2041,2.4,S4SAVF01,20221206,28,2022-12-06,campaign_1,S4,S4_SA_VF,no_treatment_control,False,D,7,3.5,28,196,S4SAVF01-20221206-28W.png,Data/Images_dataset/S4SAVF01-20221206-28W.png,True,2835.0,650.0,,S4SAVF01-20221206-28W,0.2041,20.41,3.7,True,True,5.601682268348935,0.0033102699769366,0.5951431284764618,149.82623633156967,28.230225830517977,119.0,181.0,28.230225830517977,166.70056057522723,148.3085464658798,117.5415167548501,25.329787423164188,30.25075169351838,29.630297639341983,4.6092796092796094e-05,0.0003105752272418,0.0008974358974358,0.0034395265228598,0.0161533034866368,0.0084499728666395,0.0017025844525844,0.0002505087505087,5.539150760726963,0.4782475218000883,0.1300096166339251,5.189734093642649,3.270431729500629,913.0,1.580518247184914,0.0061354679828575,0.5771145735221795,1.0,47.0,5.601819745346612,7.367036731833151,26.47196870925684,15.75019556714472,18.0,2.497354497354497,6.091001395472212,1.6581179844990732
S4SAVF02-20220518-0W,S4SAVF02,7,SA_VF,VF,0,0.001,1,0.009,1,16.49,3.91,,,S4SAVF02,20220518,0,2022-05-18,campaign_1,S4,S4_SA_VF,surface_inhibitor_plus_glass_compound,SA_VF,VF,7,3.5,28,196,S4SAVF02-20220518-0W.png,Data/Images_dataset/S4SAVF02-20220518-0W.png,True,2835.0,650.0,,S4SAVF02-20220518-0W,,,3.91,False,False,0.0010853344186677,0.0001628001628001,0.0088997422330755,195.6216214896215,25.2017374219905,157.0,223.0,25.2017374219905,197.52905385972053,196.7477791344458,189.3052611585945,23.52849215915368,25.61202313549225,28.034889502830826,2.71333604666938e-07,2.3741690408357074e-07,4.4091710758377425e-07,0.0002393671143671,0.0034109517026183,0.0071378374711708,0.0173632648215981,0.0030976292226292,4.980588626549834,0.618921094344542,0.1736358636639891,4.914352713144756,2.714142379739876,1.0,0.0010853344186677,0.0010853344186677,0.6791334360948817,0.6791334360948817,47.0,0.0011096008211046,0.0052632988324253,0.0260756192959582,0.0,0.0,15.983068783068784,16.020317460317457,0.0004408305826922
S4SAVF02-20220603-2W,S4SAVF02,7,SA_VF,VF,14,0.001,1,0.007,1,16.49,3.91,,,S4SAVF02,20220603,2,2022-06-03,campaign_1,S4,S4_SA_VF,surface_inhibitor_plus_glass_compound,SA_VF,VF,7,3.5,28,196,S4SAVF02-20220603-2W.png,Data/Images_dataset/S4SAVF02-20220603-2W.png,True,2835.0,650.0,,S4SAVF02-20220603-2W,,,3.91,False,False,0.0010853344186677,0.0002170668837335,0.0078686745353412,216.2268365215032,23.61473362892211,182.0,243.0,23.61473362892211,221.07611178944512,217.30338515805184,203.3888834622168,21.744687251266477,23.944657210280933,27.74859015782544,9.49667616334283e-07,2.3741690408357074e-07,8.648758648758649e-07,2.7252068918735583e-05,0.0005352394519061,0.0046669719169719,0.0117530016280016,0.0142654829738163,6.674713935122167,0.5022893373544142,0.1453457468039324,5.119212231865498,3.184770371690764,8.0,0.0002713336046669,0.0001356668023334,0.597862309588451,1.0,47.0,0.0011096008211046,0.0041051481558292,0.0195567144719687,0.0,0.0,15.983068783068784,14.035978835978836,0.0004408305826922
S4SAVF02-20220609-3W,S4SAVF02,7,SA_VF,VF,21,0.001,1,0.01,1,16.49,3.91,,,S4SAVF02,20220609,3,2022-06-09,campaign_1,S4,S4_SA_VF,surface_inhibitor_plus_glass_compound,SA_VF,VF,7,3.5,28,196,S4SAVF02-20220609-3W.png,Data/Images_dataset/S4SAVF02-20220609-3W.png,True,2835.0,650.0,,S4SAVF02-20220609-3W,,,3.91,False,False,0.0013024013024013,0.0,0.0165513498846832,192.67910622710625,24.19704898693235,159.0,221.0,24.19704898693235,197.56082973816308,192.80990259123593,183.30709537376205,21.45343764117945,24.889503704440948,28.71525180913576,3.391670058336725e-07,2.3741690408357074e-07,1.0344593677927012e-06,7.90259123592457e-05,0.0032974494641161,0.0104424603174603,0.0154041344458011,0.0020253188169854,4.180975912382883,0.5554400784481275,0.1506775335458037,4.8349701904522915,2.737434075090152,1.0,0.0013024013024013,0.0013024013024013,0.7869315380312836,0.7869315380312836,47.0,0.0013315209853255,0.0063159585989104,0.0312907431551499,0.0,0.0,15.483597883597884,15.918871252204584,0.0003673858113937
S4SAVF02-20220616-4W,S4SAVF02,7,SA_VF,VF,28,0.002,1,0.015,1,16.49,3.91,,,S4SAVF02,20220616,4,2022-06-16,campaign_1,S4,S4_SA_VF,surface_inhibitor_plus_glass_compound,SA_VF,VF,7,3.5,28,196,S4SAVF02-20220616-4W.png,Data/Images_dataset/S4SAVF02-20220616-4W.png,True,2835.0,650.0,,S4SAVF02-20220616-4W,,,3.91,False,False,0.0018993352326685,0.0,0.0020078686745353,200.33238637905305,20.96449312240753,172.0,225.0,20.96449312240753,206.04931759598423,200.72330918464252,187.57097273097273,18.69695321977759,21.465460636238895,25.703540689533405,4.917921584588251e-07,2.8829195495862164e-07,4.239587572920906e-07,1.0649843983177315e-05,0.0008458485958485,0.0100369522452855,0.0166662427079093,0.0036891025641025,4.426302958062442,0.5359965724263944,0.1504774765520697,4.989495271141416,2.994815620770982,1.0,0.0018993352326685,0.0018993352326685,0.7007744491524417,0.7007744491524417,47.0,0.001941801436933,0.0080544524171035,0.0456323337679269,0.0,0.0,15.983068783068784,15.98766439909297,0.0002519507905157
S4SAVF02-20220623-5W,S4SAVF02,7,SA_VF,VF,35,0.002,1,0.017,1,16.49,3.91,,,S4SAVF02,20220623,5,2022-06-23,campaign_1,S4,S4_SA_VF,surface_inhibitor_plus_glass_compound,SA_VF,VF,7,3.5,28,196,S4SAVF02-20220623-5W.png,Data/Images_dataset/S4SAVF02-20220623-5W.png,True,2835.0,650.0,,S4SAVF02-20220623-5W,,,3.91,False,False,0.0022792022792022,0.0,0.0032560032560032,207.98182824582824,26.613737250651045,171.0,240.0,26.613737250651045,212.45337837471172,208.8582167955501,196.19363451363452,23.7026223416426,27.138977483546988,32.73494751295745,4.239587572920906e-07,3.222086555419889e-07,5.935422602089269e-07,2.5607108940442273e-05,0.0012361450278116,0.0077352462352462,0.0119110025776692,0.0103406593406593,6.988361075263807,0.4814113535927359,0.1229134257966981,5.012365121531233,3.029206362611859,2.0,0.0021164021164021,0.0011396011396011,0.8632380647459321,1.0,47.0,0.0023301617243196,0.010258708162491,0.0508474576271186,0.0,0.0,15.983068783068784,15.9949609473419,0.0002099678090223
S4SAVF02-20220630-6W,S4SAVF02,7,SA_VF,VF,42,0.002,1,0.016,1,16.49,3.91,,,S4SAVF02,20220630,6,2022-06-30,campaign_1,S4,S4_SA_VF,surface_inhibitor_plus_glass_compound,SA_VF,VF,7,3.5,28,196,S4SAVF02-20220630-6W.png,Data/Images_dataset/S4SAVF02-20220630-6W.png,True,2835.0,650.0,,S4SAVF02-20220630-6W,,,3.91,False,False,0.0021164021164021,0.0,0.0055352055352055,203.13752543752545,25.454152107507717,167.0,232.0,25.454152107507717,208.4126110432777,204.29017826617823,188.4753661646995,22.94281969528133,25.93170821177937,30.55525147831097,4.917921584588251e-07,2.8829195495862164e-07,8.309591642924976e-07,3.881766381766382e-05,0.0015762617012617,0.0090235721069054,0.01238256342423,0.0082271740605073,6.500758267323086,0.49821185309645,0.1367914935843532,4.971652807462338,3.0012632645580952,2.0,0.0019536019536019,0.001058201058201,0.8753711774422368,1.0,47.0,0.0021637216011539,0.0094717446033025,0.0469361147327249,0.0,0.0,15.983068783068784,15.802252068918731,0.0002261155268716
S4SAVF02-20220708-7W,S4SAVF02,7,SA_VF,VF,49,0.005,1,0.016,1,16.49,3.91,,,S4SAVF02,20220708,7,2022-07-08,campaign_1,S4,S4_SA_VF,surface_inhibitor_plus_glass_compound,SA_VF,VF,7,3.5,28,196,S4SAVF02-20220708-7W.png,Data/Images_dataset/S4SAVF02-20220708-7W.png,True,2835.0,650.0,,S4SAVF02-20220708-7W,,,3.91,False,False,0.0047212047212047,0.0001085334418667,0.0105277438610771,206.7565980192647,24.723609774651276,172.0,235.0,24.723609774651276,212.62928015194683,207.5972850359517,192.06185049518385,22.571087177456377,25.18419840192973,29.144854862656334,8.479175145841812e-07,4.748338081671415e-07,2.001085334418668e-06,3.4154117487450824e-05,0.0011253222086555,0.0078756613756613,0.0122079263329263,0.0100036121286121,7.172283883503035,0.4694340780983748,0.1322356825151594,5.0510959010790275,3.1547784860256156,9.0,0.0020078686745353,0.000524578302356,0.4521084780604199,1.0,47.0,0.004826763571805,0.011845735838304,0.0482398956975228,0.0156453715775749,0.0,15.983068783068784,16.76569968983762,0.4313335986998778
S4SAVF02-20220714-8W,S4SAVF02,7,SA_VF,VF,56,0.004,1,0.023,1,16.49,3.91,,,S4SAVF02,20220714,8,2022-07-14,campaign_1,S4,S4_SA_VF,surface_inhibitor_plus_glass_compound,SA_VF,VF,7,3.5,28,196,S4SAVF02-20220714-8W.png,Data/Images_dataset/S4SAVF02-20220714-8W.png,True,2835.0,650.0,,S4SAVF02-20220714-8W,,,3.91,False,False,0.0039614706281372,0.0,0.0090082756749423,215.8344827024827,27.303774511955687,178.0,247.0,27.303774511955687,222.0241340388007,216.5315219101886,200.7475577262244,24.69618611928495,27.84268728236207,32.64345230880332,6.274589607922941e-07,4.748338081671415e-07,1.0683760683760685e-06,4.378646045312712e-05,0.0008712013295346,0.0055782288698955,0.0099579772079772,0.0147966354633021,8.91591642632366,0.4457094646528143,0.1283152659365811,5.0746147256569785,3.16618762296165,7.0,0.0022249355582688,0.0005659243754481,0.4622583726170909,0.9294403032006736,47.0,0.0040500429970318,0.0130633997872789,0.0677966101694915,0.0127770534550195,0.0,16.48253968253968,15.576023773284046,0.0001208141692961
S4SAVF02-20220721-9W,S4SAVF02,7,SA_VF,VF,63,0.005,1,0.015,1,16.49,3.91,,,S4SAVF02,20220721,9,2022-07-21,campaign_1,S4,S4_SA_VF,surface_inhibitor_plus_glass_compound,SA_VF,VF,7,3.5,28,196,S4SAVF02-20220721-9W.png,Data/Images_dataset/S4SAVF02-20220721-9W.png,True,2835.0,650.0,,S4SAVF02-20220721-9W,,,3.91,False,False,0.0048297381630714,5.42667209333876e-05,0.07673314339981,193.83508506308507,26.450657603647596,157.0,224.0,26.450657603647596,200.10975878442545,194.11483489350155,180.0694120200787,23.781158916632748,27.071086025132427,32.00122122023543,6.105006105006105e-07,5.087505087505087e-07,7.2751322751322755e-06,0.0002437084520417,0.0033459842626509,0.00985814339981,0.0146469610636277,0.0031468084384751,8.026476269644858,0.4536401093141277,0.121240230565946,4.956328363633217,3.047389611991751,20.0,0.0018993352326685,0.0002414869081535,0.4287730799277408,1.0,47.0,0.0045771033870565,0.0103776599501122,0.0456323337679269,0.0122555410691003,0.0,15.983068783068784,15.58223649010166,0.3594691633707415
S4SAVF02-20220802-10W,S4SAVF02,7,SA_VF,VF,70,0.011,1,0.011,1,13.99,3.91,,,S4SAVF02,20220802,10,2022-08-02,campaign_1,S4,S4_SA_VF,surface_inhibitor_plus_glass_compound,SA_VF,VF,7,3.5,28,196,S4SAVF02-20220802-10W.png,Data/Images_dataset/S4SAVF02-20220802-10W.png,True,2835.0,650.0,,S4SAVF02-20220802-10W,,,3.91,False,False,0.0111789445122778,0.0004884004884004,0.1031067697734364,199.1742390449057,28.814631193762665,159.0,233.0,28.814631193762665,206.65445068511735,199.45142043142044,182.39896676163343,26.17946049423492,29.396460052264914,34.517062190640374,1.1362094695428028e-06,7.970424637091304e-07,9.886718220051554e-06,0.000303435761769,0.0029236365486365,0.0082575464658798,0.0135488230904897,0.0062047381630714,10.991790940028585,0.4120144240600467,0.1077562724669227,5.046726141545597,3.1906595257719585,35.0,0.0030389363722697,0.0003193984146365,0.5697627484964726,1.0,47.0,0.0074343255014008,0.0178965920031852,0.1134289439374185,0.0195567144719687,0.0,23.475132275132275,18.968675193917917,0.9583388179968536
S4SAVF02-20220822-13W,S4SAVF02,7,SA_VF,VF,91,0.005,1,0.027,1,16.49,3.91,,,S4SAVF02,20220822,13,2022-08-22,campaign_1,S4,S4_SA_VF,surface_inhibitor_plus_glass_compound,SA_VF,VF,7,3.5,28,196,S4SAVF02-20220822-13W.png,Data/Images_dataset/S4SAVF02-20220822-13W.png,True,2835.0,650.0,,S4SAVF02-20220822-13W,,,3.91,False,False,0.0049925383258716,0.0,0.0126441459774793,194.07732682132684,20.796673854465116,167.0,218.0,20.796673854465116,202.79090489757155,193.90792565459233,176.03035137701804,18.478304233494708,21.337904447006075,25.554008324426174,4.578754578754579e-07,6.952923619590287e-07,2.2554605887939223e-06,1.8925518925518925e-05,0.0015964251797585,0.012200990367657,0.0156594424094424,0.0017708078958078,4.24210393088333,0.5354443160818867,0.1473768535734128,4.930144418389332,2.9385105649670433,7.0,0.0033102699769366,0.0007132197608388,0.4978393987943287,0.9587540390511116,47.0,0.0051041637770811,0.0162349047807066,0.0795306388526727,0.0130378096479791,0.0,15.983068783068784,15.621716126063951,0.1867814674554066
S4SAVF02-20220906-15W,S4SAVF02,7,SA_VF,VF,105,0.042,1,0.035,1,21.49,3.91,,,S4SAVF02,20220906,15,2022-09-06,campaign_1,S4,S4_SA_VF,surface_inhibitor_plus_glass_compound,SA_VF,VF,7,3.5,28,196,S4SAVF02-20220906-15W.png,Data/Images_dataset/S4SAVF02-20220906-15W.png,True,2835.0,650.0,,S4SAVF02-20220906-15W,,,3.91,False,False,0.0418939085605752,0.0,0.0838420838420838,185.5220458553792,29.88201608493474,145.0,221.0,29.88201608493474,193.6097473884141,185.59293447293447,168.36318220051552,26.55335570575114,30.775659298666252,36.22158932501439,6.613756613756614e-07,1.7297517297517295e-06,1.0175010175010176e-05,0.0004230599647266,0.0068672500339167,0.0095176875593542,0.0118207671957671,0.0026086691086691,9.317866705097977,0.4483333189669263,0.1049656465919924,4.91344414928137,2.979631201625994,56.0,0.0096594763261429,0.0007481055100102,0.5731600742176983,1.0,47.0,0.0276290604455047,0.0922644258756411,0.6101694915254238,0.0419817470664927,0.0,23.475132275132275,20.982262795734304,4.0650662938535636
S4SAVF02-20221102-24W,S4SAVF02,7,SA_VF,VF,168,1.093,1,4.497,1,13.99,3.91,,,S4SAVF02,20221102,24,2022-11-02,campaign_1,S4,S4_SA_VF,surface_inhibitor_plus_glass_compound,SA_VF,VF,7,3.5,28,196,S4SAVF02-20221102-24W.png,Data/Images_dataset/S4SAVF02-20221102-24W.png,True,2835.0,650.0,,S4SAVF02-20221102-24W,,,3.91,False,False,1.0928232261565596,0.0011396011396011,0.3843169176502509,158.87810229276897,23.390076936217987,135.0,188.0,23.390076936217987,170.78491547958214,158.6833943833944,132.88936914936914,21.96301451820032,24.139849355069163,25.92136278369979,4.019129019129019e-06,2.05026455026455e-05,0.0002496438746438,0.0013522927689594,0.0160507393840727,0.0110426841676841,0.0020937966354633,0.0004363213946547,6.450810678348044,0.4647103976857865,0.1415144604081596,5.206001713291856,3.283254737687993,395.0,0.5352869352869353,0.0027666410788773,0.6304266718011811,1.0,47.0,1.0965075314155732,2.105134745058829,10.423728813559322,2.7650586701434157,2.0,14.484656084656084,14.388432408970695,0.6001710299260621
S4SAVF02-20221110-25W,S4SAVF02,7,SA_VF,VF,175,1.301,1,3.417,1,13.99,3.91,,,S4SAVF02,20221110,25,2022-11-10,campaign_1,S4,S4_SA_VF,surface_inhibitor_plus_glass_compound,SA_VF,VF,7,3.5,28,196,S4SAVF02-20221110-25W.png,Data/Images_dataset/S4SAVF02-20221110-25W.png,True,2835.0,650.0,,S4SAVF02-20221110-25W,,,3.91,False,False,1.3009903676570342,0.0,0.6262379595712929,189.91346682946684,44.17740832206689,134.0,248.0,44.17740832206689,200.03778266178267,189.62735693935693,169.00634540767874,40.65431409917629,45.491795771952475,50.02440581294646,2.1028354361687694e-06,1.683964183964184e-05,0.0002914292497625,0.0016001051417718,0.0082895638312304,0.0055258954008954,0.0057587674671008,0.009765296431963,21.80855614462623,0.3654134930525957,0.0896634921849979,5.115370304671749,3.2305997778652995,412.0,0.3563695563695563,0.003157743610818,0.5942641611367936,1.0,47.0,1.3105772698271798,1.9599105016401344,8.705345501955671,3.674576271186441,3.0,14.984126984126984,13.28653872382912,1.218314639458589
S4SAVF02-20221206-28W,S4SAVF02,7,SA_VF,VF,196,5.426,2,17.553,3,4.0,3.91,0.107,2.46,S4SAVF02,20221206,28,2022-12-06,campaign_1,S4,S4_SA_VF,surface_inhibitor_plus_glass_compound,SA_VF,VF,7,3.5,28,196,S4SAVF02-20221206-28W.png,Data/Images_dataset/S4SAVF02-20221206-28W.png,True,2835.0,650.0,,S4SAVF02-20221206-28W,0.107,10.7,3.91,True,True,5.425749559082893,0.0002170668837335,1.7829331162664497,172.75698059964728,48.59346966727873,113.0,235.0,48.59346966727873,186.6667382987383,171.81576882376882,145.46494532627867,43.604504440294654,51.00415660285904,55.76390703137415,2.984669651336318e-06,0.0002984839234839,0.001135819427486,0.0051533543616876,0.0071600529100529,0.0043272961606294,0.0067615316781983,0.0064104768688102,17.960020668369058,0.4117301208630383,0.084051114713371,4.924494016457985,3.0080223263834194,770.0,1.3667073667073668,0.0070464279988089,0.5999598506335354,1.0,47.0,5.459041859690976,6.584073805066867,28.88135593220339,13.112646675358535,17.0,4.495238095238095,10.740945537460943,2.938946273653822
S4SAVF03-20220518-0W,S4SAVF03,7,SA_VF,VF,0,0.0,1,0.002,1,21.49,3.55,,,S4SAVF03,20220518,0,2022-05-18,campaign_1,S4,S4_SA_VF,surface_inhibitor_plus_glass_compound,SA_VF,VF,7,3.5,28,196,S4SAVF03-20220518-0W.png,Data/Images_dataset/S4SAVF03-20220518-0W.png,True,2835.0,650.0,,S4SAVF03-20220518-0W,,,3.55,False,False,0.0004341337674671,0.0,0.0566001899335232,200.41615845882512,24.756979198380034,159.0,225.0,24.756979198380034,202.5722056708723,201.14924650657983,195.26531596798264,22.7526586415108,25.28046871188599,28.128401822141413,0.0,0.0,4.968796635463302e-06,0.0002029914529914,0.00292209333876,0.0052572920906254,0.0191045143128476,0.00375814000814,1.851541531202173,0.702449064779241,0.2173849126942733,5.041672795867332,2.791156933231316,3.0,0.0001628001628001,0.0001447112558223,0.8776643872851507,1.0,47.0,0.0003606202668589,0.0014155566947402,0.0065189048239895,0.0,0.0,21.976719576719574,13.922751322751322,707.2146892655368
S4SAVF03-20220603-2W,S4SAVF03,7,SA_VF,VF,14,0.007,1,0.034,1,6.5,3.55,,,S4SAVF03,20220603,2,2022-06-03,campaign_1,S4,S4_SA_VF,surface_inhibitor_plus_glass_compound,SA_VF,VF,7,3.5,28,196,S4SAVF03-20220603-2W.png,Data/Images_dataset/S4SAVF03-20220603-2W.png,True,2835.0,650.0,,S4SAVF03-20220603-2W,,,3.55,False,False,0.0066205399538732,0.0,0.0066205399538732,211.10119712386376,24.844552692401095,166.0,235.0,24.844552692401095,217.47304843304843,211.5407032967033,196.7118485958486,22.938400200202185,24.99034215849186,29.882499502692653,0.0,0.0,9.327092660425992e-07,3.919074752408086e-05,0.0021989214489214,0.0028987925654592,0.0152571394654727,0.0108550230633563,1.40110324827091,0.7126067798304934,0.2172789462822399,5.085820346638746,2.8961220074606926,5.0,0.0042870709537376,0.0013241079907746,0.8983705538944354,1.0,47.0,0.0064356847624067,0.0218253855775052,0.1029986962190352,0.0078226857887874,0.0,5.993650793650794,10.595680457975542,0.6645809036127448
S4SAVF03-20220609-3W,S4SAVF03,7,SA_VF,VF,21,0.049,1,0.197,1,21.49,3.55,,,S4SAVF03,20220609,3,2022-06-09,campaign_1,S4,S4_SA_VF,surface_inhibitor_plus_glass_compound,SA_VF,VF,7,3.5,28,196,S4SAVF03-20220609-3W.png,Data/Images_dataset/S4SAVF03-20220609-3W.png,True,2835.0,650.0,,S4SAVF03-20220609-3W,,,3.55,False,False,0.0490571157237823,0.0,0.0085198751865418,231.3152375525709,25.14013568095008,188.0,254.0,25.14013568095008,234.90470601003935,232.62278551078552,220.4709070682404,22.589246977414657,25.585236039137637,31.25347036749004,1.6958350291683625e-08,3.561253561253561e-07,3.646045312711979e-06,4.751729751729752e-05,0.0004877221543888,0.0028783068783068,0.0040096832180165,0.0238227513227513,3.00490589630045,0.6607952882048251,0.2812818045750463,5.316111000545138,3.05262287760463,14.0,0.0204585537918871,0.0035040796945558,0.7350876896778112,0.976590776243155,47.0,0.0456600737884546,0.1238997699324014,0.6297262059973925,0.1157757496740547,0.0,22.975661375661375,19.571831249707355,2.753162523435116
S4SAVF03-20220616-4W,S4SAVF03,7,SA_VF,VF,28,0.075,1,0.301,1,21.49,3.55,,,S4SAVF03,20220616,4,2022-06-16,campaign_1,S4,S4_SA_VF,surface_inhibitor_plus_glass_compound,SA_VF,VF,7,3.5,28,196,S4SAVF03-20220616-4W.png,Data/Images_dataset/S4SAVF03-20220616-4W.png,True,2835.0,650.0,,S4SAVF03-20220616-4W,,,3.55,False,False,0.075050875050875,0.0,0.001682268348935,223.3719234839235,22.769440777817387,184.0,246.0,22.769440777817387,230.09907258173925,223.57289811423144,208.99641676841676,20.383092004824388,23.193987414097386,28.293280616373544,0.0,0.0,3.6969203635870302e-06,3.871591371591371e-05,0.0003972493555826,0.0032664326414326,0.0074695258445258,0.0200743793243793,1.4421593980520997,0.7171226665175143,0.2332707034385645,5.08531847326659,2.8417324530352106,11.0,0.0375525708859042,0.0068228068228068,0.727376986541324,1.0,47.0,0.0633304668645454,0.1954462986095971,0.9022164276401564,0.096219035202086,0.0,22.47619047619047,21.54244549269857,5.533640025884185
S4SAVF03-20220623-5W,S4SAVF03,7,SA_VF,VF,35,0.098,1,0.217,1,21.49,3.55,,,S4SAVF03,20220623,5,2022-06-23,campaign_1,S4,S4_SA_VF,surface_inhibitor_plus_glass_compound,SA_VF,VF,7,3.5,28,196,S4SAVF03-20220623-5W.png,Data/Images_dataset/S4SAVF03-20220623-5W.png,True,2835.0,650.0,,S4SAVF03-20220623-5W,,,3.55,False,False,0.0978971645638312,0.0,0.0124813458146791,217.2095455162122,25.76104701143611,177.0,245.0,25.76104701143611,221.55512413512415,218.2635311355311,205.71856790123456,23.259437379470853,26.268356071883368,31.663898975344463,8.479175145841814e-08,9.327092660425992e-07,1.5228598561931896e-05,8.558879392212725e-05,0.0010353751187084,0.0038724562474562,0.0108618742368742,0.0153784595034595,2.832783583387264,0.6301402083619048,0.178941201292286,5.079875743075445,3.0066132095753746,18.0,0.0374440374440374,0.0054387313646572,0.7597540394644204,1.0,47.0,0.0882132652778163,0.206485123086326,1.0078226857887875,0.1898305084745761,0.0,22.975661375661375,20.04231865695281,1.832404135126971
S4SAVF03-20220630-6W,S4SAVF03,7,SA_VF,VF,42,0.237,1,0.483,1,21.49,3.55,,,S4SAVF03,20220630,6,2022-06-30,campaign_1,S4,S4_SA_VF,surface_inhibitor_plus_glass_compound,SA_VF,VF,7,3.5,28,196,S4SAVF03-20220630-6W.png,Data/Images_dataset/S4SAVF03-20220630-6W.png,True,2835.0,650.0,,S4SAVF03-20220630-6W,,,3.55,False,False,0.2371455704789038,0.0,0.0244200244200244,214.5347903947904,25.63226769613101,172.0,239.0,25.63226769613101,220.9522045855379,215.465674671008,197.7654700854701,22.646273181423545,26.371973837920663,31.927946461075344,8.479175145841814e-08,4.765296431963099e-06,3.913987247320581e-05,0.0001343779677113,0.0013954008954008,0.00349360670194,0.0117046703296703,0.0144779541446208,3.4016352013957034,0.6066362679381047,0.191387463868382,5.0808794898197585,3.057153734907798,32.0,0.0698412698412698,0.0074107990774657,0.7800838525856529,1.0,47.0,0.2018641293794557,0.4656507650171276,2.4146023468057365,0.3697522816166881,0.0,23.475132275132275,20.495976172314847,2.2173361528413458
S4SAVF03-20220708-7W,S4SAVF03,7,SA_VF,VF,49,0.446,1,1.196,1,21.49,3.55,,,S4SAVF03,20220708,7,2022-07-08,campaign_1,S4,S4_SA_VF,surface_inhibitor_plus_glass_compound,SA_VF,VF,7,3.5,28,196,S4SAVF03-20220708-7W.png,Data/Images_dataset/S4SAVF03-20220708-7W.png,True,2835.0,650.0,,S4SAVF03-20220708-7W,,,3.55,False,False,0.4457468457468457,0.0,0.0119929453262786,204.1257207977208,24.1469827631308,167.0,229.0,24.1469827631308,211.62830660697327,204.7703942477276,185.9627681454348,20.893354432290884,25.086163046777106,30.22188713237787,3.391670058336725e-08,4.884004884004884e-06,6.669719169719169e-05,0.0001713471713471,0.001831688373355,0.0048718287884954,0.0183864468864468,0.0059170736670736,2.22168993361712,0.6421019919530078,0.1897947932041793,4.98826654667855,2.899698053794855,49.0,0.0840591507258173,0.0090968744029968,0.6164443050500183,1.0,47.0,0.383145163527421,0.7388097766338303,3.701434159061278,1.2623207301173398,0.0,23.475132275132275,20.245485124764404,2.4725826910753628
S4SAVF03-20220714-8W,S4SAVF03,7,SA_VF,VF,56,0.312,1,0.667,1,21.49,3.55,,,S4SAVF03,20220714,8,2022-07-14,campaign_1,S4,S4_SA_VF,surface_inhibitor_plus_glass_compound,SA_VF,VF,7,3.5,28,196,S4SAVF03-20220714-8W.png,Data/Images_dataset/S4SAVF03-20220714-8W.png,True,2835.0,650.0,,S4SAVF03-20220714-8W,,,3.55,False,False,0.3120879120879121,0.0,0.0054809388142721,221.0226943426943,26.00651800334492,182.0,248.0,26.00651800334492,228.15660018993353,221.0375585402252,206.10347632614295,22.421987436618775,26.766515888920612,33.75272133141513,1.6958350291683628e-07,5.596255596255596e-06,4.7262922262922264e-05,0.0001031576448243,0.0006265262515262,0.0038429317595984,0.0087730463980463,0.0178513091846425,3.960371560316299,0.587867857467619,0.1738960524254997,5.081415975148615,3.0431023493875307,49.0,0.0911138244471577,0.0063691410630186,0.6943732943340308,1.0,47.0,0.3038919248800243,0.5567851707363547,2.5984354628422426,0.8946544980443285,0.0,22.975661375661375,19.54782595895446,1.80153194711924
S4SAVF03-20220721-9W,S4SAVF03,7,SA_VF,VF,63,0.574,1,1.45,1,21.49,3.55,,,S4SAVF03,20220721,9,2022-07-21,campaign_1,S4,S4_SA_VF,surface_inhibitor_plus_glass_compound,SA_VF,VF,7,3.5,28,196,S4SAVF03-20220721-9W.png,Data/Images_dataset/S4SAVF03-20220721-9W.png,True,2835.0,650.0,,S4SAVF03-20220721-9W,,,3.55,False,False,0.5735449735449735,0.0,0.0272961606294939,201.55379568579568,26.776427859783176,160.0,230.0,26.776427859783176,208.9063009089676,201.24216578483245,187.64144349477684,23.27733562590028,27.66344986498296,33.72631468518453,5.0875050875050885e-08,2.2758106091439424e-05,8.345204178537511e-05,0.0002526115859449,0.0026911884411884,0.005267908017908,0.0166717541717541,0.0062602767602767,3.0271725303878867,0.6114028965090722,0.1678036626328166,4.91154914465202,2.8204001640059753,55.0,0.1056573056573056,0.0104280904280904,0.7042177061683791,1.0,47.0,0.4992094094149629,0.9552081838231332,5.066492829204694,1.4013037809647977,1.0,23.475132275132275,20.22983578309531,2.645875158157368
S4SAVF03-20220802-10W,S4SAVF03,7,SA_VF,VF,70,0.75,1,1.525,1,21.49,3.55,,,S4SAVF03,20220802,10,2022-08-02,campaign_1,S4,S4_SA_VF,surface_inhibitor_plus_glass_compound,SA_VF,VF,7,3.5,28,196,S4SAVF03-20220802-10W.png,Data/Images_dataset/S4SAVF03-20220802-10W.png,True,2835.0,650.0,,S4SAVF03-20220802-10W,,,3.55,False,False,0.7504002170668838,0.0,0.0694071360738027,213.8148799348799,30.510952318219065,173.0,247.0,30.510952318219065,222.0091569664903,213.88109401709403,196.5119788359788,26.618697407670048,31.638865143435353,37.86566042417859,1.6449599782933116e-06,4.624542124542125e-05,0.0001120099036765,0.0002881732465065,0.0012443528693528,0.0047301587301587,0.011002679419346,0.0138247354497354,7.70985519475221,0.496637878622045,0.1334989537345773,5.119939082956207,3.235047967959483,110.0,0.1098901098901098,0.0068218201551534,0.7115877593499249,1.0,47.0,0.625149102610336,1.2373509910808167,7.595827900912647,1.5840938722294655,1.0,23.475132275132275,20.238036160049475,2.6941222922355226
S4SAVF03-20220822-13W,S4SAVF03,7,SA_VF,VF,91,0.565,1,1.192,1,21.49,3.55,,,S4SAVF03,20220822,13,2022-08-22,campaign_1,S4,S4_SA_VF,surface_inhibitor_plus_glass_compound,SA_VF,VF,7,3.5,28,196,S4SAVF03-20220822-13W.png,Data/Images_dataset/S4SAVF03-20220822-13W.png,True,2835.0,650.0,,S4SAVF03-20220822-13W,,,3.55,False,False,0.5650793650793651,0.0,0.0629493962827296,200.83216008682675,25.685205365790328,164.0,230.0,25.685205365790328,209.87918382851717,200.86004287070955,181.58102021435352,22.60699807746118,26.673296084953694,31.182709703340645,5.0875050875050885e-08,1.814543481210148e-06,9.823972323972324e-05,0.000244539411206,0.0018789682539682,0.007072734364401,0.0160865554198887,0.005867097408764,2.804738456441676,0.6265705717091385,0.1627400528763917,4.962229702250642,2.857067219741084,58.0,0.0907882241215574,0.0097427476737821,0.7166431469019074,1.0,47.0,0.4588754195678104,0.9823767235646164,5.998696219035202,1.373663624511082,1.0,23.475132275132275,20.608498229472012,3.2178286464571957
S4SAVF03-20220906-15W,S4SAVF03,7,SA_VF,VF,105,1.834,1,3.886,1,21.49,3.55,,,S4SAVF03,20220906,15,2022-09-06,campaign_1,S4,S4_SA_VF,surface_inhibitor_plus_glass_compound,SA_VF,VF,7,3.5,28,196,S4SAVF03-20220906-15W.png,Data/Images_dataset/S4SAVF03-20220906-15W.png,True,2835.0,650.0,,S4SAVF03-20220906-15W,,,3.55,False,False,1.8340523673857003,0.0,0.1787545787545787,200.81449572649572,33.7064364175565,157.0,237.0,33.7064364175565,210.7065841812509,200.72024908424908,180.13275647808982,28.309523481457383,35.645013212767424,43.142702948702315,3.0016280016280017e-06,8.801383801383801e-05,0.0002996370913037,0.0007371964455297,0.0023053181386514,0.006629714421381,0.0125420906254239,0.0086450278116944,6.718827603346018,0.5243354686441356,0.1266597254389628,5.016397414486835,3.0891971198023427,256.0,0.1586216252882919,0.0071642670601003,0.6297017070153861,1.0,47.0,1.6052595078920355,2.4181541749351445,14.198174706649285,3.989308996088657,3.0,23.475132275132275,19.0415713614104,2.983439240657831
S4SAVF03-20221102-24W,S4SAVF03,7,SA_VF,VF,168,22.891,3,34.298,4,1.51,3.55,,,S4SAVF03,20221102,24,2022-11-02,campaign_1,S4,S4_SA_VF,surface_inhibitor_plus_glass_compound,SA_VF,VF,7,3.5,28,196,S4SAVF03-20221102-24W.png,Data/Images_dataset/S4SAVF03-20221102-24W.png,True,2835.0,650.0,,S4SAVF03-20221102-24W,,,3.55,False,False,22.89067969067969,0.0001628001628001,0.1837471170804504,143.72720553520554,41.97676995427681,87.0,198.0,41.97676995427681,173.71045448378783,138.61104382037715,95.9162501695835,33.31086401094302,47.46191411048349,46.38659085437727,1.122642789309456e-05,0.0011071258987925,0.0031961741961741,0.0063666564916564,0.0090151438068104,0.0072381969881969,0.0038206145706145,0.0004948616198616,5.415008002923685,0.4911768671320117,0.0910559507106601,4.941618282035529,2.986914241947877,1257.0,5.158485958485959,0.018210564590835,0.6063810121278009,1.0,47.0,22.358179145052564,11.430774289498572,46.24250325945241,37.64667535853976,45.0,11.487830687830687,11.86222942611148,1.2974823424135038
S4SAVF03-20221110-25W,S4SAVF03,7,SA_VF,VF,175,18.37,3,30.759,4,11.5,3.55,,,S4SAVF03,20221110,25,2022-11-10,campaign_1,S4,S4_SA_VF,surface_inhibitor_plus_glass_compound,SA_VF,VF,7,3.5,28,196,S4SAVF03-20221110-25W.png,Data/Images_dataset/S4SAVF03-20221110-25W.png,True,2835.0,650.0,,S4SAVF03-20221110-25W,,,3.55,False,False,18.37037037037037,5.42667209333876e-05,0.2169583502916836,172.86164970831638,53.72320207388709,89.0,236.0,53.72320207388709,205.7762908696242,166.796360331027,122.17766761633428,43.451023676071095,60.08559514686888,60.185143486488165,9.649301315967982e-06,0.000920177045177,0.0027977038393705,0.0032703161036494,0.0041291208791208,0.0062240198073531,0.0078124576041242,0.0060865554198887,8.373953927392696,0.4711769019417124,0.0852543463893679,4.927963865117205,3.0125469869206736,1117.0,4.65022385022385,0.0164461686395437,0.6457055387545432,1.0,47.0,18.06194346583817,9.920057916496338,43.389830508474574,33.67796610169491,45.0,10.988359788359787,11.563608311811077,1.0430433115037183
S4SAVF03-20221206-28W,S4SAVF03,7,SA_VF,VF,196,25.28,4,40.878,4,11.5,3.55,0.0545,2.33,S4SAVF03,20221206,28,2022-12-06,campaign_1,S4,S4_SA_VF,surface_inhibitor_plus_glass_compound,SA_VF,VF,7,3.5,28,196,S4SAVF03-20221206-28W.png,Data/Images_dataset/S4SAVF03-20221206-28W.png,True,2835.0,650.0,,S4SAVF03-20221206-28W,0.0545,5.45,3.55,True,True,25.279663546330212,0.0001085334418667,0.1377289377289377,160.36778835978836,56.23378971660584,74.0,228.0,56.23378971660584,198.2402279202279,153.18156613756614,102.46856166056166,47.14875732192069,62.91617328986919,57.33957131724629,2.849002849002849e-05,0.0016826583909917,0.004174535341202,0.0032811355311355,0.0041975817392484,0.0063681318681318,0.0076084656084656,0.0039090014923348,7.155611833604782,0.5002513616248878,0.0862211613725753,4.8260922235586285,2.827504293540089,780.0,6.227486094152761,0.0324098250593977,0.687051462352559,1.0,47.0,24.891203639490698,10.90149829775371,51.35202086049544,39.20730117340286,47.0,10.988359788359787,11.69817881749034,0.933345050081306
S5VF01-20220518-0W,S5VF01,7,NO,D,0,0.09,1,0.24,1,16.49,3.46,,,S5VF01,20220518,0,2022-05-18,campaign_1,S5,S5_VF,no_treatment_control,False,D,7,3.5,28,196,S5VF01-20220518-0W.png,Data/Images_dataset/S5VF01-20220518-0W.png,True,2835.0,650.0,,S5VF01-20220518-0W,,,3.46,False,False,0.089757156423823,0.0,0.4551892551892552,177.33316510649843,22.954056861962417,145.0,202.0,22.954056861962417,187.74726522859856,177.1903437796771,154.73285795685797,22.06621762867,23.387849538851185,23.47101608488109,3.4086284086284087e-06,1.5873015873015872e-05,6.786731786731787e-05,0.0007518145434812,0.0057835097001763,0.0151470628137294,0.0093821903405236,9.82736399403066e-05,2.490068600486449,0.6199177120153401,0.1744034493965982,5.040530601296218,2.981217801476668,81.0,0.0271876271876271,0.0011081130422694,0.6577034028088729,1.0,47.0,0.08851840550362,0.156569541590246,0.6531942633637549,0.1684485006518904,0.0,16.98201058201058,12.101085711726585,1.0495726365654092
S5VF01-20220603-2W,S5VF01,7,NO,D,14,0.077,1,0.218,1,16.49,3.46,,,S5VF01,20220603,2,2022-06-03,campaign_1,S5,S5_VF,no_treatment_control,False,D,7,3.5,28,196,S5VF01-20220603-2W.png,Data/Images_dataset/S5VF01-20220603-2W.png,True,2835.0,650.0,,S5VF01-20220603-2W,,,3.46,False,False,0.0774928774928774,0.0,0.44004884004884,171.36728150861484,21.283098273354472,140.0,194.0,21.283098273354472,184.750268348935,171.2546265092932,141.39601248134582,20.328820629124156,21.664893737070436,22.288454986113397,3.798670465337132e-06,1.0090218423551756e-05,6.159272825939493e-05,0.0013323158323158,0.0055091575091575,0.0202856973273639,0.0040413953330619,5.9523809523809525e-06,1.911788447491717,0.6355913947954106,0.1904285214846264,5.032050671904609,2.978786152917582,67.0,0.0228462895129561,0.0011566101118339,0.494497071351732,1.0,47.0,0.0739548947266221,0.1375249168308671,0.5867014341590613,0.15619295958279,0.0,16.48253968253968,13.328839684021755,0.9258244654847132
S5VF01-20220609-3W,S5VF01,7,NO,D,21,0.111,1,0.288,1,16.49,3.46,,,S5VF01,20220609,3,2022-06-09,campaign_1,S5,S5_VF,no_treatment_control,False,D,7,3.5,28,196,S5VF01-20220609-3W.png,Data/Images_dataset/S5VF01-20220609-3W.png,True,2835.0,650.0,,S5VF01-20220609-3W,,,3.46,False,False,0.111029711029711,0.0,1.3480938814272148,163.67396282729615,20.910489938423368,133.0,186.0,20.910489938423368,173.58515913715914,163.51255460588794,142.15894396961065,19.80136848447949,21.318465095678192,22.212101312660604,4.850088183421517e-06,1.617826617826618e-05,0.0001197089947089,0.0022042802876136,0.0073256851173517,0.0199826346493013,0.0015963064713064,3.561253561253561e-07,1.5783759244405389,0.6647964400673376,0.2070133133333738,4.957557088096083,2.7970526274585557,77.0,0.0308777642110975,0.0014419442990871,0.5579490857541208,1.0,47.0,0.1022774556853172,0.1824751960604662,0.7913950456323338,0.2625814863102996,0.0,16.48253968253968,12.913669206142329,0.9092018684477652
S5VF01-20220616-4W,S5VF01,7,NO,D,28,0.083,1,0.226,1,16.49,3.46,,,S5VF01,20220616,4,2022-06-16,campaign_1,S5,S5_VF,no_treatment_control,False,D,7,3.5,28,196,S5VF01-20220616-4W.png,Data/Images_dataset/S5VF01-20220616-4W.png,True,2835.0,650.0,,S5VF01-20220616-4W,,,3.46,False,False,0.0833536833536833,0.0,0.0828652828652828,212.60303947903947,20.93767548369759,186.0,234.0,20.93767548369759,223.71426509293175,212.40621082621084,188.16512494912496,19.211862654278487,21.459351647244983,23.144249078969377,1.000542667209334e-06,7.478632478632479e-06,2.3979107312440647e-05,0.000112501695835,0.0006284595034595,0.0033005358838692,0.0171081603581603,0.0100678842762176,4.137133541357308,0.5440967799273577,0.1744438549470846,5.16985817750742,3.2595750664432335,75.0,0.0209469542802876,0.0011113824447157,0.6090614278257662,1.0,47.0,0.0670753696357735,0.1451963076214458,0.6140808344198174,0.1460234680573661,0.0,16.98201058201058,15.0497905643739,0.914950013769987
S5VF01-20220623-5W,S5VF01,7,NO,D,35,0.268,1,0.293,1,16.49,3.46,,,S5VF01,20220623,5,2022-06-23,campaign_1,S5,S5_VF,no_treatment_control,False,D,7,3.5,28,196,S5VF01-20220623-5W.png,Data/Images_dataset/S5VF01-20220623-5W.png,True,2835.0,650.0,,S5VF01-20220623-5W,,,3.46,False,False,0.2678605345272012,0.0,0.2642789309455976,176.54159706959706,23.08089993723829,144.0,203.0,23.08089993723829,187.70170885904216,176.54103323836657,151.60354253154253,21.44386195592465,23.71709187603207,25.005647912008005,4.002170668837336e-06,2.0282186948853614e-05,7.929724596391263e-05,0.0007690781440781,0.0056316137566137,0.0152872235788902,0.0094438339438339,1.4668973002306336e-05,2.157757111536138,0.617037292419941,0.1660239652154714,5.004378412522606,2.9659691587180257,76.0,0.1813051146384479,0.0035244807174631,0.4966072491473262,1.0,47.0,0.1716275070043552,0.6107584708277226,4.169491525423729,0.3441981747066491,0.0,23.475132275132275,20.49540274240436,2.901806499716714
S5VF01-20220630-6W,S5VF01,7,NO,D,42,0.338,1,0.62,1,16.49,3.46,,,S5VF01,20220630,6,2022-06-30,campaign_1,S5,S5_VF,no_treatment_control,False,D,7,3.5,28,196,S5VF01-20220630-6W.png,Data/Images_dataset/S5VF01-20220630-6W.png,True,2835.0,650.0,,S5VF01-20220630-6W,,,3.46,False,False,0.3382444715778049,0.0001085334418667,0.2345407678741012,186.12181033781033,21.496683495053563,158.0,208.0,21.496683495053563,197.6817908017908,185.92198778998775,160.70944349477682,19.736860040959144,22.11392569196051,23.60676733571314,5.409713743047076e-06,2.5234025234025233e-05,8.935354768688102e-05,0.0003841066341066,0.0028883631800298,0.0130855718355718,0.0145562508479175,0.0002157102157102,3.606354110790785,0.5429681574723724,0.1678375369372994,5.0869885001773865,3.154568963152904,102.0,0.208329941663275,0.0033161222703706,0.5658001414691041,1.0,47.0,0.230963410912924,0.7290534773981091,4.810951760104302,0.4140808344198174,0.0,23.475132275132275,20.07754934692204,1.614730997161285
S5VF01-20220708-7W,S5VF01,7,NO,D,49,0.28,1,0.738,1,16.49,3.46,,,S5VF01,20220708,7,2022-07-08,campaign_1,S5,S5_VF,no_treatment_control,False,D,7,3.5,28,196,S5VF01-20220708-7W.png,Data/Images_dataset/S5VF01-20220708-7W.png,True,2835.0,650.0,,S5VF01-20220708-7W,,,3.46,False,False,0.2798534798534798,0.0,0.0505223171889838,207.61901614434947,21.295282065532433,180.0,229.0,21.295282065532433,218.62617066883735,207.8594128340795,182.49636738570072,19.083102750296877,22.14280450500797,24.341573542282124,1.7127933794600462e-06,7.648215981549315e-06,4.682200515533849e-05,0.0001434676434676,0.0008058608058608,0.0043588726088726,0.0199172771672771,0.0059683387600054,3.0680261155219384,0.5845846653129729,0.1842625238838967,5.088182612683552,3.0857701032479588,60.0,0.1427214760548094,0.0046642246642246,0.6685495644220069,1.0,47.0,0.1930705428722017,0.635763333793806,3.689700130378097,0.2440677966101692,0.0,23.475132275132275,19.98476699364813,0.9999755334992017
S5VF01-20220714-8W,S5VF01,7,NO,D,56,0.447,1,1.93,1,16.49,3.46,,,S5VF01,20220714,8,2022-07-14,campaign_1,S5,S5_VF,no_treatment_control,False,D,7,3.5,28,196,S5VF01-20220714-8W.png,Data/Images_dataset/S5VF01-20220714-8W.png,True,2835.0,650.0,,S5VF01-20220714-8W,,,3.46,False,False,0.4466693800027133,0.0,0.2391534391534391,189.04446289512956,24.735684904749277,154.0,215.0,24.735684904749277,201.10921883055215,188.75052611585943,162.99403771537104,22.524750749002997,25.554119388056662,27.816882087001172,4.49396282729616e-06,2.7014652014652016e-05,9.15411748745082e-05,0.0004610975444308,0.0034175993759327,0.0103051315967982,0.0159941663274996,0.000948955365622,4.565290707270716,0.5065764949194824,0.1445338046771413,5.143302153729006,3.246674666391033,150.0,0.1658390991724325,0.0029777958666847,0.6611331624905175,1.0,47.0,0.3731032760964243,1.077713522472862,5.69361147327249,0.4378096479791394,1.0,17.48148148148148,18.44729211221739,0.6819808615647265
S5VF01-20220721-9W,S5VF01,7,NO,D,63,0.293,1,1.851,1,16.49,3.46,,,S5VF01,20220721,9,2022-07-21,campaign_1,S5,S5_VF,no_treatment_control,False,D,7,3.5,28,196,S5VF01-20220721-9W.png,Data/Images_dataset/S5VF01-20220721-9W.png,True,2835.0,650.0,,S5VF01-20220721-9W,,,3.46,False,False,0.2931488264821598,0.0,0.0429249762583095,196.18289947089943,21.511132250669828,167.0,220.0,21.511132250669828,207.46645448378783,195.51384832451495,173.24926007326007,18.981321665294356,22.19704786648517,25.76267412421933,2.6794193460860126e-06,1.0242843576176907e-05,4.005562338895672e-05,0.0001514041514041,0.0018142043142043,0.0093230226563559,0.0182267670601003,0.0016816239316239,2.344403152546103,0.6051674368379847,0.1737221232726871,4.999896164129899,2.962816978415011,35.0,0.2107719441052774,0.0083756807566331,0.4788414759690063,1.0,47.0,0.2996477017392992,1.0829929015611348,5.531942633637549,0.4451108213820078,2.0,17.48148148148148,16.561024429517577,0.9751588416553744
S5VF01-20220802-10W,S5VF01,7,NO,D,70,0.797,1,2.83,1,16.49,3.46,,,S5VF01,20220802,10,2022-08-02,campaign_1,S5,S5_VF,no_treatment_control,False,D,7,3.5,28,196,S5VF01-20220802-10W.png,Data/Images_dataset/S5VF01-20220802-10W.png,True,2835.0,650.0,,S5VF01-20220802-10W,,,3.46,False,False,0.7970695970695971,0.0,0.2076787410120743,181.14055569122235,26.49053626547789,146.0,212.0,26.49053626547789,193.46599755799755,180.69446696513364,154.89876380409714,24.14062762305479,27.37826032158412,29.282357314886234,1.1379053045719712e-05,3.284832451499118e-05,0.0001605107855107,0.0006552028218694,0.0056654456654456,0.0118266347849681,0.0126877458960792,0.000210232668566,3.684743597636499,0.5358216054528827,0.1381154763878521,5.094109910268502,3.1606963046484142,177.0,0.2654727988061321,0.00450321806254,0.6083583393777551,1.0,47.0,0.6452883575133846,1.7180928251318013,7.701434159061278,1.8891786179921772,3.0,16.98201058201058,18.88753731945453,0.4254506601877655
S5VF01-20220822-13W,S5VF01,7,NO,D,91,0.534,1,1.542,1,16.49,3.46,,,S5VF01,20220822,13,2022-08-22,campaign_1,S5,S5_VF,no_treatment_control,False,D,7,3.5,28,196,S5VF01-20220822-13W.png,Data/Images_dataset/S5VF01-20220822-13W.png,True,2835.0,650.0,,S5VF01-20220822-13W,,,3.46,False,False,0.5343101343101343,0.0,0.1270383937050603,186.9547155067155,21.019391233196863,158.0,210.0,21.019391233196863,200.92775362908696,186.24799728666397,158.0256969203636,18.954966713147748,22.05752857432605,23.591445096444584,3.391670058336725e-07,1.3447971781305116e-05,7.017365350698684e-05,0.0003629256545923,0.0028824616741283,0.0130114977614977,0.014854887396554,5.42667209333876e-05,2.8863016197414773,0.5797860476328618,0.1747757820786375,5.102780205421963,3.1329716160466083,86.0,0.1553113553113553,0.0062129085384899,0.6958769750018152,1.0,47.0,0.3952675524979888,1.1263652063790093,5.805736636245111,0.971838331160365,1.0,23.475132275132275,19.664795952912957,0.8194683658497449
S5VF01-20220906-15W,S5VF01,7,NO,D,105,1.45,1,5.924,2,16.49,3.46,,,S5VF01,20220906,15,2022-09-06,campaign_1,S5,S5_VF,no_treatment_control,False,D,7,3.5,28,196,S5VF01-20220906-15W.png,Data/Images_dataset/S5VF01-20220906-15W.png,True,2835.0,650.0,,S5VF01-20220906-15W,,,3.46,False,False,1.4504409171075836,0.0,0.3233211233211233,177.78746167412834,27.56580733418865,142.0,210.0,27.56580733418865,193.66435381902048,176.91505087505087,145.083896350563,24.41681102980444,29.03972434527648,32.0242245984353,1.4533306199972866e-05,6.433998100664767e-05,0.000246167412834,0.0010206891873558,0.0059313865147198,0.0128418294668294,0.0109326923076923,0.0001983618233618,4.944711989990964,0.4903627448544615,0.1245136021749449,5.127060493047323,3.2550677737923883,314.0,0.4187762854429521,0.0046192385895145,0.6458603625739344,1.0,47.0,1.2552914089156428,2.957507153166122,13.324641460234682,3.3926988265971287,4.0,16.98201058201058,18.414822099647,0.4865908347621947
S5VF01-20221102-24W,S5VF01,7,NO,D,168,7.514,2,16.103,3,18.99,3.46,,,S5VF01,20221102,24,2022-11-02,campaign_1,S5,S5_VF,no_treatment_control,False,D,7,3.5,28,196,S5VF01-20221102-24W.png,Data/Images_dataset/S5VF01-20221102-24W.png,True,2835.0,650.0,,S5VF01-20221102-24W,,,3.46,False,False,7.513824447157781,0.0008140008140008,0.9290462623795956,162.57597992131326,39.80322986643719,114.0,212.0,39.80322986643719,184.048627323294,160.5152614299281,121.31810229276896,36.34272850044479,42.80441567783622,41.87307221297916,3.00332383665717e-05,0.0006416191832858,0.0011618674535341,0.0034155982905982,0.0091592219508886,0.0079119861619861,0.008346628679962,0.0005830450413783,5.07983730121441,0.5126179851643906,0.1035370947196977,5.028840412920643,3.104159025590047,632.0,1.83003663003663,0.0118889627328445,0.6309079952582777,1.0,47.0,7.055174900829426,10.029422210266633,33.744458930899604,23.38487614080834,16.0,17.98095238095238,13.206343092274867,1.35930872433574
S5VF01-20221110-25W,S5VF01,7,NO,D,175,8.206,2,18.68,3,1.51,3.46,,,S5VF01,20221110,25,2022-11-10,campaign_1,S5,S5_VF,no_treatment_control,False,D,7,3.5,28,196,S5VF01-20221110-25W.png,Data/Images_dataset/S5VF01-20221110-25W.png,True,2835.0,650.0,,S5VF01-20221110-25W,,,3.46,False,False,8.206430606430606,0.0003256003256003,0.5718627051960385,170.3770288970289,37.53725867687657,117.0,213.0,37.53725867687657,192.86299660832995,167.27873070139736,131.7649122235789,31.71656675218879,41.71025949973863,43.29729409023524,2.22663139329806e-05,0.0003589743589743,0.0013330789580789,0.0023269739519739,0.0059786833536833,0.0109584859584859,0.0096081942748609,0.0006633428300094,5.865111312857505,0.4925586564515115,0.1065973049515841,5.088277795564478,3.1866754672041373,765.0,1.948717948717949,0.0107273602698439,0.6307691675174573,1.0,47.0,7.709922605342727,10.778695917195352,38.20730117340287,23.86597131681876,18.0,0.4994708994708994,12.982486472990626,1.615163648742803
S5VF01-20221206-28W,S5VF01,7,NO,D,196,12.535,2,22.584,4,16.49,3.46,0.00326,2.75,S5VF01,20221206,28,2022-12-06,campaign_1,S5,S5_VF,no_treatment_control,False,D,7,3.5,28,196,S5VF01-20221206-28W.png,Data/Images_dataset/S5VF01-20221206-28W.png,True,2835.0,650.0,,S5VF01-20221206-28W,0.00326,0.326,3.46,True,True,12.534907068240402,0.0001085334418667,0.7358567358567358,155.680150318817,39.13402679929328,99.0,203.0,39.13402679929328,182.05894071360737,152.3424544837878,108.23496296296295,33.915811794216424,43.54517211557622,41.04632440087651,1.4889431556098224e-05,0.0005708859042192,0.0022099782933116,0.0040320682404015,0.0086675485008818,0.0094597747931081,0.0061872371455704,0.000107617690951,3.6732593947823906,0.5370109456128525,0.106349329235023,4.960551022350671,2.986514511468203,705.0,2.9696377696377696,0.0177800100258729,0.5927653240451912,1.0,47.0,11.795334128547257,13.325243216420256,44.589308996088654,33.53116036505867,26.0,0.4994708994708994,14.134202353127227,1.294664236530129
S5VF02-20220518-0W,S5VF02,7,VF,VF,0,0.07,1,0.246,1,6.5,4.59,,,S5VF02,20220518,0,2022-05-18,campaign_1,S5,S5_VF,glass_based_compound,VF,VF,7,3.5,28,196,S5VF02-20220518-0W.png,Data/Images_dataset/S5VF02-20220518-0W.png,True,2835.0,650.0,,S5VF02-20220518-0W,,,4.59,False,False,0.0703839370506037,0.0,0.3489892823226156,188.2947214760548,20.026297422247943,166.0,212.0,20.026297422247943,197.13091954958625,188.41300990367657,168.67632939899607,18.726229313568187,20.3545728244706,22.416261499238775,9.327092660425992e-07,1.3414055080721748e-05,5.218084384751051e-05,0.0003390482973816,0.0017041954958621,0.0148572954822954,0.0140220797720797,0.0002608533441866,1.839264142434268,0.6861849538447593,0.2019916361802893,5.070019988404995,2.911070997708247,51.0,0.0149776149776149,0.0013800771970706,0.6880908265248808,1.0,47.0,0.0697661516269522,0.1129488137251494,0.3715775749674054,0.2466753585397652,0.0,6.992592592592593,5.569769880024313,1.5496777347919664
S5VF02-20220603-2W,S5VF02,7,VF,VF,14,0.047,1,0.202,1,6.5,4.59,,,S5VF02,20220603,2,2022-06-03,campaign_1,S5,S5_VF,glass_based_compound,VF,VF,7,3.5,28,196,S5VF02-20220603-2W.png,Data/Images_dataset/S5VF02-20220603-2W.png,True,2835.0,650.0,,S5VF02-20220603-2W,,,4.59,False,False,0.0466151132817799,0.0,0.183692850359517,192.3830443630444,19.622676866662296,169.0,215.0,19.622676866662296,202.77042517975852,193.0310638990639,166.47982200515534,18.612968516311756,19.75810821451909,21.864892758159137,6.613756613756614e-07,1.0463302129968795e-05,3.0050196716863385e-05,0.0002913614163614,0.0014394417311083,0.0115485178401845,0.0172869352869352,0.0006425688509021,1.7968029152027851,0.6988478023277198,0.2120423401632555,5.053354331253732,2.880682081828081,29.0,0.0129697463030796,0.0016074176993717,0.7089529112890751,1.0,47.0,0.046131654137424,0.0823510621964022,0.3207301173402868,0.1186440677966101,0.0,5.993650793650794,5.880858140695161,1.599768998622411
S5VF02-20220609-3W,S5VF02,7,VF,VF,21,0.164,1,0.613,1,1.51,4.59,,,S5VF02,20220609,3,2022-06-09,campaign_1,S5,S5_VF,glass_based_compound,VF,VF,7,3.5,28,196,S5VF02-20220609-3W.png,Data/Images_dataset/S5VF02-20220609-3W.png,True,2835.0,650.0,,S5VF02-20220609-3W,,,4.59,False,False,0.1640482973816307,0.0,0.304653371320038,198.8236054809388,24.22829937750311,169.0,226.0,24.22829937750311,207.369091303758,198.954115316782,179.97846967846968,22.880758731683382,24.527079376060534,26.87106923013572,4.273504273504274e-06,2.311423144756478e-05,6.986840320173654e-05,0.0003504782254782,0.0016561694478361,0.0076060575227241,0.0174633699633699,0.0040766687016687,4.949877216661589,0.5629188373514519,0.1579345451210064,5.177792968580996,3.2399515918719275,185.0,0.0281644281644281,0.0008867475534142,0.6619438892317353,1.0,47.0,0.147632389247968,0.233721771232067,1.272490221642764,0.4279009126466752,0.0,0.4994708994708994,4.773530621496219,2.172562501427202
S5VF02-20220616-4W,S5VF02,7,VF,VF,28,0.029,1,0.186,1,1.51,4.59,,,S5VF02,20220616,4,2022-06-16,campaign_1,S5,S5_VF,glass_based_compound,VF,VF,7,3.5,28,196,S5VF02-20220616-4W.png,Data/Images_dataset/S5VF02-20220616-4W.png,True,2835.0,650.0,,S5VF02-20220616-4W,,,4.59,False,False,0.0293582960249626,0.0,0.0569800569800569,214.2667247320581,18.108372654188013,192.0,234.0,18.108372654188013,223.67587030253696,214.38115859449192,193.03723728123728,16.60267733308428,18.40792630421864,20.972728819245884,0.0,1.17012617012617e-06,1.2464387464387463e-05,5.781101614434948e-05,0.0004438339438339,0.0024941663274996,0.01824360670194,0.0099969474969474,2.3973141822844193,0.652560293331343,0.2177535019624364,5.06305433211903,2.9961217083621414,27.0,0.0078686745353412,0.0010873442972208,0.7246376001714615,1.0,47.0,0.0203611750672695,0.0731555201509172,0.4941329856584094,0.0391134289439374,0.0,0.4994708994708994,1.770313646099228,3.926146156405011
S5VF02-20220623-5W,S5VF02,7,VF,VF,35,0.147,1,0.742,1,1.51,4.59,,,S5VF02,20220623,5,2022-06-23,campaign_1,S5,S5_VF,glass_based_compound,VF,VF,7,3.5,28,196,S5VF02-20220623-5W.png,Data/Images_dataset/S5VF02-20220623-5W.png,True,2835.0,650.0,,S5VF02-20220623-5W,,,4.59,False,False,0.1471170804504137,0.0,0.161714828381495,208.23013105413105,23.786317859779576,176.0,233.0,23.786317859779576,217.5709179215846,208.35897815764483,187.40178103378105,22.014897432128464,24.20751121460992,27.000573136459003,1.3057929724596392e-06,1.1819970153303488e-05,4.398996065662732e-05,0.0001998202414869,0.0012222391805725,0.0043066748066748,0.0174727988061321,0.0079913512413512,5.795583280630195,0.535218926308886,0.1650153495092171,5.156350861405072,3.248902161314576,105.0,0.0442816442816442,0.0014011150519087,0.7364161582890845,1.0,47.0,0.1129018835473938,0.2938581252309947,2.0013037809647978,0.2187744458930899,0.0,0.4994708994708994,3.300744175698068,2.430364697598931
S5VF02-20220630-6W,S5VF02,7,VF,VF,42,0.179,1,0.787,1,1.51,4.59,,,S5VF02,20220630,6,2022-06-30,campaign_1,S5,S5_VF,glass_based_compound,VF,VF,7,3.5,28,196,S5VF02-20220630-6W.png,Data/Images_dataset/S5VF02-20220630-6W.png,True,2835.0,650.0,,S5VF02-20220630-6W,,,4.59,False,False,0.1789173789173789,0.0001085334418667,0.2080043413376746,208.5177897164564,25.895547869077888,173.0,237.0,25.895547869077888,217.8764997964998,208.81954795821463,187.1212329398996,24.07232287724604,26.305422967830346,29.779765139874076,5.24013024013024e-06,1.777235110568444e-05,5.935422602089269e-05,0.0002046024962691,0.0013865825532492,0.0048550400217066,0.0155372744539411,0.0091841337674671,8.823114668577027,0.4598040274158604,0.1335542394710233,5.18514800937984,3.3647251560414375,189.0,0.0376068376068376,0.0009466527985046,0.7077544184644978,1.0,47.0,0.1437487863741019,0.3116325462335007,2.134289439374186,0.2469361147327249,0.0,0.4994708994708994,4.13664755357203,1.6147612202058623
S5VF02-20220708-7W,S5VF02,7,VF,VF,49,0.182,1,0.808,1,1.51,4.59,,,S5VF02,20220708,7,2022-07-08,campaign_1,S5,S5_VF,glass_based_compound,VF,VF,7,3.5,28,196,S5VF02-20220708-7W.png,Data/Images_dataset/S5VF02-20220708-7W.png,True,2835.0,650.0,,S5VF02-20220708-7W,,,4.59,False,False,0.1817935151268484,5.42667209333876e-05,0.1704517704517704,199.9743888210555,21.91534965926971,171.0,223.0,21.91534965926971,210.7920059693393,200.24658797992132,175.13341744675077,20.221414639108406,22.525529741202256,24.70543323853684,1.2040428707095374e-06,9.7340930674264e-06,4.789038122371456e-05,0.0001861518111518,0.0014169888753222,0.0070113112196445,0.0195739723239723,0.0030027472527472,5.67322172688963,0.5254275691383354,0.1598666541654518,5.137452733046631,3.2246062769797823,152.0,0.0282186948853615,0.0011960099679397,0.6479124242120416,1.0,47.0,0.1452190074620655,0.3379104346961618,2.1447196870925684,0.2956975228161669,0.0,0.4994708994708994,4.587882176419489,4.821398909410721
S5VF02-20220714-8W,S5VF02,7,VF,VF,56,0.167,1,0.497,1,4.0,4.59,,,S5VF02,20220714,8,2022-07-14,campaign_1,S5,S5_VF,glass_based_compound,VF,VF,7,3.5,28,196,S5VF02-20220714-8W.png,Data/Images_dataset/S5VF02-20220714-8W.png,True,2835.0,650.0,,S5VF02-20220714-8W,,,4.59,False,False,0.1669787003120336,5.42667209333876e-05,0.1222629222629222,211.22926875593544,24.40673724394432,178.0,238.0,24.40673724394432,222.0826449599783,210.8399305385972,188.3183193596527,22.062461517344236,25.03983843712503,28.603185186889014,2.865961199294533e-06,1.0870302536969204e-05,3.501899335232669e-05,0.0001289852123185,0.0010290496540496,0.0043731854565187,0.0149852292768959,0.0106847951431284,5.839992056971818,0.5296191397949758,0.1496562241148041,5.082514904773854,3.1431437391411814,136.0,0.0379324379324379,0.0012277845611178,0.6672175800531606,1.0,47.0,0.1492413104385697,0.2993058309175543,1.3820078226857888,0.2805736636245109,0.0,4.994708994708994,5.199748948075239,3.9943856958456023
S5VF02-20220721-9W,S5VF02,7,VF,VF,63,0.425,1,2.117,1,1.51,4.59,,,S5VF02,20220721,9,2022-07-21,campaign_1,S5,S5_VF,glass_based_compound,VF,VF,7,3.5,28,196,S5VF02-20220721-9W.png,Data/Images_dataset/S5VF02-20220721-9W.png,True,2835.0,650.0,,S5VF02-20220721-9W,,,4.59,False,False,0.4249626916293583,0.0002170668837335,0.1518382851716185,199.24785673585671,24.50337576559634,165.0,224.0,24.50337576559634,210.0808774928775,198.85638746438747,176.76386379053045,21.851542727130425,25.493167996240103,29.25876272403763,3.849545516212183e-06,2.01973951973952e-05,7.005494505494506e-05,0.0002986365486365,0.0019560269976936,0.0067768789852123,0.0188285341202007,0.0032958214624881,6.350343289636118,0.5049598389882274,0.1537024981426587,5.106613479626537,3.2198126015940485,192.0,0.1155881155881155,0.0022133473522362,0.6486183228835692,1.0,47.0,0.3565979638824933,0.6786846074512147,4.117340286831812,0.7554106910039113,0.0,0.4994708994708994,4.151742599450428,3.8708804474577385
S5VF02-20220802-10W,S5VF02,7,VF,VF,70,0.744,1,2.388,1,1.51,4.59,,,S5VF02,20220802,10,2022-08-02,campaign_1,S5,S5_VF,glass_based_compound,VF,VF,7,3.5,28,196,S5VF02-20220802-10W.png,Data/Images_dataset/S5VF02-20220802-10W.png,True,2835.0,650.0,,S5VF02-20220802-10W,,,4.59,False,False,0.7436711436711436,5.42667209333876e-05,0.270356803690137,188.4120993080993,25.63764926947249,152.0,214.0,25.63764926947249,199.99045177045176,187.99682105548771,164.1615997829331,23.209181363823166,26.712319726442335,29.054569661109912,9.971509971509972e-06,3.032153032153032e-05,0.0001404320987654,0.00060639668973,0.0035367148283814,0.0093729649979649,0.0170040360873694,0.0005491622574955,8.606923510882268,0.4571770478821532,0.1387489673095302,5.138742028433723,3.297905285990622,397.0,0.1382173382173382,0.0018732270621439,0.6303165352116356,1.0,47.0,0.7191322921578962,1.0472683979729085,4.608865710560626,2.3765319426336364,0.0,1.9978835978835976,7.292599078938832,2.7933733559499587
S5VF02-20220822-13W,S5VF02,7,VF,VF,91,0.719,1,3.904,1,1.51,4.59,,,S5VF02,20220822,13,2022-08-22,campaign_1,S5,S5_VF,glass_based_compound,VF,VF,7,3.5,28,196,S5VF02-20220822-13W.png,Data/Images_dataset/S5VF02-20220822-13W.png,True,2835.0,650.0,,S5VF02-20220822-13W,,,4.59,False,False,0.7185456518789852,0.0,0.0829738163071496,187.0725584045584,20.157155359510384,161.0,207.0,20.157155359510384,200.13079962013296,186.57758838692172,159.4245410392077,17.214241866623247,21.638426732299177,23.3814583051084,0.0,3.4764618097951432e-06,4.3803418803418805e-05,0.0004848561931895,0.002417209333876,0.0123714896214896,0.0159027608194274,2.6404151404151403e-05,2.8286555922816463,0.6094517658494469,0.19526164707792,4.947467702717904,2.8524781086564226,83.0,0.3067697734364401,0.0086571765286624,0.6388749856190931,1.0,47.0,0.6641793114926904,1.386442636635574,6.594524119947849,2.1340286831812256,2.0,1.9978835978835976,3.740009406409225,4.086811905354261
S5VF02-20220906-15W,S5VF02,7,VF,VF,105,2.357,1,10.176,2,1.51,4.59,,,S5VF02,20220906,15,2022-09-06,campaign_1,S5,S5_VF,glass_based_compound,VF,VF,7,3.5,28,196,S5VF02-20220906-15W.png,Data/Images_dataset/S5VF02-20220906-15W.png,True,2835.0,650.0,,S5VF02-20220906-15W,,,4.59,False,False,2.357129290462624,0.0021706688373355,0.6593949260615928,175.18394464794466,29.17465766349815,136.0,206.0,29.17465766349815,189.6243494776828,174.40562691629358,145.6276098222765,25.730547100633455,30.92566968432034,34.10203734551882,2.0977479310812644e-05,7.4345407678741e-05,0.0004332519332519,0.001584944376611,0.0059371184371184,0.0126625966625966,0.0102890550807217,0.0002477106227106,10.181150861272862,0.4328170979091205,0.117666191026676,5.113380117161474,3.2886486668726116,600.0,1.1049247049247048,0.0039285488174377,0.6451698333828939,1.0,47.0,2.1988404671419453,3.233792999017283,13.70664928292047,5.886049543676662,8.0,1.9978835978835976,5.558816791084956,2.894733700651084
S5VF02-20221102-24W,S5VF02,7,VF,VF,168,15.766,3,23.949,4,6.5,4.59,,,S5VF02,20221102,24,2022-11-02,campaign_1,S5,S5_VF,glass_based_compound,VF,VF,7,3.5,28,196,S5VF02-20221102-24W.png,Data/Images_dataset/S5VF02-20221102-24W.png,True,2835.0,650.0,,S5VF02-20221102-24W,,,4.59,False,False,15.765567765567765,0.0001628001628001,0.5756071089404423,134.39897490164157,28.173336606513907,90.0,162.0,28.173336606513907,160.19469000135666,130.45260018993352,91.34598616198616,20.54808276590093,33.04358312496751,30.398084047566783,2.955840455840456e-05,0.0007782865282865,0.0028173755257088,0.0053401336318002,0.0182263770180436,0.0038228869895536,0.0002268518518518,8.530050196716863e-06,3.1000947355480686,0.6139965012255295,0.1670794879303284,4.987280105912587,2.932597939596992,859.0,2.165730565730566,0.0183533967003117,0.6024583278731485,1.0,47.0,15.61380343421454,9.23672007782183,34.48631029986962,25.429986962190352,39.0,1.9978835978835976,11.639029741962414,1.2789516593903518
S5VF02-20221110-25W,S5VF02,7,VF,VF,175,13.229,2,21.715,3,6.5,4.59,,,S5VF02,20221110,25,2022-11-10,campaign_1,S5,S5_VF,glass_based_compound,VF,VF,7,3.5,28,196,S5VF02-20221110-25W.png,Data/Images_dataset/S5VF02-20221110-25W.png,True,2835.0,650.0,,S5VF02-20221110-25W,,,4.59,False,False,13.22897842897843,0.0003798670465337,0.3432370099036766,167.44586786053452,41.39651270320168,104.0,214.0,41.39651270320168,197.05038827838828,162.10582498982498,121.65546927146929,32.94638358272621,47.031153079833736,46.57400957220132,4.0666123999457336e-05,0.0002283272283272,0.0020608804775471,0.0032124033374033,0.0057707061457061,0.0096739926739926,0.0088478157644824,0.0014152082485415,11.70380914816508,0.4253201735236327,0.0865480420467317,5.0262099042114095,3.1791017573514653,1720.0,1.8665038665038665,0.0076912665284758,0.6574290769501928,1.0,47.0,13.163028100640794,7.506458182877718,25.770534550195567,23.085528031290742,36.0,5.4941798941798945,11.830820192094636,1.244407259862617
S5VF02-20221206-28W,S5VF02,7,VF,VF,196,23.149,3,36.175,4,6.5,4.59,0.4765,2.45,S5VF02,20221206,28,2022-12-06,campaign_1,S5,S5_VF,glass_based_compound,VF,VF,7,3.5,28,196,S5VF02-20221206-28W.png,Data/Images_dataset/S5VF02-20221206-28W.png,True,2835.0,650.0,,S5VF02-20221206-28W,0.4765,47.65,4.59,True,True,23.14860941527608,0.0,0.2048026048026048,146.3964596391263,42.30832517494365,78.0,196.0,42.30832517494365,181.55027486094153,139.47941500474835,94.1171396011396,34.258712938496345,48.42474625369874,42.80424244162492,2.1825396825396824e-05,0.000926977343644,0.0043587539004205,0.0038559557726224,0.0079898928232261,0.0098548704382037,0.0041687525437525,7.297178130511464e-05,5.858307563536128,0.5091837435381453,0.0984263954536927,4.836666176330613,2.831822296089627,948.0,6.993243793243793,0.0244183643621055,0.6525984881672695,1.0,47.0,22.82224194845904,12.559053637841377,43.32855280312907,34.76688396349413,39.0,23.475132275132275,12.589704851853009,1.1964368747029928
S5VF03-20220518-0W,S5VF03,7,VF,VF,0,0.115,1,0.313,1,1.51,4.38,,,S5VF03,20220518,0,2022-05-18,campaign_1,S5,S5_VF,glass_based_compound,VF,VF,7,3.5,28,196,S5VF03-20220518-0W.png,Data/Images_dataset/S5VF03-20220518-0W.png,True,2835.0,650.0,,S5VF03-20220518-0W,,,4.38,False,False,0.1150454483787817,0.0006512006512006,0.4802604802604802,176.64977126577128,18.99663693616835,154.0,197.0,18.99663693616835,185.72743291276623,176.37787274453942,157.52028598561932,18.848158714164537,19.075808845643703,19.254342966205193,9.988468321801656e-06,1.9959978293311628e-05,8.390991724325058e-05,0.0004794125627458,0.0039320478903812,0.0205039852123185,0.0061547619047619,6.593406593406593e-05,3.787893360072252,0.5780384825089475,0.1836731934973929,5.201493505931624,3.232435672218108,125.0,0.0122642789309455,0.0009203635870302,0.6403532674144261,1.0,47.0,0.1062442786207662,0.1470479570828899,0.6323337679269883,0.2800521512385918,0.0,1.4984126984126984,9.796505939902168,1.6936929883636744
S5VF03-20220603-2W,S5VF03,7,VF,VF,14,0.003,1,0.012,1,11.5,4.38,,,S5VF03,20220603,2,2022-06-03,campaign_1,S5,S5_VF,glass_based_compound,VF,VF,7,3.5,28,196,S5VF03-20220603-2W.png,Data/Images_dataset/S5VF03-20220603-2W.png,True,2835.0,650.0,,S5VF03-20220603-2W,,,4.38,False,False,0.0029846696513363,0.0,0.0218152218152218,216.57649545516213,14.393428016654957,201.0,233.0,14.393428016654957,226.175162664496,216.62586297652965,194.87040347307013,13.861145895067532,14.425065870011569,15.70428550157311,2.3741690408357074e-07,3.222086555419889e-07,3.798670465337132e-06,1.9213810880477548e-05,0.00020872337539,0.0012970424637091,0.0202681623931623,0.0094524996608329,2.14980772559766,0.6538207503370386,0.2454854269811463,5.14515389341248,3.106807693903704,8.0,0.0014652014652014,0.000373083706417,0.5493554051762228,1.0,47.0,0.0030514022580376,0.0085612013386048,0.0365058670143415,0.0052151238591916,0.0,10.988359788359787,8.956305916305917,0.1175057967371404
S5VF03-20220609-3W,S5VF03,7,VF,VF,21,0.028,1,0.047,1,11.5,4.38,,,S5VF03,20220609,3,2022-06-09,campaign_1,S5,S5_VF,glass_based_compound,VF,VF,7,3.5,28,196,S5VF03-20220609-3W.png,Data/Images_dataset/S5VF03-20220609-3W.png,True,2835.0,650.0,,S5VF03-20220609-3W,,,4.38,False,False,0.0282186948853615,0.0001628001628001,0.2090896757563424,190.72570451770451,18.13148727037565,169.0,210.0,18.13148727037565,198.4633667073667,190.6113688780355,175.36249843983177,17.55020135246641,18.323918518266353,19.12023170525012,5.765839099172433e-07,4.951838285171619e-06,3.2492199158865824e-05,0.0002374847374847,0.001461691086691,0.0124268586351919,0.0167716388549721,0.000314306064306,4.25582186800738,0.5501089872452615,0.1842984949965677,5.204106708662508,3.2881436418882637,70.0,0.0030389363722697,0.000403124212648,0.6922058889569702,1.0,47.0,0.0281283808150018,0.0309347375878138,0.135593220338983,0.0617992177314211,0.0,10.988359788359787,10.868441188441189,0.3619944588619808
S5VF03-20220616-4W,S5VF03,7,VF,VF,28,0.0,1,0.001,1,11.5,4.38,,,S5VF03,20220616,4,2022-06-16,campaign_1,S5,S5_VF,glass_based_compound,VF,VF,7,3.5,28,196,S5VF03-20220616-4W.png,Data/Images_dataset/S5VF03-20220616-4W.png,True,2835.0,650.0,,S5VF03-20220616-4W,,,4.38,False,False,0.0001085334418667,0.0,0.0013024013024013,215.401931352598,12.239946010840592,201.0,229.0,12.239946010840592,224.67529344729343,215.28001519468185,195.2352739112739,11.550711529555253,12.280154692756184,14.191320896929096,0.0,0.0,2.035002035002035e-07,3.6969203635870302e-06,6.154185320851988e-05,0.0012887667887667,0.0226902557319223,0.0072055352055352,1.1699424232328592,0.7123682033226465,0.285575213214534,5.075081987072434,2.8948947834532452,1.0,0.0001085334418667,0.0001085334418667,1.0,1.0,47.0,0.0001109600821104,0.0004524260431717,0.0026075619295958,0.0,0.0,10.988359788359787,10.984126984126984,0.0043908850989921
S5VF03-20220623-5W,S5VF03,7,VF,VF,35,0.008,1,0.033,1,16.49,4.38,,,S5VF03,20220623,5,2022-06-23,campaign_1,S5,S5_VF,glass_based_compound,VF,VF,7,3.5,28,196,S5VF03-20220623-5W.png,Data/Images_dataset/S5VF03-20220623-5W.png,True,2835.0,650.0,,S5VF03-20220623-5W,,,4.38,False,False,0.0082485415818749,0.0,0.018342151675485,214.9180409713743,16.068174249197316,196.0,233.0,16.068174249197316,224.0188262108262,215.0503839370506,194.22686311219644,15.419457812100688,16.195908896577066,17.46265590724416,6.78334011667345e-08,8.14000814000814e-07,3.6969203635870302e-06,2.918532085198752e-05,0.0002868165784832,0.0019594525844525,0.0199712555962555,0.0089987111653778,2.728598941931108,0.6081596963999033,0.2184008026717922,5.131672536277657,3.1371864433334826,13.0,0.0041242707909374,0.0006345031986057,0.57587843829217,1.0,47.0,0.0071014452550694,0.0209587558441082,0.1003911342894393,0.0221642764015645,0.0,17.48148148148148,15.973155109997212,1.138511879019449
S5VF03-20220630-6W,S5VF03,7,VF,VF,42,0.009,1,0.015,1,1.51,4.38,,,S5VF03,20220630,6,2022-06-30,campaign_1,S5,S5_VF,glass_based_compound,VF,VF,7,3.5,28,196,S5VF03-20220630-6W.png,Data/Images_dataset/S5VF03-20220630-6W.png,True,2835.0,650.0,,S5VF03-20220630-6W,,,4.38,False,False,0.0088454755121421,0.0,0.0511735178401845,200.65570967304305,16.286412568494043,181.0,218.0,16.286412568494043,209.701371320038,201.0970468050468,179.67121476054808,15.705605611078193,16.346585270178956,17.817926889388776,5.42667209333876e-07,1.085334418667752e-06,9.31013431013431e-06,7.159815493148827e-05,0.0007066374983041,0.0059015906932573,0.0233853106769773,0.0011739248405915,3.2468207758471435,0.5826073336938522,0.2068461218467836,5.154187614111295,3.197710804778205,20.0,0.0028218694885361,0.0004422737756071,0.4019963040720906,1.0,47.0,0.0066021248855724,0.0118258411203047,0.0469361147327249,0.0250325945241199,0.0,23.475132275132275,15.061615866523844,1.693656161375859
S5VF03-20220708-7W,S5VF03,7,VF,VF,49,0.024,1,0.04,1,21.49,4.38,,,S5VF03,20220708,7,2022-07-08,campaign_1,S5,S5_VF,glass_based_compound,VF,VF,7,3.5,28,196,S5VF03-20220708-7W.png,Data/Images_dataset/S5VF03-20220708-7W.png,True,2835.0,650.0,,S5VF03-20220708-7W,,,4.38,False,False,0.0236060236060236,0.0,0.0785782119115452,203.80765215031883,17.605706261246105,183.0,222.0,17.605706261246105,213.6013957400624,204.1210055623389,181.05763668430336,17.229953064342947,17.68116361480221,18.600892642912378,1.3397096730430063e-06,4.036087369420703e-06,1.5889974223307556e-05,8.072174738841406e-05,0.0006718898385565,0.0048048772215438,0.0229767501017501,0.0026944953194953,5.040134458544109,0.5132641864292464,0.181163701657569,5.212257824465461,3.350512241128232,54.0,0.0035273368606701,0.0004371485852967,0.6575693526712761,1.0,47.0,0.0240783378179699,0.0251490787439932,0.0977835723598435,0.0602346805736636,0.0,21.976719576719574,14.353293194672505,1.1264563972832802
S5VF03-20220714-8W,S5VF03,7,VF,VF,56,0.022,1,0.063,1,6.5,4.38,,,S5VF03,20220714,8,2022-07-14,campaign_1,S5,S5_VF,glass_based_compound,VF,VF,7,3.5,28,196,S5VF03-20220714-8W.png,Data/Images_dataset/S5VF03-20220714-8W.png,True,2835.0,650.0,,S5VF03-20220714-8W,,,4.38,False,False,0.021706688373355,0.0,0.0519875186541853,215.4017034323701,17.803930709042962,194.0,235.0,17.803930709042962,224.7733436440103,215.1753721340388,195.13492226292223,17.797431797843977,17.7867910990327,19.168255375364396,1.441459774793108e-06,2.204585537918871e-06,1.1904761904761903e-05,5.413105413105413e-05,0.0002914631664631,0.0022702482702482,0.018179131054131,0.0104394756478089,4.774631500246015,0.5187241691601623,0.1794595304193326,5.169918748431646,3.3086150971664585,45.0,0.0049925383258716,0.0004823708527412,0.6514636215269176,1.0,47.0,0.0217204360731226,0.0395532033801899,0.1590612777053455,0.0571056062581486,0.0,6.493121693121693,13.66035978835979,0.5424328105522446
S5VF03-20220721-9W,S5VF03,7,VF,VF,63,0.059,1,0.4,1,1.51,4.38,,,S5VF03,20220721,9,2022-07-21,campaign_1,S5,S5_VF,glass_based_compound,VF,VF,7,3.5,28,196,S5VF03-20220721-9W.png,Data/Images_dataset/S5VF03-20220721-9W.png,True,2835.0,650.0,,S5VF03-20220721-9W,,,4.38,False,False,0.0591507258173924,0.0,0.0274589607922941,202.81181712115043,15.362740554731266,184.0,218.0,15.362740554731266,212.5665879799213,202.7836689730023,181.2892562745896,14.291340343127583,15.680962881728728,17.979863676164072,8.14000814000814e-07,1.7806267806267806e-06,5.7997557997558e-06,6.674806674806674e-05,0.0005300162800162,0.0047876305792972,0.024849477682811,0.001007733007733,3.0568074166939345,0.586600315459259,0.2203325877220074,5.078508570785778,3.1082259248011477,23.0,0.0451499118165784,0.0025717706877127,0.6745054313304906,1.0,47.0,0.0355904463369302,0.1677388785562006,1.1629726205997393,0.0365058670143415,0.0,0.4994708994708994,2.874998301053347,9.28662901870123
S5VF03-20220802-10W,S5VF03,7,VF,VF,70,0.026,1,0.164,1,1.51,4.38,,,S5VF03,20220802,10,2022-08-02,campaign_1,S5,S5_VF,glass_based_compound,VF,VF,7,3.5,28,196,S5VF03-20220802-10W.png,Data/Images_dataset/S5VF03-20220802-10W.png,True,2835.0,650.0,,S5VF03-20220802-10W,,,4.38,False,False,0.0262650929317595,0.0,0.0166598833265499,201.6233146113146,13.243304802489126,186.0,216.0,13.243304802489126,211.0145993759327,201.3424170397504,181.85605209605208,12.465733452346315,13.647595210670866,14.941624362357947,3.900420567087234e-07,1.0344593677927012e-06,2.8829195495862163e-06,4.3905168905168905e-05,0.0003522927689594,0.0048685219101885,0.0256610025776692,0.0003199701533034,1.7919028857165216,0.6555175114195229,0.255510158057999,4.952962350844099,2.801984884513791,13.0,0.0128612128612128,0.0020203917639815,0.778121534862816,1.0,47.0,0.0159227717828511,0.0712436638191487,0.4784876140808344,0.0130378096479791,0.0,0.4994708994708994,4.912833967379422,33.38616722649734
S5VF03-20220822-13W,S5VF03,7,VF,VF,91,0.012,1,0.025,1,16.49,4.38,,,S5VF03,20220822,13,2022-08-22,campaign_1,S5,S5_VF,glass_based_compound,VF,VF,7,3.5,28,196,S5VF03-20220822-13W.png,Data/Images_dataset/S5VF03-20220822-13W.png,True,2835.0,650.0,,S5VF03-20220822-13W,,,4.38,False,False,0.0117758784425451,0.0,0.0469407136073802,195.84847917514583,12.324902641906988,181.0,208.0,12.324902641906988,206.29201953601952,196.14424854158187,171.51513553113554,11.753427029377656,12.682192971606987,13.72148081924696,4.239587572920906e-07,1.9162935829602495e-06,9.07271740605074e-06,4.541446208112875e-05,0.000399538732872,0.0081244573327906,0.0226009191425858,6.825735992402658e-05,2.4914591213643025,0.628770870663526,0.2631198511308316,5.10098038367354,3.0735016752711477,25.0,0.0026590693257359,0.0004710351377018,0.6130535197079682,1.0,47.0,0.0108740880468251,0.017683866018858,0.0638852672750977,0.0396349413298565,0.0,21.976719576719574,15.693560578353203,0.58764996269002
S5VF03-20220906-15W,S5VF03,7,VF,VF,105,0.111,1,0.469,1,1.51,4.38,,,S5VF03,20220906,15,2022-09-06,campaign_1,S5,S5_VF,glass_based_compound,VF,VF,7,3.5,28,196,S5VF03-20220906-15W.png,Data/Images_dataset/S5VF03-20220906-15W.png,True,2835.0,650.0,,S5VF03-20220906-15W,,,4.38,False,False,0.1113010446343779,0.0002170668837335,0.2267806267806268,186.81980572513905,19.575682157967726,161.0,208.0,19.575682157967726,197.8164194817528,187.0233292633293,161.49794057794057,19.105473981859003,19.952805544529294,20.66192653353812,3.3238366571699903e-06,1.0785510785510784e-05,4.378646045312712e-05,0.000257970424637,0.002465930674264,0.0139032356532356,0.0143456959706959,0.0002192714692714,6.878324703961529,0.4505609214638469,0.1501646496242633,5.143103134977978,3.3178121312525084,146.0,0.0410799077465744,0.0007623359221532,0.7011018341257181,1.0,47.0,0.0822769008849066,0.1865403086385581,1.303780964797914,0.1358539765319426,0.0,0.4994708994708994,8.165254786025141,2.6533407455517675
S5VF03-20221102-24W,S5VF03,7,VF,VF,168,3.502,1,15.151,3,1.51,4.38,,,S5VF03,20221102,24,2022-11-02,campaign_1,S5,S5_VF,glass_based_compound,VF,VF,7,3.5,28,196,S5VF03-20221102-24W.png,Data/Images_dataset/S5VF03-20221102-24W.png,True,2835.0,650.0,,S5VF03-20221102-24W,,,4.38,False,False,3.502374169040836,0.0,1.7277438610771942,152.04889105955772,28.43895607926286,118.0,186.0,28.43895607926286,166.0704664224664,151.5493317053317,122.18242029575364,26.042694392878555,29.959219847332527,30.20374343055992,8.021299687966354e-06,0.0003813254646587,0.0007015330348663,0.0040337471170804,0.0130738705738705,0.0109638108804775,0.0020871320037986,5.596255596255596e-07,2.9418324643084124,0.5645416808733987,0.133355632291656,4.908979206867012,2.8760924285733056,286.0,2.214082214082214,0.0122460635281148,0.6225497576285984,1.0,47.0,3.2712696607395495,5.851781362090336,18.97653194263364,14.120990873533248,9.0,3.4962962962962965,3.3507785992198764,8.989054725090421
S5VF03-20221110-25W,S5VF03,7,VF,VF,175,2.681,1,9.684,2,4.0,4.38,,,S5VF03,20221110,25,2022-11-10,campaign_1,S5,S5_VF,glass_based_compound,VF,VF,7,3.5,28,196,S5VF03-20221110-25W.png,Data/Images_dataset/S5VF03-20221110-25W.png,True,2835.0,650.0,,S5VF03-20221110-25W,,,4.38,False,False,2.6806132139465473,5.42667209333876e-05,0.1656220322886989,187.19239886039887,29.09594200067612,151.0,218.0,29.09594200067612,200.4852372812373,186.11703215303217,162.1225516212183,22.689693490449432,31.805518205512307,37.37628061970375,4.731379731379731e-06,5.691222357889024e-05,0.0003931115181115,0.0009366775200108,0.0030007631257631,0.0106904931488264,0.0146681929181929,0.0014991181657848,5.898534467361506,0.4809928654535309,0.1244491032593175,5.046103126324989,3.141674994260503,280.0,0.8722290055623388,0.0095736186212376,0.6345872977343539,1.0,47.0,2.517933923271103,4.435455246493953,16.80573663624511,9.09960886571056,8.0,3.4962962962962965,3.8604338266584968,8.43549249429196
S5VF03-20221206-28W,S5VF03,7,VF,VF,196,6.583,2,23.476,4,4.0,4.38,0.225,2.42,S5VF03,20221206,28,2022-12-06,campaign_1,S5,S5_VF,glass_based_compound,VF,VF,7,3.5,28,196,S5VF03-20221206-28W.png,Data/Images_dataset/S5VF03-20221206-28W.png,True,2835.0,650.0,,S5VF03-20221206-28W,0.225,22.5,4.38,True,True,6.5832587165920495,0.001682268348935,0.6707909374576041,167.17395088861755,34.35581763852347,121.0,203.0,34.35581763852347,184.998488671822,165.44581576448243,133.76940550807217,27.729597804124097,37.74767374355358,41.44077981188374,2.0248270248270248e-05,0.0003393874643874,0.0011929181929181,0.0022756071089404,0.0067563593813593,0.012361806403473,0.0081642246642246,0.0001394485144485,9.375508645425748,0.4128718608365929,0.1013373952392014,5.1103515709501846,3.285131947981363,1550.0,3.609062542395875,0.0042472636881239,0.5918547922624888,1.0,47.0,6.309800549252405,9.147469247698051,28.243807040417213,22.702737940026072,16.0,3.4962962962962965,4.774053841309619,5.936850116267913
