sample_name,specimen_id,campaign_id,series_id,n_steel_mesh,week,ageing_days,ultimate_load_kn,terminal_ultimate_load_kn_target,predicted_ultimate_load_kn,predicted_ultimate_load_kn_std,prediction_count,is_measured_ultimate_load,residual,abs_error
D01-20240110-0W,D01,campaign_2,D,4,0,0,,1.89,1.7812831175444128,0.0026444589922786257,2,False,-0.10871688245558708,0.10871688245558708
D01-20240124-2W,D01,campaign_2,D,4,2,14,,1.89,1.781277630726391,0.0026447814700011505,2,False,-0.10872236927360901,0.10872236927360901
D01-20240207-4W,D01,campaign_2,D,4,4,28,,1.89,1.7812721439083687,0.002645103947723676,2,False,-0.10872785609163116,0.10872785609163116
D01-20240221-6W,D01,campaign_2,D,4,6,42,,1.89,1.7812666570903466,0.002645426425446436,2,False,-0.10873334290965331,0.10873334290965331
D01-20240306-8W,D01,campaign_2,D,4,8,56,,1.89,1.781261170272325,0.002645748903168804,2,False,-0.10873882972767501,0.10873882972767501
D01-20240320-10W,D01,campaign_2,D,4,10,70,,1.89,1.7812556834543027,0.0026460713808915647,2,False,-0.10874431654569716,0.10874431654569716
D01-20240405-12W,D01,campaign_2,D,4,12,84,,1.89,1.7812501966362806,0.002646393858614325,2,False,-0.10874980336371931,0.10874980336371931
D01-20240417-14W,D01,campaign_2,D,4,14,98,,1.89,1.7812447098182589,0.0026467163363366932,2,False,-0.10875529018174102,0.10875529018174102
D01-20240508-17W,D01,campaign_2,D,4,17,119,,1.89,1.7812364795912257,0.0026472000529207946,2,False,-0.10876352040877424,0.10876352040877424
D01-20240522-19W,D01,campaign_2,D,4,19,133,,1.89,1.781230992773204,0.0026475225306431625,2,False,-0.10876900722679594,0.10876900722679594
D01-20240529-20W,D01,campaign_2,D,4,20,140,,1.89,1.7812282493641927,0.0026476837695045036,2,False,-0.10877175063580724,0.10877175063580724
D01-20240619-23W,D01,campaign_2,D,4,23,161,,1.89,1.7812200191371597,0.002648167486088448,2,False,-0.10877998086284024,0.10877998086284024
D01-20240626-24W,D01,campaign_2,D,4,24,168,,1.89,1.7812172757281486,0.0026483287249497887,2,False,-0.10878272427185132,0.10878272427185132
D01-20240710-26W,D01,campaign_2,D,4,26,182,,1.89,1.7812117889101267,0.0026486512026723925,2,False,-0.10878821108987324,0.10878821108987324
D01-20240724-28W,D01,campaign_2,D,4,28,196,,1.89,1.7812063020921047,0.0026489736803949173,2,False,-0.10879369790789517,0.10879369790789517
D01-20240807-30W,D01,campaign_2,D,4,30,210,,1.89,1.7812008152740826,0.002649296158117678,2,False,-0.10879918472591732,0.10879918472591732
D01-20240902-33W,D01,campaign_2,D,4,33,231,,1.89,1.7811925850470498,0.0026497798747014654,2,False,-0.1088074149529501,0.1088074149529501
D01-20240918-36W,D01,campaign_2,D,4,36,252,1.89,1.89,1.7811843548200168,0.0026502635912853314,2,True,-0.1088156451799831,0.1088156451799831
D02-20240110-0W,D02,campaign_2,D,4,0,0,,1.8,1.8069545894845418,0.002874057546446045,2,False,0.006954589484541751,0.006954589484541751
D02-20240124-2W,D02,campaign_2,D,4,2,14,,1.8,1.8069494767751182,0.0028745147862601073,2,False,0.006949476775118146,0.006949476775118146
D02-20240207-4W,D02,campaign_2,D,4,4,28,,1.8,1.8069443640656944,0.002874972026074405,2,False,0.0069443640656943195,0.0069443640656943195
D02-20240221-6W,D02,campaign_2,D,4,6,42,,1.8,1.8069392513562708,0.0028754292658884676,2,False,0.006939251356270715,0.006939251356270715
D02-20240306-8W,D02,campaign_2,D,4,8,56,,1.8,1.806934138646847,0.0028758865057026874,2,False,0.006934138646846888,0.006934138646846888
D02-20240320-10W,D02,campaign_2,D,4,10,70,,1.8,1.806929025937423,0.0028763437455169853,2,False,0.006929025937423061,0.006929025937423061
D02-20240405-12W,D02,campaign_2,D,4,12,84,,1.8,1.8069239132279995,0.0028768009853312832,2,False,0.006923913227999456,0.006923913227999456
D02-20240417-14W,D02,campaign_2,D,4,14,98,,1.8,1.806918800518576,0.0028772582251453457,2,False,0.006918800518575852,0.006918800518575852
D02-20240508-17W,D02,campaign_2,D,4,17,119,,1.8,1.8069111314544402,0.0028779440848667143,2,False,0.0069111314544401115,0.0069111314544401115
D02-20240522-19W,D02,campaign_2,D,4,19,133,,1.8,1.8069060187450163,0.002878401324681012,2,False,0.006906018745016285,0.006906018745016285
D02-20240529-20W,D02,campaign_2,D,4,20,140,,1.8,1.8069034623903044,0.0028786299445880824,2,False,0.006903462390304371,0.006903462390304371
D02-20240619-23W,D02,campaign_2,D,4,23,161,,1.8,1.8068957933261691,0.0028793158043093725,2,False,0.006895793326169075,0.006895793326169075
D02-20240626-24W,D02,campaign_2,D,4,24,168,,1.8,1.8068932369714572,0.0028795444242165217,2,False,0.006893236971457162,0.006893236971457162
D02-20240710-26W,D02,campaign_2,D,4,26,182,,1.8,1.8068881242620334,0.002880001664030741,2,False,0.006888124262033335,0.006888124262033335
D02-20240724-28W,D02,campaign_2,D,4,28,196,,1.8,1.8068830115526096,0.002880458903845039,2,False,0.006883011552609508,0.006883011552609508
D02-20240807-30W,D02,campaign_2,D,4,30,210,,1.8,1.8068778988431857,0.0028809161436592584,2,False,0.006877898843185681,0.006877898843185681
D02-20240902-33W,D02,campaign_2,D,4,33,231,,1.8,1.8068702297790502,0.00288160200338047,2,False,0.006870229779050163,0.006870229779050163
D02-20240918-36W,D02,campaign_2,D,4,36,252,1.8,1.8,1.8068625607149147,0.002882287863101917,2,True,0.006862560714914645,0.006862560714914645
D03-20240110-0W,D03,campaign_2,D,4,0,0,,1.64,1.8155303746490152,0.01011084016701325,2,False,0.17553037464901533,0.17553037464901533
D03-20240124-2W,D03,campaign_2,D,4,2,14,,1.64,1.815525077719285,0.010110786231888186,2,False,0.17552507771928516,0.17552507771928516
D03-20240207-4W,D03,campaign_2,D,4,4,28,,1.64,1.8155197807895547,0.010110732296762884,2,False,0.17551978078955477,0.17551978078955477
D03-20240221-6W,D03,campaign_2,D,4,6,42,,1.64,1.8155144838598243,0.010110678361637584,2,False,0.17551448385982438,0.17551448385982438
D03-20240306-8W,D03,campaign_2,D,4,8,56,,1.64,1.8155091869300939,0.010110624426512284,2,False,0.17550918693009399,0.17550918693009399
D03-20240320-10W,D03,campaign_2,D,4,10,70,,1.64,1.8155038900003635,0.010110570491386986,2,False,0.1755038900003636,0.1755038900003636
D03-20240405-12W,D03,campaign_2,D,4,12,84,,1.64,1.8154985930706333,0.01011051655626192,2,False,0.17549859307063342,0.17549859307063342
D03-20240417-14W,D03,campaign_2,D,4,14,98,,1.64,1.8154932961409027,0.010110462621136698,2,False,0.1754932961409028,0.1754932961409028
D03-20240508-17W,D03,campaign_2,D,4,17,119,,1.64,1.8154853507463073,0.010110381718448748,2,False,0.17548535074630744,0.17548535074630744
D03-20240522-19W,D03,campaign_2,D,4,19,133,,1.64,1.815480053816577,0.010110327783323684,2,False,0.17548005381657705,0.17548005381657705
D03-20240529-20W,D03,campaign_2,D,4,20,140,,1.64,1.8154774053517118,0.010110300815761034,2,False,0.17547740535171186,0.17547740535171186
D03-20240619-23W,D03,campaign_2,D,4,23,161,,1.64,1.8154694599571162,0.010110219913073084,2,False,0.17546945995711627,0.17546945995711627
D03-20240626-24W,D03,campaign_2,D,4,24,168,,1.64,1.815466811492251,0.010110192945510434,2,False,0.17546681149225107,0.17546681149225107
D03-20240710-26W,D03,campaign_2,D,4,26,182,,1.64,1.8154615145625206,0.010110139010385134,2,False,0.17546151456252068,0.17546151456252068
D03-20240724-28W,D03,campaign_2,D,4,28,196,,1.64,1.8154562176327902,0.010110085075259912,2,False,0.1754562176327903,0.1754562176327903
D03-20240807-30W,D03,campaign_2,D,4,30,210,,1.64,1.8154509207030598,0.010110031140134612,2,False,0.1754509207030599,0.1754509207030599
D03-20240902-33W,D03,campaign_2,D,4,33,231,,1.64,1.8154429753084642,0.010109950237446663,2,False,0.1754429753084643,0.1754429753084643
D03-20240918-36W,D03,campaign_2,D,4,36,252,1.64,1.64,1.8154350299138686,0.010109869334759027,2,True,0.17543502991386872,0.17543502991386872
D04-20240110-0W,D04,campaign_2,D,4,0,0,,1.87,1.8911408783438142,0.028910100605394076,2,False,0.021140878343814062,0.021140878343814062
D04-20240124-2W,D04,campaign_2,D,4,2,14,,1.87,1.8911357656343903,0.028910557845208375,2,False,0.021135765634390236,0.021135765634390236
D04-20240207-4W,D04,campaign_2,D,4,4,28,,1.87,1.8911306529249667,0.02891101508502244,2,False,0.02113065292496663,0.02113065292496663
D04-20240221-6W,D04,campaign_2,D,4,6,42,,1.87,1.8911255402155431,0.028911472324836738,2,False,0.021125540215543026,0.021125540215543026
D04-20240306-8W,D04,campaign_2,D,4,8,56,,1.87,1.8911204275061193,0.028911929564651034,2,False,0.0211204275061192,0.0211204275061192
D04-20240320-10W,D04,campaign_2,D,4,10,70,,1.87,1.8911153147966955,0.028912386804465253,2,False,0.021115314796695372,0.021115314796695372
D04-20240405-12W,D04,campaign_2,D,4,12,84,,1.87,1.8911102020872719,0.028912844044279316,2,False,0.021110202087271768,0.021110202087271768
D04-20240417-14W,D04,campaign_2,D,4,14,98,,1.87,1.891105089377848,0.028913301284093616,2,False,0.02110508937784794,0.02110508937784794
D04-20240508-17W,D04,campaign_2,D,4,17,119,,1.87,1.8910974203137125,0.028913987143815063,2,False,0.021097420313712423,0.021097420313712423
D04-20240522-19W,D04,campaign_2,D,4,19,133,,1.87,1.8910923076042887,0.02891444438362928,2,False,0.021092307604288596,0.021092307604288596
D04-20240529-20W,D04,campaign_2,D,4,20,140,,1.87,1.8910897512495768,0.028914673003536194,2,False,0.021089751249576683,0.021089751249576683
D04-20240619-23W,D04,campaign_2,D,4,23,161,,1.87,1.8910820821854413,0.02891535886325764,2,False,0.021082082185441164,0.021082082185441164
D04-20240626-24W,D04,campaign_2,D,4,24,168,,1.87,1.8910795258307296,0.028915587483164553,2,False,0.021079525830729473,0.021079525830729473
D04-20240710-26W,D04,campaign_2,D,4,26,182,,1.87,1.8910744131213058,0.028916044722978852,2,False,0.021074413121305646,0.021074413121305646
D04-20240724-28W,D04,campaign_2,D,4,28,196,,1.87,1.891069300411882,0.02891650196279307,2,False,0.02106930041188182,0.02106930041188182
D04-20240807-30W,D04,campaign_2,D,4,30,210,,1.87,1.8910641877024583,0.02891695920260737,2,False,0.021064187702458215,0.021064187702458215
D04-20240902-33W,D04,campaign_2,D,4,33,231,,1.87,1.8910565186383226,0.028917645062328502,2,False,0.021056518638322475,0.021056518638322475
D04-20240918-36W,D04,campaign_2,D,4,36,252,1.87,1.87,1.891048849574187,0.02891833092204995,2,True,0.021048849574186956,0.021048849574186956
D05-20240110-0W,D05,campaign_2,D,4,0,0,,2.05,1.7637339048406204,0.0006527900325244497,2,False,-0.2862660951593794,0.2862660951593794
D05-20240124-2W,D05,campaign_2,D,4,2,14,,2.05,1.7637283947603144,0.0006523964495022215,2,False,-0.2862716052396854,0.2862716052396854
D05-20240207-4W,D05,campaign_2,D,4,4,28,,2.05,1.7637228846800084,0.0006520028664800719,2,False,-0.28627711531999145,0.28627711531999145
D05-20240221-6W,D05,campaign_2,D,4,6,42,,2.05,1.7637173745997021,0.0006516092834580008,2,False,-0.2862826254002977,0.2862826254002977
D05-20240306-8W,D05,campaign_2,D,4,8,56,,2.05,1.7637118645193959,0.0006512157004357726,2,False,-0.28628813548060394,0.28628813548060394
D05-20240320-10W,D05,campaign_2,D,4,10,70,,2.05,1.7637063544390899,0.000650822117413623,2,False,-0.28629364556090997,0.28629364556090997
D05-20240405-12W,D05,campaign_2,D,4,12,84,,2.05,1.7637008443587838,0.0006504285343913948,2,False,-0.286299155641216,0.286299155641216
D05-20240417-14W,D05,campaign_2,D,4,14,98,,2.05,1.7636953342784776,0.0006500349513694022,2,False,-0.28630466572152224,0.28630466572152224
D05-20240508-17W,D05,campaign_2,D,4,17,119,,2.05,1.7636870691580184,0.0006494445768362169,2,False,-0.2863129308419814,0.2863129308419814
D05-20240522-19W,D05,campaign_2,D,4,19,133,,2.05,1.7636815590777124,0.0006490509938140673,2,False,-0.2863184409222874,0.2863184409222874
D05-20240529-20W,D05,campaign_2,D,4,20,140,,2.05,1.7636788040375593,0.0006488542023027962,2,False,-0.28632119596244054,0.28632119596244054
D05-20240619-23W,D05,campaign_2,D,4,23,161,,2.05,1.7636705389171001,0.0006482638277696109,2,False,-0.2863294610828997,0.2863294610828997
D05-20240626-24W,D05,campaign_2,D,4,24,168,,2.05,1.7636677838769472,0.0006480670362584184,2,False,-0.2863322161230526,0.2863322161230526
D05-20240710-26W,D05,campaign_2,D,4,26,182,,2.05,1.763662273796641,0.0006476734532364257,2,False,-0.28633772620335884,0.28633772620335884
D05-20240724-28W,D05,campaign_2,D,4,28,196,,2.05,1.7636567637163347,0.0006472798702141975,2,False,-0.2863432362836651,0.2863432362836651
D05-20240807-30W,D05,campaign_2,D,4,30,210,,2.05,1.7636512536360287,0.0006468862871919695,2,False,-0.2863487463639711,0.2863487463639711
D05-20240902-33W,D05,campaign_2,D,4,33,231,,2.05,1.7636429885155696,0.0006462959126587842,2,False,-0.28635701148443027,0.28635701148443027
D05-20240918-36W,D05,campaign_2,D,4,36,252,2.05,2.05,1.7636347233951104,0.000645705538125599,2,True,-0.2863652766048894,0.2863652766048894
D06-20240110-0W,D06,campaign_2,D,4,0,0,,1.61,1.801780841675964,0.012795640736205963,2,False,0.19178084167596388,0.19178084167596388
D06-20240124-2W,D06,campaign_2,D,4,2,14,,1.61,1.8017756291104896,0.01279635106560108,2,False,0.1917756291104895,0.1917756291104895
D06-20240207-4W,D06,campaign_2,D,4,4,28,,1.61,1.8017704165450152,0.012797061394995878,2,False,0.19177041654501514,0.19177041654501514
D06-20240221-6W,D06,campaign_2,D,4,6,42,,1.61,1.8017652039795409,0.012797771724390995,2,False,0.19176520397954078,0.19176520397954078
D06-20240306-8W,D06,campaign_2,D,4,8,56,,1.61,1.8017599914140665,0.012798482053785873,2,False,0.1917599914140664,0.1917599914140664
D06-20240320-10W,D06,campaign_2,D,4,10,70,,1.61,1.8017547788485921,0.01279919238318091,2,False,0.19175477884859204,0.19175477884859204
D06-20240405-12W,D06,campaign_2,D,4,12,84,,1.61,1.8017495662831178,0.012799902712576024,2,False,0.19174956628311768,0.19174956628311768
D06-20240417-14W,D06,campaign_2,D,4,14,98,,1.61,1.8017443537176434,0.012800613041970825,2,False,0.1917443537176433,0.1917443537176433
D06-20240508-17W,D06,campaign_2,D,4,17,119,,1.61,1.8017365348694319,0.01280167853606334,2,False,0.19173653486943176,0.19173653486943176
D06-20240522-19W,D06,campaign_2,D,4,19,133,,1.61,1.8017313223039575,0.01280238886545822,2,False,0.1917313223039574,0.1917313223039574
D06-20240529-20W,D06,campaign_2,D,4,20,140,,1.61,1.8017287160212203,0.012802744030155855,2,False,0.1917287160212202,0.1917287160212202
D06-20240619-23W,D06,campaign_2,D,4,23,161,,1.61,1.8017208971730088,0.01280380952424837,2,False,0.19172089717300866,0.19172089717300866
D06-20240626-24W,D06,campaign_2,D,4,24,168,,1.61,1.8017182908902716,0.01280416468894577,2,False,0.19171829089027148,0.19171829089027148
D06-20240710-26W,D06,campaign_2,D,4,26,182,,1.61,1.8017130783247972,0.01280487501834065,2,False,0.19171307832479711,0.19171307832479711
D06-20240724-28W,D06,campaign_2,D,4,28,196,,1.61,1.8017078657593228,0.012805585347735765,2,False,0.19170786575932275,0.19170786575932275
D06-20240807-30W,D06,campaign_2,D,4,30,210,,1.61,1.8017026531938485,0.012806295677130566,2,False,0.19170265319384838,0.19170265319384838
D06-20240902-33W,D06,campaign_2,D,4,33,231,,1.61,1.801694834345637,0.01280736117122308,2,False,0.19169483434563683,0.19169483434563683
D06-20240918-36W,D06,campaign_2,D,4,36,252,1.61,1.61,1.8016870154974254,0.012808426665315596,2,True,0.19168701549742528,0.19168701549742528
E01-20240110-0W,E01,campaign_2,E,4,0,0,,1.7,1.774494295891797,0.036427027156319035,2,False,0.07449429589179712,0.07449429589179712
E01-20240124-2W,E01,campaign_2,E,4,2,14,,1.7,1.7744890506083373,0.0364270080525881,2,False,0.07448905060833733,0.07448905060833733
E01-20240207-4W,E01,campaign_2,E,4,4,28,,1.7,1.7744838053248775,0.03642698894885708,2,False,0.07448380532487753,0.07448380532487753
E01-20240221-6W,E01,campaign_2,E,4,6,42,,1.7,1.7744785600414175,0.03642696984512629,2,False,0.07447856004141751,0.07447856004141751
E01-20240306-8W,E01,campaign_2,E,4,8,56,,1.7,1.7744733147579579,0.03642695074139512,2,False,0.07447331475795793,0.07447331475795793
E01-20240320-10W,E01,campaign_2,E,4,10,70,,1.7,1.7744680694744979,0.036426931637664334,2,False,0.07446806947449791,0.07446806947449791
E01-20240405-12W,E01,campaign_2,E,4,12,84,,1.7,1.7744628241910378,0.03642691253393355,2,False,0.07446282419103789,0.07446282419103789
E01-20240417-14W,E01,campaign_2,E,4,14,98,,1.7,1.774457578907578,0.03642689343020261,2,False,0.07445757890757809,0.07445757890757809
E01-20240522-19W,E01,campaign_2,E,4,19,133,,1.7,1.7744444656989284,0.036426845670875216,2,False,0.07444446569892849,0.07444446569892849
E01-20240529-20W,E01,campaign_2,E,4,20,140,,1.7,1.7744418430571987,0.03642683611900963,2,False,0.0744418430571987,0.0744418430571987
E01-20240619-23W,E01,campaign_2,E,4,23,161,,1.7,1.7744339751320086,0.036426807463413494,2,False,0.07443397513200867,0.07443397513200867
E01-20240626-24W,E01,campaign_2,E,4,24,168,,1.7,1.7744313524902786,0.03642679791154783,2,False,0.07443135249027866,0.07443135249027866
E01-20240710-26W,E01,campaign_2,E,4,26,182,,1.7,1.7744261072068188,0.036426778807816806,2,False,0.07442610720681886,0.07442610720681886
E01-20240724-28W,E01,campaign_2,E,4,28,196,,1.7,1.774420861923359,0.03642675970408586,2,False,0.07442086192335906,0.07442086192335906
E01-20240807-30W,E01,campaign_2,E,4,30,210,,1.7,1.774415616639899,0.03642674060035501,2,False,0.07441561663989904,0.07441561663989904
E01-20240902-33W,E01,campaign_2,E,4,33,231,,1.7,1.7744077487147092,0.03642671194475871,2,False,0.07440774871470923,0.07440774871470923
E01-20240918-36W,E01,campaign_2,E,4,36,252,1.7,1.7,1.7743998807895194,0.03642668328916202,2,True,0.07439988078951942,0.07439988078951942
E02-20240110-0W,E02,campaign_2,E,4,0,0,,1.79,1.8155277644121668,0.04188596292210801,2,False,0.025527764412166754,0.025527764412166754
E02-20240124-2W,E02,campaign_2,E,4,2,14,,1.79,1.8155227021823301,0.041885577071210205,2,False,0.025522702182330104,0.025522702182330104
E02-20240207-4W,E02,campaign_2,E,4,4,28,,1.79,1.8155176399524935,0.041885191220312555,2,False,0.025517639952493454,0.025517639952493454
E02-20240221-6W,E02,campaign_2,E,4,6,42,,1.79,1.8155125777226564,0.0418848053694146,2,False,0.02551257772265636,0.02551257772265636
E02-20240306-8W,E02,campaign_2,E,4,8,56,,1.79,1.8155075154928197,0.04188441951851695,2,False,0.02550751549281971,0.02550751549281971
E02-20240320-10W,E02,campaign_2,E,4,10,70,,1.79,1.8155024532629827,0.04188403366761899,2,False,0.025502453262982616,0.025502453262982616
E02-20240405-12W,E02,campaign_2,E,4,12,84,,1.79,1.815497391033146,0.04188364781672111,2,False,0.025497391033145966,0.025497391033145966
E02-20240417-14W,E02,campaign_2,E,4,14,98,,1.79,1.8154923288033094,0.041883261965823544,2,False,0.025492328803309316,0.025492328803309316
E02-20240508-17W,E02,campaign_2,E,4,17,119,,1.79,1.815484735458554,0.04188268318947676,2,False,0.025484735458553898,0.025484735458553898
E02-20240522-19W,E02,campaign_2,E,4,19,133,,1.79,1.815479673228717,0.04188229733857903,2,False,0.025479673228717026,0.025479673228717026
E02-20240529-20W,E02,campaign_2,E,4,20,140,,1.79,1.8154771421137987,0.041882104413130214,2,False,0.0254771421137987,0.0254771421137987
E02-20240619-23W,E02,campaign_2,E,4,23,161,,1.79,1.8154695487690435,0.04188152563678335,2,False,0.025469548769043504,0.025469548769043504
E02-20240626-24W,E02,campaign_2,E,4,24,168,,1.79,1.815467017654125,0.0418813327113346,2,False,0.025467017654124957,0.025467017654124957
E02-20240710-26W,E02,campaign_2,E,4,26,182,,1.79,1.8154619554242881,0.0418809468604368,2,False,0.025461955424288085,0.025461955424288085
E02-20240724-28W,E02,campaign_2,E,4,28,196,,1.79,1.8154568931944515,0.041880561009538915,2,False,0.025456893194451435,0.025456893194451435
E02-20240807-30W,E02,campaign_2,E,4,30,210,,1.79,1.8154518309646146,0.041880175158641196,2,False,0.025451830964614564,0.025451830964614564
E02-20240902-33W,E02,campaign_2,E,4,33,231,,1.79,1.8154442376198592,0.04187959638229441,2,False,0.025444237619859145,0.025444237619859145
E02-20240918-36W,E02,campaign_2,E,4,36,252,1.79,1.79,1.8154366442751042,0.04187901760594778,2,True,0.02543664427510417,0.02543664427510417
E03-20240110-0W,E03,campaign_2,E,4,0,0,,1.91,1.8008807192592435,0.01324965253090911,2,False,-0.10911928074075639,0.10911928074075639
E03-20240124-2W,E03,campaign_2,E,4,2,14,,1.91,1.8008758535505023,0.01324976045900859,2,False,-0.10912414644949764,0.10912414644949764
E03-20240207-4W,E03,campaign_2,E,4,4,28,,1.91,1.8008709878417606,0.013249868387108303,2,False,-0.10912901215823934,0.10912901215823934
E03-20240221-6W,E03,campaign_2,E,4,6,42,,1.91,1.8008661221330189,0.013249976315207862,2,False,-0.10913387786698103,0.10913387786698103
E03-20240306-8W,E03,campaign_2,E,4,8,56,,1.91,1.8008612564242774,0.01325008424330734,2,False,-0.10913874357572251,0.10913874357572251
E03-20240320-10W,E03,campaign_2,E,4,10,70,,1.91,1.800856390715536,0.013250192171407054,2,False,-0.10914360928446398,0.10914360928446398
E03-20240405-12W,E03,campaign_2,E,4,12,84,,1.91,1.8008515250067942,0.01325030009950669,2,False,-0.10914847499320568,0.10914847499320568
E03-20240417-14W,E03,campaign_2,E,4,14,98,,1.91,1.8008466592980528,0.013250408027606169,2,False,-0.10915334070194715,0.10915334070194715
E03-20240508-17W,E03,campaign_2,E,4,17,119,,1.91,1.8008393607349404,0.013250569919755428,2,False,-0.10916063926505948,0.10916063926505948
E03-20240522-19W,E03,campaign_2,E,4,19,133,,1.91,1.8008344950261987,0.013250677847855065,2,False,-0.10916550497380118,0.10916550497380118
E03-20240529-20W,E03,campaign_2,E,4,20,140,,1.91,1.8008320621718281,0.013250731811904686,2,False,-0.1091679378281718,0.1091679378281718
E03-20240619-23W,E03,campaign_2,E,4,23,161,,1.91,1.8008247636087158,0.013250893704054257,2,False,-0.10917523639128413,0.10917523639128413
E03-20240626-24W,E03,campaign_2,E,4,24,168,,1.91,1.800822330754345,0.0132509476681038,2,False,-0.10917766924565497,0.10917766924565497
E03-20240710-26W,E03,campaign_2,E,4,26,182,,1.91,1.8008174650456035,0.013251055596203517,2,False,-0.10918253495439645,0.10918253495439645
E03-20240724-28W,E03,campaign_2,E,4,28,196,,1.91,1.800812599336862,0.013251163524302995,2,False,-0.10918740066313792,0.10918740066313792
E03-20240807-30W,E03,campaign_2,E,4,30,210,,1.91,1.8008077336281203,0.013251271452402631,2,False,-0.10919226637187962,0.10919226637187962
E03-20240902-33W,E03,campaign_2,E,4,33,231,,1.91,1.800800435065008,0.013251433344551889,2,False,-0.10919956493499194,0.10919956493499194
E03-20240918-36W,E03,campaign_2,E,4,36,252,1.91,1.91,1.8007931365018957,0.01325159523670146,2,True,-0.10920686349810427,0.10920686349810427
E04-20240110-0W,E04,campaign_2,E,4,0,0,,1.66,1.7715708431177517,0.001250161306851806,2,False,0.11157084311775178,0.11157084311775178
E04-20240124-2W,E04,campaign_2,E,4,2,14,,1.66,1.7715653512125398,0.0012504765902013133,2,False,0.11156535121253985,0.11156535121253985
E04-20240207-4W,E04,campaign_2,E,4,4,28,,1.66,1.7715598593073278,0.0012507918735507424,2,False,0.11155985930732792,0.11155985930732792
E04-20240221-6W,E04,campaign_2,E,4,6,42,,1.66,1.771554367402116,0.0012511071569002497,2,False,0.111554367402116,0.111554367402116
E04-20240306-8W,E04,campaign_2,E,4,8,56,,1.66,1.7715488754969035,0.0012514224402498358,2,False,0.11154887549690362,0.11154887549690362
E04-20240320-10W,E04,campaign_2,E,4,10,70,,1.66,1.7715433835916916,0.0012517377235992647,2,False,0.11154338359169169,0.11154338359169169
E04-20240405-12W,E04,campaign_2,E,4,12,84,,1.66,1.7715378916864797,0.0012520530069486937,2,False,0.11153789168647976,0.11153789168647976
E04-20240417-14W,E04,campaign_2,E,4,14,98,,1.66,1.7715323997812678,0.001252368290298201,2,False,0.11153239978126783,0.11153239978126783
E04-20240508-17W,E04,campaign_2,E,4,17,119,,1.66,1.7715241619234496,0.00125284121532258,2,False,0.11152416192344972,0.11152416192344972
E04-20240522-19W,E04,campaign_2,E,4,19,133,,1.66,1.7715186700182377,0.0012531564986720876,2,False,0.11151867001823779,0.11151867001823779
E04-20240529-20W,E04,campaign_2,E,4,20,140,,1.66,1.7715159240656315,0.0012533141403467236,2,False,0.1115159240656316,0.1115159240656316
E04-20240619-23W,E04,campaign_2,E,4,23,161,,1.66,1.7715076862078136,0.0012537870653709453,2,False,0.1115076862078137,0.1115076862078137
E04-20240626-24W,E04,campaign_2,E,4,24,168,,1.66,1.7715049402552077,0.00125394470704566,2,False,0.11150494025520774,0.11150494025520774
E04-20240710-26W,E04,campaign_2,E,4,26,182,,1.66,1.7714994483499957,0.0012542599903951673,2,False,0.11149944834999581,0.11149944834999581
E04-20240724-28W,E04,campaign_2,E,4,28,196,,1.66,1.7714939564447838,0.0012545752737445964,2,False,0.11149395644478388,0.11149395644478388
E04-20240807-30W,E04,campaign_2,E,4,30,210,,1.66,1.7714884645395717,0.0012548905570942607,2,False,0.11148846453957173,0.11148846453957173
E04-20240902-33W,E04,campaign_2,E,4,33,231,,1.66,1.7714802266817538,0.0012553634821184827,2,False,0.11148022668175384,0.11148022668175384
E04-20240918-36W,E04,campaign_2,E,4,36,252,1.66,1.66,1.7714719888239356,0.0012558364071428617,2,True,0.11147198882393572,0.11147198882393572
E05-20240110-0W,E05,campaign_2,E,4,0,0,,1.64,1.8379287115070233,0.004296822759723223,2,False,0.1979287115070234,0.1979287115070234
E05-20240124-2W,E05,campaign_2,E,4,2,14,,1.64,1.837923414577293,0.004296768824598001,2,False,0.197923414577293,0.197923414577293
E05-20240207-4W,E05,campaign_2,E,4,4,28,,1.64,1.8379181176475625,0.004296714889472701,2,False,0.19791811764756262,0.19791811764756262
E05-20240221-6W,E05,campaign_2,E,4,6,42,,1.64,1.8379128207178321,0.004296660954347637,2,False,0.19791282071783223,0.19791282071783223
E05-20240306-8W,E05,campaign_2,E,4,8,56,,1.64,1.8379075237881017,0.004296607019222337,2,False,0.19790752378810184,0.19790752378810184
E05-20240320-10W,E05,campaign_2,E,4,10,70,,1.64,1.8379022268583713,0.004296553084097037,2,False,0.19790222685837144,0.19790222685837144
E05-20240405-12W,E05,campaign_2,E,4,12,84,,1.64,1.837896929928641,0.004296499148971737,2,False,0.19789692992864105,0.19789692992864105
E05-20240417-14W,E05,campaign_2,E,4,14,98,,1.64,1.8378916329989106,0.0042964452138465154,2,False,0.19789163299891066,0.19789163299891066
E05-20240508-17W,E05,campaign_2,E,4,17,119,,1.64,1.837883687604315,0.0042963643111585655,2,False,0.19788368760431507,0.19788368760431507
E05-20240522-19W,E05,campaign_2,E,4,19,133,,1.64,1.8378783906745848,0.004296310376033501,2,False,0.1978783906745849,0.1978783906745849
E05-20240529-20W,E05,campaign_2,E,4,20,140,,1.64,1.8378757422097196,0.004296283408470851,2,False,0.1978757422097197,0.1978757422097197
E05-20240619-23W,E05,campaign_2,E,4,23,161,,1.64,1.837867796815124,0.004296202505782901,2,False,0.19786779681512412,0.19786779681512412
E05-20240626-24W,E05,campaign_2,E,4,24,168,,1.64,1.8378651483502588,0.004296175538220251,2,False,0.19786514835025892,0.19786514835025892
E05-20240710-26W,E05,campaign_2,E,4,26,182,,1.64,1.8378598514205284,0.004296121603094951,2,False,0.19785985142052853,0.19785985142052853
E05-20240724-28W,E05,campaign_2,E,4,28,196,,1.64,1.837854554490798,0.004296067667969651,2,False,0.19785455449079814,0.19785455449079814
E05-20240807-30W,E05,campaign_2,E,4,30,210,,1.64,1.8378492575610679,0.004296013732844587,2,False,0.19784925756106797,0.19784925756106797
E05-20240902-33W,E05,campaign_2,E,4,33,231,,1.64,1.837841312166472,0.004295932830156715,2,False,0.19784131216647216,0.19784131216647216
E05-20240918-36W,E05,campaign_2,E,4,36,252,1.64,1.64,1.8378333667718767,0.004295851927469001,2,True,0.1978333667718768,0.1978333667718768
E06-20240110-0W,E06,campaign_2,E,4,0,0,,1.87,1.6865289618777672,0.08399212708504193,2,False,-0.18347103812223287,0.18347103812223287
E06-20240124-2W,E06,campaign_2,E,4,2,14,,1.87,1.686523990846855,0.08399175833710035,2,False,-0.1834760091531451,0.1834760091531451
E06-20240207-4W,E06,campaign_2,E,4,4,28,,1.87,1.6865190198159428,0.0839913895891591,2,False,-0.18348098018405734,0.18348098018405734
E06-20240221-6W,E06,campaign_2,E,4,6,42,,1.87,1.6865140487850305,0.08399102084121753,2,False,-0.18348595121496958,0.18348595121496958
E06-20240306-8W,E06,campaign_2,E,4,8,56,,1.87,1.6865090777541183,0.08399065209327627,2,False,-0.18349092224588182,0.18349092224588182
E06-20240320-10W,E06,campaign_2,E,4,10,70,,1.87,1.686504106723206,0.0839902833453347,2,False,-0.18349589327679405,0.18349589327679405
E06-20240405-12W,E06,campaign_2,E,4,12,84,,1.87,1.6864991356922936,0.0839899145973932,2,False,-0.1835008643077065,0.1835008643077065
E06-20240417-14W,E06,campaign_2,E,4,14,98,,1.87,1.6864941646613814,0.08398954584945163,2,False,-0.18350583533861875,0.18350583533861875
E06-20240508-17W,E06,campaign_2,E,4,17,119,,1.87,1.6864867081150132,0.08398899272753968,2,False,-0.18351329188498688,0.18351329188498688
E06-20240522-19W,E06,campaign_2,E,4,19,133,,1.87,1.6864817370841008,0.08398862397959818,2,False,-0.18351826291589934,0.18351826291589934
E06-20240529-20W,E06,campaign_2,E,4,20,140,,1.87,1.6864792515686446,0.08398843960562724,2,False,-0.18352074843135546,0.18352074843135546
E06-20240619-23W,E06,campaign_2,E,4,23,161,,1.87,1.686471795022276,0.08398788648371512,2,False,-0.18352820497772404,0.18352820497772404
E06-20240626-24W,E06,campaign_2,E,4,24,168,,1.87,1.68646930950682,0.08398770210974449,2,False,-0.18353069049318016,0.18353069049318016
E06-20240710-26W,E06,campaign_2,E,4,26,182,,1.87,1.686464338475908,0.08398733336180315,2,False,-0.18353566152409218,0.18353566152409218
E06-20240724-28W,E06,campaign_2,E,4,28,196,,1.87,1.6864593674449957,0.08398696461386158,2,False,-0.1835406325550044,0.1835406325550044
E06-20240807-30W,E06,campaign_2,E,4,30,210,,1.87,1.6864543964140832,0.0839865958659201,2,False,-0.18354560358591687,0.18354560358591687
E06-20240902-33W,E06,campaign_2,E,4,33,231,,1.87,1.6864469398677149,0.0839860427440079,2,False,-0.18355306013228523,0.18355306013228523
E06-20240918-36W,E06,campaign_2,E,4,36,252,1.87,1.87,1.6864394833213467,0.08398548962209593,2,True,-0.18356051667865336,0.18356051667865336
F01-20240110-0W,F01,campaign_2,F,4,0,0,,1.9,1.9269650657904713,0.013972493039979555,2,False,0.02696506579047142,0.02696506579047142
F01-20240124-2W,F01,campaign_2,F,4,2,14,,1.9,1.926959713293964,0.013972374910310855,2,False,0.02695971329396407,0.02695971329396407
F01-20240207-4W,F01,campaign_2,F,4,4,28,,1.9,1.9269543607974569,0.013972256780642393,2,False,0.026954360797456944,0.026954360797456944
F01-20240221-6W,F01,campaign_2,F,4,6,42,,1.9,1.9269490083009497,0.01397213865097393,2,False,0.026949008300949817,0.026949008300949817
F01-20240306-8W,F01,campaign_2,F,4,8,56,,1.9,1.9269436558044424,0.013972020521305232,2,False,0.026943655804442468,0.026943655804442468
F01-20240320-10W,F01,campaign_2,F,4,10,70,,1.9,1.926938303307935,0.013971902391636612,2,False,0.02693830330793512,0.02693830330793512
F01-20240405-12W,F01,campaign_2,F,4,12,84,,1.9,1.9269329508114277,0.01397178426196799,2,False,0.02693295081142777,0.02693295081142777
F01-20240417-14W,F01,campaign_2,F,4,14,98,,1.9,1.9269275983149203,0.013971666132299292,2,False,0.02692759831492042,0.02692759831492042
F01-20240508-17W,F01,campaign_2,F,4,17,119,,1.9,1.9269195695701593,0.013971488937796558,2,False,0.026919569570159396,0.026919569570159396
F01-20240522-19W,F01,campaign_2,F,4,19,133,,1.9,1.9269142170736522,0.013971370808128096,2,False,0.02691421707365227,0.02691421707365227
F01-20240529-20W,F01,campaign_2,F,4,20,140,,1.9,1.9269115408253985,0.013971311743293746,2,False,0.026911540825398594,0.026911540825398594
F01-20240619-23W,F01,campaign_2,F,4,23,161,,1.9,1.9269035120806377,0.013971134548790932,2,False,0.026903512080637793,0.026903512080637793
F01-20240626-24W,F01,campaign_2,F,4,24,168,,1.9,1.926900835832384,0.013971075483956662,2,False,0.026900835832384118,0.026900835832384118
F01-20240710-26W,F01,campaign_2,F,4,26,182,,1.9,1.9268954833358767,0.013970957354287964,2,False,0.02689548333587677,0.02689548333587677
F01-20240724-28W,F01,campaign_2,F,4,28,196,,1.9,1.9268901308393693,0.013970839224619344,2,False,0.02689013083936942,0.02689013083936942
F01-20240807-30W,F01,campaign_2,F,4,30,210,,1.9,1.9268847783428622,0.01397072109495088,2,False,0.026884778342862292,0.026884778342862292
F01-20240902-33W,F01,campaign_2,F,4,33,231,,1.9,1.9268767495981014,0.013970543900448069,2,False,0.02687674959810149,0.02687674959810149
F01-20240918-36W,F01,campaign_2,F,4,36,252,1.9,1.9,1.9268687208533404,0.013970366705945335,2,True,0.026868720853340466,0.026868720853340466
F02-20240110-0W,F02,campaign_2,F,4,0,0,,1.71,1.8212952525447972,0.09798575818155275,2,False,0.11129525254479722,0.11129525254479722
F02-20240124-2W,F02,campaign_2,F,4,2,14,,1.71,1.8212896908182206,0.09798543763738654,2,False,0.1112896908182206,0.1112896908182206
F02-20240207-4W,F02,campaign_2,F,4,4,28,,1.71,1.821284129091644,0.09798511709322062,2,False,0.11128412909164398,0.11128412909164398
F02-20240221-6W,F02,campaign_2,F,4,6,42,,1.71,1.8212785673650673,0.09798479654905472,2,False,0.11127856736506736,0.11127856736506736
F02-20240306-8W,F02,campaign_2,F,4,8,56,,1.71,1.8212730056384907,0.09798447600488881,2,False,0.11127300563849074,0.11127300563849074
F02-20240320-10W,F02,campaign_2,F,4,10,70,,1.71,1.821267443911914,0.0979841554607229,2,False,0.11126744391191412,0.11126744391191412
F02-20240405-12W,F02,campaign_2,F,4,12,84,,1.71,1.8212618821853372,0.09798383491655692,2,False,0.11126188218533728,0.11126188218533728
F02-20240417-14W,F02,campaign_2,F,4,14,98,,1.71,1.8212563204587608,0.09798351437239076,2,False,0.11125632045876088,0.11125632045876088
F02-20240508-17W,F02,campaign_2,F,4,17,119,,1.71,1.8212479778688957,0.09798303355614206,2,False,0.11124797786889573,0.11124797786889573
F02-20240522-19W,F02,campaign_2,F,4,19,133,,1.71,1.8212424161423193,0.09798271301197592,2,False,0.11124241614231933,0.11124241614231933
F02-20240529-20W,F02,campaign_2,F,4,20,140,,1.71,1.821239635279031,0.09798255273989297,2,False,0.11123963527903102,0.11123963527903102
F02-20240619-23W,F02,campaign_2,F,4,23,161,,1.71,1.8212312926891658,0.09798207192364403,2,False,0.11123129268916587,0.11123129268916587
F02-20240626-24W,F02,campaign_2,F,4,24,168,,1.71,1.8212285118258777,0.09798191165156091,2,False,0.11122851182587778,0.11122851182587778
F02-20240710-26W,F02,campaign_2,F,4,26,182,,1.71,1.8212229500993011,0.097981591107395,2,False,0.11122295009930117,0.11122295009930117
F02-20240724-28W,F02,campaign_2,F,4,28,196,,1.71,1.8212173883727245,0.0979812705632291,2,False,0.11121738837272455,0.11121738837272455
F02-20240807-30W,F02,campaign_2,F,4,30,210,,1.71,1.821211826646148,0.09798095001906311,2,False,0.11121182664614793,0.11121182664614793
F02-20240902-33W,F02,campaign_2,F,4,33,231,,1.71,1.8212034840562827,0.09798046920281417,2,False,0.11120348405628278,0.11120348405628278
F02-20240918-36W,F02,campaign_2,F,4,36,252,1.71,1.71,1.821195141466418,0.09797998838656506,2,True,0.11119514146641807,0.11119514146641807
F03-20240110-0W,F03,campaign_2,F,4,0,0,,2.39,1.7797590411813409,0.004653841327314896,2,False,-0.6102409588186593,0.6102409588186593
F03-20240124-2W,F03,campaign_2,F,4,2,14,,2.39,1.7797537442516105,0.004653787392189596,2,False,-0.6102462557483896,0.6102462557483896
F03-20240207-4W,F03,campaign_2,F,4,4,28,,2.39,1.77974844732188,0.004653733457064296,2,False,-0.61025155267812,0.61025155267812
F03-20240221-6W,F03,campaign_2,F,4,6,42,,2.39,1.77974315039215,0.004653679521939231,2,False,-0.6102568496078502,0.6102568496078502
F03-20240306-8W,F03,campaign_2,F,4,8,56,,2.39,1.7797378534624195,0.004653625586813931,2,False,-0.6102621465375806,0.6102621465375806
F03-20240320-10W,F03,campaign_2,F,4,10,70,,2.39,1.7797325565326891,0.0046535716516886315,2,False,-0.610267443467311,0.610267443467311
F03-20240405-12W,F03,campaign_2,F,4,12,84,,2.39,1.7797272596029587,0.0046535177165633315,2,False,-0.6102727403970414,0.6102727403970414
F03-20240417-14W,F03,campaign_2,F,4,14,98,,2.39,1.7797219626732284,0.0046534637814380315,2,False,-0.6102780373267718,0.6102780373267718
F03-20240508-17W,F03,campaign_2,F,4,17,119,,2.39,1.779714017278633,0.004653382878750317,2,False,-0.6102859827213671,0.6102859827213671
F03-20240522-19W,F03,campaign_2,F,4,19,133,,2.39,1.7797087203489026,0.004653328943625017,2,False,-0.6102912796510975,0.6102912796510975
F03-20240529-20W,F03,campaign_2,F,4,20,140,,2.39,1.7797060718840374,0.004653301976062367,2,False,-0.6102939281159627,0.6102939281159627
F03-20240619-23W,F03,campaign_2,F,4,23,161,,2.39,1.7796981264894418,0.004653221073374496,2,False,-0.6103018735105583,0.6103018735105583
F03-20240626-24W,F03,campaign_2,F,4,24,168,,2.39,1.7796954780245766,0.004653194105811846,2,False,-0.6103045219754235,0.6103045219754235
F03-20240710-26W,F03,campaign_2,F,4,26,182,,2.39,1.7796901810948462,0.004653140170686781,2,False,-0.6103098189051539,0.6103098189051539
F03-20240724-28W,F03,campaign_2,F,4,28,196,,2.39,1.7796848841651158,0.004653086235561481,2,False,-0.6103151158348843,0.6103151158348843
F03-20240807-30W,F03,campaign_2,F,4,30,210,,2.39,1.7796795872353854,0.004653032300436181,2,False,-0.6103204127646147,0.6103204127646147
F03-20240902-33W,F03,campaign_2,F,4,33,231,,2.39,1.7796716418407899,0.004652951397748309,2,False,-0.6103283581592103,0.6103283581592103
F03-20240918-36W,F03,campaign_2,F,4,36,252,2.39,2.39,1.7796636964461943,0.004652870495060359,2,True,-0.6103363035538059,0.6103363035538059
F04-20240110-0W,F04,campaign_2,F,4,0,0,,2.01,1.9133905947312901,0.027111370684148782,2,False,-0.09660940526870965,0.09660940526870965
F04-20240124-2W,F04,campaign_2,F,4,2,14,,2.01,1.913385229525809,0.027111969151113014,2,False,-0.09661477047419087,0.09661477047419087
F04-20240207-4W,F04,campaign_2,F,4,4,28,,2.01,1.9133798643203275,0.02711256761807709,2,False,-0.09662013567967231,0.09662013567967231
F04-20240221-6W,F04,campaign_2,F,4,6,42,,2.01,1.913374499114846,0.027113166085041166,2,False,-0.09662550088515376,0.09662550088515376
F04-20240306-8W,F04,campaign_2,F,4,8,56,,2.01,1.9133691339093648,0.027113764552005398,2,False,-0.09663086609063498,0.09663086609063498
F04-20240320-10W,F04,campaign_2,F,4,10,70,,2.01,1.9133637687038836,0.027114363018969634,2,False,-0.0966362312961162,0.0966362312961162
F04-20240405-12W,F04,campaign_2,F,4,12,84,,2.01,1.9133584034984021,0.02711496148593371,2,False,-0.09664159650159765,0.09664159650159765
F04-20240417-14W,F04,campaign_2,F,4,14,98,,2.01,1.9133530382929207,0.027115559952898022,2,False,-0.0966469617070791,0.0966469617070791
F04-20240508-17W,F04,campaign_2,F,4,17,119,,2.01,1.9133449904846986,0.027116457653344254,2,False,-0.09665500951530115,0.09665500951530115
F04-20240522-19W,F04,campaign_2,F,4,19,133,,2.01,1.9133396252792174,0.027117056120308486,2,False,-0.09666037472078237,0.09666037472078237
F04-20240529-20W,F04,campaign_2,F,4,20,140,,2.01,1.9133369426764766,0.02711735535379072,2,False,-0.0966630573235232,0.0966630573235232
F04-20240619-23W,F04,campaign_2,F,4,23,161,,2.01,1.9133288948682545,0.027118253054236874,2,False,-0.09667110513174526,0.09667110513174526
F04-20240626-24W,F04,campaign_2,F,4,24,168,,2.01,1.9133262122655141,0.027118552287719186,2,False,-0.09667378773448565,0.09667378773448565
F04-20240710-26W,F04,campaign_2,F,4,26,182,,2.01,1.9133208470600327,0.027119150754683262,2,False,-0.0966791529399671,0.0966791529399671
F04-20240724-28W,F04,campaign_2,F,4,28,196,,2.01,1.9133154818545512,0.027119749221647338,2,False,-0.09668451814544854,0.09668451814544854
F04-20240807-30W,F04,campaign_2,F,4,30,210,,2.01,1.91331011664907,0.027120347688611574,2,False,-0.09668988335092976,0.09668988335092976
F04-20240902-33W,F04,campaign_2,F,4,33,231,,2.01,1.913302068840848,0.027121245389058038,2,False,-0.09669793115915182,0.09669793115915182
F04-20240918-36W,F04,campaign_2,F,4,36,252,2.01,2.01,1.913294021032626,0.02712214308950427,2,True,-0.09670597896737387,0.09670597896737387
F05-20240110-0W,F05,campaign_2,F,4,0,0,,1.6,1.9535157276005009,0.0015650919943880647,2,False,0.35351572760050076,0.35351572760050076
F05-20240124-2W,F05,campaign_2,F,4,2,14,,1.6,1.953510614891077,0.0015646347545737666,2,False,0.35351061489107694,0.35351061489107694
F05-20240207-4W,F05,campaign_2,F,4,4,28,,1.6,1.9535055021816534,0.0015641775147597042,2,False,0.35350550218165333,0.35350550218165333
F05-20240221-6W,F05,campaign_2,F,4,6,42,,1.6,1.9535003894722296,0.0015637202749454846,2,False,0.3535003894722295,0.3535003894722295
F05-20240306-8W,F05,campaign_2,F,4,8,56,,1.6,1.9534952767628058,0.0015632630351311867,2,False,0.3534952767628057,0.3534952767628057
F05-20240320-10W,F05,campaign_2,F,4,10,70,,1.6,1.953490164053382,0.0015628057953169672,2,False,0.35349016405338185,0.35349016405338185
F05-20240405-12W,F05,campaign_2,F,4,12,84,,1.6,1.9534850513439586,0.0015623485555028263,2,False,0.35348505134395847,0.35348505134395847
F05-20240417-14W,F05,campaign_2,F,4,14,98,,1.6,1.9534799386345347,0.0015618913156885282,2,False,0.35347993863453464,0.35347993863453464
F05-20240508-17W,F05,campaign_2,F,4,17,119,,1.6,1.953472269570399,0.0015612054559671596,2,False,0.3534722695703989,0.3534722695703989
F05-20240522-19W,F05,campaign_2,F,4,19,133,,1.6,1.9534671568609752,0.0015607482161529402,2,False,0.3534671568609751,0.3534671568609751
F05-20240529-20W,F05,campaign_2,F,4,20,140,,1.6,1.9534646005062632,0.0015605195962457913,2,False,0.35346460050626316,0.35346460050626316
F05-20240619-23W,F05,campaign_2,F,4,23,161,,1.6,1.9534569314421277,0.0015598337365245797,2,False,0.35345693144212764,0.35345693144212764
F05-20240626-24W,F05,campaign_2,F,4,24,168,,1.6,1.953454375087416,0.0015596051166174307,2,False,0.35345437508741595,0.35345437508741595
F05-20240710-26W,F05,campaign_2,F,4,26,182,,1.6,1.9534492623779922,0.0015591478768031328,2,False,0.3534492623779921,0.3534492623779921
F05-20240724-28W,F05,campaign_2,F,4,28,196,,1.6,1.9534441496685684,0.0015586906369889134,2,False,0.3534441496685683,0.3534441496685683
F05-20240807-30W,F05,campaign_2,F,4,30,210,,1.6,1.9534390369591448,0.0015582333971748507,2,False,0.3534390369591447,0.3534390369591447
F05-20240902-33W,F05,campaign_2,F,4,33,231,,1.6,1.9534313678950093,0.0015575475374534039,2,False,0.3534313678950092,0.3534313678950092
F05-20240918-36W,F05,campaign_2,F,4,36,252,1.6,1.6,1.9534236988308735,0.0015568616777320353,2,True,0.35342369883087343,0.35342369883087343
F06-20240110-0W,F06,campaign_2,F,4,0,0,,1.68,1.9270155670708409,0.012113694926720788,2,False,0.24701556707084094,0.24701556707084094
F06-20240124-2W,F06,campaign_2,F,4,2,14,,1.68,1.9270104615750157,0.012113463744674825,2,False,0.24701046157501572,0.24701046157501572
F06-20240207-4W,F06,campaign_2,F,4,4,28,,1.68,1.9270053560791904,0.012113232562628626,2,False,0.2470053560791905,0.2470053560791905
F06-20240221-6W,F06,campaign_2,F,4,6,42,,1.68,1.9270002505833654,0.012113001380582506,2,False,0.2470002505833655,0.2470002505833655
F06-20240306-8W,F06,campaign_2,F,4,8,56,,1.68,1.9269951450875404,0.012112770198536385,2,False,0.2469951450875405,0.2469951450875405
F06-20240320-10W,F06,campaign_2,F,4,10,70,,1.68,1.9269900395917152,0.012112539016490422,2,False,0.24699003959171528,0.24699003959171528
F06-20240405-12W,F06,campaign_2,F,4,12,84,,1.68,1.92698493409589,0.012112307834444459,2,False,0.24698493409589006,0.24698493409589006
F06-20240417-14W,F06,campaign_2,F,4,14,98,,1.68,1.926979828600065,0.01211207665239834,2,False,0.24697982860006507,0.24697982860006507
F06-20240508-17W,F06,campaign_2,F,4,17,119,,1.68,1.9269721703563274,0.012111729879329198,2,False,0.24697217035632746,0.24697217035632746
F06-20240522-19W,F06,campaign_2,F,4,19,133,,1.68,1.9269670648605022,0.012111498697282999,2,False,0.24696706486050224,0.24696706486050224
F06-20240529-20W,F06,campaign_2,F,4,20,140,,1.68,1.9269645121125898,0.012111383106260056,2,False,0.24696451211258985,0.24696451211258985
F06-20240619-23W,F06,campaign_2,F,4,23,161,,1.68,1.926956853868852,0.012111036333190914,2,False,0.24695685386885202,0.24695685386885202
F06-20240626-24W,F06,campaign_2,F,4,24,168,,1.68,1.9269543011209396,0.012110920742167738,2,False,0.24695430112093963,0.24695430112093963
F06-20240710-26W,F06,campaign_2,F,4,26,182,,1.68,1.9269491956251144,0.012110689560121774,2,False,0.24694919562511441,0.24694919562511441
F06-20240724-28W,F06,campaign_2,F,4,28,196,,1.68,1.9269440901292891,0.012110458378075811,2,False,0.2469440901292892,0.2469440901292892
F06-20240807-30W,F06,campaign_2,F,4,30,210,,1.68,1.9269389846334641,0.012110227196029692,2,False,0.2469389846334642,0.2469389846334642
F06-20240902-33W,F06,campaign_2,F,4,33,231,,1.68,1.9269313263897265,0.01210988042296055,2,False,0.2469313263897266,0.2469313263897266
F06-20240918-36W,F06,campaign_2,F,4,36,252,1.68,1.68,1.926923668145989,0.012109533649891408,2,True,0.24692366814598898,0.24692366814598898
G01-20240110-0W,G01,campaign_2,G,4,0,0,,1.91,2.034428966614769,0.004433895646218393,2,False,0.12442896661476888,0.12442896661476888
G01-20240124-2W,G01,campaign_2,G,4,2,14,,1.91,2.0344236014092876,0.004433297179254082,2,False,0.12442360140928765,0.12442360140928765
G01-20240207-4W,G01,campaign_2,G,4,4,28,,1.91,2.0344182362038064,0.004432698712289927,2,False,0.12441823620380643,0.12441823620380643
G01-20240221-6W,G01,campaign_2,G,4,6,42,,1.91,2.0344128709983247,0.00443210024532593,2,False,0.12441287099832476,0.12441287099832476
G01-20240306-8W,G01,campaign_2,G,4,8,56,,1.91,2.034407505792844,0.004431501778361304,2,False,0.12440750579284399,0.12440750579284399
G01-20240320-10W,G01,campaign_2,G,4,10,70,,1.91,2.0344021405873622,0.004430903311397464,2,False,0.12440214058736232,0.12440214058736232
G01-20240405-12W,G01,campaign_2,G,4,12,84,,1.91,2.034396775381881,0.004430304844433152,2,False,0.1243967753818811,0.1243967753818811
G01-20240417-14W,G01,campaign_2,G,4,14,98,,1.91,2.0343914101764,0.004429706377468997,2,False,0.12439141017639987,0.12439141017639987
G01-20240508-17W,G01,campaign_2,G,4,17,119,,1.91,2.0343833623681777,0.004428808677022687,2,False,0.12438336236817782,0.12438336236817782
G01-20240522-19W,G01,campaign_2,G,4,19,133,,1.91,2.0343779971626965,0.004428210210058533,2,False,0.1243779971626966,0.1243779971626966
G01-20240529-20W,G01,campaign_2,G,4,20,140,,1.91,2.0343753145599557,0.004427910976576062,2,False,0.12437531455995576,0.12437531455995576
G01-20240619-23W,G01,campaign_2,G,4,23,161,,1.91,2.034367266751733,0.004427013276130223,2,False,0.12436726675173326,0.12436726675173326
G01-20240626-24W,G01,campaign_2,G,4,24,168,,1.91,2.034364584148993,0.00442671404264791,2,False,0.12436458414899287,0.12436458414899287
G01-20240710-26W,G01,campaign_2,G,4,26,182,,1.91,2.0343592189435116,0.004426115575683599,2,False,0.12435921894351165,0.12435921894351165
G01-20240724-28W,G01,campaign_2,G,4,28,196,,1.91,2.03435385373803,0.004425517108719758,2,False,0.12435385373802998,0.12435385373802998
G01-20240807-30W,G01,campaign_2,G,4,30,210,,1.91,2.034348488532549,0.004424918641755133,2,False,0.1243484885325492,0.1243484885325492
G01-20240902-33W,G01,campaign_2,G,4,33,231,,1.91,2.0343404407243266,0.004424020941309293,2,False,0.1243404407243267,0.1243404407243267
G01-20240918-36W,G01,campaign_2,G,4,36,252,1.91,1.91,2.034332392916105,0.004423123240862826,2,True,0.1243323929161051,0.1243323929161051
G02-20240110-0W,G02,campaign_2,G,4,0,0,,2.25,1.9635779165912401,0.023771542233778815,2,False,-0.28642208340875985,0.28642208340875985
G02-20240124-2W,G02,campaign_2,G,4,2,14,,2.25,1.9635727040257658,0.023772252563173696,2,False,-0.2864272959742342,0.2864272959742342
G02-20240207-4W,G02,campaign_2,G,4,4,28,,2.25,1.9635674914602914,0.02377296289256873,2,False,-0.2864325085397086,0.2864325085397086
G02-20240221-6W,G02,campaign_2,G,4,6,42,,2.25,1.963562278894817,0.02377367322196361,2,False,-0.28643772110518295,0.28643772110518295
G02-20240306-8W,G02,campaign_2,G,4,8,56,,2.25,1.9635570663293427,0.023774383551358726,2,False,-0.2864429336706573,0.2864429336706573
G02-20240320-10W,G02,campaign_2,G,4,10,70,,2.25,1.9635518537638683,0.023775093880753526,2,False,-0.2864481462361317,0.2864481462361317
G02-20240405-12W,G02,campaign_2,G,4,12,84,,2.25,1.963546641198394,0.023775804210148643,2,False,-0.28645335880160605,0.28645335880160605
G02-20240417-14W,G02,campaign_2,G,4,14,98,,2.25,1.9635414286329196,0.02377651453954344,2,False,-0.2864585713670804,0.2864585713670804
G02-20240508-17W,G02,campaign_2,G,4,17,119,,2.25,1.963533609784708,0.023777580033635955,2,False,-0.28646639021529197,0.28646639021529197
G02-20240522-19W,G02,campaign_2,G,4,19,133,,2.25,1.9635283972192337,0.02377829036303107,2,False,-0.28647160278076633,0.28647160278076633
G02-20240529-20W,G02,campaign_2,G,4,20,140,,2.25,1.9635257909364965,0.02377864552772847,2,False,-0.2864742090635035,0.2864742090635035
G02-20240619-23W,G02,campaign_2,G,4,23,161,,2.25,1.963517972088285,0.023779711021820988,2,False,-0.28648202791171506,0.28648202791171506
G02-20240626-24W,G02,campaign_2,G,4,24,168,,2.25,1.9635153658055478,0.023780066186518387,2,False,-0.28648463419445225,0.28648463419445225
G02-20240710-26W,G02,campaign_2,G,4,26,182,,2.25,1.9635101532400734,0.023780776515913503,2,False,-0.2864898467599266,0.2864898467599266
G02-20240724-28W,G02,campaign_2,G,4,28,196,,2.25,1.9635049406745988,0.023781486845308536,2,False,-0.2864950593254012,0.2864950593254012
G02-20240807-30W,G02,campaign_2,G,4,30,210,,2.25,1.9634997281091247,0.023782197174703416,2,False,-0.28650027189087535,0.28650027189087535
G02-20240902-33W,G02,campaign_2,G,4,33,231,,2.25,1.9634919092609129,0.02378326266879585,2,False,-0.2865080907390871,0.2865080907390871
G02-20240918-36W,G02,campaign_2,G,4,36,252,2.25,2.25,1.9634840904127013,0.02378432816288837,2,True,-0.28651590958729867,0.28651590958729867
G03-20240110-0W,G03,campaign_2,G,4,0,0,,1.6,2.023778569710362,0.0675165291145911,2,False,0.423778569710362,0.423778569710362
G03-20240124-2W,G03,campaign_2,G,4,2,14,,1.6,2.0237735986794494,0.06751616036664915,2,False,0.4237735986794493,0.4237735986794493
G03-20240207-4W,G03,campaign_2,G,4,4,28,,1.6,2.023768627648537,0.06751579161870788,2,False,0.42376862764853707,0.42376862764853707
G03-20240221-6W,G03,campaign_2,G,4,6,42,,1.6,2.0237636566176254,0.06751542287076671,2,False,0.4237636566176253,0.4237636566176253
G03-20240306-8W,G03,campaign_2,G,4,8,56,,1.6,2.0237586855867127,0.06751505412282474,2,False,0.4237586855867126,0.4237586855867126
G03-20240320-10W,G03,campaign_2,G,4,10,70,,1.6,2.0237537145558004,0.06751468537488349,2,False,0.42375371455580035,0.42375371455580035
G03-20240405-12W,G03,campaign_2,G,4,12,84,,1.6,2.0237487435248886,0.06751431662694231,2,False,0.42374874352488856,0.42374874352488856
G03-20240417-14W,G03,campaign_2,G,4,14,98,,1.6,2.023743772493976,0.06751394787900059,2,False,0.4237437724939759,0.4237437724939759
G03-20240508-17W,G03,campaign_2,G,4,17,119,,1.6,2.0237363159476076,0.06751339475708838,2,False,0.4237363159476075,0.4237363159476075
G03-20240522-19W,G03,campaign_2,G,4,19,133,,1.6,2.023731344916696,0.06751302600914721,2,False,0.42373134491669573,0.42373134491669573
G03-20240529-20W,G03,campaign_2,G,4,20,140,,1.6,2.0237288594012393,0.0675128416351762,2,False,0.42372885940123917,0.42372885940123917
G03-20240619-23W,G03,campaign_2,G,4,23,161,,1.6,2.023721402854871,0.06751228851326399,2,False,0.4237214028548708,0.4237214028548708
G03-20240626-24W,G03,campaign_2,G,4,24,168,,1.6,2.023718917339415,0.06751210413929344,2,False,0.4237189173394147,0.4237189173394147
G03-20240710-26W,G03,campaign_2,G,4,26,182,,1.6,2.0237139463085025,0.06751173539135202,2,False,0.42371394630850245,0.42371394630850245
G03-20240724-28W,G03,campaign_2,G,4,28,196,,1.6,2.0237089752775903,0.06751136664341052,2,False,0.4237089752775902,0.4237089752775902
G03-20240807-30W,G03,campaign_2,G,4,30,210,,1.6,2.023704004246678,0.06751099789546904,2,False,0.423704004246678,0.423704004246678
G03-20240902-33W,G03,campaign_2,G,4,33,231,,1.6,2.0236965477003097,0.06751044477355708,2,False,0.4236965477003096,0.4236965477003096
G03-20240918-36W,G03,campaign_2,G,4,36,252,1.6,1.6,2.0236890911539414,0.06750989165164488,2,True,0.42368909115394127,0.42368909115394127
G04-20240110-0W,G04,campaign_2,G,4,0,0,,2.21,2.0535695158936695,0.02823049337191626,2,False,-0.15643048410633043,0.15643048410633043
G04-20240124-2W,G04,campaign_2,G,4,2,14,,2.21,2.0535645448627573,0.028230124623975006,2,False,-0.15643545513724266,0.15643545513724266
G04-20240207-4W,G04,campaign_2,G,4,4,28,,2.21,2.053559573831845,0.02822975587603312,2,False,-0.1564404261681549,0.1564404261681549
G04-20240221-6W,G04,campaign_2,G,4,6,42,,2.21,2.053554602800933,0.02822938712809186,2,False,-0.15644539719906714,0.15644539719906714
G04-20240306-8W,G04,campaign_2,G,4,8,56,,2.21,2.0535496317700206,0.028229018380150607,2,False,-0.15645036822997938,0.15645036822997938
G04-20240320-10W,G04,campaign_2,G,4,10,70,,2.21,2.0535446607391084,0.028228649632208724,2,False,-0.1564553392608916,0.1564553392608916
G04-20240405-12W,G04,campaign_2,G,4,12,84,,2.21,2.053539689708196,0.028228280884267466,2,False,-0.15646031029180385,0.15646031029180385
G04-20240417-14W,G04,campaign_2,G,4,14,98,,2.21,2.053534718677284,0.028227912136326208,2,False,-0.1564652813227161,0.1564652813227161
G04-20240508-17W,G04,campaign_2,G,4,17,119,,2.21,2.053527262130915,0.028227359014413696,2,False,-0.1564727378690849,0.1564727378690849
G04-20240522-19W,G04,campaign_2,G,4,19,133,,2.21,2.053522291100003,0.028226990266472286,2,False,-0.15647770889999713,0.15647770889999713
G04-20240529-20W,G04,campaign_2,G,4,20,140,,2.21,2.053519805584547,0.028226805892501813,2,False,-0.1564801944154528,0.1564801944154528
G04-20240619-23W,G04,campaign_2,G,4,23,161,,2.21,2.0535123490381784,0.0282262527705893,2,False,-0.1564876509618216,0.1564876509618216
G04-20240626-24W,G04,campaign_2,G,4,24,168,,2.21,2.0535098635227222,0.028226068396618828,2,False,-0.15649013647727772,0.15649013647727772
G04-20240710-26W,G04,campaign_2,G,4,26,182,,2.21,2.0535048924918105,0.028225699648677414,2,False,-0.1564951075081895,0.1564951075081895
G04-20240724-28W,G04,campaign_2,G,4,28,196,,2.21,2.0534999214608978,0.028225330900735687,2,False,-0.1565000785391022,0.1565000785391022
G04-20240807-30W,G04,campaign_2,G,4,30,210,,2.21,2.0534949504299855,0.028224962152794433,2,False,-0.15650504957001443,0.15650504957001443
G04-20240902-33W,G04,campaign_2,G,4,33,231,,2.21,2.053487493883617,0.028224409030882233,2,False,-0.1565125061163828,0.1565125061163828
G04-20240918-36W,G04,campaign_2,G,4,36,252,2.21,2.21,2.053480037337249,0.028223855908970034,2,True,-0.15651996266275114,0.15651996266275114
G05-20240110-0W,G05,campaign_2,G,4,0,0,,2.16,2.0034433577929907,0.006105422400916099,2,False,-0.1565566422070095,0.1565566422070095
G05-20240124-2W,G05,campaign_2,G,4,2,14,,2.16,2.0034380052964837,0.006105540530584405,2,False,-0.1565619947035164,0.1565619947035164
G05-20240207-4W,G05,campaign_2,G,4,4,28,,2.16,2.0034326527999764,0.006105658660253026,2,False,-0.15656734720002374,0.15656734720002374
G05-20240221-6W,G05,campaign_2,G,4,6,42,,2.16,2.003427300303469,0.006105776789921724,2,False,-0.1565726996965311,0.1565726996965311
G05-20240306-8W,G05,campaign_2,G,4,8,56,,2.16,2.0034219478069617,0.006105894919590345,2,False,-0.15657805219303844,0.15657805219303844
G05-20240320-10W,G05,campaign_2,G,4,10,70,,2.16,2.003416595310455,0.0061060130492586505,2,False,-0.15658340468954535,0.15658340468954535
G05-20240405-12W,G05,campaign_2,G,4,12,84,,2.16,2.0034112428139474,0.006106131178927349,2,False,-0.1565887571860527,0.1565887571860527
G05-20240417-14W,G05,campaign_2,G,4,14,98,,2.16,2.00340589031744,0.006106249308595969,2,False,-0.15659410968256005,0.15659410968256005
G05-20240508-17W,G05,campaign_2,G,4,17,119,,2.16,2.003397861572679,0.006106426503098703,2,False,-0.15660213842732107,0.15660213842732107
G05-20240522-19W,G05,campaign_2,G,4,19,133,,2.16,2.0033925090761717,0.006106544632767323,2,False,-0.15660749092382842,0.15660749092382842
G05-20240529-20W,G05,campaign_2,G,4,20,140,,2.16,2.003389832827918,0.006106603697601908,2,False,-0.1566101671720821,0.1566101671720821
G05-20240619-23W,G05,campaign_2,G,4,23,161,,2.16,2.003381804083157,0.006106780892104642,2,False,-0.15661819591684312,0.15661819591684312
G05-20240626-24W,G05,campaign_2,G,4,24,168,,2.16,2.0033791278349034,0.006106839956939227,2,False,-0.1566208721650968,0.1566208721650968
G05-20240710-26W,G05,campaign_2,G,4,26,182,,2.16,2.0033737753383964,0.006106958086607534,2,False,-0.1566262246616037,0.1566262246616037
G05-20240724-28W,G05,campaign_2,G,4,28,196,,2.16,2.003368422841889,0.006107076216276153,2,False,-0.15663157715811105,0.15663157715811105
G05-20240807-30W,G05,campaign_2,G,4,30,210,,2.16,2.0033630703453817,0.006107194345944852,2,False,-0.1566369296546184,0.1566369296546184
G05-20240902-33W,G05,campaign_2,G,4,33,231,,2.16,2.0033550416006207,0.0061073715404475854,2,False,-0.15664495839937942,0.15664495839937942
G05-20240918-36W,G05,campaign_2,G,4,36,252,2.16,2.16,2.0033470128558597,0.00610754873495032,2,True,-0.15665298714414044,0.15665298714414044
G06-20240110-0W,G06,campaign_2,G,4,0,0,,1.97,1.9998678422881748,0.019231865125697776,2,False,0.02986784228817485,0.02986784228817485
G06-20240124-2W,G06,campaign_2,G,4,2,14,,1.97,1.999862350382963,0.019232180409047284,2,False,0.02986235038296292,0.02986235038296292
G06-20240207-4W,G06,campaign_2,G,4,4,28,,1.97,1.999856858477751,0.01923249569239671,2,False,0.02985685847775099,0.02985685847775099
G06-20240221-6W,G06,campaign_2,G,4,6,42,,1.97,1.999851366572539,0.01923281097574622,2,False,0.029851366572539062,0.029851366572539062
G06-20240306-8W,G06,campaign_2,G,4,8,56,,1.97,1.999845874667327,0.01923312625909565,2,False,0.029845874667327132,0.029845874667327132
G06-20240320-10W,G06,campaign_2,G,4,10,70,,1.97,1.9998403827621147,0.019233441542445,2,False,0.02984038276211476,0.02984038276211476
G06-20240405-12W,G06,campaign_2,G,4,12,84,,1.97,1.9998348908569028,0.01923375682579443,2,False,0.02983489085690283,0.02983489085690283
G06-20240417-14W,G06,campaign_2,G,4,14,98,,1.97,1.9998293989516909,0.019234072109143935,2,False,0.0298293989516909,0.0298293989516909
G06-20240508-17W,G06,campaign_2,G,4,17,119,,1.97,1.9998211610938728,0.019234545034168552,2,False,0.029821161093872783,0.029821161093872783
G06-20240522-19W,G06,campaign_2,G,4,19,133,,1.97,1.9998156691886608,0.019234860317518056,2,False,0.029815669188660854,0.029815669188660854
G06-20240529-20W,G06,campaign_2,G,4,20,140,,1.97,1.9998129232360546,0.019235017959192694,2,False,0.029812923236054667,0.029812923236054667
G06-20240619-23W,G06,campaign_2,G,4,23,161,,1.97,1.999804685378237,0.019235490884216992,2,False,0.029804685378236995,0.029804685378236995
G06-20240626-24W,G06,campaign_2,G,4,24,168,,1.97,1.9998019394256308,0.01923564852589163,2,False,0.029801939425630808,0.029801939425630808
G06-20240710-26W,G06,campaign_2,G,4,26,182,,1.97,1.9997964475204189,0.019235963809241138,2,False,0.02979644752041888,0.02979644752041888
G06-20240724-28W,G06,campaign_2,G,4,28,196,,1.97,1.999790955615207,0.019236279092590566,2,False,0.02979095561520695,0.02979095561520695
G06-20240807-30W,G06,campaign_2,G,4,30,210,,1.97,1.9997854637099948,0.019236594375940233,2,False,0.029785463709994797,0.029785463709994797
G06-20240902-33W,G06,campaign_2,G,4,33,231,,1.97,1.9997772258521767,0.019237067300964375,2,False,0.02977722585217668,0.02977722585217668
G06-20240918-36W,G06,campaign_2,G,4,36,252,1.97,1.97,1.9997689879943588,0.019237540225988833,2,True,0.029768987994358787,0.029768987994358787
S1MI01-20220518-0W,S1MI01,campaign_1,S1,7,0,0,,2.38,2.3955217262951045,0.06056088226281826,2,False,0.015521726295104621,0.015521726295104621
S1MI01-20220603-2W,S1MI01,campaign_1,S1,7,2,14,,2.38,2.395516239477083,0.06056120474054062,2,False,0.015516239477082916,0.015516239477082916
S1MI01-20220609-3W,S1MI01,campaign_1,S1,7,3,21,,2.38,2.3955134960680717,0.060561365979402045,2,False,0.015513496068071841,0.015513496068071841
S1MI01-20220616-4W,S1MI01,campaign_1,S1,7,4,28,,2.38,2.3955107526590607,0.06056152721826346,2,False,0.015510752659060767,0.015510752659060767
S1MI01-20220623-5W,S1MI01,campaign_1,S1,7,5,35,,2.38,2.39550800925005,0.06056168845712441,2,False,0.015508009250050137,0.015508009250050137
S1MI01-20220630-6W,S1MI01,campaign_1,S1,7,6,42,,2.38,2.395505265841039,0.06056184969598583,2,False,0.015505265841039062,0.015505265841039062
S1MI01-20220708-7W,S1MI01,campaign_1,S1,7,7,49,,2.38,2.395502522432028,0.06056201093484709,2,False,0.015502522432027988,0.015502522432027988
S1MI01-20220714-8W,S1MI01,campaign_1,S1,7,8,56,,2.38,2.395499779023017,0.06056217217370851,2,False,0.015499779023016913,0.015499779023016913
S1MI01-20220721-9W,S1MI01,campaign_1,S1,7,9,63,,2.38,2.3954970356140057,0.06056233341256993,2,False,0.015497035614005839,0.015497035614005839
S1MI01-20220802-10W,S1MI01,campaign_1,S1,7,10,70,,2.38,2.3954942922049947,0.060562494651431195,2,False,0.015494292204994764,0.015494292204994764
S1MI01-20220822-13W,S1MI01,campaign_1,S1,7,13,91,,2.38,2.395486061977962,0.06056297836801498,2,False,0.015486061977961985,0.015486061977961985
S1MI01-20220906-15W,S1MI01,campaign_1,S1,7,15,105,,2.38,2.3954805751599397,0.06056330084573782,2,False,0.015480575159939836,0.015480575159939836
S1MI01-20221102-24W,S1MI01,campaign_1,S1,7,24,168,,2.38,2.395455884478841,0.060564751995489344,2,False,0.015455884478841053,0.015455884478841053
S1MI01-20221110-25W,S1MI01,campaign_1,S1,7,25,175,,2.38,2.39545314106983,0.06056491323435076,2,False,0.015453141069829979,0.015453141069829979
S1MI01-20221206-28W,S1MI01,campaign_1,S1,7,28,196,2.38,2.38,2.395444910842797,0.06056539695093455,2,True,0.0154449108427972,0.0154449108427972
S1MI02-20220518-0W,S1MI02,campaign_1,S1,7,0,0,,2.43,2.3457178366570006,0.001752646669650462,2,False,-0.08428216334299954,0.08428216334299954
S1MI02-20220603-2W,S1MI02,campaign_1,S1,7,2,14,,2.43,2.345712723947577,0.00175310390946476,2,False,-0.08428727605242337,0.08428727605242337
S1MI02-20220609-3W,S1MI02,campaign_1,S1,7,3,21,,2.43,2.345710167592865,0.001753332529371595,2,False,-0.08428983240713528,0.08428983240713528
S1MI02-20220616-4W,S1MI02,campaign_1,S1,7,4,28,,2.43,2.345707611238153,0.001753561149279058,2,False,-0.08429238876184719,0.08429238876184719
S1MI02-20220623-5W,S1MI02,campaign_1,S1,7,5,35,,2.43,2.3457050548834415,0.0017537897691860499,2,False,-0.08429494511655866,0.08429494511655866
S1MI02-20220630-6W,S1MI02,campaign_1,S1,7,6,42,,2.43,2.3457024985287296,0.0017540183890928848,2,False,-0.08429750147127058,0.08429750147127058
S1MI02-20220708-7W,S1MI02,campaign_1,S1,7,7,49,,2.43,2.3456999421740177,0.001754247009000191,2,False,-0.08430005782598249,0.08430005782598249
S1MI02-20220714-8W,S1MI02,campaign_1,S1,7,8,56,,2.43,2.3456973858193058,0.0017544756289071828,2,False,-0.0843026141806944,0.0843026141806944
S1MI02-20220721-9W,S1MI02,campaign_1,S1,7,9,63,,2.43,2.345694829464594,0.001754704248814489,2,False,-0.08430517053540632,0.08430517053540632
S1MI02-20220802-10W,S1MI02,campaign_1,S1,7,10,70,,2.43,2.345692273109882,0.0017549328687214809,2,False,-0.08430772689011823,0.08430772689011823
S1MI02-20220822-13W,S1MI02,campaign_1,S1,7,13,91,,2.43,2.345684604045746,0.001755618728443085,2,False,-0.08431539595425397,0.08431539595425397
S1MI02-20220906-15W,S1MI02,campaign_1,S1,7,15,105,,2.43,2.3456794913363224,0.0017560759682572259,2,False,-0.0843205086636778,0.0843205086636778
S1MI02-20221102-24W,S1MI02,campaign_1,S1,7,24,168,,2.43,2.345656484143916,0.001758133547420939,2,False,-0.08434351585608413,0.08434351585608413
S1MI02-20221110-25W,S1MI02,campaign_1,S1,7,25,175,,2.43,2.345653927789204,0.0017583621673277739,2,False,-0.08434607221079604,0.08434607221079604
S1MI02-20221206-28W,S1MI02,campaign_1,S1,7,28,196,2.43,2.43,2.3456462587250684,0.001759048027049535,2,True,-0.08435374127493178,0.08435374127493178
S1MI03-20220518-0W,S1MI03,campaign_1,S1,7,0,0,,2.54,2.3395842810577023,0.045467025868762126,2,False,-0.2004157189422977,0.2004157189422977
S1MI03-20220603-2W,S1MI03,campaign_1,S1,7,2,14,,2.54,2.3395787193311257,0.04546670532459622,2,False,-0.20042128066887432,0.20042128066887432
S1MI03-20220609-3W,S1MI03,campaign_1,S1,7,3,21,,2.54,2.3395759384678376,0.04546654505251311,2,False,-0.2004240615321624,0.2004240615321624
S1MI03-20220616-4W,S1MI03,campaign_1,S1,7,4,28,,2.54,2.339573157604549,0.04546638478043031,2,False,-0.20042684239545094,0.20042684239545094
S1MI03-20220623-5W,S1MI03,campaign_1,S1,7,5,35,,2.54,2.3395703767412606,0.045466224508347516,2,False,-0.20042962325873948,0.20042962325873948
S1MI03-20220630-6W,S1MI03,campaign_1,S1,7,6,42,,2.54,2.3395675958779725,0.045466064236264404,2,False,-0.20043240412202756,0.20043240412202756
S1MI03-20220708-7W,S1MI03,campaign_1,S1,7,7,49,,2.54,2.3395648150146844,0.04546590396418129,2,False,-0.20043518498531565,0.20043518498531565
S1MI03-20220714-8W,S1MI03,campaign_1,S1,7,8,56,,2.54,2.339562034151396,0.04546574369209849,2,False,-0.20043796584860418,0.20043796584860418
S1MI03-20220721-9W,S1MI03,campaign_1,S1,7,9,63,,2.54,2.3395592532881078,0.04546558342001523,2,False,-0.20044074671189227,0.20044074671189227
S1MI03-20220802-10W,S1MI03,campaign_1,S1,7,10,70,,2.54,2.3395564724248192,0.04546542314793243,2,False,-0.2004435275751808,0.2004435275751808
S1MI03-20220822-13W,S1MI03,campaign_1,S1,7,13,91,,2.54,2.339548129834954,0.04546494233168325,2,False,-0.20045187016504595,0.20045187016504595
S1MI03-20220906-15W,S1MI03,campaign_1,S1,7,15,105,,2.54,2.339542568108378,0.04546462178751703,2,False,-0.20045743189162213,0.20045743189162213
S1MI03-20221102-24W,S1MI03,campaign_1,S1,7,24,168,,2.54,2.3395175403387833,0.04546317933877012,2,False,-0.2004824596612167,0.2004824596612167
S1MI03-20221110-25W,S1MI03,campaign_1,S1,7,25,175,,2.54,2.339514759475495,0.04546301906668733,2,False,-0.20048524052450523,0.20048524052450523
S1MI03-20221206-28W,S1MI03,campaign_1,S1,7,28,196,2.54,2.54,2.33950641688563,0.045462538250438306,2,True,-0.20049358311436993,0.20049358311436993
S1MI04-20220518-0W,S1MI04,campaign_1,S1,7,0,0,,2.38,2.4057139201074325,0.002973236273839537,2,False,0.025713920107432564,0.025713920107432564
S1MI04-20220603-2W,S1MI04,campaign_1,S1,7,2,14,,2.38,2.40570842820222,0.002972920990489637,2,False,0.02570842820222019,0.02570842820222019
S1MI04-20220609-3W,S1MI04,campaign_1,S1,7,3,21,,2.38,2.4057056822496143,0.0029727633488153935,2,False,0.025705682249614448,0.025705682249614448
S1MI04-20220616-4W,S1MI04,campaign_1,S1,7,4,28,,2.38,2.4057029362970086,0.002972605707140522,2,False,0.025702936297008705,0.025702936297008705
S1MI04-20220623-5W,S1MI04,campaign_1,S1,7,5,35,,2.38,2.405700190344402,0.0029724480654654936,2,False,0.025700190344402074,0.025700190344402074
S1MI04-20220630-6W,S1MI04,campaign_1,S1,7,6,42,,2.38,2.4056974443917962,0.002972290423790779,2,False,0.02569744439179633,0.02569744439179633
S1MI04-20220708-7W,S1MI04,campaign_1,S1,7,7,49,,2.38,2.4056946984391905,0.0029721327821163788,2,False,0.02569469843919059,0.02569469843919059
S1MI04-20220714-8W,S1MI04,campaign_1,S1,7,8,56,,2.38,2.4056919524865843,0.0029719751404411934,2,False,0.025691952486584402,0.025691952486584402
S1MI04-20220721-9W,S1MI04,campaign_1,S1,7,9,63,,2.38,2.405689206533978,0.002971817498766636,2,False,0.025689206533978215,0.025689206533978215
S1MI04-20220802-10W,S1MI04,campaign_1,S1,7,10,70,,2.38,2.4056864605813724,0.0029716598570922355,2,False,0.025686460581372472,0.025686460581372472
S1MI04-20220822-13W,S1MI04,campaign_1,S1,7,13,91,,2.38,2.4056782227235542,0.002971186932067621,2,False,0.025678222723554356,0.025678222723554356
S1MI04-20220906-15W,S1MI04,campaign_1,S1,7,15,105,,2.38,2.4056727308183423,0.002970871648718192,2,False,0.025672730818342426,0.025672730818342426
S1MI04-20221102-24W,S1MI04,campaign_1,S1,7,24,168,,2.38,2.4056480172448884,0.0029694528736456047,2,False,0.02564801724488852,0.02564801724488852
S1MI04-20221110-25W,S1MI04,campaign_1,S1,7,25,175,,2.38,2.4056452712922822,0.0029692952319704193,2,False,0.025645271292282334,0.025645271292282334
S1MI04-20221206-28W,S1MI04,campaign_1,S1,7,28,196,2.38,2.38,2.405637033434464,0.0029688223069462756,2,True,0.025637033434464218,0.025637033434464218
S1MI05-20220518-0W,S1MI05,campaign_1,S1,7,0,0,,2.35,2.333336569226079,0.03283251615285726,2,False,-0.016663430773921295,0.016663430773921295
S1MI05-20220603-2W,S1MI05,campaign_1,S1,7,2,14,,2.35,2.333331546548896,0.032832957939655155,2,False,-0.016668453451103904,0.016668453451103904
S1MI05-20220609-3W,S1MI05,campaign_1,S1,7,3,21,,2.35,2.3333290352103044,0.03283317883305394,2,False,-0.016670964789695653,0.016670964789695653
S1MI05-20220616-4W,S1MI05,campaign_1,S1,7,4,28,,2.35,2.333326523871713,0.03283339972645288,2,False,-0.016673476128286957,0.016673476128286957
S1MI05-20220623-5W,S1MI05,campaign_1,S1,7,5,35,,2.35,2.333324012533122,0.032833620619851206,2,False,-0.01667598746687826,0.01667598746687826
S1MI05-20220630-6W,S1MI05,campaign_1,S1,7,6,42,,2.35,2.3333215011945305,0.032833841513250146,2,False,-0.016678498805469566,0.016678498805469566
S1MI05-20220708-7W,S1MI05,campaign_1,S1,7,7,49,,2.35,2.333318989855939,0.032834062406649094,2,False,-0.01668101014406087,0.01668101014406087
S1MI05-20220714-8W,S1MI05,campaign_1,S1,7,8,56,,2.35,2.3333164785173475,0.03283428330004788,2,False,-0.01668352148265262,0.01668352148265262
S1MI05-20220721-9W,S1MI05,campaign_1,S1,7,9,63,,2.35,2.333313967178756,0.03283450419344683,2,False,-0.016686032821243924,0.016686032821243924
S1MI05-20220802-10W,S1MI05,campaign_1,S1,7,10,70,,2.35,2.333311455840165,0.032834725086845776,2,False,-0.016688544159835228,0.016688544159835228
S1MI05-20220822-13W,S1MI05,campaign_1,S1,7,13,91,,2.35,2.333303921824391,0.03283538776704214,2,False,-0.01669607817560914,0.01669607817560914
S1MI05-20220906-15W,S1MI05,campaign_1,S1,7,15,105,,2.35,2.3332988991472083,0.032835829553839554,2,False,-0.01670110085279175,0.01670110085279175
S1MI05-20221102-24W,S1MI05,campaign_1,S1,7,24,168,,2.35,2.3332762970998857,0.032837817594429115,2,False,-0.01672370290011438,0.01672370290011438
S1MI05-20221110-25W,S1MI05,campaign_1,S1,7,25,175,,2.35,2.3332737857612944,0.03283803848782759,2,False,-0.016726214238705683,0.016726214238705683
S1MI05-20221206-28W,S1MI05,campaign_1,S1,7,28,196,2.35,2.35,2.3332662517455205,0.032838701168023954,2,True,-0.016733748254479597,0.016733748254479597
S1MI06-20220518-0W,S1MI06,campaign_1,S1,7,0,0,,2.33,2.3871333618108532,0.05210818479166814,2,False,0.057133361810853156,0.057133361810853156
S1MI06-20220603-2W,S1MI06,campaign_1,S1,7,2,14,,2.33,2.3871281114402034,0.052108211089772254,2,False,0.057128111440203355,0.057128111440203355
S1MI06-20220609-3W,S1MI06,campaign_1,S1,7,3,21,,2.33,2.3871254862548783,0.052108224238824316,2,False,0.05712548625487823,0.05712548625487823
S1MI06-20220616-4W,S1MI06,campaign_1,S1,7,4,28,,2.33,2.387122861069553,0.0521082373878759,2,False,0.05712286106955311,0.05712286106955311
S1MI06-20220623-5W,S1MI06,campaign_1,S1,7,5,35,,2.33,2.3871202358842285,0.05210825053692843,2,False,0.05712023588422843,0.05712023588422843
S1MI06-20220630-6W,S1MI06,campaign_1,S1,7,6,42,,2.33,2.387117610698904,0.05210826368598033,2,False,0.057117610698903754,0.057117610698903754
S1MI06-20220708-7W,S1MI06,campaign_1,S1,7,7,49,,2.33,2.3871149855135787,0.052108276835032545,2,False,0.05711498551357863,0.05711498551357863
S1MI06-20220714-8W,S1MI06,campaign_1,S1,7,8,56,,2.33,2.3871123603282536,0.052108289984084136,2,False,0.05711236032825351,0.05711236032825351
S1MI06-20220721-9W,S1MI06,campaign_1,S1,7,9,63,,2.33,2.3871097351429285,0.05210830313313619,2,False,0.057109735142928386,0.057109735142928386
S1MI06-20220802-10W,S1MI06,campaign_1,S1,7,10,70,,2.33,2.387107109957604,0.05210831628218809,2,False,0.05710710995760371,0.05710710995760371
S1MI06-20220822-13W,S1MI06,campaign_1,S1,7,13,91,,2.33,2.387099234401629,0.05210835572934442,2,False,0.057099234401628784,0.057099234401628784
S1MI06-20220906-15W,S1MI06,campaign_1,S1,7,15,105,,2.33,2.387093984030979,0.05210838202744838,2,False,0.057093984030978984,0.057093984030978984
S1MI06-20221102-24W,S1MI06,campaign_1,S1,7,24,168,,2.33,2.3870703573630543,0.05210850036891643,2,False,0.057070357363054214,0.057070357363054214
S1MI06-20221110-25W,S1MI06,campaign_1,S1,7,25,175,,2.33,2.38706773217773,0.052108513517968795,2,False,0.05706773217772998,0.05706773217772998
S1MI06-20221206-28W,S1MI06,campaign_1,S1,7,28,196,2.33,2.33,2.3870598566217547,0.052108552965124504,2,True,0.05705985662175461,0.05705985662175461
S1MI07-20220518-0W,S1MI07,campaign_1,S1,7,0,0,,2.1,2.396153583843845,0.03808734250780101,2,False,0.2961535838438447,0.2961535838438447
S1MI07-20220603-2W,S1MI07,campaign_1,S1,7,2,14,,2.1,2.3961480737635386,0.03808773609082308,2,False,0.29614807376353847,0.29614807376353847
S1MI07-20220609-3W,S1MI07,campaign_1,S1,7,3,21,,2.1,2.396145318723386,0.03808793288233467,2,False,0.296145318723386,0.296145318723386
S1MI07-20220616-4W,S1MI07,campaign_1,S1,7,4,28,,2.1,2.3961425636832328,0.03808812967384547,2,False,0.29614256368323266,0.29614256368323266
S1MI07-20220623-5W,S1MI07,campaign_1,S1,7,5,35,,2.1,2.3961398086430794,0.03808832646535674,2,False,0.2961398086430793,0.2961398086430793
S1MI07-20220630-6W,S1MI07,campaign_1,S1,7,6,42,,2.1,2.3961370536029265,0.03808852325686739,2,False,0.2961370536029264,0.2961370536029264
S1MI07-20220708-7W,S1MI07,campaign_1,S1,7,7,49,,2.1,2.3961342985627736,0.03808872004837913,2,False,0.2961342985627735,0.2961342985627735
S1MI07-20220714-8W,S1MI07,campaign_1,S1,7,8,56,,2.1,2.3961315435226203,0.03808891683988992,2,False,0.29613154352262017,0.29613154352262017
S1MI07-20220721-9W,S1MI07,campaign_1,S1,7,9,63,,2.1,2.3961287884824674,0.038089113631401196,2,False,0.29612878848246726,0.29612878848246726
S1MI07-20220802-10W,S1MI07,campaign_1,S1,7,10,70,,2.1,2.3961260334423145,0.03808931042291231,2,False,0.29612603344231436,0.29612603344231436
S1MI07-20220822-13W,S1MI07,campaign_1,S1,7,13,91,,2.1,2.3961177683218553,0.038089900797445495,2,False,0.2961177683218552,0.2961177683218552
S1MI07-20220906-15W,S1MI07,campaign_1,S1,7,15,105,,2.1,2.396112258241549,0.038090294380467564,2,False,0.29611225824154896,0.29611225824154896
S1MI07-20221102-24W,S1MI07,campaign_1,S1,7,24,168,,2.1,2.396087462880171,0.03809206550406665,2,False,0.29608746288017107,0.29608746288017107
S1MI07-20221110-25W,S1MI07,campaign_1,S1,7,25,175,,2.1,2.3960847078400187,0.03809226229557824,2,False,0.2960847078400186,0.2960847078400186
S1MI07-20221206-28W,S1MI07,campaign_1,S1,7,28,196,2.1,2.1,2.396076442719559,0.03809285267011158,2,True,0.296076442719559,0.296076442719559
S2SA01-20220518-0W,S2SA01,campaign_1,S2,7,0,0,,2.35,2.5484184761187767,0.05792057039395785,2,False,0.1984184761187766,0.1984184761187766
S2SA01-20220603-2W,S2SA01,campaign_1,S2,7,2,14,,2.35,2.5484133757101417,0.057920346406284746,2,False,0.19841337571014162,0.19841337571014162
S2SA01-20220609-3W,S2SA01,campaign_1,S2,7,3,21,,2.35,2.548410825505824,0.057920234412448195,2,False,0.19841082550582412,0.19841082550582412
S2SA01-20220616-4W,S2SA01,campaign_1,S2,7,4,28,,2.35,2.5484082753015063,0.05792012241861149,2,False,0.19840827530150618,0.19840827530150618
S2SA01-20220623-5W,S2SA01,campaign_1,S2,7,5,35,,2.35,2.5484057250971888,0.0579200104247751,2,False,0.19840572509718868,0.19840572509718868
S2SA01-20220630-6W,S2SA01,campaign_1,S2,7,6,42,,2.35,2.5484031748928713,0.057919898430938546,2,False,0.19840317489287118,0.19840317489287118
S2SA01-20220708-7W,S2SA01,campaign_1,S2,7,7,49,,2.35,2.5484006246885538,0.057919786437101994,2,False,0.19840062468855368,0.19840062468855368
S2SA01-20220714-8W,S2SA01,campaign_1,S2,7,8,56,,2.35,2.5483980744842363,0.05791967444326544,2,False,0.1983980744842362,0.1983980744842362
S2SA01-20220721-9W,S2SA01,campaign_1,S2,7,9,63,,2.35,2.5483955242799183,0.05791956244942936,2,False,0.19839552427991825,0.19839552427991825
S2SA01-20220802-10W,S2SA01,campaign_1,S2,7,10,70,,2.35,2.5483929740756013,0.05791945045559249,2,False,0.1983929740756012,0.1983929740756012
S2SA01-20220822-13W,S2SA01,campaign_1,S2,7,13,91,,2.35,2.5483853234626483,0.057919114474083155,2,False,0.19838532346264826,0.19838532346264826
S2SA01-20220906-15W,S2SA01,campaign_1,S2,7,15,105,,2.35,2.5483802230540133,0.05791889048641021,2,False,0.19838022305401326,0.19838022305401326
S2SA01-20221102-24W,S2SA01,campaign_1,S2,7,24,168,,2.35,2.5483572712151554,0.05791788254188188,2,False,0.19835727121515534,0.19835727121515534
S2SA01-20221110-25W,S2SA01,campaign_1,S2,7,25,175,,2.35,2.548354721010838,0.057917770548045325,2,False,0.19835472101083784,0.19835472101083784
S2SA01-20221206-28W,S2SA01,campaign_1,S2,7,28,196,2.35,2.35,2.5483470703978854,0.05791743456653583,2,True,0.19834707039788535,0.19834707039788535
S2SA02-20220518-0W,S2SA02,campaign_1,S2,7,0,0,,2.87,2.392992211728115,0.10095180683512821,2,False,-0.47700778827188506,0.47700778827188506
S2SA02-20220603-2W,S2SA02,campaign_1,S2,7,2,14,,2.87,2.3929871494982784,0.10095219268602632,2,False,-0.4770128505017217,0.4770128505017217
S2SA02-20220609-3W,S2SA02,campaign_1,S2,7,3,21,,2.87,2.39298461838336,0.10095238561147507,2,False,-0.47701538161664025,0.47701538161664025
S2SA02-20220616-4W,S2SA02,campaign_1,S2,7,4,28,,2.87,2.3929820872684413,0.10095257853692381,2,False,-0.4770179127315588,0.4770179127315588
S2SA02-20220623-5W,S2SA02,campaign_1,S2,7,5,35,,2.87,2.3929795561535228,0.10095277146237303,2,False,-0.47702044384647735,0.47702044384647735
S2SA02-20220630-6W,S2SA02,campaign_1,S2,7,6,42,,2.87,2.3929770250386047,0.10095296438782193,2,False,-0.47702297496139545,0.47702297496139545
S2SA02-20220708-7W,S2SA02,campaign_1,S2,7,7,49,,2.87,2.392974493923686,0.10095315731327066,2,False,-0.477025506076314,0.477025506076314
S2SA02-20220714-8W,S2SA02,campaign_1,S2,7,8,56,,2.87,2.392971962808768,0.10095335023871957,2,False,-0.4770280371912321,0.4770280371912321
S2SA02-20220721-9W,S2SA02,campaign_1,S2,7,9,63,,2.87,2.3929694316938495,0.10095354316416832,2,False,-0.47703056830615065,0.47703056830615065
S2SA02-20220802-10W,S2SA02,campaign_1,S2,7,10,70,,2.87,2.392966900578931,0.10095373608961752,2,False,-0.4770330994210692,0.4770330994210692
S2SA02-20220822-13W,S2SA02,campaign_1,S2,7,13,91,,2.87,2.3929593072341757,0.10095431486596439,2,False,-0.4770406927658244,0.4770406927658244
S2SA02-20220906-15W,S2SA02,campaign_1,S2,7,15,105,,2.87,2.3929542450043386,0.10095470071686188,2,False,-0.4770457549956615,0.4770457549956615
S2SA02-20221102-24W,S2SA02,campaign_1,S2,7,24,168,,2.87,2.392931464970073,0.10095643704590232,2,False,-0.4770685350299271,0.4770685350299271
S2SA02-20221110-25W,S2SA02,campaign_1,S2,7,25,175,,2.87,2.3929289338551545,0.10095662997135106,2,False,-0.4770710661448456,0.4770710661448456
S2SA02-20221206-28W,S2SA02,campaign_1,S2,7,28,196,2.87,2.87,2.3929213405103997,0.1009572087476976,2,True,-0.4770786594896004,0.4770786594896004
S2SA03-20220518-0W,S2SA03,campaign_1,S2,7,0,0,,2.25,2.605811341899269,0.09675519673817662,2,False,0.355811341899269,0.355811341899269
S2SA03-20220603-2W,S2SA03,campaign_1,S2,7,2,14,,2.25,2.6058064761905273,0.09675508881007691,2,False,0.3558064761905273,0.3558064761905273
S2SA03-20220609-3W,S2SA03,campaign_1,S2,7,3,21,,2.25,2.6058040433361565,0.09675503484602736,2,False,0.35580404333615645,0.35580404333615645
S2SA03-20220616-4W,S2SA03,campaign_1,S2,7,4,28,,2.25,2.6058016104817856,0.09675498088197736,2,False,0.3558016104817856,0.3558016104817856
S2SA03-20220623-5W,S2SA03,campaign_1,S2,7,5,35,,2.25,2.605799177627415,0.09675492691792811,2,False,0.3557991776274152,0.3557991776274152
S2SA03-20220630-6W,S2SA03,campaign_1,S2,7,6,42,,2.25,2.6057967447730443,0.09675487295387811,2,False,0.35579674477304435,0.35579674477304435
S2SA03-20220708-7W,S2SA03,campaign_1,S2,7,7,49,,2.25,2.6057943119186735,0.0967548189898284,2,False,0.3557943119186735,0.3557943119186735
S2SA03-20220714-8W,S2SA03,campaign_1,S2,7,8,56,,2.25,2.6057918790643027,0.0967547650257784,2,False,0.35579187906430265,0.35579187906430265
S2SA03-20220721-9W,S2SA03,campaign_1,S2,7,9,63,,2.25,2.605789446209932,0.09675471106172821,2,False,0.3557894462099318,0.3557894462099318
S2SA03-20220802-10W,S2SA03,campaign_1,S2,7,10,70,,2.25,2.605787013355561,0.09675465709767868,2,False,0.35578701335556095,0.35578701335556095
S2SA03-20220822-13W,S2SA03,campaign_1,S2,7,13,91,,2.25,2.605779714792449,0.09675449520552942,2,False,0.35577971479244885,0.35577971479244885
S2SA03-20220906-15W,S2SA03,campaign_1,S2,7,15,105,,2.25,2.605774849083707,0.09675438727742972,2,False,0.35577484908370716,0.35577484908370716
S2SA03-20221102-24W,S2SA03,campaign_1,S2,7,24,168,,2.25,2.6057529533943704,0.09675390160098178,2,False,0.3557529533943704,0.3557529533943704
S2SA03-20221110-25W,S2SA03,campaign_1,S2,7,25,175,,2.25,2.605750520539999,0.09675384763693193,2,False,0.3557505205399991,0.3557505205399991
S2SA03-20221206-28W,S2SA03,campaign_1,S2,7,28,196,2.25,2.25,2.605743221976887,0.0967536857447825,2,True,0.355743221976887,0.355743221976887
S2SA04-20220518-0W,S2SA04,campaign_1,S2,7,0,0,,2.39,2.525799977762638,0.03709526848269466,2,False,0.13579997776263797,0.13579997776263797
S2SA04-20220603-2W,S2SA04,campaign_1,S2,7,2,14,,2.39,2.5257944909446164,0.03709559096041703,2,False,0.13579449094461626,0.13579449094461626
S2SA04-20220609-3W,S2SA04,campaign_1,S2,7,3,21,,2.39,2.5257917475356058,0.03709575219927798,2,False,0.13579174753560563,0.13579174753560563
S2SA04-20220616-4W,S2SA04,campaign_1,S2,7,4,28,,2.39,2.5257890041265947,0.037095913438139394,2,False,0.13578900412659456,0.13578900412659456
S2SA04-20220623-5W,S2SA04,campaign_1,S2,7,5,35,,2.39,2.5257862607175836,0.037096074677000816,2,False,0.13578626071758348,0.13578626071758348
S2SA04-20220630-6W,S2SA04,campaign_1,S2,7,6,42,,2.39,2.5257835173085725,0.03709623591586223,2,False,0.1357835173085724,0.1357835173085724
S2SA04-20220708-7W,S2SA04,campaign_1,S2,7,7,49,,2.39,2.5257807738995615,0.037096397154723494,2,False,0.13578077389956134,0.13578077389956134
S2SA04-20220714-8W,S2SA04,campaign_1,S2,7,8,56,,2.39,2.5257780304905504,0.037096558393584916,2,False,0.13577803049055026,0.13577803049055026
S2SA04-20220721-9W,S2SA04,campaign_1,S2,7,9,63,,2.39,2.5257752870815393,0.03709671963244618,2,False,0.1357752870815392,0.1357752870815392
S2SA04-20220802-10W,S2SA04,campaign_1,S2,7,10,70,,2.39,2.5257725436725282,0.0370968808713076,2,False,0.1357725436725281,0.1357725436725281
S2SA04-20220822-13W,S2SA04,campaign_1,S2,7,13,91,,2.39,2.5257643134454955,0.03709736458789139,2,False,0.13576431344549533,0.13576431344549533
S2SA04-20220906-15W,S2SA04,campaign_1,S2,7,15,105,,2.39,2.5257588266274738,0.037097687065613755,2,False,0.13575882662747363,0.13575882662747363
S2SA04-20221102-24W,S2SA04,campaign_1,S2,7,24,168,,2.39,2.525734135946374,0.03709913821536559,2,False,0.13573413594637396,0.13573413594637396
S2SA04-20221110-25W,S2SA04,campaign_1,S2,7,25,175,,2.39,2.525731392537363,0.037099299454227005,2,False,0.13573139253736288,0.13573139253736288
S2SA04-20221206-28W,S2SA04,campaign_1,S2,7,28,196,2.39,2.39,2.5257231623103302,0.03709978317081079,2,True,0.1357231623103301,0.1357231623103301
S2SA05-20220518-0W,S2SA05,campaign_1,S2,7,0,0,,2.76,2.385506233556377,0.07854620103535416,2,False,-0.374493766443623,0.374493766443623
S2SA05-20220603-2W,S2SA05,campaign_1,S2,7,2,14,,2.76,2.385501210879194,0.07854664282215142,2,False,-0.3744987891208056,0.3744987891208056
S2SA05-20220609-3W,S2SA05,campaign_1,S2,7,3,21,,2.76,2.385498699540603,0.07854686371555036,2,False,-0.3745013004593969,0.3745013004593969
S2SA05-20220616-4W,S2SA05,campaign_1,S2,7,4,28,,2.76,2.3854961882020116,0.07854708460894931,2,False,-0.3745038117979882,0.3745038117979882
S2SA05-20220623-5W,S2SA05,campaign_1,S2,7,5,35,,2.76,2.38549367686342,0.0785473055023481,2,False,-0.37450632313657994,0.37450632313657994
S2SA05-20220630-6W,S2SA05,campaign_1,S2,7,6,42,,2.76,2.3854911655248285,0.07854752639574705,2,False,-0.37450883447517125,0.37450883447517125
S2SA05-20220708-7W,S2SA05,campaign_1,S2,7,7,49,,2.76,2.3854886541862372,0.07854774728914551,2,False,-0.37451134581376255,0.37451134581376255
S2SA05-20220714-8W,S2SA05,campaign_1,S2,7,8,56,,2.76,2.385486142847646,0.07854796818254446,2,False,-0.37451385715235386,0.37451385715235386
S2SA05-20220721-9W,S2SA05,campaign_1,S2,7,9,63,,2.76,2.3854836315090546,0.07854818907594341,2,False,-0.37451636849094516,0.37451636849094516
S2SA05-20220802-10W,S2SA05,campaign_1,S2,7,10,70,,2.76,2.3854811201704633,0.07854840996934188,2,False,-0.37451887982953647,0.37451887982953647
S2SA05-20220822-13W,S2SA05,campaign_1,S2,7,13,91,,2.76,2.385473586154689,0.07854907264953856,2,False,-0.3745264138453108,0.3745264138453108
S2SA05-20220906-15W,S2SA05,campaign_1,S2,7,15,105,,2.76,2.385468563477506,0.07854951443633629,2,False,-0.3745314365224939,0.3745314365224939
S2SA05-20221102-24W,S2SA05,campaign_1,S2,7,24,168,,2.76,2.385445961430184,0.07855150247692523,2,False,-0.3745540385698156,0.3745540385698156
S2SA05-20221110-25W,S2SA05,campaign_1,S2,7,25,175,,2.76,2.385443450091593,0.07855172337032418,2,False,-0.3745565499084069,0.3745565499084069
S2SA05-20221206-28W,S2SA05,campaign_1,S2,7,28,196,2.76,2.76,2.3854359160758185,0.07855238605052085,2,True,-0.3745640839241813,0.3745640839241813
S2SA06-20220518-0W,S2SA06,campaign_1,S2,7,0,0,,2.48,2.5308552685698604,0.03272725896848602,2,False,0.050855268569860446,0.050855268569860446
S2SA06-20220603-2W,S2SA06,campaign_1,S2,7,2,14,,2.48,2.5308495169549925,0.032727310970054865,2,False,0.05084951695499251,0.05084951695499251
S2SA06-20220609-3W,S2SA06,campaign_1,S2,7,3,21,,2.48,2.530846641147558,0.03272733697083889,2,False,0.0508466411475581,0.0508466411475581
S2SA06-20220616-4W,S2SA06,campaign_1,S2,7,4,28,,2.48,2.530843765340124,0.032727362971623396,2,False,0.050843765340124136,0.050843765340124136
S2SA06-20220623-5W,S2SA06,campaign_1,S2,7,5,35,,2.48,2.5308408895326897,0.03272738897240742,2,False,0.050840889532689726,0.050840889532689726
S2SA06-20220630-6W,S2SA06,campaign_1,S2,7,6,42,,2.48,2.5308380137252557,0.03272741497319192,2,False,0.05083801372525576,0.05083801372525576
S2SA06-20220708-7W,S2SA06,campaign_1,S2,7,7,49,,2.48,2.5308351379178218,0.032727440973976264,2,False,0.05083513791782179,0.05083513791782179
S2SA06-20220714-8W,S2SA06,campaign_1,S2,7,8,56,,2.48,2.530832262110388,0.0327274669747606,2,False,0.05083226211038783,0.05083226211038783
S2SA06-20220721-9W,S2SA06,campaign_1,S2,7,9,63,,2.48,2.5308293863029534,0.03272749297554463,2,False,0.05082938630295342,0.05082938630295342
S2SA06-20220802-10W,S2SA06,campaign_1,S2,7,10,70,,2.48,2.5308265104955194,0.032727518976329126,2,False,0.05082651049551945,0.05082651049551945
S2SA06-20220822-13W,S2SA06,campaign_1,S2,7,13,91,,2.48,2.530817883073217,0.032727596978681994,2,False,0.05081788307321711,0.05081788307321711
S2SA06-20220906-15W,S2SA06,campaign_1,S2,7,15,105,,2.48,2.530812131458349,0.03272764898025084,2,False,0.050812131458349175,0.050812131458349175
S2SA06-20221102-24W,S2SA06,campaign_1,S2,7,24,168,,2.48,2.5307862491914417,0.0327278829873096,2,False,0.0507862491914417,0.0507862491914417
S2SA06-20221110-25W,S2SA06,campaign_1,S2,7,25,175,,2.48,2.5307833733840077,0.03272790898809395,2,False,0.050783373384007735,0.050783373384007735
S2SA06-20221206-28W,S2SA06,campaign_1,S2,7,28,196,2.48,2.48,2.530774745961705,0.0327279869904465,2,True,0.05077474596170495,0.05077474596170495
S2SA07-20220518-0W,S2SA07,campaign_1,S2,7,0,0,,2.26,2.596167344379278,0.035802566422823645,2,False,0.3361673443792781,0.3361673443792781
S2SA07-20220603-2W,S2SA07,campaign_1,S2,7,2,14,,2.26,2.5961622439706424,0.03580279041049628,2,False,0.33616224397064265,0.33616224397064265
S2SA07-20220609-3W,S2SA07,campaign_1,S2,7,3,21,,2.26,2.5961596937663254,0.03580290240433314,2,False,0.3361596937663256,0.3361596937663256
S2SA07-20220616-4W,S2SA07,campaign_1,S2,7,4,28,,2.26,2.5961571435620074,0.03580301439816938,2,False,0.33615714356200765,0.33615714356200765
S2SA07-20220623-5W,S2SA07,campaign_1,S2,7,5,35,,2.26,2.5961545933576904,0.035803126392006245,2,False,0.3361545933576906,0.3361545933576906
S2SA07-20220630-6W,S2SA07,campaign_1,S2,7,6,42,,2.26,2.5961520431533724,0.035803238385842484,2,False,0.33615204315337266,0.33615204315337266
S2SA07-20220708-7W,S2SA07,campaign_1,S2,7,7,49,,2.26,2.596149492949055,0.035803350379678876,2,False,0.33614949294905516,0.33614949294905516
S2SA07-20220714-8W,S2SA07,campaign_1,S2,7,8,56,,2.26,2.5961469427447375,0.03580346237351543,2,False,0.33614694274473766,0.33614694274473766
S2SA07-20220721-9W,S2SA07,campaign_1,S2,7,9,63,,2.26,2.59614439254042,0.03580357436735198,2,False,0.33614439254042017,0.33614439254042017
S2SA07-20220802-10W,S2SA07,campaign_1,S2,7,10,70,,2.26,2.5961418423361025,0.03580368636118837,2,False,0.33614184233610267,0.33614184233610267
S2SA07-20220822-13W,S2SA07,campaign_1,S2,7,13,91,,2.26,2.5961341917231495,0.035804022342697715,2,False,0.33613419172314973,0.33613419172314973
S2SA07-20220906-15W,S2SA07,campaign_1,S2,7,15,105,,2.26,2.5961290913145145,0.03580424633037113,2,False,0.33612909131451474,0.33612909131451474
S2SA07-20221102-24W,S2SA07,campaign_1,S2,7,24,168,,2.26,2.5961061394756566,0.035805254274899466,2,False,0.3361061394756568,0.3361061394756568
S2SA07-20221110-25W,S2SA07,campaign_1,S2,7,25,175,,2.26,2.5961035892713387,0.0358053662687357,2,False,0.3361035892713389,0.3361035892713389
S2SA07-20221206-28W,S2SA07,campaign_1,S2,7,28,196,2.26,2.26,2.596095938658386,0.0358057022502452,2,True,0.3360959386583864,0.3360959386583864
S3PA01-20220518-0W,S3PA01,campaign_1,S3,7,0,0,,2.79,2.6190015052113904,0.011682078062951204,2,False,-0.17099849478860962,0.17099849478860962
S3PA01-20220603-2W,S3PA01,campaign_1,S3,7,2,14,,2.79,2.618995943484814,0.011681757518785295,2,False,-0.17100405651518624,0.17100405651518624
S3PA01-20220609-3W,S3PA01,campaign_1,S3,7,3,21,,2.79,2.6189931626215257,0.011681597246702183,2,False,-0.17100683737847433,0.17100683737847433
S3PA01-20220616-4W,S3PA01,campaign_1,S3,7,4,28,,2.79,2.6189903817582376,0.011681436974618915,2,False,-0.17100961824176242,0.17100961824176242
S3PA01-20220623-5W,S3PA01,campaign_1,S3,7,5,35,,2.79,2.618987600894949,0.011681276702536117,2,False,-0.17101239910505095,0.17101239910505095
S3PA01-20220630-6W,S3PA01,campaign_1,S3,7,6,42,,2.79,2.6189848200316606,0.011681116430452849,2,False,-0.17101517996833948,0.17101517996833948
S3PA01-20220708-7W,S3PA01,campaign_1,S3,7,7,49,,2.79,2.6189820391683725,0.011680956158369738,2,False,-0.17101796083162757,0.17101796083162757
S3PA01-20220714-8W,S3PA01,campaign_1,S3,7,8,56,,2.79,2.618979258305084,0.01168079588628694,2,False,-0.1710207416949161,0.1710207416949161
S3PA01-20220721-9W,S3PA01,campaign_1,S3,7,9,63,,2.79,2.6189764774417954,0.011680635614204142,2,False,-0.17102352255820463,0.17102352255820463
S3PA01-20220802-10W,S3PA01,campaign_1,S3,7,10,70,,2.79,2.6189736965785073,0.011680475342121032,2,False,-0.17102630342149272,0.17102630342149272
S3PA01-20220822-13W,S3PA01,campaign_1,S3,7,13,91,,2.79,2.618965353988642,0.011679994525872326,2,False,-0.17103464601135787,0.17103464601135787
S3PA01-20220906-15W,S3PA01,campaign_1,S3,7,15,105,,2.79,2.618959792262066,0.011679673981706103,2,False,-0.17104020773793405,0.17104020773793405
S3PA01-20221102-24W,S3PA01,campaign_1,S3,7,24,168,,2.79,2.618934764492471,0.011678231532959668,2,False,-0.17106523550752906,0.17106523550752906
S3PA01-20221110-25W,S3PA01,campaign_1,S3,7,25,175,,2.79,2.6189319836291824,0.011678071260876244,2,False,-0.1710680163708176,0.1710680163708176
S3PA01-20221206-28W,S3PA01,campaign_1,S3,7,28,196,2.79,2.79,2.6189236410393177,0.011677590444627224,2,True,-0.1710763589606823,0.1710763589606823
S3PA02-20220518-0W,S3PA02,campaign_1,S3,7,0,0,,2.84,2.6554466100812726,0.005848033769508608,2,False,-0.18455338991872727,0.18455338991872727
S3PA02-20220603-2W,S3PA02,campaign_1,S3,7,2,14,,2.84,2.655441359710623,0.005848060067612566,2,False,-0.18455864028937707,0.18455864028937707
S3PA02-20220609-3W,S3PA02,campaign_1,S3,7,3,21,,2.84,2.6554387345252977,0.005848073216664153,2,False,-0.1845612654747022,0.1845612654747022
S3PA02-20220616-4W,S3PA02,campaign_1,S3,7,4,28,,2.84,2.6554361093399725,0.0058480863657163675,2,False,-0.18456389066002732,0.18456389066002732
S3PA02-20220623-5W,S3PA02,campaign_1,S3,7,5,35,,2.84,2.655433484154648,0.005848099514768269,2,False,-0.184566515845352,0.184566515845352
S3PA02-20220630-6W,S3PA02,campaign_1,S3,7,6,42,,2.84,2.655430858969323,0.005848112663820797,2,False,-0.18456914103067668,0.18456914103067668
S3PA02-20220708-7W,S3PA02,campaign_1,S3,7,7,49,,2.84,2.655428233783998,0.005848125812872384,2,False,-0.1845717662160018,0.1845717662160018
S3PA02-20220714-8W,S3PA02,campaign_1,S3,7,8,56,,2.84,2.655425608598673,0.005848138961924442,2,False,-0.18457439140132692,0.18457439140132692
S3PA02-20220721-9W,S3PA02,campaign_1,S3,7,9,63,,2.84,2.655422983413348,0.005848152110976499,2,False,-0.18457701658665204,0.18457701658665204
S3PA02-20220802-10W,S3PA02,campaign_1,S3,7,10,70,,2.84,2.655420358228023,0.0058481652600285575,2,False,-0.18457964177197672,0.18457964177197672
S3PA02-20220822-13W,S3PA02,campaign_1,S3,7,13,91,,2.84,2.655412482672048,0.00584820470718473,2,False,-0.18458751732795164,0.18458751732795164
S3PA02-20220906-15W,S3PA02,campaign_1,S3,7,15,105,,2.84,2.655407232301398,0.0058482310052883745,2,False,-0.1845927676986019,0.1845927676986019
S3PA02-20221102-24W,S3PA02,campaign_1,S3,7,24,168,,2.84,2.655383605633474,0.005848349346756736,2,False,-0.18461639436652577,0.18461639436652577
S3PA02-20221110-25W,S3PA02,campaign_1,S3,7,25,175,,2.84,2.655380980448149,0.005848362495808794,2,False,-0.1846190195518509,0.1846190195518509
S3PA02-20221206-28W,S3PA02,campaign_1,S3,7,28,196,2.84,2.84,2.655373104892174,0.005848401942964496,2,True,-0.18462689510782582,0.18462689510782582
S3PA03-20220518-0W,S3PA03,campaign_1,S3,7,0,0,,2.66,2.843749690329241,0.0013330218875434387,2,False,0.18374969032924104,0.18374969032924104
S3PA03-20220603-2W,S3PA03,campaign_1,S3,7,2,14,,2.66,2.843744078123078,0.0013327727322937103,2,False,0.1837440781230777,0.1837440781230777
S3PA03-20220609-3W,S3PA03,campaign_1,S3,7,3,21,,2.66,2.843741272019996,0.0013326481546685324,2,False,0.1837412720199958,0.1837412720199958
S3PA03-20220616-4W,S3PA03,campaign_1,S3,7,4,28,,2.66,2.8437384659169145,0.0013325235770439822,2,False,0.18373846591691434,0.18373846591691434
S3PA03-20220623-5W,S3PA03,campaign_1,S3,7,5,35,,2.66,2.8437356598138326,0.001332398999419432,2,False,0.18373565981383244,0.18373565981383244
S3PA03-20220630-6W,S3PA03,campaign_1,S3,7,6,42,,2.66,2.843732853710751,0.001332274421794411,2,False,0.183732853710751,0.183732853710751
S3PA03-20220708-7W,S3PA03,campaign_1,S3,7,7,49,,2.66,2.843730047607669,0.001332149844169704,2,False,0.18373004760766865,0.18373004760766865
S3PA03-20220714-8W,S3PA03,campaign_1,S3,7,8,56,,2.66,2.8437272415045873,0.001332025266545154,2,False,0.1837272415045872,0.1837272415045872
S3PA03-20220721-9W,S3PA03,campaign_1,S3,7,9,63,,2.66,2.8437244354015054,0.0013319006889199758,2,False,0.1837244354015053,0.1837244354015053
S3PA03-20220802-10W,S3PA03,campaign_1,S3,7,10,70,,2.66,2.8437216292984235,0.0013317761112952686,2,False,0.1837216292984234,0.1837216292984234
S3PA03-20220822-13W,S3PA03,campaign_1,S3,7,13,91,,2.66,2.8437132109891783,0.0013314023784211473,2,False,0.18371321098917814,0.18371321098917814
S3PA03-20220906-15W,S3PA03,campaign_1,S3,7,15,105,,2.66,2.843707598783015,0.0013311532231714191,2,False,0.1837075987830148,0.1837075987830148
S3PA03-20221102-24W,S3PA03,campaign_1,S3,7,24,168,,2.66,2.8436823438552787,0.0013300320245484272,2,False,0.1836823438552786,0.1836823438552786
S3PA03-20221110-25W,S3PA03,campaign_1,S3,7,25,175,,2.66,2.8436795377521973,0.0013299074469240342,2,False,0.18367953775219714,0.18367953775219714
S3PA03-20221206-28W,S3PA03,campaign_1,S3,7,28,196,2.66,2.66,2.843671119442952,0.001329533714049285,2,True,0.1836711194429519,0.1836711194429519
S3PA04-20220518-0W,S3PA04,campaign_1,S3,7,0,0,,2.85,2.666657719083389,0.008628757705906745,2,False,-0.18334228091661098,0.18334228091661098
S3PA04-20220603-2W,S3PA04,campaign_1,S3,7,2,14,,2.85,2.666652468712739,0.008628731407802943,2,False,-0.18334753128726122,0.18334753128726122
S3PA04-20220609-3W,S3PA04,campaign_1,S3,7,3,21,,2.85,2.666649843527414,0.008628718258751042,2,False,-0.1833501564725859,0.1833501564725859
S3PA04-20220616-4W,S3PA04,campaign_1,S3,7,4,28,,2.85,2.6666472183420895,0.008628705109698513,2,False,-0.18335278165791058,0.18335278165791058
S3PA04-20220623-5W,S3PA04,campaign_1,S3,7,5,35,,2.85,2.6666445931567644,0.008628691960646457,2,False,-0.1833554068432357,0.1833554068432357
S3PA04-20220630-6W,S3PA04,campaign_1,S3,7,6,42,,2.85,2.6666419679714393,0.00862867881159487,2,False,-0.18335803202856082,0.18335803202856082
S3PA04-20220708-7W,S3PA04,campaign_1,S3,7,7,49,,2.85,2.6666393427861146,0.008628665662542811,2,False,-0.1833606572138855,0.1833606572138855
S3PA04-20220714-8W,S3PA04,campaign_1,S3,7,8,56,,2.85,2.6666367176007895,0.008628652513490754,2,False,-0.18336328239921063,0.18336328239921063
S3PA04-20220721-9W,S3PA04,campaign_1,S3,7,9,63,,2.85,2.6666340924154643,0.008628639364438697,2,False,-0.18336590758453575,0.18336590758453575
S3PA04-20220802-10W,S3PA04,campaign_1,S3,7,10,70,,2.85,2.6666314672301397,0.00862862621538664,2,False,-0.18336853276986043,0.18336853276986043
S3PA04-20220822-13W,S3PA04,campaign_1,S3,7,13,91,,2.85,2.6666235916741647,0.008628586768230466,2,False,-0.18337640832583535,0.18337640832583535
S3PA04-20220906-15W,S3PA04,campaign_1,S3,7,15,105,,2.85,2.666618341303515,0.008628560470126508,2,False,-0.18338165869648515,0.18338165869648515
S3PA04-20221102-24W,S3PA04,campaign_1,S3,7,24,168,,2.85,2.66659471463559,0.008628442128658459,2,False,-0.18340528536440992,0.18340528536440992
S3PA04-20221110-25W,S3PA04,campaign_1,S3,7,25,175,,2.85,2.6665920894502655,0.008628428979606402,2,False,-0.1834079105497346,0.1834079105497346
S3PA04-20221206-28W,S3PA04,campaign_1,S3,7,28,196,2.85,2.85,2.6665842138942906,0.00862838953245023,2,True,-0.18341578610570952,0.18341578610570952
S4SAVF01-20220518-0W,S4SAVF01,campaign_1,S4,7,0,0,,2.4,2.4584797525382065,0.026541047411900703,2,False,0.058479752538206586,0.058479752538206586
S4SAVF01-20220603-2W,S4SAVF01,campaign_1,S4,7,2,14,,2.4,2.4584744051288894,0.026541172735942184,2,False,0.05847440512888946,0.05847440512888946
S4SAVF01-20220609-3W,S4SAVF01,campaign_1,S4,7,3,21,,2.4,2.458471731424231,0.026541235397963082,2,False,0.0584717314242309,0.0584717314242309
S4SAVF01-20220616-4W,S4SAVF01,campaign_1,S4,7,4,28,,2.4,2.4584690577195722,0.02654129805998382,2,False,0.05846905771957234,0.05846905771957234
S4SAVF01-20220623-5W,S4SAVF01,campaign_1,S4,7,5,35,,2.4,2.4584663840149137,0.02654136072200456,2,False,0.058466384014913775,0.058466384014913775
S4SAVF01-20220630-6W,S4SAVF01,campaign_1,S4,7,6,42,,2.4,2.4584637103102547,0.026541423384025774,2,False,0.05846371031025477,0.05846371031025477
S4SAVF01-20220708-7W,S4SAVF01,campaign_1,S4,7,7,49,,2.4,2.458461036605596,0.026541486046046513,2,False,0.058461036605596206,0.058461036605596206
S4SAVF01-20220714-8W,S4SAVF01,campaign_1,S4,7,8,56,,2.4,2.4584583629009376,0.026541548708067252,2,False,0.058458362900937644,0.058458362900937644
S4SAVF01-20220721-9W,S4SAVF01,campaign_1,S4,7,9,63,,2.4,2.4584556891962785,0.026541611370088466,2,False,0.05845568919627864,0.05845568919627864
S4SAVF01-20220802-10W,S4SAVF01,campaign_1,S4,7,10,70,,2.4,2.45845301549162,0.026541674032109205,2,False,0.058453015491620075,0.058453015491620075
S4SAVF01-20220822-13W,S4SAVF01,campaign_1,S4,7,13,91,,2.4,2.4584449943776443,0.026541862018171585,2,False,0.05844499437764439,0.05844499437764439
S4SAVF01-20220906-15W,S4SAVF01,campaign_1,S4,7,15,105,,2.4,2.458439646968327,0.026541987342213223,2,False,0.05843964696832726,0.05843964696832726
S4SAVF01-20221102-24W,S4SAVF01,campaign_1,S4,7,24,168,,2.4,2.4584155836263992,0.02654255130040051,2,False,0.058415583626399314,0.058415583626399314
S4SAVF01-20221110-25W,S4SAVF01,campaign_1,S4,7,25,175,,2.4,2.4584129099217407,0.026542613962421253,2,False,0.05841290992174075,0.05841290992174075
S4SAVF01-20221206-28W,S4SAVF01,campaign_1,S4,7,28,196,2.4,2.4,2.4584048888077645,0.026542801948483945,2,True,0.05840488880776462,0.05840488880776462
S4SAVF02-20220518-0W,S4SAVF02,campaign_1,S4,7,0,0,,2.46,2.321299330203221,0.0006688965208946906,2,False,-0.13870066979677897,0.13870066979677897
S4SAVF02-20220603-2W,S4SAVF02,campaign_1,S4,7,2,14,,2.46,2.3212941176377466,0.0006681861914992618,2,False,-0.13870588236225334,0.13870588236225334
S4SAVF02-20220609-3W,S4SAVF02,campaign_1,S4,7,3,21,,2.46,2.3212915113550094,0.0006678310268021755,2,False,-0.13870848864499052,0.13870848864499052
S4SAVF02-20220616-4W,S4SAVF02,campaign_1,S4,7,4,28,,2.46,2.3212889050722723,0.0006674758621044611,2,False,-0.1387110949277277,0.1387110949277277
S4SAVF02-20220623-5W,S4SAVF02,campaign_1,S4,7,5,35,,2.46,2.321286298789535,0.0006671206974067467,2,False,-0.1387137012104649,0.1387137012104649
S4SAVF02-20220630-6W,S4SAVF02,campaign_1,S4,7,6,42,,2.46,2.321283692506798,0.0006667655327096604,2,False,-0.13871630749320207,0.13871630749320207
S4SAVF02-20220708-7W,S4SAVF02,campaign_1,S4,7,7,49,,2.46,2.3212810862240607,0.000666410368011946,2,False,-0.13871891377593926,0.13871891377593926
S4SAVF02-20220714-8W,S4SAVF02,campaign_1,S4,7,8,56,,2.46,2.3212784799413235,0.0006660552033142316,2,False,-0.13872152005867644,0.13872152005867644
S4SAVF02-20220721-9W,S4SAVF02,campaign_1,S4,7,9,63,,2.46,2.3212758736585863,0.0006657000386171452,2,False,-0.13872412634141362,0.13872412634141362
S4SAVF02-20220802-10W,S4SAVF02,campaign_1,S4,7,10,70,,2.46,2.321273267375849,0.0006653448739194309,2,False,-0.1387267326241508,0.1387267326241508
S4SAVF02-20220822-13W,S4SAVF02,campaign_1,S4,7,13,91,,2.46,2.3212654485276376,0.0006642793798269156,2,False,-0.13873455147236236,0.13873455147236236
S4SAVF02-20220906-15W,S4SAVF02,campaign_1,S4,7,15,105,,2.46,2.3212602359621632,0.0006635690504321149,2,False,-0.13873976403783672,0.13873976403783672
S4SAVF02-20221102-24W,S4SAVF02,campaign_1,S4,7,24,168,,2.46,2.3212367794175286,0.0006603725681545694,2,False,-0.13876322058247137,0.13876322058247137
S4SAVF02-20221110-25W,S4SAVF02,campaign_1,S4,7,25,175,,2.46,2.321234173134791,0.000660017403457012,2,False,-0.138765826865209,0.138765826865209
S4SAVF02-20221206-28W,S4SAVF02,campaign_1,S4,7,28,196,2.46,2.46,2.3212263542865794,0.0006589519093644969,2,True,-0.13877364571342055,0.13877364571342055
S4SAVF03-20220518-0W,S4SAVF03,campaign_1,S4,7,0,0,,2.33,2.4690665033390333,0.0028083531233433594,2,False,0.13906650333903325,0.13906650333903325
S4SAVF03-20220603-2W,S4SAVF03,campaign_1,S4,7,2,14,,2.33,2.4690613906296095,0.0028088103631576573,2,False,0.13906139062960943,0.13906139062960943
S4SAVF03-20220609-3W,S4SAVF03,campaign_1,S4,7,3,21,,2.33,2.4690588342748976,0.0028090389830649634,2,False,0.1390588342748975,0.1390588342748975
S4SAVF03-20220616-4W,S4SAVF03,campaign_1,S4,7,4,28,,2.33,2.4690562779201857,0.002809267602971955,2,False,0.1390562779201856,0.1390562779201856
S4SAVF03-20220623-5W,S4SAVF03,campaign_1,S4,7,5,35,,2.33,2.4690537215654738,0.0028094962228792614,2,False,0.1390537215654737,0.1390537215654737
S4SAVF03-20220630-6W,S4SAVF03,campaign_1,S4,7,6,42,,2.33,2.469051165210762,0.002809724842786096,2,False,0.13905116521076177,0.13905116521076177
S4SAVF03-20220708-7W,S4SAVF03,campaign_1,S4,7,7,49,,2.33,2.46904860885605,0.0028099534626935593,2,False,0.13904860885604986,0.13904860885604986
S4SAVF03-20220714-8W,S4SAVF03,campaign_1,S4,7,8,56,,2.33,2.469046052501338,0.002810182082600394,2,False,0.13904605250133795,0.13904605250133795
S4SAVF03-20220721-9W,S4SAVF03,campaign_1,S4,7,9,63,,2.33,2.469043496146626,0.0028104107025077,2,False,0.13904349614662603,0.13904349614662603
S4SAVF03-20220802-10W,S4SAVF03,campaign_1,S4,7,10,70,,2.33,2.469040939791914,0.0028106393224146924,2,False,0.13904093979191412,0.13904093979191412
S4SAVF03-20220822-13W,S4SAVF03,campaign_1,S4,7,13,91,,2.33,2.4690332707277785,0.0028113251821362964,2,False,0.13903327072777838,0.13903327072777838
S4SAVF03-20220906-15W,S4SAVF03,campaign_1,S4,7,15,105,,2.33,2.469028158018355,0.0028117824219501234,2,False,0.139028158018355,0.139028158018355
S4SAVF03-20221102-24W,S4SAVF03,campaign_1,S4,7,24,168,,2.33,2.4690051508259483,0.00281384000111415,2,False,0.13900515082594822,0.13900515082594822
S4SAVF03-20221110-25W,S4SAVF03,campaign_1,S4,7,25,175,,2.33,2.4690025944712364,0.0028140686210216133,2,False,0.1390025944712363,0.1390025944712363
S4SAVF03-20221206-28W,S4SAVF03,campaign_1,S4,7,28,196,2.33,2.33,2.4689949254071006,0.002814754480742746,2,True,0.13899492540710057,0.13899492540710057
S5VF01-20220518-0W,S5VF01,campaign_1,S5,7,0,0,,2.75,2.3636249879315274,0.018353731920979006,2,False,-0.3863750120684726,0.3863750120684726
S5VF01-20220603-2W,S5VF01,campaign_1,S5,7,2,14,,2.75,2.3636198824357026,0.018353963103025363,2,False,-0.38638011756429735,0.38638011756429735
S5VF01-20220609-3W,S5VF01,campaign_1,S5,7,3,21,,2.75,2.36361732968779,0.018354078694048617,2,False,-0.38638267031220996,0.38638267031220996
S5VF01-20220616-4W,S5VF01,campaign_1,S5,7,4,28,,2.75,2.3636147769398774,0.018354194285071245,2,False,-0.3863852230601226,0.3863852230601226
S5VF01-20220623-5W,S5VF01,campaign_1,S5,7,5,35,,2.75,2.363612224191965,0.0183543098760945,2,False,-0.3863877758080352,0.3863877758080352
S5VF01-20220630-6W,S5VF01,campaign_1,S5,7,6,42,,2.75,2.363609671444052,0.01835442546711776,2,False,-0.3863903285559478,0.3863903285559478
S5VF01-20220708-7W,S5VF01,campaign_1,S5,7,7,49,,2.75,2.36360711869614,0.01835454105814086,2,False,-0.38639288130385996,0.38639288130385996
S5VF01-20220714-8W,S5VF01,campaign_1,S5,7,8,56,,2.75,2.3636045659482274,0.018354656649164115,2,False,-0.38639543405177257,0.38639543405177257
S5VF01-20220721-9W,S5VF01,campaign_1,S5,7,9,63,,2.75,2.363602013200315,0.018354772240186744,2,False,-0.3863979867996852,0.3863979867996852
S5VF01-20220802-10W,S5VF01,campaign_1,S5,7,10,70,,2.75,2.363599460452402,0.01835488783121,2,False,-0.3864005395475978,0.3864005395475978
S5VF01-20220822-13W,S5VF01,campaign_1,S5,7,13,91,,2.75,2.3635918022086644,0.01835523460427867,2,False,-0.3864081977913356,0.3864081977913356
S5VF01-20220906-15W,S5VF01,campaign_1,S5,7,15,105,,2.75,2.363586696712839,0.01835546578632471,2,False,-0.38641330328716084,0.38641330328716084
S5VF01-20221102-24W,S5VF01,campaign_1,S5,7,24,168,,2.75,2.3635637219816266,0.01835650610553245,2,False,-0.38643627801837344,0.38643627801837344
S5VF01-20221110-25W,S5VF01,campaign_1,S5,7,25,175,,2.75,2.363561169233714,0.018356621696555706,2,False,-0.38643883076628605,0.38643883076628605
S5VF01-20221206-28W,S5VF01,campaign_1,S5,7,28,196,2.75,2.75,2.363553510989976,0.018356968469624375,2,True,-0.3864464890100239,0.3864464890100239
S5VF02-20220518-0W,S5VF02,campaign_1,S5,7,0,0,,2.45,2.4149923460367972,0.00021414577722245366,2,False,-0.035007653963202934,0.035007653963202934
S5VF02-20220603-2W,S5VF02,campaign_1,S5,7,2,14,,2.45,2.4149875198807096,0.00021398191322312358,2,False,-0.03501248011929059,0.03501248011929059
S5VF02-20220609-3W,S5VF02,campaign_1,S5,7,3,21,,2.45,2.4149851068026655,0.00021389998122338003,2,False,-0.03501489319733464,0.03501489319733464
S5VF02-20220616-4W,S5VF02,campaign_1,S5,7,4,28,,2.45,2.414982693724622,0.0002138180492236365,2,False,-0.035017306275378246,0.035017306275378246
S5VF02-20220623-5W,S5VF02,campaign_1,S5,7,5,35,,2.45,2.4149802806465783,0.00021373611722389296,2,False,-0.03501971935342185,0.03501971935342185
S5VF02-20220630-6W,S5VF02,campaign_1,S5,7,6,42,,2.45,2.4149778675685347,0.00021365418522462044,2,False,-0.03502213243146546,0.03502213243146546
S5VF02-20220708-7W,S5VF02,campaign_1,S5,7,7,49,,2.45,2.4149754544904907,0.00021357225322456288,2,False,-0.03502454550950951,0.03502454550950951
S5VF02-20220714-8W,S5VF02,campaign_1,S5,7,8,56,,2.45,2.414973041412447,0.00021349032122529036,2,False,-0.035026958587553114,0.035026958587553114
S5VF02-20220721-9W,S5VF02,campaign_1,S5,7,9,63,,2.45,2.4149706283344035,0.0002134083892253898,2,False,-0.03502937166559672,0.03502937166559672
S5VF02-20220802-10W,S5VF02,campaign_1,S5,7,10,70,,2.45,2.4149682152563594,0.00021332645722533226,2,False,-0.03503178474364077,0.03503178474364077
S5VF02-20220822-13W,S5VF02,campaign_1,S5,7,13,91,,2.45,2.414960976022228,0.0002130806612261016,2,False,-0.03503902397777203,0.03503902397777203
S5VF02-20220906-15W,S5VF02,campaign_1,S5,7,15,105,,2.45,2.414956149866141,0.00021291679722708554,2,False,-0.035043850133859245,0.035043850133859245
S5VF02-20221102-24W,S5VF02,campaign_1,S5,7,24,168,,2.45,2.414934432163747,0.00021217940922955067,2,False,-0.03506556783625303,0.03506556783625303
S5VF02-20221110-25W,S5VF02,campaign_1,S5,7,25,175,,2.45,2.4149320190857035,0.00021209747723027815,2,False,-0.03506798091429664,0.03506798091429664
S5VF02-20221206-28W,S5VF02,campaign_1,S5,7,28,196,2.45,2.45,2.4149247798515723,0.00021185168123104753,2,True,-0.0350752201484279,0.0350752201484279
S5VF03-20220518-0W,S5VF03,campaign_1,S5,7,0,0,,2.42,2.4535643762083055,0.004418302901823903,2,False,0.033564376208305546,0.033564376208305546
S5VF03-20220603-2W,S5VF03,campaign_1,S5,7,2,14,,2.42,2.4535593656247396,0.004418615713865073,2,False,0.03355936562473971,0.03355936562473971
S5VF03-20220609-3W,S5VF03,campaign_1,S5,7,3,21,,2.42,2.4535568603329567,0.0044187721198858144,2,False,0.033556860332956795,0.033556860332956795
S5VF03-20220616-4W,S5VF03,campaign_1,S5,7,4,28,,2.42,2.453554355041173,0.004418928525906871,2,False,0.03355435504117299,0.03355435504117299
S5VF03-20220623-5W,S5VF03,campaign_1,S5,7,5,35,,2.42,2.45355184974939,0.0044190849319277695,2,False,0.03355184974939007,0.03355184974939007
S5VF03-20220630-6W,S5VF03,campaign_1,S5,7,6,42,,2.42,2.453549344457607,0.00441924133794804,2,False,0.033549344457607155,0.033549344457607155
S5VF03-20220708-7W,S5VF03,campaign_1,S5,7,7,49,,2.42,2.4535468391658237,0.004419397743969254,2,False,0.033546839165823794,0.033546839165823794
S5VF03-20220714-8W,S5VF03,campaign_1,S5,7,8,56,,2.42,2.4535443338740404,0.004419554149989995,2,False,0.03354433387404043,0.03354433387404043
S5VF03-20220721-9W,S5VF03,campaign_1,S5,7,9,63,,2.42,2.4535418285822574,0.004419710556010738,2,False,0.033541828582257516,0.033541828582257516
S5VF03-20220802-10W,S5VF03,campaign_1,S5,7,10,70,,2.42,2.453539323290474,0.004419866962031479,2,False,0.033539323290474155,0.033539323290474155
S5VF03-20220822-13W,S5VF03,campaign_1,S5,7,13,91,,2.42,2.453531807415125,0.004420336180093863,2,False,0.03353180741512496,0.03353180741512496
S5VF03-20220906-15W,S5VF03,campaign_1,S5,7,15,105,,2.42,2.453526796831558,0.004420648992135661,2,False,0.03352679683155824,0.03352679683155824
S5VF03-20221102-24W,S5VF03,campaign_1,S5,7,24,168,,2.42,2.45350424920551,0.004422056646322652,2,False,0.033504249205510206,0.033504249205510206
S5VF03-20221110-25W,S5VF03,campaign_1,S5,7,25,175,,2.42,2.4535017439137263,0.004422213052343709,2,False,0.0335017439137264,0.0335017439137264
S5VF03-20221206-28W,S5VF03,campaign_1,S5,7,28,196,2.42,2.42,2.453494228038377,0.0044226822704060914,2,True,0.033494228038377205,0.033494228038377205
