feature,importance,importance_abs,importance_kind,direction,split_name,repeat_id,fold_id,split_id
img_hsv_v_p10,0.21150908404453767,0.21150908404453767,coefficient,positive,grouped_cv,0,0,grouped_cv_repeat0_fold0
img_brightness_p10,-0.18597103387461428,0.18597103387461428,coefficient,negative,grouped_cv,0,0,grouped_cv_repeat0_fold0
img_strip_rust_p90_pct,-0.1614833305215869,0.1614833305215869,coefficient,negative,grouped_cv,0,0,grouped_cv_repeat0_fold0
split_group_treatment,0.01666871243097623,0.12758408499778062,coefficient,positive,grouped_cv,0,0,grouped_cv_repeat0_fold0
series_id,0.016668712430977176,0.12758408499777696,coefficient,positive,grouped_cv,0,0,grouped_cv_repeat0_fold0
img_strip_rust_std_pct,0.11299976940592785,0.11299976940592785,coefficient,positive,grouped_cv,0,0,grouped_cv_repeat0_fold0
img_b_std,0.10375492698081137,0.10375492698081137,coefficient,positive,grouped_cv,0,0,grouped_cv_repeat0_fold0
treatment_protocol,0.0011309264278120974,0.1006170153833518,coefficient,positive,grouped_cv,0,0,grouped_cv_repeat0_fold0
img_hsv_s_std,-0.09620792088279174,0.09620792088279174,coefficient,negative,grouped_cv,0,0,grouped_cv_repeat0_fold0
img_lbp_mean,0.09556984610587832,0.09556984610587832,coefficient,positive,grouped_cv,0,0,grouped_cv_repeat0_fold0
img_g_mean,-0.08360398109208192,0.08360398109208192,coefficient,negative,grouped_cv,0,0,grouped_cv_repeat0_fold0
campaign_id,0.0,0.07612185018543267,coefficient,positive,grouped_cv,0,0,grouped_cv_repeat0_fold0
img_rust_area_ratio_pct,-0.07484739332501782,0.07484739332501782,coefficient,negative,grouped_cv,0,0,grouped_cv_repeat0_fold0
treatment_coarse,0.0017361918774666842,0.06784315475375872,coefficient,positive,grouped_cv,0,0,grouped_cv_repeat0_fold0
img_b_mean,-0.06688389727064072,0.06688389727064072,coefficient,negative,grouped_cv,0,0,grouped_cv_repeat0_fold0
img_brightness_p90,-0.06644318694196717,0.06644318694196717,coefficient,negative,grouped_cv,0,0,grouped_cv_repeat0_fold0
img_brightness_mean,-0.0636552452426434,0.0636552452426434,coefficient,negative,grouped_cv,0,0,grouped_cv_repeat0_fold0
img_hsv_v_std,0.05859414245226692,0.05859414245226692,coefficient,positive,grouped_cv,0,0,grouped_cv_repeat0_fold0
img_gray_hist_bin_4,-0.058511205671415,0.058511205671415,coefficient,negative,grouped_cv,0,0,grouped_cv_repeat0_fold0
img_hsv_h_p90,0.05788923575567213,0.05788923575567213,coefficient,positive,grouped_cv,0,0,grouped_cv_repeat0_fold0
cover_mm,-0.057425501942098826,0.057425501942098826,coefficient,negative,grouped_cv,0,0,grouped_cv_repeat0_fold0
img_strip_high_count,0.052578487291384216,0.052578487291384216,coefficient,positive,grouped_cv,0,0,grouped_cv_repeat0_fold0
img_hsv_s_mean,0.04878118959683178,0.04878118959683178,coefficient,positive,grouped_cv,0,0,grouped_cv_repeat0_fold0
img_rust_blob_eccentricity_max,0.044275833696909135,0.044275833696909135,coefficient,positive,grouped_cv,0,0,grouped_cv_repeat0_fold0
img_g_std,-0.04237721554924862,0.04237721554924862,coefficient,negative,grouped_cv,0,0,grouped_cv_repeat0_fold0
nacl_pct,-0.03806092509236909,0.03806092509236909,coefficient,negative,grouped_cv,0,0,grouped_cv_repeat0_fold0
n_steel_mesh,0.0380609250923617,0.0380609250923617,coefficient,positive,grouped_cv,0,0,grouped_cv_repeat0_fold0
img_gray_mask_ratio_pct,-0.03712407948103212,0.03712407948103212,coefficient,negative,grouped_cv,0,0,grouped_cv_repeat0_fold0
img_hsv_h_std,-0.036475935908737066,0.036475935908737066,coefficient,negative,grouped_cv,0,0,grouped_cv_repeat0_fold0
img_contrast,-0.035685850859727065,0.035685850859727065,coefficient,negative,grouped_cv,0,0,grouped_cv_repeat0_fold0
img_brightness_std,-0.03568585085972591,0.03568585085972591,coefficient,negative,grouped_cv,0,0,grouped_cv_repeat0_fold0
img_hsv_s_hist_bin_3,-0.034937480487093345,0.034937480487093345,coefficient,negative,grouped_cv,0,0,grouped_cv_repeat0_fold0
img_strip_rust_max_pct,0.03360526381725979,0.03360526381725979,coefficient,positive,grouped_cv,0,0,grouped_cv_repeat0_fold0
img_hsv_s_hist_bin_4,-0.03208385729565292,0.03208385729565292,coefficient,negative,grouped_cv,0,0,grouped_cv_repeat0_fold0
img_gray_hist_bin_7,0.030391191237082876,0.030391191237082876,coefficient,positive,grouped_cv,0,0,grouped_cv_repeat0_fold0
img_rust_blob_largest_ratio_pct,0.0299676329782897,0.0299676329782897,coefficient,positive,grouped_cv,0,0,grouped_cv_repeat0_fold0
img_hsv_h_mean,-0.027135558017791515,0.027135558017791515,coefficient,negative,grouped_cv,0,0,grouped_cv_repeat0_fold0
img_hsv_v_hist_bin_5,-0.027092592371581185,0.027092592371581185,coefficient,negative,grouped_cv,0,0,grouped_cv_repeat0_fold0
img_hsv_h_p10,-0.02654296226251019,0.02654296226251019,coefficient,negative,grouped_cv,0,0,grouped_cv_repeat0_fold0
img_hsv_s_hist_bin_0,0.026212278132127658,0.026212278132127658,coefficient,positive,grouped_cv,0,0,grouped_cv_repeat0_fold0
img_hsv_s_hist_bin_2,-0.025972402694555467,0.025972402694555467,coefficient,negative,grouped_cv,0,0,grouped_cv_repeat0_fold0
img_rust_blob_eccentricity_mean,-0.025463232841173685,0.025463232841173685,coefficient,negative,grouped_cv,0,0,grouped_cv_repeat0_fold0
img_r_std,0.025400978634727962,0.025400978634727962,coefficient,positive,grouped_cv,0,0,grouped_cv_repeat0_fold0
img_hsv_v_hist_bin_7,0.025087231264069167,0.025087231264069167,coefficient,positive,grouped_cv,0,0,grouped_cv_repeat0_fold0
img_hsv_h_hist_bin_3,0.025038649914583655,0.025038649914583655,coefficient,positive,grouped_cv,0,0,grouped_cv_repeat0_fold0
img_hsv_v_hist_bin_0,0.02374257748318718,0.02374257748318718,coefficient,positive,grouped_cv,0,0,grouped_cv_repeat0_fold0
img_hsv_s_hist_bin_6,-0.022728519713473814,0.022728519713473814,coefficient,negative,grouped_cv,0,0,grouped_cv_repeat0_fold0
treatment_label_coarse,-0.0022788341426997916,0.022265473771502786,coefficient,negative,grouped_cv,0,0,grouped_cv_repeat0_fold0
img_rust_blob_count,-0.022223376595296156,0.022223376595296156,coefficient,negative,grouped_cv,0,0,grouped_cv_repeat0_fold0
img_black_mask_ratio_pct,-0.021646424146396018,0.021646424146396018,coefficient,negative,grouped_cv,0,0,grouped_cv_repeat0_fold0
img_glcm_energy,0.02142271553129584,0.02142271553129584,coefficient,positive,grouped_cv,0,0,grouped_cv_repeat0_fold0
img_hsv_v_hist_bin_6,-0.020476609479889333,0.020476609479889333,coefficient,negative,grouped_cv,0,0,grouped_cv_repeat0_fold0
img_glcm_contrast,-0.01723633744086692,0.01723633744086692,coefficient,negative,grouped_cv,0,0,grouped_cv_repeat0_fold0
img_hsv_s_p10,-0.017177071612273474,0.017177071612273474,coefficient,negative,grouped_cv,0,0,grouped_cv_repeat0_fold0
img_hsv_h_hist_bin_4,-0.016828811366356538,0.016828811366356538,coefficient,negative,grouped_cv,0,0,grouped_cv_repeat0_fold0
img_gray_hist_bin_5,-0.0158516865354921,0.0158516865354921,coefficient,negative,grouped_cv,0,0,grouped_cv_repeat0_fold0
img_gray_hist_bin_1,-0.014876278209462088,0.014876278209462088,coefficient,negative,grouped_cv,0,0,grouped_cv_repeat0_fold0
img_lbp_std,0.01433141997616001,0.01433141997616001,coefficient,positive,grouped_cv,0,0,grouped_cv_repeat0_fold0
img_hsv_h_hist_bin_7,0.013303320293874052,0.013303320293874052,coefficient,positive,grouped_cv,0,0,grouped_cv_repeat0_fold0
img_hsv_s_hist_bin_5,0.012807430561135948,0.012807430561135948,coefficient,positive,grouped_cv,0,0,grouped_cv_repeat0_fold0
img_hsv_v_p90,0.011846037945824518,0.011846037945824518,coefficient,positive,grouped_cv,0,0,grouped_cv_repeat0_fold0
img_gray_hist_bin_0,0.011347536036148817,0.011347536036148817,coefficient,positive,grouped_cv,0,0,grouped_cv_repeat0_fold0
img_rust_center_of_mass_cm,0.011347505894284403,0.011347505894284403,coefficient,positive,grouped_cv,0,0,grouped_cv_repeat0_fold0
img_r_mean,-0.011186215009464817,0.011186215009464817,coefficient,negative,grouped_cv,0,0,grouped_cv_repeat0_fold0
img_rust_blob_mean_ratio_pct,-0.010287411706142323,0.010287411706142323,coefficient,negative,grouped_cv,0,0,grouped_cv_repeat0_fold0
img_gray_hist_bin_2,0.010192800389590062,0.010192800389590062,coefficient,positive,grouped_cv,0,0,grouped_cv_repeat0_fold0
img_hsv_v_hist_bin_2,0.009759514766735627,0.009759514766735627,coefficient,positive,grouped_cv,0,0,grouped_cv_repeat0_fold0
img_hsv_h_hist_bin_0,-0.009189240936113775,0.009189240936113775,coefficient,negative,grouped_cv,0,0,grouped_cv_repeat0_fold0
img_hsv_h_hist_bin_1,0.009029340759691144,0.009029340759691144,coefficient,positive,grouped_cv,0,0,grouped_cv_repeat0_fold0
img_hsv_h_hist_bin_2,-0.008781099999252027,0.008781099999252027,coefficient,negative,grouped_cv,0,0,grouped_cv_repeat0_fold0
img_gray_hist_bin_3,-0.008133016129405308,0.008133016129405308,coefficient,negative,grouped_cv,0,0,grouped_cv_repeat0_fold0
week,0.007728711793608029,0.007728711793608029,coefficient,positive,grouped_cv,0,0,grouped_cv_repeat0_fold0
ageing_days,0.007728711793577315,0.007728711793577315,coefficient,positive,grouped_cv,0,0,grouped_cv_repeat0_fold0
img_hsv_v_hist_bin_3,-0.0064502964722911345,0.0064502964722911345,coefficient,negative,grouped_cv,0,0,grouped_cv_repeat0_fold0
img_glcm_homogeneity,0.005300413837204714,0.005300413837204714,coefficient,positive,grouped_cv,0,0,grouped_cv_repeat0_fold0
img_hsv_h_hist_bin_5,-0.0034286882441738617,0.0034286882441738617,coefficient,negative,grouped_cv,0,0,grouped_cv_repeat0_fold0
img_hsv_h_hist_bin_6,0.0034142664414366624,0.0034142664414366624,coefficient,positive,grouped_cv,0,0,grouped_cv_repeat0_fold0
img_hsv_v_hist_bin_1,0.0026951885409018405,0.0026951885409018405,coefficient,positive,grouped_cv,0,0,grouped_cv_repeat0_fold0
img_strip_peak_location_cm,-0.0023849909328583683,0.0023849909328583683,coefficient,negative,grouped_cv,0,0,grouped_cv_repeat0_fold0
img_hsv_s_hist_bin_7,-0.0019148806034970558,0.0019148806034970558,coefficient,negative,grouped_cv,0,0,grouped_cv_repeat0_fold0
img_hsv_s_hist_bin_1,-0.0017336818861677802,0.0017336818861677802,coefficient,negative,grouped_cv,0,0,grouped_cv_repeat0_fold0
img_edge_to_center_rust_ratio,-0.0012343584151286383,0.0012343584151286383,coefficient,negative,grouped_cv,0,0,grouped_cv_repeat0_fold0
img_hsv_s_p90,0.001167234228839403,0.001167234228839403,coefficient,positive,grouped_cv,0,0,grouped_cv_repeat0_fold0
img_hsv_v_hist_bin_4,-0.0007807635738271299,0.0007807635738271299,coefficient,negative,grouped_cv,0,0,grouped_cv_repeat0_fold0
img_gray_hist_bin_6,-0.0004990144708902542,0.0004990144708902542,coefficient,negative,grouped_cv,0,0,grouped_cv_repeat0_fold0
img_strip_rust_mean_pct,-0.00030479627656959847,0.00030479627656959847,coefficient,negative,grouped_cv,0,0,grouped_cv_repeat0_fold0
img_hsv_v_mean,0.00023054114356009387,0.00023054114356009387,coefficient,positive,grouped_cv,0,0,grouped_cv_repeat0_fold0
img_strip_count,0.0,0.0,coefficient,positive,grouped_cv,0,0,grouped_cv_repeat0_fold0
img_r_std,0.1617560947631494,0.1617560947631494,coefficient,positive,grouped_cv,0,1,grouped_cv_repeat0_fold1
treatment_protocol,0.011464099897820896,0.16137860127022885,coefficient,positive,grouped_cv,0,1,grouped_cv_repeat0_fold1
img_rust_blob_largest_ratio_pct,0.1602601547728219,0.1602601547728219,coefficient,positive,grouped_cv,0,1,grouped_cv_repeat0_fold1
split_group_treatment,0.018212760200470662,0.156706820768708,coefficient,positive,grouped_cv,0,1,grouped_cv_repeat0_fold1
series_id,0.018212760200426906,0.15670682076869344,coefficient,positive,grouped_cv,0,1,grouped_cv_repeat0_fold1
img_strip_rust_p90_pct,-0.15374605455589962,0.15374605455589962,coefficient,negative,grouped_cv,0,1,grouped_cv_repeat0_fold1
img_g_std,-0.15077364913406086,0.15077364913406086,coefficient,negative,grouped_cv,0,1,grouped_cv_repeat0_fold1
img_hsv_v_std,0.14484518859741086,0.14484518859741086,coefficient,positive,grouped_cv,0,1,grouped_cv_repeat0_fold1
img_contrast,-0.13467259277183363,0.13467259277183363,coefficient,negative,grouped_cv,0,1,grouped_cv_repeat0_fold1
img_brightness_std,-0.13467259277181606,0.13467259277181606,coefficient,negative,grouped_cv,0,1,grouped_cv_repeat0_fold1
img_strip_high_count,0.1268085342783706,0.1268085342783706,coefficient,positive,grouped_cv,0,1,grouped_cv_repeat0_fold1
img_strip_rust_std_pct,0.11507319366115869,0.11507319366115869,coefficient,positive,grouped_cv,0,1,grouped_cv_repeat0_fold1
img_strip_rust_mean_pct,-0.11449240043100817,0.11449240043100817,coefficient,negative,grouped_cv,0,1,grouped_cv_repeat0_fold1
img_b_std,0.1110489488416857,0.1110489488416857,coefficient,positive,grouped_cv,0,1,grouped_cv_repeat0_fold1
img_rust_area_ratio_pct,-0.097723515569495,0.097723515569495,coefficient,negative,grouped_cv,0,1,grouped_cv_repeat0_fold1
img_hsv_v_hist_bin_0,0.09467695045111456,0.09467695045111456,coefficient,positive,grouped_cv,0,1,grouped_cv_repeat0_fold1
campaign_id,4.163336342344337e-17,0.09410142294905764,coefficient,positive,grouped_cv,0,1,grouped_cv_repeat0_fold1
img_hsv_s_hist_bin_5,0.08725598396652721,0.08725598396652721,coefficient,positive,grouped_cv,0,1,grouped_cv_repeat0_fold1
img_strip_rust_max_pct,-0.08189636515636313,0.08189636515636313,coefficient,negative,grouped_cv,0,1,grouped_cv_repeat0_fold1
img_brightness_p10,0.07809000548108137,0.07809000548108137,coefficient,positive,grouped_cv,0,1,grouped_cv_repeat0_fold1
img_hsv_s_p90,0.0773460715876529,0.0773460715876529,coefficient,positive,grouped_cv,0,1,grouped_cv_repeat0_fold1
img_hsv_s_std,0.07486316194910432,0.07486316194910432,coefficient,positive,grouped_cv,0,1,grouped_cv_repeat0_fold1
img_gray_hist_bin_4,-0.0709026308691473,0.0709026308691473,coefficient,negative,grouped_cv,0,1,grouped_cv_repeat0_fold1
img_hsv_h_std,-0.07011103591527182,0.07011103591527182,coefficient,negative,grouped_cv,0,1,grouped_cv_repeat0_fold1
img_gray_hist_bin_2,-0.06145872927517394,0.06145872927517394,coefficient,negative,grouped_cv,0,1,grouped_cv_repeat0_fold1
img_hsv_h_p10,-0.06048890800378813,0.06048890800378813,coefficient,negative,grouped_cv,0,1,grouped_cv_repeat0_fold1
img_lbp_mean,0.058015688142168786,0.058015688142168786,coefficient,positive,grouped_cv,0,1,grouped_cv_repeat0_fold1
treatment_coarse,-0.010353279149753189,0.057042145857969795,coefficient,negative,grouped_cv,0,1,grouped_cv_repeat0_fold1
img_black_mask_ratio_pct,-0.0569815244517162,0.0569815244517162,coefficient,negative,grouped_cv,0,1,grouped_cv_repeat0_fold1
img_glcm_homogeneity,0.05452587525179414,0.05452587525179414,coefficient,positive,grouped_cv,0,1,grouped_cv_repeat0_fold1
img_hsv_s_hist_bin_4,0.05352564856470602,0.05352564856470602,coefficient,positive,grouped_cv,0,1,grouped_cv_repeat0_fold1
img_hsv_h_hist_bin_7,0.05012542414107232,0.05012542414107232,coefficient,positive,grouped_cv,0,1,grouped_cv_repeat0_fold1
img_g_mean,-0.04916234659572911,0.04916234659572911,coefficient,negative,grouped_cv,0,1,grouped_cv_repeat0_fold1
img_rust_blob_eccentricity_max,0.04915350803406063,0.04915350803406063,coefficient,positive,grouped_cv,0,1,grouped_cv_repeat0_fold1
n_steel_mesh,0.04705071147388541,0.04705071147388541,coefficient,positive,grouped_cv,0,1,grouped_cv_repeat0_fold1
nacl_pct,-0.047050711473881325,0.047050711473881325,coefficient,negative,grouped_cv,0,1,grouped_cv_repeat0_fold1
img_hsv_v_hist_bin_2,-0.04590369208213623,0.04590369208213623,coefficient,negative,grouped_cv,0,1,grouped_cv_repeat0_fold1
img_hsv_v_p90,-0.04565494488375989,0.04565494488375989,coefficient,negative,grouped_cv,0,1,grouped_cv_repeat0_fold1
img_b_mean,-0.044266034899879694,0.044266034899879694,coefficient,negative,grouped_cv,0,1,grouped_cv_repeat0_fold1
img_hsv_s_hist_bin_3,-0.042808700930142274,0.042808700930142274,coefficient,negative,grouped_cv,0,1,grouped_cv_repeat0_fold1
img_hsv_s_mean,0.04167459893374652,0.04167459893374652,coefficient,positive,grouped_cv,0,1,grouped_cv_repeat0_fold1
img_brightness_mean,-0.041339230726343164,0.041339230726343164,coefficient,negative,grouped_cv,0,1,grouped_cv_repeat0_fold1
img_hsv_h_p90,0.03756152934417361,0.03756152934417361,coefficient,positive,grouped_cv,0,1,grouped_cv_repeat0_fold1
treatment_label_coarse,-0.008845112319672388,0.03615046133899071,coefficient,negative,grouped_cv,0,1,grouped_cv_repeat0_fold1
img_rust_blob_count,-0.035293694942773915,0.035293694942773915,coefficient,negative,grouped_cv,0,1,grouped_cv_repeat0_fold1
img_hsv_v_hist_bin_4,0.035008412120590665,0.035008412120590665,coefficient,positive,grouped_cv,0,1,grouped_cv_repeat0_fold1
img_hsv_h_hist_bin_4,0.034164968470303925,0.034164968470303925,coefficient,positive,grouped_cv,0,1,grouped_cv_repeat0_fold1
img_rust_blob_eccentricity_mean,-0.0333614338257568,0.0333614338257568,coefficient,negative,grouped_cv,0,1,grouped_cv_repeat0_fold1
img_glcm_contrast,-0.033146853981991825,0.033146853981991825,coefficient,negative,grouped_cv,0,1,grouped_cv_repeat0_fold1
img_hsv_v_mean,0.032705747571612334,0.032705747571612334,coefficient,positive,grouped_cv,0,1,grouped_cv_repeat0_fold1
img_gray_hist_bin_1,0.03141860603378318,0.03141860603378318,coefficient,positive,grouped_cv,0,1,grouped_cv_repeat0_fold1
img_hsv_s_p10,-0.031172894779842194,0.031172894779842194,coefficient,negative,grouped_cv,0,1,grouped_cv_repeat0_fold1
img_gray_hist_bin_7,0.030197969370040073,0.030197969370040073,coefficient,positive,grouped_cv,0,1,grouped_cv_repeat0_fold1
img_gray_mask_ratio_pct,0.02909207098519239,0.02909207098519239,coefficient,positive,grouped_cv,0,1,grouped_cv_repeat0_fold1
img_hsv_h_hist_bin_3,0.02712857973386382,0.02712857973386382,coefficient,positive,grouped_cv,0,1,grouped_cv_repeat0_fold1
img_lbp_std,0.026100880683279506,0.026100880683279506,coefficient,positive,grouped_cv,0,1,grouped_cv_repeat0_fold1
img_glcm_energy,-0.024914767012186374,0.024914767012186374,coefficient,negative,grouped_cv,0,1,grouped_cv_repeat0_fold1
img_hsv_s_hist_bin_2,-0.02464798550790487,0.02464798550790487,coefficient,negative,grouped_cv,0,1,grouped_cv_repeat0_fold1
img_brightness_p90,-0.024324431912503042,0.024324431912503042,coefficient,negative,grouped_cv,0,1,grouped_cv_repeat0_fold1
img_hsv_v_hist_bin_5,-0.023744045356688018,0.023744045356688018,coefficient,negative,grouped_cv,0,1,grouped_cv_repeat0_fold1
img_hsv_h_hist_bin_5,-0.02077879698409327,0.02077879698409327,coefficient,negative,grouped_cv,0,1,grouped_cv_repeat0_fold1
img_gray_hist_bin_3,-0.02039768200271087,0.02039768200271087,coefficient,negative,grouped_cv,0,1,grouped_cv_repeat0_fold1
img_strip_peak_location_cm,-0.018234318993759026,0.018234318993759026,coefficient,negative,grouped_cv,0,1,grouped_cv_repeat0_fold1
img_hsv_h_hist_bin_2,-0.017337216295724982,0.017337216295724982,coefficient,negative,grouped_cv,0,1,grouped_cv_repeat0_fold1
img_hsv_s_hist_bin_1,-0.01682197958553238,0.01682197958553238,coefficient,negative,grouped_cv,0,1,grouped_cv_repeat0_fold1
img_hsv_v_p10,0.016676176014057034,0.016676176014057034,coefficient,positive,grouped_cv,0,1,grouped_cv_repeat0_fold1
img_hsv_v_hist_bin_6,-0.016469506976533738,0.016469506976533738,coefficient,negative,grouped_cv,0,1,grouped_cv_repeat0_fold1
img_hsv_s_hist_bin_0,0.016215418574343575,0.016215418574343575,coefficient,positive,grouped_cv,0,1,grouped_cv_repeat0_fold1
img_rust_center_of_mass_cm,0.015190917388350288,0.015190917388350288,coefficient,positive,grouped_cv,0,1,grouped_cv_repeat0_fold1
img_hsv_v_hist_bin_3,-0.013873583208017402,0.013873583208017402,coefficient,negative,grouped_cv,0,1,grouped_cv_repeat0_fold1
img_hsv_v_hist_bin_7,0.013662982978615616,0.013662982978615616,coefficient,positive,grouped_cv,0,1,grouped_cv_repeat0_fold1
img_rust_blob_mean_ratio_pct,-0.012077714093961047,0.012077714093961047,coefficient,negative,grouped_cv,0,1,grouped_cv_repeat0_fold1
img_hsv_h_mean,-0.008545192115892867,0.008545192115892867,coefficient,negative,grouped_cv,0,1,grouped_cv_repeat0_fold1
img_hsv_v_hist_bin_1,0.00836059540664761,0.00836059540664761,coefficient,positive,grouped_cv,0,1,grouped_cv_repeat0_fold1
img_gray_hist_bin_6,0.007931421187808884,0.007931421187808884,coefficient,positive,grouped_cv,0,1,grouped_cv_repeat0_fold1
img_hsv_s_hist_bin_7,-0.007772524449078148,0.007772524449078148,coefficient,negative,grouped_cv,0,1,grouped_cv_repeat0_fold1
img_r_mean,0.007609839896593629,0.007609839896593629,coefficient,positive,grouped_cv,0,1,grouped_cv_repeat0_fold1
img_gray_hist_bin_0,-0.005571139410522147,0.005571139410522147,coefficient,negative,grouped_cv,0,1,grouped_cv_repeat0_fold1
ageing_days,-0.005237729086635125,0.005237729086635125,coefficient,negative,grouped_cv,0,1,grouped_cv_repeat0_fold1
week,-0.0052377290866287216,0.0052377290866287216,coefficient,negative,grouped_cv,0,1,grouped_cv_repeat0_fold1
img_hsv_h_hist_bin_1,0.003949915083855115,0.003949915083855115,coefficient,positive,grouped_cv,0,1,grouped_cv_repeat0_fold1
img_gray_hist_bin_5,0.003408859230898645,0.003408859230898645,coefficient,positive,grouped_cv,0,1,grouped_cv_repeat0_fold1
cover_mm,0.003131963921006416,0.003131963921006416,coefficient,positive,grouped_cv,0,1,grouped_cv_repeat0_fold1
img_hsv_h_hist_bin_0,-0.00303791314739893,0.00303791314739893,coefficient,negative,grouped_cv,0,1,grouped_cv_repeat0_fold1
img_hsv_h_hist_bin_6,-0.0030089622224665443,0.0030089622224665443,coefficient,negative,grouped_cv,0,1,grouped_cv_repeat0_fold1
img_edge_to_center_rust_ratio,-0.00125527271893193,0.00125527271893193,coefficient,negative,grouped_cv,0,1,grouped_cv_repeat0_fold1
img_hsv_s_hist_bin_6,-0.0011907820004396193,0.0011907820004396193,coefficient,negative,grouped_cv,0,1,grouped_cv_repeat0_fold1
img_strip_count,0.0,0.0,coefficient,positive,grouped_cv,0,1,grouped_cv_repeat0_fold1
series_id,0.026769812057369446,0.17239723831652357,coefficient,positive,grouped_cv,0,2,grouped_cv_repeat0_fold2
split_group_treatment,0.02676981205741963,0.1723972383164989,coefficient,positive,grouped_cv,0,2,grouped_cv_repeat0_fold2
treatment_protocol,0.0032678879346096645,0.13867880804857968,coefficient,positive,grouped_cv,0,2,grouped_cv_repeat0_fold2
img_hsv_s_p90,0.13503159166501166,0.13503159166501166,coefficient,positive,grouped_cv,0,2,grouped_cv_repeat0_fold2
img_hsv_v_std,0.1297728396982765,0.1297728396982765,coefficient,positive,grouped_cv,0,2,grouped_cv_repeat0_fold2
img_strip_rust_p90_pct,-0.12569437413925222,0.12569437413925222,coefficient,negative,grouped_cv,0,2,grouped_cv_repeat0_fold2
img_rust_blob_largest_ratio_pct,0.11595155040157137,0.11595155040157137,coefficient,positive,grouped_cv,0,2,grouped_cv_repeat0_fold2
img_strip_high_count,0.10585748359111505,0.10585748359111505,coefficient,positive,grouped_cv,0,2,grouped_cv_repeat0_fold2
img_r_std,0.10472012919457192,0.10472012919457192,coefficient,positive,grouped_cv,0,2,grouped_cv_repeat0_fold2
img_g_std,-0.10047825981849591,0.10047825981849591,coefficient,negative,grouped_cv,0,2,grouped_cv_repeat0_fold2
campaign_id,2.157996004115148e-15,0.09981082074782016,coefficient,positive,grouped_cv,0,2,grouped_cv_repeat0_fold2
img_contrast,-0.09795611820669822,0.09795611820669822,coefficient,negative,grouped_cv,0,2,grouped_cv_repeat0_fold2
img_brightness_std,-0.09795611820668995,0.09795611820668995,coefficient,negative,grouped_cv,0,2,grouped_cv_repeat0_fold2
img_gray_hist_bin_2,-0.08135334048407004,0.08135334048407004,coefficient,negative,grouped_cv,0,2,grouped_cv_repeat0_fold2
img_glcm_homogeneity,0.07912625835805584,0.07912625835805584,coefficient,positive,grouped_cv,0,2,grouped_cv_repeat0_fold2
img_b_std,0.06932048994288177,0.06932048994288177,coefficient,positive,grouped_cv,0,2,grouped_cv_repeat0_fold2
img_gray_mask_ratio_pct,0.060501810068381776,0.060501810068381776,coefficient,positive,grouped_cv,0,2,grouped_cv_repeat0_fold2
img_hsv_v_p90,-0.060436488879115326,0.060436488879115326,coefficient,negative,grouped_cv,0,2,grouped_cv_repeat0_fold2
img_lbp_mean,0.059330133849495315,0.059330133849495315,coefficient,positive,grouped_cv,0,2,grouped_cv_repeat0_fold2
img_rust_center_of_mass_cm,0.056806727206814865,0.056806727206814865,coefficient,positive,grouped_cv,0,2,grouped_cv_repeat0_fold2
img_glcm_energy,-0.0553588608323338,0.0553588608323338,coefficient,negative,grouped_cv,0,2,grouped_cv_repeat0_fold2
img_hsv_v_mean,0.05491999723403651,0.05491999723403651,coefficient,positive,grouped_cv,0,2,grouped_cv_repeat0_fold2
img_lbp_std,0.05266552177369888,0.05266552177369888,coefficient,positive,grouped_cv,0,2,grouped_cv_repeat0_fold2
img_hsv_v_hist_bin_4,0.050514463755866434,0.050514463755866434,coefficient,positive,grouped_cv,0,2,grouped_cv_repeat0_fold2
nacl_pct,-0.049905410373947745,0.049905410373947745,coefficient,negative,grouped_cv,0,2,grouped_cv_repeat0_fold2
n_steel_mesh,0.049905410373946434,0.049905410373946434,coefficient,positive,grouped_cv,0,2,grouped_cv_repeat0_fold2
img_r_mean,0.04908490927885713,0.04908490927885713,coefficient,positive,grouped_cv,0,2,grouped_cv_repeat0_fold2
img_hsv_h_mean,-0.0428652156600334,0.0428652156600334,coefficient,negative,grouped_cv,0,2,grouped_cv_repeat0_fold2
img_hsv_v_hist_bin_0,0.04115792590211382,0.04115792590211382,coefficient,positive,grouped_cv,0,2,grouped_cv_repeat0_fold2
img_gray_hist_bin_3,-0.04092257686446081,0.04092257686446081,coefficient,negative,grouped_cv,0,2,grouped_cv_repeat0_fold2
img_strip_peak_location_cm,-0.040424082827128685,0.040424082827128685,coefficient,negative,grouped_cv,0,2,grouped_cv_repeat0_fold2
img_hsv_s_p10,-0.04023482811151867,0.04023482811151867,coefficient,negative,grouped_cv,0,2,grouped_cv_repeat0_fold2
img_brightness_p90,-0.038287226413794194,0.038287226413794194,coefficient,negative,grouped_cv,0,2,grouped_cv_repeat0_fold2
treatment_coarse,-0.011329601975200367,0.03811541509017814,coefficient,negative,grouped_cv,0,2,grouped_cv_repeat0_fold2
img_rust_blob_count,-0.03755384694194253,0.03755384694194253,coefficient,negative,grouped_cv,0,2,grouped_cv_repeat0_fold2
img_hsv_h_p10,-0.034300256609173345,0.034300256609173345,coefficient,negative,grouped_cv,0,2,grouped_cv_repeat0_fold2
img_gray_hist_bin_4,-0.0339729141827671,0.0339729141827671,coefficient,negative,grouped_cv,0,2,grouped_cv_repeat0_fold2
img_hsv_h_std,-0.032392348888862416,0.032392348888862416,coefficient,negative,grouped_cv,0,2,grouped_cv_repeat0_fold2
img_strip_rust_std_pct,0.03161741659182933,0.03161741659182933,coefficient,positive,grouped_cv,0,2,grouped_cv_repeat0_fold2
img_brightness_p10,0.03139741852164632,0.03139741852164632,coefficient,positive,grouped_cv,0,2,grouped_cv_repeat0_fold2
img_hsv_h_hist_bin_7,0.030762765688829054,0.030762765688829054,coefficient,positive,grouped_cv,0,2,grouped_cv_repeat0_fold2
img_gray_hist_bin_6,0.030620474328561968,0.030620474328561968,coefficient,positive,grouped_cv,0,2,grouped_cv_repeat0_fold2
img_g_mean,-0.03029320506087918,0.03029320506087918,coefficient,negative,grouped_cv,0,2,grouped_cv_repeat0_fold2
treatment_label_coarse,-0.004261880292989021,0.02911632188503606,coefficient,negative,grouped_cv,0,2,grouped_cv_repeat0_fold2
img_gray_hist_bin_5,0.028808198020042933,0.028808198020042933,coefficient,positive,grouped_cv,0,2,grouped_cv_repeat0_fold2
img_hsv_s_hist_bin_5,0.027163752718533357,0.027163752718533357,coefficient,positive,grouped_cv,0,2,grouped_cv_repeat0_fold2
img_gray_hist_bin_1,-0.027098593606656726,0.027098593606656726,coefficient,negative,grouped_cv,0,2,grouped_cv_repeat0_fold2
img_hsv_v_hist_bin_2,-0.026203556875610972,0.026203556875610972,coefficient,negative,grouped_cv,0,2,grouped_cv_repeat0_fold2
img_hsv_h_p90,0.02566013525558468,0.02566013525558468,coefficient,positive,grouped_cv,0,2,grouped_cv_repeat0_fold2
img_hsv_s_std,0.0250770123927241,0.0250770123927241,coefficient,positive,grouped_cv,0,2,grouped_cv_repeat0_fold2
img_hsv_v_p10,0.024184370070531733,0.024184370070531733,coefficient,positive,grouped_cv,0,2,grouped_cv_repeat0_fold2
img_rust_blob_mean_ratio_pct,-0.023977784247196075,0.023977784247196075,coefficient,negative,grouped_cv,0,2,grouped_cv_repeat0_fold2
img_strip_rust_mean_pct,0.023814005732584794,0.023814005732584794,coefficient,positive,grouped_cv,0,2,grouped_cv_repeat0_fold2
img_hsv_v_hist_bin_6,-0.023610891903687734,0.023610891903687734,coefficient,negative,grouped_cv,0,2,grouped_cv_repeat0_fold2
img_hsv_s_mean,-0.023408702784582396,0.023408702784582396,coefficient,negative,grouped_cv,0,2,grouped_cv_repeat0_fold2
img_hsv_s_hist_bin_3,-0.022911812164339913,0.022911812164339913,coefficient,negative,grouped_cv,0,2,grouped_cv_repeat0_fold2
cover_mm,0.022570413370395944,0.022570413370395944,coefficient,positive,grouped_cv,0,2,grouped_cv_repeat0_fold2
img_hsv_h_hist_bin_3,0.020307931120296826,0.020307931120296826,coefficient,positive,grouped_cv,0,2,grouped_cv_repeat0_fold2
img_hsv_v_hist_bin_5,-0.02002193486517884,0.02002193486517884,coefficient,negative,grouped_cv,0,2,grouped_cv_repeat0_fold2
img_black_mask_ratio_pct,-0.013399859148895655,0.013399859148895655,coefficient,negative,grouped_cv,0,2,grouped_cv_repeat0_fold2
img_hsv_v_hist_bin_3,-0.01149937705136211,0.01149937705136211,coefficient,negative,grouped_cv,0,2,grouped_cv_repeat0_fold2
img_hsv_v_hist_bin_7,0.010214791785998876,0.010214791785998876,coefficient,positive,grouped_cv,0,2,grouped_cv_repeat0_fold2
img_brightness_mean,-0.00936484813142724,0.00936484813142724,coefficient,negative,grouped_cv,0,2,grouped_cv_repeat0_fold2
img_rust_blob_eccentricity_max,0.00921694199212306,0.00921694199212306,coefficient,positive,grouped_cv,0,2,grouped_cv_repeat0_fold2
img_hsv_h_hist_bin_6,-0.009146548326249466,0.009146548326249466,coefficient,negative,grouped_cv,0,2,grouped_cv_repeat0_fold2
img_hsv_h_hist_bin_5,0.00816653683214196,0.00816653683214196,coefficient,positive,grouped_cv,0,2,grouped_cv_repeat0_fold2
img_strip_rust_max_pct,-0.008124441991567442,0.008124441991567442,coefficient,negative,grouped_cv,0,2,grouped_cv_repeat0_fold2
img_hsv_h_hist_bin_4,-0.007995178121565182,0.007995178121565182,coefficient,negative,grouped_cv,0,2,grouped_cv_repeat0_fold2
img_hsv_h_hist_bin_2,0.007299090976963823,0.007299090976963823,coefficient,positive,grouped_cv,0,2,grouped_cv_repeat0_fold2
img_hsv_h_hist_bin_0,-0.0066105032209308155,0.0066105032209308155,coefficient,negative,grouped_cv,0,2,grouped_cv_repeat0_fold2
img_hsv_s_hist_bin_7,-0.006223618558666925,0.006223618558666925,coefficient,negative,grouped_cv,0,2,grouped_cv_repeat0_fold2
img_glcm_contrast,-0.006118773242392507,0.006118773242392507,coefficient,negative,grouped_cv,0,2,grouped_cv_repeat0_fold2
img_rust_area_ratio_pct,0.0056031951557681155,0.0056031951557681155,coefficient,positive,grouped_cv,0,2,grouped_cv_repeat0_fold2
img_hsv_s_hist_bin_4,0.0053497116707353146,0.0053497116707353146,coefficient,positive,grouped_cv,0,2,grouped_cv_repeat0_fold2
img_hsv_h_hist_bin_1,0.004763155751034282,0.004763155751034282,coefficient,positive,grouped_cv,0,2,grouped_cv_repeat0_fold2
img_b_mean,0.004743915675574779,0.004743915675574779,coefficient,positive,grouped_cv,0,2,grouped_cv_repeat0_fold2
img_hsv_s_hist_bin_0,0.004360399683809725,0.004360399683809725,coefficient,positive,grouped_cv,0,2,grouped_cv_repeat0_fold2
img_rust_blob_eccentricity_mean,0.0041468905565052415,0.0041468905565052415,coefficient,positive,grouped_cv,0,2,grouped_cv_repeat0_fold2
img_hsv_s_hist_bin_1,-0.003745033763038825,0.003745033763038825,coefficient,negative,grouped_cv,0,2,grouped_cv_repeat0_fold2
week,-0.002685113728581676,0.002685113728581676,coefficient,negative,grouped_cv,0,2,grouped_cv_repeat0_fold2
ageing_days,-0.0026851137285692447,0.0026851137285692447,coefficient,negative,grouped_cv,0,2,grouped_cv_repeat0_fold2
img_edge_to_center_rust_ratio,0.002324814346489043,0.002324814346489043,coefficient,positive,grouped_cv,0,2,grouped_cv_repeat0_fold2
img_hsv_s_hist_bin_6,-0.002013206540223556,0.002013206540223556,coefficient,negative,grouped_cv,0,2,grouped_cv_repeat0_fold2
img_hsv_v_hist_bin_1,-0.001639899008513515,0.001639899008513515,coefficient,negative,grouped_cv,0,2,grouped_cv_repeat0_fold2
img_gray_hist_bin_7,-0.0009808816896145491,0.0009808816896145491,coefficient,negative,grouped_cv,0,2,grouped_cv_repeat0_fold2
img_hsv_s_hist_bin_2,-0.0007626907697302437,0.0007626907697302437,coefficient,negative,grouped_cv,0,2,grouped_cv_repeat0_fold2
img_gray_hist_bin_0,-0.00014137368309811624,0.00014137368309811624,coefficient,negative,grouped_cv,0,2,grouped_cv_repeat0_fold2
img_strip_count,0.0,0.0,coefficient,positive,grouped_cv,0,2,grouped_cv_repeat0_fold2
series_id,0.02155852238232191,0.16858619609505576,coefficient,positive,grouped_cv,0,3,grouped_cv_repeat0_fold3
split_group_treatment,0.02155852238228395,0.16858619609502645,coefficient,positive,grouped_cv,0,3,grouped_cv_repeat0_fold3
treatment_protocol,0.007710504108574906,0.16014763112517144,coefficient,positive,grouped_cv,0,3,grouped_cv_repeat0_fold3
img_strip_high_count,0.15006111210010004,0.15006111210010004,coefficient,positive,grouped_cv,0,3,grouped_cv_repeat0_fold3
img_gray_hist_bin_2,-0.11907427318425984,0.11907427318425984,coefficient,negative,grouped_cv,0,3,grouped_cv_repeat0_fold3
img_strip_rust_std_pct,0.1100135225167283,0.1100135225167283,coefficient,positive,grouped_cv,0,3,grouped_cv_repeat0_fold3
img_brightness_p90,-0.10428597061223935,0.10428597061223935,coefficient,negative,grouped_cv,0,3,grouped_cv_repeat0_fold3
campaign_id,1.6840695504782843e-13,0.10105895115139107,coefficient,positive,grouped_cv,0,3,grouped_cv_repeat0_fold3
img_strip_rust_p90_pct,-0.09715243069514498,0.09715243069514498,coefficient,negative,grouped_cv,0,3,grouped_cv_repeat0_fold3
img_r_std,0.09548549295024303,0.09548549295024303,coefficient,positive,grouped_cv,0,3,grouped_cv_repeat0_fold3
img_glcm_homogeneity,0.09260583278072425,0.09260583278072425,coefficient,positive,grouped_cv,0,3,grouped_cv_repeat0_fold3
img_hsv_v_std,0.08925181374316157,0.08925181374316157,coefficient,positive,grouped_cv,0,3,grouped_cv_repeat0_fold3
img_gray_hist_bin_3,-0.08722331691741422,0.08722331691741422,coefficient,negative,grouped_cv,0,3,grouped_cv_repeat0_fold3
img_hsv_v_p90,-0.08416523404467437,0.08416523404467437,coefficient,negative,grouped_cv,0,3,grouped_cv_repeat0_fold3
img_strip_rust_max_pct,-0.07972265155748667,0.07972265155748667,coefficient,negative,grouped_cv,0,3,grouped_cv_repeat0_fold3
treatment_coarse,-0.007130806807616748,0.0752423632899277,coefficient,negative,grouped_cv,0,3,grouped_cv_repeat0_fold3
img_hsv_v_mean,0.0734361284741806,0.0734361284741806,coefficient,positive,grouped_cv,0,3,grouped_cv_repeat0_fold3
img_r_mean,0.06514369135967148,0.06514369135967148,coefficient,positive,grouped_cv,0,3,grouped_cv_repeat0_fold3
img_gray_hist_bin_4,-0.06337739867687027,0.06337739867687027,coefficient,negative,grouped_cv,0,3,grouped_cv_repeat0_fold3
img_b_mean,-0.06277685539205437,0.06277685539205437,coefficient,negative,grouped_cv,0,3,grouped_cv_repeat0_fold3
img_brightness_p10,0.06119914707324826,0.06119914707324826,coefficient,positive,grouped_cv,0,3,grouped_cv_repeat0_fold3
img_contrast,-0.06115869490677377,0.06115869490677377,coefficient,negative,grouped_cv,0,3,grouped_cv_repeat0_fold3
img_brightness_std,-0.06115869490677044,0.06115869490677044,coefficient,negative,grouped_cv,0,3,grouped_cv_repeat0_fold3
img_hsv_s_hist_bin_5,0.05962481320717929,0.05962481320717929,coefficient,positive,grouped_cv,0,3,grouped_cv_repeat0_fold3
img_lbp_mean,0.05914719726999676,0.05914719726999676,coefficient,positive,grouped_cv,0,3,grouped_cv_repeat0_fold3
img_hsv_s_std,0.05811621461558552,0.05811621461558552,coefficient,positive,grouped_cv,0,3,grouped_cv_repeat0_fold3
img_gray_hist_bin_7,0.05516837443937144,0.05516837443937144,coefficient,positive,grouped_cv,0,3,grouped_cv_repeat0_fold3
img_rust_blob_largest_ratio_pct,0.052918994448779955,0.052918994448779955,coefficient,positive,grouped_cv,0,3,grouped_cv_repeat0_fold3
n_steel_mesh,0.050529475576174196,0.050529475576174196,coefficient,positive,grouped_cv,0,3,grouped_cv_repeat0_fold3
nacl_pct,-0.05052947557615769,0.05052947557615769,coefficient,negative,grouped_cv,0,3,grouped_cv_repeat0_fold3
img_b_std,0.04439257124389726,0.04439257124389726,coefficient,positive,grouped_cv,0,3,grouped_cv_repeat0_fold3
img_hsv_v_hist_bin_0,0.04231591191123991,0.04231591191123991,coefficient,positive,grouped_cv,0,3,grouped_cv_repeat0_fold3
treatment_label_coarse,-0.009414951100728503,0.04227438808431527,coefficient,negative,grouped_cv,0,3,grouped_cv_repeat0_fold3
img_glcm_energy,-0.040507376514250806,0.040507376514250806,coefficient,negative,grouped_cv,0,3,grouped_cv_repeat0_fold3
img_rust_center_of_mass_cm,0.040198866101623675,0.040198866101623675,coefficient,positive,grouped_cv,0,3,grouped_cv_repeat0_fold3
img_hsv_v_hist_bin_4,0.03926868349697444,0.03926868349697444,coefficient,positive,grouped_cv,0,3,grouped_cv_repeat0_fold3
img_hsv_s_hist_bin_3,-0.03785508718386426,0.03785508718386426,coefficient,negative,grouped_cv,0,3,grouped_cv_repeat0_fold3
img_hsv_h_p10,-0.035312640792318786,0.035312640792318786,coefficient,negative,grouped_cv,0,3,grouped_cv_repeat0_fold3
img_hsv_s_p10,0.03421329145405499,0.03421329145405499,coefficient,positive,grouped_cv,0,3,grouped_cv_repeat0_fold3
img_gray_mask_ratio_pct,0.033691831231309914,0.033691831231309914,coefficient,positive,grouped_cv,0,3,grouped_cv_repeat0_fold3
img_hsv_s_hist_bin_6,-0.03341569967494346,0.03341569967494346,coefficient,negative,grouped_cv,0,3,grouped_cv_repeat0_fold3
img_hsv_h_std,-0.03185570463682874,0.03185570463682874,coefficient,negative,grouped_cv,0,3,grouped_cv_repeat0_fold3
img_hsv_s_hist_bin_2,-0.03140133702091489,0.03140133702091489,coefficient,negative,grouped_cv,0,3,grouped_cv_repeat0_fold3
img_rust_blob_eccentricity_mean,-0.03133153299071468,0.03133153299071468,coefficient,negative,grouped_cv,0,3,grouped_cv_repeat0_fold3
img_rust_blob_eccentricity_max,0.03131793950222194,0.03131793950222194,coefficient,positive,grouped_cv,0,3,grouped_cv_repeat0_fold3
img_hsv_s_hist_bin_0,0.031173750240679112,0.031173750240679112,coefficient,positive,grouped_cv,0,3,grouped_cv_repeat0_fold3
img_hsv_s_hist_bin_4,-0.02826699399852443,0.02826699399852443,coefficient,negative,grouped_cv,0,3,grouped_cv_repeat0_fold3
img_hsv_v_p10,-0.027091058847156468,0.027091058847156468,coefficient,negative,grouped_cv,0,3,grouped_cv_repeat0_fold3
img_black_mask_ratio_pct,-0.02612756447394547,0.02612756447394547,coefficient,negative,grouped_cv,0,3,grouped_cv_repeat0_fold3
img_glcm_contrast,-0.0248471043360614,0.0248471043360614,coefficient,negative,grouped_cv,0,3,grouped_cv_repeat0_fold3
img_hsv_h_hist_bin_3,0.02428673099575442,0.02428673099575442,coefficient,positive,grouped_cv,0,3,grouped_cv_repeat0_fold3
img_lbp_std,0.023805818026001145,0.023805818026001145,coefficient,positive,grouped_cv,0,3,grouped_cv_repeat0_fold3
img_rust_blob_mean_ratio_pct,-0.023078803605065926,0.023078803605065926,coefficient,negative,grouped_cv,0,3,grouped_cv_repeat0_fold3
img_strip_peak_location_cm,-0.021159230864819835,0.021159230864819835,coefficient,negative,grouped_cv,0,3,grouped_cv_repeat0_fold3
img_hsv_v_hist_bin_5,-0.01986434660144846,0.01986434660144846,coefficient,negative,grouped_cv,0,3,grouped_cv_repeat0_fold3
img_hsv_v_hist_bin_3,0.018401161145073047,0.018401161145073047,coefficient,positive,grouped_cv,0,3,grouped_cv_repeat0_fold3
img_hsv_s_p90,0.017314018549063278,0.017314018549063278,coefficient,positive,grouped_cv,0,3,grouped_cv_repeat0_fold3
img_gray_hist_bin_5,-0.016793161714541056,0.016793161714541056,coefficient,negative,grouped_cv,0,3,grouped_cv_repeat0_fold3
img_hsv_h_hist_bin_5,-0.016623647156838946,0.016623647156838946,coefficient,negative,grouped_cv,0,3,grouped_cv_repeat0_fold3
img_rust_blob_count,-0.016409847879368087,0.016409847879368087,coefficient,negative,grouped_cv,0,3,grouped_cv_repeat0_fold3
img_g_std,-0.014435809293049915,0.014435809293049915,coefficient,negative,grouped_cv,0,3,grouped_cv_repeat0_fold3
img_hsv_h_hist_bin_0,-0.013668622815575456,0.013668622815575456,coefficient,negative,grouped_cv,0,3,grouped_cv_repeat0_fold3
img_hsv_h_mean,-0.012161583974629405,0.012161583974629405,coefficient,negative,grouped_cv,0,3,grouped_cv_repeat0_fold3
img_hsv_h_hist_bin_1,0.011936045702002143,0.011936045702002143,coefficient,positive,grouped_cv,0,3,grouped_cv_repeat0_fold3
img_strip_rust_mean_pct,-0.011420206683460485,0.011420206683460485,coefficient,negative,grouped_cv,0,3,grouped_cv_repeat0_fold3
img_hsv_v_hist_bin_6,-0.0113716167017203,0.0113716167017203,coefficient,negative,grouped_cv,0,3,grouped_cv_repeat0_fold3
img_gray_hist_bin_1,0.011098704611425538,0.011098704611425538,coefficient,positive,grouped_cv,0,3,grouped_cv_repeat0_fold3
img_gray_hist_bin_0,0.0101638347026618,0.0101638347026618,coefficient,positive,grouped_cv,0,3,grouped_cv_repeat0_fold3
img_hsv_v_hist_bin_1,-0.00882697702530616,0.00882697702530616,coefficient,negative,grouped_cv,0,3,grouped_cv_repeat0_fold3
img_hsv_s_hist_bin_1,-0.00872572008132715,0.00872572008132715,coefficient,negative,grouped_cv,0,3,grouped_cv_repeat0_fold3
img_hsv_h_hist_bin_7,0.0064577386507311835,0.0064577386507311835,coefficient,positive,grouped_cv,0,3,grouped_cv_repeat0_fold3
img_hsv_h_hist_bin_2,0.005972084294844263,0.005972084294844263,coefficient,positive,grouped_cv,0,3,grouped_cv_repeat0_fold3
img_edge_to_center_rust_ratio,0.005664133993472031,0.005664133993472031,coefficient,positive,grouped_cv,0,3,grouped_cv_repeat0_fold3
img_hsv_h_hist_bin_6,-0.00394810977538694,0.00394810977538694,coefficient,negative,grouped_cv,0,3,grouped_cv_repeat0_fold3
img_hsv_s_hist_bin_7,0.003315587179676301,0.003315587179676301,coefficient,positive,grouped_cv,0,3,grouped_cv_repeat0_fold3
img_g_mean,-0.0032943670753027535,0.0032943670753027535,coefficient,negative,grouped_cv,0,3,grouped_cv_repeat0_fold3
img_hsv_v_hist_bin_7,0.0031770191611986917,0.0031770191611986917,coefficient,positive,grouped_cv,0,3,grouped_cv_repeat0_fold3
week,0.003004013847639384,0.003004013847639384,coefficient,positive,grouped_cv,0,3,grouped_cv_repeat0_fold3
ageing_days,0.0030040138475555225,0.0030040138475555225,coefficient,positive,grouped_cv,0,3,grouped_cv_repeat0_fold3
img_hsv_h_p90,-0.002961586353929892,0.002961586353929892,coefficient,negative,grouped_cv,0,3,grouped_cv_repeat0_fold3
img_hsv_v_hist_bin_2,-0.002476920062772818,0.002476920062772818,coefficient,negative,grouped_cv,0,3,grouped_cv_repeat0_fold3
img_rust_area_ratio_pct,0.0008589858653629064,0.0008589858653629064,coefficient,positive,grouped_cv,0,3,grouped_cv_repeat0_fold3
img_hsv_h_hist_bin_4,0.0006961501210279612,0.0006961501210279612,coefficient,positive,grouped_cv,0,3,grouped_cv_repeat0_fold3
img_gray_hist_bin_6,0.0005270361155401313,0.0005270361155401313,coefficient,positive,grouped_cv,0,3,grouped_cv_repeat0_fold3
img_hsv_s_mean,-0.00041702818149429307,0.00041702818149429307,coefficient,negative,grouped_cv,0,3,grouped_cv_repeat0_fold3
img_brightness_mean,0.0003476121450942611,0.0003476121450942611,coefficient,positive,grouped_cv,0,3,grouped_cv_repeat0_fold3
cover_mm,0.0003439792396255651,0.0003439792396255651,coefficient,positive,grouped_cv,0,3,grouped_cv_repeat0_fold3
img_strip_count,0.0,0.0,coefficient,positive,grouped_cv,0,3,grouped_cv_repeat0_fold3
img_hsv_v_p10,0.17388680553699082,0.17388680553699082,coefficient,positive,grouped_cv,0,4,grouped_cv_repeat0_fold4
series_id,0.010895172732990909,0.13024642651117913,coefficient,positive,grouped_cv,0,4,grouped_cv_repeat0_fold4
split_group_treatment,0.010895172732979033,0.13024642651117674,coefficient,positive,grouped_cv,0,4,grouped_cv_repeat0_fold4
img_hsv_v_std,0.1271434892127546,0.1271434892127546,coefficient,positive,grouped_cv,0,4,grouped_cv_repeat0_fold4
img_glcm_homogeneity,0.1269218123831288,0.1269218123831288,coefficient,positive,grouped_cv,0,4,grouped_cv_repeat0_fold4
img_r_std,0.1174017538509084,0.1174017538509084,coefficient,positive,grouped_cv,0,4,grouped_cv_repeat0_fold4
img_strip_high_count,0.1113565551647407,0.1113565551647407,coefficient,positive,grouped_cv,0,4,grouped_cv_repeat0_fold4
img_rust_blob_largest_ratio_pct,0.10977838025847465,0.10977838025847465,coefficient,positive,grouped_cv,0,4,grouped_cv_repeat0_fold4
img_strip_rust_std_pct,0.107256147302684,0.107256147302684,coefficient,positive,grouped_cv,0,4,grouped_cv_repeat0_fold4
treatment_protocol,0.01642149989411044,0.09840703816683674,coefficient,positive,grouped_cv,0,4,grouped_cv_repeat0_fold4
img_contrast,-0.09368232502138452,0.09368232502138452,coefficient,negative,grouped_cv,0,4,grouped_cv_repeat0_fold4
img_brightness_std,-0.09368232502136375,0.09368232502136375,coefficient,negative,grouped_cv,0,4,grouped_cv_repeat0_fold4
img_strip_rust_p90_pct,-0.0925394453403287,0.0925394453403287,coefficient,negative,grouped_cv,0,4,grouped_cv_repeat0_fold4
img_hsv_s_std,0.09152132968752741,0.09152132968752741,coefficient,positive,grouped_cv,0,4,grouped_cv_repeat0_fold4
img_lbp_mean,0.09098977429831526,0.09098977429831526,coefficient,positive,grouped_cv,0,4,grouped_cv_repeat0_fold4
img_b_mean,-0.08865649542515108,0.08865649542515108,coefficient,negative,grouped_cv,0,4,grouped_cv_repeat0_fold4
campaign_id,-1.9942381079829374e-14,0.0857166736736481,coefficient,negative,grouped_cv,0,4,grouped_cv_repeat0_fold4
img_gray_hist_bin_2,-0.08544377885373296,0.08544377885373296,coefficient,negative,grouped_cv,0,4,grouped_cv_repeat0_fold4
img_hsv_h_std,-0.07641759942619514,0.07641759942619514,coefficient,negative,grouped_cv,0,4,grouped_cv_repeat0_fold4
img_brightness_p10,-0.06766633283665123,0.06766633283665123,coefficient,negative,grouped_cv,0,4,grouped_cv_repeat0_fold4
img_gray_hist_bin_3,-0.06678640546990007,0.06678640546990007,coefficient,negative,grouped_cv,0,4,grouped_cv_repeat0_fold4
img_brightness_p90,-0.06663502959346038,0.06663502959346038,coefficient,negative,grouped_cv,0,4,grouped_cv_repeat0_fold4
img_g_std,-0.06596111794740023,0.06596111794740023,coefficient,negative,grouped_cv,0,4,grouped_cv_repeat0_fold4
img_rust_area_ratio_pct,-0.05754572505517649,0.05754572505517649,coefficient,negative,grouped_cv,0,4,grouped_cv_repeat0_fold4
img_rust_blob_eccentricity_max,0.05441776820371523,0.05441776820371523,coefficient,positive,grouped_cv,0,4,grouped_cv_repeat0_fold4
img_strip_rust_max_pct,-0.05354779239375116,0.05354779239375116,coefficient,negative,grouped_cv,0,4,grouped_cv_repeat0_fold4
img_hsv_h_p90,0.05265638492820038,0.05265638492820038,coefficient,positive,grouped_cv,0,4,grouped_cv_repeat0_fold4
img_hsv_s_hist_bin_5,0.052019192480903746,0.052019192480903746,coefficient,positive,grouped_cv,0,4,grouped_cv_repeat0_fold4
img_gray_mask_ratio_pct,0.05014744283497382,0.05014744283497382,coefficient,positive,grouped_cv,0,4,grouped_cv_repeat0_fold4
img_g_mean,-0.05010860353206576,0.05010860353206576,coefficient,negative,grouped_cv,0,4,grouped_cv_repeat0_fold4
img_gray_hist_bin_7,0.04998449609137298,0.04998449609137298,coefficient,positive,grouped_cv,0,4,grouped_cv_repeat0_fold4
img_gray_hist_bin_4,-0.04968434189522269,0.04968434189522269,coefficient,negative,grouped_cv,0,4,grouped_cv_repeat0_fold4
img_hsv_h_p10,-0.04600041805895777,0.04600041805895777,coefficient,negative,grouped_cv,0,4,grouped_cv_repeat0_fold4
img_hsv_h_hist_bin_7,0.04551830771321759,0.04551830771321759,coefficient,positive,grouped_cv,0,4,grouped_cv_repeat0_fold4
img_rust_blob_count,-0.045253106189786056,0.045253106189786056,coefficient,negative,grouped_cv,0,4,grouped_cv_repeat0_fold4
img_glcm_energy,-0.044659651496911215,0.044659651496911215,coefficient,negative,grouped_cv,0,4,grouped_cv_repeat0_fold4
img_lbp_std,0.0440367086991051,0.0440367086991051,coefficient,positive,grouped_cv,0,4,grouped_cv_repeat0_fold4
n_steel_mesh,0.042858336835379776,0.042858336835379776,coefficient,positive,grouped_cv,0,4,grouped_cv_repeat0_fold4
nacl_pct,-0.04285833683535884,0.04285833683535884,coefficient,negative,grouped_cv,0,4,grouped_cv_repeat0_fold4
img_hsv_s_p90,0.042716059627451404,0.042716059627451404,coefficient,positive,grouped_cv,0,4,grouped_cv_repeat0_fold4
img_brightness_mean,-0.041039367680610235,0.041039367680610235,coefficient,negative,grouped_cv,0,4,grouped_cv_repeat0_fold4
img_gray_hist_bin_0,0.040266006388149034,0.040266006388149034,coefficient,positive,grouped_cv,0,4,grouped_cv_repeat0_fold4
img_hsv_v_p90,-0.039231678326789025,0.039231678326789025,coefficient,negative,grouped_cv,0,4,grouped_cv_repeat0_fold4
img_hsv_v_hist_bin_2,-0.03787558221774159,0.03787558221774159,coefficient,negative,grouped_cv,0,4,grouped_cv_repeat0_fold4
img_hsv_s_hist_bin_3,-0.03671584334727173,0.03671584334727173,coefficient,negative,grouped_cv,0,4,grouped_cv_repeat0_fold4
treatment_coarse,0.003040942103963611,0.03654883398393152,coefficient,positive,grouped_cv,0,4,grouped_cv_repeat0_fold4
img_hsv_v_hist_bin_0,0.03580569860948004,0.03580569860948004,coefficient,positive,grouped_cv,0,4,grouped_cv_repeat0_fold4
img_hsv_s_p10,-0.03411959660467138,0.03411959660467138,coefficient,negative,grouped_cv,0,4,grouped_cv_repeat0_fold4
img_rust_blob_mean_ratio_pct,-0.03191999420597187,0.03191999420597187,coefficient,negative,grouped_cv,0,4,grouped_cv_repeat0_fold4
img_hsv_v_mean,0.02684043948773202,0.02684043948773202,coefficient,positive,grouped_cv,0,4,grouped_cv_repeat0_fold4
img_black_mask_ratio_pct,-0.02444681969002291,0.02444681969002291,coefficient,negative,grouped_cv,0,4,grouped_cv_repeat0_fold4
img_hsv_v_hist_bin_5,-0.024124200079970327,0.024124200079970327,coefficient,negative,grouped_cv,0,4,grouped_cv_repeat0_fold4
img_rust_blob_eccentricity_mean,-0.023947257116554644,0.023947257116554644,coefficient,negative,grouped_cv,0,4,grouped_cv_repeat0_fold4
img_glcm_contrast,0.023737929165828932,0.023737929165828932,coefficient,positive,grouped_cv,0,4,grouped_cv_repeat0_fold4
img_hsv_h_mean,-0.023664324678320994,0.023664324678320994,coefficient,negative,grouped_cv,0,4,grouped_cv_repeat0_fold4
img_hsv_v_hist_bin_1,-0.02364001222887161,0.02364001222887161,coefficient,negative,grouped_cv,0,4,grouped_cv_repeat0_fold4
cover_mm,-0.023437693104913435,0.023437693104913435,coefficient,negative,grouped_cv,0,4,grouped_cv_repeat0_fold4
img_strip_rust_mean_pct,-0.02161673656481716,0.02161673656481716,coefficient,negative,grouped_cv,0,4,grouped_cv_repeat0_fold4
img_hsv_s_hist_bin_6,-0.021586308351182405,0.021586308351182405,coefficient,negative,grouped_cv,0,4,grouped_cv_repeat0_fold4
img_hsv_s_mean,-0.02144898897877448,0.02144898897877448,coefficient,negative,grouped_cv,0,4,grouped_cv_repeat0_fold4
img_hsv_h_hist_bin_3,0.021278521327039418,0.021278521327039418,coefficient,positive,grouped_cv,0,4,grouped_cv_repeat0_fold4
img_gray_hist_bin_5,-0.021209346424978855,0.021209346424978855,coefficient,negative,grouped_cv,0,4,grouped_cv_repeat0_fold4
treatment_label_coarse,-0.000507298615608148,0.01877057372766249,coefficient,negative,grouped_cv,0,4,grouped_cv_repeat0_fold4
img_r_mean,0.01533922546710293,0.01533922546710293,coefficient,positive,grouped_cv,0,4,grouped_cv_repeat0_fold4
img_hsv_s_hist_bin_2,-0.015013638370443515,0.015013638370443515,coefficient,negative,grouped_cv,0,4,grouped_cv_repeat0_fold4
img_hsv_s_hist_bin_0,0.01484084546077974,0.01484084546077974,coefficient,positive,grouped_cv,0,4,grouped_cv_repeat0_fold4
img_hsv_v_hist_bin_6,0.01399345783278994,0.01399345783278994,coefficient,positive,grouped_cv,0,4,grouped_cv_repeat0_fold4
img_rust_center_of_mass_cm,-0.013942586024946161,0.013942586024946161,coefficient,negative,grouped_cv,0,4,grouped_cv_repeat0_fold4
img_b_std,0.012774315164656757,0.012774315164656757,coefficient,positive,grouped_cv,0,4,grouped_cv_repeat0_fold4
img_hsv_v_hist_bin_4,0.010173112457688217,0.010173112457688217,coefficient,positive,grouped_cv,0,4,grouped_cv_repeat0_fold4
img_hsv_h_hist_bin_0,-0.007800419931235421,0.007800419931235421,coefficient,negative,grouped_cv,0,4,grouped_cv_repeat0_fold4
ageing_days,-0.007731264263683401,0.007731264263683401,coefficient,negative,grouped_cv,0,4,grouped_cv_repeat0_fold4
week,-0.00773126426367124,0.00773126426367124,coefficient,negative,grouped_cv,0,4,grouped_cv_repeat0_fold4
img_hsv_h_hist_bin_4,-0.006871369491650618,0.006871369491650618,coefficient,negative,grouped_cv,0,4,grouped_cv_repeat0_fold4
img_gray_hist_bin_1,0.006704210229818752,0.006704210229818752,coefficient,positive,grouped_cv,0,4,grouped_cv_repeat0_fold4
img_hsv_h_hist_bin_2,0.006583103131095834,0.006583103131095834,coefficient,positive,grouped_cv,0,4,grouped_cv_repeat0_fold4
img_hsv_h_hist_bin_1,0.006450319529165756,0.006450319529165756,coefficient,positive,grouped_cv,0,4,grouped_cv_repeat0_fold4
img_hsv_s_hist_bin_1,-0.006354741132089238,0.006354741132089238,coefficient,negative,grouped_cv,0,4,grouped_cv_repeat0_fold4
img_hsv_v_hist_bin_3,0.006283228129833667,0.006283228129833667,coefficient,positive,grouped_cv,0,4,grouped_cv_repeat0_fold4
img_hsv_s_hist_bin_7,-0.006132075508113309,0.006132075508113309,coefficient,negative,grouped_cv,0,4,grouped_cv_repeat0_fold4
img_hsv_s_hist_bin_4,0.005387358651557623,0.005387358651557623,coefficient,positive,grouped_cv,0,4,grouped_cv_repeat0_fold4
img_hsv_h_hist_bin_6,-0.004738284290061528,0.004738284290061528,coefficient,negative,grouped_cv,0,4,grouped_cv_repeat0_fold4
img_hsv_h_hist_bin_5,0.004347300657625195,0.004347300657625195,coefficient,positive,grouped_cv,0,4,grouped_cv_repeat0_fold4
img_strip_peak_location_cm,-0.0014166158561532474,0.0014166158561532474,coefficient,negative,grouped_cv,0,4,grouped_cv_repeat0_fold4
img_gray_hist_bin_6,0.0010853744318495557,0.0010853744318495557,coefficient,positive,grouped_cv,0,4,grouped_cv_repeat0_fold4
img_hsv_v_hist_bin_7,0.0007862886388504936,0.0007862886388504936,coefficient,positive,grouped_cv,0,4,grouped_cv_repeat0_fold4
img_edge_to_center_rust_ratio,0.00012838893885385943,0.00012838893885385943,coefficient,positive,grouped_cv,0,4,grouped_cv_repeat0_fold4
img_strip_count,0.0,0.0,coefficient,positive,grouped_cv,0,4,grouped_cv_repeat0_fold4
img_b_std,0.1618344244079779,0.1618344244079779,coefficient,positive,grouped_cv,1,0,grouped_cv_repeat1_fold0
img_r_std,0.14632108801977997,0.14632108801977997,coefficient,positive,grouped_cv,1,0,grouped_cv_repeat1_fold0
series_id,0.012968751080202092,0.1419370982714836,coefficient,positive,grouped_cv,1,0,grouped_cv_repeat1_fold0
split_group_treatment,0.012968751080153789,0.14193709827147327,coefficient,positive,grouped_cv,1,0,grouped_cv_repeat1_fold0
img_strip_rust_p90_pct,-0.1377670107109769,0.1377670107109769,coefficient,negative,grouped_cv,1,0,grouped_cv_repeat1_fold0
img_g_std,-0.1338234091820188,0.1338234091820188,coefficient,negative,grouped_cv,1,0,grouped_cv_repeat1_fold0
img_strip_high_count,0.128801438420745,0.128801438420745,coefficient,positive,grouped_cv,1,0,grouped_cv_repeat1_fold0
img_hsv_v_std,0.12740927065795554,0.12740927065795554,coefficient,positive,grouped_cv,1,0,grouped_cv_repeat1_fold0
treatment_protocol,0.010752995977785458,0.127169352557256,coefficient,positive,grouped_cv,1,0,grouped_cv_repeat1_fold0
img_brightness_std,-0.12454881621364822,0.12454881621364822,coefficient,negative,grouped_cv,1,0,grouped_cv_repeat1_fold0
img_contrast,-0.12454881621360298,0.12454881621360298,coefficient,negative,grouped_cv,1,0,grouped_cv_repeat1_fold0
img_strip_rust_std_pct,0.11141175827614959,0.11141175827614959,coefficient,positive,grouped_cv,1,0,grouped_cv_repeat1_fold0
img_rust_blob_largest_ratio_pct,0.11088561684890644,0.11088561684890644,coefficient,positive,grouped_cv,1,0,grouped_cv_repeat1_fold0
img_gray_hist_bin_2,-0.09164070638806512,0.09164070638806512,coefficient,negative,grouped_cv,1,0,grouped_cv_repeat1_fold0
campaign_id,6.938893903907228e-18,0.08980472442773649,coefficient,positive,grouped_cv,1,0,grouped_cv_repeat1_fold0
img_hsv_v_p90,-0.08601975715897564,0.08601975715897564,coefficient,negative,grouped_cv,1,0,grouped_cv_repeat1_fold0
img_glcm_homogeneity,0.07746554650353053,0.07746554650353053,coefficient,positive,grouped_cv,1,0,grouped_cv_repeat1_fold0
img_hsv_v_mean,0.07461137991194887,0.07461137991194887,coefficient,positive,grouped_cv,1,0,grouped_cv_repeat1_fold0
img_b_mean,-0.07271558968933432,0.07271558968933432,coefficient,negative,grouped_cv,1,0,grouped_cv_repeat1_fold0
img_hsv_s_p90,0.07090996635994047,0.07090996635994047,coefficient,positive,grouped_cv,1,0,grouped_cv_repeat1_fold0
img_lbp_mean,0.06984965356486501,0.06984965356486501,coefficient,positive,grouped_cv,1,0,grouped_cv_repeat1_fold0
img_hsv_v_hist_bin_4,0.06480730170223271,0.06480730170223271,coefficient,positive,grouped_cv,1,0,grouped_cv_repeat1_fold0
img_gray_hist_bin_4,-0.06215980183778015,0.06215980183778015,coefficient,negative,grouped_cv,1,0,grouped_cv_repeat1_fold0
img_gray_hist_bin_3,-0.05970705879108214,0.05970705879108214,coefficient,negative,grouped_cv,1,0,grouped_cv_repeat1_fold0
img_hsv_v_hist_bin_0,0.057385355848376764,0.057385355848376764,coefficient,positive,grouped_cv,1,0,grouped_cv_repeat1_fold0
img_r_mean,0.05570928859986401,0.05570928859986401,coefficient,positive,grouped_cv,1,0,grouped_cv_repeat1_fold0
img_hsv_s_hist_bin_3,-0.05505542591615654,0.05505542591615654,coefficient,negative,grouped_cv,1,0,grouped_cv_repeat1_fold0
img_glcm_energy,-0.054404841169659025,0.054404841169659025,coefficient,negative,grouped_cv,1,0,grouped_cv_repeat1_fold0
img_brightness_p90,-0.054287617455637746,0.054287617455637746,coefficient,negative,grouped_cv,1,0,grouped_cv_repeat1_fold0
img_hsv_v_p10,0.049556322031249427,0.049556322031249427,coefficient,positive,grouped_cv,1,0,grouped_cv_repeat1_fold0
img_gray_mask_ratio_pct,0.04842842319401052,0.04842842319401052,coefficient,positive,grouped_cv,1,0,grouped_cv_repeat1_fold0
n_steel_mesh,0.04490236221378884,0.04490236221378884,coefficient,positive,grouped_cv,1,0,grouped_cv_repeat1_fold0
nacl_pct,-0.0449023622137776,0.0449023622137776,coefficient,negative,grouped_cv,1,0,grouped_cv_repeat1_fold0
img_hsv_s_hist_bin_5,0.044276767171253464,0.044276767171253464,coefficient,positive,grouped_cv,1,0,grouped_cv_repeat1_fold0
img_hsv_h_p10,-0.04281551919372218,0.04281551919372218,coefficient,negative,grouped_cv,1,0,grouped_cv_repeat1_fold0
img_hsv_h_std,-0.042323066013777305,0.042323066013777305,coefficient,negative,grouped_cv,1,0,grouped_cv_repeat1_fold0
img_hsv_h_hist_bin_7,0.04116053455398203,0.04116053455398203,coefficient,positive,grouped_cv,1,0,grouped_cv_repeat1_fold0
img_rust_blob_count,-0.04097538288076749,0.04097538288076749,coefficient,negative,grouped_cv,1,0,grouped_cv_repeat1_fold0
img_strip_rust_max_pct,-0.03738305833375096,0.03738305833375096,coefficient,negative,grouped_cv,1,0,grouped_cv_repeat1_fold0
treatment_coarse,-0.003148613200532762,0.036713834983469015,coefficient,negative,grouped_cv,1,0,grouped_cv_repeat1_fold0
img_strip_rust_mean_pct,-0.03418734310579177,0.03418734310579177,coefficient,negative,grouped_cv,1,0,grouped_cv_repeat1_fold0
img_hsv_s_mean,0.033301407335372624,0.033301407335372624,coefficient,positive,grouped_cv,1,0,grouped_cv_repeat1_fold0
img_black_mask_ratio_pct,-0.032767137276228014,0.032767137276228014,coefficient,negative,grouped_cv,1,0,grouped_cv_repeat1_fold0
img_rust_blob_eccentricity_max,0.03260129334661899,0.03260129334661899,coefficient,positive,grouped_cv,1,0,grouped_cv_repeat1_fold0
img_gray_hist_bin_7,0.031731612110219784,0.031731612110219784,coefficient,positive,grouped_cv,1,0,grouped_cv_repeat1_fold0
img_hsv_h_p90,0.030135785722265877,0.030135785722265877,coefficient,positive,grouped_cv,1,0,grouped_cv_repeat1_fold0
img_brightness_p10,0.029893674351041944,0.029893674351041944,coefficient,positive,grouped_cv,1,0,grouped_cv_repeat1_fold0
treatment_label_coarse,-0.0035983211527592608,0.028871706568679403,coefficient,negative,grouped_cv,1,0,grouped_cv_repeat1_fold0
img_rust_center_of_mass_cm,0.02792223715509645,0.02792223715509645,coefficient,positive,grouped_cv,1,0,grouped_cv_repeat1_fold0
img_rust_area_ratio_pct,-0.027015688018047178,0.027015688018047178,coefficient,negative,grouped_cv,1,0,grouped_cv_repeat1_fold0
img_strip_peak_location_cm,-0.026138027422409435,0.026138027422409435,coefficient,negative,grouped_cv,1,0,grouped_cv_repeat1_fold0
img_hsv_s_hist_bin_0,0.025213799870874017,0.025213799870874017,coefficient,positive,grouped_cv,1,0,grouped_cv_repeat1_fold0
img_rust_blob_eccentricity_mean,-0.024057180995070156,0.024057180995070156,coefficient,negative,grouped_cv,1,0,grouped_cv_repeat1_fold0
img_gray_hist_bin_6,0.023714247436797006,0.023714247436797006,coefficient,positive,grouped_cv,1,0,grouped_cv_repeat1_fold0
img_hsv_s_hist_bin_4,0.02366163266764453,0.02366163266764453,coefficient,positive,grouped_cv,1,0,grouped_cv_repeat1_fold0
img_lbp_std,0.022885874709511523,0.022885874709511523,coefficient,positive,grouped_cv,1,0,grouped_cv_repeat1_fold0
img_hsv_s_hist_bin_2,-0.022758475957414016,0.022758475957414016,coefficient,negative,grouped_cv,1,0,grouped_cv_repeat1_fold0
img_hsv_s_std,0.0223530440163287,0.0223530440163287,coefficient,positive,grouped_cv,1,0,grouped_cv_repeat1_fold0
img_hsv_v_hist_bin_2,-0.02160392749756553,0.02160392749756553,coefficient,negative,grouped_cv,1,0,grouped_cv_repeat1_fold0
img_hsv_s_hist_bin_6,-0.021157512091289882,0.021157512091289882,coefficient,negative,grouped_cv,1,0,grouped_cv_repeat1_fold0
img_hsv_h_hist_bin_3,0.018812886874985044,0.018812886874985044,coefficient,positive,grouped_cv,1,0,grouped_cv_repeat1_fold0
img_hsv_h_mean,-0.018500569627784784,0.018500569627784784,coefficient,negative,grouped_cv,1,0,grouped_cv_repeat1_fold0
img_rust_blob_mean_ratio_pct,-0.01812009384330033,0.01812009384330033,coefficient,negative,grouped_cv,1,0,grouped_cv_repeat1_fold0
img_hsv_v_hist_bin_6,-0.012248678014962575,0.012248678014962575,coefficient,negative,grouped_cv,1,0,grouped_cv_repeat1_fold0
img_hsv_v_hist_bin_7,-0.01197842111805713,0.01197842111805713,coefficient,negative,grouped_cv,1,0,grouped_cv_repeat1_fold0
img_glcm_contrast,-0.011242045418221023,0.011242045418221023,coefficient,negative,grouped_cv,1,0,grouped_cv_repeat1_fold0
img_gray_hist_bin_0,0.010762081994949707,0.010762081994949707,coefficient,positive,grouped_cv,1,0,grouped_cv_repeat1_fold0
img_hsv_v_hist_bin_1,-0.010388152424618246,0.010388152424618246,coefficient,negative,grouped_cv,1,0,grouped_cv_repeat1_fold0
img_hsv_s_p10,-0.010293761627627069,0.010293761627627069,coefficient,negative,grouped_cv,1,0,grouped_cv_repeat1_fold0
img_hsv_s_hist_bin_1,-0.010076808741449686,0.010076808741449686,coefficient,negative,grouped_cv,1,0,grouped_cv_repeat1_fold0
img_gray_hist_bin_1,0.007628216623832814,0.007628216623832814,coefficient,positive,grouped_cv,1,0,grouped_cv_repeat1_fold0
img_hsv_h_hist_bin_2,0.004456945143921737,0.004456945143921737,coefficient,positive,grouped_cv,1,0,grouped_cv_repeat1_fold0
img_hsv_h_hist_bin_6,-0.004128689631499705,0.004128689631499705,coefficient,negative,grouped_cv,1,0,grouped_cv_repeat1_fold0
img_gray_hist_bin_5,0.003949387359585384,0.003949387359585384,coefficient,positive,grouped_cv,1,0,grouped_cv_repeat1_fold0
cover_mm,-0.0036721735840862936,0.0036721735840862936,coefficient,negative,grouped_cv,1,0,grouped_cv_repeat1_fold0
img_g_mean,0.0031760764361288035,0.0031760764361288035,coefficient,positive,grouped_cv,1,0,grouped_cv_repeat1_fold0
img_brightness_mean,0.002922975059989999,0.002922975059989999,coefficient,positive,grouped_cv,1,0,grouped_cv_repeat1_fold0
img_hsv_h_hist_bin_0,-0.0027248641326059614,0.0027248641326059614,coefficient,negative,grouped_cv,1,0,grouped_cv_repeat1_fold0
img_hsv_v_hist_bin_5,-0.0024862749715093405,0.0024862749715093405,coefficient,negative,grouped_cv,1,0,grouped_cv_repeat1_fold0
img_hsv_h_hist_bin_5,0.002182352355016583,0.002182352355016583,coefficient,positive,grouped_cv,1,0,grouped_cv_repeat1_fold0
img_hsv_s_hist_bin_7,0.001554561540713614,0.001554561540713614,coefficient,positive,grouped_cv,1,0,grouped_cv_repeat1_fold0
ageing_days,-0.0014367660020655156,0.0014367660020655156,coefficient,negative,grouped_cv,1,0,grouped_cv_repeat1_fold0
week,-0.0014367660019827906,0.0014367660019827906,coefficient,negative,grouped_cv,1,0,grouped_cv_repeat1_fold0
img_hsv_h_hist_bin_1,0.001151229461136149,0.001151229461136149,coefficient,positive,grouped_cv,1,0,grouped_cv_repeat1_fold0
img_edge_to_center_rust_ratio,0.000612874602503002,0.000612874602503002,coefficient,positive,grouped_cv,1,0,grouped_cv_repeat1_fold0
img_hsv_h_hist_bin_4,-0.0002689125943695224,0.0002689125943695224,coefficient,negative,grouped_cv,1,0,grouped_cv_repeat1_fold0
img_hsv_v_hist_bin_3,0.00015507608880711813,0.00015507608880711813,coefficient,positive,grouped_cv,1,0,grouped_cv_repeat1_fold0
img_strip_count,0.0,0.0,coefficient,positive,grouped_cv,1,0,grouped_cv_repeat1_fold0
img_hsv_v_p10,0.18327231018823575,0.18327231018823575,coefficient,positive,grouped_cv,1,1,grouped_cv_repeat1_fold1
img_strip_rust_p90_pct,-0.17263628880248055,0.17263628880248055,coefficient,negative,grouped_cv,1,1,grouped_cv_repeat1_fold1
img_strip_rust_std_pct,0.17258552766010504,0.17258552766010504,coefficient,positive,grouped_cv,1,1,grouped_cv_repeat1_fold1
series_id,0.015620157027345049,0.14928471253329595,coefficient,positive,grouped_cv,1,1,grouped_cv_repeat1_fold1
split_group_treatment,0.015620157027294211,0.14928471253327316,coefficient,positive,grouped_cv,1,1,grouped_cv_repeat1_fold1
img_brightness_p10,-0.14575324744592402,0.14575324744592402,coefficient,negative,grouped_cv,1,1,grouped_cv_repeat1_fold1
img_lbp_mean,0.13194118271338512,0.13194118271338512,coefficient,positive,grouped_cv,1,1,grouped_cv_repeat1_fold1
treatment_protocol,0.01273911867607754,0.12429972919028551,coefficient,positive,grouped_cv,1,1,grouped_cv_repeat1_fold1
img_b_std,0.10213654421353699,0.10213654421353699,coefficient,positive,grouped_cv,1,1,grouped_cv_repeat1_fold1
img_hsv_s_std,-0.09749803001568123,0.09749803001568123,coefficient,negative,grouped_cv,1,1,grouped_cv_repeat1_fold1
campaign_id,-6.661338147750939e-15,0.09107350482344916,coefficient,negative,grouped_cv,1,1,grouped_cv_repeat1_fold1
img_glcm_homogeneity,0.08517926176021698,0.08517926176021698,coefficient,positive,grouped_cv,1,1,grouped_cv_repeat1_fold1
img_brightness_p90,-0.08364250911561157,0.08364250911561157,coefficient,negative,grouped_cv,1,1,grouped_cv_repeat1_fold1
img_g_mean,-0.08235713012600201,0.08235713012600201,coefficient,negative,grouped_cv,1,1,grouped_cv_repeat1_fold1
img_lbp_std,0.0651930707264747,0.0651930707264747,coefficient,positive,grouped_cv,1,1,grouped_cv_repeat1_fold1
img_brightness_mean,-0.06336201927148682,0.06336201927148682,coefficient,negative,grouped_cv,1,1,grouped_cv_repeat1_fold1
img_strip_high_count,0.0616201384690296,0.0616201384690296,coefficient,positive,grouped_cv,1,1,grouped_cv_repeat1_fold1
img_g_std,-0.06153184428281217,0.06153184428281217,coefficient,negative,grouped_cv,1,1,grouped_cv_repeat1_fold1
treatment_coarse,-0.0005625169235221328,0.0564582432293733,coefficient,negative,grouped_cv,1,1,grouped_cv_repeat1_fold1
img_hsv_v_hist_bin_0,0.05341135448249295,0.05341135448249295,coefficient,positive,grouped_cv,1,1,grouped_cv_repeat1_fold1
img_hsv_v_std,0.05333515007132083,0.05333515007132083,coefficient,positive,grouped_cv,1,1,grouped_cv_repeat1_fold1
img_hsv_h_p90,0.052735454846272706,0.052735454846272706,coefficient,positive,grouped_cv,1,1,grouped_cv_repeat1_fold1
img_hsv_s_p10,-0.050936558221593334,0.050936558221593334,coefficient,negative,grouped_cv,1,1,grouped_cv_repeat1_fold1
img_rust_area_ratio_pct,-0.050455087551124274,0.050455087551124274,coefficient,negative,grouped_cv,1,1,grouped_cv_repeat1_fold1
img_hsv_s_p90,0.04995200946780422,0.04995200946780422,coefficient,positive,grouped_cv,1,1,grouped_cv_repeat1_fold1
img_rust_blob_count,-0.04588134901887047,0.04588134901887047,coefficient,negative,grouped_cv,1,1,grouped_cv_repeat1_fold1
nacl_pct,-0.045536752412090584,0.045536752412090584,coefficient,negative,grouped_cv,1,1,grouped_cv_repeat1_fold1
n_steel_mesh,0.04553675241208864,0.04553675241208864,coefficient,positive,grouped_cv,1,1,grouped_cv_repeat1_fold1
img_hsv_v_hist_bin_5,-0.04475736161966344,0.04475736161966344,coefficient,negative,grouped_cv,1,1,grouped_cv_repeat1_fold1
img_hsv_s_hist_bin_3,-0.043791817938533636,0.043791817938533636,coefficient,negative,grouped_cv,1,1,grouped_cv_repeat1_fold1
img_hsv_h_std,-0.04199976293313744,0.04199976293313744,coefficient,negative,grouped_cv,1,1,grouped_cv_repeat1_fold1
img_rust_blob_eccentricity_max,0.04106316493800747,0.04106316493800747,coefficient,positive,grouped_cv,1,1,grouped_cv_repeat1_fold1
img_b_mean,-0.037870893587707025,0.037870893587707025,coefficient,negative,grouped_cv,1,1,grouped_cv_repeat1_fold1
img_contrast,-0.035037988546274636,0.035037988546274636,coefficient,negative,grouped_cv,1,1,grouped_cv_repeat1_fold1
img_brightness_std,-0.035037988546273956,0.035037988546273956,coefficient,negative,grouped_cv,1,1,grouped_cv_repeat1_fold1
img_hsv_h_mean,-0.03460295899108152,0.03460295899108152,coefficient,negative,grouped_cv,1,1,grouped_cv_repeat1_fold1
img_black_mask_ratio_pct,-0.034500780935610424,0.034500780935610424,coefficient,negative,grouped_cv,1,1,grouped_cv_repeat1_fold1
img_rust_blob_largest_ratio_pct,0.03367010328990469,0.03367010328990469,coefficient,positive,grouped_cv,1,1,grouped_cv_repeat1_fold1
cover_mm,-0.033015920116433936,0.033015920116433936,coefficient,negative,grouped_cv,1,1,grouped_cv_repeat1_fold1
img_gray_mask_ratio_pct,-0.03189674860739889,0.03189674860739889,coefficient,negative,grouped_cv,1,1,grouped_cv_repeat1_fold1
img_gray_hist_bin_3,-0.03172294007231213,0.03172294007231213,coefficient,negative,grouped_cv,1,1,grouped_cv_repeat1_fold1
img_gray_hist_bin_7,0.030793401506900273,0.030793401506900273,coefficient,positive,grouped_cv,1,1,grouped_cv_repeat1_fold1
img_hsv_s_mean,0.029837296665616155,0.029837296665616155,coefficient,positive,grouped_cv,1,1,grouped_cv_repeat1_fold1
img_r_std,0.029564289286580187,0.029564289286580187,coefficient,positive,grouped_cv,1,1,grouped_cv_repeat1_fold1
img_gray_hist_bin_4,-0.02856977125921656,0.02856977125921656,coefficient,negative,grouped_cv,1,1,grouped_cv_repeat1_fold1
img_hsv_h_hist_bin_7,0.026522019357747006,0.026522019357747006,coefficient,positive,grouped_cv,1,1,grouped_cv_repeat1_fold1
img_hsv_h_hist_bin_3,0.024874656443523484,0.024874656443523484,coefficient,positive,grouped_cv,1,1,grouped_cv_repeat1_fold1
img_hsv_h_p10,-0.024032008614691645,0.024032008614691645,coefficient,negative,grouped_cv,1,1,grouped_cv_repeat1_fold1
img_hsv_v_hist_bin_3,0.023812219882483852,0.023812219882483852,coefficient,positive,grouped_cv,1,1,grouped_cv_repeat1_fold1
img_hsv_s_hist_bin_5,0.02214025142082315,0.02214025142082315,coefficient,positive,grouped_cv,1,1,grouped_cv_repeat1_fold1
img_gray_hist_bin_1,-0.021547083293300448,0.021547083293300448,coefficient,negative,grouped_cv,1,1,grouped_cv_repeat1_fold1
img_gray_hist_bin_5,-0.021242045268255613,0.021242045268255613,coefficient,negative,grouped_cv,1,1,grouped_cv_repeat1_fold1
treatment_label_coarse,-0.0013684944075085317,0.01982099202897162,coefficient,negative,grouped_cv,1,1,grouped_cv_repeat1_fold1
img_rust_blob_mean_ratio_pct,-0.01932539157267767,0.01932539157267767,coefficient,negative,grouped_cv,1,1,grouped_cv_repeat1_fold1
img_hsv_s_hist_bin_2,-0.01911682491682569,0.01911682491682569,coefficient,negative,grouped_cv,1,1,grouped_cv_repeat1_fold1
img_hsv_v_p90,0.017490294004688215,0.017490294004688215,coefficient,positive,grouped_cv,1,1,grouped_cv_repeat1_fold1
img_glcm_energy,-0.017119821444058655,0.017119821444058655,coefficient,negative,grouped_cv,1,1,grouped_cv_repeat1_fold1
img_hsv_v_hist_bin_6,0.016713245219819102,0.016713245219819102,coefficient,positive,grouped_cv,1,1,grouped_cv_repeat1_fold1
img_hsv_s_hist_bin_6,-0.016378538710396736,0.016378538710396736,coefficient,negative,grouped_cv,1,1,grouped_cv_repeat1_fold1
img_glcm_contrast,-0.016052263909693824,0.016052263909693824,coefficient,negative,grouped_cv,1,1,grouped_cv_repeat1_fold1
img_strip_peak_location_cm,-0.015790740482013975,0.015790740482013975,coefficient,negative,grouped_cv,1,1,grouped_cv_repeat1_fold1
img_strip_rust_mean_pct,-0.014686640762827927,0.014686640762827927,coefficient,negative,grouped_cv,1,1,grouped_cv_repeat1_fold1
img_hsv_s_hist_bin_0,0.014477677182438385,0.014477677182438385,coefficient,positive,grouped_cv,1,1,grouped_cv_repeat1_fold1
img_rust_blob_eccentricity_mean,-0.014274685005072568,0.014274685005072568,coefficient,negative,grouped_cv,1,1,grouped_cv_repeat1_fold1
img_edge_to_center_rust_ratio,0.013907809932033504,0.013907809932033504,coefficient,positive,grouped_cv,1,1,grouped_cv_repeat1_fold1
img_hsv_h_hist_bin_4,-0.010507823208950636,0.010507823208950636,coefficient,negative,grouped_cv,1,1,grouped_cv_repeat1_fold1
img_rust_center_of_mass_cm,0.00944136237858908,0.00944136237858908,coefficient,positive,grouped_cv,1,1,grouped_cv_repeat1_fold1
img_gray_hist_bin_2,-0.008485291623621577,0.008485291623621577,coefficient,negative,grouped_cv,1,1,grouped_cv_repeat1_fold1
img_hsv_v_hist_bin_1,0.007996876130004296,0.007996876130004296,coefficient,positive,grouped_cv,1,1,grouped_cv_repeat1_fold1
img_r_mean,-0.007908983914244485,0.007908983914244485,coefficient,negative,grouped_cv,1,1,grouped_cv_repeat1_fold1
img_gray_hist_bin_6,-0.007539310414496156,0.007539310414496156,coefficient,negative,grouped_cv,1,1,grouped_cv_repeat1_fold1
img_hsv_v_mean,0.007468015590620973,0.007468015590620973,coefficient,positive,grouped_cv,1,1,grouped_cv_repeat1_fold1
img_hsv_v_hist_bin_4,0.007152859866677792,0.007152859866677792,coefficient,positive,grouped_cv,1,1,grouped_cv_repeat1_fold1
img_gray_hist_bin_0,0.007115871841323259,0.007115871841323259,coefficient,positive,grouped_cv,1,1,grouped_cv_repeat1_fold1
week,0.006361174210055531,0.006361174210055531,coefficient,positive,grouped_cv,1,1,grouped_cv_repeat1_fold1
ageing_days,0.006361174210027209,0.006361174210027209,coefficient,positive,grouped_cv,1,1,grouped_cv_repeat1_fold1
img_hsv_h_hist_bin_2,-0.006264421424118848,0.006264421424118848,coefficient,negative,grouped_cv,1,1,grouped_cv_repeat1_fold1
img_hsv_v_hist_bin_7,0.005403282745044281,0.005403282745044281,coefficient,positive,grouped_cv,1,1,grouped_cv_repeat1_fold1
img_hsv_h_hist_bin_0,-0.005349606576353401,0.005349606576353401,coefficient,negative,grouped_cv,1,1,grouped_cv_repeat1_fold1
img_hsv_h_hist_bin_1,0.004768851273052118,0.004768851273052118,coefficient,positive,grouped_cv,1,1,grouped_cv_repeat1_fold1
img_strip_rust_max_pct,-0.004748404811436119,0.004748404811436119,coefficient,negative,grouped_cv,1,1,grouped_cv_repeat1_fold1
img_hsv_v_hist_bin_2,0.004169304456809386,0.004169304456809386,coefficient,positive,grouped_cv,1,1,grouped_cv_repeat1_fold1
img_hsv_h_hist_bin_5,-0.0032449151577863054,0.0032449151577863054,coefficient,negative,grouped_cv,1,1,grouped_cv_repeat1_fold1
img_hsv_s_hist_bin_4,-0.002629439931384085,0.002629439931384085,coefficient,negative,grouped_cv,1,1,grouped_cv_repeat1_fold1
img_hsv_s_hist_bin_1,0.0019302773071166934,0.0019302773071166934,coefficient,positive,grouped_cv,1,1,grouped_cv_repeat1_fold1
img_hsv_s_hist_bin_7,0.0012272457135990523,0.0012272457135990523,coefficient,positive,grouped_cv,1,1,grouped_cv_repeat1_fold1
img_hsv_h_hist_bin_6,-0.001071990679977033,0.001071990679977033,coefficient,negative,grouped_cv,1,1,grouped_cv_repeat1_fold1
img_strip_count,0.0,0.0,coefficient,positive,grouped_cv,1,1,grouped_cv_repeat1_fold1
img_gray_hist_bin_2,-0.16924002637387134,0.16924002637387134,coefficient,negative,grouped_cv,1,2,grouped_cv_repeat1_fold2
split_group_treatment,0.021355395613305454,0.15249096841001833,coefficient,positive,grouped_cv,1,2,grouped_cv_repeat1_fold2
series_id,0.02135539561327556,0.15249096841000967,coefficient,positive,grouped_cv,1,2,grouped_cv_repeat1_fold2
img_strip_high_count,0.13647549716557494,0.13647549716557494,coefficient,positive,grouped_cv,1,2,grouped_cv_repeat1_fold2
img_brightness_p90,-0.13429432918412706,0.13429432918412706,coefficient,negative,grouped_cv,1,2,grouped_cv_repeat1_fold2
treatment_protocol,0.0111945705521823,0.12695658741245236,coefficient,positive,grouped_cv,1,2,grouped_cv_repeat1_fold2
img_r_std,0.11640068506051555,0.11640068506051555,coefficient,positive,grouped_cv,1,2,grouped_cv_repeat1_fold2
img_gray_hist_bin_3,-0.10135267810144022,0.10135267810144022,coefficient,negative,grouped_cv,1,2,grouped_cv_repeat1_fold2
img_hsv_v_p90,-0.09693805207853501,0.09693805207853501,coefficient,negative,grouped_cv,1,2,grouped_cv_repeat1_fold2
img_strip_rust_max_pct,-0.08853097689192675,0.08853097689192675,coefficient,negative,grouped_cv,1,2,grouped_cv_repeat1_fold2
campaign_id,-6.938893903907228e-18,0.08734497318363374,coefficient,negative,grouped_cv,1,2,grouped_cv_repeat1_fold2
img_hsv_v_std,0.08672474339571018,0.08672474339571018,coefficient,positive,grouped_cv,1,2,grouped_cv_repeat1_fold2
img_b_mean,-0.08112509879342632,0.08112509879342632,coefficient,negative,grouped_cv,1,2,grouped_cv_repeat1_fold2
img_hsv_v_hist_bin_5,-0.07191767955533898,0.07191767955533898,coefficient,negative,grouped_cv,1,2,grouped_cv_repeat1_fold2
img_brightness_std,-0.06740517748717663,0.06740517748717663,coefficient,negative,grouped_cv,1,2,grouped_cv_repeat1_fold2
img_contrast,-0.06740517748716868,0.06740517748716868,coefficient,negative,grouped_cv,1,2,grouped_cv_repeat1_fold2
img_gray_hist_bin_4,-0.0650279982412093,0.0650279982412093,coefficient,negative,grouped_cv,1,2,grouped_cv_repeat1_fold2
img_strip_rust_mean_pct,0.06421677153758423,0.06421677153758423,coefficient,positive,grouped_cv,1,2,grouped_cv_repeat1_fold2
img_hsv_s_std,0.0585090143874191,0.0585090143874191,coefficient,positive,grouped_cv,1,2,grouped_cv_repeat1_fold2
treatment_coarse,-0.0051084662074815275,0.05655643240131552,coefficient,negative,grouped_cv,1,2,grouped_cv_repeat1_fold2
img_gray_hist_bin_7,0.0565017470642992,0.0565017470642992,coefficient,positive,grouped_cv,1,2,grouped_cv_repeat1_fold2
img_rust_blob_eccentricity_max,0.05590477398509998,0.05590477398509998,coefficient,positive,grouped_cv,1,2,grouped_cv_repeat1_fold2
img_rust_blob_largest_ratio_pct,0.05570745484874877,0.05570745484874877,coefficient,positive,grouped_cv,1,2,grouped_cv_repeat1_fold2
img_hsv_v_hist_bin_0,0.05400393162250338,0.05400393162250338,coefficient,positive,grouped_cv,1,2,grouped_cv_repeat1_fold2
img_lbp_mean,0.053019342372598435,0.053019342372598435,coefficient,positive,grouped_cv,1,2,grouped_cv_repeat1_fold2
img_hsv_v_p10,0.05208448359794074,0.05208448359794074,coefficient,positive,grouped_cv,1,2,grouped_cv_repeat1_fold2
img_hsv_v_mean,0.04997101676247007,0.04997101676247007,coefficient,positive,grouped_cv,1,2,grouped_cv_repeat1_fold2
img_hsv_v_hist_bin_7,0.04810146466634597,0.04810146466634597,coefficient,positive,grouped_cv,1,2,grouped_cv_repeat1_fold2
img_hsv_s_hist_bin_5,0.04738997330545979,0.04738997330545979,coefficient,positive,grouped_cv,1,2,grouped_cv_repeat1_fold2
img_g_mean,-0.04658196675873142,0.04658196675873142,coefficient,negative,grouped_cv,1,2,grouped_cv_repeat1_fold2
img_hsv_s_mean,-0.045224525176846636,0.045224525176846636,coefficient,negative,grouped_cv,1,2,grouped_cv_repeat1_fold2
img_glcm_homogeneity,0.04418526641294321,0.04418526641294321,coefficient,positive,grouped_cv,1,2,grouped_cv_repeat1_fold2
img_rust_blob_eccentricity_mean,-0.04400054353511052,0.04400054353511052,coefficient,negative,grouped_cv,1,2,grouped_cv_repeat1_fold2
nacl_pct,-0.04367248659257838,0.04367248659257838,coefficient,negative,grouped_cv,1,2,grouped_cv_repeat1_fold2
n_steel_mesh,0.04367248659257286,0.04367248659257286,coefficient,positive,grouped_cv,1,2,grouped_cv_repeat1_fold2
img_r_mean,0.04102388622290421,0.04102388622290421,coefficient,positive,grouped_cv,1,2,grouped_cv_repeat1_fold2
img_hsv_s_hist_bin_4,-0.0364382373144617,0.0364382373144617,coefficient,negative,grouped_cv,1,2,grouped_cv_repeat1_fold2
img_hsv_s_hist_bin_6,-0.036020743641442574,0.036020743641442574,coefficient,negative,grouped_cv,1,2,grouped_cv_repeat1_fold2
img_black_mask_ratio_pct,-0.03522020717119279,0.03522020717119279,coefficient,negative,grouped_cv,1,2,grouped_cv_repeat1_fold2
img_brightness_mean,-0.034101329609520926,0.034101329609520926,coefficient,negative,grouped_cv,1,2,grouped_cv_repeat1_fold2
img_hsv_h_p10,-0.03194867020391565,0.03194867020391565,coefficient,negative,grouped_cv,1,2,grouped_cv_repeat1_fold2
img_hsv_v_hist_bin_6,-0.03181122198125301,0.03181122198125301,coefficient,negative,grouped_cv,1,2,grouped_cv_repeat1_fold2
cover_mm,-0.030510337694542103,0.030510337694542103,coefficient,negative,grouped_cv,1,2,grouped_cv_repeat1_fold2
img_hsv_h_std,-0.027696491768027475,0.027696491768027475,coefficient,negative,grouped_cv,1,2,grouped_cv_repeat1_fold2
img_hsv_v_hist_bin_2,0.027010697391574995,0.027010697391574995,coefficient,positive,grouped_cv,1,2,grouped_cv_repeat1_fold2
img_b_std,0.025057584647192148,0.025057584647192148,coefficient,positive,grouped_cv,1,2,grouped_cv_repeat1_fold2
treatment_label_coarse,-0.004866856367804415,0.02398534009275887,coefficient,negative,grouped_cv,1,2,grouped_cv_repeat1_fold2
img_rust_center_of_mass_cm,0.02362234539650629,0.02362234539650629,coefficient,positive,grouped_cv,1,2,grouped_cv_repeat1_fold2
img_hsv_s_hist_bin_2,-0.02177597815838029,0.02177597815838029,coefficient,negative,grouped_cv,1,2,grouped_cv_repeat1_fold2
img_hsv_s_hist_bin_3,-0.021772367299605144,0.021772367299605144,coefficient,negative,grouped_cv,1,2,grouped_cv_repeat1_fold2
img_hsv_s_hist_bin_0,0.021632407952971333,0.021632407952971333,coefficient,positive,grouped_cv,1,2,grouped_cv_repeat1_fold2
img_hsv_s_p10,0.021483082994217736,0.021483082994217736,coefficient,positive,grouped_cv,1,2,grouped_cv_repeat1_fold2
img_gray_mask_ratio_pct,0.020062084496085666,0.020062084496085666,coefficient,positive,grouped_cv,1,2,grouped_cv_repeat1_fold2
img_hsv_v_hist_bin_3,0.01982841797196909,0.01982841797196909,coefficient,positive,grouped_cv,1,2,grouped_cv_repeat1_fold2
img_hsv_h_hist_bin_3,0.019750583562938465,0.019750583562938465,coefficient,positive,grouped_cv,1,2,grouped_cv_repeat1_fold2
img_hsv_v_hist_bin_1,-0.017852636797800064,0.017852636797800064,coefficient,negative,grouped_cv,1,2,grouped_cv_repeat1_fold2
img_hsv_h_hist_bin_0,-0.01715861674045534,0.01715861674045534,coefficient,negative,grouped_cv,1,2,grouped_cv_repeat1_fold2
img_rust_blob_mean_ratio_pct,-0.016678626780100767,0.016678626780100767,coefficient,negative,grouped_cv,1,2,grouped_cv_repeat1_fold2
img_hsv_h_hist_bin_5,-0.01666031421308439,0.01666031421308439,coefficient,negative,grouped_cv,1,2,grouped_cv_repeat1_fold2
img_hsv_h_hist_bin_1,0.0163463566670791,0.0163463566670791,coefficient,positive,grouped_cv,1,2,grouped_cv_repeat1_fold2
img_strip_rust_std_pct,0.015367877207542862,0.015367877207542862,coefficient,positive,grouped_cv,1,2,grouped_cv_repeat1_fold2
img_rust_area_ratio_pct,-0.01347517062507452,0.01347517062507452,coefficient,negative,grouped_cv,1,2,grouped_cv_repeat1_fold2
img_strip_rust_p90_pct,0.01341050275514294,0.01341050275514294,coefficient,positive,grouped_cv,1,2,grouped_cv_repeat1_fold2
img_gray_hist_bin_1,-0.013305351503461184,0.013305351503461184,coefficient,negative,grouped_cv,1,2,grouped_cv_repeat1_fold2
img_hsv_h_mean,-0.012867126532384336,0.012867126532384336,coefficient,negative,grouped_cv,1,2,grouped_cv_repeat1_fold2
img_hsv_h_p90,0.012136573234391011,0.012136573234391011,coefficient,positive,grouped_cv,1,2,grouped_cv_repeat1_fold2
img_hsv_s_p90,0.011488679265414385,0.011488679265414385,coefficient,positive,grouped_cv,1,2,grouped_cv_repeat1_fold2
img_glcm_energy,-0.01115121888203373,0.01115121888203373,coefficient,negative,grouped_cv,1,2,grouped_cv_repeat1_fold2
img_g_std,-0.010431854973478066,0.010431854973478066,coefficient,negative,grouped_cv,1,2,grouped_cv_repeat1_fold2
img_rust_blob_count,-0.009382670477034318,0.009382670477034318,coefficient,negative,grouped_cv,1,2,grouped_cv_repeat1_fold2
img_strip_peak_location_cm,0.008063976994953493,0.008063976994953493,coefficient,positive,grouped_cv,1,2,grouped_cv_repeat1_fold2
img_edge_to_center_rust_ratio,0.007700604035828391,0.007700604035828391,coefficient,positive,grouped_cv,1,2,grouped_cv_repeat1_fold2
img_hsv_h_hist_bin_4,-0.007365949336329622,0.007365949336329622,coefficient,negative,grouped_cv,1,2,grouped_cv_repeat1_fold2
img_hsv_h_hist_bin_7,-0.006791657049205588,0.006791657049205588,coefficient,negative,grouped_cv,1,2,grouped_cv_repeat1_fold2
img_brightness_p10,0.0065172843601031165,0.0065172843601031165,coefficient,positive,grouped_cv,1,2,grouped_cv_repeat1_fold2
img_gray_hist_bin_0,0.006268590182802984,0.006268590182802984,coefficient,positive,grouped_cv,1,2,grouped_cv_repeat1_fold2
img_glcm_contrast,-0.005912211051320935,0.005912211051320935,coefficient,negative,grouped_cv,1,2,grouped_cv_repeat1_fold2
img_hsv_s_hist_bin_1,-0.005851158798185879,0.005851158798185879,coefficient,negative,grouped_cv,1,2,grouped_cv_repeat1_fold2
ageing_days,0.005158905928319078,0.005158905928319078,coefficient,positive,grouped_cv,1,2,grouped_cv_repeat1_fold2
week,0.005158905928311821,0.005158905928311821,coefficient,positive,grouped_cv,1,2,grouped_cv_repeat1_fold2
img_hsv_v_hist_bin_4,0.005060731655025907,0.005060731655025907,coefficient,positive,grouped_cv,1,2,grouped_cv_repeat1_fold2
img_gray_hist_bin_5,-0.004932303893022793,0.004932303893022793,coefficient,negative,grouped_cv,1,2,grouped_cv_repeat1_fold2
img_gray_hist_bin_6,-0.0040812824452479395,0.0040812824452479395,coefficient,negative,grouped_cv,1,2,grouped_cv_repeat1_fold2
img_hsv_h_hist_bin_6,0.0036037204087732994,0.0036037204087732994,coefficient,positive,grouped_cv,1,2,grouped_cv_repeat1_fold2
img_hsv_s_hist_bin_7,0.003330119810235889,0.003330119810235889,coefficient,positive,grouped_cv,1,2,grouped_cv_repeat1_fold2
img_lbp_std,-0.0030643122005124127,0.0030643122005124127,coefficient,negative,grouped_cv,1,2,grouped_cv_repeat1_fold2
img_hsv_h_hist_bin_2,0.0006697505187418692,0.0006697505187418692,coefficient,positive,grouped_cv,1,2,grouped_cv_repeat1_fold2
img_strip_count,0.0,0.0,coefficient,positive,grouped_cv,1,2,grouped_cv_repeat1_fold2
img_hsv_s_std,0.1832966314260847,0.1832966314260847,coefficient,positive,grouped_cv,1,3,grouped_cv_repeat1_fold3
img_hsv_v_std,0.17289433816374614,0.17289433816374614,coefficient,positive,grouped_cv,1,3,grouped_cv_repeat1_fold3
series_id,0.020330553933750134,0.15359725482156228,coefficient,positive,grouped_cv,1,3,grouped_cv_repeat1_fold3
split_group_treatment,0.020330553933787486,0.15359725482155406,coefficient,positive,grouped_cv,1,3,grouped_cv_repeat1_fold3
img_strip_rust_p90_pct,-0.15222978282811037,0.15222978282811037,coefficient,negative,grouped_cv,1,3,grouped_cv_repeat1_fold3
img_rust_blob_largest_ratio_pct,0.14106123992468844,0.14106123992468844,coefficient,positive,grouped_cv,1,3,grouped_cv_repeat1_fold3
treatment_protocol,0.0005364698556755351,0.1395832886976124,coefficient,positive,grouped_cv,1,3,grouped_cv_repeat1_fold3
img_strip_high_count,0.11782738635662456,0.11782738635662456,coefficient,positive,grouped_cv,1,3,grouped_cv_repeat1_fold3
img_g_std,-0.1158316626627375,0.1158316626627375,coefficient,negative,grouped_cv,1,3,grouped_cv_repeat1_fold3
img_r_std,0.11373126487045483,0.11373126487045483,coefficient,positive,grouped_cv,1,3,grouped_cv_repeat1_fold3
img_strip_rust_mean_pct,-0.1083211651037087,0.1083211651037087,coefficient,negative,grouped_cv,1,3,grouped_cv_repeat1_fold3
img_contrast,-0.09937582232291396,0.09937582232291396,coefficient,negative,grouped_cv,1,3,grouped_cv_repeat1_fold3
img_brightness_std,-0.09937582232291065,0.09937582232291065,coefficient,negative,grouped_cv,1,3,grouped_cv_repeat1_fold3
campaign_id,1.2340822808099006e-13,0.09019156099286185,coefficient,positive,grouped_cv,1,3,grouped_cv_repeat1_fold3
img_hsv_s_hist_bin_5,0.08145731751787297,0.08145731751787297,coefficient,positive,grouped_cv,1,3,grouped_cv_repeat1_fold3
img_strip_rust_std_pct,0.07809048339165603,0.07809048339165603,coefficient,positive,grouped_cv,1,3,grouped_cv_repeat1_fold3
img_rust_area_ratio_pct,-0.07709797402724097,0.07709797402724097,coefficient,negative,grouped_cv,1,3,grouped_cv_repeat1_fold3
img_glcm_homogeneity,0.0730299568771537,0.0730299568771537,coefficient,positive,grouped_cv,1,3,grouped_cv_repeat1_fold3
img_strip_rust_max_pct,-0.06394014294213327,0.06394014294213327,coefficient,negative,grouped_cv,1,3,grouped_cv_repeat1_fold3
img_hsv_v_p90,-0.06386619198361795,0.06386619198361795,coefficient,negative,grouped_cv,1,3,grouped_cv_repeat1_fold3
img_hsv_v_hist_bin_2,-0.06001212468730056,0.06001212468730056,coefficient,negative,grouped_cv,1,3,grouped_cv_repeat1_fold3
img_hsv_h_hist_bin_2,0.05661162252876053,0.05661162252876053,coefficient,positive,grouped_cv,1,3,grouped_cv_repeat1_fold3
img_lbp_std,0.05628806923934262,0.05628806923934262,coefficient,positive,grouped_cv,1,3,grouped_cv_repeat1_fold3
img_brightness_p10,0.05505336126332293,0.05505336126332293,coefficient,positive,grouped_cv,1,3,grouped_cv_repeat1_fold3
img_hsv_s_mean,0.0527762512251978,0.0527762512251978,coefficient,positive,grouped_cv,1,3,grouped_cv_repeat1_fold3
img_hsv_v_hist_bin_0,0.052452888840946246,0.052452888840946246,coefficient,positive,grouped_cv,1,3,grouped_cv_repeat1_fold3
img_gray_mask_ratio_pct,0.04586948037647422,0.04586948037647422,coefficient,positive,grouped_cv,1,3,grouped_cv_repeat1_fold3
treatment_coarse,-0.011060955965745047,0.04554823991393295,coefficient,negative,grouped_cv,1,3,grouped_cv_repeat1_fold3
img_hsv_h_mean,-0.04532173654956293,0.04532173654956293,coefficient,negative,grouped_cv,1,3,grouped_cv_repeat1_fold3
nacl_pct,-0.04509578049591297,0.04509578049591297,coefficient,negative,grouped_cv,1,3,grouped_cv_repeat1_fold3
n_steel_mesh,0.04509578049583194,0.04509578049583194,coefficient,positive,grouped_cv,1,3,grouped_cv_repeat1_fold3
img_hsv_h_std,-0.04507073027025912,0.04507073027025912,coefficient,negative,grouped_cv,1,3,grouped_cv_repeat1_fold3
img_gray_hist_bin_2,-0.04359253958919948,0.04359253958919948,coefficient,negative,grouped_cv,1,3,grouped_cv_repeat1_fold3
img_hsv_s_p90,0.0434045499681162,0.0434045499681162,coefficient,positive,grouped_cv,1,3,grouped_cv_repeat1_fold3
img_gray_hist_bin_1,0.0425232677085791,0.0425232677085791,coefficient,positive,grouped_cv,1,3,grouped_cv_repeat1_fold3
img_hsv_h_hist_bin_3,-0.0402578567291227,0.0402578567291227,coefficient,negative,grouped_cv,1,3,grouped_cv_repeat1_fold3
img_hsv_s_hist_bin_3,-0.040224853118577666,0.040224853118577666,coefficient,negative,grouped_cv,1,3,grouped_cv_repeat1_fold3
img_hsv_h_hist_bin_7,0.03779920867894426,0.03779920867894426,coefficient,positive,grouped_cv,1,3,grouped_cv_repeat1_fold3
img_g_mean,-0.037228106942347405,0.037228106942347405,coefficient,negative,grouped_cv,1,3,grouped_cv_repeat1_fold3
img_b_mean,-0.03698821199588636,0.03698821199588636,coefficient,negative,grouped_cv,1,3,grouped_cv_repeat1_fold3
img_hsv_s_hist_bin_2,-0.03624400463122202,0.03624400463122202,coefficient,negative,grouped_cv,1,3,grouped_cv_repeat1_fold3
img_hsv_h_p10,-0.03560236932582152,0.03560236932582152,coefficient,negative,grouped_cv,1,3,grouped_cv_repeat1_fold3
img_brightness_p90,0.03516036108000142,0.03516036108000142,coefficient,positive,grouped_cv,1,3,grouped_cv_repeat1_fold3
img_rust_blob_count,-0.0339307945391112,0.0339307945391112,coefficient,negative,grouped_cv,1,3,grouped_cv_repeat1_fold3
img_glcm_contrast,-0.030577885828377047,0.030577885828377047,coefficient,negative,grouped_cv,1,3,grouped_cv_repeat1_fold3
img_black_mask_ratio_pct,-0.02998905724020895,0.02998905724020895,coefficient,negative,grouped_cv,1,3,grouped_cv_repeat1_fold3
treatment_label_coarse,-0.008572544114968123,0.029258142607728528,coefficient,negative,grouped_cv,1,3,grouped_cv_repeat1_fold3
img_r_mean,0.028642121584459026,0.028642121584459026,coefficient,positive,grouped_cv,1,3,grouped_cv_repeat1_fold3
img_strip_peak_location_cm,-0.026619435389097914,0.026619435389097914,coefficient,negative,grouped_cv,1,3,grouped_cv_repeat1_fold3
img_hsv_s_hist_bin_4,0.02582926766454469,0.02582926766454469,coefficient,positive,grouped_cv,1,3,grouped_cv_repeat1_fold3
img_hsv_h_hist_bin_4,0.025312712938351013,0.025312712938351013,coefficient,positive,grouped_cv,1,3,grouped_cv_repeat1_fold3
img_hsv_v_mean,0.025286373475591477,0.025286373475591477,coefficient,positive,grouped_cv,1,3,grouped_cv_repeat1_fold3
img_brightness_mean,-0.024571882954016536,0.024571882954016536,coefficient,negative,grouped_cv,1,3,grouped_cv_repeat1_fold3
img_b_std,-0.024292363366473092,0.024292363366473092,coefficient,negative,grouped_cv,1,3,grouped_cv_repeat1_fold3
img_hsv_v_p10,0.023924720103189717,0.023924720103189717,coefficient,positive,grouped_cv,1,3,grouped_cv_repeat1_fold3
img_gray_hist_bin_4,-0.02379592469404784,0.02379592469404784,coefficient,negative,grouped_cv,1,3,grouped_cv_repeat1_fold3
img_lbp_mean,0.022348873091484422,0.022348873091484422,coefficient,positive,grouped_cv,1,3,grouped_cv_repeat1_fold3
img_rust_center_of_mass_cm,0.021367270235209318,0.021367270235209318,coefficient,positive,grouped_cv,1,3,grouped_cv_repeat1_fold3
img_hsv_s_hist_bin_0,0.021095449305288488,0.021095449305288488,coefficient,positive,grouped_cv,1,3,grouped_cv_repeat1_fold3
img_rust_blob_mean_ratio_pct,-0.02083218658450186,0.02083218658450186,coefficient,negative,grouped_cv,1,3,grouped_cv_repeat1_fold3
img_hsv_v_hist_bin_6,-0.01710955960025056,0.01710955960025056,coefficient,negative,grouped_cv,1,3,grouped_cv_repeat1_fold3
img_gray_hist_bin_6,0.016236789833226503,0.016236789833226503,coefficient,positive,grouped_cv,1,3,grouped_cv_repeat1_fold3
img_hsv_h_p90,0.015382654437739163,0.015382654437739163,coefficient,positive,grouped_cv,1,3,grouped_cv_repeat1_fold3
img_gray_hist_bin_3,-0.013896275369391083,0.013896275369391083,coefficient,negative,grouped_cv,1,3,grouped_cv_repeat1_fold3
img_hsv_v_hist_bin_7,0.013619412681494384,0.013619412681494384,coefficient,positive,grouped_cv,1,3,grouped_cv_repeat1_fold3
img_hsv_s_hist_bin_7,-0.013160581817548018,0.013160581817548018,coefficient,negative,grouped_cv,1,3,grouped_cv_repeat1_fold3
img_hsv_h_hist_bin_0,-0.012556265535326402,0.012556265535326402,coefficient,negative,grouped_cv,1,3,grouped_cv_repeat1_fold3
week,-0.012401403847900819,0.012401403847900819,coefficient,negative,grouped_cv,1,3,grouped_cv_repeat1_fold3
ageing_days,-0.012401403847753765,0.012401403847753765,coefficient,negative,grouped_cv,1,3,grouped_cv_repeat1_fold3
img_gray_hist_bin_0,0.01065978295419215,0.01065978295419215,coefficient,positive,grouped_cv,1,3,grouped_cv_repeat1_fold3
img_hsv_s_hist_bin_1,-0.009511668193832626,0.009511668193832626,coefficient,negative,grouped_cv,1,3,grouped_cv_repeat1_fold3
cover_mm,-0.009190051692754327,0.009190051692754327,coefficient,negative,grouped_cv,1,3,grouped_cv_repeat1_fold3
img_hsv_h_hist_bin_1,0.00798834528423165,0.00798834528423165,coefficient,positive,grouped_cv,1,3,grouped_cv_repeat1_fold3
img_hsv_h_hist_bin_5,0.006881458756483487,0.006881458756483487,coefficient,positive,grouped_cv,1,3,grouped_cv_repeat1_fold3
img_hsv_s_hist_bin_6,-0.005783589157840282,0.005783589157840282,coefficient,negative,grouped_cv,1,3,grouped_cv_repeat1_fold3
img_rust_blob_eccentricity_mean,0.005134009834853732,0.005134009834853732,coefficient,positive,grouped_cv,1,3,grouped_cv_repeat1_fold3
img_hsv_h_hist_bin_6,-0.004921088328550662,0.004921088328550662,coefficient,negative,grouped_cv,1,3,grouped_cv_repeat1_fold3
img_hsv_s_p10,0.004453817256410538,0.004453817256410538,coefficient,positive,grouped_cv,1,3,grouped_cv_repeat1_fold3
img_rust_blob_eccentricity_max,0.0041902709916307335,0.0041902709916307335,coefficient,positive,grouped_cv,1,3,grouped_cv_repeat1_fold3
img_gray_hist_bin_7,0.0038461345561750858,0.0038461345561750858,coefficient,positive,grouped_cv,1,3,grouped_cv_repeat1_fold3
img_glcm_energy,-0.00362788587653559,0.00362788587653559,coefficient,negative,grouped_cv,1,3,grouped_cv_repeat1_fold3
img_gray_hist_bin_5,0.003470719234108401,0.003470719234108401,coefficient,positive,grouped_cv,1,3,grouped_cv_repeat1_fold3
img_edge_to_center_rust_ratio,0.0016221570454886503,0.0016221570454886503,coefficient,positive,grouped_cv,1,3,grouped_cv_repeat1_fold3
img_hsv_v_hist_bin_1,-0.0013739887464599147,0.0013739887464599147,coefficient,negative,grouped_cv,1,3,grouped_cv_repeat1_fold3
img_hsv_v_hist_bin_3,-0.0013212265576268139,0.0013212265576268139,coefficient,negative,grouped_cv,1,3,grouped_cv_repeat1_fold3
img_hsv_v_hist_bin_4,-0.001273753436332745,0.001273753436332745,coefficient,negative,grouped_cv,1,3,grouped_cv_repeat1_fold3
img_hsv_v_hist_bin_5,8.80922135158797e-05,8.80922135158797e-05,coefficient,positive,grouped_cv,1,3,grouped_cv_repeat1_fold3
img_strip_count,0.0,0.0,coefficient,positive,grouped_cv,1,3,grouped_cv_repeat1_fold3
img_strip_rust_p90_pct,-0.22257364598772925,0.22257364598772925,coefficient,negative,grouped_cv,1,4,grouped_cv_repeat1_fold4
series_id,0.024739518939012786,0.16326491374996926,coefficient,positive,grouped_cv,1,4,grouped_cv_repeat1_fold4
split_group_treatment,0.024739518939052782,0.16326491374996216,coefficient,positive,grouped_cv,1,4,grouped_cv_repeat1_fold4
treatment_protocol,0.003421397738159134,0.13885249090074542,coefficient,positive,grouped_cv,1,4,grouped_cv_repeat1_fold4
img_rust_blob_largest_ratio_pct,0.1363455067518552,0.1363455067518552,coefficient,positive,grouped_cv,1,4,grouped_cv_repeat1_fold4
img_hsv_s_p90,0.1287950341113941,0.1287950341113941,coefficient,positive,grouped_cv,1,4,grouped_cv_repeat1_fold4
img_hsv_v_std,0.11867808435992987,0.11867808435992987,coefficient,positive,grouped_cv,1,4,grouped_cv_repeat1_fold4
img_contrast,-0.11370305548709564,0.11370305548709564,coefficient,negative,grouped_cv,1,4,grouped_cv_repeat1_fold4
img_brightness_std,-0.11370305548707936,0.11370305548707936,coefficient,negative,grouped_cv,1,4,grouped_cv_repeat1_fold4
img_lbp_mean,0.11043636656220848,0.11043636656220848,coefficient,positive,grouped_cv,1,4,grouped_cv_repeat1_fold4
img_r_std,0.10904526146558587,0.10904526146558587,coefficient,positive,grouped_cv,1,4,grouped_cv_repeat1_fold4
img_strip_high_count,0.10864580973714844,0.10864580973714844,coefficient,positive,grouped_cv,1,4,grouped_cv_repeat1_fold4
img_hsv_v_mean,0.10801304533654789,0.10801304533654789,coefficient,positive,grouped_cv,1,4,grouped_cv_repeat1_fold4
img_glcm_homogeneity,0.1038128454790898,0.1038128454790898,coefficient,positive,grouped_cv,1,4,grouped_cv_repeat1_fold4
campaign_id,-3.469446951953614e-15,0.09823229304690301,coefficient,negative,grouped_cv,1,4,grouped_cv_repeat1_fold4
img_strip_rust_std_pct,0.09551515763601871,0.09551515763601871,coefficient,positive,grouped_cv,1,4,grouped_cv_repeat1_fold4
img_r_mean,0.0926101091303981,0.0926101091303981,coefficient,positive,grouped_cv,1,4,grouped_cv_repeat1_fold4
img_hsv_h_std,-0.08612187882102282,0.08612187882102282,coefficient,negative,grouped_cv,1,4,grouped_cv_repeat1_fold4
img_b_std,0.08469186606346016,0.08469186606346016,coefficient,positive,grouped_cv,1,4,grouped_cv_repeat1_fold4
img_brightness_p90,-0.08076727191793155,0.08076727191793155,coefficient,negative,grouped_cv,1,4,grouped_cv_repeat1_fold4
img_gray_mask_ratio_pct,0.0785475599984679,0.0785475599984679,coefficient,positive,grouped_cv,1,4,grouped_cv_repeat1_fold4
treatment_coarse,-0.005171666004822419,0.07457986588385483,coefficient,negative,grouped_cv,1,4,grouped_cv_repeat1_fold4
img_g_mean,-0.06468787549398215,0.06468787549398215,coefficient,negative,grouped_cv,1,4,grouped_cv_repeat1_fold4
img_hsv_v_hist_bin_4,0.061258400757897874,0.061258400757897874,coefficient,positive,grouped_cv,1,4,grouped_cv_repeat1_fold4
img_glcm_energy,-0.059931398086040026,0.059931398086040026,coefficient,negative,grouped_cv,1,4,grouped_cv_repeat1_fold4
img_hsv_s_p10,-0.059422602174948845,0.059422602174948845,coefficient,negative,grouped_cv,1,4,grouped_cv_repeat1_fold4
img_g_std,-0.05906682691276019,0.05906682691276019,coefficient,negative,grouped_cv,1,4,grouped_cv_repeat1_fold4
img_gray_hist_bin_2,-0.058760884656859386,0.058760884656859386,coefficient,negative,grouped_cv,1,4,grouped_cv_repeat1_fold4
img_hsv_h_p10,-0.05722166672124913,0.05722166672124913,coefficient,negative,grouped_cv,1,4,grouped_cv_repeat1_fold4
img_hsv_h_p90,0.05303718115527095,0.05303718115527095,coefficient,positive,grouped_cv,1,4,grouped_cv_repeat1_fold4
img_hsv_v_p10,0.051369079761062725,0.051369079761062725,coefficient,positive,grouped_cv,1,4,grouped_cv_repeat1_fold4
n_steel_mesh,0.04911614652307211,0.04911614652307211,coefficient,positive,grouped_cv,1,4,grouped_cv_repeat1_fold4
nacl_pct,-0.049116146523061455,0.049116146523061455,coefficient,negative,grouped_cv,1,4,grouped_cv_repeat1_fold4
img_rust_blob_count,-0.04536283408405575,0.04536283408405575,coefficient,negative,grouped_cv,1,4,grouped_cv_repeat1_fold4
img_b_mean,-0.044655578300674695,0.044655578300674695,coefficient,negative,grouped_cv,1,4,grouped_cv_repeat1_fold4
img_hsv_h_hist_bin_7,0.04392493133041205,0.04392493133041205,coefficient,positive,grouped_cv,1,4,grouped_cv_repeat1_fold4
img_rust_blob_eccentricity_max,0.04313106037149235,0.04313106037149235,coefficient,positive,grouped_cv,1,4,grouped_cv_repeat1_fold4
img_lbp_std,0.03829444607687221,0.03829444607687221,coefficient,positive,grouped_cv,1,4,grouped_cv_repeat1_fold4
img_strip_rust_mean_pct,0.037571542927950216,0.037571542927950216,coefficient,positive,grouped_cv,1,4,grouped_cv_repeat1_fold4
img_hsv_s_hist_bin_4,-0.035794678447279044,0.035794678447279044,coefficient,negative,grouped_cv,1,4,grouped_cv_repeat1_fold4
img_gray_hist_bin_0,0.03564979111602202,0.03564979111602202,coefficient,positive,grouped_cv,1,4,grouped_cv_repeat1_fold4
img_gray_hist_bin_4,-0.035539090756797856,0.035539090756797856,coefficient,negative,grouped_cv,1,4,grouped_cv_repeat1_fold4
img_hsv_v_hist_bin_2,-0.03355345553696257,0.03355345553696257,coefficient,negative,grouped_cv,1,4,grouped_cv_repeat1_fold4
img_hsv_v_hist_bin_3,-0.033528050528092594,0.033528050528092594,coefficient,negative,grouped_cv,1,4,grouped_cv_repeat1_fold4
img_brightness_mean,-0.028330543301713886,0.028330543301713886,coefficient,negative,grouped_cv,1,4,grouped_cv_repeat1_fold4
img_rust_blob_eccentricity_mean,-0.027600059117127682,0.027600059117127682,coefficient,negative,grouped_cv,1,4,grouped_cv_repeat1_fold4
treatment_label_coarse,-0.006245004720486546,0.02652416020531911,coefficient,negative,grouped_cv,1,4,grouped_cv_repeat1_fold4
img_rust_center_of_mass_cm,0.024667524302194682,0.024667524302194682,coefficient,positive,grouped_cv,1,4,grouped_cv_repeat1_fold4
img_gray_hist_bin_6,0.02300686572979222,0.02300686572979222,coefficient,positive,grouped_cv,1,4,grouped_cv_repeat1_fold4
img_gray_hist_bin_3,-0.022633720807138897,0.022633720807138897,coefficient,negative,grouped_cv,1,4,grouped_cv_repeat1_fold4
img_gray_hist_bin_5,0.02233801247915175,0.02233801247915175,coefficient,positive,grouped_cv,1,4,grouped_cv_repeat1_fold4
img_hsv_v_hist_bin_0,0.022186344017268295,0.022186344017268295,coefficient,positive,grouped_cv,1,4,grouped_cv_repeat1_fold4
img_strip_peak_location_cm,-0.022153473864481847,0.022153473864481847,coefficient,negative,grouped_cv,1,4,grouped_cv_repeat1_fold4
img_rust_blob_mean_ratio_pct,-0.02124402846933014,0.02124402846933014,coefficient,negative,grouped_cv,1,4,grouped_cv_repeat1_fold4
img_hsv_v_hist_bin_1,-0.021098622101748205,0.021098622101748205,coefficient,negative,grouped_cv,1,4,grouped_cv_repeat1_fold4
img_hsv_s_hist_bin_0,0.020988836171723323,0.020988836171723323,coefficient,positive,grouped_cv,1,4,grouped_cv_repeat1_fold4
img_gray_hist_bin_1,-0.02058437174123389,0.02058437174123389,coefficient,negative,grouped_cv,1,4,grouped_cv_repeat1_fold4
img_hsv_s_hist_bin_6,-0.019644918709756803,0.019644918709756803,coefficient,negative,grouped_cv,1,4,grouped_cv_repeat1_fold4
img_hsv_h_hist_bin_3,0.019521383030135404,0.019521383030135404,coefficient,positive,grouped_cv,1,4,grouped_cv_repeat1_fold4
img_hsv_s_hist_bin_5,0.019102072755061615,0.019102072755061615,coefficient,positive,grouped_cv,1,4,grouped_cv_repeat1_fold4
img_hsv_s_hist_bin_2,-0.01754619407405185,0.01754619407405185,coefficient,negative,grouped_cv,1,4,grouped_cv_repeat1_fold4
img_hsv_v_p90,-0.016726080992793543,0.016726080992793543,coefficient,negative,grouped_cv,1,4,grouped_cv_repeat1_fold4
cover_mm,0.014748162278101537,0.014748162278101537,coefficient,positive,grouped_cv,1,4,grouped_cv_repeat1_fold4
img_glcm_contrast,0.014434616725283627,0.014434616725283627,coefficient,positive,grouped_cv,1,4,grouped_cv_repeat1_fold4
img_hsv_s_hist_bin_3,-0.013538194808046371,0.013538194808046371,coefficient,negative,grouped_cv,1,4,grouped_cv_repeat1_fold4
img_black_mask_ratio_pct,-0.012668617256416834,0.012668617256416834,coefficient,negative,grouped_cv,1,4,grouped_cv_repeat1_fold4
img_hsv_v_hist_bin_6,-0.010922591156234061,0.010922591156234061,coefficient,negative,grouped_cv,1,4,grouped_cv_repeat1_fold4
img_hsv_h_mean,-0.010403159532168157,0.010403159532168157,coefficient,negative,grouped_cv,1,4,grouped_cv_repeat1_fold4
img_hsv_s_mean,-0.008580886891765314,0.008580886891765314,coefficient,negative,grouped_cv,1,4,grouped_cv_repeat1_fold4
img_hsv_h_hist_bin_5,0.008359975123800193,0.008359975123800193,coefficient,positive,grouped_cv,1,4,grouped_cv_repeat1_fold4
img_hsv_s_hist_bin_7,-0.0077635637559222165,0.0077635637559222165,coefficient,negative,grouped_cv,1,4,grouped_cv_repeat1_fold4
img_hsv_v_hist_bin_5,-0.007460342665714868,0.007460342665714868,coefficient,negative,grouped_cv,1,4,grouped_cv_repeat1_fold4
img_hsv_h_hist_bin_2,0.0068193293877205335,0.0068193293877205335,coefficient,positive,grouped_cv,1,4,grouped_cv_repeat1_fold4
img_hsv_h_hist_bin_6,-0.006775405926143486,0.006775405926143486,coefficient,negative,grouped_cv,1,4,grouped_cv_repeat1_fold4
img_brightness_p10,0.0067313166326000125,0.0067313166326000125,coefficient,positive,grouped_cv,1,4,grouped_cv_repeat1_fold4
img_hsv_h_hist_bin_0,-0.006656392105933476,0.006656392105933476,coefficient,negative,grouped_cv,1,4,grouped_cv_repeat1_fold4
img_rust_area_ratio_pct,0.005837389797565404,0.005837389797565404,coefficient,positive,grouped_cv,1,4,grouped_cv_repeat1_fold4
img_hsv_h_hist_bin_1,0.005279607150574354,0.005279607150574354,coefficient,positive,grouped_cv,1,4,grouped_cv_repeat1_fold4
img_strip_rust_max_pct,0.005207508956751134,0.005207508956751134,coefficient,positive,grouped_cv,1,4,grouped_cv_repeat1_fold4
img_hsv_s_hist_bin_1,-0.00434713841484458,0.00434713841484458,coefficient,negative,grouped_cv,1,4,grouped_cv_repeat1_fold4
img_hsv_v_hist_bin_7,-0.004143966183297369,0.004143966183297369,coefficient,negative,grouped_cv,1,4,grouped_cv_repeat1_fold4
img_hsv_s_std,-0.0037298110629817322,0.0037298110629817322,coefficient,negative,grouped_cv,1,4,grouped_cv_repeat1_fold4
img_hsv_h_hist_bin_4,-0.003006886278039784,0.003006886278039784,coefficient,negative,grouped_cv,1,4,grouped_cv_repeat1_fold4
img_edge_to_center_rust_ratio,0.00157289652894237,0.00157289652894237,coefficient,positive,grouped_cv,1,4,grouped_cv_repeat1_fold4
week,-0.001152988493994177,0.001152988493994177,coefficient,negative,grouped_cv,1,4,grouped_cv_repeat1_fold4
ageing_days,-0.0011529884939779943,0.0011529884939779943,coefficient,negative,grouped_cv,1,4,grouped_cv_repeat1_fold4
img_gray_hist_bin_7,0.00072154254890149,0.00072154254890149,coefficient,positive,grouped_cv,1,4,grouped_cv_repeat1_fold4
img_strip_count,0.0,0.0,coefficient,positive,grouped_cv,1,4,grouped_cv_repeat1_fold4
